,all_skills
0,deep learning
1,search
2,bioinformatics
3,reinforcement learning
4,artificial intelligence
5,growth study
6,electronic technology
7,position senior
8,aluminum content
9,wide bandgap
10,high aluminum
11,texas tech
12,inc ph
13,content algan
14,inc ph texas tech universityresearch growth study ultra wide bandgap semiconductor including high aluminum content algan
15,novel high
16,tech universityresearch
17,boron nitride gallium oxide
18,bandgap semiconductor
19,high power
20,electronic photonic
21,previous position senior scientist
22,including high
23,photonic device
24,fabrication novel high power electronic photonic device
25,study ultra
26,ultra wide
27,fabrication novel
28,ph texas
29,computer simulation device
30,nitride gallium
31,universityresearch growth
32,previous position
33,boron nitride
34,simulation device
35,gallium oxide
36,power electronic
37,senior scientist
38,computer simulation
39,sensor electronic
40,semiconductor including
41,sensor electronic technology
42,boreskov institute catalysis
43,characterization catalytic
44,structure catalytic
45,technique along
46,data used
47,dependence catalytic
48,ph
49,catalytic data
50,pursued application
51,take place
52,influence promoter structure catalytic property supported metal cluster aggregate objective program pursued application combination various experimental method characterization catalytic material spectroscopic technique
53,cluster aggregate
54,adsorbed reactant
55,used establish
56,focused fundamental
57,surface take
58,elementary reaction
59,spectroscopic technique
60,actual condition
61,experimental method
62,uv visible
63,cluster particle
64,xrd
65,structure metal
66,process surface
67,tpr
68,establish dependence
69,including tpd
70,understanding structure
71,chemisorption catalytic
72,metal support
73,support interface
74,fundamental understanding
75,novosibirsk
76,used characterize active site catalyst adsorbed specie actual condition catalysis considerable information gained technique along chemisorption catalytic data used establish dependence catalytic property metal cluster particle size
77,structure metal support interface
78,exafs
79,material spectroscopic
80,property metal
81,influence promoter
82,information gained
83,used characterize
84,program pursued
85,catalyst surface
86,characterize active
87,sequence elementary
88,aggregate objective
89,hrtem
90,method characterization
91,involving adsorbed
92,particle size
93,cluster support
94,specie actual
95,russiacatalytic process surface take place sequence elementary reaction involving adsorbed reactant
96,novosibirsk state
97,along chemisorption
98,russiacatalytic process
99,xps
100,reaction intermediate associated active site catalyst surface goal focused fundamental understanding structure metal support interface
101,adsorbed specie
102,structure active site
103,goal focused
104,structure metal cluster support
105,objective program
106,catalytic property
107,catalyst adsorbed
108,various experimental
109,metal cluster
110,supported metal
111,catalysis considerable
112,active site
113,product
114,condition catalysis
115,boreskov institute
116,reaction intermediate
117,combination various
118,institute catalysis
119,catalytic material
120,intermediate associated
121,ftir
122,associated active
123,surface goal
124,site catalyst
125,promoter structure
126,place sequence
127,property supported
128,application combination
129,structure active
130,russiam
131,considerable information
132,gained technique
133,reaction involving
134,electronic engineering
135,main streetcolumbia
136,sc mohammod ali professor department electrical engineering usc july
137,mohammod ali
138,system directorate
139,assignment division
140,canada
141,intergovernmental personnel
142,bangladesh engineering
143,dhaka received sc ph degree electrical engineering
144,working program
145,engineering prof
146,electrical engineering
147,division electrical
148,dhaka received
149,act assignment
150,engineering technology
151,program director
152,prof ali
153,sc electrical
154,sc ph
155,ph degree
156,science foundation
157,british columbia
158,engineering usc
159,ali professor
160,national science
161,engineering bangladesh
162,swearingenroom main streetcolumbia
163,nsf ipa
164,personnel act
165,department electrical
166,cyber system
167,foundation nsf
168,cyber system directorate engineering prof ali received sc electrical electronic engineering bangladesh engineering technology
169,electrical electronic
170,ali received
171,communication
172,respectively victoria
173,degree electrical
174,received sc
175,director national
176,ipa intergovernmental
177,directorate engineering
178,professor department
179,ha working program director national science foundation nsf ipa intergovernmental personnel act assignment division electrical
180,ha working
181,sc mohammod
182,swearingenroom main
183,usc july
184,ammal pdfph
185,cv dr ammal pdfph
186,dr ammal
187,india
188,cv dr
189,bharathidasan
190,high performance computing
191,computer architecture
192,heterogeneous computing
193,high performance
194,performance computing
195,embedded system
196,reconfigurable computing
197,ultrasonics
198,wave propagation
199,acoustic
200,metamaterials
201,biomedical
202,health monitoring
203,structural health monitoring
204,earthquake eng
205,probabilistic analysis
206,nonlinear vibration
207,structural health
208,machine learning
209,tribology
210,manufacturing process
211,manager hewlett
212,director center predictive maintenance
213,aerospace engineering
214,ha actively
215,life prediction
216,conference paper
217,project manager
218,prediction mechanical
219,diagnosis prognosis
220,engineering north
221,monitoring system
222,professor mechanical material engineering washington state ha actively involved developing strong program mechanical
223,associate dean
224,transformation dr
225,relation professor
226,wa professor
227,various industry
228,nuclear aerospace engineering activity focused mechanical behavior material
229,mechanical system
230,department energy
231,received funding
232,project manager hewlett packard company
233,focused mechanical
234,funding department
235,involved developing
236,digital transformation
237,mechanical biomedical
238,published journal
239,ha received
240,wa professor mechanical aerospace engineering north state
241,hewlett packard
242,industry experience
243,sc bayoumi
244,bayoumi ha
245,industry experience currently director mcnair aerospace center
246,corporate relation
247,predictive maintenance
248,packard company
249,washington state
250,ha year
251,engineering activity
252,material engineering
253,developing strong
254,center predictive
255,behavior material
256,year teaching
257,director mcnair
258,associate dean corporate relation professor mechanical biomedical engineering prior joining usc
259,director center
260,professor mechanical
261,diagnosis prognosis life prediction mechanical system
262,engineering washington
263,foundation various
264,state ha
265,aerospace center
266,ha published
267,mechanical material
268,experience currently
269,engineering prior
270,dean corporate
271,based maintenance
272,industry ha
273,prognosis life
274,currently director
275,national science foundation various industry ha published journal conference paper
276,mechanical behavior
277,journal conference
278,activity focused
279,mechanical aerospace
280,digital transformation dr bayoumi ha received funding department defense
281,dr bayoumi
282,main streetroom
283,sc bayoumi ha year teaching
284,biomedical engineering
285,mcnair aerospace
286,nuclear aerospace
287,program mechanical
288,condition based
289,actively involved
290,prior joining
291,health monitoring system
292,joining usc
293,condition based maintenance
294,department defense
295,north state
296,strong program
297,sc
298,resource recovery
299,waste increasing
300,leachate treatment
301,development subsequent
302,biological process manipulated promote sustainable waste treatment technique lead carbon sequestration
303,lead carbon
304,sustainable waste
305,energy yield
306,landfill thermochemical
307,yield waste
308,product endocrine
309,endocrine disrupting
310,innovative groundwater
311,disrupting compound
312,process development
313,chemical
314,promote sustainable
315,understanding physical
316,energy generation
317,product production
318,treatment process
319,manipulated promote
320,process manipulated
321,added product
322,berge focus
323,waste treatment
324,increasing energy
325,treatment technique
326,evaluation innovative
327,municipal solid
328,bioreactor landfill
329,production specific
330,carbon sequestration
331,personal care
332,specific area
333,stream leachate
334,groundwater remediation
335,personal care product endocrine disrupting compound bioreactor landfill thermochemical conversion municipal solid waste increasing energy yield waste stream resource recovery waste stream leachate treatment process development subsequent evaluation innovative groundwater remediation technology
336,exploration fate
337,main street
338,fate disposed
339,waste stream
340,compound bioreactor
341,value added
342,stream resource
343,subsequent evaluation
344,recovery waste
345,conversion municipal
346,biological process
347,focus improving
348,technique lead
349,pharmaceutical
350,improving understanding
351,room berge
352,remediation technology
353,care product
354,thermochemical conversion
355,area exploration
356,disposed nanomaterials
357,room berge focus improving understanding physical
358,value added product production specific area exploration fate disposed nanomaterials
359,solid waste
360,nuclear fuel waste material
361,waste material
362,fuel waste
363,nuclear fuel
364,tissue scaffolding
365,passive mechanic soft tissue
366,modeling growth
367,modeling hypertrophic
368,constitutive testing modeling hypertrophic scar
369,testing modeling
370,framework modeling
371,constitutive testing
372,structural constitutive
373,dr bischoff
374,growth tissue
375,hypertrophic scar
376,analysis structural constitutive evolution artificial tissue scaffolding
377,passive mechanic
378,bischoff biomedical
379,theoretical framework modeling growth tissue
380,constitutive evolution
381,soft tissue
382,theoretical framework
383,dr bischoff biomedical engineering
384,mechanic soft
385,evolution artificial
386,analysis structural
387,artificial tissue
388,sc fall
389,administered orally
390,genetic engineering
391,cell aggregate
392,skiles l
393,transplantation genetic
394,sc fall area design cell instructive material
395,design cell
396,mesenchymal stem
397,angiogenic behavior
398,stem cell
399,tracking hypoxic
400,tipton
401,area design
402,cell cell
403,impact induction
404,instructive material
405,system expand
406,brougham cook blanchette asc spheroid geometry culture oxygenation differentially impact induction pre angiogenic behavior endothelial cell cell transplantation
407,islet cell
408,geometry culture
409,asc spheroid
410,extending proper
411,function pancreatic
412,pancreatic islet
413,behavior endothelial
414,rucker
415,specific project
416,transplantation mesenchymal
417,delivery therapeutic
418,vascularization skiles
419,hanna
420,aggregate transplantation
421,enhance vascularization
422,induction pre
423,cell transplantation
424,instructive hydrogel
425,engineering specific
426,therapeutic tissue
427,hypoxic signaling
428,hydrogel material
429,brougham cook
430,design instructive
431,oxygenation differentially
432,cell instructive
433,chemotherapeutics administered
434,signaling three
435,blanchette asc
436,three dimensional
437,delivery system
438,project developing
439,dimensional cell
440,spheroid geometry
441,pre angiogenic
442,proper function
443,tissue engineering
444,delivery therapeutic tissue engineering specific project developing responsive delivery system expand spectrum chemotherapeutics administered orally extending proper function pancreatic islet cell following transplantation genetic engineering design instructive hydrogel material tracking hypoxic signaling three dimensional cell aggregate transplantation mesenchymal stem cell enhance vascularization skiles l
445,fall area
446,room main
447,following transplantation
448,developing responsive
449,engineering design
450,material tracking
451,culture oxygenation
452,room main streetcolumbia
453,differentially impact
454,responsive delivery
455,cell enhance
456,cell following
457,expand spectrum
458,spectrum chemotherapeutics
459,endothelial cell
460,cook blanchette
461,orally extending
462,dr boltin focus developing decision support system healthcare industry data science interdisciplinary field employ technique many discipline mathematics
463,incident edit
464,tool created
465,well predictive
466,initial study
467,utilizing analytical
468,latest software
469,triage chemical
470,analytical technique
471,department triage
472,computer science
473,boltin focus
474,valafar mobile decision support tool emergency department mass casualty incident edit initial study jmir mhealth uhealth
475,many discipline
476,emergency department
477,well predictive modeling two
478,field employ
479,dimensional reduction
480,reduction artificial
481,information data
482,glean information
483,valafar application
484,focus categorized
485,supervised unsupervised machine learning
486,neural network
487,industry data
488,data mining
489,data science
490,employ technique
491,mhealth uhealth
492,interaction boltin
493,science focus
494,edit initial
495,dr boltin
496,jmir mhealth
497,including data
498,categorized two
499,culley
500,dimension reduction
501,decision support
502,discipline mathematics
503,area one
504,unsupervised machine
505,information science computer science focus categorized two broad area one
506,artificial neural
507,healthcare industry
508,supervised unsupervised
509,broad area
510,modeling two
511,focus developing
512,data utilizing
513,translational informatic
514,computer interaction
515,technique many
516,valafar application dimensional reduction artificial neural network improve emergency department triage chemical mass casualty incident article press boltin
517,informatic tool
518,chemical mass
519,system healthcare
520,valdes
521,article press
522,information science
523,valafar mobile
524,press boltin
525,improve emergency
526,deploy sophisticated
527,design evaluate
528,development human
529,created deploy
530,software development
531,casualty incident
532,incident article
533,tool emergency
534,science interdisciplinary
535,network improve
536,human computer
537,design evaluate translational informatic tool created deploy sophisticated algorithm using latest software development human computer interaction boltin
538,mobile decision
539,two broad
540,developing decision
541,technique including
542,sophisticated algorithm
543,study jmir
544,using latest
545,evaluate translational
546,support tool
547,application dimensional
548,predictive modeling
549,glean information data utilizing analytical technique including data mining
550,algorithm using
551,interdisciplinary field
552,statistic
553,department mass
554,statistical analysis
555,culley jm
556,support system
557,mass casualty
558,science computer
559,power grid resiliency
560,grid resiliency
561,frequency transformer
562,medium frequency transformer optimization
563,medium frequency
564,power electronics
565,transformer optimization
566,electronics reliability
567,power grid
568,power electronics reliability
569,record managementitec
570,innovation assembly street
571,computer review
572,performance journal itec record managementitec mainframe systemsitec linux programming administration
573,sage publication
574,ha taught
575,article appeared
576,association editor
577,professor integrated
578,taught new
579,system association
580,editor information
581,sc director master health information technology program ha taught new york
582,european journal
583,using microcomputer
584,learning
585,technology department
586,performance journal
587,college engineering
588,social science computer review
589,information technology
590,computer information
591,mainframe systemsitec
592,james madison co author using microcomputer sage publication
593,managementitec mainframe
594,social science
595,brookshire professor
596,president organizational
597,assembly street
598,article appeared journal computer information system
599,suite
600,journal operational
601,co author
602,madison co
603,technology program
604,journal computer
605,microcomputer sage
606,legislative study
607,study quarterly
608,itec record
609,north texas state
610,master health
611,virginia
612,columbia
613,james madison
614,information system
615,past president
616,journal past president organizational system association editor information technology
617,organizational system
618,programming administration
619,journal past
620,health information
621,sc robert brookshire professor integrated information technology department college engineering computing
622,legislative study quarterly
623,integrated information
624,director master
625,new york
626,texas state
627,systemsitec linux
628,program ha
629,sc director
630,engineering computing
631,author using
632,journal itec
633,robert brookshire
634,appeared journal
635,linux programming
636,european journal operational
637,innovation assembly
638,byte
639,department college
640,north texas
641,sc robert
642,industry requirement
643,private industry
644,ship system
645,mentoring student
646,practice responsibility
647,developer virtual
648,gathering stakeholder
649,activity development
650,requirement consortium
651,team project
652,esrdc consortium
653,system design
654,stakeholder navy
655,virtual test
656,software developer
657,private industry requirement developing plan integrating requirement consortium education
658,including mentoring student programming professional development best practice responsibility gathering stakeholder navy
659,test bed
660,lead software
661,development team
662,daily activity
663,best practice
664,bed vtb
665,writing code
666,earnie lead
667,supervises daily activity development team project
668,supervises daily
669,earnie lead software developer virtual test bed vtb smart ship system design project addition writing code
670,requirement developing
671,developing plan
672,including mentoring
673,consortium education
674,professional development
675,plan integrating
676,integrating requirement
677,project addition
678,design project
679,development best
680,vtb smart
681,responsibility gathering
682,student programming
683,addition writing
684,programming professional
685,smart ship
686,traditional computer
687,performing computation
688,necessary another broad class problem custom computing machine devised bit oriented computation done string processing
689,computation done
690,often sufficient
691,urban renewal
692,english essay
693,substantial parallelism
694,problem computational
695,computational problem
696,team auditing
697,multiprecision arithmetic
698,buell past
699,floating point
700,bit oriented
701,fast integer
702,class problem
703,problem process
704,voting system
705,neighborhood adjacent
706,vote total
707,project building
708,co supervising
709,theory fast
710,often need
711,ida cc
712,columbia sc
713,broad class
714,computation normally
715,directed splash
716,text string
717,compute element
718,perform significantly
719,custom computing
720,critical interactive
721,renewal columbia
722,essay linguistic
723,arithmetic often
724,reduced efficiency
725,sufficient accuracy
726,total certified
727,improvement writing
728,efficiency one
729,certified state
730,one class
731,whose application
732,computing machine
733,done string
734,processing computation
735,one neighborhood
736,ha part
737,process lead
738,characteristic improvement
739,necessary another
740,normally perform
741,cc directed
742,auditing election
743,iphone urban
744,problem number
745,another broad
746,algorithm architecture
747,architecture performing
748,critical interactive iphone urban renewal columbia sc role evicting resident ward one neighborhood adjacent
749,discrete mathematics text string processing
750,integer arithmetic
751,discrete mathematics
752,support vote
753,digital humanity
754,buell recent
755,electronic voting
756,bit bit arithmetic often sufficient accuracy ida cc directed splash project building custom computing machine used xilinx fpgas compute element whose application programmed vhdl
757,data support
758,work ha
759,recent work
760,interactive iphone
761,fpgas compute
762,programmed vhdl
763,vote absence
764,ward one
765,accuracy ida
766,splash project
767,devised bit
768,writing pedagogy
769,role evicting
770,first year
771,bit arithmetic
772,machine used
773,sc role
774,one often
775,machine devised
776,co supervising work ward one app
777,linguistic characteristic
778,resident ward
779,work ward
780,professor buell
781,used xilinx
782,point computation
783,need substantial
784,professor buell recent work ha electronic voting system digital humanity ha part team auditing election data discovering problem process lead uncounted vote absence data support vote total certified state digital humanity
785,often multiprecision arithmetic
786,data discovering
787,oriented computation
788,application programmed
789,system digital
790,one often need substantial parallelism
791,traditional computer architecture oriented toward floating point computation normally perform significantly reduced efficiency one class problem computational problem number theory fast integer arithmetic
792,past included
793,often multiprecision
794,engaged analysis
795,oriented toward
796,element whose
797,absence data
798,uncounted vote
799,bit bit
800,year english
801,toward floating
802,xilinx fpgas
803,included algorithm
804,election data
805,problem custom
806,engaged analysis first year english essay linguistic characteristic improvement writing pedagogy professor buell past included algorithm architecture performing computation
807,state digital
808,analysis first
809,significantly reduced
810,discovering problem
811,lead uncounted
812,evicting resident
813,image processing
814,image processing computation
815,pedagogy professor
816,part team
817,supervising work
818,number theory
819,ha electronic
820,string processing
821,building custom
822,architecture oriented
823,humanity ha
824,one app
825,mathematics text
826,emphasis structural
827,structural dynamic
828,area structural
829,dynamic numerical
830,engineering institute
831,structural engineering
832,earthquake engineering institute
833,american society
834,experimental mechanic
835,area specialization
836,lab website
837,society engineering
838,civil engineer
839,specialization structural
840,engineering emphasis
841,brown jr
842,jr network
843,earthquake engineering structural control dr caicedo member american society civil engineer
844,control dr
845,dr caicedo
846,dynamic intelligent
847,intelligent infrastructure
848,society experimental
849,publication visit
850,george brown
851,experimental area
852,numerical experimental
853,earthquake engineering
854,model updating
855,infrastructure lab
856,dr caicedo area specialization structural engineering emphasis structural dynamic numerical experimental area structural dynamic
857,george brown jr network earthquake engineering simulation
858,caicedo area
859,network earthquake
860,engineering simulation
861,list project
862,member american
863,project publication
864,educator complete
865,society experimental mechanic american society engineering educator complete list project publication visit structural dynamic intelligent infrastructure lab website
866,engineering structural
867,society civil
868,caicedo member
869,mechanic american
870,structural control
871,visit structural
872,engineering educator
873,complete list
874,fea cfd
875,hydraulic design
876,process phenomenon
877,dr leo carrilho modeling simulation process phenomenon structural thermal hydraulic design pwr nuclear fuel core component
878,modeling simulation
879,dr leo
880,fuel core
881,using fea
882,design pwr
883,thermal hydraulic
884,pwr nuclear
885,core component
886,using fea cfd method
887,leo carrilho
888,simulation process
889,structural thermal
890,phenomenon structural
891,cfd method
892,carrilho modeling
893,regulation fibroblast
894,abuse result
895,gene expression
896,associated hypertension
897,produced largely
898,animal model
899,dr carver
900,heart produced
901,increased accumulation
902,exposure alcohol
903,bldg room
904,known affect
905,commonly associated
906,alters heart
907,contractile muscle
908,cell interconnected
909,interconnected supported
910,expression regulated
911,extracellular matrix
912,regulated heart
913,examine regulation
914,fibroblast dr
915,supported elaborate
916,elaborate extracellular
917,medicine bldg
918,understanding fibroblast
919,matrix seen
920,accumulation extracellular
921,cardiovascular disease
922,cell non
923,myocardial infarction
924,others cell
925,school medicine bldg room garner ferry road columbia
926,disease instance
927,excessive accumulation extracellular matrix fibrosis commonly associated hypertension myocardial infarction increased accumulation extracellular matrix seen fibrosis result stiffer myocardium
928,school medicine
929,model used
930,carver lab
931,cardiovascular performance
932,alcohol seen
933,sc ventricular wall heart composed contractile muscle cell non muscle cell type including fibroblast
934,fibrosis result
935,including fibroblast
936,used examine
937,road columbia
938,muscle cell
939,infarction increased
940,composed contractile
941,cell others
942,matrix change
943,alters heart function extracellular matrix heart produced largely cardiac fibroblast dr carver lab focused understanding fibroblast behavior gene expression regulated heart particularly interested chronic exposure alcohol seen alcohol abuse result myocardial fibrosis cell culture animal model used examine regulation fibroblast cardiovascular disease
944,matrix fibrosis
945,change density
946,function extracellular
947,cell type
948,fibroblast cardiovascular
949,organization extracellular
950,density organization
951,largely cardiac
952,performance correlated
953,result stiffer
954,heart particularly
955,heart disease
956,particularly interested
957,behavior gene
958,wall heart
959,fibroblast behavior
960,fibrosis cell
961,hypertension myocardial
962,ventricular wall
963,heart composed
964,garner ferry
965,interested chronic
966,culture animal
967,stiffer myocardium
968,myocardial fibrosis
969,result myocardial
970,cell culture
971,ferry road
972,affect cardiovascular
973,seen alcohol
974,focused understanding
975,alcohol abuse
976,matrix known
977,non muscle
978,excessive accumulation
979,type including
980,seen fibrosis
981,heart function
982,chronic exposure
983,endothelial cell others cell interconnected supported elaborate extracellular matrix change density organization extracellular matrix known affect cardiovascular performance correlated heart disease instance
984,matrix heart
985,fibrosis commonly
986,cardiac fibroblast
987,correlated heart
988,lab focused
989,room garner
990,sc ventricular
991,graphene
992,plasmonics
993,chemistry
994,epitaxy
995,sic
996,xiangtao
997,welding modeling
998,modeling residual
999,chen bingquan
1000,uniaxial biaxial
1001,biaxial loading
1002,impact mechanic
1003,june wang bo
1004,numerical investigation
1005,theoretical experimental
1006,quasi perfect
1007,hao peng
1008,fatigue material
1009,dukaifan
1010,biomechanics nanomechanics
1011,wang bo
1012,fracture fatigue
1013,failure criterion
1014,vol
1015,constraint assessment specimen tested uniaxial biaxial loading condition
1016,dr chao
1017,fracture fatigue material structure
1018,yuh
1019,pem fuel
1020,constraint assessment
1021,loading condition
1022,guian
1023,durability pem fuel cell system cao
1024,cell system
1025,material structure
1026,asme journal
1027,journal solid
1028,welding modeling residual stress distortion
1029,yinbiao niffenegger
1030,study failure
1031,system cao
1032,markus chao
1033,chao yuh
1034,buckling quasi
1035,experimental study
1036,shell axial
1037,durability pem
1038,june wang
1039,cylindrical shell
1040,vessel technology
1041,impact mechanic material characterization failure criterion
1042,chao theoretical
1043,assessment specimen
1044,perfect cylindrical
1045,zhu shiyang
1046,material characterization
1047,international journal
1048,characterization failure
1049,journal pressure
1050,dr chao theoretical experimental study failure
1051,specimen tested
1052,tested uniaxial
1053,pressure vessel
1054,mechanic material
1055,asme journal pressure vessel technology
1056,yupeng qian
1057,combined experimental
1058,solid structure
1059,compression combined
1060,stress distortion
1061,bi xiangju
1062,international journal solid structure
1063,fuel cell
1064,buckling quasi perfect cylindrical shell axial compression combined experimental numerical investigation
1065,residual stress
1066,experimental numerical
1067,axial compression
1068,water resource
1069,water resource engineering
1070,hydraulic transient
1071,resource engineering
1072,hydraulic engineering
1073,solid oxide fuel cell
1074,solid oxide electrolysis cell
1075,composition
1076,structure property relationship
1077,synthesis characterization
1078,oxide fuel
1079,energy conversion
1080,solid oxide
1081,characterization material
1082,gas separation membrane
1083,dr chen synthesis characterization material energy conversion storage
1084,oxide electrolysis
1085,ionic electronic
1086,gas separation
1087,separation membrane
1088,electrolysis cell
1089,chen synthesis
1090,conducting ceramic
1091,catalysis electrocatalysis
1092,property relationship
1093,dr chen
1094,structure property
1095,ionic electronic conducting ceramic
1096,electronic conducting
1097,conversion storage
1098,material energy
1099,data sensing analytics
1100,aiaugmented simulation
1101,emerging technology
1102,data sensing
1103,sensing analytics
1104,cheng ha
1105,division innovative
1106,kit germany
1107,tong sjtu
1108,phd student
1109,thermal hydraulics
1110,undergraduate master
1111,currently professor
1112,give lecture
1113,supervised supervising
1114,system kit
1115,ha supervised
1116,teaching experience
1117,karlsruhe institute
1118,main field
1119,paper main
1120,prof cheng
1121,nuclear thermal
1122,nuclear system
1123,lecture undergraduate
1124,shanghai jiao
1125,prof cheng ha year experience year teaching experience currently professor karlsruhe institute technology kit germany shanghai jiao tong sjtu china
1126,innovative nuclear
1127,master student
1128,year experience
1129,field nuclear
1130,jiao tong
1131,director division innovative nuclear system kit ha supervised supervising phd student kit sjtu give lecture undergraduate master student ha published paper main field nuclear thermal hydraulics nuclear safety
1132,director division
1133,supervising phd
1134,sjtu give
1135,hydraulics nuclear
1136,technology kit
1137,nuclear safety
1138,professor karlsruhe
1139,experience year
1140,kit ha
1141,institute technology
1142,kit sjtu
1143,sjtu china
1144,published paper
1145,germany shanghai
1146,student ha
1147,student kit
1148,computational biology
1149,liion safety
1150,thermodynamics
1151,programmable switch
1152,iot security
1153,science dmz
1154,fourth military medical
1155,ehime school medicine
1156,fourth military
1157,military medical
1158,molecular medicine
1159,ehime school
1160,r china
1161,japan
1162,fused deposition
1163,fused deposition modeling
1164,deposition modeling
1165,printing
1166,additive manufacturing
1167,dynamic simulation
1168,manufacturing process simulation
1169,molecular dynamic
1170,finite element
1171,solid mechanic
1172,process simulation
1173,molecular dynamic simulation
1174,strategic growth
1175,agent resource
1176,administration focused
1177,capacity reputation
1178,strategic planning
1179,perceived bias
1180,process based
1181,agency review
1182,signal competitiveness
1183,funding sponsor
1184,funding review
1185,institution signal
1186,administrator year
1187,past year administration leadership experience ha concentrated strategic growth
1188,year administration
1189,contributes perceived
1190,identify contributes
1191,national ranking
1192,experience ha
1193,senior administrator year administration community economic development
1194,student growth
1195,development
1196,goal identify
1197,reputation goal
1198,principal agent
1199,past year
1200,dependency theory
1201,resource dependency
1202,economic development
1203,concentrated strategic
1204,administrative capacity
1205,community economic
1206,bias funding
1207,based principal
1208,based administrative
1209,foundation agency
1210,competitiveness funding
1211,administration leadership
1212,bias federal
1213,sponsor based
1214,enables institution
1215,administration focused national ranking perceived bias funding review process based administrative capacity reputation goal identify contributes perceived bias federal foundation agency review enables institution signal competitiveness funding sponsor based principal agent resource dependency theory
1216,leadership experience
1217,review process
1218,ha concentrated
1219,ranking perceived
1220,review enables
1221,administration community
1222,focused national
1223,senior administrator
1224,federal foundation
1225,instructor undergraduate
1226,brings numerous
1227,sc dillon
1228,business partnership
1229,clinical instructor
1230,technology brings
1231,partnership relationship
1232,dillon director
1233,sector related
1234,sc dillon director internship department integrated information technology clinical instructor undergraduate graduate program within iit mhit program ha worked within private public sector related educational technology brings numerous business partnership relationship
1235,program within
1236,iit mhit
1237,educational technology
1238,private public
1239,technology clinical
1240,within iit
1241,graduate program
1242,department integrated
1243,public sector
1244,undergraduate graduate
1245,ha worked
1246,director internship
1247,numerous business
1248,related educational
1249,mhit program
1250,internship department
1251,within private
1252,worked within
1253,range associated
1254,development virtual
1255,bed software
1256,system navy
1257,sponsorship office naval
1258,principally focus power electronics also encompasses wide range associated technology across number engineering department dr dougal member board director electric ship development consortium esrdc
1259,power energy
1260,office naval
1261,board director
1262,power generation
1263,dougal currently
1264,dougal member
1265,dr dougal
1266,post doctoral
1267,capacity oversees
1268,several post
1269,development consortium
1270,scholar faculty
1271,electronic system
1272,hybrid power source
1273,associated technology
1274,electrochemical power
1275,comprehensive simulation
1276,coordination activity member school prof dougal also site director new nsf sponsored industry cooperative center grid connected advanced power electronic system grape joint project usc arkansas seek insert greater level advanced power electronics utility power grid better realize smart grid since
1277,ship development
1278,sc dougal lead power energy system group
1279,better realize
1280,overseen development
1281,director electric
1282,realize smart
1283,activity related
1284,technology ship
1285,dougal ha
1286,number undergraduate researcher
1287,nsf sponsored
1288,greater level
1289,hybrid power
1290,related new
1291,several post doctoral scholar faculty
1292,dougal lead
1293,grape joint
1294,level advanced
1295,doctoral scholar
1296,sponsorship office
1297,smart grid
1298,electrochemical power source
1299,simulation virtual
1300,system group
1301,grid connected
1302,dougal also
1303,usc arkansas
1304,center grid
1305,environment multidisciplinary
1306,study electric
1307,swearingenroom main street columbia
1308,new power
1309,number undergraduate
1310,prof dougal ha overseen development virtual test bed software
1311,prototyping environment
1312,technology across
1313,principally focus
1314,capacity oversees usc activity related new power generation
1315,ha overseen
1316,energy system
1317,dynamic system
1318,new nsf
1319,advanced power
1320,seek insert
1321,dozen graduate
1322,wide range
1323,electric system
1324,undergraduate researcher
1325,insert greater
1326,environment applied
1327,site director
1328,activity member
1329,connected advanced
1330,school prof
1331,also site
1332,utility power
1333,industry cooperative
1334,focus power
1335,supervises dozen
1336,member school
1337,distribution technology ship
1338,electric ship
1339,applied study
1340,lead power
1341,oversees usc
1342,power source
1343,graduate student
1344,consortium esrdc
1345,engineering department
1346,grid since
1347,system grape
1348,number engineering
1349,department dr
1350,across number
1351,project usc
1352,grid better
1353,arkansas seek
1354,joint project
1355,usc activity
1356,street columbia
1357,sponsored industry
1358,distribution technology
1359,multidisciplinary dynamic
1360,sc dougal
1361,also encompasses
1362,processing
1363,comprehensive simulation virtual prototyping environment multidisciplinary dynamic system environment applied study electric system navy ship
1364,control dr dougal currently supervises dozen graduate student
1365,navy ship
1366,encompasses wide
1367,director new
1368,prof dougal
1369,electronics also
1370,virtual prototyping
1371,member board
1372,currently supervises
1373,coordination activity
1374,cooperative center
1375,system environment
1376,electronics utility
1377,realtime system
1378,gravity environment
1379,component effect
1380,fossil renewable energy conversion related ground transportation stationary power generation
1381,space air
1382,safety related
1383,fuel oil
1384,combustion related pollutant mitigation
1385,current chemistry
1386,experience thermal
1387,security reduction
1388,interaction including
1389,nitrogen oxide
1390,kinetics relevant
1391,emission internal
1392,chemical kinetics relevant space air breathing propulsion
1393,rm carolinacolumbia
1394,burning phenomenon
1395,property non
1396,renewable energy
1397,environment solid
1398,driven fundamental
1399,pollutant concern
1400,chemical kinetic property
1401,transportation stationary
1402,nano catalyst
1403,incineration
1404,stationary power
1405,combustion
1406,conversion related
1407,abatement petroleum
1408,including hydrocarbon
1409,related ground
1410,ground transportation
1411,fuel hazardous
1412,emission well
1413,material emission
1414,chemical kinetics
1415,emission generation
1416,chemical processing
1417,kinetics fuel
1418,aerosol particulate emission interaction including chlorine
1419,internal combustion
1420,breathing propulsion
1421,sulfur ash metal component effect stationary energy conversion
1422,derived alternative
1423,relevant space
1424,sc dryer ha year application driven fundamental experience thermal science heat transfer
1425,emission interaction
1426,hazardous waste
1427,alternative fuel
1428,kinetic property
1429,concern fire
1430,thermal science
1431,ability address energy security reduction net carbon cycle emission well pollutant concern fire safety related issue earth micro gravity environment solid phase gas phase interaction related particle burning phenomenon nano catalyst material emission internal combustion engine
1432,related ignition
1433,gas turbine
1434,heavy fuel
1435,related pollutant
1436,chemistry chemical
1437,particle burning
1438,particulate emission
1439,diesel
1440,generation abatement
1441,issue earth
1442,fluid dynamic
1443,pollutant mitigation
1444,fire safety dr dryer current chemistry chemical kinetics fuel hazardous waste material related ignition
1445,stationary energy
1446,dr dryer
1447,effect stationary
1448,well pollutant
1449,interaction related
1450,sc dryer
1451,metal component
1452,including chlorine
1453,chemical kinetic
1454,net carbon
1455,combustion related
1456,safety dr
1457,dryer ha
1458,fossil renewable
1459,micro gravity
1460,including gasoline
1461,combustion property
1462,phase gas
1463,earth micro
1464,ability address
1465,phase interaction
1466,ash metal
1467,solid phase
1468,non petroleum
1469,physical chemistry
1470,heavy fuel oil combustion property non petroleum derived alternative fuel
1471,aerosol particulate
1472,derived fuel
1473,year application
1474,application driven
1475,fire safety
1476,cycle emission
1477,address energy
1478,dryer current
1479,catalyst material
1480,material related
1481,petroleum derived
1482,energy security
1483,carbon cycle
1484,phenomenon nano
1485,combustion engine
1486,air breathing
1487,oil combustion
1488,related particle
1489,reduction net
1490,emission generation abatement petroleum derived fuel
1491,gas phase
1492,science heat
1493,heat transfer
1494,fundamental experience
1495,production
1496,sulfur ash
1497,related issue
1498,work area
1499,efficient file organization search interface user interaction ha also working colleague problem database security pi co director professor bowles nsf experience undergraduate site
1500,focus effective
1501,undergraduate site
1502,correct find
1503,organization search
1504,find useful
1505,nsf experience
1506,ha addressed
1507,interaction ha
1508,professor eastman
1509,professor eastman focus effective efficient algorithm information retrieval want information
1510,ha also
1511,working colleague
1512,easily quickly
1513,find work
1514,easily quickly find useful correct find work area ha addressed broad spectrum problem
1515,effective efficient
1516,problem database
1517,also working
1518,user interaction
1519,pi co
1520,algorithm information
1521,efficient algorithm
1522,addressed broad
1523,broad spectrum
1524,experience undergraduate
1525,bowles nsf
1526,want information
1527,interface user
1528,spectrum problem
1529,security pi
1530,eastman focus
1531,area ha
1532,co director
1533,search interface
1534,professor bowles
1535,efficient file
1536,director professor
1537,useful correct
1538,file organization
1539,database security
1540,quickly find
1541,retrieval want
1542,information retrieval
1543,colleague problem
1544,mechanobiology
1545,biomechanics
1546,cardiovascular
1547,field become
1548,magnetic drug
1549,drug targeting
1550,gradient magnetic
1551,emphasis use
1552,collection manipulation
1553,separation hgms
1554,today major
1555,control well
1556,technique used
1557,particular emphasis
1558,size low
1559,low magnetism
1560,gradient large
1561,realized today
1562,magnetic gradient
1563,hgms found
1564,magnetic particle
1565,magnetism collection
1566,fluid medium
1567,external magnetic
1568,used assist
1569,cancer treatment
1570,create magnetic
1571,targeting cancer
1572,result application
1573,collection otherwise
1574,ferromagnetic element
1575,particle small
1576,assist magnetic
1577,become energized
1578,ebner major
1579,chile
1580,consists use
1581,technique consists
1582,energized create
1583,found medical
1584,enough collect
1585,use high
1586,area technique
1587,major emphasis
1588,embolization control
1589,embolization control well rapid detoxification
1590,use fine
1591,high gradient
1592,ebner major application magnetic field separation
1593,collection manipulation magnetic particle fluid medium
1594,manipulation magnetic
1595,rapid detoxification
1596,particular emphasis use high gradient magnetic separation hgms principle technique consists use fine ferromagnetic element result application external magnetic field become energized create magnetic gradient large enough collect particle small size low magnetism collection otherwise realized today major emphasis potential hgms found medical area technique used assist magnetic drug targeting cancer treatment
1597,large enough
1598,collect particle
1599,small size
1600,major application
1601,magnetic field
1602,application external
1603,field separation
1604,fine ferromagnetic
1605,element result
1606,principle technique
1607,particle fluid
1608,hgms principle
1609,restenosis
1610,medical area
1611,emphasis potential
1612,catholic chile
1613,well rapid
1614,potential hgms
1615,otherwise realized
1616,magnetic separation
1617,application magnetic
1618,natural product
1619,medicinal plant
1620,drug discovery
1621,wound healing
1622,direct cause
1623,resulting thrombosis
1624,heart attack
1625,atherogenesis macrophage
1626,unique feature
1627,inflammatory condition
1628,plaque resulting
1629,cytokine chemokines
1630,inflammatory response
1631,due unique
1632,derived suppressor
1633,well dominant
1634,aggressiveness tumor
1635,cell formation
1636,plaque restoring
1637,toll like
1638,form vicious
1639,chemokines toll
1640,complex signaling network tune dynamic function myeloid cell favor cancer progression focused understanding signal network developing strategy manipulate improve cancer treatment
1641,mainly myeloid
1642,tumor associated
1643,feature tme
1644,component tumor
1645,goal laboratory
1646,atherogenesis goal
1647,whose interaction
1648,rupture vulnerable
1649,homeostasis controlling
1650,determines aggressiveness
1651,tumor myeloid
1652,cancer progression
1653,associated macrophage
1654,cause heart
1655,abundance cytokine chemokines toll like receptor tlr ligand
1656,developed country
1657,cell major
1658,malignant cell
1659,inflammation machine
1660,tlr ligand
1661,improve cancer
1662,receptor tlr
1663,state many
1664,cell mdscs
1665,promote regression
1666,cholesterol sink
1667,myeloid cell
1668,dynamic function
1669,whose interaction malignant cell determines aggressiveness tumor myeloid cell tme mainly myeloid derived suppressor cell mdscs
1670,advanced tumor
1671,disease chronic
1672,dendritic cell
1673,foam cell
1674,myeloid derived
1675,primary cholesterol
1676,signaling network
1677,macrophage foam
1678,many developed
1679,sink well
1680,microenvironment tme
1681,killer united state many developed country atherosclerosis lipid deposit disease chronic inflammatory condition macrophage primary cholesterol sink well dominant inflammation machine atherogenesis macrophage foam cell formation inflammatory response form vicious cycle promote atherogenesis goal laboratory develop strategy disrupt vicious cycle promote regression atherosclerotic plaque restoring macrophage cholesterol homeostasis controlling macrophage inflammation myeloid cell major cell component tumor microenvironment tme
1682,macrophage tam
1683,dominant inflammation
1684,attack stroke
1685,cell tme
1686,thrombosis direct
1687,including hypoxia
1688,cycle promote
1689,machine atherogenesis
1690,lipid deposit
1691,tme mainly
1692,promote atherogenesis
1693,cell favor
1694,developing strategy
1695,killer united
1696,country atherosclerosis
1697,strategy manipulate
1698,macrophage primary
1699,sc rupture
1700,chronic inflammatory
1701,condition macrophage
1702,like receptor
1703,signal network
1704,network tune
1705,cholesterol homeostasis
1706,controlling macrophage
1707,tumor associated macrophage tam advanced tumor
1708,complex signaling
1709,atherosclerotic plaque
1710,metabolic profile
1711,inflammation myeloid
1712,formation inflammatory
1713,regression atherosclerotic
1714,favor cancer
1715,progression focused
1716,disrupt vicious
1717,major cell
1718,suppressor cell
1719,due unique feature tme including hypoxia
1720,restoring macrophage
1721,cell component
1722,tme including
1723,understanding signal
1724,unusual metabolic
1725,macrophage inflammation
1726,sc rupture vulnerable atherosclerotic plaque resulting thrombosis direct cause heart attack stroke
1727,tumor microenvironment
1728,laboratory develop
1729,deposit disease
1730,manipulate improve
1731,vicious cycle
1732,function myeloid
1733,network developing
1734,develop strategy
1735,atherosclerosis lipid
1736,response form
1737,cell determines
1738,abundance cytokine
1739,tam advanced
1740,strategy disrupt
1741,macrophage cholesterol
1742,vulnerable atherosclerotic
1743,united state
1744,unusual metabolic profile
1745,tune dynamic
1746,interaction malignant
1747,information security
1748,plasma
1749,thermalfluid science
1750,energy
1751,multiphysics modeling
1752,computing computability
1753,computing information
1754,core theoretical
1755,quantum computing
1756,foundation computing
1757,computational complexity
1758,theoretical foundation
1759,especially quantum
1760,professor fenner
1761,professor fenner core theoretical foundation computing computability computational complexity
1762,especially quantum computing information
1763,fenner core
1764,computability computational
1765,business
1766,process water quality engineering
1767,process water
1768,quality engineering
1769,dr flora
1770,computer modeling
1771,water quality
1772,modeling environmental
1773,engineering process
1774,computer modeling water quality engineering process
1775,dr flora main molecular modeling environmental reaction
1776,modeling water
1777,main molecular
1778,molecular modeling
1779,flora main
1780,environmental reaction
1781,engineering centerroom main streetcolumbia
1782,stanford
1783,centerroom main
1784,engineering centerroom
1785,civil
1786,engineering
1787,geotechnical
1788,acquired instrumentation
1789,nonconvex branch
1790,variety controller
1791,understanding dynamic
1792,diagnostic method
1793,scale system
1794,instrumentation recently
1795,method application
1796,branch reduce
1797,reduce product
1798,developed reduce
1799,used develop
1800,requires fundamental
1801,process modeling
1802,nonlinear characteristic
1803,solution constrained
1804,optimization efficient
1805,sc gatzke area process modeling
1806,taking discrete
1807,require online
1808,optimization efficient operation chemical process requires fundamental understanding dynamic nonlinear characteristic variety controller formulation developed reduce product variability improve productivity estimation diagnostic method used develop process information easily directly acquired instrumentation recently
1809,discrete value
1810,ongoing effort
1811,parallel programming
1812,involving unknown
1813,online solution
1814,process requires
1815,method used
1816,easily directly
1817,programming effort
1818,constrained mixed
1819,outer approximation
1820,reduce method
1821,process information
1822,effort mixed
1823,estimation diagnostic
1824,directly acquired
1825,approximation parallel
1826,new moving horizon formulation involving unknown value taking discrete value proposed application require online solution constrained mixed integer optimization problem ongoing effort parallel programming effort mixed integer optimization
1827,area process
1828,horizon formulation
1829,dynamic nonlinear
1830,productivity estimation
1831,mixed integer
1832,effort parallel
1833,operation chemical
1834,integer outer
1835,problem ongoing
1836,formulation involving
1837,chemical process
1838,optimization problem
1839,controller formulation
1840,develop process
1841,formulation developed
1842,parallel nonconvex
1843,integer optimization
1844,room main street columbia
1845,new moving
1846,nonseparable mixed
1847,variability improve
1848,proposed application
1849,bio process
1850,nonconvex nonseparable
1851,unknown value
1852,value proposed
1853,including parallel
1854,large scale
1855,moving horizon
1856,characteristic variety
1857,control
1858,information easily
1859,sc gatzke
1860,application require
1861,particulate processing
1862,application area
1863,area particulate
1864,improve productivity
1865,gatzke area
1866,large scale system
1867,product variability
1868,including parallel nonconvex nonseparable mixed integer outer approximation parallel nonconvex branch reduce method application area particulate processing
1869,efficient operation
1870,value taking
1871,dr john gerdes associate professor department integrated information
1872,authored two
1873,development new
1874,china article
1875,ithaca
1876,vanderbilt ha
1877,associate professor
1878,certificate support
1879,editor electronic
1880,decision support system
1881,engineering cornell
1882,jia tong
1883,transaction iie
1884,china article appeared communication acm
1885,bethlehem
1886,telecommunication system
1887,web site
1888,database management
1889,two patent
1890,one development
1891,hold b
1892,public key
1893,ph information
1894,science vanderbilt
1895,support user
1896,mechanical engineering
1897,journal ha
1898,teach software
1899,database management dr gerdes hold b eng mechanical engineering cornell
1900,electronic commerce
1901,california riverside
1902,john gerdes
1903,c teach
1904,eng mechanical
1905,tenn
1906,commerce telecommunication
1907,ph information system vanderbilt ha taught ohio state
1908,computer science vanderbilt
1909,b eng
1910,privacy currently
1911,system vanderbilt
1912,ohio state
1913,dr gerdes
1914,appeared communication
1915,gerdes hold
1916,journal ha authored two patent
1917,associate editor
1918,pa eng
1919,communication acm
1920,key certificate
1921,site development
1922,nashville
1923,new public
1924,taught ohio
1925,cornell
1926,web site development
1927,user privacy
1928,currently associate
1929,coke temperature
1930,one dealign
1931,measurement coke
1932,one development new public key certificate support user privacy currently associate editor electronic commerce telecommunication system
1933,vanderbilt
1934,gerdes associate
1935,ha authored
1936,shanghai
1937,tenn b
1938,dr john
1939,one dealign measurement coke temperature
1940,lehigh
1941,management dr
1942,dealign measurement
1943,c teach software development
1944,higher education
1945,engineering education
1946,system analysis
1947,pittsburgh
1948,sc carolinamississippi state
1949,carolinamississippi state
1950,sc carolinamississippi
1951,mechanical engineer
1952,fellow royal
1953,raes american
1954,society raes
1955,mechatronics
1956,journal article
1957,multi physic applied mechanic topic dr giurgiutiu ha published several book book chapter many journal article conference paper fellow royal aeronautical society raes american society mechanical engineer asme associate editor aeronautical journal raes
1958,dr giurgiutiu span active material
1959,many journal
1960,engineer asme
1961,paper fellow
1962,multi physic
1963,book book
1964,topic dr
1965,published several
1966,smart structure
1967,several book
1968,journal raes
1969,royal aeronautical
1970,mechanic topic
1971,giurgiutiu ha
1972,editor aeronautical
1973,physic applied
1974,chapter many
1975,span active
1976,aeronautical society
1977,dr giurgiutiu
1978,giurgiutiu span
1979,active material
1980,aeronautical journal
1981,asme associate
1982,society mechanical
1983,applied mechanic
1984,book chapter
1985,article conference
1986,fundamental aspect
1987,essential oil
1988,investigated present
1989,protein involved
1990,investigating new
1991,allergenic protein
1992,particle home
1993,oil cfd
1994,produced indoor
1995,essential oil cfd modeling elisa assay wa investigated present passion education along engineering education investigating new unique way teach undergraduate core fundamental key educator student
1996,education along
1997,assay wa
1998,elisa assay
1999,way teach
2000,key educator
2001,aspect novel
2002,involved development
2003,reduce potency
2004,development approach
2005,trigger produced
2006,allergen bound
2007,using dry
2008,dry ice
2009,potency asthma
2010,dust particle
2011,asthma trigger
2012,home effectiveness
2013,teach undergraduate
2014,novel technology
2015,educator student
2016,present passion
2017,approach potentially
2018,unique way
2019,modeling elisa
2020,along engineering
2021,fundamental aspect novel technology abatement allergenic protein involved development approach potentially reduce potency asthma trigger produced indoor environment allergen bound dry dust particle home effectiveness using dry ice
2022,abatement allergenic
2023,indoor environment
2024,new unique
2025,dry dust
2026,fundamental key
2027,potentially reduce
2028,undergraduate core
2029,bound dry
2030,wa investigated
2031,cfd modeling
2032,core fundamental
2033,effectiveness using
2034,passion education
2035,environment allergen
2036,education investigating
2037,technology abatement
2038,integrated water
2039,hydroinformatics
2040,integrated water resource management
2041,resource management
2042,immunoengineering
2043,biomaterials
2044,chemistry department
2045,member adjunct
2046,engineering laboratory
2047,serving mentor thesis committee member adjunct professor working national laboratory system
2048,several start
2049,serving laboratory
2050,social work
2051,development alternative
2052,cell application
2053,characterization participated
2054,adjunct professor
2055,fluid solar
2056,energy application
2057,background ranging
2058,battery component characterization participated several start ups area fuel cell hydrogen storage technology
2059,range experience
2060,non profit
2061,experienced engineer
2062,involves application
2063,profit social
2064,chemical engineering
2065,ranging educational
2066,entrepreneurial start
2067,diverse background
2068,corrosion susceptibility
2069,participated several
2070,currently co founder nonprofit area recovery substance use disorder
2071,separation process
2072,experienced engineer diverse background ranging educational instruction mentoring role
2073,instruction mentoring
2074,assistant graduate
2075,entrepreneurial start ups community based non profit social work educational role range experience teaching assistant graduate school chemical engineering laboratory
2076,professor working
2077,working national
2078,corrosion sustainable
2079,storage fuel
2080,area fuel
2081,hydrogen storage
2082,mentor thesis
2083,temperature heat
2084,state supported
2085,recovery substance
2086,area recovery
2087,experience teaching
2088,committee member
2089,susceptibility high
2090,nonprofit area
2091,extensive experience development environment
2092,work educational
2093,area material
2094,liberal art
2095,role range
2096,extensive experience
2097,storage technology
2098,national laboratory
2099,thesis committee
2100,experience primarily
2101,development alternative separation process used nuclear fuel
2102,serving mentor
2103,based non
2104,art experience
2105,localized corrosion
2106,ups area
2107,component characterization
2108,graduate school
2109,material compatibility
2110,sustainable energy
2111,substance use
2112,application worked
2113,alternative separation
2114,battery component
2115,currently co
2116,ups community
2117,mentoring role
2118,engineering localized
2119,co founder
2120,educational role
2121,supported liberal
2122,electrochemical engineering
2123,start ups
2124,hydrogen storage fuel cell application
2125,solar energy
2126,high temperature
2127,engineer diverse
2128,experience development
2129,process used
2130,department state
2131,laboratory system
2132,founder nonprofit
2133,development environment
2134,application electrochemical
2135,educational instruction
2136,school chemical
2137,worked area
2138,serving laboratory manager instructor chemistry department state supported liberal art experience primarily involves application electrochemical engineering localized corrosion sustainable energy application worked area material compatibility corrosion susceptibility high temperature heat transfer fluid solar energy
2139,primarily involves
2140,cell hydrogen
2141,used nuclear
2142,transfer fluid
2143,compatibility corrosion
2144,manager instructor
2145,instructor chemistry
2146,teaching assistant
2147,laboratory manager
2148,use disorder
2149,community based
2150,dr gross center mechanical property material includes design
2151,characterization architected
2152,dr gross
2153,calibration material
2154,nanoscale constituent
2155,material includes
2156,especially nanoscale
2157,center mechanical
2158,mechanical property
2159,full field
2160,includes design
2161,constituent well
2162,field experimental
2163,material model
2164,architected material
2165,property material
2166,characterization architected material
2167,fabrication
2168,well use
2169,data calibration
2170,especially nanoscale constituent well use full field experimental data calibration material model
2171,experimental data
2172,use full
2173,gross center
2174,authorized cybersecurity
2175,sql developer
2176,suite office
2177,analyst
2178,academy instructor
2179,operation routing
2180,studio palo
2181,alto network
2182,including sql
2183,educator information
2184,oracle visual
2185,office columbia
2186,cyber security
2187,using various
2188,ccna ccna
2189,innovation center assembly street
2190,innovation center
2191,version developer
2192,center assembly
2193,experience developer
2194,educator information technology cisco academy instructor cyber security operation routing switching ccna ccna
2195,network authorized
2196,sc year
2197,suite office columbia
2198,palo alto
2199,technology cisco
2200,various tool
2201,cisco academy
2202,version developer using various tool including sql developer oracle visual studio palo alto network authorized cybersecurity academy instructor
2203,security operation
2204,cybersecurity academy
2205,routing switching
2206,switching ccna
2207,visual studio
2208,developer using
2209,tool including
2210,developer oracle
2211,sc year experience developer
2212,instructor cyber
2213,structural multidisciplinary design
2214,multidisciplinary design
2215,structural multidisciplinary
2216,applied mathematics
2217,thermal management
2218,fluid mechanic
2219,textbook manufacturing
2220,teach course
2221,master science
2222,manufacturing computer aided manufacturing cam dr harik associate editor computer aided design application international journal ha million usd funding boeing
2223,chair plm
2224,educator award
2225,course computer
2226,education join
2227,aerospace innovation
2228,manufacturing topic
2229,technical symposium
2230,dr harik
2231,held columbia
2232,agency recipient
2233,ace ace
2234,exhibition wa
2235,million usd
2236,ace ace technical symposium aerospace conference exhibition wa chair plm international conference held columbia
2237,recipient outstanding
2238,harik textbook
2239,sigma honor
2240,education featuring
2241,dassault aviation
2242,aided manufacturing
2243,sc department commerce
2244,aerospace conference
2245,join mechanical
2246,cam dr
2247,industrial mechanical
2248,featuring traditional
2249,application international
2250,aviation funded
2251,symposium aerospace
2252,automated fiber
2253,young educator
2254,currently visiting
2255,placement education
2256,computer aided
2257,manufacturing education
2258,several agency
2259,fokker aerostructures
2260,student several
2261,traditional emergent
2262,design application
2263,faculty member department mechanical engineering resident researcher mcnair center aerospace innovation currently visiting scientist nasa langley
2264,resident researcher
2265,aided design
2266,department commerce
2267,researcher mcnair
2268,design cad
2269,conducting automated
2270,innovation currently
2271,science industrial
2272,award pi
2273,honor society
2274,member department
2275,engineering master
2276,ha million
2277,visiting scientist
2278,automated manufacturing
2279,plm international
2280,harik associate
2281,automated manufacturing engineering technology master science industrial mechanical engineering doctor philosophy mainly teach course computer aided design cad
2282,harik chair
2283,doctor philosophy
2284,pi tau
2285,conference held
2286,mcnair center
2287,manufacturing engineering
2288,wa chair
2289,society dr
2290,scientist nasa
2291,tau sigma
2292,international conference
2293,ace technical
2294,technology master
2295,funding boeing
2296,department mechanical
2297,editor computer
2298,fulbright scholar
2299,fiber placement
2300,dr harik textbook manufacturing education featuring traditional emergent manufacturing topic
2301,manufacturing cam
2302,outstanding young
2303,manufacturing computer
2304,nasa
2305,emergent manufacturing
2306,conference exhibition
2307,philosophy mainly
2308,dassault aviation funded student several agency recipient outstanding young educator award pi tau sigma honor society dr harik chair ace
2309,sc department
2310,engineering resident
2311,mainly teach
2312,nasa langley
2313,engineering doctor
2314,usd funding
2315,funded student
2316,faculty member
2317,chair ace
2318,center aerospace
2319,conducting automated fiber placement education join mechanical engineering master science
2320,biomedical catawba
2321,biomedical catawba stroom
2322,catawba stroom
2323,computational catalysis
2324,biomass catalysis
2325,electrocatalysis
2326,uncertainty quantification
2327,multiscale modeling
2328,health informatics
2329,health information technology
2330,transportation environment
2331,healthy building
2332,sustainable technology
2333,metamodel
2334,evolutionary computation
2335,material informatics
2336,scale multiphysics
2337,complex energy
2338,novel energy
2339,advanced thermal
2340,particular low dimensional material nanostructures
2341,low dimensional
2342,dimensional material
2343,simulation micro
2344,multi scale
2345,hu modeling
2346,thermal transport
2347,interfacial heat
2348,list publication
2349,nano scale
2350,energy nanotechnology
2351,scale thermal
2352,energy transport
2353,material nanostructures
2354,dr hu modeling simulation micro nano scale thermal transport novel energy system
2355,transport novel
2356,full list
2357,transport process
2358,multi scale multiphysics modeling complex energy transport process full list publication
2359,micro nano
2360,process full
2361,interfacial heat transfer advanced thermal management
2362,particular low
2363,transfer advanced
2364,modeling complex
2365,dr hu
2366,protocol design
2367,design verification
2368,network protocol
2369,distributed system
2370,network security
2371,network protocol design verification
2372,modeling
2373,gas membrane
2374,battery
2375,electrochemistry
2376,coating
2377,composite
2378,durability
2379,multiagent system
2380,serviceoriented computing
2381,computer vision
2382,distributed computing
2383,ontology
2384,service engineering
2385,fellow asce
2386,national engineering firm approximately
2387,wall present
2388,area
2389,recognition dr
2390,serf senior
2391,humphries service
2392,service award
2393,senior geotechnical
2394,consultant terracon
2395,ha received numerous award honor including order palmetto highest honor
2396,deep shallow foundation
2397,soil dynamic
2398,terracon consultant
2399,award honor
2400,asce nspe
2401,among others
2402,retaining wall present
2403,highest honor
2404,geotechnical consultant
2405,public service award
2406,numerous award
2407,engineering firm
2408,national engineering
2409,palmetto highest
2410,professional practice
2411,retaining wall
2412,flexible pavement
2413,professional practice soil dynamic
2414,including order
2415,order palmetto
2416,government employee year
2417,engineering community
2418,dr humphries
2419,dr humphries serf senior geotechnical consultant terracon consultant
2420,practice soil
2421,location city
2422,honor including
2423,rank fellow
2424,inc
2425,employee year
2426,government employee
2427,effect blasting structure
2428,lateral earth pressure
2429,effect blasting
2430,shallow foundation
2431,blasting structure
2432,earth pressure
2433,humphries serf
2434,firm approximately
2435,city recognition
2436,employee location
2437,public service
2438,received numerous
2439,soil stabilization
2440,rank fellow asce nspe
2441,deep shallow
2442,lateral earth
2443,letalier cup
2444,employee location city recognition dr humphries service engineering community
2445,engineer year
2446,teaching
2447,drayage
2448,health care
2449,logistics
2450,port operation
2451,freight
2452,turbidity current
2453,unsteady free surface flow
2454,mass gravity flow
2455,mass gravity
2456,surface flow
2457,experimental modeling
2458,numerical experimental modeling
2459,sediment transport
2460,unsteady free
2461,free surface
2462,gravity flow
2463,protein delivery
2464,engineering microenvironments
2465,investigation lab
2466,characteristic natural
2467,lab revolve
2468,environmental effect
2469,biochemical morphological
2470,parallel effort
2471,carbon nanotube
2472,based mathematical
2473,cell based
2474,intercellular signaling
2475,event linked
2476,finely controllable
2477,engineering yanez
2478,understanding modeling
2479,design engineering
2480,cell sense
2481,application bone
2482,cell migration
2483,cell differentiation
2484,laboratory actively pursuing development biomaterials recapitulate key characteristic natural extracellular matrix application bone vascular tissue engineering yanez
2485,modulation inflammatory response implanted biomaterials using natural compound
2486,around cell
2487,signaling event
2488,laboratory actively
2489,pursuing development
2490,theme robust
2491,commitment addition
2492,signaling output
2493,work complemented
2494,appropriate response
2495,key characteristic
2496,fate commitment
2497,sc overarching theme robust design engineering tissue understanding modeling environmental effect stem cell differentiation tissue remodeling development engineering microenvironments based carbon nanotube array finely controllable biophysical biochemical property investigation molecular mechanism associated cell migration
2498,integrate generate
2499,investigation molecular
2500,pharmaceutical design
2501,based carbon
2502,biomaterials recapitulate
2503,microenvironments based
2504,tissue understanding
2505,development engineering
2506,complemented parallel
2507,natural compound
2508,differentiation investigation
2509,sense distinctive
2510,using natural
2511,biochemical property
2512,biomaterials using
2513,press
2514,cue integrate
2515,remodeling development
2516,overarching theme
2517,nanotube array
2518,output associated
2519,array finely
2520,associated cell
2521,response work
2522,natural extracellular
2523,controllable biophysical
2524,effort construct
2525,current pharmaceutical design
2526,implanted biomaterials
2527,development biomaterials
2528,recapitulate key
2529,jabbarzadeh
2530,property investigation
2531,modulation inflammatory
2532,sc overarching
2533,proliferation differentiation
2534,biochemical morphological cue integrate generate appropriate response work complemented parallel effort construct single cell based mathematical model intercellular signaling event linked signaling output associated fate commitment addition
2535,mathematical model
2536,morphological cue
2537,actively pursuing
2538,current pharmaceutical
2539,robust design
2540,matrix application
2541,proliferation differentiation investigation lab revolve around cell sense distinctive type mechanical
2542,generate appropriate
2543,molecular mechanism
2544,type mechanical
2545,biophysical biochemical
2546,associated fate
2547,model intercellular
2548,distinctive type
2549,bone vascular
2550,tissue remodeling
2551,effect stem
2552,vascular tissue
2553,response implanted
2554,linked signaling
2555,construct single
2556,single cell
2557,blanchette
2558,revolve around
2559,mechanism associated
2560,differentiation tissue
2561,engineering tissue
2562,sc ph material science engineering prior joining uofsc faculty course ph
2563,reliability lab
2564,novel material
2565,material interconnection
2566,graduate assistant
2567,electronics dr
2568,microstructure optimization
2569,jalilvand assistant
2570,jalilvand microstructure
2571,dr golareh jalilvand assistant professor chemical engineering department uofsc received sc
2572,engineering uofsc
2573,film integrated
2574,dr jalilvand
2575,wa graduate
2576,contribution field
2577,currently working microstructure optimization via unique electroplating technique enhance reliability ic interconnects
2578,green paradigm
2579,assisted machine
2580,silicon glass
2581,jalilvand contribution
2582,material dr
2583,focused thin
2584,ph material
2585,interconnects integrated
2586,heterogeneous integration packaging micro nano electronics dr jalilvand contribution field thin film integrated microelectronics ha recognized several national international platform prior microelectronics
2587,reliability solder
2588,dr golareh
2589,thin film
2590,course ph
2591,central florida
2592,collaboration department
2593,integrated microelectronics
2594,via tsv
2595,glass via
2596,assistant professor
2597,based integration
2598,international platform
2599,science engineering
2600,national international
2601,integrated circuit
2602,uofsc received
2603,new interconnect
2604,department computer
2605,packaging micro
2606,worked silicon glass via tsv tgv based integration
2607,microstructure property
2608,interconnect material
2609,nano electronics
2610,professor chemical
2611,unique electroplating
2612,recognized several
2613,electroplating technique
2614,learning method
2615,worked silicon
2616,tsv tgv
2617,several national
2618,conversion green
2619,fabrication reliability
2620,enhance reliability
2621,thermo mechanical reliability solder joint
2622,relationship interconnects
2623,material science
2624,wa graduate assistant microelectronics fabrication reliability lab central florida
2625,uofsc faculty
2626,studied new interconnect material dr jalilvand microstructure property relationship interconnects integrated circuit ic assisted machine learning method developed collaboration department computer science engineering uofsc
2627,integration packaging
2628,joining uofsc
2629,cell energy
2630,solder joint
2631,studied new
2632,microelectronics ha
2633,prior microelectronics
2634,department uofsc
2635,assistant microelectronics
2636,ha recognized
2637,ic assisted
2638,lab central
2639,microelectronics fabrication
2640,platform prior
2641,film solid
2642,focused thin film solid oxide fuel cell energy conversion green paradigm
2643,thermo mechanical
2644,via unique
2645,optimization via
2646,currently working
2647,ic interconnects
2648,golareh jalilvand
2649,method developed
2650,technique enhance
2651,faculty course
2652,field thin
2653,circuit ic
2654,heterogeneous integration
2655,developed collaboration
2656,working microstructure
2657,reliability ic
2658,novel material interconnection
2659,mechanical reliability
2660,tgv based
2661,adversarial machine learning
2662,adversarial machine
2663,learning system
2664,machine learning system
2665,computer system
2666,autonomic computing
2667,undergraduate course
2668,various undergraduate
2669,teach various
2670,kanapala teach
2671,neema kanapala
2672,neema kanapala teach various undergraduate course
2673,outermost atomic
2674,new intermediate
2675,interaction catalyst reactant interaction lead new intermediate lower activation energy end
2676,layer solid
2677,tprs
2678,vacuum situ
2679,mass spectroscopy
2680,group main
2681,technique ultra
2682,property outermost
2683,study model system important order draw safe conclusion important information derived study model catalyst surface undergo structural electronic change reaction use efficient technique ultra high vacuum situ study catalyst necessity group use ray synchrotron radiation photoelectron spectroscopy xps
2684,electronic change
2685,induced auger
2686,study catalyst
2687,radiation photoelectron
2688,derived study
2689,intermediate lower
2690,conclusion important
2691,structural electronic
2692,electron spectroscopy
2693,achieved creating
2694,ultra violet photoelectron spectroscopy ups
2695,photoelectron spectroscopy
2696,important information
2697,process fundamental
2698,model system
2699,creating new
2700,main goal
2701,lower activation
2702,determine structure
2703,new energetic
2704,reactant interaction
2705,catalytic treatment
2706,goal catalyst
2707,temperature programmed desorption tpd
2708,interaction catalyst
2709,fundamental importance
2710,surface undergo
2711,programmed desorption
2712,violet photoelectron
2713,importance group
2714,rate reaction
2715,spectroscopy ups
2716,srpes
2717,lead new
2718,spectroscopy xaes
2719,understanding reaction
2720,study model
2721,understanding reaction mechanism various heterogeneous catalytic process fundamental importance group main goal catalyst increase rate reaction achieved creating new energetic pathway reaction
2722,order draw
2723,necessity group
2724,increase rate
2725,ray induced auger electron spectroscopy xaes
2726,model catalyst
2727,system important
2728,synchrotron radiation
2729,ultra violet
2730,activation energy
2731,secondary ion mass spectroscopy sims situ catalytic treatment
2732,safe conclusion
2733,catalyst reactant
2734,composition electronic property outermost atomic layer solid material
2735,information derived
2736,draw safe
2737,undergo structural
2738,situ study
2739,nap xps
2740,high vacuum
2741,reaction achieved
2742,interaction lead
2743,important order
2744,catalyst necessity
2745,use ray
2746,ion mass
2747,ray induced
2748,reaction mechanism
2749,heterogeneous catalytic
2750,spectroscopy sims
2751,energy end
2752,various heterogeneous
2753,sims situ
2754,atomic layer
2755,pathway reaction
2756,ultra high
2757,change reaction
2758,solid material
2759,group use
2760,catalytic process
2761,temperature programmed
2762,desorption tpd
2763,efficient technique
2764,spectroscopy xps
2765,reaction use
2766,catalyst increase
2767,mechanism various
2768,secondary ion
2769,composition electronic
2770,ray synchrotron
2771,auger electron
2772,use efficient
2773,electronic property
2774,energetic pathway
2775,situ catalytic
2776,fpga overlay
2777,specialpurpose processor
2778,data analytics
2779,heat transfer fluid flow phase change solidification melting casting
2780,change solidification
2781,khan modeling
2782,dr khan
2783,distribution machining
2784,fluid flow
2785,cfd analysis combustion process etc
2786,temperature distribution
2787,micro channel heat transfer
2788,melting casting
2789,related contaminant
2790,ic engine
2791,combustion process
2792,transport room
2793,channel heat
2794,dr khan modeling manufacturing process
2795,solidification melting
2796,process etc
2797,thermodynamic analysis ic engine
2798,analysis combustion
2799,welding
2800,micro channel
2801,thermodynamic analysis
2802,flow phase
2803,phase change
2804,temperature distribution machining
2805,analysis ic
2806,experimental fluid
2807,computational experimental fluid dynamic related contaminant transport room
2808,transfer porous
2809,heat transfer porous medium
2810,porous medium
2811,dynamic related
2812,computational experimental
2813,cfd analysis
2814,contaminant transport
2815,modeling manufacturing
2816,dynamic behavior material
2817,multifunctional material
2818,image correlation
2819,dynamic behavior
2820,digital image correlation
2821,digital image
2822,power including
2823,dr knight
2824,alternative us
2825,dr knight area advanced nuclear fuel material
2826,including hydrogen
2827,fuel cycle
2828,nuclear fuel cycle
2829,us nuclear
2830,advanced nuclear
2831,space nuclear
2832,nuclear power
2833,nuclear safeguard
2834,space nuclear power propulsion
2835,fuel material
2836,area advanced
2837,power propulsion
2838,knight area
2839,alternative us nuclear power including hydrogen
2840,health safety monitoring
2841,smart workplace
2842,virtual assistant
2843,internet thing
2844,health safety
2845,threat assessment
2846,internet thing iot
2847,threat assessment risk management
2848,sensor network
2849,tarmo koppel
2850,smart manufacturing
2851,topic ai
2852,industry
2853,safety monitoring
2854,remote sensing
2855,thing iot
2856,assessment risk
2857,application business
2858,business virtual
2859,tarmo koppel topic ai application business virtual assistant chatbots
2860,ai application
2861,koppel topic
2862,assistant chatbots
2863,risk management
2864,productivity enhancement
2865,conversion
2866,ammonia decomposition
2867,heterogeneous catalysis
2868,ammonia decomposition synthesis
2869,decomposition synthesis
2870,highthroughput screening
2871,nanostructured oxide
2872,oxide electrocatalysis
2873,relationship mechanical
2874,rupture arterial
2875,syndrome material
2876,aim develop method identify patient elevated risk acute cardiovascular syndrome material failure play major role use experimental computational approach understand artery wall failure mechanism collaborate faculty mechanical engineering uofsc
2877,reduce incidence
2878,result adverse
2879,patient elevated
2880,surgeon greenville
2881,type factor
2882,mechano sensitive
2883,material failure
2884,plaque progression
2885,new blood
2886,evidence suggests
2887,interested intraplaque
2888,focus understanding
2889,study micromechanics arterial tissue failure plaque rupture arterial dissection
2890,computational approach
2891,model human
2892,loading environment
2893,adverse interaction
2894,sc lessner work focus vascular biology biomechanics atherosclerosis
2895,biological side
2896,vessel growth
2897,mouse model
2898,biomechanics front
2899,incidence plaque
2900,vascular biology
2901,interaction biomechanical
2902,biological factor
2903,biology biomechanics
2904,interplay type
2905,rupture result
2906,cause acute
2907,faculty mechanical
2908,sensitive gene
2909,intraplaque angiogenesis
2910,failure play
2911,emphasis mechanical
2912,rupture leading
2913,cardiovascular event
2914,work focus
2915,method identify
2916,identify patient
2917,cardiovascular syndrome
2918,aim develop
2919,lessner work
2920,greenville hospital
2921,order develop
2922,elevated risk
2923,rupture biological
2924,musc
2925,leading cause
2926,mechanical failure
2927,mechanical loading
2928,mechano sensitive gene expression biomechanics front
2929,palmetto health
2930,understand artery
2931,sc lessner
2932,transgenic mouse
2933,major role
2934,destabilizing factor plaque progression use transgenic mouse model human endarterectomy specimen examine relationship mechanical loading environment
2935,matrix organization
2936,failure plaque
2937,angiogenesis atherosclerotic
2938,stroke evidence
2939,play major
2940,tissue failure
2941,role use
2942,develop method
2943,acute cardiovascular
2944,human endarterectomy
2945,factor plaque
2946,examine relationship
2947,specimen examine
2948,order develop method reduce incidence plaque rupture biological side
2949,focus vascular
2950,use transgenic
2951,new blood vessel growth
2952,use experimental
2953,together vascular
2954,together vascular surgeon greenville hospital
2955,method reduce
2956,progression use
2957,artery wall
2958,vascular surgeon
2959,risk acute
2960,rupture intraplaque
2961,arterial dissection
2962,collaborate faculty
2963,biomechanical biological
2964,biomechanics atherosclerosis
2965,blood vessel
2966,approach understand
2967,arterial tissue
2968,suggests plaque
2969,understanding interplay
2970,plaque rupture
2971,emphasis mechanical failure plaque rupture intraplaque angiogenesis atherosclerotic plaque rupture leading cause acute cardiovascular event heart attack stroke evidence suggests plaque rupture result adverse interaction biomechanical biological factor focus understanding interplay type factor
2972,micromechanics arterial
2973,expression biomechanics
2974,endarterectomy specimen
2975,wall failure
2976,particularly interested intraplaque angiogenesis
2977,factor focus
2978,study micromechanics
2979,experimental computational
2980,mechanism collaborate
2981,failure mechanism
2982,destabilizing factor
2983,event heart
2984,jeremy lewis teach various undergraduate course
2985,lewis teach
2986,jeremy lewis
2987,controlling two
2988,flow physic
2989,phase heat
2990,prediction
2991,verifying theory
2992,theory two
2993,behavior application
2994,application theory
2995,flow micro
2996,phase transport
2997,dr li
2998,aim basic
2999,li micro
3000,scale two
3001,control modeling aim basic developing verifying theory two phase transport behavior application theory towards controlling two phase heat flow micro nano scale
3002,dr li micro nano scale two phase heat flow physic
3003,theory towards
3004,heat flow
3005,developing verifying
3006,transport behavior
3007,towards controlling
3008,two phase
3009,modeling aim
3010,basic developing
3011,control modeling
3012,maternal fetal
3013,lipid protein
3014,fundamental biochemical
3015,binding kinetics
3016,including tumor cell usually show increased ev secretion level similar cell
3017,candidate diagnostic
3018,diagnostics assay
3019,limited setting
3020,prognostic biomarkers
3021,biosensors study
3022,surface plasmon
3023,g tuberculosis
3024,vitro diagnostics
3025,similar cell
3026,ev secretion
3027,genomics biomarkers
3028,study inform
3029,contain specific
3030,transmission project
3031,similar two
3032,working clinician validate assay performance detection active tuberculosis risk assessment hiv maternal fetal transmission project translational biomarkers biosensors enable personalized medicine cell type abundantly secrete extracellular vesicle ev
3033,biomarkers inside
3034,lipid bilayers
3035,usually show
3036,biomolecules excellent
3037,biomarkers biosensors
3038,permit monitoring
3039,application drug
3040,generic biosensing
3041,possess similar
3042,potential application drug development drug resistance study
3043,based tool
3044,identification novel proteomics genomics biomarkers inside enable early detection personalized treatment regimen cancer patient project nanostructure based tool fundamental biochemical study generic biosensing platform fundamental biochemical study inform medical pharmaceutical developing nanostructure based localized surface plasmon resonance lspr biosensors study biomolecule interaction nanostructures covered lipid bilayers mimic bacteria cell membrane
3045,treatment monitoring
3046,enable personalized
3047,protein peptide
3048,covered lipid
3049,rna dna fragment reflect phenotypic state cell origin biomolecules excellent candidate diagnostic prognostic biomarkers work ha focused isolation circulating ev using nanomaterials microfluidics based technology
3050,monitoring infectious
3051,bilayer contain
3052,clinician validate
3053,thus permit
3054,tumor cell
3055,composed lipid
3056,clinical translation
3057,lipid bilayer
3058,early detection
3059,platform fundamental
3060,signal nanostructures
3061,lipid
3062,biomarkers work
3063,project nanostructure
3064,increased ev
3065,setting nanopores
3066,circulating biomarkers
3067,rna dna
3068,reflect phenotypic
3069,development drug
3070,cell usually
3071,point care
3072,nanomaterials microfluidics
3073,treatment regimen
3074,hiv maternal
3075,patient project
3076,performance detection
3077,monitoring low
3078,ev composed lipid bilayer contain molecular component cell
3079,state cell
3080,low abundance
3081,possess similar two dimensional fluidity
3082,inform medical
3083,biomarkers goal
3084,resistance study
3085,diagnostic prognostic
3086,ha focused
3087,potential application
3088,cancer patient
3089,secrete extracellular
3090,tool fundamental
3091,plasmon resonance
3092,lspr signal
3093,abundance circulating
3094,mimic bacteria
3095,ultrasensitive quantitation
3096,show increased
3097,regimen cancer
3098,capable ultrasensitive
3099,bacteria cell
3100,two dimensional
3101,high burden
3102,area future
3103,hiv resource
3104,cell origin
3105,care diagnostics
3106,vesicle ev
3107,working clinician
3108,using nanomaterials
3109,inside enable
3110,specific lipid
3111,contain molecular
3112,project develop
3113,develop portable
3114,drug development
3115,identification novel
3116,nanostructures covered
3117,detection personalized
3118,component cell
3119,project point care diagnostics resource limited setting nanopores capable ultrasensitive quantitation single protein peptide
3120,nanopores capable
3121,readily engineered contain specific lipid protein lspr signal nanostructures indicate binding kinetics biomolecules lipid bilayers
3122,assay using
3123,focused isolation
3124,assessment hiv
3125,biochemical study
3126,drug resistance
3127,isolation circulating
3128,engineered contain
3129,novel proteomics
3130,readily engineered
3131,phenotypic state
3132,medical pharmaceutical
3133,lspr biosensors
3134,infectious disease
3135,biosensors enable
3136,circulating ev
3137,technology rapid
3138,ev composed
3139,type abundantly
3140,molecular component
3141,translational biomarkers
3142,based localized
3143,active tuberculosis
3144,future clinical
3145,study biomolecule
3146,enable early
3147,nanostructures indicate
3148,single protein
3149,detection active
3150,localized surface
3151,origin biomolecules
3152,biosensing platform
3153,diagnosis treatment
3154,biomolecules lipid
3155,secretion level
3156,ev using
3157,diagnostics resource
3158,hiv resource limited high burden area future clinical translation
3159,limited high
3160,dimensional fluidity
3161,based technology
3162,personalized treatment
3163,nanostructure based
3164,biomolecule interaction
3165,rapid diagnosis
3166,project point
3167,bilayers mimic
3168,resource limited
3169,using nanopore
3170,thus permit monitoring low abundance circulating biomarkers goal project develop portable vitro diagnostics assay using nanopore technology rapid diagnosis treatment monitoring infectious disease g tuberculosis
3171,fetal transmission
3172,personalized medicine
3173,portable vitro
3174,assay performance
3175,goal project
3176,burden area
3177,quantitation single
3178,risk assessment
3179,fragment reflect
3180,study generic
3181,level similar
3182,disease g
3183,excellent candidate
3184,protein lspr
3185,tuberculosis risk
3186,microfluidics based
3187,developing nanostructure
3188,including tumor
3189,project translational
3190,indicate binding
3191,kinetics biomolecules
3192,cell membrane
3193,abundantly secrete
3194,pharmaceutical developing
3195,nanopore technology
3196,proteomics genomics
3197,validate assay
3198,medicine cell
3199,extracellular vesicle
3200,dna fragment
3201,resonance lspr
3202,interaction nanostructures
3203,protein
3204,management disposal
3205,recycle manufacturing
3206,nuclear engineering
3207,pond closure
3208,loiselle nuclear
3209,professor loiselle nuclear engineering
3210,professor loiselle
3211,environmental remediation
3212,emphasis waste
3213,epa pond
3214,emphasis waste management disposal epa pond closure metal recycle manufacturing
3215,closure metal
3216,metal recycle
3217,waste management
3218,disposal epa
3219,mobile security
3220,software engineering
3221,programming language
3222,sofware system security
3223,sofware system
3224,system security
3225,retention
3226,undergraduate teaching
3227,asee executive
3228,part college
3229,engineering material
3230,lyon registered
3231,work engineering
3232,received phd
3233,recognized georgia
3234,full professor
3235,member engineering
3236,asee fellow
3237,division lyon
3238,served mechanical
3239,advanced full
3240,helped create
3241,also served
3242,ha mentored
3243,center teaching
3244,includes engineering
3245,service lyon
3246,activity provides
3247,litman distinguished professor award
3248,professor served
3249,education asee
3250,michael mungo
3251,jed lyon
3252,bedenbach distinguished service award
3253,ha served chair executive committee member division lyon ha also served mechanical engineering division asee executive committee member
3254,engineering undergraduate
3255,chair lyon
3256,faculty service
3257,georgia tech
3258,member division
3259,served first
3260,outstanding faculty
3261,served first faculty director lyon wa appointed associate dean academic affair college engineering computing promoted senior associate dean lyon wa elected fellow american society engineering education asee wa founding member engineering division asee
3262,faculty director
3263,served chair
3264,wa appointed
3265,wa elected
3266,college oversight
3267,outreach activity
3268,academic resource
3269,communication marketing
3270,scholarship area
3271,award uofsc
3272,alumnus award
3273,teaching fellow
3274,researcher addition
3275,academic program
3276,project ha
3277,resource assessment
3278,ha served
3279,provides college
3280,division chair lyon scholarship area mechanical engineering engineering education includes funded implementation project ha mentored assistant
3281,appointed associate
3282,distinguished service
3283,dean academic
3284,promoted senior
3285,secretary
3286,award outstanding
3287,directs outreach
3288,distinguished professor
3289,executive committee
3290,professor award
3291,first faculty
3292,senior associate dean academic affair
3293,undergraduate recruitment
3294,program level
3295,marketing team
3296,includes funded
3297,young alumnus
3298,helped create wide center teaching excellence
3299,area mechanical
3300,lyon ha
3301,teaching award
3302,lyon work
3303,award michael
3304,elected fellow
3305,director lyon
3306,professional engineer
3307,dr lyon directs undergraduate recruitment
3308,undergraduate director
3309,part college communication marketing team includes engineering education engineering material jed lyon received phd mechanical engineering georgia institute technology
3310,oversight academic
3311,dr lyon
3312,create wide
3313,computing promoted
3314,joined assistant professor department mechanical engineering
3315,college communication
3316,asee wa
3317,foundation award
3318,funded implementation
3319,implementation project
3320,program chair
3321,fellow american
3322,teaching excellence
3323,lyon scholarship
3324,graduation activity
3325,lyon directs
3326,division chair
3327,manages academic resource assessment service
3328,directs outreach activity
3329,phd mechanical
3330,material jed
3331,joined assistant
3332,team includes
3333,wide center
3334,wa founding
3335,tech outstanding
3336,engineer state
3337,educator ha
3338,educational foundation
3339,engineering division
3340,lyon wa
3341,dean lyon
3342,manages academic
3343,engineering engineering
3344,fellow teacher
3345,bedenbach distinguished
3346,mentored assistant
3347,advanced full professor served mechanical engineering undergraduate director
3348,registered professional
3349,division asee
3350,educational foundation award outstanding faculty service lyon registered professional engineer state
3351,founding member
3352,mungo undergraduate
3353,education engineering
3354,chair executive
3355,graduation activity provides college oversight academic program level
3356,fellow status
3357,directs undergraduate
3358,lyon work engineering educator ha recognized georgia tech outstanding young alumnus award uofsc award michael mungo undergraduate teaching award
3359,uofsc award
3360,teaching fellow teacher researcher addition asee fellow status
3361,lyon received
3362,education includes
3363,assessment service
3364,affair college
3365,teacher researcher
3366,addition asee
3367,litman distinguished
3368,senior associate
3369,georgia institute
3370,engineering georgia
3371,academic affair
3372,conduct experimental
3373,matta team
3374,structure sponsor
3375,stressor area
3376,facility corrosion
3377,quality earth
3378,earth masonry
3379,dr matta
3380,national institute standard technology
3381,ranging affordable
3382,affordable high
3383,emphasis extreme stressor area affordable high quality dwelling structure hazard mitigation strengthening repair civil structure multi scale multi functional reinforcement cement composite concrete load testing
3384,scale multi
3385,standard technology
3386,masonry advanced
3387,advanced cement
3388,team conduct
3389,monitoring assessment
3390,concrete load
3391,extreme stressor
3392,assessment constructed
3393,dr matta team conduct experimental theoretical construction material structural performance
3394,emphasis extreme
3395,monitoring assessment constructed facility corrosion steel concrete structure sponsor national science foundation
3396,cement composite
3397,institute standard
3398,ranging affordable high quality earth masonry advanced cement polymer matrix composite
3399,concrete structure
3400,high quality
3401,experimental theoretical
3402,reinforcement cement
3403,material structural
3404,national institute
3405,dwelling structure
3406,steel concrete
3407,theoretical construction
3408,matrix composite
3409,cement polymer
3410,constructed facility
3411,civil structure
3412,mitigation strengthening
3413,composite concrete
3414,load testing
3415,repair civil
3416,corrosion steel
3417,polymer matrix
3418,hazard mitigation
3419,structural performance
3420,quality dwelling
3421,strengthening repair
3422,functional reinforcement
3423,structure multi
3424,area affordable
3425,construction material
3426,sponsor national
3427,multi functional
3428,structure hazard
3429,instructor csce
3430,instructor csce class
3431,csce class
3432,security
3433,language processing
3434,natural language
3435,graph theory
3436,natural language processing
3437,project related hydrogen storage chemical hydride
3438,hazard dr
3439,society american
3440,carbonix llc
3441,mike matthew
3442,green chemistry ha raised funding ha published approximately journal paper ha served department chair
3443,improved understanding hydration state reaction product important decreasing total water utilization reaction
3444,journal paper
3445,major thrust
3446,biomedical application
3447,improved understanding
3448,matthew obtained
3449,underway group
3450,field thermodynamics
3451,chemical hydride
3452,state reaction
3453,deliquescence reaction
3454,hydride hydrogen
3455,application pem fuel cell funding nsf doe ha led expanded understanding role deliquescence reaction water vapor sodium borohydride addition
3456,thrust utilization
3457,american institute
3458,understanding hydration
3459,paper ha
3460,published approximately
3461,raised funding
3462,institute chemical
3463,understanding role
3464,society ac
3465,engineer two
3466,engineering chemistry
3467,utilization chemical
3468,protein respiratory
3469,american chemical
3470,approximately journal
3471,environmental health
3472,water vapor
3473,product important
3474,science aimed
3475,institute environmental
3476,conduct broad
3477,imaging bioengineering
3478,application supercritical
3479,cell funding
3480,utilization reaction
3481,indoor allergenic
3482,group first
3483,hydration state
3484,nsf doe
3485,aimed abatement
3486,institute biomedical
3487,three sbir
3488,biomedical imaging
3489,obtained ph
3490,chair industrial engineering chemistry division american chemical society ac currently serf committee environmental improvement ac fellow american chemical society american institute chemical engineer two major thrust underway group first deal application supercritical carbon dioxide biomedical application funding national institute biomedical imaging bioengineering ha focused development novel technology sterilization disinfection synthetic natural biomaterials funding national institute environmental health science aimed abatement indoor allergenic protein respiratory hazard dr matthew founded carbonix llc aid three sbir grant niehs second thrust utilization chemical hydride hydrogen storage medium
3491,natural biomaterials
3492,development novel
3493,technology sterilization
3494,dioxide biomedical
3495,storage chemical
3496,expanded understanding
3497,borohydride addition
3498,improvement ac
3499,grant niehs
3500,department chair
3501,abatement indoor
3502,ac currently
3503,sbir grant
3504,thrust underway
3505,llc aid
3506,environmental improvement
3507,project related
3508,served department
3509,dr matthew
3510,chemistry division
3511,division american
3512,funding national
3513,funding nsf
3514,aid three
3515,supercritical carbon
3516,currently serf
3517,texas joined
3518,matthew founded
3519,funding ha
3520,chemical engineer
3521,respiratory hazard
3522,green chemistry
3523,joined teach
3524,niehs second
3525,role deliquescence
3526,deal application
3527,vapor sodium
3528,total water
3529,broad field
3530,two major
3531,biomaterials funding
3532,carbon dioxide
3533,serf committee
3534,disinfection synthetic
3535,related hydrogen
3536,first deal
3537,bioengineering ha
3538,ha raised
3539,decreasing total
3540,ac fellow
3541,second thrust
3542,storage medium
3543,application funding
3544,sodium borohydride
3545,reaction product
3546,led expanded
3547,teach conduct
3548,doe ha
3549,sterilization disinfection
3550,industrial engineering
3551,health science
3552,focused development
3553,chair industrial
3554,professor mike
3555,founded carbonix
3556,synthetic natural
3557,committee environmental
3558,chemistry ha
3559,reaction water
3560,ha led
3561,water utilization
3562,chemical society
3563,professor mike matthew obtained ph texas joined teach conduct broad field thermodynamics
3564,application pem
3565,important decreasing
3566,dr mcanally
3567,reform civil
3568,cost portable
3569,metal removal
3570,low cost
3571,municipal wastewater
3572,optimization study
3573,corrosion control
3574,production using
3575,study potable
3576,recent project
3577,wetland application
3578,water wastewater
3579,water treatment
3580,industrial waste
3581,constructed wetland application industrial municipal wastewater treatment education reform civil environmental engineering
3582,application developing
3583,portable water
3584,technology application
3585,heavy metal
3586,education reform
3587,treatment heavy
3588,using low
3589,appropriate technology
3590,waste minimization
3591,developing community
3592,mcanally focus
3593,project optimization
3594,treatment education
3595,potable water
3596,environmental engineering
3597,unit area
3598,focus water
3599,particularly appropriate
3600,area water
3601,dr mcanally focus water wastewater treatment
3602,application industrial
3603,water production
3604,constructed wetland
3605,civil environmental
3606,wastewater treatment
3607,particularly appropriate technology application developing community recent project optimization study potable water production using low cost portable water treatment unit area water treatment heavy metal removal corrosion control
3608,removal corrosion
3609,industrial municipal
3610,community recent
3611,industrial waste minimization
3612,treatment unit
3613,mccants nanofluids
3614,computational fluid
3615,electronics thermal management
3616,dr mccants
3617,dr mccants nanofluids heat transfer mechanic
3618,transfer mechanic
3619,electronics thermal
3620,dynamic heat
3621,nanofluids heat
3622,experimental computational fluid dynamic heat transfer
3623,reverse engineering
3624,dr mcneill
3625,mechanic reverse
3626,experimental mechanic reverse engineering
3627,mcneill computer
3628,dr mcneill computer vision
3629,microprocessor
3630,hydrogen generation
3631,solid state electrochemistry
3632,photoelectrochemistry
3633,state electrochemistry
3634,solid state
3635,problem involving
3636,method simulate
3637,thermal analysis glow discharge show importance accurate temperature analysis glow discharge simulation
3638,range fluid
3639,simulate phase
3640,discharge show
3641,importance accurate
3642,applying previously
3643,glow discharge
3644,involving reactive
3645,method applying
3646,continuous method
3647,application specially
3648,cooling industry
3649,interested numerical
3650,flow heat
3651,previously developed
3652,scale used
3653,solution problem
3654,developed method
3655,temperature analysis
3656,focused developing
3657,numerical solution
3658,accurate temperature
3659,specially focused
3660,developing new
3661,used various
3662,new numerical
3663,analyze wide
3664,focused continuous
3665,change micro
3666,discharge simulation
3667,reactive flow
3668,interested numerical solution problem involving reactive flow heat transfer focused developing new numerical method applying previously developed method analyze wide range fluid flow heat transfer application specially focused continuous method simulate phase change micro nano scale used various cooling industry
3669,transfer focused
3670,transfer application
3671,various cooling
3672,thermal analysis
3673,analysis glow
3674,numerical method
3675,show importance
3676,method analyze
3677,higher output
3678,focus heterogeneous
3679,either changing
3680,support perhaps
3681,applied wide
3682,silica supported composition ag pt
3683,transformation hydrocarbon
3684,difficult correlate
3685,result selective
3686,selective oxidation biomass molecule glycerol
3687,laboratory us
3688,salt onto
3689,ed result selective deposition secondary metal onto metallic surface formation isolated crystallite secondary metal catalyst support perhaps importantly
3690,cu pd
3691,changing catalyst
3692,either preparative
3693,rational catalyst
3694,onto pre
3695,range metal
3696,whereby controlled chemical reaction used deposit metal salt onto catalytic metal site ha activated reducing agent process may either catalytic deposition metal salt metal solution onto pre existing metal metal support autocatalytic deposition metal salt metal onto reduced
3697,doe occur
3698,site permit
3699,onto reduced
3700,current design
3701,industrially relevant
3702,tested electrocatalysts
3703,active surface
3704,ensure formation
3705,catalyst design
3706,composition ag
3707,deposition secondary
3708,prepared large
3709,design synthesis
3710,novel bimetallic
3711,formation separate metallic particle metal doe occur thus
3712,metal solution
3713,proximity bimetallic
3714,chemical higher
3715,performance bimetallic
3716,selective oxidation
3717,crystallite secondary
3718,currently funded
3719,synthesis often
3720,surface site
3721,onto metallic
3722,deposited metal metal
3723,depending nature activated metal site reducing agent principle
3724,contiguous proximity
3725,using electroless
3726,olefin reaction
3727,deposition supported
3728,ensemble catalytic
3729,carried either
3730,output pem
3731,large number
3732,catalytic surface
3733,hydrogenation multi
3734,step metal
3735,nature activated
3736,autocatalytic deposition
3737,whereby controlled
3738,single pas
3739,virtually impossible
3740,particle metal
3741,metal catalyst
3742,reaction selective
3743,property catalytic
3744,opportunity changing
3745,composition laboratory
3746,six two
3747,metal doe
3748,catalyst synthesis
3749,formation bimetallic
3750,oxidation biomass
3751,catalyst performance
3752,metal contiguous
3753,us electroless
3754,controlled chemical
3755,ag pt
3756,reducing agent
3757,catalytic deposition
3758,st ambrose
3759,plug flow
3760,site ha
3761,pas plug
3762,high pressure
3763,afford great
3764,electroless deposition
3765,number bimetallic
3766,biomass molecule
3767,onto catalyst
3768,industrial company
3769,synthesis novel
3770,stirred tank
3771,formation separate
3772,either changing catalyst surface ensemble catalytic site permit selected reaction pathway
3773,reaction pathway
3774,either simultaneous
3775,chemical reaction
3776,pt rh
3777,addition either
3778,occur thus
3779,isolated crystallite
3780,surface ensemble
3781,often carried
3782,surface formation
3783,two high
3784,modifying electronic
3785,ranging rational catalyst design synthesis characterization evaluation current design synthesis novel bimetallic catalyst selective transformation hydrocarbon higher value chemical higher output pem fuel cell bimetallic catalyst afford great opportunity changing performance
3786,surface placing
3787,deposition ed
3788,catalytic site
3789,agent process
3790,metal metal
3791,may either
3792,ranging rational
3793,process applied
3794,selective deposition
3795,ha activated
3796,selective hydrogenation multi functional olefin reaction conducted either automated
3797,support autocatalytic
3798,several industrial
3799,catalyst composition
3800,changing performance
3801,tank reactor
3802,selected reaction
3803,virtually impossible ensure formation bimetallic particle rather
3804,difficult characterize
3805,reactor six
3806,selective transformation
3807,perhaps importantly
3808,silica supported
3809,project currently
3810,catalyst support
3811,support successive
3812,supported composition
3813,metal prepared
3814,value chemical
3815,activated reducing
3816,used deposit
3817,introducing bifunctionality active surface placing different catalytic metal contiguous proximity bimetallic catalyst synthesis often carried either simultaneous co impregnation metal salt onto catalyst support successive step metal salt addition either preparative method
3818,process may
3819,existing metal
3820,modifying electronic property catalytic surface site
3821,agent principle
3822,metal salt
3823,ed industrially relevant process applied wide range metal prepared large number bimetallic catalyst using electroless deposition supported carbon
3824,catalyst selective
3825,molecule glycerol
3826,onto catalytic
3827,catalytic system
3828,selective epoxidation
3829,epoxidation olefin
3830,great opportunity
3831,activated metal
3832,solution onto
3833,hydrocarbon higher
3834,cell bimetallic
3835,formation isolated
3836,rh tested
3837,successive step
3838,evaluated traditional
3839,pt co
3840,co impregnation
3841,pressure batch
3842,characterization evaluation
3843,doe
3844,salt addition
3845,au pd
3846,bifunctionality active
3847,traditional catalytic
3848,catalytic reaction
3849,metal site
3850,even difficult correlate catalyst performance bimetallic catalyst composition laboratory us electroless deposition ed
3851,catalytic metal
3852,pre existing
3853,pt pd
3854,several industrial company
3855,site reducing
3856,ed result
3857,placing different
3858,correlate catalyst
3859,deposit metal
3860,pt rh tested electrocatalysts pem fuel cell
3861,either catalytic
3862,impossible ensure
3863,relevant process
3864,pd evaluated
3865,preparative method
3866,bimetallic particle
3867,evaluation current
3868,deposition metal
3869,secondary metal
3870,metallic surface
3871,group focus heterogeneous catalysis
3872,metal onto
3873,introducing bifunctionality
3874,catalyst using
3875,metallic particle
3876,particle rather
3877,catalyst afford
3878,simultaneous co
3879,separate metallic
3880,salt metal
3881,ed industrially
3882,supported carbon
3883,conducted either
3884,either automated
3885,flow reactor
3886,difficult characterize catalytic system
3887,higher value
3888,different catalytic
3889,deposited metal
3890,depending nature
3891,functional olefin
3892,reactor project
3893,permit selected
3894,characterize catalytic
3895,electrocatalysts pem
3896,single pas plug flow reactor six two high pressure batch stirred tank reactor project currently funded nsf
3897,bimetallic catalyst
3898,impregnation metal
3899,even difficult
3900,selective hydrogenation
3901,reaction used
3902,group focus
3903,funded nsf
3904,wisconsin milwaukee
3905,batch stirred
3906,cu pd evaluated traditional catalytic reaction selective epoxidation olefin
3907,reaction conducted
3908,ranging space
3909,morehouse student
3910,engine application
3911,system dr
3912,conventional hvac
3913,involved conventional
3914,storage system
3915,project evaporative
3916,long associated
3917,change storage
3918,space based
3919,currently involved
3920,coupled heat
3921,pump phase
3922,cell power
3923,ground coupled
3924,design analysis
3925,ranging space based fuel cell power system ground coupled heat pump phase change storage system dr morehouse ha long associated solar energy system design analysis currently involved conventional hvac control project evaporative system application humid climate
3926,analysis currently
3927,broad range
3928,evaporative system
3929,range thermodynamic
3930,control project
3931,investigated broad
3932,system ground
3933,dr morehouse
3934,based fuel
3935,heat engine
3936,ha long
3937,associated solar
3938,humid climate
3939,student investigated
3940,heat pump
3941,dr morehouse student investigated broad range thermodynamic heat engine application
3942,thermodynamic heat
3943,application humid
3944,morehouse ha
3945,hvac control
3946,system application
3947,power system
3948,including nf kb activation correlating change ab aggregation cellular effect assist effort design effective therapeutic agent alzheimer disease therapy
3949,dynamic light
3950,one therapeutic
3951,apoptosis endothelial
3952,design effective
3953,kb activation
3954,seek determine various aggregation product affect neuronal vascular cell particular
3955,product affect
3956,interested ab stimulation neuronal apoptosis endothelial inflammatory response
3957,involvement protein
3958,determine various
3959,accumulate brain
3960,brain associated
3961,associated neuronal
3962,change ab
3963,atomic force microscopy furthermore
3964,inhibitor attenuate
3965,alzheimer disease
3966,sc moss
3967,various aggregation
3968,agent alzheimer
3969,inhibition aggregation
3970,emerged one
3971,interested ab
3972,aggregation ha
3973,aggregation process
3974,inhibition aggregation ha emerged one therapeutic approach alzheimer disease focus understand aggregation process identify characterize inhibitor attenuate aggregation utilize myriad biophysical technique including chromatography
3975,electron microscopy
3976,including chromatography
3977,ab aggregation
3978,assist effort
3979,yield plaque
3980,understand aggregation
3981,western blotting
3982,effort design
3983,aggregate fibril
3984,vascular cell
3985,characterize inhibitor
3986,primarily amyloid
3987,therapeutic agent
3988,activation correlating
3989,composed primarily
3990,cell particular
3991,myriad biophysical
3992,ha emerged
3993,aggregation alzheimer
3994,neuronal vascular
3995,approach alzheimer
3996,affect neuronal
3997,light scattering
3998,aggregation product
3999,loss cerebrovasculature
4000,ab stimulation
4001,perpetuate stoke
4002,seek determine
4003,endothelial inflammatory
4004,neuronal loss
4005,neuronal apoptosis
4006,aggregation cellular
4007,stimulation neuronal
4008,plaque composed
4009,may perpetuate
4010,nf kb
4011,microscopy furthermore
4012,plaque consequently
4013,therapeutic approach
4014,fibril deposit
4015,protein aggregation
4016,disease one
4017,deposit yield
4018,including nf
4019,effect assist
4020,effective therapeutic
4021,disease therapy
4022,correlating change
4023,atomic force
4024,aggregation utilize
4025,process identify
4026,sc moss focus involvement protein aggregation alzheimer disease one hallmark alzheimer disease senile plaque accumulate brain associated neuronal loss cerebrovasculature may perpetuate stoke plaque composed primarily amyloid protein aggregate fibril deposit yield plaque consequently
4027,static dynamic light scattering
4028,cerebrovasculature may
4029,hallmark alzheimer
4030,attenuate aggregation
4031,one hallmark
4032,plaque accumulate
4033,utilize myriad
4034,disease senile
4035,senile plaque
4036,focus understand
4037,identify characterize
4038,fluorescence spectroscopy
4039,moss focus
4040,amyloid protein
4041,focus involvement
4042,protein aggregate
4043,force microscopy
4044,dot blotting
4045,stoke plaque
4046,static dynamic
4047,biophysical technique
4048,cellular effect
4049,disease focus
4050,room main st columbia
4051,st columbia
4052,pm pm
4053,tr pm
4054,sc tr
4055,main st
4056,sc tr pm pm
4057,synthesis
4058,mobile computing
4059,computer networking
4060,wireless networking
4061,synthesis characterization mesoporous heterogeneous catalyst oxidative destruction volatile organic compound application automotive exhaust emission control
4062,utilizing experimental
4063,including electro
4064,combination fluid
4065,waste water
4066,hydrogen production
4067,innovative combination
4068,application nano
4069,radioactive waste
4070,levee levee
4071,heating cooling
4072,high liquid
4073,heterogeneous catalysis separation enhanced electric field including electro mixing
4074,heterogeneous catalyst
4075,electro mixing
4076,biofuel production
4077,street room
4078,analysis application
4079,catalyst hydrogen
4080,liquid flow
4081,driven air
4082,water gas
4083,engine driven
4084,characterization mesoporous
4085,high liquid flow packed tower optimal gas liquid phase interaction
4086,riahi nezhad
4087,hydraulic fluid mechanic utilizing experimental numerical analysis application flow breached levee levee closure
4088,packed tower
4089,drop electro coalescence application biofuel production
4090,electric field
4091,application nano catalyst hydrogen production using water gas shift reaction
4092,shift reaction
4093,optimal gas
4094,emission control
4095,field including
4096,numerical analysis
4097,flow packed
4098,mesoporous heterogeneous
4099,oxidative destruction
4100,coalescence application
4101,electro coalescence
4102,compound application
4103,radioactive waste treatment
4104,automotive exhaust
4105,gas engine driven air conditioning gedac heating cooling
4106,exhaust emission
4107,levee closure
4108,using water
4109,conditioning gedac
4110,separation enhanced
4111,gas liquid
4112,application flow
4113,separation science
4114,gas shift
4115,organic compound
4116,gedac heating
4117,hydraulic fluid
4118,drop electro
4119,gas engine
4120,catalysis separation
4121,destruction volatile
4122,application automotive
4123,mechanic utilizing
4124,tannery waste
4125,application biofuel
4126,enhanced electric
4127,specialization based
4128,flow breached
4129,based innovative
4130,air conditioning
4131,catalyst oxidative
4132,volatile organic
4133,nezhad broad
4134,liquid phase
4135,breached levee
4136,main street room
4137,tannery waste water treatment
4138,riahi nezhad broad area specialization based innovative combination fluid mechanic
4139,tower optimal
4140,robotics
4141,james reilly
4142,james reilly teach various undergraduate course
4143,reilly teach
4144,development characterization
4145,alternate energy
4146,engineering chemical
4147,chemical technology
4148,ortiz hernandez background involves study heterogeneous catalytic system reaction condition involves development characterization new catalytic material application environmental alternate energy system also interested use analytical instrumentation technique characterization material study chemical reaction experience involves teaching developing new curriculum area chemical engineering chemical technology
4149,interested use
4150,ortiz hernandez
4151,environmental alternate
4152,reaction condition
4153,material application
4154,experience involves
4155,puerto rico
4156,area chemical
4157,characterization new
4158,curriculum area
4159,new catalytic
4160,instrumentation technique
4161,material study
4162,system also
4163,use analytical
4164,also interested
4165,hernandez background
4166,condition involves
4167,technique characterization
4168,background involves
4169,application environmental
4170,study chemical
4171,ch
4172,teaching developing
4173,involves development
4174,involves study
4175,system reaction
4176,reaction experience
4177,involves teaching
4178,analytical instrumentation
4179,new curriculum
4180,study heterogeneous
4181,modelling group
4182,resolution linear
4183,honored imperial
4184,linear dynamic
4185,transient coastal
4186,coupled fluid solid modelling discrete element method
4187,inversion transient
4188,industry council
4189,ha core
4190,numerical shape
4191,error measure
4192,mesh adaptivity
4193,winning excellence
4194,college london
4195,coastal flow
4196,uk also head applied computation modelling group amcg
4197,neutral particle radiation transport
4198,applied computation
4199,london icl
4200,active scientist
4201,dynamic including
4202,phase ocean
4203,majority activity
4204,electrical inversion
4205,adaptive multi
4206,graduated phd
4207,flow using
4208,optimisation
4209,group amcg
4210,geophysical fluid
4211,imaging
4212,academic general
4213,numerical shape description differential geometry original author general purpose parallel computational fluid dynamic code fluidity foundation majority activity key proposal
4214,discretization technique
4215,seismic inversion
4216,solution technique
4217,grouping icl
4218,modelling feature
4219,impact cratering wa honored imperial college london winning excellence award
4220,solid modelling
4221,oceanography geophysical fluid dynamic
4222,parallel computational
4223,including multi
4224,wa honored
4225,modelling ha
4226,fluid including
4227,cratering wa
4228,author general
4229,discrete element
4230,imperial college
4231,turbulence modelling
4232,adjoint method
4233,icl comprises
4234,specialises development
4235,engineering imperial
4236,largest grouping
4237,climate system
4238,inversion inversion
4239,linear equation
4240,technique earth
4241,department earth
4242,original author
4243,activity key
4244,amcg specialises
4245,anisotropic electrical
4246,head applied
4247,fluidity foundation
4248,radiation transport
4249,priori error
4250,particle radiation
4251,uk also
4252,recurrent feed
4253,ha included
4254,purpose parallel
4255,atmosphere climate
4256,dynamic code
4257,element method
4258,mesh adaptive multi phase ocean modelling feature inverse modelling ha included anisotropic electrical inversion
4259,innovative world
4260,also head
4261,description differential
4262,graduated phd student completed industry council grant
4263,dr pain professor department earth science engineering imperial college london icl
4264,foundation majority
4265,non linear
4266,modelling discrete
4267,multi phase
4268,inversion method
4269,priori error measure mesh adaptivity
4270,patent
4271,engineering biomedical
4272,london winning
4273,differential geometry
4274,general purpose
4275,group ha
4276,method ocean
4277,authored journal
4278,science group
4279,mesh adaptive
4280,key proposal
4281,completed industry
4282,resolution linear non linear equation
4283,dr pain
4284,world leading
4285,forward neural
4286,atmosphere climate system
4287,modelling technique
4288,measure mesh
4289,recognition world leading dr pain academic general computational fluid dynamic including multi phase flow
4290,fluid solid
4291,recognition world
4292,biomedical science
4293,core numerical
4294,non linear dynamic
4295,pain academic
4296,feed forward
4297,neutral particle
4298,parallel solution
4299,including multiphase
4300,largest grouping icl comprises active scientist amcg specialises development application innovative world leading modelling technique earth
4301,scientist amcg
4302,impact cratering
4303,development application
4304,council grant
4305,excellence award
4306,shape description
4307,using adjoint
4308,seismic inversion inversion transient coastal flow using adjoint method ha authored journal publication
4309,phase flow
4310,journal publication
4311,geometry original
4312,coupled fluid
4313,feature inverse
4314,general computational
4315,comprises active
4316,multiphase flow
4317,leading dr
4318,leading modelling
4319,student completed
4320,computation modelling
4321,pain professor
4322,ocean modelling
4323,oceanography geophysical
4324,engineering biomedical science group ha core numerical method ocean
4325,earth science
4326,engineering fluid
4327,code fluidity
4328,linear non
4329,recurrent feed forward neural network
4330,numerical
4331,method ha
4332,application innovative
4333,included anisotropic
4334,inverse modelling
4335,engineering fluid including multiphase flow
4336,including parallel solution technique
4337,endothelial smooth
4338,regulation vascular
4339,patel molecular
4340,smooth muscle
4341,vascular endothelial
4342,sc patel
4343,molecular regulation
4344,sc patel molecular regulation vascular endothelial smooth muscle cell
4345,heat transfer moisture migration problem building environment
4346,heat transfer phase change
4347,transfer moisture
4348,heat mass
4349,solar technology
4350,transfer problem
4351,liquid solar
4352,conjugate heat
4353,dr paul includes energy storage liquid solar technology
4354,thermal management microelectronics
4355,problem building
4356,energy storage
4357,management microelectronics
4358,moisture migration
4359,storage liquid
4360,mass transfer
4361,method conjugate
4362,building environment
4363,includes energy
4364,migration problem
4365,transfer phase
4366,numerical method conjugate heat mass transfer problem
4367,paul includes
4368,dr paul
4369,system study
4370,dr peter complex system study design
4371,complex system
4372,study design
4373,dr peter
4374,peter complex
4375,plante teach
4376,portia plante teach various undergraduate course
4377,portia plante
4378,kiril metodij
4379,dr popovpopov
4380,sc dr popovpopov readership worldwideph
4381,popovpopov readership
4382,readership worldwideph
4383,skopje
4384,sc dr
4385,zagreb
4386,illinois
4387,croatia
4388,macedonia
4389,hart
4390,known epithelial
4391,septum accomplished
4392,promotes fibroblastic
4393,region known
4394,therapeutic measure
4395,myriad congenital
4396,brook
4397,yost
4398,atrioventricular canal
4399,process known
4400,formed critical
4401,accomplished process
4402,prevalence congenital
4403,jd
4404,mesenchymal cell
4405,portion interventricular
4406,involve region
4407,transformation understanding
4408,epithelial mesenchymal
4409,burden myriad
4410,pathway atrioventricular
4411,heart particular
4412,mm
4413,cardiac malformation
4414,building foundation
4415,cell dev
4416,ra
4417,sociological personal
4418,canal formed
4419,understanding early
4420,canal av
4421,membranous portion
4422,markwald
4423,interventricular septum
4424,lineage pathway
4425,congenital cardiac
4426,fibroblastic lineage
4427,av valve
4428,tan
4429,measure norris
4430,sc prevalence
4431,dev dyn
4432,rr
4433,responsible production
4434,av av
4435,periostin promotes
4436,early heart
4437,sc prevalence congenital cardiac malformation place extreme sociological personal burden myriad congenital cardiac defect majority involve region known atrioventricular canal av av canal responsible production av valve membranous portion interventricular septum accomplished process known epithelial mesenchymal cell transformation understanding early heart particular av canal formed critical building foundation future therapeutic measure norris
4438,atrioventricular valve
4439,rl periostin promotes fibroblastic lineage pathway atrioventricular valve progenitor cell dev dyn
4440,known atrioventricular
4441,goodwin
4442,critical building
4443,valve membranous
4444,damon
4445,av canal
4446,foundation future
4447,place extreme
4448,rl periostin
4449,majority involve
4450,defect majority
4451,hoffman
4452,production av
4453,progenitor cell
4454,particular av
4455,cardiac defect
4456,personal burden
4457,canal responsible
4458,malformation place
4459,cell transformation
4460,extreme sociological
4461,valve progenitor
4462,potts
4463,junor
4464,mj
4465,future therapeutic
4466,geotechnics railroad
4467,mainly focusing
4468,transportation geotechnics
4469,arema committee
4470,two arema committee
4471,discrete element simulation currently serving committee member three trb committee
4472,mainly focusing heavy haul transit track structure
4473,focusing heavy
4474,yu qian
4475,infrastructure related
4476,high speed
4477,serving committee
4478,qian ha
4479,haul transit
4480,rail transportation
4481,simulation currently
4482,transportation committee
4483,dr yu qian ha working transportation geotechnics railroad infrastructure related
4484,working transportation
4485,transit track
4486,geosynthetics
4487,pavement
4488,track structure
4489,member three
4490,currently serving
4491,element simulation
4492,speed rail
4493,two arema
4494,high speed rail
4495,railroad infrastructure
4496,asce rail transportation committee
4497,asce rail
4498,dr yu
4499,heavy haul
4500,trb committee
4501,three trb
4502,measurement mechanical
4503,prediction application
4504,vision application
4505,modeling mechanical
4506,technology learning
4507,dr ranson
4508,invariant computer
4509,ranson scale
4510,application technology
4511,scale invariant
4512,dr ranson scale invariant computer vision application measurement mechanical system
4513,mathematical modeling
4514,mathematical modeling mechanical system measurement system life prediction application technology learning system
4515,measurement system
4516,application measurement
4517,system measurement
4518,system life
4519,notre dame
4520,physician leadership
4521,department information
4522,school rural
4523,board chair
4524,rhio also
4525,kentucky
4526,morehead state
4527,director northeast
4528,organization neky
4529,regional health
4530,regional extension
4531,faculty kentucky
4532,coordinating council
4533,chair rhio
4534,also serf
4535,kentucky state
4536,appointed national
4537,also adjunct
4538,professor arnold
4539,connecticutm
4540,chair health
4541,northeast kentucky
4542,himss innovation
4543,council kentucky
4544,college business
4545,management two
4546,five year
4547,dr regan
4548,recently appointed
4549,public health
4550,national himss
4551,health prior
4552,smith endowed
4553,state health
4554,exchange faculty
4555,medical school
4556,served chair department information system
4557,health system
4558,system management
4559,elmer donna
4560,information organization
4561,serf regional
4562,two year
4563,program wa
4564,chair department
4565,kentucky regional
4566,technology associate
4567,regan chair
4568,year
4569,first board
4570,endowed chair
4571,neky rhio
4572,year serf
4573,school public
4574,innovation committee
4575,kentucky dr
4576,elizabeth regan
4577,information exchange
4578,regan served
4579,member first
4580,wa recently
4581,founding member first board chair rhio also serf regional extension center eastern kentucky dr regan served five year coordinating council kentucky state health information exchange faculty kentucky medical school rural physician leadership program wa recently appointed national himss innovation committee
4582,professor health
4583,donna smith
4584,center eastern
4585,extension center
4586,elmer donna smith endowed chair health system management two year serf board director northeast kentucky regional health information organization neky rhio
4587,arnold school
4588,connecticutdr elizabeth
4589,kentucky medical
4590,technology also
4591,rural physician
4592,eastern kentucky
4593,connecticutdr elizabeth regan chair department integrated information technology associate professor health information technology also adjunct professor arnold school public health prior joining usc july
4594,leadership program
4595,serf board
4596,served five
4597,year coordinating
4598,dr reifsnider
4599,system performance
4600,term behavior
4601,behavior fuel
4602,damage tolerance strength life relationship material system performance life prognosis
4603,strength life
4604,life relationship
4605,relationship material
4606,damage tolerance
4607,material state
4608,material system
4609,long term
4610,performance life
4611,reifsnider durability
4612,tolerance strength
4613,state change
4614,material state change
4615,life prognosis
4616,cell science
4617,aging
4618,dr reifsnider durability
4619,long term behavior fuel cell science engineering
4620,perception
4621,coverage
4622,marine robotics
4623,slam
4624,cooperative localization
4625,dr reynolds
4626,quantitative fractographic analysis
4627,fatigue fracture
4628,quantitative fractographic
4629,fractographic analysis
4630,friction stir
4631,dr reynolds friction stir welding
4632,experimental micro mechanic
4633,stir welding
4634,experimental micro
4635,reynolds friction
4636,micro mechanic
4637,dr rhodes computer aided design
4638,rhodes computer
4639,computational fluid dynamic
4640,engineering manufacturing
4641,dr rhodes
4642,magnetic drug targeting
4643,material
4644,separation
4645,adsorption
4646,rail system
4647,hybrid method problem wave propagation
4648,track
4649,area structural mechanic emphasis railway highway infrastructure
4650,structural mechanic
4651,infrastructure bridge
4652,railway highway
4653,fem
4654,train rail
4655,etc iii bridge engineering high performance material civilian military application
4656,hybrid method
4657,mechanic emphasis
4658,tunnel
4659,civilian military bridge dr rizos expertise area structural mechanic modeling emphasis development implementation computational method bem
4660,modeling emphasis
4661,problem wave
4662,military application
4663,rizos expertise
4664,dem
4665,expertise area
4666,method bem
4667,passenger high
4668,speed railway
4669,iii bridge
4670,train rail trackbed soil interaction problem ii analysis design freight
4671,passenger high speed railway infrastructure bridge
4672,analysis design
4673,railway infrastructure
4674,bridge engineering
4675,material civilian
4676,trackbed soil
4677,computational method
4678,analysis multi
4679,development implementation
4680,method problem
4681,dr rizos
4682,interaction problem
4683,high speed rail system
4684,structure interaction
4685,civilian military
4686,implementation computational
4687,engineering high
4688,phase medium
4689,soil interaction
4690,transient analysis
4691,emphasis railway
4692,soil structure
4693,soil structure interaction
4694,transient analysis multi phase medium
4695,military bridge
4696,bridge dr
4697,emphasis development
4698,etc iii
4699,design freight
4700,problem ii
4701,rail trackbed
4702,highway infrastructure
4703,mechanic modeling
4704,performance material
4705,ii analysis
4706,material performance
4707,performance nuclear
4708,manufacturing concurrent engineering
4709,manufacturing concurrent
4710,concurrent engineering
4711,nuclear reactor
4712,dr robert material performance nuclear reactor
4713,product design
4714,dr robert
4715,robert material
4716,fluid transport property
4717,fluid transport
4718,transport property
4719,nanomaterials
4720,catalysis
4721,product innovation
4722,performed dr
4723,ensure long
4724,noise work
4725,kinematic dynamic
4726,new product
4727,software analysis
4728,medium size
4729,ha machine
4730,issue involving
4731,reduced noise
4732,ha done
4733,hold several
4734,involving kinematic
4735,rocheleau hold
4736,also performed
4737,overall design
4738,also done
4739,pro engineer
4740,dr rocheleau group ha machine design machine component design group ha done work optimizing design epicyclic gear train ensure long life reduced noise work ha also done helping small medium size company wide area product design issue design concept modeled using pro engineer design software analysis performed variety computer aided engineering tool group ha done work modeling balance plant pem fuel cell system overall design issue involving kinematic dynamic mechanism
4741,design issue
4742,machine design
4743,design concept
4744,variety computer
4745,done work
4746,long life
4747,modeling balance
4748,primarily new
4749,balance plant
4750,design epicyclic
4751,company wide
4752,aided engineering
4753,modeled using
4754,life reduced
4755,system overall
4756,design machine
4757,issue design
4758,small medium
4759,engineer design
4760,performed variety
4761,robot prosthetic device
4762,gear train
4763,also performed dr rocheleau hold several patent
4764,innovation device
4765,rocheleau group
4766,size company
4767,plant pem
4768,design software
4769,train ensure
4770,area product
4771,helping small
4772,work modeling
4773,primarily new product innovation device
4774,optimizing design
4775,design group
4776,prosthetic device
4777,dr rocheleau
4778,robot prosthetic
4779,analysis performed
4780,using pro
4781,done helping
4782,epicyclic gear
4783,machine component
4784,component design
4785,dynamic mechanism
4786,work optimizing
4787,tool group
4788,concept modeled
4789,engineering tool
4790,several patent
4791,wide area
4792,institute advanced
4793,fellow wa
4794,nsf equivalent
4795,new focus
4796,paper bioinformatics
4797,funding support
4798,wa formerly
4799,niac fellow
4800,bioinformatics core
4801,inbre bioinformatics
4802,support effort
4803,technical paper
4804,currently member
4805,commission higher
4806,well commission
4807,reasoning planning
4808,von humboldt
4809,humboldt foundation
4810,alexander von humboldt foundation
4811,recently received
4812,normative reasoning planning
4813,computational science area bioinformatics
4814,dod onr
4815,computational science
4816,dai multiagent system
4817,sequencing recently
4818,conducted funded
4819,formerly director
4820,sc inbre
4821,machine intelligence
4822,well commission higher education nasa institute advanced concept niac fellow wa formerly director sc inbre bioinformatics core major new focus group de novo peptide sequencing recently received nsf funding support effort
4823,science area
4824,director sc
4825,education nasa
4826,advanced concept
4827,computational chemistry conducted funded nsf
4828,peptide sequencing
4829,bmft german nsf equivalent
4830,nasa institute
4831,german nsf
4832,received nsf
4833,novo peptide
4834,author technical
4835,alexander von
4836,computational chemistry
4837,concept niac
4838,major new
4839,bmft german
4840,normative reasoning
4841,chemistry conducted
4842,currently member ieee author technical paper bioinformatics
4843,focus group
4844,de novo
4845,nsf funding
4846,ieee author
4847,nih
4848,member ieee
4849,dai multiagent
4850,core major
4851,group de
4852,area bioinformatics
4853,micro wind turbine
4854,microbial fuel
4855,bioremediation hazardous
4856,centered fluid
4857,ha methane hydrogen production
4858,energy technology
4859,wind turbine
4860,fermentable product
4861,specifically relate
4862,microbial fuel cell
4863,hazardous xenobiotic
4864,anaerobic process
4865,methane hydrogen
4866,molecule biofuel
4867,renewable energy technology centered fluid flow
4868,dr sabalowsky
4869,relate bioremediation
4870,xenobiotic molecule
4871,expertise anaerobic
4872,solar chimney
4873,prior expertise
4874,dr sabalowsky prior expertise anaerobic process
4875,specifically relate bioremediation hazardous xenobiotic molecule biofuel production
4876,product recently
4877,technology centered
4878,fermentable product recently
4879,micro wind
4880,wave attenuation
4881,sabalowsky prior
4882,ha methane
4883,environment design
4884,water remediation
4885,explore micro
4886,local energy
4887,sadati lab pursue bottom approach study structure
4888,vicinity cell
4889,micromachines navigate
4890,time structure
4891,assembly soft
4892,drug loading
4893,harvard
4894,design autonomous
4895,navigate efficiently
4896,postdoctoral associate
4897,actuation
4898,bacteria ability
4899,controlled release vicinity cell
4900,amirkabir technology
4901,structure rheology
4902,rheology microswimmers
4903,range application
4904,lab pursue
4905,systematic study
4906,feature among
4907,environment explore
4908,stimulus inspired
4909,topological defect
4910,material unique
4911,move complex
4912,responsive material
4913,name many
4914,release vicinity
4915,phd
4916,including tissue
4917,many application
4918,autonomous micromachines
4919,convert energy
4920,artificial active
4921,january postdoctoral
4922,property systematic
4923,motion regulate
4924,response external
4925,controlled cargo transport
4926,january postdoctoral associate
4927,directed motion
4928,real time
4929,unique architectural
4930,real time structure rheology
4931,micro rheology
4932,chicago
4933,study self
4934,microswimmers bacteria
4935,envisioned broad
4936,active micromotors
4937,complex environment
4938,remediation name
4939,dynamic
4940,tunable macroscopic
4941,study structure
4942,architectural feature
4943,microswimmers complex
4944,anisotropic component
4945,inspired biomechanics
4946,developed transduce
4947,biomechanics nature
4948,cargo transport
4949,energy directed
4950,bottom approach
4951,common feature
4952,polymer engineering
4953,application including
4954,ability convert
4955,artificial micromotors
4956,energy motion
4957,engineer responsive
4958,transduce local
4959,feature designed
4960,tunable macroscopic property systematic study self assembly
4961,regulate self
4962,component capable
4963,natural microswimmers
4964,micromotors developed
4965,self assembly soft material
4966,realistic condition
4967,external stimulus
4968,approach study
4969,micromotors move
4970,self assembly
4971,self propulsion
4972,designed broad
4973,water remediation name many application
4974,artificial active micromotors developed transduce local energy directed motion propulsion artificial micromotors envisioned broad range application drug loading
4975,macroscopic property
4976,leading new
4977,pursue bottom
4978,sadati lab
4979,soft material
4980,controlled release
4981,among natural
4982,drug delivery
4983,micromotors move complex environment explore micro rheology microswimmers complex environment design autonomous micromachines navigate efficiently realistic condition operation
4984,motion propulsion
4985,micromotors envisioned
4986,efficiently realistic
4987,engineer responsive material unique architectural feature designed broad range application including tissue engineering
4988,condition operation
4989,biosensing common
4990,controlled cargo
4991,emphasis anisotropic component capable leading new
4992,biosensing common feature among natural microswimmers bacteria ability convert energy motion regulate self propulsion response external stimulus inspired biomechanics nature
4993,emphasis anisotropic
4994,capable leading
4995,propulsion response
4996,propulsion artificial
4997,eth zurich
4998,wireless communication
4999,signal processing
5000,interaction power
5001,weight current
5002,control simulation
5003,listen stereo
5004,type telephone
5005,maximum efficiency
5006,think drive
5007,semiconductor device
5008,acsl
5009,control simulation advanced electrical power distribution system
5010,use computer
5011,sc santi long term area power electronics may interaction power electronics think drive car
5012,prototyping power
5013,distribution system
5014,electricity needed
5015,delivered maximum efficiency
5016,hardware loop
5017,rapid prototyping
5018,delivered maximum
5019,come contact power electronics thanks power electronics
5020,electrical system
5021,area power
5022,electricity needed run thing use everyday processed
5023,particular involved
5024,simulation advanced
5025,make hole cordless drill
5026,santi long
5027,current modeling
5028,talk type telephone
5029,multiple simulation
5030,drive car
5031,sc santi
5032,thing use
5033,filtered
5034,talk type
5035,size minimal
5036,needed run
5037,simulation based tool rapid prototyping power system power electronic device test bed support input multiple simulation language spice
5038,power distribution
5039,thanks power
5040,etc hardware
5041,electronics thanks
5042,simulation electrical
5043,cordless drill
5044,minimal weight
5045,electrical power
5046,tool rapid
5047,advanced electrical
5048,power semiconductor
5049,everyday processed
5050,support input
5051,smallest size minimal weight current modeling
5052,device particular
5053,term area
5054,contact power
5055,bed support
5056,may interaction
5057,hole cordless
5058,device test
5059,input multiple
5060,system power
5061,modeling power
5062,use everyday
5063,make hole
5064,loop simulation
5065,run thing
5066,come contact
5067,physic based modeling power semiconductor device particular involved development virtual test bed
5068,electronics may
5069,electronics think
5070,saber
5071,etc hardware loop simulation electrical system
5072,physic based
5073,simulation based
5074,electronic device
5075,based modeling
5076,language spice
5077,simulation language
5078,smallest size
5079,cook microwave
5080,geotechnical engineering
5081,health
5082,design science
5083,begun expect
5084,drug coated
5085,interaction purpose
5086,endovascular technology
5087,material interaction
5088,potential vascular
5089,potential risk
5090,enhanced matrix
5091,nearly require
5092,technology safe
5093,tissue essential
5094,tissue specific
5095,variation geometry
5096,term providing
5097,interaction implanted
5098,design second
5099,adhesion tissue
5100,theoretical biomechanical
5101,related publication
5102,disease state
5103,balloon steadily
5104,area experimental
5105,steadily evolved
5106,phenomenon exploited
5107,predictive computational
5108,native engineered
5109,clinical practice
5110,two distinct
5111,introducing tissue engineered construct exhibit enhanced matrix elaboration thus potential vascular substitute
5112,mechanically mediated
5113,explain intra
5114,area interaction implanted polymeric material soft tissuesmy early work wa focused understanding soft tissue material interaction purpose optimizing surgical sealant performance publication emerged line inquiry impacted field two distinct way first
5115,continued advancement
5116,computational model
5117,performance publication
5118,property
5119,continuum mechanical
5120,publication established
5121,power strategy
5122,substitute publication
5123,device degradation erosion kinetics accommodate inherent complexity face rapid device development
5124,understanding soft
5125,requiring consideration
5126,impacted field
5127,vessel variation
5128,tissue material
5129,material biocompatibility
5130,engineering vascular
5131,typically requiring consideration hemodynamics
5132,study native
5133,previously understudied
5134,principle explain
5135,complexity face
5136,mechanism action
5137,providing basis engineering vascular tissue substitute publication area impactful term providing data model previously understudied yet critical region circulatory system
5138,expect nearly
5139,evaluate emergent device
5140,action potential
5141,engineered blood
5142,assessment
5143,circulatory system
5144,environment mechanosensitive
5145,biocompatibility power
5146,advanced material
5147,approach needed
5148,sealant performance
5149,field two
5150,understanding mechanically
5151,across material
5152,tissue engineered
5153,evolved past
5154,area characterization
5155,work wa
5156,initial demonstration
5157,modeling endovascular
5158,consideration hemodynamics
5159,mediated vascular
5160,inherent complexity
5161,generalized across
5162,degradation erosion
5163,publication emerged
5164,strength without
5165,deployment strategy
5166,drug pharmacokinetics
5167,year multidisciplinary
5168,practice area
5169,face rapid
5170,matrix elaboration
5171,meet field
5172,material design
5173,agency begun
5174,identification constitutive
5175,elaboration thus
5176,early work
5177,way first
5178,established novel
5179,typically requiring
5180,vascular substitute
5181,needed design
5182,design strategy
5183,strategy enhance
5184,regulatory agency
5185,implanted polymeric
5186,require predictive
5187,engineered construct
5188,rapid device
5189,yet critical
5190,kinetics accommodate
5191,understudied yet
5192,construct exhibit
5193,work ha focused development finite element based computational model design deployment strategy facilitate continued advancement endovascular technology safe introduction clinical practice area experimental theoretical biomechanical study native engineered blood vesselsthe identification constitutive mechanical model vascular tissue essential quantifying local environment mechanosensitive vascular cell normal disease state
5194,optimizing surgical
5195,basis engineering
5196,compromising material
5197,area impactful
5198,material soft
5199,demonstration adhesion
5200,cell normal
5201,specific phenomenon
5202,clearly explain
5203,model design
5204,applying continuum mechanical principle explain intra vessel variation geometry
5205,drug eluting
5206,soft tissuesmy
5207,line inquiry
5208,vesselsthe identification
5209,novel design
5210,element based
5211,field demand
5212,introduction clinical
5213,region circulatory
5214,explain mechanism
5215,understanding mechanically mediated vascular tissue remodeling
5216,coated balloon
5217,mechanosensitive vascular
5218,material mechanic
5219,blood vesselsthe
5220,constitutive mechanical
5221,endovascular technologiesendovascular
5222,evaluate emergent
5223,providing data
5224,facilitate continued
5225,mechanical model
5226,model previously
5227,polymeric material
5228,inquiry impacted
5229,advancement endovascular
5230,critical region
5231,quantifying local
5232,providing basis
5233,publication area
5234,impactful term
5235,sealant application
5236,exploited advanced
5237,eluting stent
5238,tissue substitute
5239,technology meet
5240,provided initial demonstration adhesion tissue specific phenomenon exploited advanced material design second
5241,distinct way
5242,drug coated balloon steadily evolved past year multidisciplinary approach needed design
5243,device development
5244,development finite
5245,safe introduction
5246,applying continuum
5247,introducing tissue
5248,multidisciplinary approach
5249,model vascular
5250,mechanical principle
5251,exhibit enhanced
5252,modeling endovascular technologiesendovascular technology drug eluting stent
5253,local environment
5254,normal disease
5255,risk new
5256,technologiesendovascular technology
5257,wa focused
5258,technology drug
5259,related publication established novel design strategy enhance adhesion strength without compromising material biocompatibility power strategy generalized across material system surgical sealant application area characterization
5260,accommodate inherent
5261,new technology
5262,erosion kinetics
5263,intra vessel
5264,system surgical
5265,thus potential
5266,strategy facilitate
5267,adhesion strength
5268,based computational
5269,tissuesmy early
5270,surgical sealant
5271,area interaction
5272,essential quantifying
5273,data model
5274,provided initial
5275,emerged line
5276,model clearly
5277,biomechanical study
5278,enhance adhesion
5279,without compromising
5280,erodible scaffold
5281,regulatory agency begun expect nearly require predictive computational model clearly explain mechanism action potential risk new technology meet field demand
5282,design deployment
5283,emergent device
5284,strategy generalized
5285,optimize
5286,device degradation
5287,purpose optimizing
5288,teach csce
5289,jj shepherd teach csce course
5290,csce course
5291,jj shepherd
5292,shepherd teach
5293,perceptual comput
5294,knowledgeinfused learning
5295,smart data
5296,semantic cognitive
5297,knowledge graph
5298,cognitive perceptual
5299,big smart data
5300,big smart
5301,semantic cognitive perceptual comput
5302,use multi
5303,current area
5304,bradley
5305,bioenergy expertise
5306,shimpalee current area renewable energy including fuel cell
5307,thermal system
5308,modeling combine
5309,thailand
5310,bioenergy expertise use multi scale multi dimensional modeling combine electrochemistry understand physic inside complex system particularly transport phenomenon
5311,dimensional modeling
5312,expertise use
5313,horizon main
5314,temperature thermal
5315,chiang mai
5316,understand physic
5317,system particularly
5318,inside complex
5319,transport phenomenon
5320,horizon main streetcolumbia
5321,physic inside
5322,energy including
5323,shimpalee current
5324,multi dimensional
5325,electrochemistry understand
5326,area renewable
5327,combine electrochemistry
5328,including fuel
5329,particularly transport
5330,high temperature thermal system
5331,elct electrical engineering department
5332,recently intel
5333,instructor coordinator
5334,following successful
5335,career design
5336,wilson smoak instructor coordinator capstone design course
5337,design course
5338,following successful career design digital electronics
5339,capstone design
5340,smoak instructor
5341,elct electrical
5342,design digital
5343,wilson smoak
5344,coordinator capstone
5345,successful career
5346,digital electronics
5347,computational mechanic
5348,element analysis
5349,finite element analysis
5350,death disability
5351,francis spinale
5352,scientific meeting
5353,som va
5354,translational center
5355,spinale director
5356,ha peer
5357,cardiac working
5358,dr spinale
5359,surgery additionally
5360,department faculty
5361,patent nih
5362,collaborate department
5363,biotechnology company
5364,potential treatment
5365,transfer grant
5366,major scientific
5367,conference dr
5368,publication leading
5369,advance understanding
5370,system cardiac
5371,thematic area
5372,congress conference
5373,cardiovascular journal
5374,nationally internationally
5375,ha invited
5376,cardiac surgery
5377,two decade
5378,ha pioneered various project cardiac working collaborate department faculty som va
5379,failure patient
5380,project cardiac
5381,effort thematic
5382,reviewed publication
5383,including american
5384,ha pioneered
5385,pharmaceutical company
5386,renowned cardiovascular
5387,american heart
5388,professional society
5389,main cause
5390,prestigious scientific
5391,college cardiology
5392,also ha peer reviewed publication leading cardiovascular journal fellow several professional society
5393,treatment major
5394,internationally renowned cardiovascular scientist
5395,decade mechanistic
5396,microdialysis microfluidics
5397,cardiovascular scientist
5398,area cardiovascular
5399,nih small
5400,scientific journal
5401,consultant various
5402,cardiovascular translational
5403,ha directed translational effort thematic area cardiovascular remodeling particular focus upon heart failure
5404,pioneered various
5405,serf ditorial
5406,translational
5407,main cause death disability
5408,working advance
5409,patient also
5410,also entrepreneur
5411,dr spinale serf ditorial board seven prestigious scientific journal consultant various pharmaceutical company biotechnology company credit
5412,major cause
5413,invited present
5414,spinale serf
5415,remodeling particular
5416,business technology
5417,past two
5418,american college
5419,faculty som
5420,ha directed
5421,focus upon
5422,company biotechnology
5423,cardiovascular remodeling
5424,seven prestigious
5425,study ha
5426,company credit
5427,understanding potential
5428,translational effort
5429,board seven
5430,also ha
5431,microfluidics delivery
5432,internationally renowned
5433,ditorial board
5434,grant develop
5435,entrepreneur patent
5436,internationally major
5437,various project
5438,congress conference dr spinale director cardiovascular translational center
5439,upon heart
5440,journal fellow
5441,clinical study
5442,working collaborate
5443,technology transfer
5444,including american heart association american college cardiology ha invited present nationally internationally major scientific meeting
5445,heart failure
5446,fellow several
5447,heart association
5448,several professional
5449,cause death
5450,md
5451,various pharmaceutical
5452,present nationally
5453,clinical study ha working advance understanding potential treatment major cause heart failure patient also entrepreneur patent nih small business technology transfer grant develop microdialysis microfluidics delivery system cardiac surgery additionally
5454,small business
5455,particular focus
5456,leading cardiovascular
5457,peer reviewed
5458,association american
5459,directed translational
5460,cardiology ha
5461,past two decade mechanistic
5462,journal consultant
5463,director cardiovascular
5464,develop microdialysis
5465,service
5466,traffic
5467,smarter city water
5468,city water
5469,smarter city
5470,michigan
5471,math
5472,sc sudarshan specialization
5473,sc sudarshan
5474,sudarshan specialization
5475,westinghouse savannah
5476,national workshop
5477,metal hydride
5478,largest onboard
5479,science technology
5480,center srtc
5481,charter member
5482,propulsion institute
5483,three year
5484,dr summer manager hydrogen program within hydrogen technology laboratory
5485,technology wa
5486,hydrogen program
5487,development hydrogen
5488,state hydrogen
5489,bed development
5490,container hydrogen
5491,site representative
5492,summer involved
5493,analyze bed
5494,analyze develop
5495,dr summer
5496,also organized
5497,program currently
5498,doe ne
5499,enhancement currently
5500,chairman first
5501,major national
5502,developing first
5503,hydride container
5504,engineering hydrogen
5505,hydrogen electric
5506,onboard metal
5507,material associated
5508,hybrid hydrogen
5509,national meeting
5510,science technology doe ne addition program management
5511,development world
5512,summer manager
5513,represents srtc
5514,dr summer principal investigator three year study assess feasibility nuclear hydrogen production doe office nuclear energy
5515,plan nuclear
5516,future program
5517,hydrogen vehicle
5518,program manager
5519,year study
5520,company wsrc
5521,group developing
5522,also member
5523,river technology
5524,transfer enhancement
5525,bed performance
5526,ha extensive
5527,summer ha
5528,cell vehicle
5529,assess feasibility
5530,nuclear hydrogen
5531,involves engineering
5532,first commercial
5533,cell propulsion
5534,utilized world largest onboard metal hydride storage system dr summer also organized managed project develop industrial fuel cell vehicle using solid state hydrogen storage also managed fuel cell mining vehicle project funded doe oit industry future program currently
5535,workshop help
5536,represents srtc fuel cell propulsion institute board director
5537,program management
5538,advanced energy
5539,chairman national
5540,field advanced
5541,establish plan
5542,including heat transfer enhancement currently chairman national working group developing first commercial code standard metal hydride container hydrogen storage dr summer also member site representative national hydrogen association
5543,program analyze
5544,experience new
5545,technology involves
5546,also managed
5547,production doe
5548,technology laboratory
5549,dr summer involved development hydrogen storage material associated technology involves engineering hydrogen storage bed development mathematical model analyze bed performance
5550,manager hydrogen
5551,major national meeting focused hydrogen storage dr summer also co chaired national workshop help establish plan nuclear hydrogen production doe ne
5552,mining vehicle
5553,model analyze
5554,help establish
5555,managed project
5556,doe oit
5557,storage bed
5558,addition program
5559,cell mining
5560,electric transit
5561,development mathematical
5562,including heat
5563,member recently
5564,chaired national
5565,oit industry
5566,representative national
5567,funded doe
5568,nuclear energy
5569,within hydrogen
5570,principal investigator
5571,co chaired
5572,storage material
5573,first hydrogen
5574,river company
5575,focused hydrogen
5576,first hybrid
5577,bus bus
5578,member site
5579,technology center
5580,since dr
5581,managed fuel
5582,savannah river technology center srtc ha extensive experience new product development project management
5583,numerous program
5584,including year experience field advanced energy system ha westinghouse savannah river company wsrc since dr summer ha led numerous program analyze develop emerging technology wa program manager development world first hybrid hydrogen electric transit bus bus wa first hydrogen vehicle commercial service
5585,development project
5586,investigator three
5587,doe office
5588,vehicle commercial
5589,commercial service
5590,recently served
5591,utilized world
5592,summer principal
5593,led numerous
5594,technology doe
5595,annual hydrogen
5596,hydrogen technology
5597,feasibility nuclear
5598,organized managed
5599,system ha
5600,ha westinghouse
5601,wa program
5602,including year
5603,code standard
5604,bus wa
5605,storage dr
5606,summer also
5607,ne addition
5608,transit bus
5609,national hydrogen
5610,storage also
5611,institute board
5612,project funded
5613,manager development
5614,hydride storage
5615,vehicle project
5616,charter member recently served chairman first annual hydrogen storage workshop
5617,served chairman
5618,meeting focused
5619,srtc fuel
5620,industrial fuel
5621,office nuclear
5622,develop emerging
5623,project management
5624,wsrc since
5625,currently chairman
5626,standard metal
5627,hydrogen association
5628,srtc ha
5629,develop industrial
5630,savannah river
5631,world first
5632,working group
5633,storage workshop
5634,first annual
5635,also co
5636,industry future
5637,vehicle using
5638,product development
5639,national working
5640,using solid
5641,wa first
5642,commercial code
5643,study assess
5644,experience field
5645,world largest
5646,terahertz
5647,millimeterwave
5648,finite element modeling cracked body
5649,dr sutton coherent incoherent optic application
5650,dr sutton
5651,application integral method experimental mechanic
5652,plastic fracture mechanic
5653,plastic fracture
5654,valve problem
5655,application integral
5656,element modeling
5657,boundary valve problem
5658,optic application
5659,boundary valve
5660,digital image processing
5661,cracked body
5662,sutton coherent
5663,modeling cracked
5664,coherent incoherent
5665,method experimental
5666,integral method
5667,incoherent optic
5668,fracture mechanic
5669,glassy dynamic
5670,soft matter
5671,polymer science
5672,hybrid material
5673,polymer
5674,game
5675,algorithm
5676,examines strategic economic impact information technology focus four theme value
5677,economic impact
5678,cost information
5679,four theme
5680,examines strategic
5681,information privacy
5682,patent policy
5683,policy design
5684,social cost
5685,theme value
5686,software patent
5687,social cost information privacy
5688,impact information
5689,offshoring
5690,strategic economic
5691,technology focus
5692,focus four
5693,software patent policy design
5694,professor tong focus computer vision pattern recognition especially human computer interaction including limited
5695,vision pattern
5696,recognition especially
5697,especially human
5698,pattern recognition
5699,focus computer
5700,tong focus
5701,professor tong
5702,including limited
5703,knowledge based
5704,aircraft certification
5705,design automation
5706,knowledge based engineering
5707,tooren design
5708,system engineering road vehicle aerodynamics
5709,van tooren
5710,road vehicle
5711,alternative aircraft concept
5712,alternative aircraft
5713,composite aircraft
5714,aircraft fuselage
5715,dr van
5716,composite aircraft fuselage
5717,vehicle aerodynamics
5718,engineering road
5719,dr van tooren design automation
5720,system engineering
5721,based engineering
5722,aircraft concept
5723,nucleation
5724,statistical mechanic
5725,biophysics
5726,information processing
5727,neural information
5728,neural information processing
5729,tennessee
5730,carnegie mellon
5731,polytechnic
5732,professor computer
5733,dr vargas adjunct professor computer science engineering department
5734,vargas adjunct
5735,dr vargas
5736,agentbased modeling
5737,present associate
5738,civil environmental engineering
5739,present associate professor
5740,perception autonomous navigation mobile robot
5741,aircraft system
5742,system uas
5743,perception autonomous
5744,control system
5745,autonomous navigation
5746,automation
5747,navigation mobile
5748,autonomous unmanned
5749,unmanned system
5750,area autonomous
5751,robot team
5752,unmanned aircraft
5753,operational autonomy
5754,dr vitzilaios
5755,field robotics
5756,unmanned aircraft system uas
5757,intelligent system
5758,mobile robot
5759,dr vitzilaios broad area autonomous unmanned system robotics
5760,system robotics
5761,vitzilaios broad
5762,physic
5763,superresolution imaging
5764,turbulence mixing
5765,labonachip
5766,micronanofluidics
5767,cancer detection
5768,order modeling
5769,wang
5770,large scale system level simulation
5771,engineering cd
5772,including model development
5773,intelligencel lee
5774,among others specific focus physic based adaptive modeling
5775,high fidelity
5776,fem analysis
5777,integration massive
5778,management
5779,labdr wang
5780,discovery
5781,including fluid
5782,system level
5783,multidisciplinary analysis
5784,energy management
5785,modeling multidisciplinary
5786,data enabled
5787,closed form
5788,adaptive model
5789,including engineering
5790,process control data driven multi fidelity surrogate modeling multidisciplinary analysis optimization
5791,pdf imsel
5792,computational data
5793,goal towards
5794,spiral inertial
5795,trade space exploration
5796,microfluidics nanofluidics
5797,cfd fem
5798,term goal
5799,enabled science
5800,adaptive model integration massive real time data analytics
5801,engineering data
5802,process control
5803,towards engineering
5804,cd application
5805,rosanoa
5806,including model
5807,thermal energy management
5808,curriculum vitae
5809,enrichment bone
5810,j garsona
5811,multiphysics cfd
5812,form modeling
5813,j klarmannc
5814,multiscale system
5815,label free
5816,thermal energy
5817,lai
5818,fidelity multiphysics
5819,trade space
5820,wang computational
5821,control synthesis
5822,level simulation
5823,engineering microfluidics
5824,marrow spiral
5825,pant j klarmannc
5826,massive real
5827,high fidelity multiphysics cfd fem analysis reduced order modeling closed form modeling real time simulation
5828,label free mesenchymal stem cell enrichment bone marrow spiral inertial microfluidics
5829,modeling real
5830,computing visualization
5831,parameter estimation
5832,time simulation
5833,free mesenchymal
5834,multi fidelity
5835,time data
5836,model development
5837,fluid structural
5838,analysis optimization
5839,analytical method
5840,based adaptive
5841,others specific
5842,green computing
5843,including engineering data mining
5844,focus physic
5845,reduced order
5846,surrogate modeling
5847,hardware development
5848,alvarez
5849,model integration
5850,long term goal towards engineering intelligencel lee
5851,pant j
5852,vitae pdf
5853,analysis reduced
5854,green computing visualization system engineering microfluidics nanofluidics
5855,engineering intelligencel
5856,imsel labdr
5857,structural interaction
5858,experimentation
5859,control data
5860,modeling closed
5861,visualization system
5862,bone marrow
5863,data driven
5864,specific focus
5865,driven multi
5866,including fluid structural interaction
5867,fidelity surrogate
5868,cell enrichment
5869,inertial microfluidics
5870,prabhakarpandiana
5871,space exploration
5872,curriculum vitae pdf imsel labdr wang computational data enabled science engineering cd application multiphysics multiscale system engineering
5873,application multiphysics
5874,adaptive modeling
5875,multiphysics multiscale
5876,functional nanoparticles
5877,biosensor
5878,nanopore
5879,patient biomarkers
5880,particular attention
5881,recurrent squamous
5882,medicineva campusbld
5883,investigate marker
5884,school medicineva campusbld garner ferry rdprofessor well clinical focus analysis hpv infection freshly resected tissue specimen purpose study determine presence
5885,squamous cell
5886,infection freshly
5887,resected tissue
5888,african american european american patient biomarkers predict gene therapy efficacy recurrent squamous cell carcinoma head neck clinical cancer dec
5889,biomarkers predict
5890,study determine
5891,predict gene
5892,hpv positive
5893,hnscc tumor
5894,american patient
5895,hpv hnscc
5896,positive hpv
5897,biomarkers pathway
5898,gene therapy
5899,different hpv
5900,pathway tumor
5901,well clinical
5902,clinical cancer
5903,clinical focus
5904,ferry rdprofessor
5905,efficacy recurrent
5906,hpv infection
5907,cell carcinoma
5908,african american
5909,neck clinical
5910,purpose study
5911,attention biomarkers
5912,negative cancer
5913,marker specific
5914,tissue specimen
5915,cancer dec
5916,analysis hpv
5917,rdprofessor well
5918,freshly resected
5919,expression type hpv hnscc tumor specimen investigate marker specific pathway tumor development
5920,focus analysis
5921,american european
5922,pathway may
5923,specimen investigate
5924,tumor development
5925,school medicineva
5926,european american
5927,type hpv
5928,particular attention biomarkers pathway may different hpv positive hpv negative cancer
5929,carcinoma head
5930,specific pathway
5931,head neck
5932,determine presence
5933,hpv negative
5934,expression type
5935,therapy efficacy
5936,campusbld garner
5937,may different
5938,specimen purpose
5939,tumor specimen
5940,cv dr whiteph
5941,dr whiteph
5942,california berkeley
5943,catalyst latter
5944,derived organic
5945,polycrystalline transition
5946,including especially
5947,catalyst reaction
5948,raman spectroscopy
5949,alkenoic acid
5950,hydrocarbon fuel
5951,electrocatalytic reduction
5952,surface vibrational
5953,major byproduct
5954,current reaction
5955,dendrimer metal nano composite
5956,spectroscopy sers
5957,frequency spectroscopy
5958,future current
5959,design catalyst
5960,mechanism govern
5961,biomass derived
5962,studying solid
5963,liquid catalytic
5964,new fuel
5965,hydrogenation alpha
5966,acid selective
5967,major byproduct biodiesel production hydrodeoxygenation biomass derived organic acid acid ester hydrocarbon fuel electrocatalytic reduction carbon dioxide hydrocarbon catalyst investigation involve polycrystalline transition metal oxide supported mono bimetallic nanoparticle catalyst latter material prepared either traditional catalyst synthesis method novel protocol development g
5968,nanoscale williams
5969,particular focus studying solid liquid catalytic interface catalysis carried liquid phase important application fine chemical pharmaceutical production
5970,transition metal
5971,oxide supported
5972,prepared either
5973,reaction system
5974,catalysis surface
5975,application situ
5976,oxidation alcohol
5977,composition nanoscale
5978,production new fuel biorenewable resource primary involves development application situ operando surface vibrational spectroscopic method study adsorption catalysis solid catalyst surface industrially relevant reaction condition e
5979,gas pressure
5980,acid ester
5981,technique development
5982,catalytic interface
5983,williams group
5984,material prepared
5985,metal nano
5986,hydrocarbon catalyst
5987,atr ir
5988,attenuated total
5989,information obtained
5990,synthesis method
5991,protocol development
5992,obtained approach
5993,situ operando
5994,group surface
5995,rationally design
5996,production hydrodeoxygenation
5997,nanoparticle catalyst
5998,approach allows
5999,vibrational spectroscopic
6000,method study
6001,sum frequency spectroscopy sfs information obtained approach allows develop molecular level understanding catalytic mechanism govern function heterogeneous catalyst reaction condition understanding critical wish rationally design catalyst specific application future current reaction system enantioselective hydrogenation alpha ketoesters alkenoic acid selective oxidation alcohol
6002,solid catalyst
6003,pressure temperature
6004,metal oxide
6005,method novel
6006,fuel electrocatalytic
6007,area heterogeneous
6008,dendrimer metal
6009,variety industrial source
6010,surface science
6011,surface enhanced
6012,solid liquid
6013,spectroscopic method
6014,supported mono
6015,interface catalysis
6016,condition understanding
6017,acid acid
6018,application fine
6019,function heterogeneous
6020,attenuated total reflection infrared atr ir spectroscopy
6021,understanding catalytic
6022,industrial source
6023,alpha ketoesters
6024,critical wish
6025,important application
6026,relevant reaction
6027,sc williams group area heterogeneous catalysis surface science
6028,temperature specific
6029,allow control
6030,govern function
6031,bimetallic nanoparticle
6032,high gas
6033,condition e
6034,phase high
6035,reduction carbon
6036,spectroscopy sfs
6037,traditional catalyst
6038,dioxide hydrocarbon
6039,funded national
6040,enhanced raman
6041,catalysis carried
6042,surface industrially
6043,liquid phase high gas pressure temperature specific technique development group surface enhanced raman spectroscopy sers
6044,molecular level
6045,organic acid
6046,byproduct biodiesel
6047,allows develop
6048,investigation involve
6049,study adsorption
6050,develop molecular
6051,control size
6052,infrared atr
6053,ester hydrocarbon
6054,enantioselective hydrogenation
6055,total reflection
6056,carried liquid
6057,latter material
6058,pharmaceutical production
6059,novel protocol
6060,level understanding
6061,mono bimetallic
6062,group currently
6063,resource primary
6064,chemical pharmaceutical
6065,phase important
6066,nano composite
6067,electroless deposition allow control size composition nanoscale williams group currently funded national science foundation
6068,involve polycrystalline
6069,production new
6070,catalysis solid
6071,application future
6072,size composition
6073,wish rationally
6074,primary involves
6075,ir spectroscopy
6076,sfs information
6077,deposition allow
6078,sc williams
6079,operando surface
6080,adsorption catalysis
6081,understanding critical
6082,variety industrial
6083,biodiesel production
6084,reflection infrared
6085,development g
6086,development group
6087,including especially glycerol
6088,hydrodeoxygenation biomass
6089,catalyst investigation
6090,focus studying
6091,specific application
6092,catalyst specific
6093,biorenewable resource
6094,system enantioselective
6095,especially glycerol
6096,fuel biorenewable
6097,specific technique
6098,ketoesters alkenoic
6099,sum frequency
6100,catalytic mechanism
6101,fine chemical
6102,either traditional
6103,group area
6104,fuel
6105,propulsion
6106,flame
6107,big data
6108,behavioral information security
6109,humancomputer interaction ux design
6110,big data analytics
6111,humancomputer interaction
6112,behavioral information
6113,ux design
6114,ai
6115,interaction ux
6116,informatics artificial
6117,analytics intelligent
6118,xu area
6119,recommender system
6120,including medical
6121,system text
6122,health cancer
6123,text image
6124,law computer
6125,interactive technique
6126,intellectual property
6127,including personalization
6128,songhua xu area health information technology
6129,technique multimedia
6130,health cancer informatics artificial intelligence
6131,cancer informatics
6132,patent informatics
6133,visual analytics
6134,multimedia visualization
6135,intelligent software
6136,visualization visual
6137,informatics intelligent
6138,software practitioner
6139,image mining
6140,mining patent
6141,user interface
6142,knowledge management
6143,property law
6144,area health
6145,songhua xu
6146,practitioner intellectual
6147,intelligent user
6148,computer graphic
6149,graphic interactive
6150,recommender system text image mining patent informatics intelligent software practitioner intellectual property law computer graphic interactive technique multimedia visualization visual analytics intelligent user interface
6151,dr xue solid oxide fuel cell
6152,durability functional
6153,electrochemical energy
6154,electrochemical kinetics
6155,dr xue
6156,functional structural
6157,reliability durability functional structural material
6158,material electrochemical
6159,material electrochemical energy conversion storage
6160,phenomenon electrochemical
6161,structural material
6162,transport phenomenon electrochemical kinetics
6163,reliability durability
6164,xue solid
6165,membrane filtration
6166,nanotechnology
6167,sonodegradation
6168,vibration
6169,element modelling
6170,discrete element modelling
6171,solidification
6172,microstructure modelling
6173,power reliability
6174,neuromorphic computing
6175,emerging nanoscale
6176,zand involve
6177,reconfigurable adaptive computer architecture
6178,low power
6179,dr zand
6180,low power reliability aware vlsi circuit
6181,dr zand involve hardware design machine learning system
6182,electronics including
6183,adaptive computer
6184,nanoscale electronics
6185,including spintronic
6186,reliability aware
6187,hardware design
6188,vlsi circuit
6189,spintronic device
6190,reconfigurable adaptive
6191,emerging nanoscale electronics including spintronic device
6192,aware vlsi
6193,involve hardware
6194,diverse context
6195,trustworthy ai
6196,dynamic environment
6197,ai system
6198,making algorithm
6199,diverse context end
6200,artificial intelligence reinforcement learning long term goal build safe
6201,goal build
6202,power flexibility
6203,decision making
6204,handle complex
6205,intelligence reinforcement
6206,analyze decision
6207,learning long
6208,build safe
6209,reliable
6210,system retain
6211,develop analyze decision making algorithm uncertain
6212,trustworthy ai system retain power flexibility handle complex
6213,context end
6214,flexibility handle
6215,retain power
6216,algorithm uncertain
6217,develop analyze
6218,friction stir welding
6219,mechanical metallurgy
6220,crystal plasticity
6221,dislocation dynamic
6222,joint venture
6223,structural prognosis
6224,enterprise college
6225,serf understand
6226,engineering dr
6227,project involving
6228,align capability
6229,edge analytics
6230,deployed wireless
6231,wireless structural
6232,multiple industrial
6233,four year
6234,nist sponsored
6235,sc paul
6236,college professor
6237,mechanical civil
6238,ha experience
6239,serf understand align capability faculty enterprise college professor structural engineering department mechanical civil environmental engineering dr ziehl ha experience management joint venture project involving multiple industrial collaborator ha served principal investigator four year nist sponsored joint venture project edge analytics development commercially deployed wireless structural prognosis system
6240,sponsored joint
6241,engineering main street
6242,year nist
6243,engineering main
6244,collaborator ha
6245,ziehl associate
6246,venture project
6247,industrial collaborator
6248,paul ziehl
6249,commercially deployed
6250,professor structural
6251,involving multiple
6252,prognosis system
6253,faculty enterprise
6254,dean college
6255,investigator four
6256,management joint
6257,served principal
6258,capability faculty
6259,sc paul ziehl associate dean college engineering computing
6260,experience management
6261,analytics development
6262,development commercially
6263,ziehl ha
6264,project edge
6265,dr ziehl
6266,understand align
