,all_skills
0,reinforcement learning
1,bioinformatics
2,artificial intelligence
3,search
4,deep learning
5,ultra wide
6,aluminum content
7,senior scientist
8,electronic photonic
9,bandgap semiconductor
10,boron nitride gallium oxide
11,position senior
12,inc ph texas tech universityresearch growth study ultra wide bandgap semiconductor including high aluminum content algan
13,study ultra
14,high aluminum
15,texas tech
16,wide bandgap
17,content algan
18,high power
19,novel high
20,boron nitride
21,gallium oxide
22,nitride gallium
23,computer simulation
24,previous position senior scientist
25,power electronic
26,tech universityresearch
27,fabrication novel high power electronic photonic device
28,computer simulation device
29,sensor electronic
30,fabrication novel
31,photonic device
32,electronic technology
33,universityresearch growth
34,inc ph
35,growth study
36,semiconductor including
37,ph texas
38,including high
39,previous position
40,simulation device
41,sensor electronic technology
42,structure metal
43,institute catalysis
44,aggregate objective
45,considerable information
46,characterization catalytic
47,cluster particle
48,chemisorption catalytic
49,catalytic property
50,structure active site
51,site catalyst
52,cluster support
53,data used
54,xrd
55,along chemisorption
56,structure metal cluster support
57,pursued application
58,adsorbed reactant
59,structure active
60,xps
61,reaction involving
62,tpr
63,cluster aggregate
64,characterize active
65,intermediate associated
66,technique along
67,establish dependence
68,experimental method
69,ph
70,objective program
71,promoter structure
72,russiam
73,process surface
74,russiacatalytic process surface take place sequence elementary reaction involving adsorbed reactant
75,surface take
76,particle size
77,various experimental
78,supported metal
79,condition catalysis
80,influence promoter structure catalytic property supported metal cluster aggregate objective program pursued application combination various experimental method characterization catalytic material spectroscopic technique
81,structure catalytic
82,catalyst surface
83,novosibirsk
84,catalysis considerable
85,hrtem
86,property supported
87,take place
88,support interface
89,structure metal support interface
90,exafs
91,goal focused
92,boreskov institute
93,place sequence
94,method characterization
95,involving adsorbed
96,catalytic data
97,combination various
98,boreskov institute catalysis
99,program pursued
100,catalyst adsorbed
101,focused fundamental
102,used characterize
103,elementary reaction
104,specie actual
105,reaction intermediate associated active site catalyst surface goal focused fundamental understanding structure metal support interface
106,application combination
107,reaction intermediate
108,dependence catalytic
109,understanding structure
110,metal support
111,adsorbed specie
112,including tpd
113,metal cluster
114,influence promoter
115,catalytic material
116,information gained
117,ftir
118,material spectroscopic
119,fundamental understanding
120,used characterize active site catalyst adsorbed specie actual condition catalysis considerable information gained technique along chemisorption catalytic data used establish dependence catalytic property metal cluster particle size
121,associated active
122,active site
123,uv visible
124,sequence elementary
125,surface goal
126,spectroscopic technique
127,russiacatalytic process
128,property metal
129,used establish
130,actual condition
131,novosibirsk state
132,product
133,gained technique
134,sc mohammod ali professor department electrical engineering usc july
135,respectively victoria
136,ali professor
137,act assignment
138,dhaka received
139,sc ph
140,sc electrical
141,electronic engineering
142,ipa intergovernmental
143,cyber system directorate engineering prof ali received sc electrical electronic engineering bangladesh engineering technology
144,bangladesh engineering
145,mohammod ali
146,cyber system
147,program director
148,ha working program director national science foundation nsf ipa intergovernmental personnel act assignment division electrical
149,personnel act
150,working program
151,electrical electronic
152,swearingenroom main
153,ali received
154,communication
155,director national
156,system directorate
157,engineering bangladesh
158,ha working
159,usc july
160,engineering prof
161,engineering usc
162,nsf ipa
163,degree electrical
164,electrical engineering
165,canada
166,ph degree
167,assignment division
168,swearingenroom main streetcolumbia
169,foundation nsf
170,received sc
171,directorate engineering
172,engineering technology
173,division electrical
174,department electrical
175,national science
176,science foundation
177,main streetcolumbia
178,dhaka received sc ph degree electrical engineering
179,sc mohammod
180,intergovernmental personnel
181,prof ali
182,british columbia
183,professor department
184,ammal pdfph
185,cv dr ammal pdfph
186,dr ammal
187,cv dr
188,bharathidasan
189,india
190,performance computing
191,high performance
192,high performance computing
193,computer architecture
194,heterogeneous computing
195,reconfigurable computing
196,embedded system
197,ultrasonics
198,acoustic
199,metamaterials
200,biomedical
201,wave propagation
202,probabilistic analysis
203,structural health monitoring
204,health monitoring
205,earthquake eng
206,nonlinear vibration
207,structural health
208,machine learning
209,industry experience currently director mcnair aerospace center
210,experience currently
211,predictive maintenance
212,engineering activity
213,mechanical material
214,corporate relation
215,professor mechanical material engineering washington state ha actively involved developing strong program mechanical
216,packard company
217,department energy
218,joining usc
219,nuclear aerospace
220,ha year
221,material engineering
222,focused mechanical
223,north state
224,engineering washington
225,associate dean corporate relation professor mechanical biomedical engineering prior joining usc
226,condition based maintenance
227,sc bayoumi ha year teaching
228,prediction mechanical
229,foundation various
230,digital transformation dr bayoumi ha received funding department defense
231,wa professor mechanical aerospace engineering north state
232,currently director
233,state ha
234,sc bayoumi
235,tribology
236,published journal
237,department defense
238,funding department
239,prior joining
240,life prediction
241,prognosis life
242,bayoumi ha
243,involved developing
244,project manager
245,mcnair aerospace
246,main streetroom
247,wa professor
248,industry experience
249,developing strong
250,journal conference
251,mechanical biomedical
252,ha actively
253,national science foundation various industry ha published journal conference paper
254,program mechanical
255,actively involved
256,industry ha
257,various industry
258,mechanical behavior
259,mechanical aerospace
260,dr bayoumi
261,mechanical system
262,year teaching
263,activity focused
264,conference paper
265,project manager hewlett packard company
266,based maintenance
267,dean corporate
268,director mcnair
269,monitoring system
270,engineering prior
271,diagnosis prognosis life prediction mechanical system
272,director center predictive maintenance
273,ha received
274,ha published
275,director center
276,aerospace center
277,condition based
278,nuclear aerospace engineering activity focused mechanical behavior material
279,washington state
280,professor mechanical
281,behavior material
282,manager hewlett
283,center predictive
284,manufacturing process
285,received funding
286,aerospace engineering
287,digital transformation
288,relation professor
289,associate dean
290,health monitoring system
291,engineering north
292,transformation dr
293,biomedical engineering
294,hewlett packard
295,diagnosis prognosis
296,strong program
297,sc
298,development subsequent
299,landfill thermochemical
300,disposed nanomaterials
301,biological process
302,personal care
303,room berge
304,solid waste
305,lead carbon
306,groundwater remediation
307,energy yield
308,remediation technology
309,compound bioreactor
310,thermochemical conversion
311,endocrine disrupting
312,value added product production specific area exploration fate disposed nanomaterials
313,treatment technique
314,subsequent evaluation
315,bioreactor landfill
316,resource recovery
317,pharmaceutical
318,yield waste
319,product production
320,increasing energy
321,municipal solid
322,main street
323,improving understanding
324,room berge focus improving understanding physical
325,waste stream
326,treatment process
327,personal care product endocrine disrupting compound bioreactor landfill thermochemical conversion municipal solid waste increasing energy yield waste stream resource recovery waste stream leachate treatment process development subsequent evaluation innovative groundwater remediation technology
328,disrupting compound
329,energy generation
330,fate disposed
331,evaluation innovative
332,promote sustainable
333,berge focus
334,production specific
335,area exploration
336,manipulated promote
337,product endocrine
338,leachate treatment
339,technique lead
340,chemical
341,waste increasing
342,value added
343,added product
344,process manipulated
345,conversion municipal
346,process development
347,care product
348,sustainable waste
349,focus improving
350,carbon sequestration
351,innovative groundwater
352,specific area
353,recovery waste
354,waste treatment
355,exploration fate
356,stream leachate
357,biological process manipulated promote sustainable waste treatment technique lead carbon sequestration
358,understanding physical
359,stream resource
360,nuclear fuel waste material
361,waste material
362,fuel waste
363,nuclear fuel
364,tissue scaffolding
365,mechanic soft
366,dr bischoff biomedical engineering
367,passive mechanic
368,hypertrophic scar
369,passive mechanic soft tissue
370,structural constitutive
371,theoretical framework
372,evolution artificial
373,constitutive testing
374,framework modeling
375,constitutive testing modeling hypertrophic scar
376,artificial tissue
377,modeling growth
378,modeling hypertrophic
379,bischoff biomedical
380,analysis structural
381,growth tissue
382,analysis structural constitutive evolution artificial tissue scaffolding
383,dr bischoff
384,soft tissue
385,testing modeling
386,theoretical framework modeling growth tissue
387,constitutive evolution
388,hanna
389,angiogenic behavior
390,transplantation genetic
391,system expand
392,cell transplantation
393,brougham cook blanchette asc spheroid geometry culture oxygenation differentially impact induction pre angiogenic behavior endothelial cell cell transplantation
394,chemotherapeutics administered
395,differentially impact
396,pre angiogenic
397,engineering design
398,behavior endothelial
399,specific project
400,proper function
401,therapeutic tissue
402,extending proper
403,pancreatic islet
404,enhance vascularization
405,vascularization skiles
406,sc fall
407,cell cell
408,delivery therapeutic
409,cook blanchette
410,impact induction
411,developing responsive
412,cell following
413,culture oxygenation
414,genetic engineering
415,transplantation mesenchymal
416,blanchette asc
417,cell enhance
418,geometry culture
419,spheroid geometry
420,design cell
421,following transplantation
422,signaling three
423,induction pre
424,three dimensional
425,engineering specific
426,responsive delivery
427,brougham cook
428,material tracking
429,spectrum chemotherapeutics
430,instructive material
431,hydrogel material
432,area design
433,rucker
434,orally extending
435,function pancreatic
436,cell instructive
437,project developing
438,room main
439,hypoxic signaling
440,mesenchymal stem
441,skiles l
442,fall area
443,sc fall area design cell instructive material
444,endothelial cell
445,expand spectrum
446,oxygenation differentially
447,aggregate transplantation
448,stem cell
449,cell aggregate
450,administered orally
451,asc spheroid
452,instructive hydrogel
453,delivery therapeutic tissue engineering specific project developing responsive delivery system expand spectrum chemotherapeutics administered orally extending proper function pancreatic islet cell following transplantation genetic engineering design instructive hydrogel material tracking hypoxic signaling three dimensional cell aggregate transplantation mesenchymal stem cell enhance vascularization skiles l
454,tracking hypoxic
455,room main streetcolumbia
456,islet cell
457,delivery system
458,design instructive
459,tissue engineering
460,dimensional cell
461,tipton
462,study jmir
463,department triage
464,press boltin
465,utilizing analytical
466,field employ
467,glean information
468,information data
469,developing decision
470,design evaluate
471,industry data
472,well predictive modeling two
473,analytical technique
474,reduction artificial
475,technique including
476,incident edit
477,triage chemical
478,mass casualty
479,dr boltin
480,valafar mobile
481,artificial neural
482,emergency department
483,network improve
484,many discipline
485,categorized two
486,latest software
487,dr boltin focus developing decision support system healthcare industry data science interdisciplinary field employ technique many discipline mathematics
488,jmir mhealth
489,interdisciplinary field
490,supervised unsupervised
491,data utilizing
492,tool emergency
493,created deploy
494,unsupervised machine
495,two broad
496,software development
497,focus categorized
498,computer science
499,predictive modeling
500,casualty incident
501,data science
502,employ technique
503,tool created
504,healthcare industry
505,information science computer science focus categorized two broad area one
506,culley jm
507,support system
508,design evaluate translational informatic tool created deploy sophisticated algorithm using latest software development human computer interaction boltin
509,culley
510,mhealth uhealth
511,statistic
512,support tool
513,interaction boltin
514,well predictive
515,algorithm using
516,glean information data utilizing analytical technique including data mining
517,focus developing
518,article press
519,neural network
520,incident article
521,mobile decision
522,dimension reduction
523,including data
524,human computer
525,boltin focus
526,discipline mathematics
527,supervised unsupervised machine learning
528,sophisticated algorithm
529,valafar application
530,science interdisciplinary
531,informatic tool
532,application dimensional
533,chemical mass
534,broad area
535,evaluate translational
536,science computer
537,computer interaction
538,technique many
539,data mining
540,decision support
541,deploy sophisticated
542,using latest
543,department mass
544,initial study
545,system healthcare
546,dimensional reduction
547,edit initial
548,improve emergency
549,valafar mobile decision support tool emergency department mass casualty incident edit initial study jmir mhealth uhealth
550,statistical analysis
551,information science
552,translational informatic
553,science focus
554,valdes
555,valafar application dimensional reduction artificial neural network improve emergency department triage chemical mass casualty incident article press boltin
556,development human
557,modeling two
558,area one
559,power grid resiliency
560,power electronics reliability
561,medium frequency transformer optimization
562,medium frequency
563,transformer optimization
564,grid resiliency
565,electronics reliability
566,frequency transformer
567,power grid
568,power electronics
569,department college
570,sc director
571,european journal operational
572,journal past
573,columbia
574,suite
575,article appeared
576,programming administration
577,professor integrated
578,editor information
579,college engineering
580,association editor
581,health information
582,engineering computing
583,sc robert
584,information technology
585,director master
586,texas state
587,robert brookshire
588,author using
589,study quarterly
590,past president
591,president organizational
592,mainframe systemsitec
593,innovation assembly street
594,innovation assembly
595,sc robert brookshire professor integrated information technology department college engineering computing
596,integrated information
597,technology department
598,managementitec mainframe
599,north texas
600,assembly street
601,itec record
602,computer information
603,information system
604,system association
605,byte
606,microcomputer sage
607,appeared journal
608,journal operational
609,sc director master health information technology program ha taught new york
610,legislative study quarterly
611,brookshire professor
612,sage publication
613,performance journal
614,technology program
615,taught new
616,article appeared journal computer information system
617,virginia
618,systemsitec linux
619,european journal
620,learning
621,record managementitec
622,program ha
623,ha taught
624,north texas state
625,journal computer
626,performance journal itec record managementitec mainframe systemsitec linux programming administration
627,new york
628,co author
629,james madison co author using microcomputer sage publication
630,james madison
631,journal past president organizational system association editor information technology
632,social science computer review
633,computer review
634,linux programming
635,legislative study
636,using microcomputer
637,organizational system
638,madison co
639,social science
640,journal itec
641,master health
642,including mentoring student programming professional development best practice responsibility gathering stakeholder navy
643,earnie lead software developer virtual test bed vtb smart ship system design project addition writing code
644,addition writing
645,consortium education
646,mentoring student
647,vtb smart
648,development best
649,writing code
650,development team
651,project addition
652,lead software
653,practice responsibility
654,bed vtb
655,supervises daily activity development team project
656,integrating requirement
657,requirement consortium
658,including mentoring
659,programming professional
660,esrdc consortium
661,smart ship
662,requirement developing
663,plan integrating
664,responsibility gathering
665,test bed
666,best practice
667,stakeholder navy
668,earnie lead
669,software developer
670,team project
671,virtual test
672,private industry requirement developing plan integrating requirement consortium education
673,activity development
674,student programming
675,gathering stakeholder
676,system design
677,developer virtual
678,supervises daily
679,industry requirement
680,daily activity
681,ship system
682,developing plan
683,private industry
684,professional development
685,design project
686,first year
687,ida cc
688,ha part
689,number theory
690,image processing
691,year english
692,architecture oriented
693,accuracy ida
694,traditional computer architecture oriented toward floating point computation normally perform significantly reduced efficiency one class problem computational problem number theory fast integer arithmetic
695,problem custom
696,directed splash
697,characteristic improvement
698,substantial parallelism
699,xilinx fpgas
700,renewal columbia
701,discrete mathematics
702,support vote
703,urban renewal
704,broad class
705,whose application
706,problem number
707,discovering problem
708,voting system
709,buell past
710,essay linguistic
711,auditing election
712,application programmed
713,vote total
714,co supervising
715,included algorithm
716,custom computing
717,evicting resident
718,vote absence
719,critical interactive
720,linguistic characteristic
721,analysis first
722,one often
723,discrete mathematics text string processing
724,lead uncounted
725,iphone urban
726,necessary another broad class problem custom computing machine devised bit oriented computation done string processing
727,writing pedagogy
728,computing machine
729,bit bit
730,oriented computation
731,total certified
732,often sufficient
733,buell recent
734,interactive iphone
735,necessary another
736,one neighborhood
737,performing computation
738,reduced efficiency
739,bit oriented
740,algorithm architecture
741,supervising work
742,problem process
743,fast integer
744,building custom
745,english essay
746,architecture performing
747,traditional computer
748,normally perform
749,data discovering
750,project building
751,efficiency one
752,data support
753,machine used
754,bit arithmetic
755,absence data
756,pedagogy professor
757,team auditing
758,columbia sc
759,problem computational
760,work ha
761,floating point
762,perform significantly
763,often multiprecision arithmetic
764,oriented toward
765,election data
766,another broad
767,used xilinx
768,done string
769,state digital
770,past included
771,integer arithmetic
772,digital humanity
773,computational problem
774,certified state
775,engaged analysis
776,string processing
777,need substantial
778,one often need substantial parallelism
779,text string
780,professor buell recent work ha electronic voting system digital humanity ha part team auditing election data discovering problem process lead uncounted vote absence data support vote total certified state digital humanity
781,machine devised
782,programmed vhdl
783,humanity ha
784,multiprecision arithmetic
785,point computation
786,electronic voting
787,part team
788,improvement writing
789,resident ward
790,ward one
791,mathematics text
792,critical interactive iphone urban renewal columbia sc role evicting resident ward one neighborhood adjacent
793,role evicting
794,cc directed
795,uncounted vote
796,compute element
797,often multiprecision
798,element whose
799,sufficient accuracy
800,significantly reduced
801,recent work
802,theory fast
803,professor buell
804,sc role
805,splash project
806,engaged analysis first year english essay linguistic characteristic improvement writing pedagogy professor buell past included algorithm architecture performing computation
807,bit bit arithmetic often sufficient accuracy ida cc directed splash project building custom computing machine used xilinx fpgas compute element whose application programmed vhdl
808,computation normally
809,processing computation
810,work ward
811,co supervising work ward one app
812,toward floating
813,fpgas compute
814,image processing computation
815,neighborhood adjacent
816,often need
817,ha electronic
818,class problem
819,process lead
820,system digital
821,one app
822,one class
823,arithmetic often
824,computation done
825,devised bit
826,lab website
827,member american
828,mechanic american
829,engineering educator
830,earthquake engineering structural control dr caicedo member american society civil engineer
831,structural dynamic
832,caicedo area
833,brown jr
834,educator complete
835,numerical experimental
836,society civil
837,american society
838,jr network
839,network earthquake
840,specialization structural
841,engineering institute
842,earthquake engineering
843,emphasis structural
844,publication visit
845,infrastructure lab
846,caicedo member
847,experimental area
848,george brown
849,society experimental
850,experimental mechanic
851,list project
852,dr caicedo
853,engineering emphasis
854,area structural
855,engineering structural
856,engineering simulation
857,george brown jr network earthquake engineering simulation
858,model updating
859,society experimental mechanic american society engineering educator complete list project publication visit structural dynamic intelligent infrastructure lab website
860,dr caicedo area specialization structural engineering emphasis structural dynamic numerical experimental area structural dynamic
861,structural engineering
862,dynamic numerical
863,structural control
864,society engineering
865,control dr
866,visit structural
867,civil engineer
868,project publication
869,intelligent infrastructure
870,area specialization
871,complete list
872,dynamic intelligent
873,earthquake engineering institute
874,using fea
875,phenomenon structural
876,carrilho modeling
877,modeling simulation
878,thermal hydraulic
879,hydraulic design
880,core component
881,simulation process
882,process phenomenon
883,design pwr
884,fuel core
885,fea cfd
886,structural thermal
887,using fea cfd method
888,dr leo
889,leo carrilho
890,pwr nuclear
891,dr leo carrilho modeling simulation process phenomenon structural thermal hydraulic design pwr nuclear fuel core component
892,cfd method
893,abuse result
894,fibrosis commonly
895,performance correlated
896,stiffer myocardium
897,medicine bldg
898,commonly associated
899,matrix change
900,cell type
901,result stiffer
902,accumulation extracellular
903,including fibroblast
904,elaborate extracellular
905,alters heart
906,animal model
907,myocardial infarction
908,matrix heart
909,result myocardial
910,density organization
911,sc ventricular wall heart composed contractile muscle cell non muscle cell type including fibroblast
912,cardiac fibroblast
913,matrix seen
914,fibroblast behavior
915,cardiovascular performance
916,chronic exposure
917,fibrosis result
918,expression regulated
919,cell culture
920,road columbia
921,matrix fibrosis
922,carver lab
923,used examine
924,heart function
925,gene expression
926,exposure alcohol
927,heart particularly
928,correlated heart
929,others cell
930,regulated heart
931,seen alcohol
932,heart disease
933,behavior gene
934,model used
935,focused understanding
936,heart produced
937,room garner
938,cell interconnected
939,function extracellular
940,ferry road
941,known affect
942,infarction increased
943,contractile muscle
944,produced largely
945,non muscle
946,affect cardiovascular
947,culture animal
948,heart composed
949,excessive accumulation
950,fibroblast cardiovascular
951,particularly interested
952,school medicine
953,associated hypertension
954,extracellular matrix
955,excessive accumulation extracellular matrix fibrosis commonly associated hypertension myocardial infarction increased accumulation extracellular matrix seen fibrosis result stiffer myocardium
956,alters heart function extracellular matrix heart produced largely cardiac fibroblast dr carver lab focused understanding fibroblast behavior gene expression regulated heart particularly interested chronic exposure alcohol seen alcohol abuse result myocardial fibrosis cell culture animal model used examine regulation fibroblast cardiovascular disease
957,organization extracellular
958,cell non
959,wall heart
960,regulation fibroblast
961,endothelial cell others cell interconnected supported elaborate extracellular matrix change density organization extracellular matrix known affect cardiovascular performance correlated heart disease instance
962,myocardial fibrosis
963,seen fibrosis
964,largely cardiac
965,school medicine bldg room garner ferry road columbia
966,increased accumulation
967,alcohol abuse
968,sc ventricular
969,muscle cell
970,garner ferry
971,cell others
972,alcohol seen
973,understanding fibroblast
974,cardiovascular disease
975,matrix known
976,ventricular wall
977,dr carver
978,supported elaborate
979,change density
980,hypertension myocardial
981,interconnected supported
982,composed contractile
983,fibrosis cell
984,bldg room
985,lab focused
986,fibroblast dr
987,interested chronic
988,examine regulation
989,type including
990,disease instance
991,plasmonics
992,graphene
993,chemistry
994,epitaxy
995,sic
996,buckling quasi
997,impact mechanic
998,zhu shiyang
999,vessel technology
1000,vol
1001,june wang
1002,dukaifan
1003,system cao
1004,fracture fatigue material structure
1005,yinbiao niffenegger
1006,experimental study
1007,uniaxial biaxial
1008,biaxial loading
1009,hao peng
1010,welding modeling residual stress distortion
1011,shell axial
1012,wang bo
1013,quasi perfect
1014,markus chao
1015,fracture fatigue
1016,asme journal pressure vessel technology
1017,international journal
1018,journal pressure
1019,cylindrical shell
1020,assessment specimen
1021,june wang bo
1022,solid structure
1023,residual stress
1024,cell system
1025,modeling residual
1026,xiangtao
1027,biomechanics nanomechanics
1028,loading condition
1029,compression combined
1030,pem fuel
1031,bi xiangju
1032,constraint assessment specimen tested uniaxial biaxial loading condition
1033,yuh
1034,material structure
1035,failure criterion
1036,buckling quasi perfect cylindrical shell axial compression combined experimental numerical investigation
1037,chao yuh
1038,fatigue material
1039,asme journal
1040,mechanic material
1041,stress distortion
1042,chao theoretical
1043,pressure vessel
1044,axial compression
1045,chen bingquan
1046,perfect cylindrical
1047,dr chao
1048,welding modeling
1049,specimen tested
1050,international journal solid structure
1051,study failure
1052,durability pem fuel cell system cao
1053,material characterization
1054,theoretical experimental
1055,experimental numerical
1056,impact mechanic material characterization failure criterion
1057,dr chao theoretical experimental study failure
1058,combined experimental
1059,constraint assessment
1060,numerical investigation
1061,guian
1062,durability pem
1063,journal solid
1064,fuel cell
1065,tested uniaxial
1066,yupeng qian
1067,characterization failure
1068,hydraulic transient
1069,water resource engineering
1070,hydraulic engineering
1071,resource engineering
1072,water resource
1073,ionic electronic conducting ceramic
1074,solid oxide
1075,structure property relationship
1076,oxide fuel
1077,separation membrane
1078,gas separation membrane
1079,ionic electronic
1080,dr chen
1081,property relationship
1082,solid oxide electrolysis cell
1083,chen synthesis
1084,conversion storage
1085,material energy
1086,structure property
1087,oxide electrolysis
1088,characterization material
1089,composition
1090,electronic conducting
1091,electrolysis cell
1092,gas separation
1093,energy conversion
1094,catalysis electrocatalysis
1095,dr chen synthesis characterization material energy conversion storage
1096,synthesis characterization
1097,conducting ceramic
1098,solid oxide fuel cell
1099,aiaugmented simulation
1100,emerging technology
1101,data sensing
1102,sensing analytics
1103,data sensing analytics
1104,kit germany
1105,cheng ha
1106,paper main
1107,director division
1108,innovative nuclear
1109,teaching experience
1110,student ha
1111,prof cheng
1112,system kit
1113,phd student
1114,student kit
1115,professor karlsruhe
1116,sjtu china
1117,karlsruhe institute
1118,director division innovative nuclear system kit ha supervised supervising phd student kit sjtu give lecture undergraduate master student ha published paper main field nuclear thermal hydraulics nuclear safety
1119,division innovative
1120,prof cheng ha year experience year teaching experience currently professor karlsruhe institute technology kit germany shanghai jiao tong sjtu china
1121,kit ha
1122,tong sjtu
1123,germany shanghai
1124,published paper
1125,nuclear system
1126,shanghai jiao
1127,sjtu give
1128,institute technology
1129,main field
1130,field nuclear
1131,jiao tong
1132,supervised supervising
1133,nuclear thermal
1134,kit sjtu
1135,currently professor
1136,master student
1137,nuclear safety
1138,thermal hydraulics
1139,hydraulics nuclear
1140,undergraduate master
1141,lecture undergraduate
1142,ha supervised
1143,year experience
1144,technology kit
1145,supervising phd
1146,give lecture
1147,experience year
1148,computational biology
1149,thermodynamics
1150,liion safety
1151,science dmz
1152,programmable switch
1153,iot security
1154,ehime school medicine
1155,ehime school
1156,fourth military
1157,military medical
1158,japan
1159,fourth military medical
1160,r china
1161,molecular medicine
1162,fused deposition modeling
1163,deposition modeling
1164,additive manufacturing
1165,fused deposition
1166,printing
1167,molecular dynamic simulation
1168,process simulation
1169,dynamic simulation
1170,molecular dynamic
1171,solid mechanic
1172,finite element
1173,manufacturing process simulation
1174,administrator year
1175,ranking perceived
1176,bias funding
1177,strategic planning
1178,economic development
1179,administrative capacity
1180,dependency theory
1181,federal foundation
1182,enables institution
1183,review enables
1184,signal competitiveness
1185,capacity reputation
1186,funding review
1187,student growth
1188,funding sponsor
1189,resource dependency
1190,reputation goal
1191,process based
1192,year administration
1193,community economic
1194,past year
1195,institution signal
1196,agency review
1197,perceived bias
1198,administration focused
1199,review process
1200,ha concentrated
1201,senior administrator
1202,national ranking
1203,foundation agency
1204,bias federal
1205,agent resource
1206,past year administration leadership experience ha concentrated strategic growth
1207,leadership experience
1208,sponsor based
1209,based principal
1210,principal agent
1211,experience ha
1212,administration focused national ranking perceived bias funding review process based administrative capacity reputation goal identify contributes perceived bias federal foundation agency review enables institution signal competitiveness funding sponsor based principal agent resource dependency theory
1213,administration leadership
1214,identify contributes
1215,administration community
1216,strategic growth
1217,development
1218,senior administrator year administration community economic development
1219,concentrated strategic
1220,focused national
1221,goal identify
1222,based administrative
1223,contributes perceived
1224,competitiveness funding
1225,instructor undergraduate
1226,public sector
1227,business partnership
1228,iit mhit
1229,clinical instructor
1230,mhit program
1231,private public
1232,numerous business
1233,sc dillon
1234,within private
1235,within iit
1236,technology brings
1237,sector related
1238,program within
1239,sc dillon director internship department integrated information technology clinical instructor undergraduate graduate program within iit mhit program ha worked within private public sector related educational technology brings numerous business partnership relationship
1240,related educational
1241,brings numerous
1242,worked within
1243,department integrated
1244,undergraduate graduate
1245,ha worked
1246,internship department
1247,technology clinical
1248,director internship
1249,dillon director
1250,educational technology
1251,graduate program
1252,partnership relationship
1253,number undergraduate
1254,seek insert
1255,activity related
1256,oversees usc
1257,director electric
1258,level advanced
1259,electrochemical power source
1260,coordination activity member school prof dougal also site director new nsf sponsored industry cooperative center grid connected advanced power electronic system grape joint project usc arkansas seek insert greater level advanced power electronics utility power grid better realize smart grid since
1261,principally focus
1262,control dr dougal currently supervises dozen graduate student
1263,member board
1264,greater level
1265,dougal member
1266,study electric
1267,sc dougal lead power energy system group
1268,several post doctoral scholar faculty
1269,system environment
1270,new power
1271,director new
1272,dougal currently
1273,simulation virtual
1274,associated technology
1275,overseen development
1276,doctoral scholar
1277,number engineering
1278,site director
1279,supervises dozen
1280,prof dougal ha overseen development virtual test bed software
1281,hybrid power source
1282,better realize
1283,smart grid
1284,comprehensive simulation virtual prototyping environment multidisciplinary dynamic system environment applied study electric system navy ship
1285,applied study
1286,swearingenroom main street columbia
1287,dougal also
1288,consortium esrdc
1289,environment multidisciplinary
1290,connected advanced
1291,related new
1292,usc arkansas
1293,capacity oversees
1294,system grape
1295,encompasses wide
1296,sc dougal
1297,office naval
1298,cooperative center
1299,post doctoral
1300,range associated
1301,dougal ha
1302,nsf sponsored
1303,ha overseen
1304,arkansas seek
1305,grape joint
1306,grid better
1307,sponsored industry
1308,principally focus power electronics also encompasses wide range associated technology across number engineering department dr dougal member board director electric ship development consortium esrdc
1309,electronics utility
1310,currently supervises
1311,processing
1312,street columbia
1313,distribution technology ship
1314,board director
1315,power source
1316,grid connected
1317,lead power
1318,distribution technology
1319,ship development
1320,capacity oversees usc activity related new power generation
1321,electric system
1322,engineering department
1323,across number
1324,prof dougal
1325,dr dougal
1326,several post
1327,electronics also
1328,comprehensive simulation
1329,virtual prototyping
1330,graduate student
1331,new nsf
1332,electrochemical power
1333,dozen graduate
1334,energy system
1335,activity member
1336,scholar faculty
1337,development virtual
1338,number undergraduate researcher
1339,department dr
1340,school prof
1341,sponsorship office naval
1342,technology ship
1343,development consortium
1344,usc activity
1345,also encompasses
1346,member school
1347,insert greater
1348,undergraduate researcher
1349,coordination activity
1350,environment applied
1351,advanced power
1352,power generation
1353,electric ship
1354,wide range
1355,dougal lead
1356,multidisciplinary dynamic
1357,project usc
1358,industry cooperative
1359,prototyping environment
1360,bed software
1361,system navy
1362,also site
1363,system group
1364,joint project
1365,navy ship
1366,hybrid power
1367,utility power
1368,power energy
1369,sponsorship office
1370,electronic system
1371,center grid
1372,realize smart
1373,grid since
1374,focus power
1375,dynamic system
1376,technology across
1377,realtime system
1378,gas phase
1379,including chlorine
1380,dryer current
1381,interaction including
1382,kinetic property
1383,particulate emission
1384,ability address
1385,fire safety
1386,safety related
1387,gas turbine
1388,hazardous waste
1389,heat transfer
1390,issue earth
1391,related issue
1392,chemical kinetics
1393,related ground
1394,micro gravity
1395,solid phase
1396,environment solid
1397,sc dryer
1398,safety dr
1399,phenomenon nano
1400,fossil renewable
1401,ability address energy security reduction net carbon cycle emission well pollutant concern fire safety related issue earth micro gravity environment solid phase gas phase interaction related particle burning phenomenon nano catalyst material emission internal combustion engine
1402,pollutant mitigation
1403,fuel oil
1404,combustion related
1405,diesel
1406,related particle
1407,physical chemistry
1408,heavy fuel oil combustion property non petroleum derived alternative fuel
1409,dryer ha
1410,alternative fuel
1411,fundamental experience
1412,kinetics relevant
1413,relevant space
1414,phase gas
1415,sc dryer ha year application driven fundamental experience thermal science heat transfer
1416,stationary power
1417,material related
1418,experience thermal
1419,phase interaction
1420,well pollutant
1421,derived fuel
1422,generation abatement
1423,fire safety dr dryer current chemistry chemical kinetics fuel hazardous waste material related ignition
1424,net carbon
1425,production
1426,gravity environment
1427,emission generation abatement petroleum derived fuel
1428,conversion related
1429,related ignition
1430,emission generation
1431,chemistry chemical
1432,driven fundamental
1433,combustion related pollutant mitigation
1434,reduction net
1435,application driven
1436,internal combustion
1437,incineration
1438,chemical kinetic property
1439,pollutant concern
1440,ash metal
1441,transportation stationary
1442,material emission
1443,effect stationary
1444,fossil renewable energy conversion related ground transportation stationary power generation
1445,kinetics fuel
1446,oil combustion
1447,address energy
1448,renewable energy
1449,concern fire
1450,stationary energy
1451,chemical kinetics relevant space air breathing propulsion
1452,space air
1453,breathing propulsion
1454,sulfur ash
1455,related pollutant
1456,combustion
1457,burning phenomenon
1458,fuel hazardous
1459,year application
1460,emission internal
1461,interaction related
1462,abatement petroleum
1463,ground transportation
1464,rm carolinacolumbia
1465,nitrogen oxide
1466,non petroleum
1467,heavy fuel
1468,particle burning
1469,energy security
1470,aerosol particulate
1471,including hydrocarbon
1472,property non
1473,security reduction
1474,earth micro
1475,emission interaction
1476,thermal science
1477,combustion property
1478,metal component
1479,fluid dynamic
1480,aerosol particulate emission interaction including chlorine
1481,petroleum derived
1482,cycle emission
1483,catalyst material
1484,emission well
1485,chemical kinetic
1486,air breathing
1487,derived alternative
1488,chemical processing
1489,dr dryer
1490,nano catalyst
1491,combustion engine
1492,including gasoline
1493,science heat
1494,current chemistry
1495,component effect
1496,sulfur ash metal component effect stationary energy conversion
1497,carbon cycle
1498,ha addressed
1499,pi co
1500,information retrieval
1501,efficient algorithm
1502,problem database
1503,want information
1504,algorithm information
1505,professor bowles
1506,interaction ha
1507,organization search
1508,working colleague
1509,area ha
1510,spectrum problem
1511,efficient file
1512,file organization
1513,user interaction
1514,interface user
1515,professor eastman focus effective efficient algorithm information retrieval want information
1516,focus effective
1517,search interface
1518,addressed broad
1519,efficient file organization search interface user interaction ha also working colleague problem database security pi co director professor bowles nsf experience undergraduate site
1520,eastman focus
1521,correct find
1522,easily quickly find useful correct find work area ha addressed broad spectrum problem
1523,easily quickly
1524,ha also
1525,nsf experience
1526,undergraduate site
1527,colleague problem
1528,database security
1529,work area
1530,co director
1531,bowles nsf
1532,director professor
1533,also working
1534,quickly find
1535,effective efficient
1536,experience undergraduate
1537,retrieval want
1538,find useful
1539,security pi
1540,find work
1541,professor eastman
1542,useful correct
1543,broad spectrum
1544,mechanobiology
1545,cardiovascular
1546,biomechanics
1547,high gradient
1548,particle fluid
1549,consists use
1550,technique used
1551,element result
1552,energized create
1553,today major
1554,potential hgms
1555,hgms found
1556,major application
1557,well rapid
1558,small size
1559,enough collect
1560,technique consists
1561,collect particle
1562,low magnetism
1563,collection manipulation magnetic particle fluid medium
1564,use high
1565,magnetic field
1566,particle small
1567,assist magnetic
1568,cancer treatment
1569,control well
1570,field separation
1571,collection manipulation
1572,fine ferromagnetic
1573,magnetic gradient
1574,particular emphasis use high gradient magnetic separation hgms principle technique consists use fine ferromagnetic element result application external magnetic field become energized create magnetic gradient large enough collect particle small size low magnetism collection otherwise realized today major emphasis potential hgms found medical area technique used assist magnetic drug targeting cancer treatment
1575,otherwise realized
1576,area technique
1577,result application
1578,major emphasis
1579,realized today
1580,ferromagnetic element
1581,application magnetic
1582,restenosis
1583,magnetism collection
1584,found medical
1585,ebner major
1586,field become
1587,embolization control well rapid detoxification
1588,ebner major application magnetic field separation
1589,use fine
1590,collection otherwise
1591,magnetic particle
1592,emphasis potential
1593,chile
1594,manipulation magnetic
1595,gradient large
1596,principle technique
1597,application external
1598,catholic chile
1599,large enough
1600,used assist
1601,emphasis use
1602,create magnetic
1603,medical area
1604,separation hgms
1605,gradient magnetic
1606,targeting cancer
1607,embolization control
1608,external magnetic
1609,magnetic separation
1610,become energized
1611,magnetic drug
1612,drug targeting
1613,particular emphasis
1614,fluid medium
1615,hgms principle
1616,rapid detoxification
1617,size low
1618,medicinal plant
1619,wound healing
1620,natural product
1621,drug discovery
1622,killer united
1623,whose interaction malignant cell determines aggressiveness tumor myeloid cell tme mainly myeloid derived suppressor cell mdscs
1624,tumor associated macrophage tam advanced tumor
1625,cause heart
1626,goal laboratory
1627,promote atherogenesis
1628,condition macrophage
1629,derived suppressor
1630,due unique
1631,cell mdscs
1632,thrombosis direct
1633,form vicious
1634,manipulate improve
1635,receptor tlr
1636,plaque resulting
1637,suppressor cell
1638,formation inflammatory
1639,complex signaling network tune dynamic function myeloid cell favor cancer progression focused understanding signal network developing strategy manipulate improve cancer treatment
1640,tune dynamic
1641,function myeloid
1642,sc rupture vulnerable atherosclerotic plaque resulting thrombosis direct cause heart attack stroke
1643,homeostasis controlling
1644,signal network
1645,determines aggressiveness
1646,deposit disease
1647,atherosclerosis lipid
1648,strategy disrupt
1649,lipid deposit
1650,macrophage tam
1651,macrophage cholesterol
1652,developing strategy
1653,improve cancer
1654,tumor myeloid
1655,progression focused
1656,well dominant
1657,macrophage inflammation
1658,dominant inflammation
1659,advanced tumor
1660,disrupt vicious
1661,complex signaling
1662,cholesterol homeostasis
1663,atherogenesis macrophage
1664,tumor microenvironment
1665,sink well
1666,tlr ligand
1667,plaque restoring
1668,many developed
1669,inflammation machine
1670,major cell
1671,foam cell
1672,promote regression
1673,cell component
1674,unusual metabolic profile
1675,regression atherosclerotic
1676,cholesterol sink
1677,atherogenesis goal
1678,component tumor
1679,chemokines toll
1680,unique feature
1681,atherosclerotic plaque
1682,strategy manipulate
1683,associated macrophage
1684,united state
1685,direct cause
1686,machine atherogenesis
1687,inflammatory response
1688,toll like
1689,network tune
1690,myeloid derived
1691,country atherosclerosis
1692,unusual metabolic
1693,inflammatory condition
1694,cytokine chemokines
1695,aggressiveness tumor
1696,whose interaction
1697,mainly myeloid
1698,microenvironment tme
1699,dynamic function
1700,response form
1701,abundance cytokine chemokines toll like receptor tlr ligand
1702,primary cholesterol
1703,macrophage foam
1704,tme including
1705,signaling network
1706,cycle promote
1707,attack stroke
1708,dendritic cell
1709,interaction malignant
1710,vicious cycle
1711,cell tme
1712,tam advanced
1713,feature tme
1714,cell determines
1715,chronic inflammatory
1716,cell major
1717,controlling macrophage
1718,favor cancer
1719,network developing
1720,laboratory develop
1721,developed country
1722,including hypoxia
1723,understanding signal
1724,rupture vulnerable
1725,macrophage primary
1726,cell formation
1727,develop strategy
1728,inflammation myeloid
1729,cell favor
1730,restoring macrophage
1731,malignant cell
1732,heart attack
1733,resulting thrombosis
1734,abundance cytokine
1735,myeloid cell
1736,tme mainly
1737,killer united state many developed country atherosclerosis lipid deposit disease chronic inflammatory condition macrophage primary cholesterol sink well dominant inflammation machine atherogenesis macrophage foam cell formation inflammatory response form vicious cycle promote atherogenesis goal laboratory develop strategy disrupt vicious cycle promote regression atherosclerotic plaque restoring macrophage cholesterol homeostasis controlling macrophage inflammation myeloid cell major cell component tumor microenvironment tme
1738,tumor associated
1739,disease chronic
1740,sc rupture
1741,metabolic profile
1742,state many
1743,like receptor
1744,due unique feature tme including hypoxia
1745,cancer progression
1746,vulnerable atherosclerotic
1747,information security
1748,energy
1749,multiphysics modeling
1750,thermalfluid science
1751,plasma
1752,professor fenner
1753,professor fenner core theoretical foundation computing computability computational complexity
1754,computability computational
1755,quantum computing
1756,core theoretical
1757,computational complexity
1758,especially quantum
1759,foundation computing
1760,computing computability
1761,fenner core
1762,theoretical foundation
1763,computing information
1764,especially quantum computing information
1765,business
1766,computer modeling
1767,process water quality engineering
1768,computer modeling water quality engineering process
1769,modeling water
1770,quality engineering
1771,molecular modeling
1772,process water
1773,modeling environmental
1774,environmental reaction
1775,main molecular
1776,engineering process
1777,water quality
1778,dr flora main molecular modeling environmental reaction
1779,dr flora
1780,flora main
1781,stanford
1782,engineering centerroom
1783,engineering centerroom main streetcolumbia
1784,centerroom main
1785,geotechnical
1786,civil
1787,engineering
1788,formulation involving
1789,constrained mixed
1790,improve productivity
1791,used develop
1792,proposed application
1793,taking discrete
1794,parallel programming
1795,branch reduce
1796,efficient operation
1797,characteristic variety
1798,effort mixed
1799,large scale system
1800,new moving
1801,sc gatzke area process modeling
1802,particulate processing
1803,develop process
1804,process modeling
1805,unknown value
1806,optimization efficient
1807,area particulate
1808,sc gatzke
1809,nonconvex nonseparable
1810,operation chemical
1811,understanding dynamic
1812,optimization problem
1813,scale system
1814,variety controller
1815,value proposed
1816,product variability
1817,reduce method
1818,easily directly
1819,method used
1820,new moving horizon formulation involving unknown value taking discrete value proposed application require online solution constrained mixed integer optimization problem ongoing effort parallel programming effort mixed integer optimization
1821,integer optimization
1822,reduce product
1823,control
1824,including parallel nonconvex nonseparable mixed integer outer approximation parallel nonconvex branch reduce method application area particulate processing
1825,involving unknown
1826,discrete value
1827,mixed integer
1828,outer approximation
1829,require online
1830,value taking
1831,nonconvex branch
1832,nonseparable mixed
1833,gatzke area
1834,acquired instrumentation
1835,parallel nonconvex
1836,solution constrained
1837,programming effort
1838,large scale
1839,variability improve
1840,moving horizon
1841,diagnostic method
1842,developed reduce
1843,area process
1844,process information
1845,effort parallel
1846,information easily
1847,estimation diagnostic
1848,requires fundamental
1849,optimization efficient operation chemical process requires fundamental understanding dynamic nonlinear characteristic variety controller formulation developed reduce product variability improve productivity estimation diagnostic method used develop process information easily directly acquired instrumentation recently
1850,application require
1851,online solution
1852,nonlinear characteristic
1853,including parallel
1854,approximation parallel
1855,directly acquired
1856,application area
1857,productivity estimation
1858,process requires
1859,horizon formulation
1860,integer outer
1861,bio process
1862,room main street columbia
1863,problem ongoing
1864,ongoing effort
1865,formulation developed
1866,controller formulation
1867,method application
1868,chemical process
1869,dynamic nonlinear
1870,instrumentation recently
1871,authored two
1872,associate editor
1873,shanghai
1874,c teach
1875,certificate support
1876,ithaca
1877,management dr
1878,science vanderbilt
1879,lehigh
1880,one development
1881,jia tong
1882,vanderbilt
1883,user privacy
1884,ph information
1885,measurement coke
1886,china article appeared communication acm
1887,computer science vanderbilt
1888,tenn b
1889,public key
1890,coke temperature
1891,pa eng
1892,journal ha authored two patent
1893,gerdes associate
1894,system vanderbilt
1895,database management dr gerdes hold b eng mechanical engineering cornell
1896,eng mechanical
1897,ha authored
1898,appeared communication
1899,decision support system
1900,hold b
1901,gerdes hold
1902,electronic commerce
1903,site development
1904,ohio state
1905,dr gerdes
1906,california riverside
1907,privacy currently
1908,support user
1909,telecommunication system
1910,commerce telecommunication
1911,mechanical engineering
1912,dr john gerdes associate professor department integrated information
1913,web site development
1914,b eng
1915,engineering cornell
1916,associate professor
1917,web site
1918,dr john
1919,vanderbilt ha
1920,journal ha
1921,one dealign measurement coke temperature
1922,one dealign
1923,new public
1924,john gerdes
1925,taught ohio
1926,two patent
1927,database management
1928,cornell
1929,china article
1930,key certificate
1931,development new
1932,communication acm
1933,c teach software development
1934,one development new public key certificate support user privacy currently associate editor electronic commerce telecommunication system
1935,teach software
1936,transaction iie
1937,nashville
1938,tenn
1939,currently associate
1940,editor electronic
1941,bethlehem
1942,ph information system vanderbilt ha taught ohio state
1943,dealign measurement
1944,system analysis
1945,engineering education
1946,higher education
1947,pittsburgh
1948,carolinamississippi state
1949,sc carolinamississippi state
1950,sc carolinamississippi
1951,physic applied
1952,mechanic topic
1953,multi physic
1954,mechanical engineer
1955,dr giurgiutiu
1956,chapter many
1957,active material
1958,giurgiutiu span
1959,book chapter
1960,multi physic applied mechanic topic dr giurgiutiu ha published several book book chapter many journal article conference paper fellow royal aeronautical society raes american society mechanical engineer asme associate editor aeronautical journal raes
1961,royal aeronautical
1962,dr giurgiutiu span active material
1963,smart structure
1964,published several
1965,journal raes
1966,journal article
1967,topic dr
1968,article conference
1969,aeronautical journal
1970,span active
1971,mechatronics
1972,editor aeronautical
1973,applied mechanic
1974,society mechanical
1975,aeronautical society
1976,several book
1977,asme associate
1978,many journal
1979,fellow royal
1980,society raes
1981,giurgiutiu ha
1982,paper fellow
1983,engineer asme
1984,book book
1985,raes american
1986,asthma trigger
1987,essential oil
1988,education along
1989,fundamental key
1990,involved development
1991,new unique
1992,dry ice
1993,technology abatement
1994,allergen bound
1995,trigger produced
1996,elisa assay
1997,fundamental aspect
1998,aspect novel
1999,oil cfd
2000,passion education
2001,effectiveness using
2002,reduce potency
2003,assay wa
2004,investigated present
2005,produced indoor
2006,home effectiveness
2007,protein involved
2008,novel technology
2009,investigating new
2010,educator student
2011,indoor environment
2012,essential oil cfd modeling elisa assay wa investigated present passion education along engineering education investigating new unique way teach undergraduate core fundamental key educator student
2013,modeling elisa
2014,present passion
2015,bound dry
2016,particle home
2017,abatement allergenic
2018,allergenic protein
2019,undergraduate core
2020,approach potentially
2021,dust particle
2022,along engineering
2023,education investigating
2024,way teach
2025,using dry
2026,key educator
2027,environment allergen
2028,fundamental aspect novel technology abatement allergenic protein involved development approach potentially reduce potency asthma trigger produced indoor environment allergen bound dry dust particle home effectiveness using dry ice
2029,potentially reduce
2030,core fundamental
2031,potency asthma
2032,development approach
2033,wa investigated
2034,unique way
2035,cfd modeling
2036,teach undergraduate
2037,dry dust
2038,integrated water
2039,integrated water resource management
2040,resource management
2041,hydroinformatics
2042,immunoengineering
2043,biomaterials
2044,ranging educational
2045,member adjunct
2046,several start
2047,used nuclear
2048,art experience
2049,founder nonprofit
2050,use disorder
2051,development alternative separation process used nuclear fuel
2052,area material
2053,area fuel
2054,corrosion sustainable
2055,laboratory system
2056,process used
2057,liberal art
2058,school chemical
2059,currently co
2060,professor working
2061,profit social
2062,separation process
2063,national laboratory
2064,worked area
2065,engineering localized
2066,supported liberal
2067,serving mentor
2068,mentoring role
2069,fluid solar
2070,diverse background
2071,experienced engineer diverse background ranging educational instruction mentoring role
2072,cell application
2073,battery component
2074,solar energy
2075,temperature heat
2076,energy application
2077,committee member
2078,storage fuel
2079,educational role
2080,based non
2081,social work
2082,experience primarily
2083,extensive experience development environment
2084,participated several
2085,transfer fluid
2086,instruction mentoring
2087,ups community
2088,development environment
2089,community based
2090,high temperature
2091,primarily involves
2092,entrepreneurial start ups community based non profit social work educational role range experience teaching assistant graduate school chemical engineering laboratory
2093,department state
2094,recovery substance
2095,working national
2096,graduate school
2097,laboratory manager
2098,serving laboratory manager instructor chemistry department state supported liberal art experience primarily involves application electrochemical engineering localized corrosion sustainable energy application worked area material compatibility corrosion susceptibility high temperature heat transfer fluid solar energy
2099,currently co founder nonprofit area recovery substance use disorder
2100,experience development
2101,manager instructor
2102,entrepreneurial start
2103,application worked
2104,state supported
2105,range experience
2106,application electrochemical
2107,nonprofit area
2108,non profit
2109,extensive experience
2110,hydrogen storage fuel cell application
2111,experienced engineer
2112,work educational
2113,ups area
2114,co founder
2115,role range
2116,experience teaching
2117,mentor thesis
2118,susceptibility high
2119,component characterization
2120,start ups
2121,teaching assistant
2122,chemistry department
2123,storage technology
2124,development alternative
2125,sustainable energy
2126,educational instruction
2127,material compatibility
2128,adjunct professor
2129,hydrogen storage
2130,compatibility corrosion
2131,engineering laboratory
2132,characterization participated
2133,engineer diverse
2134,electrochemical engineering
2135,serving mentor thesis committee member adjunct professor working national laboratory system
2136,battery component characterization participated several start ups area fuel cell hydrogen storage technology
2137,involves application
2138,cell hydrogen
2139,serving laboratory
2140,thesis committee
2141,instructor chemistry
2142,alternative separation
2143,background ranging
2144,substance use
2145,corrosion susceptibility
2146,area recovery
2147,assistant graduate
2148,chemical engineering
2149,localized corrosion
2150,nanoscale constituent
2151,characterization architected material
2152,data calibration
2153,dr gross
2154,gross center
2155,material includes
2156,mechanical property
2157,especially nanoscale
2158,experimental data
2159,well use
2160,constituent well
2161,center mechanical
2162,architected material
2163,dr gross center mechanical property material includes design
2164,calibration material
2165,field experimental
2166,includes design
2167,material model
2168,especially nanoscale constituent well use full field experimental data calibration material model
2169,property material
2170,use full
2171,fabrication
2172,full field
2173,characterization architected
2174,routing switching
2175,sql developer
2176,experience developer
2177,developer oracle
2178,educator information
2179,operation routing
2180,center assembly
2181,cyber security
2182,ccna ccna
2183,suite office columbia
2184,authorized cybersecurity
2185,network authorized
2186,developer using
2187,educator information technology cisco academy instructor cyber security operation routing switching ccna ccna
2188,analyst
2189,security operation
2190,suite office
2191,version developer
2192,alto network
2193,innovation center assembly street
2194,academy instructor
2195,sc year experience developer
2196,palo alto
2197,various tool
2198,cisco academy
2199,visual studio
2200,tool including
2201,cybersecurity academy
2202,including sql
2203,studio palo
2204,version developer using various tool including sql developer oracle visual studio palo alto network authorized cybersecurity academy instructor
2205,technology cisco
2206,using various
2207,sc year
2208,switching ccna
2209,oracle visual
2210,office columbia
2211,instructor cyber
2212,innovation center
2213,multidisciplinary design
2214,structural multidisciplinary
2215,structural multidisciplinary design
2216,fluid mechanic
2217,thermal management
2218,applied mathematics
2219,held columbia
2220,dr harik textbook manufacturing education featuring traditional emergent manufacturing topic
2221,aerospace conference
2222,chair ace
2223,textbook manufacturing
2224,sigma honor
2225,conducting automated fiber placement education join mechanical engineering master science
2226,ha million
2227,automated manufacturing
2228,design cad
2229,scientist nasa
2230,manufacturing topic
2231,pi tau
2232,industrial mechanical
2233,resident researcher
2234,faculty member department mechanical engineering resident researcher mcnair center aerospace innovation currently visiting scientist nasa langley
2235,computer aided
2236,technical symposium
2237,technology master
2238,award pi
2239,million usd
2240,education featuring
2241,manufacturing computer aided manufacturing cam dr harik associate editor computer aided design application international journal ha million usd funding boeing
2242,mcnair center
2243,master science
2244,fiber placement
2245,funded student
2246,course computer
2247,department commerce
2248,plm international
2249,automated fiber
2250,society dr
2251,dr harik
2252,honor society
2253,researcher mcnair
2254,featuring traditional
2255,cam dr
2256,manufacturing education
2257,manufacturing cam
2258,dassault aviation
2259,conference held
2260,automated manufacturing engineering technology master science industrial mechanical engineering doctor philosophy mainly teach course computer aided design cad
2261,wa chair
2262,nasa
2263,design application
2264,teach course
2265,philosophy mainly
2266,sc department
2267,manufacturing computer
2268,currently visiting
2269,engineering resident
2270,fulbright scholar
2271,member department
2272,aviation funded
2273,international conference
2274,conducting automated
2275,outstanding young
2276,nasa langley
2277,innovation currently
2278,education join
2279,harik textbook
2280,exhibition wa
2281,fokker aerostructures
2282,dassault aviation funded student several agency recipient outstanding young educator award pi tau sigma honor society dr harik chair ace
2283,student several
2284,ace technical
2285,center aerospace
2286,join mechanical
2287,harik chair
2288,ace ace technical symposium aerospace conference exhibition wa chair plm international conference held columbia
2289,science industrial
2290,harik associate
2291,emergent manufacturing
2292,sc department commerce
2293,faculty member
2294,ace ace
2295,traditional emergent
2296,aerospace innovation
2297,young educator
2298,aided design
2299,several agency
2300,engineering master
2301,funding boeing
2302,conference exhibition
2303,educator award
2304,engineering doctor
2305,doctor philosophy
2306,manufacturing engineering
2307,usd funding
2308,visiting scientist
2309,agency recipient
2310,placement education
2311,editor computer
2312,department mechanical
2313,symposium aerospace
2314,recipient outstanding
2315,tau sigma
2316,application international
2317,mainly teach
2318,chair plm
2319,aided manufacturing
2320,biomedical catawba stroom
2321,biomedical catawba
2322,catawba stroom
2323,uncertainty quantification
2324,multiscale modeling
2325,electrocatalysis
2326,computational catalysis
2327,biomass catalysis
2328,health information technology
2329,health informatics
2330,sustainable technology
2331,healthy building
2332,transportation environment
2333,metamodel
2334,material informatics
2335,evolutionary computation
2336,thermal transport
2337,novel energy
2338,energy nanotechnology
2339,transport process
2340,multi scale
2341,advanced thermal
2342,transport novel
2343,dr hu
2344,complex energy
2345,transfer advanced
2346,process full
2347,modeling complex
2348,interfacial heat
2349,list publication
2350,particular low
2351,multi scale multiphysics modeling complex energy transport process full list publication
2352,dr hu modeling simulation micro nano scale thermal transport novel energy system
2353,dimensional material
2354,hu modeling
2355,low dimensional
2356,full list
2357,scale thermal
2358,energy transport
2359,material nanostructures
2360,interfacial heat transfer advanced thermal management
2361,nano scale
2362,micro nano
2363,simulation micro
2364,scale multiphysics
2365,particular low dimensional material nanostructures
2366,distributed system
2367,network protocol
2368,protocol design
2369,network security
2370,network protocol design verification
2371,design verification
2372,electrochemistry
2373,gas membrane
2374,modeling
2375,battery
2376,durability
2377,coating
2378,composite
2379,computer vision
2380,ontology
2381,serviceoriented computing
2382,multiagent system
2383,distributed computing
2384,including order
2385,deep shallow foundation
2386,palmetto highest
2387,rank fellow
2388,flexible pavement
2389,engineering community
2390,geotechnical consultant
2391,rank fellow asce nspe
2392,national engineering
2393,retaining wall
2394,highest honor
2395,public service
2396,employee year
2397,among others
2398,letalier cup
2399,service award
2400,wall present
2401,engineering firm
2402,practice soil
2403,national engineering firm approximately
2404,professional practice soil dynamic
2405,soil stabilization
2406,soil dynamic
2407,humphries service
2408,effect blasting
2409,engineer year
2410,public service award
2411,employee location city recognition dr humphries service engineering community
2412,received numerous
2413,deep shallow
2414,government employee year
2415,award honor
2416,blasting structure
2417,professional practice
2418,senior geotechnical
2419,ha received numerous award honor including order palmetto highest honor
2420,dr humphries
2421,serf senior
2422,lateral earth
2423,asce nspe
2424,government employee
2425,employee location
2426,numerous award
2427,service engineering
2428,honor including
2429,fellow asce
2430,teaching
2431,effect blasting structure
2432,recognition dr
2433,lateral earth pressure
2434,earth pressure
2435,city recognition
2436,consultant terracon
2437,firm approximately
2438,humphries serf
2439,shallow foundation
2440,location city
2441,order palmetto
2442,dr humphries serf senior geotechnical consultant terracon consultant
2443,area
2444,inc
2445,terracon consultant
2446,retaining wall present
2447,freight
2448,logistics
2449,health care
2450,port operation
2451,drayage
2452,numerical experimental modeling
2453,turbidity current
2454,unsteady free
2455,surface flow
2456,sediment transport
2457,mass gravity flow
2458,gravity flow
2459,mass gravity
2460,free surface
2461,unsteady free surface flow
2462,experimental modeling
2463,protein delivery
2464,biomaterials recapitulate
2465,vascular tissue
2466,construct single
2467,engineering yanez
2468,single cell
2469,model intercellular
2470,appropriate response
2471,proliferation differentiation investigation lab revolve around cell sense distinctive type mechanical
2472,using natural
2473,parallel effort
2474,biochemical morphological
2475,intercellular signaling
2476,jabbarzadeh
2477,output associated
2478,pharmaceutical design
2479,modulation inflammatory response implanted biomaterials using natural compound
2480,distinctive type
2481,work complemented
2482,effort construct
2483,response work
2484,design engineering
2485,differentiation tissue
2486,biochemical property
2487,cell sense
2488,development engineering
2489,linked signaling
2490,mechanism associated
2491,implanted biomaterials
2492,sc overarching
2493,sc overarching theme robust design engineering tissue understanding modeling environmental effect stem cell differentiation tissue remodeling development engineering microenvironments based carbon nanotube array finely controllable biophysical biochemical property investigation molecular mechanism associated cell migration
2494,microenvironments based
2495,bone vascular
2496,mathematical model
2497,remodeling development
2498,based carbon
2499,blanchette
2500,tissue remodeling
2501,controllable biophysical
2502,application bone
2503,carbon nanotube
2504,revolve around
2505,environmental effect
2506,recapitulate key
2507,commitment addition
2508,modulation inflammatory
2509,characteristic natural
2510,proliferation differentiation
2511,engineering tissue
2512,associated fate
2513,matrix application
2514,lab revolve
2515,development biomaterials
2516,signaling event
2517,investigation molecular
2518,understanding modeling
2519,current pharmaceutical
2520,biophysical biochemical
2521,sense distinctive
2522,engineering microenvironments
2523,around cell
2524,molecular mechanism
2525,event linked
2526,natural compound
2527,response implanted
2528,morphological cue
2529,complemented parallel
2530,press
2531,investigation lab
2532,actively pursuing
2533,robust design
2534,cue integrate
2535,integrate generate
2536,type mechanical
2537,fate commitment
2538,finely controllable
2539,theme robust
2540,laboratory actively
2541,based mathematical
2542,natural extracellular
2543,laboratory actively pursuing development biomaterials recapitulate key characteristic natural extracellular matrix application bone vascular tissue engineering yanez
2544,array finely
2545,generate appropriate
2546,property investigation
2547,current pharmaceutical design
2548,nanotube array
2549,cell based
2550,biochemical morphological cue integrate generate appropriate response work complemented parallel effort construct single cell based mathematical model intercellular signaling event linked signaling output associated fate commitment addition
2551,cell migration
2552,overarching theme
2553,key characteristic
2554,tissue understanding
2555,associated cell
2556,differentiation investigation
2557,pursuing development
2558,signaling output
2559,cell differentiation
2560,biomaterials using
2561,effect stem
2562,microelectronics ha
2563,jalilvand contribution
2564,heterogeneous integration
2565,lab central
2566,ic assisted
2567,thermo mechanical
2568,uofsc faculty
2569,jalilvand assistant
2570,green paradigm
2571,collaboration department
2572,dr golareh
2573,circuit ic
2574,material interconnection
2575,unique electroplating
2576,field thin
2577,based integration
2578,learning method
2579,mechanical reliability
2580,via tsv
2581,platform prior
2582,recognized several
2583,focused thin
2584,thermo mechanical reliability solder joint
2585,currently working microstructure optimization via unique electroplating technique enhance reliability ic interconnects
2586,microstructure property
2587,faculty course
2588,microelectronics fabrication
2589,new interconnect
2590,worked silicon glass via tsv tgv based integration
2591,wa graduate assistant microelectronics fabrication reliability lab central florida
2592,fabrication reliability
2593,novel material
2594,several national
2595,dr jalilvand
2596,reliability solder
2597,assisted machine
2598,jalilvand microstructure
2599,professor chemical
2600,tgv based
2601,dr golareh jalilvand assistant professor chemical engineering department uofsc received sc
2602,nano electronics
2603,golareh jalilvand
2604,course ph
2605,enhance reliability
2606,uofsc received
2607,microstructure optimization
2608,material science
2609,focused thin film solid oxide fuel cell energy conversion green paradigm
2610,international platform
2611,reliability ic
2612,glass via
2613,graduate assistant
2614,interconnect material
2615,science engineering
2616,method developed
2617,conversion green
2618,cell energy
2619,studied new
2620,engineering uofsc
2621,technique enhance
2622,integration packaging
2623,studied new interconnect material dr jalilvand microstructure property relationship interconnects integrated circuit ic assisted machine learning method developed collaboration department computer science engineering uofsc
2624,department uofsc
2625,via unique
2626,reliability lab
2627,electroplating technique
2628,heterogeneous integration packaging micro nano electronics dr jalilvand contribution field thin film integrated microelectronics ha recognized several national international platform prior microelectronics
2629,ic interconnects
2630,sc ph material science engineering prior joining uofsc faculty course ph
2631,tsv tgv
2632,film solid
2633,ph material
2634,packaging micro
2635,novel material interconnection
2636,assistant professor
2637,film integrated
2638,department computer
2639,assistant microelectronics
2640,thin film
2641,interconnects integrated
2642,optimization via
2643,silicon glass
2644,currently working
2645,worked silicon
2646,working microstructure
2647,solder joint
2648,prior microelectronics
2649,central florida
2650,joining uofsc
2651,integrated microelectronics
2652,electronics dr
2653,integrated circuit
2654,material dr
2655,relationship interconnects
2656,contribution field
2657,ha recognized
2658,national international
2659,wa graduate
2660,developed collaboration
2661,machine learning system
2662,adversarial machine
2663,autonomic computing
2664,learning system
2665,computer system
2666,adversarial machine learning
2667,neema kanapala
2668,various undergraduate
2669,undergraduate course
2670,kanapala teach
2671,neema kanapala teach various undergraduate course
2672,teach various
2673,increase rate
2674,electronic property
2675,vacuum situ
2676,desorption tpd
2677,lower activation
2678,situ catalytic
2679,understanding reaction
2680,photoelectron spectroscopy
2681,programmed desorption
2682,layer solid
2683,composition electronic property outermost atomic layer solid material
2684,study catalyst
2685,synchrotron radiation
2686,electronic change
2687,electron spectroscopy
2688,various heterogeneous
2689,mechanism various
2690,ultra violet photoelectron spectroscopy ups
2691,srpes
2692,activation energy
2693,catalyst necessity
2694,induced auger
2695,ray synchrotron
2696,temperature programmed desorption tpd
2697,system important
2698,important order
2699,study model
2700,achieved creating
2701,auger electron
2702,spectroscopy xaes
2703,atomic layer
2704,radiation photoelectron
2705,goal catalyst
2706,composition electronic
2707,understanding reaction mechanism various heterogeneous catalytic process fundamental importance group main goal catalyst increase rate reaction achieved creating new energetic pathway reaction
2708,pathway reaction
2709,nap xps
2710,interaction catalyst
2711,new intermediate
2712,new energetic
2713,necessity group
2714,use ray
2715,order draw
2716,study model system important order draw safe conclusion important information derived study model catalyst surface undergo structural electronic change reaction use efficient technique ultra high vacuum situ study catalyst necessity group use ray synchrotron radiation photoelectron spectroscopy xps
2717,use efficient
2718,important information
2719,violet photoelectron
2720,determine structure
2721,intermediate lower
2722,spectroscopy ups
2723,safe conclusion
2724,reaction achieved
2725,reactant interaction
2726,information derived
2727,solid material
2728,interaction lead
2729,reaction use
2730,situ study
2731,efficient technique
2732,energy end
2733,ultra violet
2734,technique ultra
2735,undergo structural
2736,catalyst increase
2737,reaction mechanism
2738,model catalyst
2739,spectroscopy sims
2740,interaction catalyst reactant interaction lead new intermediate lower activation energy end
2741,group use
2742,ultra high
2743,catalytic treatment
2744,rate reaction
2745,tprs
2746,secondary ion mass spectroscopy sims situ catalytic treatment
2747,spectroscopy xps
2748,lead new
2749,process fundamental
2750,structural electronic
2751,catalytic process
2752,conclusion important
2753,group main
2754,secondary ion
2755,model system
2756,energetic pathway
2757,creating new
2758,temperature programmed
2759,importance group
2760,draw safe
2761,high vacuum
2762,surface undergo
2763,main goal
2764,ray induced
2765,heterogeneous catalytic
2766,property outermost
2767,catalyst reactant
2768,ion mass
2769,mass spectroscopy
2770,derived study
2771,outermost atomic
2772,fundamental importance
2773,sims situ
2774,ray induced auger electron spectroscopy xaes
2775,change reaction
2776,specialpurpose processor
2777,data analytics
2778,fpga overlay
2779,modeling manufacturing
2780,computational experimental
2781,dr khan
2782,analysis ic
2783,combustion process
2784,welding
2785,change solidification
2786,solidification melting
2787,transfer porous
2788,dynamic related
2789,experimental fluid
2790,porous medium
2791,channel heat
2792,ic engine
2793,fluid flow
2794,contaminant transport
2795,temperature distribution
2796,cfd analysis combustion process etc
2797,khan modeling
2798,phase change
2799,micro channel heat transfer
2800,micro channel
2801,temperature distribution machining
2802,distribution machining
2803,transport room
2804,analysis combustion
2805,melting casting
2806,process etc
2807,cfd analysis
2808,flow phase
2809,dr khan modeling manufacturing process
2810,heat transfer fluid flow phase change solidification melting casting
2811,thermodynamic analysis ic engine
2812,heat transfer porous medium
2813,thermodynamic analysis
2814,related contaminant
2815,computational experimental fluid dynamic related contaminant transport room
2816,digital image correlation
2817,multifunctional material
2818,dynamic behavior material
2819,image correlation
2820,digital image
2821,dynamic behavior
2822,knight area
2823,power including
2824,fuel cycle
2825,nuclear fuel cycle
2826,nuclear safeguard
2827,including hydrogen
2828,space nuclear power propulsion
2829,alternative us
2830,advanced nuclear
2831,dr knight area advanced nuclear fuel material
2832,power propulsion
2833,space nuclear
2834,alternative us nuclear power including hydrogen
2835,dr knight
2836,nuclear power
2837,area advanced
2838,fuel material
2839,us nuclear
2840,risk management
2841,assistant chatbots
2842,industry
2843,tarmo koppel
2844,health safety
2845,safety monitoring
2846,ai application
2847,productivity enhancement
2848,application business
2849,topic ai
2850,business virtual
2851,remote sensing
2852,health safety monitoring
2853,smart manufacturing
2854,sensor network
2855,koppel topic
2856,internet thing
2857,thing iot
2858,virtual assistant
2859,smart workplace
2860,threat assessment risk management
2861,threat assessment
2862,internet thing iot
2863,tarmo koppel topic ai application business virtual assistant chatbots
2864,assessment risk
2865,heterogeneous catalysis
2866,ammonia decomposition synthesis
2867,highthroughput screening
2868,ammonia decomposition
2869,decomposition synthesis
2870,conversion
2871,nanostructured oxide
2872,oxide electrocatalysis
2873,collaborate faculty
2874,elevated risk
2875,musc
2876,surgeon greenville
2877,aim develop
2878,rupture leading
2879,aim develop method identify patient elevated risk acute cardiovascular syndrome material failure play major role use experimental computational approach understand artery wall failure mechanism collaborate faculty mechanical engineering uofsc
2880,use transgenic
2881,role use
2882,failure mechanism
2883,evidence suggests
2884,arterial tissue
2885,together vascular
2886,approach understand
2887,emphasis mechanical failure plaque rupture intraplaque angiogenesis atherosclerotic plaque rupture leading cause acute cardiovascular event heart attack stroke evidence suggests plaque rupture result adverse interaction biomechanical biological factor focus understanding interplay type factor
2888,biomechanics atherosclerosis
2889,new blood
2890,plaque rupture
2891,expression biomechanics
2892,suggests plaque
2893,mechano sensitive
2894,study micromechanics arterial tissue failure plaque rupture arterial dissection
2895,focus vascular
2896,sensitive gene
2897,mechanical failure
2898,new blood vessel growth
2899,vessel growth
2900,method identify
2901,syndrome material
2902,destabilizing factor plaque progression use transgenic mouse model human endarterectomy specimen examine relationship mechanical loading environment
2903,plaque progression
2904,sc lessner
2905,mechano sensitive gene expression biomechanics front
2906,rupture arterial
2907,experimental computational
2908,wall failure
2909,use experimental
2910,interested intraplaque
2911,specimen examine
2912,play major
2913,develop method
2914,faculty mechanical
2915,rupture intraplaque
2916,human endarterectomy
2917,incidence plaque
2918,factor plaque
2919,micromechanics arterial
2920,biology biomechanics
2921,examine relationship
2922,mechanism collaborate
2923,study micromechanics
2924,rupture biological
2925,arterial dissection
2926,endarterectomy specimen
2927,angiogenesis atherosclerotic
2928,progression use
2929,cause acute
2930,order develop method reduce incidence plaque rupture biological side
2931,reduce incidence
2932,mouse model
2933,understand artery
2934,risk acute
2935,matrix organization
2936,understanding interplay
2937,cardiovascular event
2938,particularly interested intraplaque angiogenesis
2939,blood vessel
2940,biological factor
2941,order develop
2942,major role
2943,biomechanical biological
2944,event heart
2945,adverse interaction
2946,mechanical loading
2947,identify patient
2948,patient elevated
2949,together vascular surgeon greenville hospital
2950,interaction biomechanical
2951,focus understanding
2952,cardiovascular syndrome
2953,leading cause
2954,failure plaque
2955,method reduce
2956,palmetto health
2957,intraplaque angiogenesis
2958,stroke evidence
2959,sc lessner work focus vascular biology biomechanics atherosclerosis
2960,transgenic mouse
2961,computational approach
2962,artery wall
2963,material failure
2964,greenville hospital
2965,biomechanics front
2966,type factor
2967,model human
2968,vascular surgeon
2969,work focus
2970,failure play
2971,emphasis mechanical
2972,relationship mechanical
2973,destabilizing factor
2974,factor focus
2975,result adverse
2976,loading environment
2977,biological side
2978,tissue failure
2979,acute cardiovascular
2980,vascular biology
2981,interplay type
2982,rupture result
2983,lessner work
2984,lewis teach
2985,jeremy lewis
2986,jeremy lewis teach various undergraduate course
2987,towards controlling
2988,controlling two
2989,theory towards
2990,phase heat
2991,transport behavior
2992,aim basic
2993,phase transport
2994,prediction
2995,li micro
2996,control modeling
2997,verifying theory
2998,modeling aim
2999,developing verifying
3000,theory two
3001,control modeling aim basic developing verifying theory two phase transport behavior application theory towards controlling two phase heat flow micro nano scale
3002,heat flow
3003,flow micro
3004,dr li
3005,basic developing
3006,two phase
3007,behavior application
3008,application theory
3009,dr li micro nano scale two phase heat flow physic
3010,scale two
3011,flow physic
3012,limited high
3013,focused isolation
3014,future clinical
3015,high burden
3016,study inform
3017,single protein
3018,diagnosis treatment
3019,biomolecules lipid
3020,potential application
3021,nanopores capable
3022,biomolecule interaction
3023,abundance circulating
3024,based localized
3025,protein peptide
3026,ev using
3027,similar two
3028,biosensors enable
3029,diagnostic prognostic
3030,thus permit monitoring low abundance circulating biomarkers goal project develop portable vitro diagnostics assay using nanopore technology rapid diagnosis treatment monitoring infectious disease g tuberculosis
3031,infectious disease
3032,portable vitro
3033,two dimensional
3034,bilayer contain
3035,project translational
3036,candidate diagnostic
3037,pharmaceutical developing
3038,assay using
3039,signal nanostructures
3040,binding kinetics
3041,nanostructure based
3042,contain molecular
3043,biomarkers goal
3044,hiv maternal
3045,proteomics genomics
3046,biomarkers work
3047,capable ultrasensitive
3048,project nanostructure
3049,inform medical
3050,tuberculosis risk
3051,diagnostics resource
3052,including tumor
3053,rna dna fragment reflect phenotypic state cell origin biomolecules excellent candidate diagnostic prognostic biomarkers work ha focused isolation circulating ev using nanomaterials microfluidics based technology
3054,detection active
3055,identification novel
3056,detection personalized
3057,project point care diagnostics resource limited setting nanopores capable ultrasensitive quantitation single protein peptide
3058,origin biomolecules
3059,excellent candidate
3060,tumor cell
3061,phenotypic state
3062,protein
3063,ev secretion
3064,lipid bilayer
3065,dimensional fluidity
3066,early detection
3067,fragment reflect
3068,based technology
3069,enable early
3070,quantitation single
3071,setting nanopores
3072,based tool
3073,cell usually
3074,active tuberculosis
3075,goal project
3076,biomolecules excellent
3077,bacteria cell
3078,lspr biosensors
3079,working clinician validate assay performance detection active tuberculosis risk assessment hiv maternal fetal transmission project translational biomarkers biosensors enable personalized medicine cell type abundantly secrete extracellular vesicle ev
3080,diagnostics assay
3081,biomarkers inside
3082,point care
3083,genomics biomarkers
3084,thus permit
3085,dna fragment
3086,usually show
3087,validate assay
3088,nanostructures indicate
3089,application drug
3090,drug development
3091,novel proteomics
3092,microfluidics based
3093,ultrasensitive quantitation
3094,clinician validate
3095,developing nanostructure
3096,protein lspr
3097,possess similar two dimensional fluidity
3098,type abundantly
3099,show increased
3100,resource limited
3101,covered lipid
3102,biosensing platform
3103,platform fundamental
3104,ev composed lipid bilayer contain molecular component cell
3105,hiv resource
3106,localized surface
3107,treatment monitoring
3108,biomarkers biosensors
3109,enable personalized
3110,transmission project
3111,isolation circulating
3112,personalized treatment
3113,cancer patient
3114,technology rapid
3115,care diagnostics
3116,vitro diagnostics
3117,using nanopore
3118,ha focused
3119,performance detection
3120,contain specific
3121,limited setting
3122,assay performance
3123,resonance lspr
3124,composed lipid
3125,surface plasmon
3126,generic biosensing
3127,inside enable
3128,tool fundamental
3129,mimic bacteria
3130,area future
3131,extracellular vesicle
3132,bilayers mimic
3133,secretion level
3134,reflect phenotypic
3135,clinical translation
3136,abundantly secrete
3137,specific lipid
3138,readily engineered contain specific lipid protein lspr signal nanostructures indicate binding kinetics biomolecules lipid bilayers
3139,similar cell
3140,level similar
3141,permit monitoring
3142,potential application drug development drug resistance study
3143,g tuberculosis
3144,secrete extracellular
3145,medical pharmaceutical
3146,project point
3147,readily engineered
3148,biochemical study
3149,circulating biomarkers
3150,identification novel proteomics genomics biomarkers inside enable early detection personalized treatment regimen cancer patient project nanostructure based tool fundamental biochemical study generic biosensing platform fundamental biochemical study inform medical pharmaceutical developing nanostructure based localized surface plasmon resonance lspr biosensors study biomolecule interaction nanostructures covered lipid bilayers mimic bacteria cell membrane
3151,risk assessment
3152,treatment regimen
3153,develop portable
3154,ev composed
3155,personalized medicine
3156,possess similar
3157,nanostructures covered
3158,lipid
3159,nanopore technology
3160,interaction nanostructures
3161,project develop
3162,engineered contain
3163,development drug
3164,including tumor cell usually show increased ev secretion level similar cell
3165,burden area
3166,translational biomarkers
3167,cell origin
3168,indicate binding
3169,vesicle ev
3170,study generic
3171,plasmon resonance
3172,molecular component
3173,rna dna
3174,monitoring low
3175,study biomolecule
3176,fundamental biochemical
3177,kinetics biomolecules
3178,nanomaterials microfluidics
3179,using nanomaterials
3180,lipid bilayers
3181,component cell
3182,resistance study
3183,state cell
3184,regimen cancer
3185,hiv resource limited high burden area future clinical translation
3186,monitoring infectious
3187,low abundance
3188,maternal fetal
3189,medicine cell
3190,drug resistance
3191,increased ev
3192,cell membrane
3193,rapid diagnosis
3194,patient project
3195,biosensors study
3196,circulating ev
3197,disease g
3198,working clinician
3199,assessment hiv
3200,prognostic biomarkers
3201,lipid protein
3202,fetal transmission
3203,lspr signal
3204,professor loiselle
3205,loiselle nuclear
3206,epa pond
3207,pond closure
3208,closure metal
3209,recycle manufacturing
3210,management disposal
3211,waste management
3212,disposal epa
3213,nuclear engineering
3214,emphasis waste
3215,professor loiselle nuclear engineering
3216,environmental remediation
3217,emphasis waste management disposal epa pond closure metal recycle manufacturing
3218,metal recycle
3219,system security
3220,sofware system security
3221,mobile security
3222,sofware system
3223,programming language
3224,software engineering
3225,oversight academic
3226,manages academic
3227,founding member
3228,recognized georgia
3229,bedenbach distinguished service award
3230,dean academic
3231,lyon wa
3232,manages academic resource assessment service
3233,part college communication marketing team includes engineering education engineering material jed lyon received phd mechanical engineering georgia institute technology
3234,teaching excellence
3235,promoted senior
3236,first faculty
3237,dr lyon
3238,engineering undergraduate
3239,ha served
3240,lyon work
3241,distinguished professor
3242,professional engineer
3243,member engineering
3244,member division
3245,asee executive
3246,division lyon
3247,dean lyon
3248,team includes
3249,teacher researcher
3250,fellow teacher
3251,program chair
3252,provides college
3253,fellow american
3254,appointed associate
3255,secretary
3256,joined assistant
3257,registered professional
3258,fellow status
3259,also served
3260,graduation activity provides college oversight academic program level
3261,academic program
3262,teaching award
3263,joined assistant professor department mechanical engineering
3264,served mechanical
3265,academic resource
3266,undergraduate recruitment
3267,distinguished service
3268,award outstanding
3269,outstanding faculty
3270,service lyon
3271,award michael
3272,division chair
3273,served chair
3274,senior associate
3275,education includes
3276,advanced full
3277,director lyon
3278,uofsc award
3279,tech outstanding
3280,professor served
3281,division asee
3282,michael mungo
3283,affair college
3284,wa founding
3285,educational foundation award outstanding faculty service lyon registered professional engineer state
3286,teaching fellow
3287,includes funded
3288,funded implementation
3289,implementation project
3290,mentored assistant
3291,engineering material
3292,material jed
3293,educator ha
3294,professor award
3295,researcher addition
3296,alumnus award
3297,bedenbach distinguished
3298,full professor
3299,georgia tech
3300,directs outreach activity
3301,resource assessment
3302,computing promoted
3303,education engineering
3304,assessment service
3305,lyon received
3306,undergraduate director
3307,directs undergraduate
3308,communication marketing
3309,outreach activity
3310,division chair lyon scholarship area mechanical engineering engineering education includes funded implementation project ha mentored assistant
3311,senior associate dean academic affair
3312,scholarship area
3313,served first faculty director lyon wa appointed associate dean academic affair college engineering computing promoted senior associate dean lyon wa elected fellow american society engineering education asee wa founding member engineering division asee
3314,lyon ha
3315,graduation activity
3316,project ha
3317,academic affair
3318,retention
3319,work engineering
3320,lyon work engineering educator ha recognized georgia tech outstanding young alumnus award uofsc award michael mungo undergraduate teaching award
3321,includes engineering
3322,faculty service
3323,wide center
3324,engineering division
3325,faculty director
3326,asee fellow
3327,wa appointed
3328,lyon scholarship
3329,mungo undergraduate
3330,wa elected
3331,area mechanical
3332,foundation award
3333,directs outreach
3334,center teaching
3335,young alumnus
3336,engineering georgia
3337,helped create
3338,chair lyon
3339,ha served chair executive committee member division lyon ha also served mechanical engineering division asee executive committee member
3340,program level
3341,jed lyon
3342,teaching fellow teacher researcher addition asee fellow status
3343,addition asee
3344,asee wa
3345,ha mentored
3346,create wide
3347,elected fellow
3348,lyon registered
3349,litman distinguished professor award
3350,educational foundation
3351,dr lyon directs undergraduate recruitment
3352,award uofsc
3353,chair executive
3354,helped create wide center teaching excellence
3355,education asee
3356,georgia institute
3357,served first
3358,lyon directs
3359,executive committee
3360,engineer state
3361,received phd
3362,activity provides
3363,phd mechanical
3364,part college
3365,college communication
3366,advanced full professor served mechanical engineering undergraduate director
3367,college oversight
3368,marketing team
3369,litman distinguished
3370,undergraduate teaching
3371,engineering engineering
3372,material structural
3373,emphasis extreme stressor area affordable high quality dwelling structure hazard mitigation strengthening repair civil structure multi scale multi functional reinforcement cement composite concrete load testing
3374,facility corrosion
3375,matta team
3376,composite concrete
3377,ranging affordable high quality earth masonry advanced cement polymer matrix composite
3378,emphasis extreme
3379,earth masonry
3380,load testing
3381,national institute
3382,standard technology
3383,conduct experimental
3384,area affordable
3385,concrete load
3386,dr matta team conduct experimental theoretical construction material structural performance
3387,concrete structure
3388,high quality
3389,constructed facility
3390,reinforcement cement
3391,team conduct
3392,steel concrete
3393,functional reinforcement
3394,corrosion steel
3395,construction material
3396,monitoring assessment
3397,polymer matrix
3398,strengthening repair
3399,advanced cement
3400,national institute standard technology
3401,hazard mitigation
3402,structure hazard
3403,dr matta
3404,theoretical construction
3405,structure sponsor
3406,stressor area
3407,masonry advanced
3408,repair civil
3409,quality dwelling
3410,scale multi
3411,assessment constructed
3412,cement polymer
3413,civil structure
3414,ranging affordable
3415,extreme stressor
3416,monitoring assessment constructed facility corrosion steel concrete structure sponsor national science foundation
3417,matrix composite
3418,institute standard
3419,dwelling structure
3420,sponsor national
3421,affordable high
3422,experimental theoretical
3423,mitigation strengthening
3424,structure multi
3425,quality earth
3426,structural performance
3427,cement composite
3428,multi functional
3429,instructor csce
3430,csce class
3431,instructor csce class
3432,natural language
3433,security
3434,natural language processing
3435,language processing
3436,graph theory
3437,decreasing total
3438,technology sterilization
3439,funding ha
3440,green chemistry ha raised funding ha published approximately journal paper ha served department chair
3441,division american
3442,chemistry ha
3443,biomedical imaging
3444,institute chemical
3445,reaction water
3446,synthetic natural
3447,grant niehs
3448,dioxide biomedical
3449,ac currently
3450,indoor allergenic
3451,improved understanding hydration state reaction product important decreasing total water utilization reaction
3452,texas joined
3453,protein respiratory
3454,chemical hydride
3455,american chemical
3456,currently serf
3457,deal application
3458,imaging bioengineering
3459,understanding role
3460,bioengineering ha
3461,professor mike
3462,two major
3463,three sbir
3464,engineering chemistry
3465,application supercritical
3466,funding nsf
3467,first deal
3468,environmental improvement
3469,chair industrial engineering chemistry division american chemical society ac currently serf committee environmental improvement ac fellow american chemical society american institute chemical engineer two major thrust underway group first deal application supercritical carbon dioxide biomedical application funding national institute biomedical imaging bioengineering ha focused development novel technology sterilization disinfection synthetic natural biomaterials funding national institute environmental health science aimed abatement indoor allergenic protein respiratory hazard dr matthew founded carbonix llc aid three sbir grant niehs second thrust utilization chemical hydride hydrogen storage medium
3470,project related
3471,broad field
3472,society ac
3473,industrial engineering
3474,thrust utilization
3475,aid three
3476,disinfection synthetic
3477,committee environmental
3478,improved understanding
3479,doe ha
3480,institute environmental
3481,utilization reaction
3482,professor mike matthew obtained ph texas joined teach conduct broad field thermodynamics
3483,funding national
3484,sterilization disinfection
3485,borohydride addition
3486,hazard dr
3487,teach conduct
3488,field thermodynamics
3489,engineer two
3490,society american
3491,natural biomaterials
3492,vapor sodium
3493,improvement ac
3494,focused development
3495,expanded understanding
3496,conduct broad
3497,founded carbonix
3498,water utilization
3499,major thrust
3500,ha led
3501,product important
3502,journal paper
3503,institute biomedical
3504,cell funding
3505,application pem
3506,underway group
3507,supercritical carbon
3508,ha raised
3509,development novel
3510,niehs second
3511,health science
3512,important decreasing
3513,carbon dioxide
3514,role deliquescence
3515,paper ha
3516,mike matthew
3517,hydration state
3518,chair industrial
3519,environmental health
3520,utilization chemical
3521,storage medium
3522,second thrust
3523,chemistry division
3524,abatement indoor
3525,biomedical application
3526,sodium borohydride
3527,respiratory hazard
3528,american institute
3529,application pem fuel cell funding nsf doe ha led expanded understanding role deliquescence reaction water vapor sodium borohydride addition
3530,group first
3531,hydride hydrogen
3532,biomaterials funding
3533,served department
3534,matthew founded
3535,matthew obtained
3536,project related hydrogen storage chemical hydride
3537,thrust underway
3538,carbonix llc
3539,ac fellow
3540,reaction product
3541,total water
3542,approximately journal
3543,serf committee
3544,chemical engineer
3545,green chemistry
3546,department chair
3547,dr matthew
3548,storage chemical
3549,deliquescence reaction
3550,nsf doe
3551,water vapor
3552,related hydrogen
3553,application funding
3554,joined teach
3555,understanding hydration
3556,published approximately
3557,llc aid
3558,state reaction
3559,science aimed
3560,raised funding
3561,sbir grant
3562,chemical society
3563,led expanded
3564,aimed abatement
3565,obtained ph
3566,wetland application
3567,potable water
3568,treatment education
3569,focus water
3570,study potable
3571,heavy metal
3572,education reform
3573,industrial municipal
3574,metal removal
3575,environmental engineering
3576,municipal wastewater
3577,wastewater treatment
3578,appropriate technology
3579,using low
3580,industrial waste minimization
3581,water production
3582,production using
3583,constructed wetland
3584,water wastewater
3585,technology application
3586,optimization study
3587,dr mcanally
3588,treatment unit
3589,project optimization
3590,mcanally focus
3591,application developing
3592,particularly appropriate technology application developing community recent project optimization study potable water production using low cost portable water treatment unit area water treatment heavy metal removal corrosion control
3593,developing community
3594,treatment heavy
3595,particularly appropriate
3596,corrosion control
3597,reform civil
3598,constructed wetland application industrial municipal wastewater treatment education reform civil environmental engineering
3599,community recent
3600,application industrial
3601,industrial waste
3602,water treatment
3603,unit area
3604,cost portable
3605,civil environmental
3606,waste minimization
3607,low cost
3608,area water
3609,dr mcanally focus water wastewater treatment
3610,removal corrosion
3611,recent project
3612,portable water
3613,computational fluid
3614,dynamic heat
3615,transfer mechanic
3616,experimental computational fluid dynamic heat transfer
3617,electronics thermal management
3618,dr mccants
3619,mccants nanofluids
3620,nanofluids heat
3621,electronics thermal
3622,dr mccants nanofluids heat transfer mechanic
3623,microprocessor
3624,reverse engineering
3625,dr mcneill
3626,experimental mechanic reverse engineering
3627,mcneill computer
3628,mechanic reverse
3629,dr mcneill computer vision
3630,solid state
3631,photoelectrochemistry
3632,solid state electrochemistry
3633,hydrogen generation
3634,state electrochemistry
3635,glow discharge
3636,new numerical
3637,numerical solution
3638,thermal analysis glow discharge show importance accurate temperature analysis glow discharge simulation
3639,discharge show
3640,importance accurate
3641,various cooling
3642,change micro
3643,cooling industry
3644,interested numerical
3645,discharge simulation
3646,numerical method
3647,problem involving
3648,method analyze
3649,transfer focused
3650,interested numerical solution problem involving reactive flow heat transfer focused developing new numerical method applying previously developed method analyze wide range fluid flow heat transfer application specially focused continuous method simulate phase change micro nano scale used various cooling industry
3651,method simulate
3652,solution problem
3653,flow heat
3654,range fluid
3655,accurate temperature
3656,specially focused
3657,transfer application
3658,method applying
3659,used various
3660,thermal analysis
3661,developing new
3662,show importance
3663,application specially
3664,analyze wide
3665,reactive flow
3666,previously developed
3667,simulate phase
3668,focused continuous
3669,analysis glow
3670,applying previously
3671,temperature analysis
3672,focused developing
3673,developed method
3674,scale used
3675,continuous method
3676,involving reactive
3677,process may
3678,relevant process
3679,selective oxidation biomass molecule glycerol
3680,reaction selective
3681,metal catalyst
3682,virtually impossible ensure formation bimetallic particle rather
3683,output pem
3684,hydrocarbon higher
3685,high pressure
3686,surface site
3687,successive step
3688,evaluation current
3689,deposition secondary
3690,pressure batch
3691,metal prepared
3692,silica supported composition ag pt
3693,metallic surface
3694,afford great
3695,number bimetallic
3696,cu pd evaluated traditional catalytic reaction selective epoxidation olefin
3697,us electroless
3698,either changing catalyst surface ensemble catalytic site permit selected reaction pathway
3699,catalyst afford
3700,difficult characterize
3701,onto catalytic
3702,design synthesis
3703,support autocatalytic
3704,supported composition
3705,doe occur
3706,catalyst support
3707,value chemical
3708,salt onto
3709,batch stirred
3710,industrially relevant
3711,novel bimetallic
3712,metal contiguous
3713,catalytic system
3714,agent principle
3715,onto metallic
3716,used deposit
3717,secondary metal
3718,single pas plug flow reactor six two high pressure batch stirred tank reactor project currently funded nsf
3719,agent process
3720,six two
3721,pas plug
3722,metal solution
3723,catalytic reaction
3724,rh tested
3725,wisconsin milwaukee
3726,separate metallic
3727,catalytic site
3728,ed industrially
3729,onto catalyst
3730,au pd
3731,crystallite secondary
3732,difficult characterize catalytic system
3733,site reducing
3734,result selective
3735,catalytic deposition
3736,large number
3737,ranging rational
3738,currently funded
3739,catalytic metal
3740,reaction used
3741,tank reactor
3742,cell bimetallic
3743,metal site
3744,higher output
3745,evaluated traditional
3746,several industrial
3747,formation separate metallic particle metal doe occur thus
3748,process applied
3749,either simultaneous
3750,characterize catalytic
3751,bimetallic catalyst
3752,impregnation metal
3753,selective hydrogenation
3754,composition ag
3755,st ambrose
3756,reactor project
3757,perhaps importantly
3758,chemical higher
3759,reactor six
3760,salt addition
3761,pt pd
3762,electrocatalysts pem
3763,either catalytic
3764,epoxidation olefin
3765,pd evaluated
3766,traditional catalytic
3767,plug flow
3768,opportunity changing
3769,selective epoxidation
3770,molecule glycerol
3771,electroless deposition
3772,project currently
3773,selected reaction
3774,bimetallic particle
3775,contiguous proximity
3776,isolated crystallite
3777,cu pd
3778,hydrogenation multi
3779,laboratory us
3780,ed result
3781,catalyst composition
3782,conducted either
3783,either changing
3784,deposited metal
3785,ha activated
3786,particle metal
3787,catalyst using
3788,oxidation biomass
3789,introducing bifunctionality active surface placing different catalytic metal contiguous proximity bimetallic catalyst synthesis often carried either simultaneous co impregnation metal salt onto catalyst support successive step metal salt addition either preparative method
3790,tested electrocatalysts
3791,simultaneous co
3792,transformation hydrocarbon
3793,catalyst design
3794,applied wide
3795,selective transformation
3796,salt metal
3797,ranging rational catalyst design synthesis characterization evaluation current design synthesis novel bimetallic catalyst selective transformation hydrocarbon higher value chemical higher output pem fuel cell bimetallic catalyst afford great opportunity changing performance
3798,preparative method
3799,doe
3800,surface placing
3801,ensure formation
3802,single pas
3803,olefin reaction
3804,formation isolated
3805,site ha
3806,correlate catalyst
3807,reaction conducted
3808,pre existing
3809,range metal
3810,onto pre
3811,whereby controlled
3812,even difficult
3813,synthesis often
3814,performance bimetallic
3815,solution onto
3816,flow reactor
3817,ed result selective deposition secondary metal onto metallic surface formation isolated crystallite secondary metal catalyst support perhaps importantly
3818,ag pt
3819,different catalytic
3820,metal salt
3821,prepared large
3822,virtually impossible
3823,composition laboratory
3824,particle rather
3825,deposition supported
3826,active surface
3827,may either
3828,ed industrially relevant process applied wide range metal prepared large number bimetallic catalyst using electroless deposition supported carbon
3829,metal metal
3830,pt rh tested electrocatalysts pem fuel cell
3831,using electroless
3832,selective oxidation
3833,permit selected
3834,depending nature activated metal site reducing agent principle
3835,carried either
3836,surface ensemble
3837,site permit
3838,metal onto
3839,property catalytic
3840,reaction pathway
3841,silica supported
3842,pt rh
3843,focus heterogeneous
3844,stirred tank
3845,whereby controlled chemical reaction used deposit metal salt onto catalytic metal site ha activated reducing agent process may either catalytic deposition metal salt metal solution onto pre existing metal metal support autocatalytic deposition metal salt metal onto reduced
3846,deposition ed
3847,higher value
3848,ensemble catalytic
3849,even difficult correlate catalyst performance bimetallic catalyst composition laboratory us electroless deposition ed
3850,metallic particle
3851,bifunctionality active
3852,placing different
3853,controlled chemical
3854,modifying electronic property catalytic surface site
3855,selective hydrogenation multi functional olefin reaction conducted either automated
3856,metal doe
3857,onto reduced
3858,addition either
3859,catalyst performance
3860,selective deposition
3861,deposited metal metal
3862,occur thus
3863,existing metal
3864,catalyst selective
3865,two high
3866,characterization evaluation
3867,rational catalyst
3868,current design
3869,depending nature
3870,industrial company
3871,support successive
3872,step metal
3873,proximity bimetallic
3874,several industrial company
3875,either automated
3876,group focus
3877,either preparative
3878,catalytic surface
3879,activated metal
3880,introducing bifunctionality
3881,difficult correlate
3882,activated reducing
3883,nature activated
3884,formation separate
3885,autocatalytic deposition
3886,co impregnation
3887,supported carbon
3888,functional olefin
3889,reducing agent
3890,synthesis novel
3891,group focus heterogeneous catalysis
3892,deposit metal
3893,biomass molecule
3894,formation bimetallic
3895,deposition metal
3896,great opportunity
3897,modifying electronic
3898,catalyst synthesis
3899,often carried
3900,surface formation
3901,impossible ensure
3902,support perhaps
3903,funded nsf
3904,chemical reaction
3905,changing performance
3906,changing catalyst
3907,pt co
3908,dr morehouse student investigated broad range thermodynamic heat engine application
3909,range thermodynamic
3910,heat engine
3911,system ground
3912,power system
3913,morehouse ha
3914,associated solar
3915,student investigated
3916,long associated
3917,dr morehouse
3918,hvac control
3919,conventional hvac
3920,engine application
3921,pump phase
3922,space based
3923,system application
3924,storage system
3925,humid climate
3926,control project
3927,ranging space based fuel cell power system ground coupled heat pump phase change storage system dr morehouse ha long associated solar energy system design analysis currently involved conventional hvac control project evaporative system application humid climate
3928,thermodynamic heat
3929,coupled heat
3930,involved conventional
3931,ground coupled
3932,project evaporative
3933,currently involved
3934,ha long
3935,investigated broad
3936,analysis currently
3937,evaporative system
3938,morehouse student
3939,based fuel
3940,ranging space
3941,heat pump
3942,broad range
3943,system dr
3944,design analysis
3945,application humid
3946,cell power
3947,change storage
3948,sc moss focus involvement protein aggregation alzheimer disease one hallmark alzheimer disease senile plaque accumulate brain associated neuronal loss cerebrovasculature may perpetuate stoke plaque composed primarily amyloid protein aggregate fibril deposit yield plaque consequently
3949,moss focus
3950,atomic force microscopy furthermore
3951,characterize inhibitor
3952,biophysical technique
3953,dynamic light
3954,amyloid protein
3955,focus involvement
3956,disease one
3957,nf kb
3958,change ab
3959,effective therapeutic
3960,fluorescence spectroscopy
3961,cellular effect
3962,correlating change
3963,accumulate brain
3964,deposit yield
3965,yield plaque
3966,including nf
3967,plaque consequently
3968,focus understand
3969,alzheimer disease
3970,seek determine various aggregation product affect neuronal vascular cell particular
3971,utilize myriad
3972,associated neuronal
3973,primarily amyloid
3974,design effective
3975,seek determine
3976,various aggregation
3977,agent alzheimer
3978,stoke plaque
3979,therapeutic agent
3980,loss cerebrovasculature
3981,interested ab stimulation neuronal apoptosis endothelial inflammatory response
3982,plaque accumulate
3983,aggregate fibril
3984,cell particular
3985,neuronal loss
3986,aggregation product
3987,may perpetuate
3988,atomic force
3989,product affect
3990,protein aggregation
3991,one therapeutic
3992,electron microscopy
3993,kb activation
3994,effort design
3995,sc moss
3996,involvement protein
3997,cerebrovasculature may
3998,disease therapy
3999,disease senile
4000,attenuate aggregation
4001,hallmark alzheimer
4002,myriad biophysical
4003,protein aggregate
4004,assist effort
4005,force microscopy
4006,aggregation alzheimer
4007,aggregation ha
4008,stimulation neuronal
4009,including nf kb activation correlating change ab aggregation cellular effect assist effort design effective therapeutic agent alzheimer disease therapy
4010,ab aggregation
4011,neuronal apoptosis
4012,ab stimulation
4013,senile plaque
4014,including chromatography
4015,inhibition aggregation ha emerged one therapeutic approach alzheimer disease focus understand aggregation process identify characterize inhibitor attenuate aggregation utilize myriad biophysical technique including chromatography
4016,inhibition aggregation
4017,determine various
4018,interested ab
4019,aggregation cellular
4020,disease focus
4021,static dynamic
4022,dot blotting
4023,aggregation utilize
4024,apoptosis endothelial
4025,western blotting
4026,light scattering
4027,inhibitor attenuate
4028,plaque composed
4029,neuronal vascular
4030,ha emerged
4031,vascular cell
4032,therapeutic approach
4033,static dynamic light scattering
4034,emerged one
4035,process identify
4036,microscopy furthermore
4037,effect assist
4038,endothelial inflammatory
4039,understand aggregation
4040,composed primarily
4041,brain associated
4042,aggregation process
4043,perpetuate stoke
4044,approach alzheimer
4045,affect neuronal
4046,identify characterize
4047,one hallmark
4048,activation correlating
4049,fibril deposit
4050,tr pm
4051,sc tr
4052,main st
4053,st columbia
4054,room main st columbia
4055,sc tr pm pm
4056,pm pm
4057,synthesis
4058,computer networking
4059,mobile computing
4060,wireless networking
4061,combination fluid
4062,air conditioning
4063,drop electro
4064,separation science
4065,analysis application
4066,riahi nezhad broad area specialization based innovative combination fluid mechanic
4067,hydraulic fluid mechanic utilizing experimental numerical analysis application flow breached levee levee closure
4068,flow breached
4069,catalyst oxidative
4070,tannery waste
4071,radioactive waste treatment
4072,packed tower
4073,optimal gas
4074,tannery waste water treatment
4075,breached levee
4076,high liquid flow packed tower optimal gas liquid phase interaction
4077,characterization mesoporous
4078,oxidative destruction
4079,flow packed
4080,waste water
4081,synthesis characterization mesoporous heterogeneous catalyst oxidative destruction volatile organic compound application automotive exhaust emission control
4082,riahi nezhad
4083,destruction volatile
4084,biofuel production
4085,tower optimal
4086,using water
4087,driven air
4088,hydraulic fluid
4089,gas shift
4090,based innovative
4091,innovative combination
4092,catalysis separation
4093,application flow
4094,engine driven
4095,electric field
4096,mechanic utilizing
4097,liquid flow
4098,gedac heating
4099,field including
4100,water gas
4101,heating cooling
4102,liquid phase
4103,application automotive
4104,nezhad broad
4105,utilizing experimental
4106,coalescence application
4107,gas engine
4108,radioactive waste
4109,including electro
4110,emission control
4111,street room
4112,volatile organic
4113,application nano
4114,organic compound
4115,gas liquid
4116,application nano catalyst hydrogen production using water gas shift reaction
4117,compound application
4118,heterogeneous catalysis separation enhanced electric field including electro mixing
4119,catalyst hydrogen
4120,hydrogen production
4121,shift reaction
4122,enhanced electric
4123,high liquid
4124,numerical analysis
4125,electro coalescence
4126,drop electro coalescence application biofuel production
4127,automotive exhaust
4128,levee closure
4129,heterogeneous catalyst
4130,separation enhanced
4131,gas engine driven air conditioning gedac heating cooling
4132,conditioning gedac
4133,levee levee
4134,main street room
4135,specialization based
4136,exhaust emission
4137,mesoporous heterogeneous
4138,application biofuel
4139,electro mixing
4140,robotics
4141,james reilly
4142,reilly teach
4143,james reilly teach various undergraduate course
4144,hernandez background
4145,involves development
4146,development characterization
4147,puerto rico
4148,reaction condition
4149,study chemical
4150,also interested
4151,involves study
4152,teaching developing
4153,ch
4154,analytical instrumentation
4155,environmental alternate
4156,reaction experience
4157,application environmental
4158,characterization new
4159,instrumentation technique
4160,engineering chemical
4161,background involves
4162,new catalytic
4163,area chemical
4164,alternate energy
4165,involves teaching
4166,condition involves
4167,system also
4168,material study
4169,ortiz hernandez background involves study heterogeneous catalytic system reaction condition involves development characterization new catalytic material application environmental alternate energy system also interested use analytical instrumentation technique characterization material study chemical reaction experience involves teaching developing new curriculum area chemical engineering chemical technology
4170,system reaction
4171,interested use
4172,use analytical
4173,ortiz hernandez
4174,material application
4175,chemical technology
4176,technique characterization
4177,new curriculum
4178,curriculum area
4179,study heterogeneous
4180,experience involves
4181,amcg specialises
4182,engineering biomedical
4183,including multi
4184,description differential
4185,engineering fluid
4186,adaptive multi
4187,modelling group
4188,multiphase flow
4189,including parallel solution technique
4190,using adjoint
4191,authored journal
4192,seismic inversion
4193,london winning
4194,also head
4195,student completed
4196,author general
4197,dr pain professor department earth science engineering imperial college london icl
4198,technique earth
4199,parallel computational
4200,impact cratering wa honored imperial college london winning excellence award
4201,science group
4202,method ha
4203,dr pain
4204,coupled fluid solid modelling discrete element method
4205,purpose parallel
4206,ocean modelling
4207,linear equation
4208,inversion transient
4209,academic general
4210,coupled fluid
4211,icl comprises
4212,recurrent feed
4213,computation modelling
4214,anisotropic electrical
4215,including multiphase
4216,impact cratering
4217,coastal flow
4218,resolution linear
4219,inverse modelling
4220,uk also
4221,cratering wa
4222,inversion inversion
4223,modelling technique
4224,engineering biomedical science group ha core numerical method ocean
4225,electrical inversion
4226,honored imperial
4227,council grant
4228,dynamic including
4229,feature inverse
4230,engineering fluid including multiphase flow
4231,non linear dynamic
4232,specialises development
4233,oceanography geophysical
4234,feed forward
4235,fluid including
4236,adjoint method
4237,atmosphere climate
4238,parallel solution
4239,general computational
4240,oceanography geophysical fluid dynamic
4241,atmosphere climate system
4242,inversion method
4243,leading modelling
4244,modelling feature
4245,largest grouping
4246,imaging
4247,mesh adaptive
4248,patent
4249,optimisation
4250,group amcg
4251,key proposal
4252,core numerical
4253,code fluidity
4254,geometry original
4255,department earth
4256,wa honored
4257,largest grouping icl comprises active scientist amcg specialises development application innovative world leading modelling technique earth
4258,turbulence modelling
4259,seismic inversion inversion transient coastal flow using adjoint method ha authored journal publication
4260,recognition world
4261,included anisotropic
4262,graduated phd
4263,flow using
4264,winning excellence
4265,discretization technique
4266,fluid solid
4267,recurrent feed forward neural network
4268,pain academic
4269,college london
4270,neutral particle radiation transport
4271,priori error
4272,application innovative
4273,head applied
4274,world leading
4275,earth science
4276,particle radiation
4277,forward neural
4278,numerical shape description differential geometry original author general purpose parallel computational fluid dynamic code fluidity foundation majority activity key proposal
4279,majority activity
4280,mesh adaptive multi phase ocean modelling feature inverse modelling ha included anisotropic electrical inversion
4281,uk also head applied computation modelling group amcg
4282,ha included
4283,recognition world leading dr pain academic general computational fluid dynamic including multi phase flow
4284,london icl
4285,original author
4286,numerical
4287,excellence award
4288,geophysical fluid
4289,transient coastal
4290,ha core
4291,fluidity foundation
4292,applied computation
4293,discrete element
4294,solution technique
4295,resolution linear non linear equation
4296,priori error measure mesh adaptivity
4297,innovative world
4298,journal publication
4299,pain professor
4300,leading dr
4301,non linear
4302,modelling ha
4303,climate system
4304,modelling discrete
4305,group ha
4306,engineering imperial
4307,numerical shape
4308,grouping icl
4309,development application
4310,graduated phd student completed industry council grant
4311,error measure
4312,radiation transport
4313,linear dynamic
4314,foundation majority
4315,activity key
4316,neutral particle
4317,dynamic code
4318,biomedical science
4319,phase ocean
4320,element method
4321,shape description
4322,mesh adaptivity
4323,method ocean
4324,completed industry
4325,comprises active
4326,industry council
4327,measure mesh
4328,solid modelling
4329,linear non
4330,phase flow
4331,multi phase
4332,general purpose
4333,differential geometry
4334,scientist amcg
4335,imperial college
4336,active scientist
4337,patel molecular
4338,regulation vascular
4339,molecular regulation
4340,endothelial smooth
4341,sc patel molecular regulation vascular endothelial smooth muscle cell
4342,smooth muscle
4343,vascular endothelial
4344,sc patel
4345,transfer problem
4346,management microelectronics
4347,transfer moisture
4348,mass transfer
4349,method conjugate
4350,thermal management microelectronics
4351,heat transfer phase change
4352,storage liquid
4353,building environment
4354,moisture migration
4355,problem building
4356,energy storage
4357,solar technology
4358,conjugate heat
4359,liquid solar
4360,transfer phase
4361,heat transfer moisture migration problem building environment
4362,dr paul
4363,includes energy
4364,migration problem
4365,paul includes
4366,numerical method conjugate heat mass transfer problem
4367,heat mass
4368,dr paul includes energy storage liquid solar technology
4369,complex system
4370,study design
4371,dr peter
4372,dr peter complex system study design
4373,peter complex
4374,system study
4375,portia plante
4376,plante teach
4377,portia plante teach various undergraduate course
4378,popovpopov readership
4379,macedonia
4380,skopje
4381,croatia
4382,illinois
4383,sc dr
4384,kiril metodij
4385,readership worldwideph
4386,zagreb
4387,dr popovpopov
4388,sc dr popovpopov readership worldwideph
4389,lineage pathway
4390,septum accomplished
4391,process known
4392,majority involve
4393,known atrioventricular
4394,sc prevalence congenital cardiac malformation place extreme sociological personal burden myriad congenital cardiac defect majority involve region known atrioventricular canal av av canal responsible production av valve membranous portion interventricular septum accomplished process known epithelial mesenchymal cell transformation understanding early heart particular av canal formed critical building foundation future therapeutic measure norris
4395,sc prevalence
4396,rl periostin promotes fibroblastic lineage pathway atrioventricular valve progenitor cell dev dyn
4397,damon
4398,particular av
4399,prevalence congenital
4400,mm
4401,sociological personal
4402,av canal
4403,atrioventricular valve
4404,place extreme
4405,involve region
4406,measure norris
4407,ra
4408,progenitor cell
4409,cell transformation
4410,mesenchymal cell
4411,mj
4412,rr
4413,accomplished process
4414,building foundation
4415,interventricular septum
4416,critical building
4417,pathway atrioventricular
4418,promotes fibroblastic
4419,therapeutic measure
4420,markwald
4421,goodwin
4422,periostin promotes
4423,hoffman
4424,epithelial mesenchymal
4425,understanding early
4426,canal formed
4427,burden myriad
4428,dev dyn
4429,brook
4430,valve progenitor
4431,jd
4432,membranous portion
4433,junor
4434,av valve
4435,fibroblastic lineage
4436,portion interventricular
4437,personal burden
4438,cardiac defect
4439,malformation place
4440,formed critical
4441,transformation understanding
4442,congenital cardiac
4443,future therapeutic
4444,hart
4445,canal responsible
4446,heart particular
4447,cardiac malformation
4448,cell dev
4449,rl periostin
4450,myriad congenital
4451,foundation future
4452,yost
4453,early heart
4454,region known
4455,atrioventricular canal
4456,av av
4457,tan
4458,responsible production
4459,extreme sociological
4460,defect majority
4461,potts
4462,canal av
4463,valve membranous
4464,known epithelial
4465,production av
4466,asce rail transportation committee
4467,mainly focusing
4468,railroad infrastructure
4469,high speed rail
4470,simulation currently
4471,asce rail
4472,transit track
4473,discrete element simulation currently serving committee member three trb committee
4474,track structure
4475,focusing heavy
4476,trb committee
4477,pavement
4478,arema committee
4479,mainly focusing heavy haul transit track structure
4480,two arema committee
4481,rail transportation
4482,two arema
4483,element simulation
4484,geotechnics railroad
4485,dr yu qian ha working transportation geotechnics railroad infrastructure related
4486,transportation geotechnics
4487,member three
4488,working transportation
4489,qian ha
4490,dr yu
4491,heavy haul
4492,infrastructure related
4493,geosynthetics
4494,transportation committee
4495,serving committee
4496,speed rail
4497,yu qian
4498,haul transit
4499,high speed
4500,three trb
4501,currently serving
4502,ranson scale
4503,mathematical modeling mechanical system measurement system life prediction application technology learning system
4504,technology learning
4505,dr ranson
4506,system measurement
4507,application technology
4508,modeling mechanical
4509,mathematical modeling
4510,scale invariant
4511,measurement system
4512,system life
4513,application measurement
4514,vision application
4515,dr ranson scale invariant computer vision application measurement mechanical system
4516,prediction application
4517,invariant computer
4518,measurement mechanical
4519,notre dame
4520,connecticutdr elizabeth
4521,two year
4522,information organization
4523,coordinating council
4524,medical school
4525,technology also
4526,health prior
4527,technology associate
4528,connecticutdr elizabeth regan chair department integrated information technology associate professor health information technology also adjunct professor arnold school public health prior joining usc july
4529,kentucky medical
4530,national himss
4531,public health
4532,elmer donna
4533,also adjunct
4534,program wa
4535,recently appointed
4536,physician leadership
4537,kentucky regional
4538,kentucky
4539,year
4540,innovation committee
4541,rural physician
4542,served chair department information system
4543,eastern kentucky
4544,faculty kentucky
4545,elmer donna smith endowed chair health system management two year serf board director northeast kentucky regional health information organization neky rhio
4546,dr regan
4547,extension center
4548,professor arnold
4549,rhio also
4550,arnold school
4551,regan served
4552,serf regional
4553,leadership program
4554,morehead state
4555,chair health
4556,also serf
4557,center eastern
4558,school public
4559,smith endowed
4560,connecticutm
4561,management two
4562,year coordinating
4563,regional health
4564,director northeast
4565,chair rhio
4566,organization neky
4567,regan chair
4568,information exchange
4569,kentucky dr
4570,year serf
4571,wa recently
4572,himss innovation
4573,system management
4574,neky rhio
4575,northeast kentucky
4576,chair department
4577,elizabeth regan
4578,member first
4579,kentucky state
4580,appointed national
4581,donna smith
4582,department information
4583,founding member first board chair rhio also serf regional extension center eastern kentucky dr regan served five year coordinating council kentucky state health information exchange faculty kentucky medical school rural physician leadership program wa recently appointed national himss innovation committee
4584,college business
4585,health system
4586,five year
4587,served five
4588,school rural
4589,exchange faculty
4590,endowed chair
4591,board chair
4592,professor health
4593,regional extension
4594,first board
4595,council kentucky
4596,state health
4597,serf board
4598,material state change
4599,relationship material
4600,damage tolerance
4601,life relationship
4602,behavior fuel
4603,reifsnider durability
4604,tolerance strength
4605,aging
4606,dr reifsnider
4607,dr reifsnider durability
4608,material system
4609,strength life
4610,life prognosis
4611,cell science
4612,damage tolerance strength life relationship material system performance life prognosis
4613,material state
4614,long term
4615,state change
4616,term behavior
4617,performance life
4618,system performance
4619,long term behavior fuel cell science engineering
4620,perception
4621,coverage
4622,slam
4623,marine robotics
4624,cooperative localization
4625,friction stir
4626,quantitative fractographic
4627,experimental micro
4628,micro mechanic
4629,fractographic analysis
4630,dr reynolds
4631,quantitative fractographic analysis
4632,dr reynolds friction stir welding
4633,experimental micro mechanic
4634,fatigue fracture
4635,reynolds friction
4636,stir welding
4637,dr rhodes
4638,rhodes computer
4639,engineering manufacturing
4640,computational fluid dynamic
4641,dr rhodes computer aided design
4642,material
4643,separation
4644,magnetic drug targeting
4645,adsorption
4646,method bem
4647,area structural mechanic emphasis railway highway infrastructure
4648,problem ii
4649,highway infrastructure
4650,bridge dr
4651,military bridge
4652,problem wave
4653,engineering high
4654,civilian military
4655,performance material
4656,etc iii bridge engineering high performance material civilian military application
4657,infrastructure bridge
4658,dem
4659,dr rizos
4660,etc iii
4661,implementation computational
4662,ii analysis
4663,railway infrastructure
4664,transient analysis
4665,train rail trackbed soil interaction problem ii analysis design freight
4666,emphasis development
4667,soil interaction
4668,mechanic emphasis
4669,passenger high
4670,structure interaction
4671,rail trackbed
4672,railway highway
4673,trackbed soil
4674,hybrid method problem wave propagation
4675,hybrid method
4676,rail system
4677,passenger high speed railway infrastructure bridge
4678,bridge engineering
4679,military application
4680,speed railway
4681,expertise area
4682,civilian military bridge dr rizos expertise area structural mechanic modeling emphasis development implementation computational method bem
4683,tunnel
4684,analysis multi
4685,transient analysis multi phase medium
4686,soil structure
4687,modeling emphasis
4688,train rail
4689,computational method
4690,emphasis railway
4691,mechanic modeling
4692,phase medium
4693,fem
4694,soil structure interaction
4695,track
4696,analysis design
4697,structural mechanic
4698,design freight
4699,iii bridge
4700,development implementation
4701,material civilian
4702,method problem
4703,interaction problem
4704,rizos expertise
4705,high speed rail system
4706,material performance
4707,nuclear reactor
4708,robert material
4709,performance nuclear
4710,concurrent engineering
4711,manufacturing concurrent engineering
4712,dr robert
4713,product design
4714,dr robert material performance nuclear reactor
4715,manufacturing concurrent
4716,transport property
4717,catalysis
4718,nanomaterials
4719,fluid transport
4720,fluid transport property
4721,pro engineer
4722,wide area
4723,dr rocheleau group ha machine design machine component design group ha done work optimizing design epicyclic gear train ensure long life reduced noise work ha also done helping small medium size company wide area product design issue design concept modeled using pro engineer design software analysis performed variety computer aided engineering tool group ha done work modeling balance plant pem fuel cell system overall design issue involving kinematic dynamic mechanism
4724,also performed dr rocheleau hold several patent
4725,system overall
4726,ensure long
4727,also done
4728,work modeling
4729,machine component
4730,also performed
4731,involving kinematic
4732,dynamic mechanism
4733,design group
4734,done work
4735,robot prosthetic device
4736,new product
4737,done helping
4738,engineer design
4739,medium size
4740,design concept
4741,epicyclic gear
4742,primarily new product innovation device
4743,engineering tool
4744,ha machine
4745,gear train
4746,issue design
4747,tool group
4748,using pro
4749,component design
4750,work optimizing
4751,dr rocheleau
4752,design epicyclic
4753,design software
4754,modeling balance
4755,life reduced
4756,long life
4757,ha done
4758,noise work
4759,optimizing design
4760,area product
4761,robot prosthetic
4762,reduced noise
4763,innovation device
4764,size company
4765,balance plant
4766,design issue
4767,performed variety
4768,rocheleau hold
4769,company wide
4770,train ensure
4771,variety computer
4772,small medium
4773,issue involving
4774,hold several
4775,design machine
4776,several patent
4777,analysis performed
4778,rocheleau group
4779,machine design
4780,concept modeled
4781,modeled using
4782,prosthetic device
4783,helping small
4784,product innovation
4785,performed dr
4786,aided engineering
4787,primarily new
4788,software analysis
4789,kinematic dynamic
4790,plant pem
4791,overall design
4792,niac fellow
4793,director sc
4794,normative reasoning planning
4795,paper bioinformatics
4796,conducted funded
4797,humboldt foundation
4798,bmft german
4799,nsf equivalent
4800,nsf funding
4801,machine intelligence
4802,nasa institute
4803,received nsf
4804,author technical
4805,chemistry conducted
4806,area bioinformatics
4807,education nasa
4808,inbre bioinformatics
4809,core major
4810,ieee author
4811,von humboldt
4812,sc inbre
4813,wa formerly
4814,nih
4815,computational science
4816,member ieee
4817,german nsf
4818,formerly director
4819,bioinformatics core
4820,alexander von humboldt foundation
4821,computational chemistry conducted funded nsf
4822,well commission
4823,computational chemistry
4824,group de
4825,dai multiagent system
4826,support effort
4827,novo peptide
4828,well commission higher education nasa institute advanced concept niac fellow wa formerly director sc inbre bioinformatics core major new focus group de novo peptide sequencing recently received nsf funding support effort
4829,funding support
4830,major new
4831,currently member
4832,advanced concept
4833,focus group
4834,commission higher
4835,computational science area bioinformatics
4836,peptide sequencing
4837,bmft german nsf equivalent
4838,new focus
4839,sequencing recently
4840,reasoning planning
4841,institute advanced
4842,recently received
4843,normative reasoning
4844,fellow wa
4845,dod onr
4846,concept niac
4847,de novo
4848,science area
4849,technical paper
4850,alexander von
4851,dai multiagent
4852,currently member ieee author technical paper bioinformatics
4853,dr sabalowsky prior expertise anaerobic process
4854,expertise anaerobic
4855,technology centered
4856,specifically relate
4857,micro wind turbine
4858,microbial fuel
4859,product recently
4860,xenobiotic molecule
4861,wind turbine
4862,relate bioremediation
4863,energy technology
4864,microbial fuel cell
4865,methane hydrogen
4866,wave attenuation
4867,bioremediation hazardous
4868,centered fluid
4869,micro wind
4870,dr sabalowsky
4871,anaerobic process
4872,molecule biofuel
4873,specifically relate bioremediation hazardous xenobiotic molecule biofuel production
4874,hazardous xenobiotic
4875,fermentable product
4876,renewable energy technology centered fluid flow
4877,ha methane hydrogen production
4878,solar chimney
4879,sabalowsky prior
4880,prior expertise
4881,fermentable product recently
4882,ha methane
4883,external stimulus
4884,controlled cargo
4885,bottom approach
4886,tunable macroscopic
4887,controlled release
4888,self propulsion
4889,micro rheology
4890,condition operation
4891,environment design
4892,property systematic
4893,biosensing common
4894,motion regulate
4895,energy motion
4896,many application
4897,efficiently realistic
4898,chicago
4899,engineer responsive material unique architectural feature designed broad range application including tissue engineering
4900,stimulus inspired
4901,actuation
4902,application including
4903,emphasis anisotropic
4904,engineer responsive
4905,soft material
4906,harvard
4907,self assembly soft material
4908,biosensing common feature among natural microswimmers bacteria ability convert energy motion regulate self propulsion response external stimulus inspired biomechanics nature
4909,micromachines navigate
4910,name many
4911,unique architectural
4912,active micromotors
4913,cargo transport
4914,systematic study
4915,real time
4916,study structure
4917,macroscopic property
4918,including tissue
4919,artificial micromotors
4920,explore micro
4921,postdoctoral associate
4922,micromotors move complex environment explore micro rheology microswimmers complex environment design autonomous micromachines navigate efficiently realistic condition operation
4923,autonomous micromachines
4924,remediation name
4925,inspired biomechanics
4926,study self
4927,leading new
4928,move complex
4929,release vicinity
4930,component capable
4931,local energy
4932,phd
4933,response external
4934,amirkabir technology
4935,bacteria ability
4936,developed transduce
4937,directed motion
4938,drug delivery
4939,propulsion artificial
4940,assembly soft
4941,dynamic
4942,structure rheology
4943,controlled cargo transport
4944,real time structure rheology
4945,design autonomous
4946,eth zurich
4947,designed broad
4948,sadati lab pursue bottom approach study structure
4949,micromotors envisioned
4950,artificial active micromotors developed transduce local energy directed motion propulsion artificial micromotors envisioned broad range application drug loading
4951,natural microswimmers
4952,complex environment
4953,sadati lab
4954,tunable macroscopic property systematic study self assembly
4955,micromotors developed
4956,feature among
4957,common feature
4958,topological defect
4959,pursue bottom
4960,architectural feature
4961,propulsion response
4962,polymer engineering
4963,among natural
4964,energy directed
4965,capable leading
4966,convert energy
4967,material unique
4968,environment explore
4969,feature designed
4970,controlled release vicinity cell
4971,realistic condition
4972,navigate efficiently
4973,artificial active
4974,drug loading
4975,responsive material
4976,approach study
4977,january postdoctoral associate
4978,transduce local
4979,water remediation
4980,vicinity cell
4981,anisotropic component
4982,ability convert
4983,time structure
4984,microswimmers complex
4985,range application
4986,envisioned broad
4987,january postdoctoral
4988,emphasis anisotropic component capable leading new
4989,self assembly
4990,rheology microswimmers
4991,water remediation name many application
4992,microswimmers bacteria
4993,motion propulsion
4994,biomechanics nature
4995,regulate self
4996,lab pursue
4997,micromotors move
4998,wireless communication
4999,signal processing
5000,listen stereo
5001,use computer
5002,electronics may
5003,electricity needed
5004,santi long
5005,weight current
5006,multiple simulation
5007,minimal weight
5008,simulation language
5009,system power
5010,support input
5011,electricity needed run thing use everyday processed
5012,delivered maximum efficiency
5013,come contact power electronics thanks power electronics
5014,physic based
5015,control simulation advanced electrical power distribution system
5016,thing use
5017,electrical power
5018,simulation electrical
5019,simulation based
5020,distribution system
5021,run thing
5022,type telephone
5023,modeling power
5024,device test
5025,sc santi
5026,use everyday
5027,term area
5028,smallest size
5029,hole cordless
5030,talk type
5031,simulation based tool rapid prototyping power system power electronic device test bed support input multiple simulation language spice
5032,size minimal
5033,sc santi long term area power electronics may interaction power electronics think drive car
5034,maximum efficiency
5035,bed support
5036,etc hardware
5037,prototyping power
5038,power semiconductor
5039,control simulation
5040,power distribution
5041,filtered
5042,delivered maximum
5043,etc hardware loop simulation electrical system
5044,simulation advanced
5045,advanced electrical
5046,area power
5047,smallest size minimal weight current modeling
5048,current modeling
5049,loop simulation
5050,cordless drill
5051,everyday processed
5052,may interaction
5053,electronic device
5054,particular involved
5055,contact power
5056,needed run
5057,cook microwave
5058,input multiple
5059,make hole
5060,semiconductor device
5061,electrical system
5062,drive car
5063,electronics thanks
5064,interaction power
5065,electronics think
5066,hardware loop
5067,acsl
5068,based modeling
5069,tool rapid
5070,physic based modeling power semiconductor device particular involved development virtual test bed
5071,think drive
5072,talk type telephone
5073,saber
5074,come contact
5075,language spice
5076,rapid prototyping
5077,make hole cordless drill
5078,thanks power
5079,device particular
5080,geotechnical engineering
5081,design science
5082,health
5083,providing basis engineering vascular tissue substitute publication area impactful term providing data model previously understudied yet critical region circulatory system
5084,two distinct
5085,strategy generalized
5086,early work
5087,inquiry impacted
5088,computational model
5089,theoretical biomechanical
5090,intra vessel
5091,clinical practice
5092,sealant application
5093,device development
5094,face rapid
5095,native engineered
5096,area experimental
5097,area impactful
5098,mechanosensitive vascular
5099,practice area
5100,emergent device
5101,material interaction
5102,drug pharmacokinetics
5103,model clearly
5104,needed design
5105,publication established
5106,modeling endovascular
5107,previously understudied
5108,tissue essential
5109,field demand
5110,wa focused
5111,device degradation erosion kinetics accommodate inherent complexity face rapid device development
5112,technology drug
5113,optimize
5114,expect nearly
5115,action potential
5116,require predictive
5117,introducing tissue engineered construct exhibit enhanced matrix elaboration thus potential vascular substitute
5118,area interaction
5119,meet field
5120,regulatory agency begun expect nearly require predictive computational model clearly explain mechanism action potential risk new technology meet field demand
5121,approach needed
5122,quantifying local
5123,tissue engineered
5124,implanted polymeric
5125,impactful term
5126,critical region
5127,related publication established novel design strategy enhance adhesion strength without compromising material biocompatibility power strategy generalized across material system surgical sealant application area characterization
5128,line inquiry
5129,introducing tissue
5130,purpose optimizing
5131,requiring consideration
5132,tissue substitute
5133,technologiesendovascular technology
5134,yet critical
5135,design strategy
5136,assessment
5137,substitute publication
5138,development finite
5139,deployment strategy
5140,strategy facilitate
5141,risk new
5142,basis engineering
5143,related publication
5144,drug eluting
5145,tissue material
5146,model design
5147,mechanically mediated
5148,region circulatory
5149,vessel variation
5150,material biocompatibility
5151,emerged line
5152,exploited advanced
5153,mechanical principle
5154,area characterization
5155,environment mechanosensitive
5156,biocompatibility power
5157,design deployment
5158,coated balloon
5159,engineering vascular
5160,way first
5161,regulatory agency
5162,elaboration thus
5163,year multidisciplinary
5164,technology meet
5165,phenomenon exploited
5166,strategy enhance
5167,safe introduction
5168,evolved past
5169,vesselsthe identification
5170,cell normal
5171,property
5172,clearly explain
5173,demonstration adhesion
5174,established novel
5175,mediated vascular
5176,steadily evolved
5177,continued advancement
5178,disease state
5179,understudied yet
5180,explain mechanism
5181,provided initial demonstration adhesion tissue specific phenomenon exploited advanced material design second
5182,across material
5183,accommodate inherent
5184,distinct way
5185,surgical sealant
5186,material soft
5187,blood vesselsthe
5188,soft tissuesmy
5189,potential vascular
5190,principle explain
5191,consideration hemodynamics
5192,exhibit enhanced
5193,strength without
5194,vascular substitute
5195,field two
5196,enhance adhesion
5197,engineered construct
5198,design second
5199,matrix elaboration
5200,typically requiring
5201,endovascular technology
5202,biomechanical study
5203,inherent complexity
5204,specific phenomenon
5205,understanding mechanically mediated vascular tissue remodeling
5206,provided initial
5207,facilitate continued
5208,performance publication
5209,tissue specific
5210,applying continuum mechanical principle explain intra vessel variation geometry
5211,element based
5212,optimizing surgical
5213,work wa
5214,publication emerged
5215,nearly require
5216,kinetics accommodate
5217,potential risk
5218,adhesion tissue
5219,mechanical model
5220,endovascular technologiesendovascular
5221,providing data
5222,explain intra
5223,complexity face
5224,drug coated
5225,novel design
5226,rapid device
5227,interaction implanted
5228,advanced material
5229,balloon steadily
5230,variation geometry
5231,providing basis
5232,interaction purpose
5233,study native
5234,adhesion strength
5235,drug coated balloon steadily evolved past year multidisciplinary approach needed design
5236,mechanism action
5237,without compromising
5238,erodible scaffold
5239,agency begun
5240,model previously
5241,understanding soft
5242,new technology
5243,applying continuum
5244,generalized across
5245,engineered blood
5246,construct exhibit
5247,begun expect
5248,based computational
5249,eluting stent
5250,evaluate emergent device
5251,predictive computational
5252,initial demonstration
5253,typically requiring consideration hemodynamics
5254,power strategy
5255,data model
5256,compromising material
5257,publication area
5258,tissuesmy early
5259,work ha focused development finite element based computational model design deployment strategy facilitate continued advancement endovascular technology safe introduction clinical practice area experimental theoretical biomechanical study native engineered blood vesselsthe identification constitutive mechanical model vascular tissue essential quantifying local environment mechanosensitive vascular cell normal disease state
5260,impacted field
5261,thus potential
5262,understanding mechanically
5263,advancement endovascular
5264,model vascular
5265,circulatory system
5266,degradation erosion
5267,constitutive mechanical
5268,material design
5269,system surgical
5270,enhanced matrix
5271,evaluate emergent
5272,area interaction implanted polymeric material soft tissuesmy early work wa focused understanding soft tissue material interaction purpose optimizing surgical sealant performance publication emerged line inquiry impacted field two distinct way first
5273,essential quantifying
5274,polymeric material
5275,sealant performance
5276,local environment
5277,material mechanic
5278,erosion kinetics
5279,multidisciplinary approach
5280,continuum mechanical
5281,modeling endovascular technologiesendovascular technology drug eluting stent
5282,technology safe
5283,normal disease
5284,term providing
5285,introduction clinical
5286,identification constitutive
5287,device degradation
5288,shepherd teach
5289,jj shepherd
5290,csce course
5291,jj shepherd teach csce course
5292,teach csce
5293,cognitive perceptual
5294,smart data
5295,big smart
5296,perceptual comput
5297,semantic cognitive perceptual comput
5298,semantic cognitive
5299,knowledge graph
5300,big smart data
5301,knowledgeinfused learning
5302,shimpalee current
5303,high temperature thermal system
5304,transport phenomenon
5305,bioenergy expertise use multi scale multi dimensional modeling combine electrochemistry understand physic inside complex system particularly transport phenomenon
5306,expertise use
5307,horizon main
5308,thailand
5309,modeling combine
5310,inside complex
5311,physic inside
5312,dimensional modeling
5313,use multi
5314,understand physic
5315,chiang mai
5316,energy including
5317,temperature thermal
5318,bradley
5319,combine electrochemistry
5320,electrochemistry understand
5321,system particularly
5322,area renewable
5323,including fuel
5324,bioenergy expertise
5325,current area
5326,multi dimensional
5327,shimpalee current area renewable energy including fuel cell
5328,thermal system
5329,horizon main streetcolumbia
5330,particularly transport
5331,elct electrical
5332,following successful
5333,digital electronics
5334,design course
5335,wilson smoak instructor coordinator capstone design course
5336,successful career
5337,design digital
5338,recently intel
5339,instructor coordinator
5340,elct electrical engineering department
5341,smoak instructor
5342,wilson smoak
5343,career design
5344,following successful career design digital electronics
5345,capstone design
5346,coordinator capstone
5347,finite element analysis
5348,computational mechanic
5349,element analysis
5350,board seven
5351,pioneered various
5352,particular focus
5353,main cause
5354,clinical study ha working advance understanding potential treatment major cause heart failure patient also entrepreneur patent nih small business technology transfer grant develop microdialysis microfluidics delivery system cardiac surgery additionally
5355,cardiac surgery
5356,ha invited
5357,major cause
5358,also entrepreneur
5359,company biotechnology
5360,small business
5361,ha directed translational effort thematic area cardiovascular remodeling particular focus upon heart failure
5362,ha pioneered
5363,leading cardiovascular
5364,advance understanding
5365,renowned cardiovascular
5366,decade mechanistic
5367,journal fellow
5368,major scientific
5369,cardiology ha
5370,death disability
5371,translational effort
5372,remodeling particular
5373,cardiovascular translational
5374,francis spinale
5375,including american
5376,potential treatment
5377,cardiovascular remodeling
5378,publication leading
5379,director cardiovascular
5380,md
5381,business technology
5382,pharmaceutical company
5383,transfer grant
5384,directed translational
5385,professional society
5386,scientific meeting
5387,dr spinale serf ditorial board seven prestigious scientific journal consultant various pharmaceutical company biotechnology company credit
5388,collaborate department
5389,american college
5390,ha pioneered various project cardiac working collaborate department faculty som va
5391,cause death
5392,congress conference
5393,ha directed
5394,reviewed publication
5395,consultant various
5396,working advance
5397,several professional
5398,prestigious scientific
5399,biotechnology company
5400,faculty som
5401,american heart
5402,including american heart association american college cardiology ha invited present nationally internationally major scientific meeting
5403,upon heart
5404,also ha
5405,dr spinale
5406,present nationally
5407,working collaborate
5408,journal consultant
5409,past two decade mechanistic
5410,study ha
5411,also ha peer reviewed publication leading cardiovascular journal fellow several professional society
5412,past two
5413,failure patient
5414,seven prestigious
5415,thematic area
5416,heart association
5417,technology transfer
5418,patient also
5419,project cardiac
5420,internationally major
5421,ha peer
5422,spinale director
5423,invited present
5424,main cause death disability
5425,congress conference dr spinale director cardiovascular translational center
5426,som va
5427,various pharmaceutical
5428,entrepreneur patent
5429,serf ditorial
5430,company credit
5431,clinical study
5432,heart failure
5433,system cardiac
5434,develop microdialysis
5435,ditorial board
5436,college cardiology
5437,various project
5438,surgery additionally
5439,translational center
5440,understanding potential
5441,grant develop
5442,spinale serf
5443,nationally internationally
5444,internationally renowned cardiovascular scientist
5445,cardiovascular scientist
5446,effort thematic
5447,peer reviewed
5448,fellow several
5449,cardiovascular journal
5450,cardiac working
5451,internationally renowned
5452,association american
5453,conference dr
5454,translational
5455,microdialysis microfluidics
5456,treatment major
5457,patent nih
5458,nih small
5459,area cardiovascular
5460,microfluidics delivery
5461,two decade
5462,focus upon
5463,scientific journal
5464,department faculty
5465,traffic
5466,smarter city
5467,city water
5468,service
5469,smarter city water
5470,math
5471,michigan
5472,sudarshan specialization
5473,sc sudarshan specialization
5474,sc sudarshan
5475,doe oit
5476,hydride container
5477,plan nuclear
5478,developing first
5479,bed development
5480,industrial fuel
5481,wa program
5482,nuclear energy
5483,charter member recently served chairman first annual hydrogen storage workshop
5484,analyze bed
5485,summer manager
5486,technology involves
5487,served chairman
5488,develop industrial
5489,mining vehicle
5490,manager development
5491,also organized
5492,advanced energy
5493,since dr
5494,site representative
5495,hydride storage
5496,industry future
5497,currently chairman
5498,also member
5499,world largest
5500,hydrogen association
5501,doe ne
5502,transfer enhancement
5503,commercial code
5504,national meeting
5505,propulsion institute
5506,standard metal
5507,westinghouse savannah
5508,first annual
5509,program manager
5510,state hydrogen
5511,dr summer manager hydrogen program within hydrogen technology laboratory
5512,storage material
5513,within hydrogen
5514,chairman national
5515,world first
5516,bed performance
5517,establish plan
5518,onboard metal
5519,doe office
5520,represents srtc
5521,led numerous
5522,national workshop
5523,hydrogen electric
5524,technology center
5525,represents srtc fuel cell propulsion institute board director
5526,wsrc since
5527,project management
5528,year study
5529,institute board
5530,program analyze
5531,utilized world
5532,nuclear hydrogen
5533,storage workshop
5534,development world
5535,first hybrid
5536,largest onboard
5537,three year
5538,summer also
5539,assess feasibility
5540,program currently
5541,including heat transfer enhancement currently chairman national working group developing first commercial code standard metal hydride container hydrogen storage dr summer also member site representative national hydrogen association
5542,experience new
5543,engineering hydrogen
5544,first commercial
5545,major national meeting focused hydrogen storage dr summer also co chaired national workshop help establish plan nuclear hydrogen production doe ne
5546,meeting focused
5547,program management
5548,also managed
5549,hybrid hydrogen
5550,development mathematical
5551,analyze develop
5552,feasibility nuclear
5553,electric transit
5554,container hydrogen
5555,development project
5556,develop emerging
5557,vehicle using
5558,dr summer involved development hydrogen storage material associated technology involves engineering hydrogen storage bed development mathematical model analyze bed performance
5559,summer principal
5560,production doe
5561,transit bus
5562,project funded
5563,member site
5564,hydrogen technology
5565,focused hydrogen
5566,river technology
5567,field advanced
5568,co chaired
5569,ha westinghouse
5570,hydrogen vehicle
5571,group developing
5572,workshop help
5573,river company
5574,code standard
5575,managed fuel
5576,involves engineering
5577,chairman first
5578,wa first
5579,technology doe
5580,national hydrogen
5581,organized managed
5582,product development
5583,vehicle commercial
5584,future program
5585,national working
5586,also co
5587,savannah river technology center srtc ha extensive experience new product development project management
5588,summer involved
5589,help establish
5590,vehicle project
5591,storage bed
5592,bus bus
5593,investigator three
5594,science technology
5595,commercial service
5596,utilized world largest onboard metal hydride storage system dr summer also organized managed project develop industrial fuel cell vehicle using solid state hydrogen storage also managed fuel cell mining vehicle project funded doe oit industry future program currently
5597,bus wa
5598,srtc ha
5599,science technology doe ne addition program management
5600,enhancement currently
5601,addition program
5602,manager hydrogen
5603,major national
5604,dr summer
5605,srtc fuel
5606,numerous program
5607,funded doe
5608,member recently
5609,technology wa
5610,annual hydrogen
5611,cell vehicle
5612,system ha
5613,first hydrogen
5614,development hydrogen
5615,center srtc
5616,principal investigator
5617,savannah river
5618,material associated
5619,summer ha
5620,ne addition
5621,technology laboratory
5622,metal hydride
5623,study assess
5624,including heat
5625,recently served
5626,using solid
5627,oit industry
5628,including year
5629,managed project
5630,storage dr
5631,storage also
5632,including year experience field advanced energy system ha westinghouse savannah river company wsrc since dr summer ha led numerous program analyze develop emerging technology wa program manager development world first hybrid hydrogen electric transit bus bus wa first hydrogen vehicle commercial service
5633,office nuclear
5634,model analyze
5635,cell propulsion
5636,company wsrc
5637,cell mining
5638,chaired national
5639,hydrogen program
5640,dr summer principal investigator three year study assess feasibility nuclear hydrogen production doe office nuclear energy
5641,representative national
5642,experience field
5643,ha extensive
5644,working group
5645,charter member
5646,millimeterwave
5647,terahertz
5648,plastic fracture mechanic
5649,incoherent optic
5650,method experimental
5651,boundary valve problem
5652,element modeling
5653,coherent incoherent
5654,fracture mechanic
5655,digital image processing
5656,dr sutton coherent incoherent optic application
5657,application integral
5658,application integral method experimental mechanic
5659,cracked body
5660,dr sutton
5661,finite element modeling cracked body
5662,integral method
5663,plastic fracture
5664,optic application
5665,boundary valve
5666,valve problem
5667,sutton coherent
5668,modeling cracked
5669,polymer science
5670,glassy dynamic
5671,hybrid material
5672,soft matter
5673,polymer
5674,algorithm
5675,game
5676,social cost
5677,social cost information privacy
5678,patent policy
5679,cost information
5680,software patent policy design
5681,four theme
5682,examines strategic economic impact information technology focus four theme value
5683,economic impact
5684,information privacy
5685,impact information
5686,focus four
5687,policy design
5688,technology focus
5689,software patent
5690,offshoring
5691,theme value
5692,strategic economic
5693,examines strategic
5694,pattern recognition
5695,vision pattern
5696,professor tong
5697,focus computer
5698,tong focus
5699,including limited
5700,recognition especially
5701,especially human
5702,professor tong focus computer vision pattern recognition especially human computer interaction including limited
5703,aircraft fuselage
5704,knowledge based
5705,vehicle aerodynamics
5706,knowledge based engineering
5707,van tooren
5708,composite aircraft fuselage
5709,dr van tooren design automation
5710,road vehicle
5711,aircraft certification
5712,alternative aircraft
5713,dr van
5714,aircraft concept
5715,engineering road
5716,based engineering
5717,system engineering road vehicle aerodynamics
5718,system engineering
5719,alternative aircraft concept
5720,tooren design
5721,design automation
5722,composite aircraft
5723,nucleation
5724,biophysics
5725,statistical mechanic
5726,neural information
5727,information processing
5728,neural information processing
5729,tennessee
5730,polytechnic
5731,carnegie mellon
5732,professor computer
5733,dr vargas
5734,dr vargas adjunct professor computer science engineering department
5735,vargas adjunct
5736,agentbased modeling
5737,present associate professor
5738,present associate
5739,civil environmental engineering
5740,autonomous unmanned
5741,system robotics
5742,area autonomous
5743,aircraft system
5744,dr vitzilaios
5745,unmanned aircraft
5746,automation
5747,perception autonomous navigation mobile robot
5748,dr vitzilaios broad area autonomous unmanned system robotics
5749,operational autonomy
5750,intelligent system
5751,unmanned system
5752,field robotics
5753,perception autonomous
5754,autonomous navigation
5755,mobile robot
5756,vitzilaios broad
5757,system uas
5758,navigation mobile
5759,control system
5760,unmanned aircraft system uas
5761,robot team
5762,physic
5763,micronanofluidics
5764,turbulence mixing
5765,cancer detection
5766,superresolution imaging
5767,labonachip
5768,analysis reduced
5769,free mesenchymal
5770,intelligencel lee
5771,labdr wang
5772,thermal energy
5773,fidelity multiphysics
5774,bone marrow
5775,label free
5776,j garsona
5777,management
5778,engineering data
5779,structural interaction
5780,multiphysics cfd
5781,including model
5782,adaptive modeling
5783,form modeling
5784,engineering intelligencel
5785,order modeling
5786,multiphysics multiscale
5787,pant j
5788,level simulation
5789,process control
5790,system level
5791,fidelity surrogate
5792,focus physic
5793,long term goal towards engineering intelligencel lee
5794,cd application
5795,high fidelity multiphysics cfd fem analysis reduced order modeling closed form modeling real time simulation
5796,model development
5797,goal towards
5798,imsel labdr
5799,analytical method
5800,inertial microfluidics
5801,label free mesenchymal stem cell enrichment bone marrow spiral inertial microfluidics
5802,space exploration
5803,thermal energy management
5804,among others specific focus physic based adaptive modeling
5805,pant j klarmannc
5806,curriculum vitae
5807,adaptive model
5808,experimentation
5809,parameter estimation
5810,j klarmannc
5811,vitae pdf
5812,adaptive model integration massive real time data analytics
5813,modeling multidisciplinary
5814,integration massive
5815,term goal
5816,multidisciplinary analysis
5817,high fidelity
5818,including model development
5819,closed form
5820,energy management
5821,discovery
5822,lai
5823,specific focus
5824,fem analysis
5825,including fluid
5826,rosanoa
5827,multiscale system
5828,enabled science
5829,based adaptive
5830,cfd fem
5831,engineering microfluidics
5832,alvarez
5833,trade space
5834,microfluidics nanofluidics
5835,fluid structural
5836,including engineering
5837,data enabled
5838,including fluid structural interaction
5839,trade space exploration
5840,enrichment bone
5841,prabhakarpandiana
5842,data driven
5843,wang computational
5844,computing visualization
5845,modeling closed
5846,towards engineering
5847,massive real
5848,hardware development
5849,time data
5850,pdf imsel
5851,green computing
5852,computational data
5853,engineering cd
5854,control data
5855,curriculum vitae pdf imsel labdr wang computational data enabled science engineering cd application multiphysics multiscale system engineering
5856,time simulation
5857,including engineering data mining
5858,driven multi
5859,large scale system level simulation
5860,process control data driven multi fidelity surrogate modeling multidisciplinary analysis optimization
5861,reduced order
5862,cell enrichment
5863,modeling real
5864,surrogate modeling
5865,application multiphysics
5866,others specific
5867,model integration
5868,spiral inertial
5869,analysis optimization
5870,control synthesis
5871,marrow spiral
5872,wang
5873,green computing visualization system engineering microfluidics nanofluidics
5874,visualization system
5875,multi fidelity
5876,biosensor
5877,nanopore
5878,functional nanoparticles
5879,african american
5880,predict gene
5881,cancer dec
5882,expression type hpv hnscc tumor specimen investigate marker specific pathway tumor development
5883,recurrent squamous
5884,head neck
5885,hpv infection
5886,biomarkers pathway
5887,tumor development
5888,american patient
5889,clinical focus
5890,freshly resected
5891,attention biomarkers
5892,tissue specimen
5893,expression type
5894,particular attention biomarkers pathway may different hpv positive hpv negative cancer
5895,type hpv
5896,cell carcinoma
5897,school medicineva
5898,hpv hnscc
5899,particular attention
5900,hpv negative
5901,hnscc tumor
5902,investigate marker
5903,positive hpv
5904,american european
5905,hpv positive
5906,specific pathway
5907,rdprofessor well
5908,determine presence
5909,may different
5910,medicineva campusbld
5911,specimen investigate
5912,european american
5913,ferry rdprofessor
5914,campusbld garner
5915,therapy efficacy
5916,african american european american patient biomarkers predict gene therapy efficacy recurrent squamous cell carcinoma head neck clinical cancer dec
5917,marker specific
5918,squamous cell
5919,infection freshly
5920,tumor specimen
5921,different hpv
5922,specimen purpose
5923,patient biomarkers
5924,resected tissue
5925,efficacy recurrent
5926,pathway tumor
5927,focus analysis
5928,negative cancer
5929,purpose study
5930,neck clinical
5931,biomarkers predict
5932,well clinical
5933,carcinoma head
5934,study determine
5935,school medicineva campusbld garner ferry rdprofessor well clinical focus analysis hpv infection freshly resected tissue specimen purpose study determine presence
5936,pathway may
5937,gene therapy
5938,analysis hpv
5939,clinical cancer
5940,dr whiteph
5941,cv dr whiteph
5942,california berkeley
5943,polycrystalline transition
5944,biomass derived
5945,molecular level
5946,enhanced raman
5947,electrocatalytic reduction
5948,particular focus studying solid liquid catalytic interface catalysis carried liquid phase important application fine chemical pharmaceutical production
5949,fine chemical
5950,pharmaceutical production
5951,specific application
5952,nanoscale williams
5953,sfs information
5954,allows develop
5955,catalyst reaction
5956,spectroscopy sers
5957,byproduct biodiesel
5958,temperature specific
5959,new fuel
5960,major byproduct biodiesel production hydrodeoxygenation biomass derived organic acid acid ester hydrocarbon fuel electrocatalytic reduction carbon dioxide hydrocarbon catalyst investigation involve polycrystalline transition metal oxide supported mono bimetallic nanoparticle catalyst latter material prepared either traditional catalyst synthesis method novel protocol development g
5961,ester hydrocarbon
5962,oxide supported
5963,biodiesel production
5964,especially glycerol
5965,metal nano
5966,solid catalyst
5967,carried liquid
5968,supported mono
5969,current reaction
5970,major byproduct
5971,composition nanoscale
5972,ketoesters alkenoic
5973,variety industrial source
5974,sc williams
5975,specific technique
5976,level understanding
5977,critical wish
5978,phase important
5979,system enantioselective
5980,relevant reaction
5981,frequency spectroscopy
5982,group area
5983,catalyst investigation
5984,obtained approach
5985,catalyst specific
5986,sc williams group area heterogeneous catalysis surface science
5987,condition e
5988,acid acid
5989,control size
5990,information obtained
5991,investigation involve
5992,enantioselective hydrogenation
5993,hydrocarbon catalyst
5994,catalytic mechanism
5995,electroless deposition allow control size composition nanoscale williams group currently funded national science foundation
5996,total reflection
5997,nano composite
5998,liquid phase high gas pressure temperature specific technique development group surface enhanced raman spectroscopy sers
5999,prepared either
6000,develop molecular
6001,including especially
6002,phase high
6003,technique development
6004,traditional catalyst
6005,liquid catalytic
6006,interface catalysis
6007,material prepared
6008,surface science
6009,catalysis surface
6010,sum frequency
6011,function heterogeneous
6012,understanding critical
6013,industrial source
6014,hydrogenation alpha
6015,govern function
6016,attenuated total
6017,transition metal
6018,pressure temperature
6019,latter material
6020,derived organic
6021,fuel electrocatalytic
6022,operando surface
6023,development g
6024,raman spectroscopy
6025,adsorption catalysis
6026,studying solid
6027,spectroscopic method
6028,gas pressure
6029,approach allows
6030,high gas
6031,reduction carbon
6032,dendrimer metal
6033,method study
6034,understanding catalytic
6035,acid ester
6036,spectroscopy sfs
6037,catalyst latter
6038,condition understanding
6039,metal oxide
6040,production new fuel biorenewable resource primary involves development application situ operando surface vibrational spectroscopic method study adsorption catalysis solid catalyst surface industrially relevant reaction condition e
6041,wish rationally
6042,attenuated total reflection infrared atr ir spectroscopy
6043,dioxide hydrocarbon
6044,area heterogeneous
6045,dendrimer metal nano composite
6046,mechanism govern
6047,either traditional
6048,involve polycrystalline
6049,sum frequency spectroscopy sfs information obtained approach allows develop molecular level understanding catalytic mechanism govern function heterogeneous catalyst reaction condition understanding critical wish rationally design catalyst specific application future current reaction system enantioselective hydrogenation alpha ketoesters alkenoic acid selective oxidation alcohol
6050,reaction system
6051,allow control
6052,design catalyst
6053,focus studying
6054,resource primary
6055,funded national
6056,application fine
6057,nanoparticle catalyst
6058,infrared atr
6059,surface enhanced
6060,oxidation alcohol
6061,important application
6062,bimetallic nanoparticle
6063,synthesis method
6064,vibrational spectroscopic
6065,size composition
6066,alkenoic acid
6067,catalysis solid
6068,application future
6069,hydrodeoxygenation biomass
6070,fuel biorenewable
6071,primary involves
6072,including especially glycerol
6073,group currently
6074,protocol development
6075,production new
6076,variety industrial
6077,future current
6078,catalysis carried
6079,acid selective
6080,study adsorption
6081,situ operando
6082,group surface
6083,production hydrodeoxygenation
6084,solid liquid
6085,mono bimetallic
6086,application situ
6087,surface vibrational
6088,deposition allow
6089,reflection infrared
6090,novel protocol
6091,williams group
6092,catalytic interface
6093,ir spectroscopy
6094,method novel
6095,organic acid
6096,atr ir
6097,development group
6098,biorenewable resource
6099,chemical pharmaceutical
6100,rationally design
6101,hydrocarbon fuel
6102,surface industrially
6103,alpha ketoesters
6104,propulsion
6105,fuel
6106,flame
6107,big data
6108,humancomputer interaction
6109,big data analytics
6110,behavioral information security
6111,behavioral information
6112,ux design
6113,humancomputer interaction ux design
6114,ai
6115,interaction ux
6116,intelligent user
6117,informatics artificial
6118,recommender system
6119,text image
6120,user interface
6121,xu area
6122,law computer
6123,songhua xu area health information technology
6124,graphic interactive
6125,property law
6126,multimedia visualization
6127,health cancer
6128,technique multimedia
6129,area health
6130,visualization visual
6131,health cancer informatics artificial intelligence
6132,recommender system text image mining patent informatics intelligent software practitioner intellectual property law computer graphic interactive technique multimedia visualization visual analytics intelligent user interface
6133,cancer informatics
6134,knowledge management
6135,practitioner intellectual
6136,computer graphic
6137,informatics intelligent
6138,analytics intelligent
6139,interactive technique
6140,mining patent
6141,system text
6142,intellectual property
6143,intelligent software
6144,songhua xu
6145,including personalization
6146,including medical
6147,visual analytics
6148,patent informatics
6149,software practitioner
6150,image mining
6151,transport phenomenon electrochemical kinetics
6152,dr xue
6153,phenomenon electrochemical
6154,durability functional
6155,reliability durability functional structural material
6156,electrochemical energy
6157,xue solid
6158,dr xue solid oxide fuel cell
6159,functional structural
6160,material electrochemical
6161,material electrochemical energy conversion storage
6162,reliability durability
6163,electrochemical kinetics
6164,structural material
6165,sonodegradation
6166,nanotechnology
6167,membrane filtration
6168,vibration
6169,solidification
6170,microstructure modelling
6171,element modelling
6172,discrete element modelling
6173,aware vlsi
6174,nanoscale electronics
6175,neuromorphic computing
6176,zand involve
6177,adaptive computer
6178,involve hardware
6179,emerging nanoscale electronics including spintronic device
6180,dr zand involve hardware design machine learning system
6181,low power reliability aware vlsi circuit
6182,spintronic device
6183,low power
6184,emerging nanoscale
6185,reconfigurable adaptive computer architecture
6186,electronics including
6187,reconfigurable adaptive
6188,vlsi circuit
6189,reliability aware
6190,power reliability
6191,hardware design
6192,including spintronic
6193,dr zand
6194,learning long
6195,flexibility handle
6196,retain power
6197,context end
6198,build safe
6199,decision making
6200,handle complex
6201,power flexibility
6202,system retain
6203,diverse context
6204,dynamic environment
6205,goal build
6206,develop analyze
6207,algorithm uncertain
6208,analyze decision
6209,making algorithm
6210,develop analyze decision making algorithm uncertain
6211,ai system
6212,trustworthy ai
6213,artificial intelligence reinforcement learning long term goal build safe
6214,reliable
6215,trustworthy ai system retain power flexibility handle complex
6216,diverse context end
6217,intelligence reinforcement
6218,dislocation dynamic
6219,mechanical metallurgy
6220,crystal plasticity
6221,friction stir welding
6222,dr ziehl
6223,experience management
6224,capability faculty
6225,serf understand align capability faculty enterprise college professor structural engineering department mechanical civil environmental engineering dr ziehl ha experience management joint venture project involving multiple industrial collaborator ha served principal investigator four year nist sponsored joint venture project edge analytics development commercially deployed wireless structural prognosis system
6226,mechanical civil
6227,enterprise college
6228,venture project
6229,commercially deployed
6230,project involving
6231,dean college
6232,project edge
6233,align capability
6234,sponsored joint
6235,edge analytics
6236,engineering main street
6237,involving multiple
6238,structural prognosis
6239,faculty enterprise
6240,ziehl associate
6241,served principal
6242,paul ziehl
6243,ziehl ha
6244,analytics development
6245,collaborator ha
6246,prognosis system
6247,management joint
6248,year nist
6249,sc paul ziehl associate dean college engineering computing
6250,serf understand
6251,investigator four
6252,industrial collaborator
6253,nist sponsored
6254,college professor
6255,joint venture
6256,engineering main
6257,deployed wireless
6258,professor structural
6259,wireless structural
6260,ha experience
6261,development commercially
6262,four year
6263,understand align
6264,sc paul
6265,multiple industrial
6266,engineering dr
