,researcher_name,skills
0,"Agostinelli, Forest","{'reinforcement learning', 'bioinformatics', 'artificial intelligence', 'search', 'deep learning'}"
1,"Ahmad, Iftikhar","{'ultra wide', 'aluminum content', 'senior scientist', 'electronic photonic', 'bandgap semiconductor', 'boron nitride gallium oxide', 'position senior', 'inc ph texas tech universityresearch growth study ultra wide bandgap semiconductor including high aluminum content algan', 'study ultra', 'high aluminum', 'texas tech', 'wide bandgap', 'content algan', 'high power', 'novel high', 'boron nitride', 'gallium oxide', 'nitride gallium', 'computer simulation', 'previous position senior scientist', 'power electronic', 'tech universityresearch', 'fabrication novel high power electronic photonic device', 'computer simulation device', 'sensor electronic', 'fabrication novel', 'photonic device', 'electronic technology', 'universityresearch growth', 'inc ph', 'growth study', 'semiconductor including', 'ph texas', 'including high', 'previous position', 'simulation device', 'sensor electronic technology'}"
2,"Alexeev, Oleg S.","{'structure metal', 'institute catalysis', 'aggregate objective', 'considerable information', 'characterization catalytic', 'cluster particle', 'chemisorption catalytic', 'catalytic property', 'structure active site', 'site catalyst', 'cluster support', 'data used', 'xrd', 'along chemisorption', 'structure metal cluster support', 'pursued application', 'adsorbed reactant', 'structure active', 'xps', 'reaction involving', 'tpr', 'cluster aggregate', 'characterize active', 'intermediate associated', 'technique along', 'establish dependence', 'experimental method', 'ph', 'objective program', 'promoter structure', 'russiam', 'process surface', 'russiacatalytic process surface take place sequence elementary reaction involving adsorbed reactant', 'surface take', 'particle size', 'various experimental', 'supported metal', 'condition catalysis', 'influence promoter structure catalytic property supported metal cluster aggregate objective program pursued application combination various experimental method characterization catalytic material spectroscopic technique', 'structure catalytic', 'catalyst surface', 'novosibirsk', 'catalysis considerable', 'hrtem', 'property supported', 'take place', 'support interface', 'structure metal support interface', 'exafs', 'goal focused', 'boreskov institute', 'place sequence', 'method characterization', 'involving adsorbed', 'catalytic data', 'combination various', 'boreskov institute catalysis', 'program pursued', 'catalyst adsorbed', 'focused fundamental', 'used characterize', 'elementary reaction', 'specie actual', 'reaction intermediate associated active site catalyst surface goal focused fundamental understanding structure metal support interface', 'application combination', 'reaction intermediate', 'dependence catalytic', 'understanding structure', 'metal support', 'adsorbed specie', 'including tpd', 'metal cluster', 'influence promoter', 'catalytic material', 'information gained', 'ftir', 'material spectroscopic', 'fundamental understanding', 'used characterize active site catalyst adsorbed specie actual condition catalysis considerable information gained technique along chemisorption catalytic data used establish dependence catalytic property metal cluster particle size', 'associated active', 'active site', 'uv visible', 'sequence elementary', 'surface goal', 'spectroscopic technique', 'russiacatalytic process', 'property metal', 'used establish', 'actual condition', 'novosibirsk state', 'product', 'gained technique'}"
3,"Ali, Mohammod","{'sc mohammod ali professor department electrical engineering usc july', 'respectively victoria', 'ali professor', 'act assignment', 'dhaka received', 'sc ph', 'sc electrical', 'electronic engineering', 'ipa intergovernmental', 'cyber system directorate engineering prof ali received sc electrical electronic engineering bangladesh engineering technology', 'bangladesh engineering', 'mohammod ali', 'cyber system', 'program director', 'ha working program director national science foundation nsf ipa intergovernmental personnel act assignment division electrical', 'personnel act', 'working program', 'electrical electronic', 'swearingenroom main', 'ali received', 'communication', 'director national', 'system directorate', 'engineering bangladesh', 'ha working', 'usc july', 'engineering prof', 'engineering usc', 'nsf ipa', 'degree electrical', 'electrical engineering', 'canada', 'ph degree', 'assignment division', 'swearingenroom main streetcolumbia', 'foundation nsf', 'received sc', 'directorate engineering', 'engineering technology', 'division electrical', 'department electrical', 'national science', 'science foundation', 'main streetcolumbia', 'dhaka received sc ph degree electrical engineering', 'sc mohammod', 'intergovernmental personnel', 'prof ali', 'british columbia', 'professor department'}"
4,"Ammal, Salai C.","{'ammal pdfph', 'cv dr ammal pdfph', 'dr ammal', 'cv dr', 'bharathidasan', 'india'}"
5,"Bakos, Jason D. ","{'performance computing', 'high performance', 'high performance computing', 'computer architecture', 'heterogeneous computing', 'reconfigurable computing', 'embedded system'}"
6,"Banerjee, Sourav ","{'ultrasonics', 'acoustic', 'metamaterials', 'biomedical', 'wave propagation'}"
7,"Bayat, Mahmoud","{'probabilistic analysis', 'structural health monitoring', 'health monitoring', 'earthquake eng', 'nonlinear vibration', 'structural health', 'machine learning'}"
8,"Bayoumi, Abdel-Moez E. ","{'industry experience currently director mcnair aerospace center', 'experience currently', 'predictive maintenance', 'engineering activity', 'mechanical material', 'corporate relation', 'professor mechanical material engineering washington state ha actively involved developing strong program mechanical', 'packard company', 'department energy', 'joining usc', 'nuclear aerospace', 'ha year', 'material engineering', 'focused mechanical', 'north state', 'engineering washington', 'associate dean corporate relation professor mechanical biomedical engineering prior joining usc', 'condition based maintenance', 'sc bayoumi ha year teaching', 'prediction mechanical', 'foundation various', 'digital transformation dr bayoumi ha received funding department defense', 'national science', 'wa professor mechanical aerospace engineering north state', 'currently director', 'state ha', 'sc bayoumi', 'tribology', 'published journal', 'department defense', 'funding department', 'prior joining', 'life prediction', 'health monitoring', 'prognosis life', 'bayoumi ha', 'involved developing', 'project manager', 'mcnair aerospace', 'main streetroom', 'wa professor', 'industry experience', 'developing strong', 'journal conference', 'mechanical biomedical', 'ha actively', 'national science foundation various industry ha published journal conference paper', 'program mechanical', 'actively involved', 'industry ha', 'various industry', 'mechanical behavior', 'mechanical aerospace', 'dr bayoumi', 'mechanical system', 'year teaching', 'activity focused', 'conference paper', 'project manager hewlett packard company', 'based maintenance', 'dean corporate', 'director mcnair', 'monitoring system', 'engineering prior', 'diagnosis prognosis life prediction mechanical system', 'director center predictive maintenance', 'ha received', 'ha published', 'director center', 'aerospace center', 'condition based', 'nuclear aerospace engineering activity focused mechanical behavior material', 'washington state', 'professor mechanical', 'behavior material', 'manager hewlett', 'center predictive', 'manufacturing process', 'received funding', 'aerospace engineering', 'biomedical', 'digital transformation', 'relation professor', 'associate dean', 'health monitoring system', 'engineering north', 'transformation dr', 'science foundation', 'biomedical engineering', 'hewlett packard', 'diagnosis prognosis', 'strong program'}"
9,"Benigni, Andrea","{'sc', 'main streetcolumbia', 'swearingenroom main', 'swearingenroom main streetcolumbia'}"
10,"Berge, Nicole D.","{'development subsequent', 'landfill thermochemical', 'disposed nanomaterials', 'biological process', 'personal care', 'room berge', 'solid waste', 'lead carbon', 'groundwater remediation', 'energy yield', 'remediation technology', 'compound bioreactor', 'thermochemical conversion', 'endocrine disrupting', 'value added product production specific area exploration fate disposed nanomaterials', 'treatment technique', 'subsequent evaluation', 'bioreactor landfill', 'resource recovery', 'pharmaceutical', 'yield waste', 'product production', 'increasing energy', 'municipal solid', 'main street', 'improving understanding', 'room berge focus improving understanding physical', 'waste stream', 'treatment process', 'personal care product endocrine disrupting compound bioreactor landfill thermochemical conversion municipal solid waste increasing energy yield waste stream resource recovery waste stream leachate treatment process development subsequent evaluation innovative groundwater remediation technology', 'disrupting compound', 'energy generation', 'fate disposed', 'evaluation innovative', 'promote sustainable', 'berge focus', 'production specific', 'area exploration', 'manipulated promote', 'product endocrine', 'leachate treatment', 'technique lead', 'chemical', 'waste increasing', 'value added', 'added product', 'process manipulated', 'conversion municipal', 'process development', 'care product', 'sustainable waste', 'focus improving', 'carbon sequestration', 'innovative groundwater', 'specific area', 'recovery waste', 'waste treatment', 'exploration fate', 'stream leachate', 'biological process manipulated promote sustainable waste treatment technique lead carbon sequestration', 'understanding physical', 'stream resource'}"
11,"Besmann, Theodore  M.","{'nuclear fuel waste material', 'waste material', 'fuel waste', 'nuclear fuel'}"
12,"Bischoff, Jeff ","{'tissue scaffolding', 'mechanic soft', 'dr bischoff biomedical engineering', 'passive mechanic', 'hypertrophic scar', 'passive mechanic soft tissue', 'structural constitutive', 'theoretical framework', 'evolution artificial', 'constitutive testing', 'framework modeling', 'constitutive testing modeling hypertrophic scar', 'artificial tissue', 'modeling growth', 'modeling hypertrophic', 'bischoff biomedical', 'analysis structural', 'growth tissue', 'analysis structural constitutive evolution artificial tissue scaffolding', 'dr bischoff', 'biomedical engineering', 'soft tissue', 'testing modeling', 'theoretical framework modeling growth tissue', 'constitutive evolution'}"
13,"Blanchette, James  Otto","{'hanna', 'angiogenic behavior', 'transplantation genetic', 'system expand', 'cell transplantation', 'brougham cook blanchette asc spheroid geometry culture oxygenation differentially impact induction pre angiogenic behavior endothelial cell cell transplantation', 'chemotherapeutics administered', 'differentially impact', 'pre angiogenic', 'engineering design', 'behavior endothelial', 'specific project', 'proper function', 'therapeutic tissue', 'extending proper', 'pancreatic islet', 'enhance vascularization', 'vascularization skiles', 'sc fall', 'cell cell', 'delivery therapeutic', 'cook blanchette', 'impact induction', 'developing responsive', 'cell following', 'culture oxygenation', 'genetic engineering', 'transplantation mesenchymal', 'blanchette asc', 'cell enhance', 'geometry culture', 'spheroid geometry', 'design cell', 'following transplantation', 'signaling three', 'induction pre', 'three dimensional', 'engineering specific', 'responsive delivery', 'brougham cook', 'material tracking', 'spectrum chemotherapeutics', 'instructive material', 'hydrogel material', 'area design', 'rucker', 'orally extending', 'function pancreatic', 'cell instructive', 'project developing', 'room main', 'hypoxic signaling', 'mesenchymal stem', 'skiles l', 'fall area', 'sc fall area design cell instructive material', 'endothelial cell', 'expand spectrum', 'oxygenation differentially', 'aggregate transplantation', 'stem cell', 'main streetcolumbia', 'cell aggregate', 'administered orally', 'asc spheroid', 'instructive hydrogel', 'delivery therapeutic tissue engineering specific project developing responsive delivery system expand spectrum chemotherapeutics administered orally extending proper function pancreatic islet cell following transplantation genetic engineering design instructive hydrogel material tracking hypoxic signaling three dimensional cell aggregate transplantation mesenchymal stem cell enhance vascularization skiles l', 'tracking hypoxic', 'room main streetcolumbia', 'islet cell', 'delivery system', 'design instructive', 'tissue engineering', 'dimensional cell', 'tipton'}"
14,"Boltin, Nicholas D.","{'study jmir', 'department triage', 'press boltin', 'utilizing analytical', 'field employ', 'glean information', 'information data', 'developing decision', 'design evaluate', 'industry data', 'well predictive modeling two', 'analytical technique', 'reduction artificial', 'technique including', 'incident edit', 'triage chemical', 'mass casualty', 'dr boltin', 'valafar mobile', 'artificial neural', 'emergency department', 'network improve', 'many discipline', 'categorized two', 'latest software', 'dr boltin focus developing decision support system healthcare industry data science interdisciplinary field employ technique many discipline mathematics', 'jmir mhealth', 'interdisciplinary field', 'supervised unsupervised', 'data utilizing', 'tool emergency', 'created deploy', 'unsupervised machine', 'two broad', 'software development', 'focus categorized', 'computer science', 'predictive modeling', 'casualty incident', 'data science', 'employ technique', 'tool created', 'healthcare industry', 'information science computer science focus categorized two broad area one', 'culley jm', 'support system', 'design evaluate translational informatic tool created deploy sophisticated algorithm using latest software development human computer interaction boltin', 'culley', 'mhealth uhealth', 'machine learning', 'statistic', 'support tool', 'interaction boltin', 'well predictive', 'algorithm using', 'glean information data utilizing analytical technique including data mining', 'focus developing', 'article press', 'neural network', 'incident article', 'mobile decision', 'dimension reduction', 'including data', 'human computer', 'boltin focus', 'discipline mathematics', 'supervised unsupervised machine learning', 'sophisticated algorithm', 'valafar application', 'science interdisciplinary', 'informatic tool', 'application dimensional', 'chemical mass', 'broad area', 'evaluate translational', 'science computer', 'computer interaction', 'technique many', 'data mining', 'decision support', 'deploy sophisticated', 'using latest', 'department mass', 'initial study', 'system healthcare', 'dimensional reduction', 'edit initial', 'improve emergency', 'valafar mobile decision support tool emergency department mass casualty incident edit initial study jmir mhealth uhealth', 'statistical analysis', 'information science', 'translational informatic', 'science focus', 'valdes', 'valafar application dimensional reduction artificial neural network improve emergency department triage chemical mass casualty incident article press boltin', 'development human', 'modeling two', 'area one'}"
15,"Booth, Kristen","{'power grid resiliency', 'power electronics reliability', 'medium frequency transformer optimization', 'medium frequency', 'transformer optimization', 'grid resiliency', 'electronics reliability', 'frequency transformer', 'power grid', 'power electronics'}"
16,"Brookshire, Robert G., Ph.D.","{'department college', 'sc director', 'european journal operational', 'science computer', 'journal past', 'columbia', 'suite', 'article appeared', 'programming administration', 'professor integrated', 'editor information', 'college engineering', 'association editor', 'health information', 'engineering computing', 'sc robert', 'information technology', 'director master', 'texas state', 'robert brookshire', 'author using', 'study quarterly', 'past president', 'president organizational', 'mainframe systemsitec', 'innovation assembly street', 'innovation assembly', 'sc robert brookshire professor integrated information technology department college engineering computing', 'integrated information', 'technology department', 'managementitec mainframe', 'north texas', 'assembly street', 'itec record', 'computer information', 'information system', 'system association', 'byte', 'microcomputer sage', 'appeared journal', 'journal operational', 'sc director master health information technology program ha taught new york', 'legislative study quarterly', 'brookshire professor', 'sage publication', 'performance journal', 'technology program', 'taught new', 'article appeared journal computer information system', 'virginia', 'systemsitec linux', 'european journal', 'learning', 'record managementitec', 'program ha', 'ha taught', 'north texas state', 'journal computer', 'performance journal itec record managementitec mainframe systemsitec linux programming administration', 'new york', 'co author', 'james madison co author using microcomputer sage publication', 'james madison', 'journal past president organizational system association editor information technology', 'social science computer review', 'computer review', 'linux programming', 'legislative study', 'using microcomputer', 'organizational system', 'madison co', 'social science', 'journal itec', 'master health'}"
17,"Broughton, Earnie","{'including mentoring student programming professional development best practice responsibility gathering stakeholder navy', 'earnie lead software developer virtual test bed vtb smart ship system design project addition writing code', 'addition writing', 'consortium education', 'mentoring student', 'vtb smart', 'development best', 'writing code', 'development team', 'project addition', 'lead software', 'practice responsibility', 'bed vtb', 'supervises daily activity development team project', 'integrating requirement', 'requirement consortium', 'including mentoring', 'programming professional', 'esrdc consortium', 'smart ship', 'requirement developing', 'plan integrating', 'responsibility gathering', 'test bed', 'best practice', 'stakeholder navy', 'earnie lead', 'software developer', 'team project', 'virtual test', 'private industry requirement developing plan integrating requirement consortium education', 'activity development', 'student programming', 'gathering stakeholder', 'system design', 'developer virtual', 'supervises daily', 'industry requirement', 'daily activity', 'ship system', 'developing plan', 'private industry', 'professional development', 'design project'}"
18,"Buell, Duncan A.","{'first year', 'ida cc', 'ha part', 'number theory', 'image processing', 'year english', 'architecture oriented', 'accuracy ida', 'traditional computer architecture oriented toward floating point computation normally perform significantly reduced efficiency one class problem computational problem number theory fast integer arithmetic', 'problem custom', 'directed splash', 'characteristic improvement', 'substantial parallelism', 'xilinx fpgas', 'renewal columbia', 'discrete mathematics', 'support vote', 'urban renewal', 'broad class', 'whose application', 'problem number', 'discovering problem', 'voting system', 'buell past', 'essay linguistic', 'auditing election', 'application programmed', 'vote total', 'co supervising', 'included algorithm', 'custom computing', 'evicting resident', 'vote absence', 'critical interactive', 'linguistic characteristic', 'analysis first', 'one often', 'discrete mathematics text string processing', 'lead uncounted', 'iphone urban', 'necessary another broad class problem custom computing machine devised bit oriented computation done string processing', 'writing pedagogy', 'computing machine', 'bit bit', 'oriented computation', 'total certified', 'often sufficient', 'buell recent', 'interactive iphone', 'necessary another', 'one neighborhood', 'performing computation', 'reduced efficiency', 'bit oriented', 'algorithm architecture', 'supervising work', 'problem process', 'fast integer', 'building custom', 'english essay', 'architecture performing', 'traditional computer', 'normally perform', 'data discovering', 'project building', 'efficiency one', 'data support', 'machine used', 'bit arithmetic', 'absence data', 'pedagogy professor', 'team auditing', 'columbia sc', 'problem computational', 'work ha', 'floating point', 'perform significantly', 'often multiprecision arithmetic', 'oriented toward', 'election data', 'another broad', 'used xilinx', 'done string', 'state digital', 'past included', 'integer arithmetic', 'digital humanity', 'computational problem', 'certified state', 'engaged analysis', 'string processing', 'need substantial', 'one often need substantial parallelism', 'text string', 'professor buell recent work ha electronic voting system digital humanity ha part team auditing election data discovering problem process lead uncounted vote absence data support vote total certified state digital humanity', 'machine devised', 'programmed vhdl', 'humanity ha', 'multiprecision arithmetic', 'point computation', 'electronic voting', 'part team', 'improvement writing', 'resident ward', 'ward one', 'mathematics text', 'critical interactive iphone urban renewal columbia sc role evicting resident ward one neighborhood adjacent', 'role evicting', 'cc directed', 'uncounted vote', 'compute element', 'often multiprecision', 'element whose', 'sufficient accuracy', 'significantly reduced', 'recent work', 'theory fast', 'professor buell', 'sc role', 'splash project', 'engaged analysis first year english essay linguistic characteristic improvement writing pedagogy professor buell past included algorithm architecture performing computation', 'bit bit arithmetic often sufficient accuracy ida cc directed splash project building custom computing machine used xilinx fpgas compute element whose application programmed vhdl', 'computation normally', 'processing computation', 'work ward', 'co supervising work ward one app', 'toward floating', 'fpgas compute', 'image processing computation', 'neighborhood adjacent', 'often need', 'computer architecture', 'ha electronic', 'class problem', 'process lead', 'system digital', 'one app', 'one class', 'arithmetic often', 'computation done', 'devised bit'}"
19,"Caicedo, Juan","{'lab website', 'member american', 'mechanic american', 'engineering educator', 'earthquake engineering structural control dr caicedo member american society civil engineer', 'structural dynamic', 'caicedo area', 'brown jr', 'educator complete', 'numerical experimental', 'structural health', 'society civil', 'american society', 'jr network', 'network earthquake', 'health monitoring', 'specialization structural', 'engineering institute', 'earthquake engineering', 'emphasis structural', 'publication visit', 'infrastructure lab', 'caicedo member', 'experimental area', 'george brown', 'society experimental', 'experimental mechanic', 'list project', 'dr caicedo', 'engineering emphasis', 'area structural', 'engineering structural', 'engineering simulation', 'george brown jr network earthquake engineering simulation', 'model updating', 'society experimental mechanic american society engineering educator complete list project publication visit structural dynamic intelligent infrastructure lab website', 'dr caicedo area specialization structural engineering emphasis structural dynamic numerical experimental area structural dynamic', 'structural engineering', 'dynamic numerical', 'structural control', 'society engineering', 'control dr', 'visit structural', 'structural health monitoring', 'civil engineer', 'project publication', 'intelligent infrastructure', 'area specialization', 'complete list', 'dynamic intelligent', 'earthquake engineering institute'}"
20,"Carrilho, Leo ","{'using fea', 'nuclear fuel', 'phenomenon structural', 'carrilho modeling', 'modeling simulation', 'thermal hydraulic', 'hydraulic design', 'core component', 'simulation process', 'process phenomenon', 'design pwr', 'fuel core', 'fea cfd', 'structural thermal', 'using fea cfd method', 'dr leo', 'leo carrilho', 'pwr nuclear', 'dr leo carrilho modeling simulation process phenomenon structural thermal hydraulic design pwr nuclear fuel core component', 'cfd method'}"
21,"Carver, Wayne","{'abuse result', 'fibrosis commonly', 'performance correlated', 'stiffer myocardium', 'medicine bldg', 'commonly associated', 'matrix change', 'cell type', 'result stiffer', 'accumulation extracellular', 'including fibroblast', 'elaborate extracellular', 'alters heart', 'animal model', 'myocardial infarction', 'matrix heart', 'result myocardial', 'density organization', 'sc ventricular wall heart composed contractile muscle cell non muscle cell type including fibroblast', 'cardiac fibroblast', 'matrix seen', 'fibroblast behavior', 'cardiovascular performance', 'chronic exposure', 'fibrosis result', 'expression regulated', 'cell culture', 'road columbia', 'matrix fibrosis', 'carver lab', 'used examine', 'heart function', 'gene expression', 'exposure alcohol', 'heart particularly', 'correlated heart', 'others cell', 'regulated heart', 'seen alcohol', 'heart disease', 'behavior gene', 'model used', 'focused understanding', 'heart produced', 'room garner', 'cell interconnected', 'function extracellular', 'ferry road', 'known affect', 'infarction increased', 'contractile muscle', 'produced largely', 'non muscle', 'affect cardiovascular', 'culture animal', 'heart composed', 'excessive accumulation', 'fibroblast cardiovascular', 'particularly interested', 'school medicine', 'associated hypertension', 'extracellular matrix', 'excessive accumulation extracellular matrix fibrosis commonly associated hypertension myocardial infarction increased accumulation extracellular matrix seen fibrosis result stiffer myocardium', 'alters heart function extracellular matrix heart produced largely cardiac fibroblast dr carver lab focused understanding fibroblast behavior gene expression regulated heart particularly interested chronic exposure alcohol seen alcohol abuse result myocardial fibrosis cell culture animal model used examine regulation fibroblast cardiovascular disease', 'organization extracellular', 'cell non', 'wall heart', 'regulation fibroblast', 'endothelial cell others cell interconnected supported elaborate extracellular matrix change density organization extracellular matrix known affect cardiovascular performance correlated heart disease instance', 'myocardial fibrosis', 'seen fibrosis', 'largely cardiac', 'endothelial cell', 'school medicine bldg room garner ferry road columbia', 'increased accumulation', 'alcohol abuse', 'sc ventricular', 'muscle cell', 'garner ferry', 'cell others', 'alcohol seen', 'understanding fibroblast', 'cardiovascular disease', 'matrix known', 'ventricular wall', 'dr carver', 'supported elaborate', 'change density', 'hypertension myocardial', 'interconnected supported', 'composed contractile', 'fibrosis cell', 'bldg room', 'lab focused', 'fibroblast dr', 'interested chronic', 'examine regulation', 'type including', 'disease instance'}"
22,"Chandrashekhar, MVS","{'plasmonics', 'graphene', 'chemistry', 'epitaxy', 'sic'}"
23,"Chao, Yuh J. ","{'buckling quasi', 'impact mechanic', 'zhu shiyang', 'vessel technology', 'vol', 'june wang', 'dukaifan', 'system cao', 'fracture fatigue material structure', 'yinbiao niffenegger', 'experimental study', 'uniaxial biaxial', 'biaxial loading', 'hao peng', 'welding modeling residual stress distortion', 'shell axial', 'wang bo', 'quasi perfect', 'markus chao', 'fracture fatigue', 'asme journal pressure vessel technology', 'international journal', 'journal pressure', 'cylindrical shell', 'assessment specimen', 'june wang bo', 'solid structure', 'residual stress', 'cell system', 'modeling residual', 'xiangtao', 'biomechanics nanomechanics', 'loading condition', 'compression combined', 'pem fuel', 'bi xiangju', 'constraint assessment specimen tested uniaxial biaxial loading condition', 'yuh', 'material structure', 'failure criterion', 'buckling quasi perfect cylindrical shell axial compression combined experimental numerical investigation', 'chao yuh', 'fatigue material', 'asme journal', 'mechanic material', 'stress distortion', 'chao theoretical', 'pressure vessel', 'axial compression', 'chen bingquan', 'perfect cylindrical', 'dr chao', 'welding modeling', 'specimen tested', 'international journal solid structure', 'study failure', 'durability pem fuel cell system cao', 'material characterization', 'theoretical experimental', 'experimental numerical', 'impact mechanic material characterization failure criterion', 'dr chao theoretical experimental study failure', 'combined experimental', 'constraint assessment', 'numerical investigation', 'guian', 'durability pem', 'journal solid', 'fuel cell', 'tested uniaxial', 'yupeng qian', 'characterization failure'}"
24,"Chaudhry, Hanif","{'hydraulic transient', 'water resource engineering', 'hydraulic engineering', 'resource engineering', 'water resource'}"
25,"Chen, Fanglin (Frank)","{'ionic electronic conducting ceramic', 'solid oxide', 'structure property relationship', 'oxide fuel', 'separation membrane', 'gas separation membrane', 'ionic electronic', 'dr chen', 'property relationship', 'solid oxide electrolysis cell', 'chen synthesis', 'conversion storage', 'material energy', 'structure property', 'oxide electrolysis', 'characterization material', 'composition', 'electronic conducting', 'electrolysis cell', 'gas separation', 'energy conversion', 'catalysis electrocatalysis', 'dr chen synthesis characterization material energy conversion storage', 'synthesis characterization', 'conducting ceramic', 'fuel cell', 'solid oxide fuel cell'}"
26,"Chen, Yinchao","{'sc', 'main streetcolumbia', 'swearingenroom main', 'swearingenroom main streetcolumbia'}"
27,"Chen, Yuche","{'aiaugmented simulation', 'emerging technology', 'data sensing', 'sensing analytics', 'data sensing analytics'}"
28,"Cheng, Xu","{'kit germany', 'cheng ha', 'paper main', 'director division', 'innovative nuclear', 'teaching experience', 'student ha', 'experience currently', 'prof cheng', 'system kit', 'phd student', 'student kit', 'year teaching', 'professor karlsruhe', 'sjtu china', 'karlsruhe institute', 'director division innovative nuclear system kit ha supervised supervising phd student kit sjtu give lecture undergraduate master student ha published paper main field nuclear thermal hydraulics nuclear safety', 'division innovative', 'prof cheng ha year experience year teaching experience currently professor karlsruhe institute technology kit germany shanghai jiao tong sjtu china', 'kit ha', 'tong sjtu', 'germany shanghai', 'published paper', 'nuclear system', 'shanghai jiao', 'sjtu give', 'ha year', 'institute technology', 'main field', 'ha published', 'field nuclear', 'jiao tong', 'supervised supervising', 'nuclear thermal', 'kit sjtu', 'currently professor', 'master student', 'nuclear safety', 'thermal hydraulics', 'hydraulics nuclear', 'undergraduate master', 'lecture undergraduate', 'ha supervised', 'year experience', 'technology kit', 'supervising phd', 'give lecture', 'experience year'}"
29,"Cole, Casey","{'bioinformatics', 'computational biology'}"
30,"Coman, Paul","{'thermodynamics', 'liion safety'}"
31,"Crichigno, Jorge","{'science dmz', 'programmable switch', 'iot security'}"
32,"Cui, Taixing","{'ehime school medicine', 'school medicine bldg room garner ferry road columbia', 'school medicine', 'ehime school', 'road columbia', 'fourth military', 'military medical', 'japan', 'ferry road', 'fourth military medical', 'medicine bldg', 'r china', 'room garner', 'sc', 'molecular medicine', 'bldg room', 'garner ferry'}"
33,"De Backer, Wout","{'fused deposition modeling', 'deposition modeling', 'additive manufacturing', 'fused deposition', 'printing'}"
34,"Deng, Xiaomin ","{'molecular dynamic simulation', 'process simulation', 'modeling simulation', 'dynamic simulation', 'manufacturing process', 'molecular dynamic', 'solid mechanic', 'finite element', 'manufacturing process simulation'}"
35,"Devereux, Emily","{'administrator year', 'ranking perceived', 'bias funding', 'strategic planning', 'economic development', 'administrative capacity', 'dependency theory', 'federal foundation', 'enables institution', 'review enables', 'signal competitiveness', 'capacity reputation', 'funding review', 'student growth', 'funding sponsor', 'resource dependency', 'reputation goal', 'process based', 'year administration', 'community economic', 'past year', 'institution signal', 'agency review', 'perceived bias', 'administration focused', 'review process', 'ha concentrated', 'senior administrator', 'national ranking', 'foundation agency', 'bias federal', 'agent resource', 'past year administration leadership experience ha concentrated strategic growth', 'leadership experience', 'sponsor based', 'based principal', 'principal agent', 'experience ha', 'administration focused national ranking perceived bias funding review process based administrative capacity reputation goal identify contributes perceived bias federal foundation agency review enables institution signal competitiveness funding sponsor based principal agent resource dependency theory', 'administration leadership', 'identify contributes', 'administration community', 'strategic growth', 'development', 'senior administrator year administration community economic development', 'concentrated strategic', 'focused national', 'goal identify', 'based administrative', 'contributes perceived', 'competitiveness funding'}"
36,"Dillon, Anthony L","{'instructor undergraduate', 'public sector', 'business partnership', 'suite', 'iit mhit', 'clinical instructor', 'mhit program', 'private public', 'numerous business', 'information technology', 'innovation assembly', 'innovation assembly street', 'sc dillon', 'integrated information', 'within private', 'within iit', 'assembly street', 'technology brings', 'sector related', 'program within', 'sc dillon director internship department integrated information technology clinical instructor undergraduate graduate program within iit mhit program ha worked within private public sector related educational technology brings numerous business partnership relationship', 'related educational', 'brings numerous', 'worked within', 'department integrated', 'undergraduate graduate', 'ha worked', 'internship department', 'program ha', 'technology clinical', 'director internship', 'dillon director', 'educational technology', 'graduate program', 'partnership relationship'}"
37,"Dougal, Roger A.","{'number undergraduate', 'seek insert', 'activity related', 'oversees usc', 'director electric', 'level advanced', 'electrochemical power source', 'coordination activity member school prof dougal also site director new nsf sponsored industry cooperative center grid connected advanced power electronic system grape joint project usc arkansas seek insert greater level advanced power electronics utility power grid better realize smart grid since', 'principally focus', 'control dr dougal currently supervises dozen graduate student', 'member board', 'greater level', 'dougal member', 'study electric', 'sc dougal lead power energy system group', 'several post doctoral scholar faculty', 'system environment', 'virtual test', 'new power', 'director new', 'dougal currently', 'simulation virtual', 'associated technology', 'overseen development', 'doctoral scholar', 'number engineering', 'site director', 'supervises dozen', 'prof dougal ha overseen development virtual test bed software', 'hybrid power source', 'better realize', 'smart grid', 'comprehensive simulation virtual prototyping environment multidisciplinary dynamic system environment applied study electric system navy ship', 'applied study', 'swearingenroom main street columbia', 'dougal also', 'consortium esrdc', 'environment multidisciplinary', 'connected advanced', 'related new', 'usc arkansas', 'capacity oversees', 'system grape', 'encompasses wide', 'swearingenroom main', 'sc dougal', 'office naval', 'cooperative center', 'post doctoral', 'range associated', 'dougal ha', 'test bed', 'nsf sponsored', 'ha overseen', 'arkansas seek', 'grape joint', 'grid better', 'sponsored industry', 'principally focus power electronics also encompasses wide range associated technology across number engineering department dr dougal member board director electric ship development consortium esrdc', 'electronics utility', 'currently supervises', 'processing', 'street columbia', 'power electronics', 'distribution technology ship', 'control dr', 'board director', 'power source', 'grid connected', 'power grid', 'lead power', 'distribution technology', 'ship development', 'capacity oversees usc activity related new power generation', 'electric system', 'engineering department', 'across number', 'prof dougal', 'dr dougal', 'several post', 'electronics also', 'comprehensive simulation', 'virtual prototyping', 'graduate student', 'new nsf', 'electrochemical power', 'dozen graduate', 'energy system', 'activity member', 'scholar faculty', 'main street', 'development virtual', 'number undergraduate researcher', 'department dr', 'school prof', 'sponsorship office naval', 'technology ship', 'development consortium', 'usc activity', 'also encompasses', 'member school', 'insert greater', 'undergraduate researcher', 'coordination activity', 'environment applied', 'advanced power', 'power generation', 'electric ship', 'wide range', 'dougal lead', 'multidisciplinary dynamic', 'project usc', 'industry cooperative', 'prototyping environment', 'bed software', 'system navy', 'also site', 'system group', 'joint project', 'navy ship', 'hybrid power', 'utility power', 'power energy', 'sponsorship office', 'power electronic', 'electronic system', 'center grid', 'realize smart', 'grid since', 'focus power', 'dynamic system', 'technology across'}"
38,"Downey, Austin","{'realtime system', 'structural health', 'structural health monitoring', 'health monitoring'}"
39,"Dryer, Frederick  L. ","{'gas phase', 'including chlorine', 'dryer current', 'interaction including', 'kinetic property', 'particulate emission', 'ability address', 'fire safety', 'safety related', 'gas turbine', 'hazardous waste', 'heat transfer', 'issue earth', 'related issue', 'chemical kinetics', 'related ground', 'micro gravity', 'solid phase', 'ha year', 'environment solid', 'sc dryer', 'safety dr', 'phenomenon nano', 'fossil renewable', 'ability address energy security reduction net carbon cycle emission well pollutant concern fire safety related issue earth micro gravity environment solid phase gas phase interaction related particle burning phenomenon nano catalyst material emission internal combustion engine', 'pollutant mitigation', 'fuel oil', 'combustion related', 'diesel', 'related particle', 'physical chemistry', 'heavy fuel oil combustion property non petroleum derived alternative fuel', 'dryer ha', 'alternative fuel', 'fundamental experience', 'kinetics relevant', 'relevant space', 'phase gas', 'sc dryer ha year application driven fundamental experience thermal science heat transfer', 'stationary power', 'material related', 'experience thermal', 'phase interaction', 'well pollutant', 'derived fuel', 'generation abatement', 'fire safety dr dryer current chemistry chemical kinetics fuel hazardous waste material related ignition', 'net carbon', 'production', 'gravity environment', 'emission generation abatement petroleum derived fuel', 'conversion related', 'related ignition', 'emission generation', 'chemistry chemical', 'driven fundamental', 'combustion related pollutant mitigation', 'reduction net', 'application driven', 'internal combustion', 'incineration', 'chemical kinetic property', 'pollutant concern', 'ash metal', 'transportation stationary', 'material emission', 'effect stationary', 'waste material', 'fossil renewable energy conversion related ground transportation stationary power generation', 'kinetics fuel', 'main street', 'oil combustion', 'address energy', 'renewable energy', 'concern fire', 'stationary energy', 'chemical kinetics relevant space air breathing propulsion', 'space air', 'breathing propulsion', 'sulfur ash', 'related pollutant', 'combustion', 'burning phenomenon', 'fuel hazardous', 'year application', 'emission internal', 'interaction related', 'abatement petroleum', 'ground transportation', 'rm carolinacolumbia', 'nitrogen oxide', 'power generation', 'non petroleum', 'heavy fuel', 'particle burning', 'energy security', 'aerosol particulate', 'including hydrocarbon', 'property non', 'security reduction', 'earth micro', 'emission interaction', 'thermal science', 'combustion property', 'metal component', 'fluid dynamic', 'aerosol particulate emission interaction including chlorine', 'petroleum derived', 'cycle emission', 'energy conversion', 'catalyst material', 'emission well', 'chemical kinetic', 'air breathing', 'derived alternative', 'chemical processing', 'dr dryer', 'nano catalyst', 'combustion engine', 'including gasoline', 'science heat', 'current chemistry', 'component effect', 'sulfur ash metal component effect stationary energy conversion', 'carbon cycle'}"
40,"Eastman, Caroline M. ","{'ha addressed', 'pi co', 'information retrieval', 'efficient algorithm', 'problem database', 'want information', 'algorithm information', 'professor bowles', 'interaction ha', 'organization search', 'working colleague', 'area ha', 'spectrum problem', 'efficient file', 'file organization', 'user interaction', 'interface user', 'professor eastman focus effective efficient algorithm information retrieval want information', 'focus effective', 'search interface', 'addressed broad', 'efficient file organization search interface user interaction ha also working colleague problem database security pi co director professor bowles nsf experience undergraduate site', 'eastman focus', 'correct find', 'easily quickly find useful correct find work area ha addressed broad spectrum problem', 'easily quickly', 'ha also', 'nsf experience', 'undergraduate site', 'colleague problem', 'database security', 'work area', 'co director', 'bowles nsf', 'director professor', 'also working', 'quickly find', 'effective efficient', 'experience undergraduate', 'retrieval want', 'find useful', 'security pi', 'find work', 'professor eastman', 'useful correct', 'broad spectrum'}"
41,"Eberth, John F.","{'mechanobiology', 'biomedical engineering', 'cardiovascular', 'biomechanics'}"
42,"Ebner, Armin D.","{'high gradient', 'particle fluid', 'consists use', 'technique used', 'element result', 'energized create', 'today major', 'potential hgms', 'hgms found', 'major application', 'ph', 'well rapid', 'small size', 'enough collect', 'technique consists', 'collect particle', 'low magnetism', 'collection manipulation magnetic particle fluid medium', 'use high', 'magnetic field', 'particle small', 'assist magnetic', 'cancer treatment', 'control well', 'field separation', 'collection manipulation', 'fine ferromagnetic', 'magnetic gradient', 'particular emphasis use high gradient magnetic separation hgms principle technique consists use fine ferromagnetic element result application external magnetic field become energized create magnetic gradient large enough collect particle small size low magnetism collection otherwise realized today major emphasis potential hgms found medical area technique used assist magnetic drug targeting cancer treatment', 'otherwise realized', 'area technique', 'result application', 'major emphasis', 'realized today', 'ferromagnetic element', 'application magnetic', 'restenosis', 'magnetism collection', 'found medical', 'ebner major', 'field become', 'embolization control well rapid detoxification', 'ebner major application magnetic field separation', 'use fine', 'collection otherwise', 'magnetic particle', 'emphasis potential', 'chile', 'manipulation magnetic', 'gradient large', 'principle technique', 'application external', 'catholic chile', 'large enough', 'used assist', 'emphasis use', 'create magnetic', 'medical area', 'separation hgms', 'gradient magnetic', 'targeting cancer', 'embolization control', 'external magnetic', 'magnetic separation', 'become energized', 'magnetic drug', 'drug targeting', 'particular emphasis', 'fluid medium', 'hgms principle', 'rapid detoxification', 'size low'}"
43,"Eslambolchi Moghadam, Sara","{'medicinal plant', 'wound healing', 'natural product', 'drug discovery'}"
44,"Fan, Daping","{'killer united', 'whose interaction malignant cell determines aggressiveness tumor myeloid cell tme mainly myeloid derived suppressor cell mdscs', 'tumor associated macrophage tam advanced tumor', 'cause heart', 'medicine bldg', 'goal laboratory', 'promote atherogenesis', 'condition macrophage', 'derived suppressor', 'due unique', 'cell mdscs', 'thrombosis direct', 'form vicious', 'manipulate improve', 'receptor tlr', 'plaque resulting', 'suppressor cell', 'formation inflammatory', 'complex signaling network tune dynamic function myeloid cell favor cancer progression focused understanding signal network developing strategy manipulate improve cancer treatment', 'tune dynamic', 'function myeloid', 'sc rupture vulnerable atherosclerotic plaque resulting thrombosis direct cause heart attack stroke', 'homeostasis controlling', 'signal network', 'road columbia', 'determines aggressiveness', 'deposit disease', 'atherosclerosis lipid', 'strategy disrupt', 'lipid deposit', 'macrophage tam', 'macrophage cholesterol', 'developing strategy', 'improve cancer', 'tumor myeloid', 'progression focused', 'well dominant', 'macrophage inflammation', 'dominant inflammation', 'advanced tumor', 'disrupt vicious', 'complex signaling', 'cholesterol homeostasis', 'atherogenesis macrophage', 'tumor microenvironment', 'cancer treatment', 'sink well', 'focused understanding', 'tlr ligand', 'plaque restoring', 'many developed', 'room garner', 'inflammation machine', 'major cell', 'foam cell', 'promote regression', 'cell component', 'unusual metabolic profile', 'regression atherosclerotic', 'cholesterol sink', 'atherogenesis goal', 'component tumor', 'chemokines toll', 'unique feature', 'ferry road', 'atherosclerotic plaque', 'strategy manipulate', 'associated macrophage', 'united state', 'direct cause', 'machine atherogenesis', 'inflammatory response', 'toll like', 'network tune', 'myeloid derived', 'country atherosclerosis', 'unusual metabolic', 'inflammatory condition', 'cytokine chemokines', 'aggressiveness tumor', 'whose interaction', 'mainly myeloid', 'microenvironment tme', 'dynamic function', 'school medicine', 'response form', 'abundance cytokine chemokines toll like receptor tlr ligand', 'primary cholesterol', 'macrophage foam', 'tme including', 'signaling network', 'cycle promote', 'attack stroke', 'dendritic cell', 'interaction malignant', 'vicious cycle', 'cell tme', 'tam advanced', 'feature tme', 'school medicine bldg room garner ferry road columbia', 'cell determines', 'garner ferry', 'chronic inflammatory', 'cell major', 'controlling macrophage', 'favor cancer', 'network developing', 'laboratory develop', 'developed country', 'including hypoxia', 'understanding signal', 'rupture vulnerable', 'macrophage primary', 'cell formation', 'develop strategy', 'inflammation myeloid', 'cell favor', 'restoring macrophage', 'malignant cell', 'heart attack', 'resulting thrombosis', 'abundance cytokine', 'myeloid cell', 'tme mainly', 'killer united state many developed country atherosclerosis lipid deposit disease chronic inflammatory condition macrophage primary cholesterol sink well dominant inflammation machine atherogenesis macrophage foam cell formation inflammatory response form vicious cycle promote atherogenesis goal laboratory develop strategy disrupt vicious cycle promote regression atherosclerotic plaque restoring macrophage cholesterol homeostasis controlling macrophage inflammation myeloid cell major cell component tumor microenvironment tme', 'tumor associated', 'disease chronic', 'sc rupture', 'bldg room', 'metabolic profile', 'state many', 'like receptor', 'due unique feature tme including hypoxia', 'cancer progression', 'vulnerable atherosclerotic'}"
45,"Farkas, Csilla ",{'information security'}
46,"Farouk, Tanvir   I.","{'energy', 'multiphysics modeling', 'thermalfluid science', 'combustion', 'plasma'}"
47,"Fenner, Stephen A. ","{'professor fenner', 'professor fenner core theoretical foundation computing computability computational complexity', 'computability computational', 'quantum computing', 'core theoretical', 'computational complexity', 'especially quantum', 'foundation computing', 'computing computability', 'fenner core', 'theoretical foundation', 'computing information', 'especially quantum computing information'}"
48,"Fiedler, Kirk","{'business', 'computer science'}"
49,"Flora, Joseph","{'computer modeling', 'process water quality engineering', 'computer modeling water quality engineering process', 'modeling water', 'quality engineering', 'molecular modeling', 'process water', 'modeling environmental', 'environmental reaction', 'main molecular', 'engineering process', 'water quality', 'dr flora main molecular modeling environmental reaction', 'dr flora', 'flora main'}"
50,"Gadala-Maria, Francis","{'stanford', 'engineering centerroom', 'engineering centerroom main streetcolumbia', 'main streetcolumbia', 'sc', 'centerroom main'}"
51,"Gassman, Sarah","{'geotechnical', 'civil', 'engineering'}"
52,"Gatzke, Edward P.","{'formulation involving', 'constrained mixed', 'improve productivity', 'used develop', 'proposed application', 'taking discrete', 'parallel programming', 'branch reduce', 'efficient operation', 'characteristic variety', 'effort mixed', 'large scale system', 'new moving', 'sc gatzke area process modeling', 'particulate processing', 'develop process', 'process modeling', 'unknown value', 'optimization efficient', 'area particulate', 'sc gatzke', 'nonconvex nonseparable', 'room main', 'operation chemical', 'understanding dynamic', 'optimization problem', 'scale system', 'variety controller', 'value proposed', 'product variability', 'reduce method', 'easily directly', 'method used', 'new moving horizon formulation involving unknown value taking discrete value proposed application require online solution constrained mixed integer optimization problem ongoing effort parallel programming effort mixed integer optimization', 'integer optimization', 'street columbia', 'reduce product', 'control', 'including parallel nonconvex nonseparable mixed integer outer approximation parallel nonconvex branch reduce method application area particulate processing', 'involving unknown', 'discrete value', 'mixed integer', 'outer approximation', 'require online', 'value taking', 'nonconvex branch', 'nonseparable mixed', 'gatzke area', 'acquired instrumentation', 'parallel nonconvex', 'solution constrained', 'main street', 'programming effort', 'large scale', 'variability improve', 'moving horizon', 'diagnostic method', 'developed reduce', 'area process', 'process information', 'effort parallel', 'information easily', 'estimation diagnostic', 'requires fundamental', 'optimization efficient operation chemical process requires fundamental understanding dynamic nonlinear characteristic variety controller formulation developed reduce product variability improve productivity estimation diagnostic method used develop process information easily directly acquired instrumentation recently', 'application require', 'online solution', 'nonlinear characteristic', 'including parallel', 'approximation parallel', 'directly acquired', 'fundamental understanding', 'application area', 'productivity estimation', 'process requires', 'horizon formulation', 'integer outer', 'bio process', 'room main street columbia', 'problem ongoing', 'ongoing effort', 'formulation developed', 'controller formulation', 'method application', 'chemical process', 'dynamic nonlinear', 'instrumentation recently'}"
53,"Gerdes, Jr., John H.","{'suite', 'article appeared', 'authored two', 'associate editor', 'shanghai', 'c teach', 'certificate support', 'information system', 'ithaca', 'management dr', 'science vanderbilt', 'lehigh', 'one development', 'jia tong', 'ha taught', 'vanderbilt', 'user privacy', 'ph information', 'measurement coke', 'professor department', 'china article appeared communication acm', 'computer science vanderbilt', 'tenn b', 'public key', 'software development', 'coke temperature', 'pa eng', 'computer science', 'journal ha authored two patent', 'gerdes associate', 'innovation assembly', 'assembly street', 'system vanderbilt', 'database management dr gerdes hold b eng mechanical engineering cornell', 'eng mechanical', 'ha authored', 'department integrated', 'appeared communication', 'support system', 'decision support system', 'hold b', 'gerdes hold', 'electronic commerce', 'columbia', 'site development', 'ohio state', 'dr gerdes', 'california riverside', 'privacy currently', 'support user', 'telecommunication system', 'commerce telecommunication', 'innovation assembly street', 'integrated information', 'mechanical engineering', 'dr john gerdes associate professor department integrated information', 'web site development', 'b eng', 'sc', 'engineering cornell', 'associate professor', 'web site', 'dr john', 'vanderbilt ha', 'journal ha', 'one dealign measurement coke temperature', 'one dealign', 'new public', 'john gerdes', 'taught ohio', 'decision support', 'two patent', 'database management', 'cornell', 'china article', 'key certificate', 'development new', 'communication acm', 'c teach software development', 'one development new public key certificate support user privacy currently associate editor electronic commerce telecommunication system', 'teach software', 'transaction iie', 'nashville', 'tenn', 'currently associate', 'editor electronic', 'bethlehem', 'ph information system vanderbilt ha taught ohio state', 'dealign measurement'}"
54,"Gholizadeh, Sona","{'system analysis', 'engineering education', 'higher education'}"
55,"Gibbons, Joseph H.","{'ph', 'pittsburgh'}"
56,"Ginn, Herbert L.","{'main street', 'carolinamississippi state', 'swearingenroom main street columbia', 'swearingenroom main', 'sc carolinamississippi state', 'street columbia', 'sc carolinamississippi'}"
57,"Giurgiutiu (Jurjutzu), Victor","{'physic applied', 'mechanic topic', 'multi physic', 'mechanical engineer', 'dr giurgiutiu', 'chapter many', 'active material', 'structural health', 'giurgiutiu span', 'book chapter', 'american society', 'multi physic applied mechanic topic dr giurgiutiu ha published several book book chapter many journal article conference paper fellow royal aeronautical society raes american society mechanical engineer asme associate editor aeronautical journal raes', 'associate editor', 'royal aeronautical', 'dr giurgiutiu span active material', 'smart structure', 'conference paper', 'published several', 'health monitoring', 'journal raes', 'journal article', 'topic dr', 'article conference', 'aeronautical journal', 'span active', 'mechatronics', 'editor aeronautical', 'applied mechanic', 'society mechanical', 'ha published', 'aeronautical society', 'several book', 'asme associate', 'many journal', 'fellow royal', 'society raes', 'giurgiutiu ha', 'structural health monitoring', 'paper fellow', 'engineer asme', 'book book', 'raes american'}"
58,"Glenn Jr., Odell","{'asthma trigger', 'essential oil', 'education along', 'fundamental key', 'involved development', 'new unique', 'dry ice', 'technology abatement', 'allergen bound', 'trigger produced', 'elisa assay', 'fundamental aspect', 'aspect novel', 'oil cfd', 'passion education', 'effectiveness using', 'reduce potency', 'assay wa', 'investigated present', 'produced indoor', 'engineering education', 'home effectiveness', 'protein involved', 'novel technology', 'investigating new', 'educator student', 'indoor environment', 'essential oil cfd modeling elisa assay wa investigated present passion education along engineering education investigating new unique way teach undergraduate core fundamental key educator student', 'modeling elisa', 'present passion', 'bound dry', 'particle home', 'abatement allergenic', 'allergenic protein', 'undergraduate core', 'approach potentially', 'dust particle', 'along engineering', 'education investigating', 'way teach', 'using dry', 'key educator', 'environment allergen', 'fundamental aspect novel technology abatement allergenic protein involved development approach potentially reduce potency asthma trigger produced indoor environment allergen bound dry dust particle home effectiveness using dry ice', 'potentially reduce', 'core fundamental', 'potency asthma', 'development approach', 'wa investigated', 'unique way', 'cfd modeling', 'teach undergraduate', 'dry dust'}"
59,"Goharian, Erfan","{'integrated water', 'integrated water resource management', 'system analysis', 'resource management', 'hydroinformatics', 'water resource'}"
60,"Gower, R. Michael","{'immunoengineering', 'biomaterials'}"
61,"Gray, Joshua","{'ranging educational', 'member adjunct', 'several start', 'used nuclear', 'art experience', 'founder nonprofit', 'use disorder', 'development alternative separation process used nuclear fuel', 'area material', 'area fuel', 'heat transfer', 'corrosion sustainable', 'laboratory system', 'process used', 'liberal art', 'school chemical', 'currently co', 'professor working', 'profit social', 'separation process', 'national laboratory', 'worked area', 'engineering localized', 'supported liberal', 'serving mentor', 'mentoring role', 'fluid solar', 'diverse background', 'experienced engineer diverse background ranging educational instruction mentoring role', 'cell application', 'battery component', 'solar energy', 'temperature heat', 'energy application', 'committee member', 'storage fuel', 'educational role', 'based non', 'social work', 'experience primarily', 'extensive experience development environment', 'participated several', 'transfer fluid', 'instruction mentoring', 'ups community', 'development environment', 'community based', 'high temperature', 'fuel cell', 'primarily involves', 'entrepreneurial start ups community based non profit social work educational role range experience teaching assistant graduate school chemical engineering laboratory', 'department state', 'recovery substance', 'working national', 'graduate school', 'laboratory manager', 'nuclear fuel', 'serving laboratory manager instructor chemistry department state supported liberal art experience primarily involves application electrochemical engineering localized corrosion sustainable energy application worked area material compatibility corrosion susceptibility high temperature heat transfer fluid solar energy', 'currently co founder nonprofit area recovery substance use disorder', 'experience development', 'manager instructor', 'entrepreneurial start', 'application worked', 'state supported', 'range experience', 'application electrochemical', 'nonprofit area', 'non profit', 'extensive experience', 'hydrogen storage fuel cell application', 'experienced engineer', 'work educational', 'ups area', 'co founder', 'role range', 'experience teaching', 'mentor thesis', 'susceptibility high', 'component characterization', 'start ups', 'teaching assistant', 'chemistry department', 'storage technology', 'development alternative', 'sustainable energy', 'educational instruction', 'material compatibility', 'adjunct professor', 'hydrogen storage', 'compatibility corrosion', 'engineering laboratory', 'characterization participated', 'engineer diverse', 'electrochemical engineering', 'serving mentor thesis committee member adjunct professor working national laboratory system', 'battery component characterization participated several start ups area fuel cell hydrogen storage technology', 'involves application', 'cell hydrogen', 'serving laboratory', 'thesis committee', 'instructor chemistry', 'alternative separation', 'background ranging', 'substance use', 'corrosion susceptibility', 'area recovery', 'assistant graduate', 'chemical engineering', 'localized corrosion'}"
62,"Gross, Andrew J.","{'nanoscale constituent', 'characterization architected material', 'data calibration', 'dr gross', 'gross center', 'material includes', 'mechanical property', 'especially nanoscale', 'experimental data', 'well use', 'constituent well', 'center mechanical', 'architected material', 'dr gross center mechanical property material includes design', 'calibration material', 'field experimental', 'includes design', 'material model', 'especially nanoscale constituent well use full field experimental data calibration material model', 'property material', 'use full', 'fabrication', 'full field', 'characterization architected'}"
63,"Gumina, Sharon","{'routing switching', 'sql developer', 'experience developer', 'developer oracle', 'educator information', 'operation routing', 'center assembly', 'cyber security', 'ccna ccna', 'suite office columbia', 'authorized cybersecurity', 'information technology', 'network authorized', 'developer using', 'educator information technology cisco academy instructor cyber security operation routing switching ccna ccna', 'analyst', 'security operation', 'suite office', 'version developer', 'assembly street', 'alto network', 'innovation center assembly street', 'academy instructor', 'sc year experience developer', 'palo alto', 'various tool', 'cisco academy', 'visual studio', 'tool including', 'cybersecurity academy', 'including sql', 'studio palo', 'version developer using various tool including sql developer oracle visual studio palo alto network authorized cybersecurity academy instructor', 'technology cisco', 'using various', 'sc year', 'switching ccna', 'oracle visual', 'office columbia', 'instructor cyber', 'year experience', 'innovation center'}"
64,"Gürdal, Zafer ","{'multidisciplinary design', 'structural multidisciplinary', 'structural multidisciplinary design'}"
65,"Haj-Hariri, Hossein ","{'fluid mechanic', 'thermal management', 'applied mathematics'}"
66,"Harik, Ramy","{'held columbia', 'dr harik textbook manufacturing education featuring traditional emergent manufacturing topic', 'aerospace conference', 'chair ace', 'textbook manufacturing', 'international journal', 'sigma honor', 'conducting automated fiber placement education join mechanical engineering master science', 'ha million', 'automated manufacturing', 'design cad', 'scientist nasa', 'associate editor', 'manufacturing topic', 'pi tau', 'industrial mechanical', 'resident researcher', 'faculty member department mechanical engineering resident researcher mcnair center aerospace innovation currently visiting scientist nasa langley', 'computer aided', 'technical symposium', 'technology master', 'award pi', 'million usd', 'education featuring', 'manufacturing computer aided manufacturing cam dr harik associate editor computer aided design application international journal ha million usd funding boeing', 'mcnair center', 'master science', 'fiber placement', 'funded student', 'course computer', 'department commerce', 'plm international', 'automated fiber', 'society dr', 'dr harik', 'honor society', 'researcher mcnair', 'featuring traditional', 'cam dr', 'manufacturing education', 'manufacturing cam', 'dassault aviation', 'conference held', 'automated manufacturing engineering technology master science industrial mechanical engineering doctor philosophy mainly teach course computer aided design cad', 'wa chair', 'nasa', 'design application', 'teach course', 'philosophy mainly', 'sc department', 'manufacturing computer', 'currently visiting', 'engineering resident', 'fulbright scholar', 'member department', 'aviation funded', 'international conference', 'conducting automated', 'outstanding young', 'nasa langley', 'innovation currently', 'education join', 'mechanical engineering', 'harik textbook', 'exhibition wa', 'fokker aerostructures', 'dassault aviation funded student several agency recipient outstanding young educator award pi tau sigma honor society dr harik chair ace', 'student several', 'ace technical', 'center aerospace', 'join mechanical', 'harik chair', 'ace ace technical symposium aerospace conference exhibition wa chair plm international conference held columbia', 'journal ha', 'science industrial', 'harik associate', 'emergent manufacturing', 'sc department commerce', 'faculty member', 'ace ace', 'traditional emergent', 'aerospace innovation', 'young educator', 'aided design', 'several agency', 'engineering master', 'funding boeing', 'conference exhibition', 'educator award', 'engineering doctor', 'doctor philosophy', 'manufacturing engineering', 'usd funding', 'visiting scientist', 'agency recipient', 'placement education', 'editor computer', 'department mechanical', 'symposium aerospace', 'recipient outstanding', 'tau sigma', 'engineering technology', 'application international', 'mainly teach', 'chair plm', 'aided manufacturing'}"
67,"Henrich, Silke","{'biomedical catawba stroom', 'biomedical catawba', 'catawba stroom'}"
68,"Heyden, Andreas","{'uncertainty quantification', 'multiscale modeling', 'electrocatalysis', 'computational catalysis', 'biomass catalysis'}"
69,"Hikmet, Neset","{'health information', 'health information technology', 'information technology', 'health informatics', 'information system'}"
70,"Hoque, Shamia","{'sustainable technology', 'healthy building', 'transportation environment', 'metamodel'}"
71,"Hu, Jianjun","{'bioinformatics', 'material informatics', 'evolutionary computation', 'deep learning', 'machine learning'}"
72,"Hu, Ming","{'thermal transport', 'novel energy', 'energy nanotechnology', 'transport process', 'multi scale', 'advanced thermal', 'transport novel', 'modeling simulation', 'energy system', 'dr hu', 'complex energy', 'transfer advanced', 'process full', 'heat transfer', 'modeling complex', 'interfacial heat', 'list publication', 'particular low', 'multi scale multiphysics modeling complex energy transport process full list publication', 'dr hu modeling simulation micro nano scale thermal transport novel energy system', 'dimensional material', 'hu modeling', 'low dimensional', 'multiphysics modeling', 'full list', 'scale thermal', 'energy transport', 'material nanostructures', 'interfacial heat transfer advanced thermal management', 'nano scale', 'micro nano', 'simulation micro', 'scale multiphysics', 'thermal management', 'particular low dimensional material nanostructures'}"
73,"Huang, Chin-Tser","{'distributed system', 'network protocol', 'protocol design', 'network security', 'network protocol design verification', 'design verification'}"
74,"Huang, Kevin ","{'electrochemistry', 'gas membrane', 'fuel cell', 'modeling', 'battery'}"
75,"Huang, Xinyu ","{'durability', 'coating', 'fuel cell', 'composite'}"
76,"Huhns, Michael N.","{'computer vision', 'ontology', 'serviceoriented computing', 'multiagent system', 'distributed computing'}"
77,"Humphries, Wilfred Kenneth","{'including order', 'deep shallow foundation', 'palmetto highest', 'rank fellow', 'flexible pavement', 'engineering community', 'geotechnical consultant', 'rank fellow asce nspe', 'national engineering', 'retaining wall', 'highest honor', 'public service', 'employee year', 'among others', 'letalier cup', 'service award', 'wall present', 'engineering firm', 'practice soil', 'national engineering firm approximately', 'professional practice soil dynamic', 'soil stabilization', 'soil dynamic', 'humphries service', 'effect blasting', 'engineer year', 'public service award', 'employee location city recognition dr humphries service engineering community', 'received numerous', 'deep shallow', 'government employee year', 'award honor', 'blasting structure', 'professional practice', 'senior geotechnical', 'ha received numerous award honor including order palmetto highest honor', 'dr humphries', 'serf senior', 'lateral earth', 'asce nspe', 'ha received', 'government employee', 'employee location', 'numerous award', 'service engineering', 'honor including', 'fellow asce', 'teaching', 'effect blasting structure', 'recognition dr', 'lateral earth pressure', 'earth pressure', 'city recognition', 'consultant terracon', 'firm approximately', 'humphries serf', 'shallow foundation', 'location city', 'order palmetto', 'dr humphries serf senior geotechnical consultant terracon consultant', 'area', 'inc', 'terracon consultant', 'retaining wall present'}"
78,"Huray, Paul G.","{'sc', 'main streetcolumbia', 'swearingenroom main', 'swearingenroom main streetcolumbia'}"
79,"Huynh, Nathan","{'freight', 'logistics', 'health care', 'port operation', 'drayage'}"
80,"Imran, Jasim","{'numerical experimental modeling', 'turbidity current', 'unsteady free', 'surface flow', 'numerical experimental', 'sediment transport', 'mass gravity flow', 'gravity flow', 'mass gravity', 'free surface', 'unsteady free surface flow', 'experimental modeling'}"
81,"Jabbari, Esmaiel","{'biomaterials', 'protein delivery', 'tissue engineering'}"
82,"Jabbarzadeh, Ehsan","{'biomaterials recapitulate', 'vascular tissue', 'construct single', 'engineering yanez', 'single cell', 'model intercellular', 'appropriate response', 'proliferation differentiation investigation lab revolve around cell sense distinctive type mechanical', 'using natural', 'parallel effort', 'biochemical morphological', 'intercellular signaling', 'jabbarzadeh', 'output associated', 'pharmaceutical design', 'modulation inflammatory response implanted biomaterials using natural compound', 'distinctive type', 'work complemented', 'effort construct', 'response work', 'design engineering', 'differentiation tissue', 'biochemical property', 'cell sense', 'development engineering', 'room main', 'linked signaling', 'tissue engineering', 'mechanism associated', 'implanted biomaterials', 'sc overarching', 'sc overarching theme robust design engineering tissue understanding modeling environmental effect stem cell differentiation tissue remodeling development engineering microenvironments based carbon nanotube array finely controllable biophysical biochemical property investigation molecular mechanism associated cell migration', 'microenvironments based', 'bone vascular', 'mathematical model', 'remodeling development', 'based carbon', 'blanchette', 'tissue remodeling', 'controllable biophysical', 'street columbia', 'application bone', 'carbon nanotube', 'revolve around', 'environmental effect', 'recapitulate key', 'commitment addition', 'modulation inflammatory', 'inflammatory response', 'characteristic natural', 'proliferation differentiation', 'engineering tissue', 'associated fate', 'matrix application', 'lab revolve', 'development biomaterials', 'signaling event', 'investigation molecular', 'extracellular matrix', 'understanding modeling', 'current pharmaceutical', 'biophysical biochemical', 'sense distinctive', 'engineering microenvironments', 'around cell', 'main street', 'molecular mechanism', 'event linked', 'modeling environmental', 'natural compound', 'response implanted', 'morphological cue', 'complemented parallel', 'press', 'investigation lab', 'actively pursuing', 'robust design', 'cue integrate', 'integrate generate', 'type mechanical', 'fate commitment', 'finely controllable', 'theme robust', 'laboratory actively', 'based mathematical', 'natural extracellular', 'laboratory actively pursuing development biomaterials recapitulate key characteristic natural extracellular matrix application bone vascular tissue engineering yanez', 'array finely', 'generate appropriate', 'property investigation', 'current pharmaceutical design', 'nanotube array', 'cell based', 'biochemical morphological cue integrate generate appropriate response work complemented parallel effort construct single cell based mathematical model intercellular signaling event linked signaling output associated fate commitment addition', 'room main street columbia', 'cell migration', 'overarching theme', 'key characteristic', 'tissue understanding', 'associated cell', 'differentiation investigation', 'pursuing development', 'signaling output', 'cell differentiation', 'biomaterials using', 'effect stem', 'stem cell'}"
83,"Jalilvand, Golareh","{'microelectronics ha', 'jalilvand contribution', 'heterogeneous integration', 'lab central', 'ic assisted', 'thermo mechanical', 'uofsc faculty', 'jalilvand assistant', 'green paradigm', 'collaboration department', 'dr golareh', 'circuit ic', 'material interconnection', 'unique electroplating', 'field thin', 'based integration', 'learning method', 'mechanical reliability', 'via tsv', 'platform prior', 'recognized several', 'focused thin', 'thermo mechanical reliability solder joint', 'currently working microstructure optimization via unique electroplating technique enhance reliability ic interconnects', 'microstructure property', 'faculty course', 'microelectronics fabrication', 'sc ph', 'new interconnect', 'worked silicon glass via tsv tgv based integration', 'wa graduate assistant microelectronics fabrication reliability lab central florida', 'fabrication reliability', 'novel material', 'several national', 'dr jalilvand', 'prior joining', 'computer science', 'reliability solder', 'assisted machine', 'jalilvand microstructure', 'professor chemical', 'tgv based', 'dr golareh jalilvand assistant professor chemical engineering department uofsc received sc', 'nano electronics', 'golareh jalilvand', 'course ph', 'enhance reliability', 'uofsc received', 'microstructure optimization', 'material science', 'focused thin film solid oxide fuel cell energy conversion green paradigm', 'international platform', 'reliability ic', 'glass via', 'graduate assistant', 'fuel cell', 'machine learning', 'interconnect material', 'engineering department', 'science engineering', 'method developed', 'solid oxide', 'conversion green', 'cell energy', 'studied new', 'engineering uofsc', 'property relationship', 'technique enhance', 'integration packaging', 'studied new interconnect material dr jalilvand microstructure property relationship interconnects integrated circuit ic assisted machine learning method developed collaboration department computer science engineering uofsc', 'engineering prior', 'department uofsc', 'via unique', 'reliability lab', 'electroplating technique', 'heterogeneous integration packaging micro nano electronics dr jalilvand contribution field thin film integrated microelectronics ha recognized several national international platform prior microelectronics', 'ic interconnects', 'received sc', 'sc ph material science engineering prior joining uofsc faculty course ph', 'micro nano', 'tsv tgv', 'film solid', 'ph material', 'packaging micro', 'novel material interconnection', 'assistant professor', 'film integrated', 'oxide fuel', 'department computer', 'assistant microelectronics', 'thin film', 'interconnects integrated', 'optimization via', 'silicon glass', 'currently working', 'worked silicon', 'working microstructure', 'solder joint', 'prior microelectronics', 'central florida', 'joining uofsc', 'integrated microelectronics', 'energy conversion', 'electronics dr', 'integrated circuit', 'material dr', 'relationship interconnects', 'contribution field', 'ha recognized', 'national international', 'wa graduate', 'developed collaboration', 'chemical engineering'}"
84,"Jamshidi, Pooyan ","{'machine learning system', 'adversarial machine', 'artificial intelligence', 'autonomic computing', 'learning system', 'computer system', 'adversarial machine learning', 'machine learning'}"
85,"Kanapala, Neema ","{'neema kanapala', 'various undergraduate', 'undergraduate course', 'kanapala teach', 'neema kanapala teach various undergraduate course', 'teach various'}"
86,"Karakalos, Stavros G.","{'increase rate', 'electronic property', 'vacuum situ', 'desorption tpd', 'lower activation', 'situ catalytic', 'understanding reaction', 'photoelectron spectroscopy', 'programmed desorption', 'layer solid', 'composition electronic property outermost atomic layer solid material', 'study catalyst', 'synchrotron radiation', 'electronic change', 'electron spectroscopy', 'various heterogeneous', 'mechanism various', 'ultra violet photoelectron spectroscopy ups', 'srpes', 'activation energy', 'catalyst necessity', 'induced auger', 'ray synchrotron', 'temperature programmed desorption tpd', 'system important', 'important order', 'study model', 'achieved creating', 'auger electron', 'spectroscopy xaes', 'atomic layer', 'radiation photoelectron', 'goal catalyst', 'composition electronic', 'understanding reaction mechanism various heterogeneous catalytic process fundamental importance group main goal catalyst increase rate reaction achieved creating new energetic pathway reaction', 'pathway reaction', 'nap xps', 'interaction catalyst', 'new intermediate', 'new energetic', 'catalyst surface', 'necessity group', 'use ray', 'order draw', 'study model system important order draw safe conclusion important information derived study model catalyst surface undergo structural electronic change reaction use efficient technique ultra high vacuum situ study catalyst necessity group use ray synchrotron radiation photoelectron spectroscopy xps', 'use efficient', 'important information', 'violet photoelectron', 'determine structure', 'intermediate lower', 'spectroscopy ups', 'safe conclusion', 'reaction achieved', 'reactant interaction', 'information derived', 'solid material', 'interaction lead', 'reaction use', 'situ study', 'efficient technique', 'energy end', 'ultra violet', 'technique ultra', 'undergo structural', 'catalyst increase', 'reaction mechanism', 'model catalyst', 'spectroscopy sims', 'interaction catalyst reactant interaction lead new intermediate lower activation energy end', 'group use', 'ultra high', 'catalytic treatment', 'rate reaction', 'tprs', 'secondary ion mass spectroscopy sims situ catalytic treatment', 'spectroscopy xps', 'lead new', 'process fundamental', 'structural electronic', 'catalytic process', 'conclusion important', 'group main', 'secondary ion', 'model system', 'energetic pathway', 'creating new', 'temperature programmed', 'importance group', 'draw safe', 'high vacuum', 'surface undergo', 'main goal', 'ray induced', 'heterogeneous catalytic', 'property outermost', 'catalyst reactant', 'ion mass', 'mass spectroscopy', 'derived study', 'outermost atomic', 'fundamental importance', 'sims situ', 'ray induced auger electron spectroscopy xaes', 'change reaction'}"
87,"Karakchi, Rasha","{'specialpurpose processor', 'data analytics', 'fpga overlay', 'heterogeneous computing'}"
88,"Khan, Asif","{'sc', 'main streetcolumbia', 'swearingenroom main', 'swearingenroom main streetcolumbia'}"
89,"Khan, Jamil   A.","{'modeling manufacturing', 'computational experimental', 'manufacturing process', 'dr khan', 'analysis ic', 'combustion process', 'welding', 'change solidification', 'solidification melting', 'transfer porous', 'heat transfer', 'fluid dynamic', 'dynamic related', 'experimental fluid', 'porous medium', 'channel heat', 'ic engine', 'fluid flow', 'contaminant transport', 'temperature distribution', 'cfd analysis combustion process etc', 'khan modeling', 'phase change', 'micro channel heat transfer', 'micro channel', 'temperature distribution machining', 'distribution machining', 'transport room', 'analysis combustion', 'melting casting', 'process etc', 'cfd analysis', 'transfer fluid', 'flow phase', 'dr khan modeling manufacturing process', 'heat transfer fluid flow phase change solidification melting casting', 'thermodynamic analysis ic engine', 'heat transfer porous medium', 'thermodynamic analysis', 'related contaminant', 'computational experimental fluid dynamic related contaminant transport room'}"
90,"Kidane, Addis ","{'digital image correlation', 'multifunctional material', 'dynamic behavior material', 'image correlation', 'digital image', 'dynamic behavior', 'behavior material'}"
91,"Knight, Travis W.","{'knight area', 'power including', 'fuel cycle', 'nuclear fuel', 'nuclear fuel cycle', 'nuclear safeguard', 'including hydrogen', 'space nuclear power propulsion', 'alternative us', 'advanced nuclear', 'dr knight area advanced nuclear fuel material', 'power propulsion', 'space nuclear', 'alternative us nuclear power including hydrogen', 'dr knight', 'nuclear power', 'area advanced', 'fuel material', 'us nuclear'}"
92,"Koppel, Tarmo","{'risk management', 'assistant chatbots', 'industry', 'tarmo koppel', 'health safety', 'safety monitoring', 'decision support', 'ai application', 'productivity enhancement', 'application business', 'topic ai', 'business virtual', 'remote sensing', 'health safety monitoring', 'smart manufacturing', 'sensor network', 'koppel topic', 'internet thing', 'thing iot', 'virtual assistant', 'smart workplace', 'threat assessment risk management', 'threat assessment', 'internet thing iot', 'tarmo koppel topic ai application business virtual assistant chatbots', 'assessment risk'}"
93,"Lauterbach, Jochen","{'heterogeneous catalysis', 'ammonia decomposition synthesis', 'highthroughput screening', 'ammonia decomposition', 'decomposition synthesis', 'conversion', 'machine learning'}"
94,"Lee, Dongkyu","{'nanostructured oxide', 'energy application', 'oxide electrocatalysis'}"
95,"Lessner , Susan M.","{'collaborate faculty', 'elevated risk', 'musc', 'medicine bldg', 'surgeon greenville', 'aim develop', 'rupture leading', 'aim develop method identify patient elevated risk acute cardiovascular syndrome material failure play major role use experimental computational approach understand artery wall failure mechanism collaborate faculty mechanical engineering uofsc', 'use transgenic', 'role use', 'failure mechanism', 'evidence suggests', 'arterial tissue', 'together vascular', 'approach understand', 'emphasis mechanical failure plaque rupture intraplaque angiogenesis atherosclerotic plaque rupture leading cause acute cardiovascular event heart attack stroke evidence suggests plaque rupture result adverse interaction biomechanical biological factor focus understanding interplay type factor', 'biomechanics atherosclerosis', 'new blood', 'plaque rupture', 'expression biomechanics', 'suggests plaque', 'mechano sensitive', 'study micromechanics arterial tissue failure plaque rupture arterial dissection', 'focus vascular', 'sensitive gene', 'mechanical failure', 'new blood vessel growth', 'vessel growth', 'road columbia', 'method identify', 'gene expression', 'syndrome material', 'destabilizing factor plaque progression use transgenic mouse model human endarterectomy specimen examine relationship mechanical loading environment', 'plaque progression', 'sc lessner', 'mechano sensitive gene expression biomechanics front', 'rupture arterial', 'experimental computational', 'wall failure', 'use experimental', 'interested intraplaque', 'room garner', 'specimen examine', 'play major', 'develop method', 'faculty mechanical', 'rupture intraplaque', 'human endarterectomy', 'ferry road', 'incidence plaque', 'factor plaque', 'atherosclerotic plaque', 'micromechanics arterial', 'biology biomechanics', 'examine relationship', 'mechanism collaborate', 'study micromechanics', 'rupture biological', 'arterial dissection', 'endarterectomy specimen', 'angiogenesis atherosclerotic', 'progression use', 'cause acute', 'order develop method reduce incidence plaque rupture biological side', 'reduce incidence', 'particularly interested', 'mouse model', 'understand artery', 'school medicine', 'engineering uofsc', 'risk acute', 'matrix organization', 'understanding interplay', 'cardiovascular event', 'particularly interested intraplaque angiogenesis', 'mechanical engineering', 'blood vessel', 'biological factor', 'order develop', 'attack stroke', 'major role', 'biomechanical biological', 'event heart', 'adverse interaction', 'mechanical loading', 'identify patient', 'patient elevated', 'together vascular surgeon greenville hospital', 'interaction biomechanical', 'school medicine bldg room garner ferry road columbia', 'focus understanding', 'cardiovascular syndrome', 'leading cause', 'garner ferry', 'failure plaque', 'method reduce', 'palmetto health', 'intraplaque angiogenesis', 'stroke evidence', 'sc lessner work focus vascular biology biomechanics atherosclerosis', 'transgenic mouse', 'computational approach', 'artery wall', 'material failure', 'greenville hospital', 'biomechanics front', 'type factor', 'model human', 'vascular surgeon', 'work focus', 'heart attack', 'failure play', 'emphasis mechanical', 'relationship mechanical', 'destabilizing factor', 'factor focus', 'result adverse', 'bldg room', 'loading environment', 'biological side', 'tissue failure', 'acute cardiovascular', 'vascular biology', 'interplay type', 'rupture result', 'lessner work'}"
96,"Lewis, Jeremy ","{'various undergraduate', 'lewis teach', 'undergraduate course', 'jeremy lewis', 'jeremy lewis teach various undergraduate course', 'teach various'}"
97,"Li, Chen ","{'towards controlling', 'controlling two', 'theory towards', 'phase heat', 'transport behavior', 'aim basic', 'phase transport', 'prediction', 'li micro', 'control modeling', 'verifying theory', 'modeling aim', 'developing verifying', 'theory two', 'control modeling aim basic developing verifying theory two phase transport behavior application theory towards controlling two phase heat flow micro nano scale', 'heat flow', 'flow micro', 'dr li', 'basic developing', 'two phase', 'behavior application', 'application theory', 'nano scale', 'micro nano', 'dr li micro nano scale two phase heat flow physic', 'scale two', 'flow physic'}"
98,"Liu, Chang","{'limited high', 'focused isolation', 'future clinical', 'high burden', 'cell type', 'study inform', 'single protein', 'diagnosis treatment', 'biomolecules lipid', 'potential application', 'nanopores capable', 'biomolecule interaction', 'abundance circulating', 'based localized', 'protein peptide', 'ev using', 'similar two', 'biosensors enable', 'diagnostic prognostic', 'thus permit monitoring low abundance circulating biomarkers goal project develop portable vitro diagnostics assay using nanopore technology rapid diagnosis treatment monitoring infectious disease g tuberculosis', 'infectious disease', 'portable vitro', 'two dimensional', 'bilayer contain', 'project translational', 'candidate diagnostic', 'pharmaceutical developing', 'assay using', 'signal nanostructures', 'binding kinetics', 'nanostructure based', 'contain molecular', 'biomarkers goal', 'hiv maternal', 'proteomics genomics', 'biomarkers work', 'capable ultrasensitive', 'project nanostructure', 'inform medical', 'tuberculosis risk', 'diagnostics resource', 'including tumor', 'rna dna fragment reflect phenotypic state cell origin biomolecules excellent candidate diagnostic prognostic biomarkers work ha focused isolation circulating ev using nanomaterials microfluidics based technology', 'detection active', 'identification novel', 'detection personalized', 'project point care diagnostics resource limited setting nanopores capable ultrasensitive quantitation single protein peptide', 'origin biomolecules', 'excellent candidate', 'tumor cell', 'phenotypic state', 'protein', 'ev secretion', 'lipid bilayer', 'dimensional fluidity', 'early detection', 'fragment reflect', 'based technology', 'enable early', 'quantitation single', 'setting nanopores', 'based tool', 'cell usually', 'active tuberculosis', 'goal project', 'biomolecules excellent', 'bacteria cell', 'lspr biosensors', 'working clinician validate assay performance detection active tuberculosis risk assessment hiv maternal fetal transmission project translational biomarkers biosensors enable personalized medicine cell type abundantly secrete extracellular vesicle ev', 'diagnostics assay', 'biomarkers inside', 'point care', 'genomics biomarkers', 'thus permit', 'dna fragment', 'usually show', 'validate assay', 'nanostructures indicate', 'application drug', 'drug development', 'novel proteomics', 'microfluidics based', 'ultrasensitive quantitation', 'clinician validate', 'developing nanostructure', 'protein lspr', 'possess similar two dimensional fluidity', 'type abundantly', 'show increased', 'resource limited', 'covered lipid', 'biosensing platform', 'platform fundamental', 'work ha', 'ev composed lipid bilayer contain molecular component cell', 'hiv resource', 'localized surface', 'treatment monitoring', 'biomarkers biosensors', 'enable personalized', 'transmission project', 'isolation circulating', 'personalized treatment', 'cancer patient', 'technology rapid', 'care diagnostics', 'vitro diagnostics', 'using nanopore', 'ha focused', 'performance detection', 'contain specific', 'limited setting', 'assay performance', 'resonance lspr', 'composed lipid', 'surface plasmon', 'generic biosensing', 'inside enable', 'tool fundamental', 'mimic bacteria', 'area future', 'extracellular vesicle', 'bilayers mimic', 'secretion level', 'reflect phenotypic', 'clinical translation', 'abundantly secrete', 'specific lipid', 'readily engineered contain specific lipid protein lspr signal nanostructures indicate binding kinetics biomolecules lipid bilayers', 'similar cell', 'level similar', 'permit monitoring', 'potential application drug development drug resistance study', 'g tuberculosis', 'secrete extracellular', 'medical pharmaceutical', 'project point', 'readily engineered', 'biochemical study', 'circulating biomarkers', 'identification novel proteomics genomics biomarkers inside enable early detection personalized treatment regimen cancer patient project nanostructure based tool fundamental biochemical study generic biosensing platform fundamental biochemical study inform medical pharmaceutical developing nanostructure based localized surface plasmon resonance lspr biosensors study biomolecule interaction nanostructures covered lipid bilayers mimic bacteria cell membrane', 'risk assessment', 'treatment regimen', 'develop portable', 'ev composed', 'personalized medicine', 'possess similar', 'nanostructures covered', 'lipid', 'nanopore technology', 'interaction nanostructures', 'project develop', 'engineered contain', 'development drug', 'including tumor cell usually show increased ev secretion level similar cell', 'burden area', 'translational biomarkers', 'cell origin', 'indicate binding', 'vesicle ev', 'study generic', 'plasmon resonance', 'molecular component', 'rna dna', 'monitoring low', 'study biomolecule', 'fundamental biochemical', 'kinetics biomolecules', 'nanomaterials microfluidics', 'using nanomaterials', 'lipid bilayers', 'component cell', 'resistance study', 'state cell', 'regimen cancer', 'hiv resource limited high burden area future clinical translation', 'monitoring infectious', 'low abundance', 'maternal fetal', 'medicine cell', 'drug resistance', 'increased ev', 'cell membrane', 'rapid diagnosis', 'patient project', 'biosensors study', 'circulating ev', 'disease g', 'working clinician', 'assessment hiv', 'prognostic biomarkers', 'lipid protein', 'fetal transmission', 'lspr signal'}"
99,"Loiselle, Val","{'professor loiselle', 'loiselle nuclear', 'epa pond', 'pond closure', 'closure metal', 'recycle manufacturing', 'management disposal', 'waste management', 'disposal epa', 'nuclear engineering', 'emphasis waste', 'professor loiselle nuclear engineering', 'environmental remediation', 'emphasis waste management disposal epa pond closure metal recycle manufacturing', 'metal recycle'}"
100,"Luo, Lannan ","{'system security', 'sofware system security', 'mobile security', 'sofware system', 'programming language', 'deep learning', 'software engineering'}"
101,"Lyons, Jed ","{'oversight academic', 'manages academic', 'founding member', 'recognized georgia', 'bedenbach distinguished service award', 'dean academic', 'lyon wa', 'manages academic resource assessment service', 'part college communication marketing team includes engineering education engineering material jed lyon received phd mechanical engineering georgia institute technology', 'teaching excellence', 'promoted senior', 'first faculty', 'dr lyon', 'engineering undergraduate', 'ha served', 'lyon work', 'distinguished professor', 'college engineering', 'engineering education', 'professional engineer', 'member engineering', 'member division', 'asee executive', 'division lyon', 'dean lyon', 'team includes', 'teacher researcher', 'fellow teacher', 'program chair', 'provides college', 'fellow american', 'society engineering', 'appointed associate', 'secretary', 'joined assistant', 'registered professional', 'fellow status', 'also served', 'professor department', 'graduation activity provides college oversight academic program level', 'academic program', 'teaching award', 'joined assistant professor department mechanical engineering', 'engineering educator', 'served mechanical', 'academic resource', 'undergraduate recruitment', 'distinguished service', 'award outstanding', 'outstanding faculty', 'service lyon', 'award michael', 'division chair', 'served chair', 'senior associate', 'education includes', 'advanced full', 'director lyon', 'committee member', 'uofsc award', 'tech outstanding', 'professor served', 'division asee', 'michael mungo', 'affair college', 'wa founding', 'educational foundation award outstanding faculty service lyon registered professional engineer state', 'teaching fellow', 'includes funded', 'funded implementation', 'implementation project', 'mentored assistant', 'engineering material', 'material jed', 'educator ha', 'professor award', 'researcher addition', 'alumnus award', 'bedenbach distinguished', 'full professor', 'georgia tech', 'directs outreach activity', 'resource assessment', 'computing promoted', 'education engineering', 'assessment service', 'lyon received', 'undergraduate director', 'directs undergraduate', 'communication marketing', 'outreach activity', 'division chair lyon scholarship area mechanical engineering engineering education includes funded implementation project ha mentored assistant', 'senior associate dean academic affair', 'scholarship area', 'served first faculty director lyon wa appointed associate dean academic affair college engineering computing promoted senior associate dean lyon wa elected fellow american society engineering education asee wa founding member engineering division asee', 'lyon ha', 'graduation activity', 'project ha', 'outstanding young', 'american society', 'academic affair', 'retention', 'work engineering', 'lyon work engineering educator ha recognized georgia tech outstanding young alumnus award uofsc award michael mungo undergraduate teaching award', 'mechanical engineering', 'includes engineering', 'faculty service', 'wide center', 'engineering division', 'faculty director', 'asee fellow', 'wa appointed', 'lyon scholarship', 'mungo undergraduate', 'teaching assistant', 'wa elected', 'area mechanical', 'foundation award', 'directs outreach', 'center teaching', 'young alumnus', 'engineering georgia', 'helped create', 'chair lyon', 'ha served chair executive committee member division lyon ha also served mechanical engineering division asee executive committee member', 'program level', 'jed lyon', 'teaching fellow teacher researcher addition asee fellow status', 'addition asee', 'assistant professor', 'asee wa', 'ha mentored', 'create wide', 'elected fellow', 'lyon registered', 'service award', 'litman distinguished professor award', 'educational foundation', 'engineering computing', 'dr lyon directs undergraduate recruitment', 'award uofsc', 'chair executive', 'helped create wide center teaching excellence', 'education asee', 'georgia institute', 'served first', 'lyon directs', 'institute technology', 'executive committee', 'ha also', 'associate dean', 'engineer state', 'department mechanical', 'received phd', 'activity provides', 'phd mechanical', 'ha recognized', 'part college', 'college communication', 'advanced full professor served mechanical engineering undergraduate director', 'college oversight', 'marketing team', 'litman distinguished', 'undergraduate teaching', 'engineering engineering'}"
102,"Mandal, Krishna","{'sc', 'main streetcolumbia', 'swearingenroom main', 'swearingenroom main streetcolumbia'}"
103,"Matolak, David","{'sc', 'main streetcolumbia', 'swearingenroom main', 'swearingenroom main streetcolumbia'}"
104,"Matta, Fabio","{'material structural', 'emphasis extreme stressor area affordable high quality dwelling structure hazard mitigation strengthening repair civil structure multi scale multi functional reinforcement cement composite concrete load testing', 'facility corrosion', 'matta team', 'composite concrete', 'ranging affordable high quality earth masonry advanced cement polymer matrix composite', 'emphasis extreme', 'earth masonry', 'load testing', 'national institute', 'multi scale', 'industry', 'standard technology', 'conduct experimental', 'area affordable', 'concrete load', 'dr matta team conduct experimental theoretical construction material structural performance', 'concrete structure', 'high quality', 'constructed facility', 'reinforcement cement', 'team conduct', 'steel concrete', 'functional reinforcement', 'corrosion steel', 'construction material', 'monitoring assessment', 'polymer matrix', 'strengthening repair', 'advanced cement', 'national institute standard technology', 'department energy', 'hazard mitigation', 'structure hazard', 'dr matta', 'theoretical construction', 'structure sponsor', 'stressor area', 'masonry advanced', 'repair civil', 'quality dwelling', 'scale multi', 'assessment constructed', 'cement polymer', 'civil structure', 'ranging affordable', 'extreme stressor', 'monitoring assessment constructed facility corrosion steel concrete structure sponsor national science foundation', 'matrix composite', 'institute standard', 'dwelling structure', 'sponsor national', 'affordable high', 'national science', 'science foundation', 'experimental theoretical', 'mitigation strengthening', 'structure multi', 'quality earth', 'structural performance', 'cement composite', 'multi functional'}"
105,"Matthews, Catherine","{'instructor csce', 'csce class', 'instructor csce class'}"
106,"Matthews, Manton M","{'natural language', 'security', 'natural language processing', 'language processing', 'graph theory'}"
107,"Matthews, Michael A.","{'decreasing total', 'technology sterilization', 'funding ha', 'green chemistry ha raised funding ha published approximately journal paper ha served department chair', 'division american', 'chemistry ha', 'biomedical imaging', 'ha served', 'institute chemical', 'reaction water', 'synthetic natural', 'grant niehs', 'dioxide biomedical', 'novel technology', 'ac currently', 'indoor allergenic', 'improved understanding hydration state reaction product important decreasing total water utilization reaction', 'texas joined', 'protein respiratory', 'chemical hydride', 'american chemical', 'currently serf', 'deal application', 'imaging bioengineering', 'understanding role', 'bioengineering ha', 'professor mike', 'fellow american', 'two major', 'three sbir', 'engineering chemistry', 'application supercritical', 'funding nsf', 'first deal', 'environmental improvement', 'chair industrial engineering chemistry division american chemical society ac currently serf committee environmental improvement ac fellow american chemical society american institute chemical engineer two major thrust underway group first deal application supercritical carbon dioxide biomedical application funding national institute biomedical imaging bioengineering ha focused development novel technology sterilization disinfection synthetic natural biomaterials funding national institute environmental health science aimed abatement indoor allergenic protein respiratory hazard dr matthew founded carbonix llc aid three sbir grant niehs second thrust utilization chemical hydride hydrogen storage medium', 'project related', 'national institute', 'broad field', 'society ac', 'industrial engineering', 'thrust utilization', 'aid three', 'disinfection synthetic', 'committee environmental', 'improved understanding', 'doe ha', 'institute environmental', 'utilization reaction', 'professor mike matthew obtained ph texas joined teach conduct broad field thermodynamics', 'allergenic protein', 'funding national', 'sterilization disinfection', 'borohydride addition', 'hazard dr', 'teach conduct', 'field thermodynamics', 'engineer two', 'society american', 'natural biomaterials', 'vapor sodium', 'improvement ac', 'focused development', 'expanded understanding', 'fuel cell', 'conduct broad', 'founded carbonix', 'water utilization', 'major thrust', 'ha led', 'ha focused', 'product important', 'journal paper', 'institute biomedical', 'cell funding', 'application pem', 'underway group', 'supercritical carbon', 'ha raised', 'development novel', 'pem fuel', 'niehs second', 'health science', 'important decreasing', 'carbon dioxide', 'role deliquescence', 'paper ha', 'mike matthew', 'ha published', 'hydration state', 'chair industrial', 'environmental health', 'utilization chemical', 'storage medium', 'ph texas', 'second thrust', 'chemistry division', 'abatement indoor', 'biomedical application', 'sodium borohydride', 'respiratory hazard', 'american institute', 'application pem fuel cell funding nsf doe ha led expanded understanding role deliquescence reaction water vapor sodium borohydride addition', 'group first', 'hydride hydrogen', 'hydrogen storage', 'biomaterials funding', 'served department', 'matthew founded', 'matthew obtained', 'project related hydrogen storage chemical hydride', 'thrust underway', 'carbonix llc', 'ac fellow', 'reaction product', 'total water', 'approximately journal', 'serf committee', 'chemical engineer', 'green chemistry', 'department chair', 'dr matthew', 'storage chemical', 'deliquescence reaction', 'nsf doe', 'water vapor', 'related hydrogen', 'associate dean', 'application funding', 'joined teach', 'understanding hydration', 'published approximately', 'llc aid', 'state reaction', 'biomedical engineering', 'science aimed', 'raised funding', 'sbir grant', 'chemical society', 'led expanded', 'aimed abatement', 'obtained ph'}"
108,"McAnally, A. Steve","{'wetland application', 'potable water', 'treatment education', 'focus water', 'study potable', 'heavy metal', 'education reform', 'industrial municipal', 'metal removal', 'environmental engineering', 'municipal wastewater', 'wastewater treatment', 'appropriate technology', 'using low', 'industrial waste minimization', 'water production', 'production using', 'constructed wetland', 'water wastewater', 'technology application', 'optimization study', 'dr mcanally', 'treatment unit', 'project optimization', 'mcanally focus', 'application developing', 'particularly appropriate technology application developing community recent project optimization study potable water production using low cost portable water treatment unit area water treatment heavy metal removal corrosion control', 'developing community', 'treatment heavy', 'particularly appropriate', 'corrosion control', 'reform civil', 'constructed wetland application industrial municipal wastewater treatment education reform civil environmental engineering', 'community recent', 'application industrial', 'industrial waste', 'water treatment', 'unit area', 'cost portable', 'civil environmental', 'waste minimization', 'low cost', 'area water', 'dr mcanally focus water wastewater treatment', 'removal corrosion', 'recent project', 'portable water'}"
109,"McCants, Dale ","{'computational fluid', 'dynamic heat', 'transfer mechanic', 'experimental computational fluid dynamic heat transfer', 'electronics thermal management', 'dr mccants', 'experimental computational', 'mccants nanofluids', 'nanofluids heat', 'heat transfer', 'fluid dynamic', 'electronics thermal', 'thermal management', 'dr mccants nanofluids heat transfer mechanic'}"
110,"McNeill, Stephen ","{'microprocessor', 'digital image correlation', 'image correlation', 'experimental mechanic', 'reverse engineering', 'dr mcneill', 'digital image', 'computer vision', 'experimental mechanic reverse engineering', 'mcneill computer', 'mechanic reverse', 'dr mcneill computer vision'}"
111,"Meekins, Benjamin H.","{'solid state', 'electrochemistry', 'photoelectrochemistry', 'solid state electrochemistry', 'hydrogen generation', 'state electrochemistry', 'solar energy'}"
112,"Mobli, Mostafa","{'glow discharge', 'new numerical', 'wide range', 'numerical solution', 'thermal analysis glow discharge show importance accurate temperature analysis glow discharge simulation', 'discharge show', 'importance accurate', 'various cooling', 'change micro', 'cooling industry', 'interested numerical', 'discharge simulation', 'numerical method', 'problem involving', 'method analyze', 'heat transfer', 'transfer focused', 'fluid flow', 'interested numerical solution problem involving reactive flow heat transfer focused developing new numerical method applying previously developed method analyze wide range fluid flow heat transfer application specially focused continuous method simulate phase change micro nano scale used various cooling industry', 'phase change', 'method simulate', 'solution problem', 'flow heat', 'range fluid', 'accurate temperature', 'specially focused', 'transfer application', 'method applying', 'used various', 'thermal analysis', 'developing new', 'show importance', 'application specially', 'analyze wide', 'nano scale', 'reactive flow', 'previously developed', 'simulate phase', 'focused continuous', 'analysis glow', 'applying previously', 'temperature analysis', 'focused developing', 'developed method', 'micro nano', 'scale used', 'continuous method', 'involving reactive'}"
113,"Monnier, John R.","{'process may', 'relevant process', 'selective oxidation biomass molecule glycerol', 'reaction selective', 'metal catalyst', 'virtually impossible ensure formation bimetallic particle rather', 'output pem', 'hydrocarbon higher', 'high pressure', 'electronic property', 'surface site', 'successive step', 'evaluation current', 'deposition secondary', 'pressure batch', 'metal prepared', 'silica supported composition ag pt', 'metallic surface', 'afford great', 'number bimetallic', 'cu pd evaluated traditional catalytic reaction selective epoxidation olefin', 'us electroless', 'either changing catalyst surface ensemble catalytic site permit selected reaction pathway', 'catalyst afford', 'difficult characterize', 'onto catalytic', 'design synthesis', 'support autocatalytic', 'supported composition', 'doe occur', 'catalyst support', 'value chemical', 'salt onto', 'batch stirred', 'engineering centerroom main streetcolumbia', 'industrially relevant', 'novel bimetallic', 'metal contiguous', 'catalytic system', 'agent principle', 'onto metallic', 'synthesis characterization', 'used deposit', 'secondary metal', 'single pas plug flow reactor six two high pressure batch stirred tank reactor project currently funded nsf', 'agent process', 'six two', 'pas plug', 'metal solution', 'catalytic reaction', 'rh tested', 'wisconsin milwaukee', 'separate metallic', 'catalytic site', 'ed industrially', 'onto catalyst', 'au pd', 'crystallite secondary', 'multi functional', 'difficult characterize catalytic system', 'site reducing', 'result selective', 'catalytic deposition', 'large number', 'ranging rational', 'currently funded', 'catalytic metal', 'reaction used', 'tank reactor', 'cell bimetallic', 'metal site', 'higher output', 'evaluated traditional', 'several industrial', 'formation separate metallic particle metal doe occur thus', 'process applied', 'either simultaneous', 'characterize catalytic', 'bimetallic catalyst', 'impregnation metal', 'selective hydrogenation', 'composition ag', 'st ambrose', 'reactor project', 'perhaps importantly', 'chemical higher', 'reactor six', 'salt addition', 'pt pd', 'catalyst surface', 'electrocatalysts pem', 'either catalytic', 'epoxidation olefin', 'pd evaluated', 'traditional catalytic', 'plug flow', 'opportunity changing', 'selective epoxidation', 'heterogeneous catalysis', 'molecule glycerol', 'electroless deposition', 'project currently', 'selected reaction', 'bimetallic particle', 'contiguous proximity', 'isolated crystallite', 'cu pd', 'hydrogenation multi', 'fuel cell', 'laboratory us', 'ed result', 'catalyst composition', 'conducted either', 'either changing', 'deposited metal', 'engineering centerroom', 'ha activated', 'particle metal', 'catalyst using', 'oxidation biomass', 'introducing bifunctionality active surface placing different catalytic metal contiguous proximity bimetallic catalyst synthesis often carried either simultaneous co impregnation metal salt onto catalyst support successive step metal salt addition either preparative method', 'tested electrocatalysts', 'simultaneous co', 'transformation hydrocarbon', 'catalyst design', 'applied wide', 'selective transformation', 'salt metal', 'ranging rational catalyst design synthesis characterization evaluation current design synthesis novel bimetallic catalyst selective transformation hydrocarbon higher value chemical higher output pem fuel cell bimetallic catalyst afford great opportunity changing performance', 'preparative method', 'doe', 'surface placing', 'ensure formation', 'single pas', 'olefin reaction', 'formation isolated', 'pem fuel', 'site ha', 'correlate catalyst', 'reaction conducted', 'pre existing', 'range metal', 'onto pre', 'whereby controlled', 'even difficult', 'synthesis often', 'performance bimetallic', 'solution onto', 'flow reactor', 'ed result selective deposition secondary metal onto metallic surface formation isolated crystallite secondary metal catalyst support perhaps importantly', 'ag pt', 'different catalytic', 'metal salt', 'prepared large', 'sc', 'virtually impossible', 'composition laboratory', 'particle rather', 'deposition supported', 'active surface', 'may either', 'ed industrially relevant process applied wide range metal prepared large number bimetallic catalyst using electroless deposition supported carbon', 'metal metal', 'pt rh tested electrocatalysts pem fuel cell', 'using electroless', 'selective oxidation', 'permit selected', 'depending nature activated metal site reducing agent principle', 'carried either', 'surface ensemble', 'metal support', 'site permit', 'metal onto', 'property catalytic', 'centerroom main', 'reaction pathway', 'silica supported', 'pt rh', 'focus heterogeneous', 'stirred tank', 'whereby controlled chemical reaction used deposit metal salt onto catalytic metal site ha activated reducing agent process may either catalytic deposition metal salt metal solution onto pre existing metal metal support autocatalytic deposition metal salt metal onto reduced', 'deposition ed', 'higher value', 'ensemble catalytic', 'even difficult correlate catalyst performance bimetallic catalyst composition laboratory us electroless deposition ed', 'metallic particle', 'bifunctionality active', 'placing different', 'controlled chemical', 'wide range', 'modifying electronic property catalytic surface site', 'selective hydrogenation multi functional olefin reaction conducted either automated', 'metal doe', 'onto reduced', 'addition either', 'catalyst performance', 'selective deposition', 'deposited metal metal', 'occur thus', 'existing metal', 'catalyst selective', 'two high', 'characterization evaluation', 'rational catalyst', 'current design', 'depending nature', 'industrial company', 'support successive', 'step metal', 'proximity bimetallic', 'several industrial company', 'either automated', 'group focus', 'either preparative', 'catalytic surface', 'activated metal', 'introducing bifunctionality', 'difficult correlate', 'activated reducing', 'nature activated', 'formation separate', 'autocatalytic deposition', 'co impregnation', 'supported carbon', 'functional olefin', 'reducing agent', 'synthesis novel', 'group focus heterogeneous catalysis', 'deposit metal', 'biomass molecule', 'formation bimetallic', 'deposition metal', 'great opportunity', 'main streetcolumbia', 'modifying electronic', 'catalyst synthesis', 'often carried', 'surface formation', 'impossible ensure', 'support perhaps', 'funded nsf', 'chemical reaction', 'changing performance', 'changing catalyst', 'pt co'}"
114,"Morehouse, Jeff ","{'dr morehouse student investigated broad range thermodynamic heat engine application', 'range thermodynamic', 'heat engine', 'system ground', 'power system', 'morehouse ha', 'associated solar', 'student investigated', 'long associated', 'solar energy', 'dr morehouse', 'energy system', 'hvac control', 'conventional hvac', 'engine application', 'pump phase', 'space based', 'system application', 'storage system', 'phase change', 'humid climate', 'control project', 'ranging space based fuel cell power system ground coupled heat pump phase change storage system dr morehouse ha long associated solar energy system design analysis currently involved conventional hvac control project evaporative system application humid climate', 'thermodynamic heat', 'coupled heat', 'involved conventional', 'ground coupled', 'project evaporative', 'currently involved', 'system design', 'ha long', 'investigated broad', 'analysis currently', 'evaporative system', 'morehouse student', 'based fuel', 'ranging space', 'heat pump', 'broad range', 'system dr', 'fuel cell', 'design analysis', 'application humid', 'cell power', 'change storage'}"
115,"Moss, Melissa Ann","{'sc moss focus involvement protein aggregation alzheimer disease one hallmark alzheimer disease senile plaque accumulate brain associated neuronal loss cerebrovasculature may perpetuate stoke plaque composed primarily amyloid protein aggregate fibril deposit yield plaque consequently', 'moss focus', 'atomic force microscopy furthermore', 'characterize inhibitor', 'biophysical technique', 'dynamic light', 'technique including', 'amyloid protein', 'focus involvement', 'disease one', 'nf kb', 'change ab', 'effective therapeutic', 'fluorescence spectroscopy', 'cellular effect', 'correlating change', 'accumulate brain', 'deposit yield', 'yield plaque', 'including nf', 'plaque consequently', 'focus understand', 'alzheimer disease', 'seek determine various aggregation product affect neuronal vascular cell particular', 'utilize myriad', 'associated neuronal', 'primarily amyloid', 'design effective', 'seek determine', 'various aggregation', 'agent alzheimer', 'stoke plaque', 'therapeutic agent', 'loss cerebrovasculature', 'interested ab stimulation neuronal apoptosis endothelial inflammatory response', 'plaque accumulate', 'aggregate fibril', 'cell particular', 'main streetroom', 'neuronal loss', 'aggregation product', 'may perpetuate', 'atomic force', 'product affect', 'protein aggregation', 'one therapeutic', 'electron microscopy', 'kb activation', 'effort design', 'sc moss', 'inflammatory response', 'involvement protein', 'cerebrovasculature may', 'disease therapy', 'disease senile', 'attenuate aggregation', 'hallmark alzheimer', 'myriad biophysical', 'protein aggregate', 'assist effort', 'force microscopy', 'aggregation alzheimer', 'aggregation ha', 'stimulation neuronal', 'including nf kb activation correlating change ab aggregation cellular effect assist effort design effective therapeutic agent alzheimer disease therapy', 'ab aggregation', 'neuronal apoptosis', 'ab stimulation', 'senile plaque', 'including chromatography', 'inhibition aggregation ha emerged one therapeutic approach alzheimer disease focus understand aggregation process identify characterize inhibitor attenuate aggregation utilize myriad biophysical technique including chromatography', 'inhibition aggregation', 'determine various', 'interested ab', 'aggregation cellular', 'disease focus', 'static dynamic', 'dot blotting', 'aggregation utilize', 'apoptosis endothelial', 'western blotting', 'light scattering', 'inhibitor attenuate', 'plaque composed', 'neuronal vascular', 'ha emerged', 'vascular cell', 'therapeutic approach', 'static dynamic light scattering', 'emerged one', 'process identify', 'microscopy furthermore', 'effect assist', 'endothelial inflammatory', 'understand aggregation', 'composed primarily', 'brain associated', 'aggregation process', 'perpetuate stoke', 'approach alzheimer', 'affect neuronal', 'identify characterize', 'one hallmark', 'activation correlating', 'fibril deposit'}"
116,"Mullen, Robert L","{'tr pm', 'sc tr', 'main st', 'st columbia', 'room main', 'room main st columbia', 'sc tr pm pm', 'pm pm'}"
117,"Mustain, William E","{'electrocatalysis', 'synthesis', 'battery', 'electrochemical engineering'}"
118,"Nelakuditi, Srihari","{'computer networking', 'mobile computing', 'wireless networking'}"
119,"Nezhad, Cyrus Riahi","{'combination fluid', 'air conditioning', 'drop electro', 'separation science', 'analysis application', 'riahi nezhad broad area specialization based innovative combination fluid mechanic', 'hydraulic fluid mechanic utilizing experimental numerical analysis application flow breached levee levee closure', 'flow breached', 'catalyst oxidative', 'tannery waste', 'radioactive waste treatment', 'packed tower', 'optimal gas', 'tannery waste water treatment', 'breached levee', 'high liquid flow packed tower optimal gas liquid phase interaction', 'synthesis characterization', 'characterization mesoporous', 'oxidative destruction', 'flow packed', 'waste water', 'synthesis characterization mesoporous heterogeneous catalyst oxidative destruction volatile organic compound application automotive exhaust emission control', 'riahi nezhad', 'destruction volatile', 'biofuel production', 'phase interaction', 'tower optimal', 'using water', 'driven air', 'hydraulic fluid', 'gas shift', 'based innovative', 'heterogeneous catalysis', 'innovative combination', 'catalysis separation', 'experimental numerical', 'application flow', 'fluid mechanic', 'engine driven', 'electric field', 'mechanic utilizing', 'liquid flow', 'production using', 'gedac heating', 'field including', 'water gas', 'heating cooling', 'main street', 'liquid phase', 'application automotive', 'nezhad broad', 'utilizing experimental', 'coalescence application', 'gas engine', 'radioactive waste', 'including electro', 'emission control', 'sc', 'street room', 'volatile organic', 'application nano', 'organic compound', 'gas liquid', 'broad area', 'application nano catalyst hydrogen production using water gas shift reaction', 'compound application', 'heterogeneous catalysis separation enhanced electric field including electro mixing', 'catalyst hydrogen', 'hydrogen production', 'shift reaction', 'enhanced electric', 'high liquid', 'numerical analysis', 'electro coalescence', 'drop electro coalescence application biofuel production', 'automotive exhaust', 'levee closure', 'heterogeneous catalyst', 'water treatment', 'separation enhanced', 'gas engine driven air conditioning gedac heating cooling', 'conditioning gedac', 'nano catalyst', 'levee levee', 'main street room', 'area specialization', 'specialization based', 'exhaust emission', 'waste treatment', 'mesoporous heterogeneous', 'application biofuel', 'electro mixing'}"
120,"O'Kane, Jason",{'robotics'}
121,"O'Reilly, James","{'james reilly', 'various undergraduate', 'reilly teach', 'undergraduate course', 'james reilly teach various undergraduate course', 'teach various'}"
122,"Ortiz-Hernandez, Ivelisse","{'hernandez background', 'involves development', 'development characterization', 'puerto rico', 'catalytic material', 'reaction condition', 'study chemical', 'also interested', 'involves study', 'teaching developing', 'ph', 'ch', 'energy system', 'analytical instrumentation', 'environmental alternate', 'reaction experience', 'application environmental', 'characterization new', 'instrumentation technique', 'characterization material', 'engineering chemical', 'heterogeneous catalytic', 'background involves', 'new catalytic', 'area chemical', 'alternate energy', 'involves teaching', 'catalytic system', 'condition involves', 'developing new', 'system also', 'material study', 'ortiz hernandez background involves study heterogeneous catalytic system reaction condition involves development characterization new catalytic material application environmental alternate energy system also interested use analytical instrumentation technique characterization material study chemical reaction experience involves teaching developing new curriculum area chemical engineering chemical technology', 'system reaction', 'interested use', 'use analytical', 'chemical engineering', 'ortiz hernandez', 'material application', 'chemical technology', 'technique characterization', 'new curriculum', 'curriculum area', 'study heterogeneous', 'chemical reaction', 'experience involves'}"
123,"Pain, Christopher C.","{'amcg specialises', 'engineering biomedical', 'including multi', 'description differential', 'engineering fluid', 'adaptive multi', 'modelling group', 'multiphase flow', 'including parallel solution technique', 'using adjoint', 'authored journal', 'seismic inversion', 'book chapter', 'phd student', 'london winning', 'also head', 'numerical method', 'student completed', 'author general', 'dr pain professor department earth science engineering imperial college london icl', 'technique earth', 'parallel computational', 'impact cratering wa honored imperial college london winning excellence award', 'science group', 'method ha', 'dr pain', 'coupled fluid solid modelling discrete element method', 'purpose parallel', 'ocean modelling', 'linear equation', 'inversion transient', 'academic general', 'coupled fluid', 'icl comprises', 'recurrent feed', 'computation modelling', 'anisotropic electrical', 'including multiphase', 'impact cratering', 'coastal flow', 'resolution linear', 'professor department', 'inverse modelling', 'uk also', 'cratering wa', 'inversion inversion', 'modelling technique', 'engineering biomedical science group ha core numerical method ocean', 'electrical inversion', 'honored imperial', 'council grant', 'dynamic including', 'feature inverse', 'engineering fluid including multiphase flow', 'non linear dynamic', 'specialises development', 'oceanography geophysical', 'feed forward', 'fluid including', 'adjoint method', 'atmosphere climate', 'parallel solution', 'general computational', 'oceanography geophysical fluid dynamic', 'atmosphere climate system', 'inversion method', 'leading modelling', 'modelling feature', 'largest grouping', 'imaging', 'mesh adaptive', 'patent', 'optimisation', 'group amcg', 'ha authored', 'key proposal', 'core numerical', 'code fluidity', 'geometry original', 'department earth', 'wa honored', 'largest grouping icl comprises active scientist amcg specialises development application innovative world leading modelling technique earth', 'turbulence modelling', 'seismic inversion inversion transient coastal flow using adjoint method ha authored journal publication', 'recognition world', 'included anisotropic', 'graduated phd', 'flow using', 'winning excellence', 'discretization technique', 'science engineering', 'fluid solid', 'recurrent feed forward neural network', 'pain academic', 'college london', 'neutral particle radiation transport', 'priori error', 'application innovative', 'head applied', 'world leading', 'earth science', 'particle radiation', 'forward neural', 'numerical shape description differential geometry original author general purpose parallel computational fluid dynamic code fluidity foundation majority activity key proposal', 'majority activity', 'mesh adaptive multi phase ocean modelling feature inverse modelling ha included anisotropic electrical inversion', 'uk also head applied computation modelling group amcg', 'ha included', 'recognition world leading dr pain academic general computational fluid dynamic including multi phase flow', 'london icl', 'neural network', 'original author', 'numerical', 'excellence award', 'geophysical fluid', 'computational fluid', 'transient coastal', 'ha core', 'fluidity foundation', 'applied computation', 'discrete element', 'solution technique', 'resolution linear non linear equation', 'priori error measure mesh adaptivity', 'innovative world', 'journal publication', 'pain professor', 'leading dr', 'non linear', 'modelling ha', 'climate system', 'modelling discrete', 'group ha', 'engineering imperial', 'numerical shape', 'grouping icl', 'development application', 'graduated phd student completed industry council grant', 'including parallel', 'error measure', 'radiation transport', 'linear dynamic', 'foundation majority', 'activity key', 'neutral particle', 'dynamic code', 'biomedical science', 'phase ocean', 'fluid dynamic', 'element method', 'shape description', 'mesh adaptivity', 'method ocean', 'completed industry', 'comprises active', 'industry council', 'measure mesh', 'solid modelling', 'linear non', 'phase flow', 'nuclear safety', 'multi phase', 'general purpose', 'differential geometry', 'scientist amcg', 'imperial college', 'active scientist'}"
124,"Patel, Chandrashekhar","{'patel molecular', 'school medicine bldg room garner ferry road columbia', 'road columbia', 'muscle cell', 'ferry road', 'regulation vascular', 'molecular regulation', 'endothelial smooth', 'medicine bldg', 'sc patel molecular regulation vascular endothelial smooth muscle cell', 'room garner', 'garner ferry', 'school medicine', 'bldg room', 'smooth muscle', 'vascular endothelial', 'sc patel'}"
125,"Paul, Titan C.","{'transfer problem', 'management microelectronics', 'transfer moisture', 'numerical method', 'mass transfer', 'method conjugate', 'thermal management microelectronics', 'heat transfer', 'heat transfer phase change', 'storage liquid', 'building environment', 'moisture migration', 'problem building', 'energy storage', 'solar technology', 'phase change', 'conjugate heat', 'liquid solar', 'transfer phase', 'heat transfer moisture migration problem building environment', 'dr paul', 'includes energy', 'migration problem', 'paul includes', 'numerical method conjugate heat mass transfer problem', 'thermal management', 'heat mass', 'dr paul includes energy storage liquid solar technology'}"
126,"Peters, Wally ","{'complex system', 'study design', 'dr peter', 'dr peter complex system study design', 'peter complex', 'system study'}"
127,"Plante, Portia","{'various undergraduate', 'portia plante', 'plante teach', 'portia plante teach various undergraduate course', 'undergraduate course', 'teach various'}"
128,"Popov, Branko N.","{'popovpopov readership', 'macedonia', 'skopje', 'engineering centerroom', 'engineering centerroom main streetcolumbia', 'croatia', 'illinois', 'sc dr', 'main streetcolumbia', 'kiril metodij', 'readership worldwideph', 'zagreb', 'centerroom main', 'dr popovpopov', 'sc dr popovpopov readership worldwideph'}"
129,"Potts, Jay","{'lineage pathway', 'septum accomplished', 'process known', 'medicine bldg', 'majority involve', 'known atrioventricular', 'sc prevalence congenital cardiac malformation place extreme sociological personal burden myriad congenital cardiac defect majority involve region known atrioventricular canal av av canal responsible production av valve membranous portion interventricular septum accomplished process known epithelial mesenchymal cell transformation understanding early heart particular av canal formed critical building foundation future therapeutic measure norris', 'sc prevalence', 'rl periostin promotes fibroblastic lineage pathway atrioventricular valve progenitor cell dev dyn', 'damon', 'particular av', 'prevalence congenital', 'mm', 'sociological personal', 'av canal', 'atrioventricular valve', 'place extreme', 'involve region', 'measure norris', 'ra', 'progenitor cell', 'cell transformation', 'road columbia', 'mesenchymal cell', 'mj', 'rr', 'accomplished process', 'building foundation', 'interventricular septum', 'critical building', 'pathway atrioventricular', 'room garner', 'promotes fibroblastic', 'therapeutic measure', 'markwald', 'ferry road', 'goodwin', 'periostin promotes', 'hoffman', 'epithelial mesenchymal', 'understanding early', 'canal formed', 'burden myriad', 'dev dyn', 'brook', 'valve progenitor', 'jd', 'school medicine', 'membranous portion', 'junor', 'av valve', 'fibroblastic lineage', 'portion interventricular', 'personal burden', 'school medicine bldg room garner ferry road columbia', 'cardiac defect', 'malformation place', 'formed critical', 'transformation understanding', 'congenital cardiac', 'future therapeutic', 'garner ferry', 'hart', 'canal responsible', 'heart particular', 'cardiac malformation', 'cell dev', 'rl periostin', 'myriad congenital', 'foundation future', 'yost', 'early heart', 'region known', 'atrioventricular canal', 'av av', 'tan', 'responsible production', 'extreme sociological', 'defect majority', 'potts', 'canal av', 'valve membranous', 'bldg room', 'known epithelial', 'production av'}"
130,"Qian, Yu","{'asce rail transportation committee', 'mainly focusing', 'railroad infrastructure', 'high speed rail', 'simulation currently', 'asce rail', 'transit track', 'discrete element simulation currently serving committee member three trb committee', 'track structure', 'focusing heavy', 'committee member', 'trb committee', 'pavement', 'arema committee', 'mainly focusing heavy haul transit track structure', 'two arema committee', 'rail transportation', 'two arema', 'discrete element', 'element simulation', 'ha working', 'geotechnics railroad', 'dr yu qian ha working transportation geotechnics railroad infrastructure related', 'transportation geotechnics', 'member three', 'working transportation', 'qian ha', 'dr yu', 'heavy haul', 'infrastructure related', 'geosynthetics', 'transportation committee', 'serving committee', 'speed rail', 'yu qian', 'haul transit', 'high speed', 'three trb', 'currently serving'}"
131,"Ranson, Bill ","{'ranson scale', 'mathematical modeling mechanical system measurement system life prediction application technology learning system', 'technology learning', 'dr ranson', 'system measurement', 'application technology', 'learning system', 'mechanical system', 'modeling mechanical', 'mathematical modeling', 'life prediction', 'scale invariant', 'measurement system', 'system life', 'computer vision', 'application measurement', 'vision application', 'dr ranson scale invariant computer vision application measurement mechanical system', 'prediction application', 'invariant computer', 'measurement mechanical'}"
132,"Regalbuto, John R.","{'engineering centerroom', 'engineering centerroom main streetcolumbia', 'main streetcolumbia', 'sc', 'centerroom main', 'notre dame'}"
133,"Regan, Elizabeth A.","{'connecticutdr elizabeth', 'two year', 'founding member', 'information organization', 'coordinating council', 'medical school', 'technology also', 'suite', 'health prior', 'technology associate', 'connecticutdr elizabeth regan chair department integrated information technology associate professor health information technology also adjunct professor arnold school public health prior joining usc july', 'kentucky medical', 'national himss', 'joining usc', 'information system', 'public health', 'elmer donna', 'also adjunct', 'program wa', 'recently appointed', 'physician leadership', 'kentucky regional', 'kentucky', 'year', 'innovation committee', 'rural physician', 'served chair department information system', 'eastern kentucky', 'faculty kentucky', 'elmer donna smith endowed chair health system management two year serf board director northeast kentucky regional health information organization neky rhio', 'dr regan', 'served chair', 'prior joining', 'innovation assembly', 'extension center', 'professor arnold', 'rhio also', 'assembly street', 'arnold school', 'regan served', 'serf regional', 'leadership program', 'morehead state', 'department integrated', 'chair health', 'also serf', 'center eastern', 'school public', 'board director', 'smith endowed', 'connecticutm', 'management two', 'year coordinating', 'regional health', 'innovation assembly street', 'integrated information', 'director northeast', 'chair rhio', 'organization neky', 'regan chair', 'information exchange', 'kentucky dr', 'year serf', 'sc', 'associate professor', 'wa recently', 'himss innovation', 'system management', 'neky rhio', 'northeast kentucky', 'chair department', 'elizabeth regan', 'member first', 'kentucky state', 'adjunct professor', 'appointed national', 'donna smith', 'health information', 'information technology', 'department information', 'founding member first board chair rhio also serf regional extension center eastern kentucky dr regan served five year coordinating council kentucky state health information exchange faculty kentucky medical school rural physician leadership program wa recently appointed national himss innovation committee', 'college business', 'health system', 'five year', 'served five', 'school rural', 'exchange faculty', 'endowed chair', 'board chair', 'usc july', 'professor health', 'regional extension', 'first board', 'council kentucky', 'state health', 'serf board'}"
134,"Reifsnider, Kenneth ","{'science engineering', 'material state change', 'relationship material', 'damage tolerance', 'life relationship', 'behavior fuel', 'reifsnider durability', 'tolerance strength', 'aging', 'dr reifsnider', 'dr reifsnider durability', 'material system', 'strength life', 'life prognosis', 'cell science', 'damage tolerance strength life relationship material system performance life prognosis', 'material state', 'long term', 'state change', 'term behavior', 'performance life', 'system performance', 'long term behavior fuel cell science engineering', 'fuel cell'}"
135,"Rekleitis, Ioannis","{'perception', 'coverage', 'slam', 'marine robotics', 'cooperative localization'}"
136,"Reynolds, Tony ","{'friction stir', 'quantitative fractographic', 'experimental micro', 'micro mechanic', 'fractographic analysis', 'dr reynolds', 'quantitative fractographic analysis', 'dr reynolds friction stir welding', 'experimental micro mechanic', 'fatigue fracture', 'reynolds friction', 'stir welding'}"
137,"Rhodes, Curtis ","{'dr rhodes', 'computational fluid', 'rhodes computer', 'engineering manufacturing', 'computational fluid dynamic', 'aided design', 'computer aided', 'dr rhodes computer aided design', 'fluid dynamic'}"
138,"Ritter, James A.","{'material', 'electrochemistry', 'separation', 'magnetic drug', 'drug targeting', 'magnetic drug targeting', 'adsorption'}"
139,"Rizos, Dimitris","{'method bem', 'area structural mechanic emphasis railway highway infrastructure', 'problem ii', 'highway infrastructure', 'bridge dr', 'military bridge', 'problem wave', 'engineering high', 'civilian military', 'structural dynamic', 'performance material', 'etc iii bridge engineering high performance material civilian military application', 'infrastructure bridge', 'dem', 'dr rizos', 'etc iii', 'implementation computational', 'ii analysis', 'railway infrastructure', 'transient analysis', 'train rail trackbed soil interaction problem ii analysis design freight', 'emphasis development', 'soil interaction', 'mechanic emphasis', 'passenger high', 'structure interaction', 'rail trackbed', 'railway highway', 'trackbed soil', 'hybrid method problem wave propagation', 'hybrid method', 'rail system', 'passenger high speed railway infrastructure bridge', 'area structural', 'bridge engineering', 'military application', 'speed railway', 'expertise area', 'civilian military bridge dr rizos expertise area structural mechanic modeling emphasis development implementation computational method bem', 'tunnel', 'analysis multi', 'transient analysis multi phase medium', 'soil structure', 'modeling emphasis', 'train rail', 'computational method', 'emphasis railway', 'mechanic modeling', 'phase medium', 'fem', 'soil structure interaction', 'track', 'analysis design', 'structural mechanic', 'design freight', 'iii bridge', 'speed rail', 'high performance', 'multi phase', 'development implementation', 'high speed', 'material civilian', 'method problem', 'interaction problem', 'rizos expertise', 'wave propagation', 'high speed rail system'}"
140,"Roberts, Elwyn","{'material performance', 'nuclear reactor', 'robert material', 'performance nuclear', 'concurrent engineering', 'manufacturing concurrent engineering', 'dr robert', 'product design', 'dr robert material performance nuclear reactor', 'manufacturing concurrent'}"
141,"Roberts, Kenneth L","{'transport property', 'catalysis', 'nanomaterials', 'fluid transport', 'fluid transport property'}"
142,"Rocheleau, David ","{'pro engineer', 'wide area', 'product design', 'dr rocheleau group ha machine design machine component design group ha done work optimizing design epicyclic gear train ensure long life reduced noise work ha also done helping small medium size company wide area product design issue design concept modeled using pro engineer design software analysis performed variety computer aided engineering tool group ha done work modeling balance plant pem fuel cell system overall design issue involving kinematic dynamic mechanism', 'also performed dr rocheleau hold several patent', 'system overall', 'ensure long', 'also done', 'work modeling', 'machine component', 'also performed', 'involving kinematic', 'computer aided', 'dynamic mechanism', 'design group', 'done work', 'robot prosthetic device', 'new product', 'done helping', 'engineer design', 'medium size', 'design concept', 'epicyclic gear', 'primarily new product innovation device', 'engineering tool', 'ha machine', 'work ha', 'gear train', 'issue design', 'tool group', 'using pro', 'component design', 'work optimizing', 'fuel cell', 'dr rocheleau', 'design epicyclic', 'design software', 'modeling balance', 'life reduced', 'long life', 'ha done', 'noise work', 'optimizing design', 'area product', 'robot prosthetic', 'reduced noise', 'innovation device', 'pem fuel', 'size company', 'balance plant', 'design issue', 'performed variety', 'rocheleau hold', 'company wide', 'train ensure', 'variety computer', 'small medium', 'issue involving', 'hold several', 'group ha', 'design machine', 'several patent', 'analysis performed', 'rocheleau group', 'machine design', 'concept modeled', 'cell system', 'modeled using', 'prosthetic device', 'helping small', 'product innovation', 'performed dr', 'ha also', 'aided engineering', 'primarily new', 'software analysis', 'kinematic dynamic', 'plant pem', 'overall design'}"
143,"Rose, John R. ","{'niac fellow', 'director sc', 'normative reasoning planning', 'paper bioinformatics', 'conducted funded', 'humboldt foundation', 'bmft german', 'nsf equivalent', 'nsf funding', 'machine intelligence', 'nasa institute', 'received nsf', 'author technical', 'chemistry conducted', 'area bioinformatics', 'education nasa', 'inbre bioinformatics', 'core major', 'ieee author', 'funded nsf', 'von humboldt', 'sc inbre', 'wa formerly', 'nih', 'computational science', 'member ieee', 'german nsf', 'multiagent system', 'formerly director', 'bioinformatics core', 'alexander von humboldt foundation', 'computational chemistry conducted funded nsf', 'well commission', 'computational chemistry', 'group de', 'dai multiagent system', 'support effort', 'novo peptide', 'well commission higher education nasa institute advanced concept niac fellow wa formerly director sc inbre bioinformatics core major new focus group de novo peptide sequencing recently received nsf funding support effort', 'funding support', 'major new', 'nasa', 'currently member', 'advanced concept', 'focus group', 'commission higher', 'computational science area bioinformatics', 'peptide sequencing', 'bmft german nsf equivalent', 'new focus', 'sequencing recently', 'reasoning planning', 'institute advanced', 'recently received', 'normative reasoning', 'fellow wa', 'dod onr', 'concept niac', 'higher education', 'de novo', 'science area', 'technical paper', 'alexander von', 'dai multiagent', 'currently member ieee author technical paper bioinformatics'}"
144,"Sabalowsky, Andrew","{'dr sabalowsky prior expertise anaerobic process', 'expertise anaerobic', 'technology centered', 'hydrogen production', 'specifically relate', 'micro wind turbine', 'microbial fuel', 'product recently', 'xenobiotic molecule', 'wind turbine', 'relate bioremediation', 'energy technology', 'biofuel production', 'microbial fuel cell', 'methane hydrogen', 'wave attenuation', 'bioremediation hazardous', 'centered fluid', 'fluid flow', 'renewable energy', 'micro wind', 'dr sabalowsky', 'anaerobic process', 'molecule biofuel', 'specifically relate bioremediation hazardous xenobiotic molecule biofuel production', 'hazardous xenobiotic', 'fermentable product', 'renewable energy technology centered fluid flow', 'ha methane hydrogen production', 'solar chimney', 'sabalowsky prior', 'prior expertise', 'fermentable product recently', 'fuel cell', 'ha methane'}"
145,"Sadati, Monirosadat (Sanaz)","{'external stimulus', 'controlled cargo', 'bottom approach', 'tunable macroscopic', 'controlled release', 'self propulsion', 'micro rheology', 'condition operation', 'environment design', 'property systematic', 'biosensing common', 'motion regulate', 'energy motion', 'many application', 'efficiently realistic', 'chicago', 'engineer responsive material unique architectural feature designed broad range application including tissue engineering', 'stimulus inspired', 'actuation', 'application including', 'emphasis anisotropic', 'engineer responsive', 'soft material', 'harvard', 'self assembly soft material', 'tissue engineering', 'biosensing common feature among natural microswimmers bacteria ability convert energy motion regulate self propulsion response external stimulus inspired biomechanics nature', 'micromachines navigate', 'name many', 'unique architectural', 'active micromotors', 'cargo transport', 'systematic study', 'real time', 'study structure', 'macroscopic property', 'including tissue', 'artificial micromotors', 'explore micro', 'postdoctoral associate', 'application drug', 'micromotors move complex environment explore micro rheology microswimmers complex environment design autonomous micromachines navigate efficiently realistic condition operation', 'autonomous micromachines', 'remediation name', 'inspired biomechanics', 'material science', 'study self', 'leading new', 'broad range', 'move complex', 'release vicinity', 'component capable', 'local energy', 'phd', 'response external', 'amirkabir technology', 'bacteria ability', 'developed transduce', 'directed motion', 'drug delivery', 'propulsion artificial', 'assembly soft', 'dynamic', 'structure rheology', 'controlled cargo transport', 'real time structure rheology', 'design autonomous', 'eth zurich', 'designed broad', 'sadati lab pursue bottom approach study structure', 'micromotors envisioned', 'artificial active micromotors developed transduce local energy directed motion propulsion artificial micromotors envisioned broad range application drug loading', 'natural microswimmers', 'complex environment', 'sadati lab', 'tunable macroscopic property systematic study self assembly', 'micromotors developed', 'feature among', 'common feature', 'topological defect', 'pursue bottom', 'architectural feature', 'propulsion response', 'polymer engineering', 'among natural', 'energy directed', 'capable leading', 'convert energy', 'material unique', 'environment explore', 'feature designed', 'controlled release vicinity cell', 'realistic condition', 'navigate efficiently', 'artificial active', 'assistant professor', 'drug loading', 'responsive material', 'approach study', 'january postdoctoral associate', 'transduce local', 'water remediation', 'vicinity cell', 'anisotropic component', 'ability convert', 'time structure', 'microswimmers complex', 'range application', 'envisioned broad', 'january postdoctoral', 'emphasis anisotropic component capable leading new', 'self assembly', 'rheology microswimmers', 'water remediation name many application', 'microswimmers bacteria', 'motion propulsion', 'biomechanics nature', 'regulate self', 'lab pursue', 'micromotors move'}"
146,"Sahin, Alphan ","{'wireless communication', 'signal processing'}"
147,"Santi, Enrico","{'involved development', 'listen stereo', 'use computer', 'electronics may', 'electricity needed', 'santi long', 'weight current', 'multiple simulation', 'minimal weight', 'simulation language', 'virtual test', 'system power', 'support input', 'electricity needed run thing use everyday processed', 'delivered maximum efficiency', 'come contact power electronics thanks power electronics', 'physic based', 'control simulation advanced electrical power distribution system', 'thing use', 'electrical power', 'simulation electrical', 'power system', 'simulation based', 'distribution system', 'run thing', 'based tool', 'type telephone', 'modeling power', 'device test', 'swearingenroom main', 'test bed', 'sc santi', 'long term', 'use everyday', 'term area', 'smallest size', 'power electronics', 'hole cordless', 'talk type', 'simulation based tool rapid prototyping power system power electronic device test bed support input multiple simulation language spice', 'size minimal', 'sc santi long term area power electronics may interaction power electronics think drive car', 'maximum efficiency', 'bed support', 'etc hardware', 'prototyping power', 'power semiconductor', 'control simulation', 'power distribution', 'filtered', 'delivered maximum', 'etc hardware loop simulation electrical system', 'simulation advanced', 'advanced electrical', 'development virtual', 'area power', 'smallest size minimal weight current modeling', 'current modeling', 'loop simulation', 'cordless drill', 'everyday processed', 'may interaction', 'swearingenroom main streetcolumbia', 'electronic device', 'particular involved', 'contact power', 'needed run', 'cook microwave', 'input multiple', 'make hole', 'semiconductor device', 'electrical system', 'drive car', 'electronics thanks', 'interaction power', 'electronics think', 'hardware loop', 'acsl', 'based modeling', 'tool rapid', 'power electronic', 'physic based modeling power semiconductor device particular involved development virtual test bed', 'think drive', 'talk type telephone', 'saber', 'come contact', 'language spice', 'rapid prototyping', 'make hole cordless drill', 'main streetcolumbia', 'thanks power', 'device particular'}"
148,"Sasanakul, Inthuorn",{'geotechnical engineering'}
149,"Schooley, Benjamin","{'design science', 'health informatics', 'health'}"
150,"Shazly, Tarek ","{'providing basis engineering vascular tissue substitute publication area impactful term providing data model previously understudied yet critical region circulatory system', 'two distinct', 'strategy generalized', 'vascular tissue', 'early work', 'inquiry impacted', 'computational model', 'theoretical biomechanical', 'intra vessel', 'clinical practice', 'sealant application', 'device development', 'face rapid', 'native engineered', 'area experimental', 'area impactful', 'mechanosensitive vascular', 'practice area', 'emergent device', 'material interaction', 'drug pharmacokinetics', 'model clearly', 'needed design', 'publication established', 'modeling endovascular', 'previously understudied', 'tissue essential', 'field demand', 'wa focused', 'device degradation erosion kinetics accommodate inherent complexity face rapid device development', 'technology drug', 'optimize', 'experimental theoretical', 'expect nearly', 'action potential', 'require predictive', 'introducing tissue engineered construct exhibit enhanced matrix elaboration thus potential vascular substitute', 'area interaction', 'meet field', 'regulatory agency begun expect nearly require predictive computational model clearly explain mechanism action potential risk new technology meet field demand', 'approach needed', 'quantifying local', 'tissue engineered', 'implanted polymeric', 'impactful term', 'critical region', 'related publication established novel design strategy enhance adhesion strength without compromising material biocompatibility power strategy generalized across material system surgical sealant application area characterization', 'line inquiry', 'introducing tissue', 'purpose optimizing', 'requiring consideration', 'tissue substitute', 'technologiesendovascular technology', 'yet critical', 'design strategy', 'assessment', 'substitute publication', 'development finite', 'focused understanding', 'deployment strategy', 'strategy facilitate', 'risk new', 'basis engineering', 'related publication', 'drug eluting', 'finite element', 'composition', 'tissue material', 'model design', 'mechanically mediated', 'region circulatory', 'vessel variation', 'material biocompatibility', 'emerged line', 'exploited advanced', 'mechanical principle', 'area characterization', 'environment mechanosensitive', 'tissue remodeling', 'biocompatibility power', 'design deployment', 'coated balloon', 'engineering vascular', 'way first', 'work ha', 'regulatory agency', 'elaboration thus', 'year multidisciplinary', 'technology meet', 'phenomenon exploited', 'strategy enhance', 'focused development', 'safe introduction', 'evolved past', 'vesselsthe identification', 'cell normal', 'property', 'clearly explain', 'demonstration adhesion', 'established novel', 'mediated vascular', 'steadily evolved', 'continued advancement', 'disease state', 'understudied yet', 'explain mechanism', 'provided initial demonstration adhesion tissue specific phenomenon exploited advanced material design second', 'across material', 'accommodate inherent', 'distinct way', 'ha focused', 'surgical sealant', 'material soft', 'blood vesselsthe', 'soft tissuesmy', 'potential vascular', 'principle explain', 'consideration hemodynamics', 'exhibit enhanced', 'strength without', 'vascular substitute', 'field two', 'enhance adhesion', 'engineered construct', 'design second', 'matrix elaboration', 'typically requiring', 'endovascular technology', 'biomechanical study', 'inherent complexity', 'specific phenomenon', 'understanding mechanically mediated vascular tissue remodeling', 'provided initial', 'facilitate continued', 'performance publication', 'tissue specific', 'applying continuum mechanical principle explain intra vessel variation geometry', 'element based', 'optimizing surgical', 'work wa', 'publication emerged', 'nearly require', 'kinetics accommodate', 'potential risk', 'adhesion tissue', 'mechanical model', 'endovascular technologiesendovascular', 'providing data', 'explain intra', 'complexity face', 'drug coated', 'novel design', 'rapid device', 'interaction implanted', 'advanced material', 'balloon steadily', 'variation geometry', 'providing basis', 'interaction purpose', 'study native', 'adhesion strength', 'drug coated balloon steadily evolved past year multidisciplinary approach needed design', 'mechanism action', 'without compromising', 'erodible scaffold', 'agency begun', 'model previously', 'understanding soft', 'new technology', 'applying continuum', 'generalized across', 'engineered blood', 'construct exhibit', 'begun expect', 'based computational', 'eluting stent', 'evaluate emergent device', 'predictive computational', 'initial demonstration', 'typically requiring consideration hemodynamics', 'power strategy', 'application area', 'data model', 'compromising material', 'publication area', 'tissuesmy early', 'work ha focused development finite element based computational model design deployment strategy facilitate continued advancement endovascular technology safe introduction clinical practice area experimental theoretical biomechanical study native engineered blood vesselsthe identification constitutive mechanical model vascular tissue essential quantifying local environment mechanosensitive vascular cell normal disease state', 'impacted field', 'thus potential', 'understanding mechanically', 'vascular cell', 'material system', 'past year', 'advancement endovascular', 'model vascular', 'circulatory system', 'degradation erosion', 'constitutive mechanical', 'material design', 'system surgical', 'enhanced matrix', 'evaluate emergent', 'area interaction implanted polymeric material soft tissuesmy early work wa focused understanding soft tissue material interaction purpose optimizing surgical sealant performance publication emerged line inquiry impacted field two distinct way first', 'essential quantifying', 'polymeric material', 'sealant performance', 'local environment', 'material mechanic', 'erosion kinetics', 'multidisciplinary approach', 'continuum mechanical', 'modeling endovascular technologiesendovascular technology drug eluting stent', 'soft tissue', 'technology safe', 'normal disease', 'term providing', 'introduction clinical', 'identification constitutive', 'device degradation'}"
151,"Shepherd, Jeremiah","{'shepherd teach', 'jj shepherd', 'csce course', 'jj shepherd teach csce course', 'teach csce'}"
152,"Sheth, Amit","{'cognitive perceptual', 'smart data', 'big smart', 'perceptual comput', 'artificial intelligence', 'semantic cognitive perceptual comput', 'semantic cognitive', 'knowledge graph', 'big smart data', 'knowledgeinfused learning'}"
153,"Shimpalee, Sirivatch","{'shimpalee current', 'complex system', 'high temperature thermal system', 'transport phenomenon', 'bioenergy expertise use multi scale multi dimensional modeling combine electrochemistry understand physic inside complex system particularly transport phenomenon', 'columbia', 'multi scale', 'expertise use', 'horizon main', 'thailand', 'modeling combine', 'inside complex', 'physic inside', 'dimensional modeling', 'use multi', 'energy storage', 'understand physic', 'chiang mai', 'renewable energy', 'energy including', 'temperature thermal', 'bradley', 'scale multi', 'combine electrochemistry', 'electrochemistry understand', 'system particularly', 'area renewable', 'sc', 'including fuel', 'bioenergy expertise', 'current area', 'multi dimensional', 'high temperature', 'shimpalee current area renewable energy including fuel cell', 'thermal system', 'main streetcolumbia', 'horizon main streetcolumbia', 'fuel cell', 'particularly transport'}"
154,"Simin, Grigory","{'sc', 'main streetcolumbia', 'swearingenroom main', 'swearingenroom main streetcolumbia'}"
155,"Smoak, Wilson","{'elct electrical', 'engineering department', 'following successful', 'digital electronics', 'design course', 'wilson smoak instructor coordinator capstone design course', 'successful career', 'design digital', 'recently intel', 'instructor coordinator', 'elct electrical engineering department', 'smoak instructor', 'wilson smoak', 'electrical engineering', 'career design', 'following successful career design digital electronics', 'capstone design', 'coordinator capstone'}"
156,"Sockalingam, Subramani ","{'experimental mechanic', 'finite element analysis', 'composite', 'computational mechanic', 'element analysis', 'finite element'}"
157,"Spinale, Frank G.","{'board seven', 'cause heart', 'pioneered various', 'particular focus', 'main cause', 'clinical study ha working advance understanding potential treatment major cause heart failure patient also entrepreneur patent nih small business technology transfer grant develop microdialysis microfluidics delivery system cardiac surgery additionally', 'cardiac surgery', 'ha invited', 'major cause', 'also entrepreneur', 'company biotechnology', 'small business', 'ha directed translational effort thematic area cardiovascular remodeling particular focus upon heart failure', 'ha pioneered', 'leading cardiovascular', 'advance understanding', 'renowned cardiovascular', 'decade mechanistic', 'journal fellow', 'major scientific', 'cardiology ha', 'death disability', 'translational effort', 'remodeling particular', 'cardiovascular translational', 'francis spinale', 'including american', 'potential treatment', 'cardiovascular remodeling', 'publication leading', 'director cardiovascular', 'md', 'business technology', 'pharmaceutical company', 'transfer grant', 'directed translational', 'professional society', 'scientific meeting', 'dr spinale serf ditorial board seven prestigious scientific journal consultant various pharmaceutical company biotechnology company credit', 'collaborate department', 'american college', 'ha pioneered various project cardiac working collaborate department faculty som va', 'cause death', 'congress conference', 'ha directed', 'reviewed publication', 'consultant various', 'working advance', 'several professional', 'prestigious scientific', 'biotechnology company', 'faculty som', 'phd', 'american heart', 'including american heart association american college cardiology ha invited present nationally internationally major scientific meeting', 'upon heart', 'also ha', 'dr spinale', 'present nationally', 'working collaborate', 'journal consultant', 'past two decade mechanistic', 'study ha', 'also ha peer reviewed publication leading cardiovascular journal fellow several professional society', 'past two', 'ha working', 'failure patient', 'seven prestigious', 'thematic area', 'heart association', 'technology transfer', 'patient also', 'project cardiac', 'internationally major', 'ha peer', 'spinale director', 'invited present', 'main cause death disability', 'congress conference dr spinale director cardiovascular translational center', 'som va', 'various pharmaceutical', 'entrepreneur patent', 'delivery system', 'serf ditorial', 'company credit', 'clinical study', 'heart failure', 'system cardiac', 'develop microdialysis', 'ditorial board', 'college cardiology', 'various project', 'surgery additionally', 'translational center', 'understanding potential', 'grant develop', 'spinale serf', 'nationally internationally', 'internationally renowned cardiovascular scientist', 'cardiovascular scientist', 'effort thematic', 'peer reviewed', 'fellow several', 'cardiovascular journal', 'cardiac working', 'internationally renowned', 'association american', 'conference dr', 'translational', 'microdialysis microfluidics', 'treatment major', 'patent nih', 'nih small', 'area cardiovascular', 'microfluidics delivery', 'two decade', 'focus upon', 'scientific journal', 'department faculty'}"
158,"Srivastava, Biplav","{'traffic', 'smarter city', 'city water', 'artificial intelligence', 'service', 'smarter city water', 'health'}"
159,"Stanford, Thomas G.","{'engineering centerroom', 'engineering centerroom main streetcolumbia', 'main streetcolumbia', 'math', 'sc', 'centerroom main', 'michigan'}"
160,"Stiffler, Nick",{'robotics'}
161,"Sudarshan, Tangali S.","{'sudarshan specialization', 'main streetcolumbia', 'swearingenroom main', 'sc sudarshan specialization', 'swearingenroom main streetcolumbia', 'sc sudarshan'}"
162,"Summers, Bill ","{'involved development', 'doe oit', 'hydride container', 'plan nuclear', 'developing first', 'bed development', 'industrial fuel', 'wa program', 'nuclear energy', 'charter member recently served chairman first annual hydrogen storage workshop', 'analyze bed', 'summer manager', 'technology involves', 'served chairman', 'heat transfer', 'develop industrial', 'mining vehicle', 'manager development', 'also organized', 'advanced energy', 'since dr', 'site representative', 'hydride storage', 'industry future', 'currently chairman', 'associated technology', 'also member', 'world largest', 'hydrogen association', 'doe ne', 'transfer enhancement', 'commercial code', 'national meeting', 'propulsion institute', 'system dr', 'standard metal', 'westinghouse savannah', 'first annual', 'program manager', 'new product', 'state hydrogen', 'dr summer manager hydrogen program within hydrogen technology laboratory', 'storage material', 'within hydrogen', 'chairman national', 'emerging technology', 'world first', 'bed performance', 'establish plan', 'onboard metal', 'doe office', 'represents srtc', 'led numerous', 'national workshop', 'hydrogen electric', 'technology center', 'represents srtc fuel cell propulsion institute board director', 'wsrc since', 'project management', 'mathematical model', 'year study', 'institute board', 'program analyze', 'utilized world', 'nuclear hydrogen', 'storage workshop', 'development world', 'first hybrid', 'largest onboard', 'three year', 'summer also', 'assess feasibility', 'program currently', 'including heat transfer enhancement currently chairman national working group developing first commercial code standard metal hydride container hydrogen storage dr summer also member site representative national hydrogen association', 'experience new', 'engineering hydrogen', 'first commercial', 'major national meeting focused hydrogen storage dr summer also co chaired national workshop help establish plan nuclear hydrogen production doe ne', 'meeting focused', 'program management', 'board director', 'also managed', 'hybrid hydrogen', 'development mathematical', 'fuel cell', 'analyze develop', 'feasibility nuclear', 'ha led', 'electric transit', 'container hydrogen', 'development project', 'develop emerging', 'vehicle using', 'dr summer involved development hydrogen storage material associated technology involves engineering hydrogen storage bed development mathematical model analyze bed performance', 'summer principal', 'production doe', 'transit bus', 'project funded', 'extensive experience', 'member site', 'energy system', 'hydrogen technology', 'focused hydrogen', 'river technology', 'field advanced', 'co chaired', 'ha westinghouse', 'hydrogen vehicle', 'group developing', 'program within', 'workshop help', 'river company', 'code standard', 'managed fuel', 'involves engineering', 'chairman first', 'wa first', 'technology doe', 'solid state', 'national hydrogen', 'organized managed', 'product development', 'vehicle commercial', 'future program', 'national working', 'also co', 'savannah river technology center srtc ha extensive experience new product development project management', 'year experience', 'summer involved', 'help establish', 'vehicle project', 'storage bed', 'bus bus', 'investigator three', 'science technology', 'commercial service', 'utilized world largest onboard metal hydride storage system dr summer also organized managed project develop industrial fuel cell vehicle using solid state hydrogen storage also managed fuel cell mining vehicle project funded doe oit industry future program currently', 'bus wa', 'srtc ha', 'science technology doe ne addition program management', 'hydrogen production', 'enhancement currently', 'addition program', 'hydrogen storage', 'manager hydrogen', 'major national', 'project develop', 'dr summer', 'srtc fuel', 'numerous program', 'funded doe', 'member recently', 'technology wa', 'annual hydrogen', 'cell vehicle', 'system ha', 'first hydrogen', 'development hydrogen', 'center srtc', 'principal investigator', 'savannah river', 'material associated', 'summer ha', 'ne addition', 'storage system', 'technology laboratory', 'metal hydride', 'study assess', 'including heat', 'recently served', 'using solid', 'oit industry', 'including year', 'managed project', 'storage dr', 'storage also', 'including year experience field advanced energy system ha westinghouse savannah river company wsrc since dr summer ha led numerous program analyze develop emerging technology wa program manager development world first hybrid hydrogen electric transit bus bus wa first hydrogen vehicle commercial service', 'office nuclear', 'model analyze', 'cell propulsion', 'company wsrc', 'cell mining', 'chaired national', 'hydrogen program', 'dr summer principal investigator three year study assess feasibility nuclear hydrogen production doe office nuclear energy', 'representative national', 'experience field', 'ha extensive', 'working group', 'charter member'}"
163,"Sur, Sanjib ","{'millimeterwave', 'mobile computing', 'terahertz', 'wireless networking'}"
164,"Sutton, Michael","{'plastic fracture mechanic', 'incoherent optic', 'method experimental', 'boundary valve problem', 'element modeling', 'image processing', 'coherent incoherent', 'finite element', 'fracture mechanic', 'digital image processing', 'dr sutton coherent incoherent optic application', 'experimental mechanic', 'application integral', 'digital image', 'application integral method experimental mechanic', 'computer vision', 'cracked body', 'dr sutton', 'finite element modeling cracked body', 'integral method', 'plastic fracture', 'optic application', 'boundary valve', 'valve problem', 'sutton coherent', 'modeling cracked'}"
165,"Taheri-Qazvini, Nader ","{'polymer science', 'glassy dynamic', 'material', 'hybrid material', 'soft matter'}"
166,"Tan, Wenbin",{'vascular biology'}
167,"Tang, Chuanbing","{'polymer', 'biomaterials'}"
168,"Tang, Jijun","{'algorithm', 'game', 'computational biology'}"
169,"Thatcher, Matt E. ","{'social cost', 'social cost information privacy', 'patent policy', 'cost information', 'software patent policy design', 'four theme', 'examines strategic economic impact information technology focus four theme value', 'information technology', 'economic impact', 'information privacy', 'impact information', 'focus four', 'policy design', 'technology focus', 'software patent', 'offshoring', 'theme value', 'strategic economic', 'examines strategic'}"
170,"Tong, Yan","{'pattern recognition', 'human computer', 'vision pattern', 'interaction including', 'professor tong', 'computer vision', 'focus computer', 'tong focus', 'computer interaction', 'including limited', 'recognition especially', 'especially human', 'professor tong focus computer vision pattern recognition especially human computer interaction including limited'}"
171,"Tooren, Michel  van","{'aircraft fuselage', 'knowledge based', 'vehicle aerodynamics', 'knowledge based engineering', 'van tooren', 'composite aircraft fuselage', 'dr van tooren design automation', 'road vehicle', 'aircraft certification', 'alternative aircraft', 'dr van', 'aircraft concept', 'engineering road', 'based engineering', 'system engineering road vehicle aerodynamics', 'system engineering', 'alternative aircraft concept', 'tooren design', 'design automation', 'composite aircraft'}"
172,"Uline, Mark J.","{'nucleation', 'thermodynamics', 'soft matter', 'biophysics', 'statistical mechanic'}"
173,"Valafar, Homayoun","{'neural information', 'bioinformatics', 'computational biology', 'information processing', 'artificial intelligence', 'neural information processing', 'machine learning'}"
174,"Valtorta, Marco",{'artificial intelligence'}
175,"Van Brunt, Vincent","{'tennessee', 'polytechnic', 'ph', 'carnegie mellon'}"
176,"Vargas, Juan","{'science engineering', 'professor computer', 'engineering department', 'adjunct professor', 'computer science', 'dr vargas', 'dr vargas adjunct professor computer science engineering department', 'vargas adjunct'}"
177,"Vidal, Jose M. ","{'agentbased modeling', 'artificial intelligence', 'distributed system', 'multiagent system'}"
178,"Viparelli, Enrica","{'present associate professor', 'assistant professor', 'columbia', 'present associate', 'civil environmental engineering', 'civil environmental', 'environmental engineering', 'associate professor'}"
179,"Vitzilaios, Nikolaos (Nikos)","{'autonomous unmanned', 'system robotics', 'area autonomous', 'aircraft system', 'dr vitzilaios', 'unmanned aircraft', 'automation', 'perception autonomous navigation mobile robot', 'dr vitzilaios broad area autonomous unmanned system robotics', 'operational autonomy', 'intelligent system', 'unmanned system', 'field robotics', 'perception autonomous', 'autonomous navigation', 'mechatronics', 'mobile robot', 'vitzilaios broad', 'system uas', 'navigation mobile', 'control system', 'unmanned aircraft system uas', 'robot team', 'machine learning', 'broad area'}"
180,"Vogt, Thomas","{'chemistry', 'physic', 'material science'}"
181,"Wang, Guiren","{'micronanofluidics', 'turbulence mixing', 'cancer detection', 'superresolution imaging', 'labonachip'}"
182,"Wang, Guoan","{'sc', 'main streetcolumbia', 'swearingenroom main', 'swearingenroom main streetcolumbia'}"
183,"Wang, Song","{'image processing', 'machine learning', 'computer vision'}"
184,"Wang, Xiaofeng","{'sc', 'main streetcolumbia', 'swearingenroom main', 'swearingenroom main streetcolumbia'}"
185,"Wang, Yi","{'analysis reduced', 'free mesenchymal', 'intelligencel lee', 'labdr wang', 'thermal energy', 'fidelity multiphysics', 'bone marrow', 'label free', 'j garsona', 'management', 'engineering data', 'structural interaction', 'additive manufacturing', 'multiphysics cfd', 'including model', 'adaptive modeling', 'form modeling', 'engineering intelligencel', 'order modeling', 'mesenchymal stem', 'multiphysics multiscale', 'pant j', 'level simulation', 'process control', 'system level', 'fidelity surrogate', 'focus physic', 'physic based', 'long term goal towards engineering intelligencel lee', 'data analytics', 'cd application', 'scale system', 'high fidelity multiphysics cfd fem analysis reduced order modeling closed form modeling real time simulation', 'real time', 'model development', 'goal towards', 'imsel labdr', 'analytical method', 'inertial microfluidics', 'label free mesenchymal stem cell enrichment bone marrow spiral inertial microfluidics', 'space exploration', 'thermal energy management', 'among others specific focus physic based adaptive modeling', 'pant j klarmannc', 'curriculum vitae', 'adaptive model', 'experimentation', 'long term', 'parameter estimation', 'system design', 'j klarmannc', 'vitae pdf', 'adaptive model integration massive real time data analytics', 'modeling multidisciplinary', 'integration massive', 'term goal', 'multidisciplinary analysis', 'high fidelity', 'including model development', 'machine learning', 'science engineering', 'uncertainty quantification', 'closed form', 'energy management', 'discovery', 'lai', 'among others', 'specific focus', 'fem analysis', 'including fluid', 'rosanoa', 'multiscale system', 'enabled science', 'based adaptive', 'cfd fem', 'large scale', 'engineering microfluidics', 'alvarez', 'trade space', 'microfluidics nanofluidics', 'fluid structural', 'including engineering', 'data enabled', 'including fluid structural interaction', 'system engineering', 'trade space exploration', 'enrichment bone', 'prabhakarpandiana', 'data driven', 'wang computational', 'computing visualization', 'modeling closed', 'towards engineering', 'massive real', 'hardware development', 'time data', 'data mining', 'pdf imsel', 'green computing', 'computational data', 'engineering cd', 'control data', 'curriculum vitae pdf imsel labdr wang computational data enabled science engineering cd application multiphysics multiscale system engineering', 'time simulation', 'including engineering data mining', 'driven multi', 'large scale system level simulation', 'process control data driven multi fidelity surrogate modeling multidisciplinary analysis optimization', 'reduced order', 'cell enrichment', 'modeling real', 'surrogate modeling', 'application multiphysics', 'others specific', 'model integration', 'spiral inertial', 'analysis optimization', 'control synthesis', 'marrow spiral', 'wang', 'green computing visualization system engineering microfluidics nanofluidics', 'visualization system', 'multi fidelity', 'stem cell'}"
186,"Wei, Xiaojun","{'biosensor', 'nanopore', 'biomedical engineering', 'functional nanoparticles'}"
187,"Wells, James R.","{'african american', 'predict gene', 'cancer dec', 'expression type hpv hnscc tumor specimen investigate marker specific pathway tumor development', 'recurrent squamous', 'head neck', 'hpv infection', 'biomarkers pathway', 'tumor development', 'american patient', 'clinical focus', 'freshly resected', 'attention biomarkers', 'tissue specimen', 'expression type', 'particular attention biomarkers pathway may different hpv positive hpv negative cancer', 'type hpv', 'cell carcinoma', 'school medicineva', 'hpv hnscc', 'particular attention', 'hpv negative', 'hnscc tumor', 'investigate marker', 'positive hpv', 'american european', 'hpv positive', 'specific pathway', 'rdprofessor well', 'determine presence', 'may different', 'medicineva campusbld', 'specimen investigate', 'european american', 'ferry rdprofessor', 'campusbld garner', 'therapy efficacy', 'african american european american patient biomarkers predict gene therapy efficacy recurrent squamous cell carcinoma head neck clinical cancer dec', 'marker specific', 'squamous cell', 'infection freshly', 'tumor specimen', 'different hpv', 'specimen purpose', 'patient biomarkers', 'resected tissue', 'efficacy recurrent', 'pathway tumor', 'focus analysis', 'negative cancer', 'purpose study', 'neck clinical', 'biomarkers predict', 'well clinical', 'carcinoma head', 'study determine', 'school medicineva campusbld garner ferry rdprofessor well clinical focus analysis hpv infection freshly resected tissue specimen purpose study determine presence', 'garner ferry', 'pathway may', 'gene therapy', 'analysis hpv', 'clinical cancer'}"
188,"White, Ralph E.","{'dr whiteph', 'cv dr whiteph', 'california berkeley', 'cv dr'}"
189,"Williams, Christopher","{'polycrystalline transition', 'biomass derived', 'molecular level', 'enhanced raman', 'electrocatalytic reduction', 'particular focus studying solid liquid catalytic interface catalysis carried liquid phase important application fine chemical pharmaceutical production', 'fine chemical', 'pharmaceutical production', 'particular focus', 'specific application', 'nanoscale williams', 'sfs information', 'allows develop', 'catalyst reaction', 'spectroscopy sers', 'byproduct biodiesel', 'temperature specific', 'new fuel', 'major byproduct biodiesel production hydrodeoxygenation biomass derived organic acid acid ester hydrocarbon fuel electrocatalytic reduction carbon dioxide hydrocarbon catalyst investigation involve polycrystalline transition metal oxide supported mono bimetallic nanoparticle catalyst latter material prepared either traditional catalyst synthesis method novel protocol development g', 'ester hydrocarbon', 'oxide supported', 'biodiesel production', 'especially glycerol', 'metal nano', 'engineering centerroom main streetcolumbia', 'solid catalyst', 'industrially relevant', 'carried liquid', 'supported mono', 'current reaction', 'major byproduct', 'composition nanoscale', 'ketoesters alkenoic', 'variety industrial source', 'sc williams', 'specific technique', 'level understanding', 'critical wish', 'phase important', 'system enantioselective', 'relevant reaction', 'frequency spectroscopy', 'group area', 'catalyst investigation', 'obtained approach', 'catalyst specific', 'national science', 'sc williams group area heterogeneous catalysis surface science', 'condition e', 'acid acid', 'control size', 'information obtained', 'investigation involve', 'enantioselective hydrogenation', 'hydrocarbon catalyst', 'catalytic mechanism', 'electroless deposition allow control size composition nanoscale williams group currently funded national science foundation', 'currently funded', 'total reflection', 'nano composite', 'liquid phase high gas pressure temperature specific technique development group surface enhanced raman spectroscopy sers', 'prepared either', 'develop molecular', 'including especially', 'phase high', 'technique development', 'traditional catalyst', 'liquid catalytic', 'interface catalysis', 'material prepared', 'surface science', 'catalysis surface', 'sum frequency', 'function heterogeneous', 'understanding critical', 'industrial source', 'catalyst surface', 'hydrogenation alpha', 'govern function', 'attenuated total', 'transition metal', 'pressure temperature', 'latter material', 'derived organic', 'fuel electrocatalytic', 'operando surface', 'heterogeneous catalysis', 'development g', 'electroless deposition', 'raman spectroscopy', 'adsorption catalysis', 'studying solid', 'spectroscopic method', 'gas pressure', 'approach allows', 'high gas', 'reduction carbon', 'dendrimer metal', 'method study', 'understanding catalytic', 'acid ester', 'involves development', 'engineering centerroom', 'spectroscopy sfs', 'catalyst latter', 'condition understanding', 'metal oxide', 'production new fuel biorenewable resource primary involves development application situ operando surface vibrational spectroscopic method study adsorption catalysis solid catalyst surface industrially relevant reaction condition e', 'wish rationally', 'attenuated total reflection infrared atr ir spectroscopy', 'dioxide hydrocarbon', 'area heterogeneous', 'dendrimer metal nano composite', 'mechanism govern', 'either traditional', 'involve polycrystalline', 'sum frequency spectroscopy sfs information obtained approach allows develop molecular level understanding catalytic mechanism govern function heterogeneous catalyst reaction condition understanding critical wish rationally design catalyst specific application future current reaction system enantioselective hydrogenation alpha ketoesters alkenoic acid selective oxidation alcohol', 'reaction system', 'allow control', 'design catalyst', 'liquid phase', 'carbon dioxide', 'focus studying', 'resource primary', 'funded national', 'application fine', 'nanoparticle catalyst', 'infrared atr', 'surface enhanced', 'oxidation alcohol', 'selective oxidation', 'important application', 'bimetallic nanoparticle', 'synthesis method', 'vibrational spectroscopic', 'size composition', 'alkenoic acid', 'catalysis solid', 'application future', 'centerroom main', 'hydrodeoxygenation biomass', 'development application', 'fuel biorenewable', 'primary involves', 'reaction condition', 'including especially glycerol', 'group currently', 'protocol development', 'production new', 'variety industrial', 'future current', 'catalysis carried', 'acid selective', 'study adsorption', 'situ operando', 'group surface', 'production hydrodeoxygenation', 'solid liquid', 'mono bimetallic', 'application situ', 'surface vibrational', 'deposition allow', 'reflection infrared', 'novel protocol', 'heterogeneous catalyst', 'williams group', 'catalytic interface', 'ir spectroscopy', 'method novel', 'organic acid', 'atr ir', 'development group', 'biorenewable resource', 'chemical pharmaceutical', 'rationally design', 'science foundation', 'hydrocarbon fuel', 'main streetcolumbia', 'catalyst synthesis', 'surface industrially', 'alpha ketoesters'}"
190,"Won, Sang Hee","{'propulsion', 'fuel', 'flame', 'chemical kinetics', 'combustion'}"
191,"Wu, Dezhi","{'big data', 'humancomputer interaction', 'big data analytics', 'behavioral information security', 'data analytics', 'behavioral information', 'ux design', 'humancomputer interaction ux design', 'information security', 'ai', 'health', 'interaction ux'}"
192,"Xu, Songhua","{'intelligent user', 'information retrieval', 'informatics artificial', 'recommender system', 'text image', 'user interface', 'xu area', 'law computer', 'songhua xu area health information technology', 'graphic interactive', 'property law', 'multimedia visualization', 'health information', 'information technology', 'health cancer', 'technique multimedia', 'area health', 'visualization visual', 'health cancer informatics artificial intelligence', 'recommender system text image mining patent informatics intelligent software practitioner intellectual property law computer graphic interactive technique multimedia visualization visual analytics intelligent user interface', 'cancer informatics', 'knowledge management', 'practitioner intellectual', 'computer graphic', 'informatics intelligent', 'analytics intelligent', 'interactive technique', 'artificial intelligence', 'mining patent', 'system text', 'intellectual property', 'intelligent software', 'songhua xu', 'including personalization', 'including medical', 'visual analytics', 'patent informatics', 'software practitioner', 'image mining'}"
193,"Xue, Xingjian (Chris) ","{'transport phenomenon', 'transport phenomenon electrochemical kinetics', 'solid oxide', 'separation membrane', 'oxide fuel', 'dr xue', 'gas separation membrane', 'phenomenon electrochemical', 'durability functional', 'reliability durability functional structural material', 'electrochemical energy', 'solid oxide electrolysis cell', 'conversion storage', 'oxide electrolysis', 'xue solid', 'dr xue solid oxide fuel cell', 'gas separation', 'electrolysis cell', 'energy conversion', 'functional structural', 'material electrochemical', 'material electrochemical energy conversion storage', 'reliability durability', 'electrochemical kinetics', 'fuel cell', 'structural material'}"
194,"Yoon, Yeomin","{'sonodegradation', 'nanotechnology', 'water treatment', 'adsorption', 'membrane filtration'}"
195,"Yu, Lingyu ","{'ultrasonics', 'structural health monitoring', 'vibration', 'health monitoring', 'structural health'}"
196,"Yuan, Lang","{'solidification', 'discrete element', 'additive manufacturing', 'microstructure modelling', 'element modelling', 'discrete element modelling'}"
197,"Zand, Ramtin","{'design machine', 'aware vlsi', 'nanoscale electronics', 'neuromorphic computing', 'learning system', 'zand involve', 'adaptive computer', 'involve hardware', 'emerging nanoscale electronics including spintronic device', 'dr zand involve hardware design machine learning system', 'low power reliability aware vlsi circuit', 'spintronic device', 'computer architecture', 'low power', 'emerging nanoscale', 'reconfigurable adaptive computer architecture', 'electronics including', 'reconfigurable adaptive', 'vlsi circuit', 'reliability aware', 'power reliability', 'hardware design', 'including spintronic', 'machine learning', 'dr zand'}"
198,"Zhang, Bin","{'sc', 'main streetcolumbia', 'swearingenroom main', 'swearingenroom main streetcolumbia'}"
199,"Zhang, Qi","{'learning long', 'flexibility handle', 'retain power', 'context end', 'build safe', 'decision making', 'handle complex', 'power flexibility', 'reinforcement learning', 'system retain', 'diverse context', 'dynamic environment', 'goal build', 'develop analyze', 'algorithm uncertain', 'analyze decision', 'making algorithm', 'develop analyze decision making algorithm uncertain', 'long term', 'artificial intelligence', 'ai system', 'trustworthy ai', 'term goal', 'artificial intelligence reinforcement learning long term goal build safe', 'reliable', 'trustworthy ai system retain power flexibility handle complex', 'diverse context end', 'intelligence reinforcement'}"
200,"Zhou, Caizhi","{'dislocation dynamic', 'mechanical metallurgy', 'friction stir', 'crystal plasticity', 'multiscale modeling', 'friction stir welding', 'stir welding'}"
201,"Ziehl, Paul","{'engineering department', 'dr ziehl', 'experience management', 'capability faculty', 'serf understand align capability faculty enterprise college professor structural engineering department mechanical civil environmental engineering dr ziehl ha experience management joint venture project involving multiple industrial collaborator ha served principal investigator four year nist sponsored joint venture project edge analytics development commercially deployed wireless structural prognosis system', 'mechanical civil', 'enterprise college', 'venture project', 'commercially deployed', 'project involving', 'dean college', 'project edge', 'suite', 'align capability', 'sponsored joint', 'edge analytics', 'engineering main street', 'involving multiple', 'ha served', 'environmental engineering', 'college engineering', 'structural prognosis', 'faculty enterprise', 'ziehl associate', 'served principal', 'engineering computing', 'principal investigator', 'paul ziehl', 'ziehl ha', 'analytics development', 'collaborator ha', 'prognosis system', 'management joint', 'year nist', 'main street', 'sc paul ziehl associate dean college engineering computing', 'serf understand', 'associate dean', 'investigator four', 'department mechanical', 'industrial collaborator', 'nist sponsored', 'college professor', 'joint venture', 'civil environmental', 'engineering main', 'structural engineering', 'deployed wireless', 'professor structural', 'wireless structural', 'ha experience', 'development commercially', 'four year', 'understand align', 'sc paul', 'multiple industrial', 'engineering dr'}"
