Title,Attachment Text,Start Date,End Date
2nd Call for Proposal for DST-STI Policy Fellowship Programme," 
DST - SCIENCE, TECHNOLOGY, AND 
INNOVATION POLICY FELLOWSHIPS 
PROGRAMME  
 
         
 
(DST-STI-PFP) 
 
 
 
 
 
 
 
 
GUIDELINES AND PROFORMA 
FOR SUBMISSION OF APPLICATIONS 
 
 
 
 
 
 
 
 
Last date of submission of application for DST-STI 
Fellowship: May 30, 2017 
 
 
 
 
Government of India 
 
Ministry of Science & Technology 
 
Department of Science & Technology 
 
Policy Research Cell 
 
Technology Bhawan, New Mehrauli Road 
 
New Delhi-110016 
(April 2017)
2 
 
 
 
 
Ministry of Science and Technology 
Department of Science and Technology 
 
 
DST Science, Technology, and Innovation Policy Fellowships 
 
Background and Motivation 
Science, Technology, and Innovation (STI) are now recognized as playing a significant 
role in advancing human, social, and economic development and meeting the 
aspirations of people and nations across the world.  As a result, understanding STI 
processes and exploring ways to strengthen them is a major strand of intellectual 
activity, evinced by the explosion of literature on these topics in the last decade.  At 
the same time, there are significant efforts to link this understanding to better policy 
making by a range of governmental agencies (both in developed and emerging 
economies) and inter-governmental organizations. 
 
In recognition of importance and potential of STI in meeting India’s developmental 
challenges through “acceleration of the pace of discovery and delivery of science-lead 
solutions for faster, sustainable and inclusive growth,” the government launched the 
Science, Technology, and Innovation Policy in 2013. Department of Science and 
Technology (DST) recognized the importance of evidence-driven research and 
analysis in underpinning the effective achievement of the objectives of this policy and 
established DST Centers for Policy Research (CPRs) in various academic institutions 
across the country (Annexure-I). These centers are engaged in targeted research in 
number of key areas relevant to the coun",03/05/2017,30/05/2017
DST-DAAD Germany Joint Call For Proposal 2017," 
 
 
 
  
   
                     
                                       
                                   P33 – Projektförderung deutsche Sprache, 
                                   Alumniprojekte, Forschungsmobilität (PPP) 
 
 
 
 
 
Department of Science & Technology 
Government  of India 
 
                                             
 
1 
 
Announcement 2017              
 Project- based Personnel Exchange Programme with India 
- Indo-German Joint Research Collaboration - 
 
DAAD / Department of Science and Technology (DST) 
Last Date : 14th June 2017 
  
 
Agreement 
 The ’Project-based Personnel Exchange Programme’(PPP) is a bilateral research 
promotion programme which is the result of the Memorandum of Understanding 
(MoU) concluded in 1998 between the German Academic Exchange Service 
(DAAD) and the Department of Science and Technology (DST). . 
 
  
Who are the funding 
institutions? 
 DAAD receives funds for implementing the programme through a budget allocation 
made by the Federal Ministry of Education and Research (BMBF). On the Indian 
side, the programme is funded by Government of India through the Department of 
Science and Technology (DST).  
 
  
What are the aims of 
the programme?  
 
 The basic aim of the programme is to strengthen the collaboration between Indian 
and German research groups, which are working jointly on a particular scientific 
project.  The programme ’Project-based Personnel Exchange’ envisages, in this 
connection, financial support for operational mobility only. Particular emphasis is 
thereby accorded to academic training and specialization of young researchers.  
Concrete objectives have to be mentioned in the application (project description) 
(including the number and academic credentials of the researchers to be sup-
ported). 
Research collaborations entered into with the intention of initiating major projects, 
such as the preparation of joint applications meant for submission to any other fund-
ing organisati",19/04/2017,14/06/2017
Call for applications under the second phase of the National Geospatial Chair Professor scheme,"GOVERNMENT OF INDIA 
MINISTRY OF SCIENCE & TECHNOLOGY 
DEPARTMENT OF SCIENC & TECHNOLOGY 
(NRDMS-NSDI DIVISION) 
 
Call for applications under the second phase of the “National Geospatial 
Chair Professor"" scheme  
 
 
Geospatial technology has emerged as an effective tool for planning, management 
and decision making globally, nationally and locally. In recent years, this 
technology has made inroads across various sectors in the public as well as 
private domain in India. 
 
Recognizing its importance, over the last three decades Government of India is 
supporting various National programmes to demonstrate the utility of Geospatial 
technologies to its stakeholders. Natural Resource Data Management System 
(NRDMS) of the Department of Science & Technology (DST) is one of such 
programmes for promoting and supporting R & D projects to demonstrate the 
efficacy of Geospatial technologies for decentralized planning at local levels. The 
programme aims at strengthening R&D in specific identified areas to demonstrate 
the Geospatial Science, Technology, Applications and Entrepreneurship for 
efficient development planning. Capacity Building and Training is one of the key 
objectives of the programme to make trained manpower available. In order to 
address the same, under the 1st phase of the National Geospatial Chair Scheme, 
seven Geospatial Chair Positions were created since 2011-12 in well reputed 
institutes/ universities in the field of Geospatial Technology.  
 
Considering the increased national demand for Geospatial Science and 
Technology, the Department of Science and Technology is launching the 2nd 
Phase of the National Geospatial Chair Scheme with the goal to catalyze 
augmentation of the National Geospatial Ecosystem across the Geospatial value 
chain viz. Science, Technology, Applications and Enterprise.  Under this scheme, 
15(Fifteen) National Geo-Spatial Professor positions (including the existing 
positions) will be established over the next five yea",18/04/2017,16/06/2017
Advertisement for submission of research proposal under Cognitive Science Research Initiative," 
Ministry of Science and Technology 
Department of Science and Technology 
 
COGNITIVE SCIENCE RESEARCH INITIATIVE (CSRI) 
 
Cognitive Science is the study of mind and brain, focusing on how the mind represents 
knowledge and how mental representations and processes are realized in the brain. The 
field is interdisciplinary, combining ideas and methods from psychology, computer science, 
linguistics, philosophy, neuroscience and so on. Cognitive Science Research Initiative 
(CSRI) of Department of Science and Technology (DST) is aimed at revolutionizing research 
in various fields such as, a) nature and origin of mental disorders of psychological, social 
and neurochemical origin; b) design of better learning tools and educational paradigms; 
and c) design of better cognition based software technologies and devices, among others. 
 
 DST seeks proposal in active areas of Cognitive Science research that includes emotions, 
language, memory, visual perception & cognition, thinking & reasoning, social cognition, 
decision making, artificial intelligence, computational modeling of cognitive processes, 
psychology, cognitive development and other important components derived from work in 
neurosciences, philosophy, linguistics, anthropology, etc. The major aim is to characterize 
the nature of human knowledge- its forms and content- and how that knowledge is used, 
processed, and acquired.  
 
Aiming to promote and intensify cutting-edge research in Cognitive Science, DST invites 
‘Individual Research Proposal’ and ‘Application for CSRI-PDF’ for 2017-18. The details of both 
these components of CSRI are as follows: 
 
(i) Individual Research Proposal for 2017-18: 
 
Scientists/academicians with research background in Cognitive Science and having regular 
positions are invited to participate in Cognitive Science Research Initiative. Interested 
persons are required to submit research proposals in their area of expertise along with 
Endorsement Certificate from the Head o",12/05/2017,30/06/2017
Invites Science and Technology Project Proposals - Ministry of Mines,"ANNOUNCEMENT  
 
Government of India 
Ministry of Mines 
 
Invites Science and Technology Project Proposals 
 
 
Projects are invited from Academic Institutions, Universities, 
National Institutes and R&D Institution recognized by the Department of 
Scientific and Industrial Research, Government of India, for upto 3 years 
duration in the following thrust areas which have direct bearing on mineral 
sector, applied and sustainable aspect of mining and industrial 
applications: 
 
2. 
THRUST AREAS OF RESEARCH IN MINES 
 
The broad thrust areas for supporting Research in Mining are given below: 
i) 
Prospecting/exploration for strategic rare and rare earth minerals. 
ii) 
Development of new technology for mineral exploration and mining 
on land and deep sea to locate and exploit new mineral resources. 
iii) 
Research in mining methods. This includes rock mechanics, mine 
designing, mining equipments, energy conservation, environmental 
protection and mine safety. 
iv) 
Improve efficiency in process, operations, recovery of by-products 
and reduction in specification and consumption norms. 
v) 
Research in metallurgy and mineral beneficiation techniques to 
utilize lower grade and finer size ores. 
vi) 
Extraction of value added products from mine waste, plant tailings 
etc. 
vii) 
Development of new alloys and metal related products, etc. 
viii) 
Evolve low capital and energy saving processing systems. 
ix) 
Production of materials of high purity. 
x) 
Cooperative research among organizations associated with the 
mineral sector. 
 
3. 
Scientific and Technical Merit and relevance to Industry 
 
All organization should follow the instructions given below before 
submitting the project proposals to the Ministry:- 
 
a)  
the proposal should be relevant to the overall mandate of 
mining, exploration, minerals, metals value addition, waste 
and environmental impact of mining and metallurgical 
processing  
 
(b) 
industry inputs and participation  
c) 
Originality in terms",29/06/2017,15/07/2017
Call for proposals under India-Republic of Korea Joint Programme of Cooperation,"~ 1 ~ 
 
DEPARTMENT OF SCIENCE AND TECHNOLOGY,  
GOVERNMENT OF INDIA 
& 
MINISTRY OF SCIENCE, ICT AND FUTURE PLANNING 
REPUBLIC OF KOREA 
 
 
INDIA-KOREAJOINT PROGRAMME OF COOPERATION  
IN SCIENCE & TECHNOLOGY 
 
 
CALL FOR JOINT PROJECT PROPOSALS 
 
Proposals to be submitted by 6:00 pm (local time) on July 31, 2017 
 
 
 
1. Introduction 
 
The India-Korea Joint Programme of Cooperation in Science and Technology facilitates 
bilateral cooperation between scientists and researchers from the two countries by way 
of joint R&D projects and technical missions. The Department of Science and 
Technology (DST), Ministry of Science & Technology of Government of India and 
Ministry of Science, ICT and Future Planning (MSIP) of the Republic of Korea are the 
key agencies dedicated to the implementation of the programme in India and the 
Republic of Korea (South Korea). This Call for Proposals is to provide every duly 
applicants with the detailed information and procedures for the bilateral cooperation 
program.  
 
2. Potential Areas ofCooperation 
 
Department of Science & Technology (DST), Govt. of India and Ministry of Science, ICT 
and Future Planning (MSIP) of the Republic of Korea invite Indian and Korean scientists 
/ researchers to submit proposals for joint research projects in the following areas. 
~ 2 ~ 
 
 
• Health and Medical Sciences,  
• Engineering Sciences,  
• Information & Communication Technologies Convergence 
 
3. Eligibility 
 
The Programme is open to scientists, engineers, institutions located in India or the 
Republic of Korea that are engaged in advanced research in one or more of the subject 
areas listed above. DST and National Research Foundation (NRF, an affiliated 
organisation of MSIP) will conduct parallel review of the applications respectively based 
on the agreed criteria. 
 
Project proposal must include the name of one Principal Investigator (PI) and a Co-
Principal Investigator (Co-PI) each in India and the Republic of Korea. The PI ",16/06/2017,31/07/2017
"India - Korea Joint Network Centre - Call for Proposals - Last Date - August 16, 2017"," 
DEPARTMENT OF SCIENCE AND TECHNOLOGY,  
GOVERNMENT OF INDIA 
& 
MINISTRY OF SCIENCE, ICT AND FUTURE PLANNING 
REPUBLIC OF KOREA 
 
 
INDIA-KOREAJOINT PROGRAMME OF COOPERATION  
IN SCIENCE & TECHNOLOGY 
 
 
India-Korea Joint Network Centre 
Call for proposals 
 
Proposals to be submitted by 6:00 pm (local time) on August 16, 2017 
 
 
1. Objectives 
 
This Call for Proposals is to enable Indian and Korean scientists from academia and 
laboratories to carry out joint research activity by leveraging already existing 
infrastructure and funding available with the partners at both sides through a linkage 
established by a Joint Network Centre (JNC). Joint Network Centre aims to 
encourage joint project implementation on focal areas of thematic and knowledge 
research through networking thus, paving way to sustainable interactions by 
promoting excellence and developing long term relationship based on synergy of 
activities. Network Centre may also provide opportunities for integrating research 
with education.  
 
 
Structure of the JNC 
 
2. Potential Areas of Cooperation 
 
Department of Science & Technology (DST), Govt. of India Ministry of Science, ICT 
and Future Planning (MSIP) of the Republic of Korea invite Indian and Korean 
research groups to submit proposals for Joint Network Centre in the following 
areas: 
 
• Robotics 
• Computational Materials Science & Engineering 
 
3. Activities of the JNC 
 
When the focal coordinator draws up the proposal of JNC, the below details may be 
included. 
- Exchange of Researchers, Research students and Post-Doctoral scholars 
- Joint Seminar/Workshop/ Hands on training School (one in each country per year) 
- Joint Research 
 
When the focal coordinator draws up the proposal of JNC, the below details may be 
targeted to be delivered as outcomes. 
 
- Publish joint papers 
- Develop Prototype / Processes  
- Promoting pre-commercial R & D activities  
 
3. Eligibility Requirements 
 
(i) 
One focal lead coordinator each f",03/07/2017,16/08/2017
Bhaskara Advanced Solar Energy (BASE) Fellowship- 2017,,14/07/2017,31/08/2017
Building Energy Efficiency Higher and Advanced Network (BHAVAN) Fellowships -2017,,14/07/2017,31/08/2017
DST - RCN Norway Joint Call on ICT 2017,"DEPARTMENT OF SCIENCE & TECHNOLOGY (DST) 
and 
RESEARCH COUNCIL OF NORWAY (RCN) 
CALL FOR PROPOSALS ICT (2017) 
Last date for submission of proposals: 06 September 2017 
Under the Agreement between the Government of India and the Government of Norway on 
Cooperation in the fields of science and technology, the Department of Science and Technology 
(DST) from Indian side and the Research Council of Norway (RCN) from Norwegian side coordinate 
the programme for joint funding of collaborative research projects in mutually agreed fields to 
achieve world-class scientific results. 
 
Both sides now intend to support projects within the field of ICT research. Norwegian funding is part 
of the two Research Council of Norway (RCN) programmes INDNOR and IKTPluss.  
Up to 40 million NOK / INR 30 crore in total is available from the Research Council of Norway (RCN) for 
allocation to Norwegian institutions, funding per project (Norwegian partners) stipulated to 4-10 mill. 
NOK/ INR 3-7.5 crore per project.  
Activity matching funding is available from DST for allocation to Indian Project investigators. 
Project duration: 3 years.  
Scientific part 
Objective of this call for proposals: 
DST and RCN invite Indian and Norwegian researchers/ institutions to submit research proposals 
within the fields indicated below.  
The objective of this call is to establish joint Indian – Norwegian researcher projects that strengthen 
already on-going research activities in each research group and contribute significant added value to 
these on-going activities within ICT and the thematic areas: 
Smart environments. This area includes topics like environmental monitoring, smart 
neighborhoods, sensor networks/IoT, smart grid, monitoring for safe living, mobility and 
wireless infrastructure.Artificial intelligence, autonomous and cognitive systems. 
ICT for society. This area includes topics like educational ICT, ICT for improved e-Governance, 
human-computer interfaces with particular empha",19/04/2017,06/09/2017
Call - India-Japan Cooperative Science Programme (IJCSP)," 
GOVERNMENT OF INDIA 
MINISTRY OF SCIENCE AND TECHNOLOGY 
DEPARTMENT OF SCIENCE & TECHNOLOGY 
 
INDIA-JAPAN COOPERATIVE SCIENCE PROGRAMME (IJCSP) 
 
CALL FOR PROPOSALS-2018 
 
 
DEADLINE DATE FOR SUBMITTING PROPOSALS: 6th September, 2017 
 
The Department of Science and Technology (DST), Ministry of Science & 
Technology. Government of India, New Delhi and the Japan Society for the 
Promotion of Science (JSPS) conduct the India-Japan Cooperative Science 
Programme (IJCSP) to promote bilateral scientific collaboration between Indian and 
Japanese scientists. Applications are invited from eligible Indian researchers 
/scientists to submit proposals for Joint Research Projects and Joint 
Workshops/Seminars under IJCSP.  
 
Areas of cooperation: The support is available to the following scientific areas: 
 
[A] Fundamental Sciences: Physical and Chemical Systems  
1. Condensed Matter Physics  
2. Molecules and Molecular Assembly Science  
3. Interface Science and Catalysis 
 
[B] Materials and System Engineering: Man-made Systems 
1. Advanced Materials and Nanotechnologies (This keyword includes areas of metal  
    ceramics, polymer science & engineering and materials processes)   
2. Engineering Sciences (This keyword includes areas of manufacturing science and  
engineering and synthesis & analysis/optimization & simulation of engineering 
processes and systems)  
 
[C] Natural Systems: Life Sciences and Bioengineering 
1. Molecular and Chemical Biosciences   
2. Biotechnology and Bioengineering   
3. Medical Biosciences  
4. Cognitive Science  
 
 
 
[D] Astronomy, Space, Earth System and Sciences   
1. Astronomy, Astrophysics, and Space & Planetary Science  
2. Geosciences (Marine, Meteorology, Geology, Paleontology)  
3. Geophysics and Geochemistry for Global Issues (Global warming and Natural  
    Resource)  
 
[E] Mathematics and Computational Science 
1. Mathematical Science  
 
2. Computational Science and Engineering  
3. Big Data analytics 
4. Machine Lear",21/07/2017,06/09/2017
National Award for Women Development through Application of Science & Technology,"      Government of India 
Department of Science & Technology 
                                                Invites Nominations for the  
 
National Award for Women’s Development through Application of 
Science & Technology 
 
 
Department of Science & Technology(DST) instituted the National Awards for Women’s 
Development through Application of Science & Technology. These awards have been 
instituted to recognize the contribution of individuals/institutions who have worked at 
the grassroots level for women’s development through application of science and 
technology (S&T). 
Nature of the Award 
 
This prestigious award is announced every year. It comprises of a memento, a citation 
and a cash prize of Rs.5.00 lakh (Five Lakhs) for Individual and Rs.15.00 
lakhs(Fifteen Lakhs) for Institutional category. 
 
Eligibility   
 
• The award is open to resident Indian citizens and institutions registered in India. 
Employees of Department of Science & Technology are not eligible for this 
award. 
• The individual/ institution should have a minimum experience of 10 years and 
outstanding contribution in research, design, development, adaptation or 
application of science and technology at the grassroots level for women’s 
development. 
• Individuals/ institutions that have received this award earlier are not eligible for 
consideration. 
 
Persons eligible to nominate 
 
Nomination for the Award can be made by Vice Chancellors of Universities, Directors 
of IITs, IISERs, NITs, R&D institutions, Heads of science based voluntary 
organizations, Secretaries of S&T Departments, Secretaries of State S&T 
Departments/Councils for S&T; earlier winners of this award.  
 
 
 
The last date for receipt of completed nominations is on or before 30th 
September, 2017. 
 
 
General Terms & Conditions 
 
1. A Selection Committee consisting of eminent persons has been constituted by the 
Department of Science & Technology for this purpose. 
2. The Selection Committee will have the sol",19/07/2017,30/09/2017
National Awards For Science & Technology Communication 2017,,21/08/2017,10/10/2017
DST - UKIERI Call for Research Proposals 2017- 18," 
 
 
 
 
 
DST – UKIERI Call for 
Research Proposals 
2017- 18 
 
 
 
Schedule 
S.No. 
Activities 
Date/Month 
1 
Date of Advertisement for Call for Proposals 
23 August 2017 
2 
Last Date for acceptance of Proposals 
20 October 2017 
3 
Dates for Pre-bid conference  
1 Sep 2017 – 30 Sep, 
2017  
4 
Evaluation and Final selection  
December 2017 
 
Disclaimer 
This Call for Proposal is not an agreement and is neither an offer nor invitation by the UKIERI 
Governance Board (the Authority) and DST to the prospective applicants or any other 
person. The purpose of this call for proposals is to provide interested parties with 
information to assist in the formulation of their application to this call for proposals (the 
""Application"").  
 
The Authority may in its absolute discretion, but without being under any obligation to do 
so, update, amend or supplement the information, assessment or assumptions contained in 
this call for proposals. 
 
The issue of this call for proposals does not imply that the Authority is bound to select and 
shortlist pre-qualified applications and reserves the right to reject all or any of the 
applications or bids without assigning any reasons whatsoever. 
Contact and Queries 
 
Before making direct queries please see the FAQs on the UKIERI website. 
Additional questions should be directed to the UKIERI Secretariat using the following email 
address: ukieri@britishcouncil.org  
Pre-bid workshops will be held across India and the UK in September 2017. Interested 
applicants shall register for the workshops once they are announced on the UKIERI website. 
Applicants in India are requested to send queries in advance at ukieri@britishcouncil.org 
while applicants in the UK should send queries to ukieri@international.ac.uk  
 
 
 
 
Background to the Programme 
The UK India Education Research Initiative (UKIERI) started in April 2006 with the aim of 
enhancing educational links between India and the UK.  
The following values and principles ha",30/08/2017,20/10/2017
Request for Proposals: India Italy Industrial R&D,"RFP Launch Date
24 June 2017
RFP Closing Date
31 Oct 2017
Global Innovation & Technology Alliance
Technology Development Board (TDB)
of Department of Science & Technology (DST), Government of India and Confederation of Indian Industry (CII).
 (GITA) is a Not–for–Profit Company, jointly incorporated by 
 
Italy-India RFP 2017 Process Flow 
INDIA
Contact details 
Mr. Nilesh Patel
E:  nilesh.patel@gita.org.in
T:  +91 11 4288 8009
RFP Submission in Italy 
& India
Stage 1
Stage 2
Stage 3
Italy-
 RFP 2017 
Launch
India
Application review in 
India & Italy
Announcement of results 
& project approval
Signing of agreement & 
project commencement 
Project Monitoring & 
Release of funds
• Submission of Online Application
• Submission of Additional Documents
• Screening of Qualified Applications
Initial Screening of Submitted Application
• PEC review in India & similar review in Italy
• Joint review between 
Italy & 
India
• Signing of Agreement 
• Project Commencement 
• Periodic Project Mentoring to review Milestones 
• Release of funds upon successful completion of milestones 
• Results announcement in 
Italy & similar review in 
India
• Appointment of Project Mentoring Committee 
• Due Diligence 
• Final Approval 
Global Innovation & Technology Alliance (GITA) 
www.gita.org.in
To find out more,
scan this code with 
your smartphone.
Department of Science 
& Technology
Government of India
ITALY
Ministero degli Affari Esteri e della Cooperazione Internazionale
D.G.S.P. IX
E:  dgsp-09bandi1@esteri.it
•
INDUSTRIAL R&D FUNDING ASSISTANCE UPTO INR 1.5 CRORES 
FOR BILATERAL COLLABORATIVE AND INNOVATIVE PROJECTS
Collaborative Industrial Research 
& Development Program 2017
ABOUT THE PROGRAMME
ELIGIBILITY 
In India
In Italy
 
• Project Lead from Industry 50% (minimum) 
• Govt. of India provides financial 
  support up to 50% 
 
• Project Lead from Industry 
• Govt. of Italy  provides financial 
  support of up to 200,000 Euros
FUNDING CRITERIA
GRANT FUNDING
Indian Organization/Indian",28/06/2017,31/10/2017
Call for Proposals 2017 - Indo-Hungarian Joint Research,"Indo-Hungarian Joint Research 
Call for Proposals 2017 
DEADLINE DATE 17th November, 2017 
 
 
General Instructions 
 
Proposals (as per funding instruments indicated at Annexure) are invited from 
scientists and researchers active in India and Hungary for support under the 
Indo-Hungarian National Innovation Office, Budapest, itself being supported by 
the Governments of India and Hungary. The nodal subordinated organisations 
for the implementation of IHSRF are the Department of Science & Technology 
(DST) of India, as well as the National Research, Development and Innovation 
Office (NRDIO) of Hungary. 
 
National Innovation Office, Budapest, Hungary aims at bringing together 
researchers from Hungarian and Indian institutions in scientific and technological 
areas of strategic relevance to both countries. 
 
Types of activities to be funded 
 
Joint research projects. 
 
Jointly identified priority areas 
 
Joint research projects 
 
• Biotechnology  
• ICT 
• Energy and Water 
 
 
Evaluation and selection 
 
Applications submitted under the categories Joint Research Projects and 
Institutional Networked Projects shall be reviewed by two independent expert 
committees, one in India, coordinated by DST, and one in Hungary, coordinated 
by the Research, National Innovation Office, Budapest. 
Based on the comments of their reviewers, DST and National Innovation Office, 
Budapest shall both elaborate a list of recommendations. Preference would be 
given to proposals with user agencies (industry). Applications to be funded shall 
be placed in category A, applications considered for funding (reserve list) in 
category B, and applications to be rejected in category C. 
 
Intellectual Property Rights 
 
Intellectual property rights resulting from the cooperation shall be protected and 
exercised in accordance with respective national legislation and international 
agreements of both countries. 
 
2
 
Submission 
 
Joint Research Projects 
 
Funding instruments are given",13/09/2017,17/11/2017
Indo-Norway Joint Call on Bio-Economy," 
DEPARTMENT OF SCIENCE & TECHNOLOGY (DST) 
and 
RESEARCH COUNCIL OF NORWAY (RCN) 
CALL FOR PROPOSALS on Bio-Economy (2017) 
Last date for submission of proposals: 22 November 2017 
 
Sustainable Innovation in Food and Bio-based Industries (BIONÆR) 
 
India and Norway have started a program for joint funding of Indo-Norwegian joint 
research projects in mutually agreed fields to achieve bilateral world-class scientific 
results in the field of bioeconomy.  
Guidelines and important considerations relevant to all types of applications in 
this call for proposals: 
Under the Agreement of Cooperation in Science & Technology concluded between 
the Government of India and the Government of Norway, the Department of Science 
and Technology (DST) of the Government of India and the Research Council of 
Norway (RCN) have started a program for joint funding of Indo-Norwegian joint 
research projects in mutually agreed fields to achieve world-class scientific results. 
Norwegian funding for this call for proposals is part of the two RCN programs 
INDNOR and BIONÆR. 
DST and RCN invites Indian and Norwegian researchers and research institutions to 
submit research proposals within the fields indicated below. The proposed 
collaboration should strengthen already on-going research activities in each research 
group and contribute significantly to added value to these on-going activities. 
Research areas covered 
The call is in the field of Bio-economy research and the following topics are covered 
by the call: 
• 
Agriculture and land based food (covered in the BIONÆR program) 
• 
Biotech (applied for Bio-economy) 
• 
Aquaculture 
• 
Bioenergy/Biofuel 
The call encompasses research activities within technology and natural sciences. 
What types of activities are eligible for funding 
 
2 
Funding may be sought for researcher projects. Joint researcher projects might have 
a duration of up to 3 years, including dissemination and network activities 
(workshops, conferences). For qua",04/09/2017,22/11/2017
Joint Call between India and Austria for exchange visits," 
 
 
 
 
Department of  
Science and 
Technology 
 
JOINT CALL FOR 
INDIA-AUSTRIA 
WISSENSCHAFTLICH
(WTZ)
 
The programme for Scientific & Technological Cooperation is carried out in the frame of the bilateral 
“Agreement between the Government of the Republic of Austria and the Government of the Republic of India 
on Scientific and Technological Co
Federal Ministry of Science, Research and Economy (BMWFW)
Technology (DST) of the Ministry of Science and Technology in India. 
 
Aims of the Programme 
 
• 
Funding researchers’ mobility in the frame of 
cooperation 
• 
Providing an opportunity for researchers to 
scientific careers, especially for early
 
Areas of Cooperation 
 
The call is open to all scientific 
technology 
 
Duration of projects 
 
The projects will be supported for a period of 
 
Who may apply? 
 
AUSTRIA: Researchers working at universities, universities of applied 
higher education and research institutions, companies) planning to carry out a non
project within the frame of this call are 
 
Project proposals submitted by early
involvement of PhD/doctoral students, 
 
The focus of the programme lies on new international partnerships. 
research partners will not be eligible for funding
 
 
 
 
INDIA:Researchers working at universities, 
                                                   
1Researchers with an experience up to 5 
into account (e.g. due to family reasons,
2Researchers with an experience of 5 to
taken into account (e.g. due to family reasons
CALL FOR PROPOSALS FOR EXCHANGE 
VISITS UNDER 
AUSTRIA SCIENTIFIC & TECHNOLOGICAL 
COOPERATIONbetween 
WISSENSCHAFTLICH-TECHNISCHE ZUSAMMENARBEIT 
(WTZ) and DEPARTMENT OF SCIENCE AND 
TECHNOLOGY (DST) 
for 2018 – 2020 
 
Closing date: November 30, 2017 
The programme for Scientific & Technological Cooperation is carried out in the frame of the bilateral 
between the Government of the Republic of Austria and the Government of the Republic of India 
on Scientific and Technological Co-operation of 1 ",11/09/2017,30/11/2017
"DST-DFG Awards for participation in the 68th Meeting of Nobel Laureates & Students, Lindau, Germany"," 
DEPARTMENT OF SCIENCE & TECHNOLOGY (DST) 
DST-DFG AWARDS FOR PARTICIPATION 
IN THE 68thMEETING OF NOBEL LAUREATES & STUDENTS 
Lindau, Germany during 24-29 June 2018 and  
Visits to German Institutes during 30June to 6th July 2018 
 
LAST DATE : NOVEMBER 30, 2017 
 
Each year since 1951, Nobel Prize winners in Chemistry, Physics, 
Physiology or Medicine have been meeting in Lindau, Germany, to discuss major 
issues of importance to their fields with students from around the world. The 
meetings include lectures, panel/ round-table discussions on interdisciplinary topics 
and informal small- group meetings with the Nobel Prize winners. The DST has 
been sending a group of students / young researchers to these meetings, since 
2001. 
 
It intended to send a group of Indian Students /young researchers to the 68th 
Meeting of Nobel Laureates & Students during 24-29 June 2018, which is dedicated 
to Physiology & Medicine and related disciplines including all aspects of 
medicine or biology, biochemistry, cell biology and similar areas as well as any area 
of clinical medicine.The German Research Foundation (DFG) will be organizing 
visits to the German Research Institutes or Universities who are engaging the state 
of the art research and education in the above referred themes, during the Post 
Lindau week, i.e. during 30 June to 6th July 2018. 
 
Applications are invited from bright and young students and researchers in the 
above disciplines for availing this award. The lectures and discussions are at a level 
appropriate for students/researchers in their early research careers. More details of 
the meeting can be seen at www.lindau-nobel.de 
 
Terms of Award: 
 
The selected participants will be provided with International travel related 
expenses, local transportation, lodging (twin-sharing basis) and boarding for 
attending the Meeting. It is mandatory for the selected students to attend the 
complete full week programme in Germany as well as briefing  meeting in D",23/08/2017,30/11/2017
Advertisement for call for proposal for DST-NRDMS Summer/Winter Schools in Geospatial S&T - 2017 - 2019,"A training program of the Natural Resources Data Management System (NRDMS), 
Department of Science and Technology, Government of India 
   Capacity Building and Training on  Geospatial Technologies 
In India’s recent journey of sustainable economic growth, knowledge has been identified as one of the 
key drivers. In this odyssey, India has adopted a new information regime through its ‘Digital India’ pro-
gram to support good governance, sustainable development goals empowerment its citizens. The chal-
lenges of this developmental path are inclusiveness, transparency, efficiency and productivity while bal-
ancing economic growth and sustainable development. Over the last three decades, geospatial technolo-
gies have proven to be an effective enabler to meet these challenges. 
In India’s evolving geospatial ecosystem, the cur-
rent focus in on improving the publicness in the 
provision of geospatial data and information 
through institutional strengthening for enhancing 
the performance of the organizations.   In this con-
text, developing technical capacity at the individual 
level, remains the key factor for the success of this 
change process.   
Capacity refers to the ability of individuals and or-
ganizations to make and implement decisions and 
perform functions in an effective, efficient and sus-
tainable manner. Capacity building is an ongoing 
process and involves changing attitudes, imparting 
technical knowledge and developing skills while 
maximizing 
the 
benefits 
of 
participation, 
knowledge exchange and ownership. 
Capacity building initiatives of the NRDMS, De-
partment of Science and Technology, Govern-
ment of India 
Recognizing the above needs, the goal of the Natu-
ral Resources Data Management System (NRDMS)  
program of the Department of Science and Tech-
nology, Government of India  is to  develop tools 
and techniques for integrated resource manage-
ment and capacity building at various levels, for 
planning and implementation in a spatio-tem",03/11/2017,15/12/2017
Call for proposals in Basic Sciences with Russia (Russian Foundation for Basic Research)," 
Indo-Russian Joint Research 
Call for Proposals 2017 
DEADLINE DATE 28th December 2017 
 
Department of Science & Technology (DST), Govt. of India and Russian Foundation for Basic 
Research concluded an MoU for funding of Joint Research Proposals in India and Russia in the 
areas of Basic Science. Under this MoU each project will receive annual funding of up to 
equivalent of US $ 20,000 (roughly Rupees 1,200,000/-from DST to the Indian partner and up to 
Rbls. 600,000/- from RFBR to the Russian partner). 
 
DST and RFBR invite Indian and Russian scientists / researchers to submit proposals for Joint 
Research Project in the following areas of basic sciences under DST-RFBR cooperation: 
 
- 
Mathematics, Mechanics and Informatics; 
- 
Physics and Astronomy; 
- 
Chemistry; 
- 
Biology and Medical Sciences; 
- 
Earth Sciences; 
- 
Telecommunications and Computer Sciences; 
- 
Fundamental of Engineering Sciences. 
 
Proposals submitted in other research areas will not be considered. 
 
Terms of the project grant 
 
• 
Support is available for Joint Research in areas of basic sciences only. Joint research 
projects will be carried out by research teams from both countries. The team leaders must 
hold a full-time position at a university or research institute in their respective countries. 
Scientists are advised to submit only one project against this call.  
• 
The duration of each project will be two years initially. After the completion of this period, 
anapplication for additional one year may be considered on the merit of the progress. 
• 
The team leaders should submit an application to respective nodal agency, upon 
consultations, 
using 
the 
respective 
forms 
prescribed 
by 
DST 
and 
RFBR. 
Applicationssubmitted by one side only; not on prescribed format and received after due 
date will not be accepted.  Indian/Russian team leaders should, therefore,ensure that 
their counterpart submits an identical application on prescribed format as per guidelines of 
n",09/11/2017,28/12/2017
Funding Opportunity Announcement (FOA): Smart Grids,"1 
 
 
 
 
 
 
 
 
 
 
MI – INDIA 
Funding Opportunity Announcement (FOA): Smart Grids 
Call for Notification of Intent 
(Code: MI-India/IC#1/DST/2017) 
June 2017 
1. PREAMBLE  
There is a worldwide focus on deploying large amount of renewable energy sources, such as wind, 
solar and biomass, to achieve sustainable growth of electricity sector. The main limitation of 
renewable sources is their intermittent nature of supply i.e. the energy can only be harness during 
a particular part of the day, like daytime for solar energy and windy conditions for harnessing wind 
energy, also these conditions cannot be controlled. With such unpredictable energy sources, it is 
necessary to have a grid that is highly adaptive (in terms of supply and demand). Hence, the 
opportunities for building Smart Grids are immense, as reliable electric supply is one of the key 
infrastructure requirements to support overall development.In order to maximize the amount of 
energy use from renewable energy, the power grid that today reliespre-dominantly on coal and gas 
power plants, is transitioning to a future grid that can be largely powered by decentralized 
renewable energy sources, and which can dynamically adjust supply and demand in order to handle 
the intermittency of solar and wind power.Innovation in smart grid and storage technologies and 
the development of community or city scale grids powered largely or solely by renewables that 
can operate in parallel with, or independently from, the main grid will help accelerate these 
developments. 
 
2. OBJECTIVES: 
 
The objective of this Call is to undertake Research &Development in the field of Smart Grids to 
innovate on components /systems / sub-systems / technologies required to address the challenges 
related to the design, development, integration, operation, management, and optimization of the 
grids in a way that can allow the use of up to 100% renewable energy. 
Mission Innovation 
Challenge#1: Smart Grids 
2 
 
 
3. PURPOSE: 
",10/06/2017,31/12/2017
Multi-Institutional Centres on Materials for Energy Conservation and Storage Platform (MECSP) - 2017," 
 
 
 
 
 
 GOVERNMENT OF INDIA 
MINISTRY OF SCIENCE AND TECHNOLOGY 
DEPARTMENT OF SCIENCE AND TECHNOLOGY 
(Technology Mission Division) 
 
Call for Multi-Institutional Centres on 
“Materials for Energy Conservation and Storage Platform” (MECSP) - 2017 
 
Background 
 
Deadline for Full Proposals: 01 November 2017 
Duration: 5 years  
Project cost: 10 Crore 
 
Materials for Energy Conservation and Storage (MECSP), a theme based initiative to support 
research and development for entire spectrum of energy conservation and storage 
technologies from early stage research to technology breakthroughs in materials, systems and 
scalable technologies to maximise resource use efficiency. This initiative supports feasibility 
assessment of fresh ideas/ concepts, including various emerging and disruptive technologies, 
for their potential conversion into useful technology/ product. 
 
Aim 
The purpose of this call is to underpin recognised centres of energy materials research, to 
encourage those centres to link with new research groups working in complementary areas 
and to link centres into a coordinated national network. The ultimate aim of this call is to 
create a strengthened energy materials research community that covers the full breadth of 
energy research areas and that is strongly linked both nationally and internationally. 
 
This call is for applications for proposals to set up multi-institutional research centres for 
energy materials. The successful centres will be required to work together forming a national 
network of energy materials research groups (The network must involve a minimum of five 
academic / research institutions preferably with user’s participation) with the intent of 
forming a coherent Indian community of energy materials researchers. The prioritisation 
panel will be asked to support centres that will be focussing on different areas.  
 
Thrust Area 
Applications should show that the proposed centre has a breadth of materials research 
cap",29/08/2017,31/12/2017
Interdisciplinary Cyber Physical Systems (ICPS) Division Detailed Call For Proposals (CFP) on Quantum Information Science and Technology (QuST) Programme," 
Govt. of India 
Ministry of Science & Technology 
Department of Science & Technology 
 
Interdisciplinary Cyber Physical Systems (ICPS) Division 
Detailed Call For Proposals (CFP) under ICPS programme. 
Last date for receipt of proposals through online is 31/12/2017 
 
The Scheme: R&D proposals are invited under Quantum Information Science and 
Technology (QuST) – A Mission Mode Scheme underICPS programme. 
 
Department of Science and Technology (DST), Government of India has initiated a 
new directed research programme on “Quantum Information Science and Technology 
(QuST)”. R&D proposals are invited from researchers who can meet the broad objectives and 
deliverables. 
 
The present century has witnessed a revolution in harnessing the principles of quantum 
systems for information processing. The frontier area of Quantum Information Science is 
truly an interdisciplinary one that is developed by scientists from Physics, Computer Science, 
Mathematics, and Information Theory as well as Engineers. Some of the important 
developments were the discovery of quantum computers, fast quantum algorithms, quantum 
teleportation, super dense coding, remote state preparation, quantum cryptography, and 
several quantum communication protocols. Quantum Information Science and Technology 
(QuST) promises to revolutionize the future computation and communication systems which 
will ultimately have huge impact on the Nation and our society as a whole. 
 
Broad Objectives of QuST:  
 
• 
Development and demonstration of quantum computers. 
• 
Development and demonstration of quantum communication & cryptography.  
• 
Development of quantum-enhanced and inspired technology.  
• 
Development of advanced mathematical quantum techniques, algorithms and theory of 
quantum information systems.  
Broad Thematic Areas: 
• 
Quantum information technologies with photonic devices.  
• 
Quantum information technologies with solid state, nitrogen vacancy, Magnetic 
Resonance.  
• 
Quantum inf",22/11/2017,31/12/2017
DST-DAAD Joint call 2017: Recommended projects," -: 1:-  
 
DST-DAAD Joint call 2017: Recommended projects   
SL. 
NO.  
Project Title  
Indian PI  
German PI  
1.  
Soft-Lithography of pi-
conjugated 
nanostructures via 
kinetically controlled 
supramolecular 
polymerization  
Subi J. George, Assistant 
professor, supramolecular 
chemistry lab, new chemistry 
unit, jawaharlal nehru centre for 
advaced scientific research, 
jakkur post bangalore-560064 
pol Besenius, Professor (w2), institute of 
organic chemistry johannes gutenberg-
university mainz duesbergweg 10-14 
55128 mainz 
2.  
Understanding the lone 
pair influence on the local 
structure and The local 
structure and 
thermoelectric properties 
of I-V-V2(1=Cu/Ag/TI, 
V= sb/Bi. VI= S/Se/Te) 
compounds 
Dr. Kanishka Biswas, Assistant 
professor, New chemistry unit, 
jawaharlal Nehru centre for 
advaced scientific research, 
jakkur, bangalore 560064 
Dr. Wolfgang Zeier, Junior Group 
Leader, Institute of Physical chemistry, 
justus-liebig-university giessen, 
Heinrich-buff-ring 17 35392 giessen  
3.  
Spectroscopy of planetary 
analogues form hot 
planetary surfaces to icy 
moons  
Dr Bhalamurugan Sivaraman, 
Reader, Atomic molecular and 
optical physics division, Physical 
research laboratory, 
Navrangpura, Ahmedabad -
380009 
Dr. Joern Helbert, Research Director of 
planetary Spectroscopy Laboratory 
(PSL), Institute for planetary Research 
(PF-Xp) German Aerospace Center 
(DLR), Rutherfordstrasse 2, 12489 berlin 
4.  
Riverbank filtration 
through challenging 
geological formations for 
rural water supply in 
south India 
Prof. Elango Lakshmanan, Dept. 
of Geology, Anna University, 
Anna University, Chennai, 
600025 
Prof. Dr.-Ing. Thomas Grischek, 
University of Applied Sciences Dresden 
(HTW Dresden), Faculty of Civil 
Engineering & Architecture, Division of 
Water Sciences Friedrich-List-Platz 1, D-
01069 Dresden 
5.  
Genetic Modification of 
Lactobacillus brevis for 
enhanced 1,3 Propanediol 
production 
Binod Parameswaran, Scientist, 
Microbial pr",01/12/2017,31/12/2017
3rd Information & Networking Event: EU-India Call on Water," 
 
3rd Information & Networking Event: EU-India Call on Water  
5th January 2018 
Vivanta by Taj - Guwahati, Assam 
                            Nikita Complex, G S Road, Khanapara, Guwahati, Assam 781022, India 
Start building your consortium of excellent partners from industry and 
academia now! Do not miss the following opportunity - free of charge. 
It is with pleasure that we invite you to the 3rd Information & Networking Event on the EU-
India Call on Water to take place in Guwahati (Vivanta by Taj - Guwahati,) on 5 January 
2018.  
These events are co-organized by the Research and Innovation Section of the Delegation of 
the European Union to India, (EU), the Department of Science & Technology (DST) and the 
Department of Biotechnology (DBT), Government of India in association with the IIT 
Guwahati and Gauhati University. 
DST & DBT from Indian side and  European Commission has announced the joint Call for 
Proposals seeking joint research proposals focused on wastewater treatment technology 
including bioremediation, drinking water purification, real time water quality 
monitoring. Both sides together will co-investment €30 million to address these water 
challenges faced by India.  
The event targets potential applicants/partners from academia, R&D labs, universities, 
industry, SME, Govt. civil bodies for the EU-India joint call on Water for collaboration 
projects. It will offer an exceptional opportunity to build quality partnerships with academics, 
researchers, industrial stakeholders, SMEs and government actors from Europe and India.  
The full day event addresses applicants of EU-India joint call on Water proposals. You will 
receive targeted information and advice to support you in the roles of task or work package 
leader, coordinator or partner in a project and learn what you need to consider when planning 
and writing the proposal. The programme of the day includes a confirmed talk by the Funding 
Agencies (EC/DST/DBT), a presentation on the leg",19/12/2017,01/01/2018
4th Information & Networking Event: EU-India Call on Water," 
 
4th Information & Networking Event: EU-India Call on Water  
11th January 2018 
The Gateway Hotel Akota Gardens 
               Akota Gardens, Near Gold Gym, Productivity Road, Vadodara, Gujarat 390020, India 
Start building your consortium of excellent partners from industry and 
academia now! Do not miss the following opportunity - free of charge. 
It is with pleasure that we invite you to the 4th Information & Networking Event on the EU-
India Call on Water to take in Vadodara (The Gateway Hotel Akota Gardens) on 11 
January 2018.  
These events are co-organized by the Research and Innovation Section of the Delegation of 
the European Union to India, (EU), the Department of Science & Technology (DST) and the 
Department of Biotechnology (DBT), Government of India in association with the Maharaja 
Sayajirao University of Baroda. 
DST & DBT from Indian side and  European Commission has announced the joint Call for 
Proposals seeking joint research proposals focused on wastewater treatment technology 
including bioremediation, drinking water purification, real time water quality 
monitoring. Both sides together will co-investment €30 million to address these water 
challenges faced by India.  
The event targets potential applicants/partners from academia, R&D labs, universities, 
industry, SME, Govt. civil bodies for the EU-India joint call on Water for collaboration 
projects. It will offer an exceptional opportunity to build quality partnerships with academics, 
researchers, industrial stakeholders, SMEs and government actors from Europe and India.  
The full day event addresses applicants of EU-India joint call on Water proposals. You will 
receive targeted information and advice to support you in the roles of task or work package 
leader, coordinator or partner in a project and learn what you need to consider when planning 
and writing the proposal. The programme of the day includes a confirmed talk by the Funding 
Agencies (EC/DST/DBT), a presentation on th",19/12/2017,08/01/2018
Funding Opportunity Announcement (FoA): Off Grid Access to Electricity,"1  
 
 
 
 
 
 
Mission Innovation – INDIA 
Funding Opportunity Announcement (FoA): Off Grid Access to Electricity  
Call for Notification of Intent 
 (Code :MI-India/IC#2/DST/2017) 
June  2017 
 
1. PREAMBLE  
 
Renewable energy technologies are ideally suited to distributed applications, and they have 
substantial potential to provide a reliable and secure energy supply as an alternative to grid 
extension or as a supplement to grid-provided power. Energy access is crucial for improving the 
quality of life for India’s citizens and their economic conditions, and 24/7 energy availability 
remains a priority for the Indian government. Off-grid, clean energy technologies, combined 
with innovative research models, market-based solutions, and local community involvement  
have tremendous potential to become a transformative agent for lives of individuals and 
communities through providing quality of life, modern amenities and economic opportunites for 
development and prosperity.  
 
2. OBJECTIVES   
The objective of this Call is to promote affordable and accessible access to clean energy derived 
from off grid electricity as set forth in the MI-Innovation challenge document.  Specifically, the 
overarching objectives are :  
• 
For individual homes, the objective is  to support significant reduction in price and 
increase performance of renewable power systems by 2020.  
 
Mission Innovation 
Challenge IC#2 
Off-grid Access to Electricity 
2  
 
 
• 
For remote communities, the objective is  to demonstrate in diverse geographic and 
climate conditions, the robust, reliable, autonomous operation of renewable power 
systems less than at a significant lower cost than today by 2020. 
 
3. PURPOSE 
The purpose is to develop the systems that integrate innovative technologies (components, sub-
systems etc.) at high readiness level, demonstrate their technical feasibility and cost effectiveness 
in diverse social contexts of countries requiring off-grid access to electricity",08/06/2017,15/01/2018
Date Extended upto 18th January 2018 for 2017 BRICS Call for Proposals for BRICS Multilateral R&D Projects,"2017 BRICS Calls for Proposals for Multilateral 
R&D Projects 
 
 
 
Part-1 
DST NATIONAL GUIDELINES FOR 2017 BRICS 
CALL FOR PROPOSALS 
 
 
DST (India) National Guidelines for Coordinated Call for BRICS Multilateral 
Research and Development Projects – BRICS Call for Proposal 2017 
 
 
 
1. 
Goal of BRICS Coordinated Call: 
The BRICS STI Framework Programme aims to support excellent research on 
priority areas which can best be addressed by a multinational approach. The 
initiative should facilitate cooperation among the researchers and institutions in the 
consortia which consist of partners from at least three of the BRICS countries.  
 
2. 
Funding Agencies:  
Following research funding organizations from the BRICS countries have agreed 
to support BRICS 2017 Call: 
 
Brazil: National Council for Scientific and Technological Development (CNPq) 
Russia: Foundation for Assistance to Small Innovative Enterprises (FASIE), 
Ministry of Education and Science (MON) and Russian Foundation for Basic 
Research (RFBR) 
India: Department of Science and Technology (DST) 
China: Ministry of Science and Technology (MOST) and National Natural Science 
Foundation of China (NSFC) 
South Africa: Department of Science and Technology (DST) and National 
Research Foundation (NRF) 
 
3. 
Aim of the Joint Call and Thematic areas 
Collaborative multilateral basic, applied and innovation research projects in the 
following thematic areas can be submitted in response to the call: 
Major Area of the Call: 
1. Prevention and monitoring of natural disasters 
2. Water resources and pollution treatment 
3. New and renewable energy, and energy efficiency 
4. Biotechnology and biomedicine including human health and neuroscience 
5. Information technologies and high performance computing 
6. Material science including nanotechnology 
 
4. 
Eligibility:  
Eligible Indian Partners:  Eligible Indian partners can be legal research entities 
from public funded academic institutions, national R&D labor",01/09/2017,18/01/2018
Call for Concept Note in Waste Management Technologies,"Ministry of Science & Technology 
(Department of Science & Technology)
Call for Concept Note 
DST has initiated a technology development program in the name of “Waste Management 
Technologies” during 2015 aligning to Swachh Bharath.
DST is inviting a 2-page concept note in the following specified areas from Academic Institutes 
and R & D organizations:  
1. Newer Technologies for Biomedical waste
 
2. Laboratory Hazardous &
Institutes/University 
 
3. Agricultural waste/Stubble management (Waste to Wealth), alternative to burning
 
4. E-Waste 
a. Development of simple indigenous material recovery technology for specific 
applications (precious & other metals, plastics, glass and rare earths) in collaboration 
with industry.  
b. Green Product development and Design for recycling.
5. Urban & Rural Solid Wast
a. Existing Landfills: Gas Extraction, Leachate Treatment, Material Mining, Remediation, 
Value-added Material Recovery
b. Non-recyclable packaging material.
c. Household hazardous waste
d. Construction & demolition debris
e. Co-digestion of sewage sludge
f. 
End of Life Vehicles, Tyres, Batteries and other subcomponents
6. Industrial Hazardous & non
a. Mining Waste:  Overburden, Tailing Pond
b. Metallurgical Waste 
c. Cost effective treatment of refractory organics
d. Recycling/recovery of value a
e. Solid Waste from Chemical Industry (such as adsorbents like ion exchange resins, 
activated carbon, clays, membranes) 
f. 
Membrane rejects and Salts
g. Industrial sludges 
 
The 
concept 
note 
in 
the 
given 
specified
conceptnotewmt2018@gmail.com
scrutinized by the Expert Advisory Committee and only PIs of selected/screened
concept ideas will be called for a One Day workshop to
Gaps (As per the Nation's need) (2) Waste Management Rules(3) Industry Participation in 
Technology Development Projects (4) Proposal Drafting
FORMAT FOR CONCEPT NOTE
 
Government of India 
Ministry of Science & Technology  
(Department of Science & Technology) 
Call for Concept Note in Wa",03/01/2018,31/01/2018
2018 Commonwealth Scholarship in the United Kingdom,"No. F. 22-1/2017-ES.4 
Government of India 
Ministry of Human Resource Development 
Department of Higher Education 
ES.4 Section 
***** 
2018 COMMONWEALTH SCHOLARSHIP IN THE UNITED KINGDOM 
 
Last date for applying online in the Ministry:  7th February, 2018 (till 3:00 PM) 
 
Online application is invited from Indian national for the ‘2018 COMMONWEALTH 
SCHOLARSHIP TENABLE IN THE UNITED KINGDOM’ for the Master’s & Doctoral 
degree programme. The study will commence in September/October 2018.  
 
The candidates are also advised to read the public notice on Commonwealth site url: 
 
Master’s: 
http://cscuk.dfid.gov.uk/wp-content/uploads/2017/12/terms-conditions-
masters-scholarships-2018.pdf 
 
PhD:            http://cscuk.dfid.gov.uk/wp-content/uploads/2017/12/terms-conditions-
phd-scholarships-low-middle-income-countries-2018.pdf  
Number of nomination and award: 
 
Nomination: Maximum 65 nominations,   out of which, 26 nomination would be for PhD. 
 
Online applications: 
 
Candidates are required to apply online at the following portals: 
 
 Ministry of Human Resource Development (MHRD) portal by 7th February, 2018 
(till 3:00 PM). 
 
Link for online application: http://proposal.sakshat.ac.in/scholarship/  
 
 Commonwealth Scholarship Commission’s Electronic Application System (EAS) 
by 22.02.2018.  
Link for EAS: https://csc.do-it-online.org.uk/csc/electronicapplicationsystem.htm 
 
Note:  
 
 It is compulsory for the applicant to apply in the above portals before the cut-off 
date, failing which would make his/her candidature ineligible. 
  
 Since the cut-off date for MHRD portal is prior to EAS cut-off date, it is advised 
that the candidates adhere to the respective cut-off date. 
 
 
 
 
 
 
Level of course: 
 
(i)  
Master’s Course (one year) 
 
(Note: Master Degree programs which are less than 2 years in duration, are not 
equivalent to Master Degree in India.) 
 
(ii)  
Doctoral degree (up to three/four years’ duration) 
 
(Note: CSC would fund only f",05/01/2018,07/02/2018
Indo-German Science & Technology Centre (IGSTC) Announces Call for Grant Applications for Indo-German R & D Partnership on research projects with industrial relevance.," 
 
INDO-GERMAN SCIENCE & TECHNOLOGY CENTRE 
Plot No. 102, Institutional Area, Sector - 44, Gurgaon - 122003, India 
IGSTC 2+2 Call 2017 
Indo-German Science & Technology Centre (IGSTC), a joint initiative of Government 
of India (DST) and Government of Germany (BMBF) to promote research partnership of 
industrial relevance invites: 
 
First Stage Proposals for joint R&D+I projects of industrial relevance in 2+2 Mode of 
Partnership in the overall thematic area Advanced Manufacturing and New Materials, with 
subtopics: 
• 
Industry 4.0 (new human-machine interaction processes / digital and cloud manufacturing) 
• 
Machine building (low cost sub-systems / components for improved precision, reliability, 
productivity) 
• 
Process technologies for new materials including nanomaterials  
• 
Light weight design and processes 
Deadline for Submitting First Stage Proposals:  13th February 2018 
 
2+2 Mode of Partnership 
IGSTC intends to catalyse innovation centric R&D+I projects by synergising the strength of 
research/academic institution and public/private industry from India and Germany. This Call for 
proposals is aimed at supporting joint R&D+I projects of industrial relevance by means of “2+2 
Mode of Partnership” i.e. involvement of at least one research/academic institute and one 
public/private industry from both the countries. Project proposals are expected to provide 
insights and exploitable research results leading to new technologies, products, processes, 
patents and/or services. 
 
Evaluation 
IGSTC will execute a two step evaluation process by a bilateral Scientific Committee. Applicants 
have to submit a First Stage Proposal first and will be asked to submit the Second Stage 
Proposal if they are shortlisted. Each evaluation step might take up to two to three months time.  
 
Funding Support  
Funding will be provided in the form of grants amounting up to € 450000 per project for German 
applicants and up to ₹ 230 Lakhs per project for Indian applicants,",09/11/2017,13/02/2018
Call for Proposals - 2018 under India - Iran Bilateral S&T Cooperation,"1 
 
 
 
 
 
INDIA-IRAN BILATERAL SCIENTIFIC AND TECHNOLOGICAL COOPERATION 
 
CALL FOR PROPOSALS – 2018 
 
 
From 1st January 2018 to 15th February 2018 is the open call for the presentation of joint 
research projects between Indian and Iranian groups, in the framework of the agreed minutes of the 
Indo-Iran Joint Committee Meeting on Science and Technology of Cooperation between the 
Department of Science and Technology (DST), Ministry of Science & Technology of the Indian Republic 
and the Centre for International Scientific Cooperation (CISC), Ministry of Science, Research and 
Technology (MSRT) of the Islamic Republic of Iran, taking as a base of the General Agreement of 2003 
on  Scientific and Technical Cooperation between Indian and Iranian Governments. 
 
 
OBJECTIVES:  
• 
To strengthen and to expand relations between both scientific communities, making 
possible the exchanges between Indian and Iranian research groups, in the framework of 
joint scientific and technological projects, selected by the parties. 
• 
Promote implementation of joint projects able to bind R&D centres with enterprises from 
both countries.  
 
 
PROJECT PARTICIPANTS AND SUBJECT AREAS: 
 
Scientists/Faculty Members working in regular capacity in Government recognized 
Universities/Deemed Universities, Academic Institutes and National Research & Development 
Laboratories/ Institutes can apply as Principal Investigator (PI). The Indian PI should not be retiring 
during the proposed duration of the project. In order to qualify for such funding, investigators are 
required to have a concrete and sound research proposal on any of the following areas:  
 
 
The priority areas for this Call mutally agreed are as given below: 
1.  Biotechnology and Human Health (focusing improvement in crop productivity, transgenic 
crops, microbial biotechnology with emphasis on cellulosic biofuel and microbial diversity and 
bioprospecting; Molecular Medicine focussing research on stem cell, cancer, tro",01/01/2018,15/02/2018
Call for Proposal for Device Development Programme - 2017,"1 
CALL FOR PROPOSALS 
For 
 
under 
(TECHNOLOGY DEVELOPMENT PROGRAMME) 
 
 
 
 
The Department of Science & Technology (DST) under its Device Development Programme 
has been promoting and supporting activities related to indigenous development of selected 
devices in the country. During recent past, DST has supported the development of 
instruments/devices etc. at various R&D institutions/universities. This has resulted in 
development of these instruments and subsequent transfer of know-how to various production 
agencies for their commercial production.  
IDENTIFIED AREAS: 
Following areas have been identified and project proposals may be submitted for 
development of device in the following areas: - 
 
Measuring/ Monitoring devices/instruments: - 
 Low cost IR spectrophotometers (NIR & MIR) 
 Low cost Raman spectrophotometers. 
 Low cost GC, HPLC instruments. 
 Micro-fluidic platforms for various applications. 
 Vibration Measuring/Monitoring Instruments 
 Straightness Measuring Instruments 
 Teaching Aid Instruments 
 Quality Measuring Instruments 
 Sensor based devices 
 
Food adulteration detection devices: - 
 Affordable devices to check for adulteration in food, including grains, spices and raw 
& processed food. 
 Devices for detection of hazardous elements in food like lead, mercury, arsenic etc. 
 
Plants diseases detection devices. 
 Low cost, fast and compact device for the detection of disease in plants.  
 Spectroscopic systems for quantification of disease level in plants. 
Last Date of Submission: 31st January, 2018 
DEVICE DEVELOPMENT PROGRAMME 
2 
 Environmental monitoring devices/ Early warning Systems: - 
 Low cost kit for automobile exhaust emission measurement. 
 Instrument for pollution measuring and monitoring systems 
 IoT enabled industrial systems:- 
 IOT enabled industrial systems for various applications 
 
Disaster management in sewages and Man-holes: 
   Novel systems for detection and monitoring of hazardous g",27/12/2017,16/02/2018
Call for proposal - Science & Heritage Research Initiative(SHRI)," 
 
 
GUIDELINES 
& 
FORMAT 
FOR 
SUBMISSION OF 
 
PROJECT PROPOSALS 
 
 
 
 
 
UNDER THE SCHEME 
 
 
 
“Science and Heritage Research 
Initiative (SHRI)” 
 
 
 
 
 
 
 
 
GOVERNMENT OF INDIA 
MINISTRY OF SCIENCE AND TECHNOLOGY 
DEPARTMENT OF SCIENCE AND TECHNOLOGY  
 
TECHNOLOGY BHAVAN, NEW MEHRAULI ROAD 
NEW DELHI-110016 
 
 
 
 
1 | P a g e  
 
Science and Heritage Research Initiative (SHRI) 
Scheme: 
Technology Development and Transfer  
Background: 
Heritage science refers to the ""fascinating, rich and diverse range of 
scientific challenges"" associated with conservation and maintenance of 
movable and immovable heritage. Its significance has grown steadily in recent 
times for culturally rich, knowledge based economies. 
Since the very beginning, for investigation, preservation, and 
conservation-restoration of our cultural heritage, science and technology has 
been playing an important role. It includes documentation, study of materials 
& technology across the era, understanding degradation processes and 
current state of works of art, as well. Eventually, it leads to development and 
evaluation of new materials and methods for interventions in both, movable 
and immovable art works. In the past decades, the booming developments in 
chemical science, especially in analytical, organic, environmental chemistry, 
electronics and computer science has brought new tools and methods of great 
perfection for analysis, diagnosis and protection of art and cultural objects. 
Overview: 
The societal connections with cultural heritage can be nurtured by 
preservation and valorisation of legacy through scientific methods and 
technologies, thereby converting it into a resource. 
The imaging, diagnosis, and preservation techniques for cultural heritage can 
be optimized through interdisciplinary collaboration and technology transfer 
to expand the ""tool kit"" whilst inspiring researchers to explore beyond 
boundaries. 
Science and Heritage Research Initiative (SHRI), a new ",28/12/2017,16/02/2018
Indo - Norway Joint Energy Call 2017," 
DEPARTMENT OF SCIENCE & TECHNOLOGY (DST) 
and 
RESEARCH COUNCIL OF NORWAY (RCN) 
CALL FOR PROPOSALS on Energy research (2018) 
Last date for submission of proposals:  
For Norwegian applicants: 14February 2018 
For Indian applicants: 21 February 2018 
 
 
India and Norway have started a program for joint funding of Indo-Norwegian joint research 
projects in mutually agreed fields to achieve bilateral world-class scientific results.  
Guidelines and important considerations relevant to all types of 
applications in this call for proposals: 
Under the Agreement of Cooperation in Science & Technology concluded between the Government 
of India and the Government of Norway, the Department of Science and Technology (DST) of the 
Government of India and the Research Council of Norway (RCN) have started a program for joint 
funding of Indo-Norwegian joint research projects in mutually agreed fields to achieve world-class 
scientific results. 
Norwegian funding for this call for proposals is part of the two RCN programs INDNOR and 
ENERGIX, and will be given withinthe field of environmentally friendly energy research. The main 
purpose of this call is to increase Indo- Norwegian R&D cooperation in areas of industrial interest. 
DST and RCN invite Indian and Norwegian research institutions to submit research proposals within 
the thematic areas listed below. RCN will support projects of industrial interest and the project 
proposals should have Letter of Interest (LOI) from at least one Norwegian industrial company. 
From Indian side, Academic partner will submit the project and the industry participation is 
voluntary, if required, and not compulsory. 
Research areas covered 
The following topics are covered by the call 
o 
Solar Energy – PV 
o 
Energy System – smart grid 
More detailed information about the two thematic areas is described in the ENERGIX program plan. 
The call is not open for other thematic areas covered by the plan than the areas listed above. The 
progr",14/11/2017,21/02/2018
EU-India Water Cooperation on Research and Innovation Joint Call for Proposals - 2017- 2018,"India National Guidelines  
EU-India Water Cooperation on Research and Innovation 
 Joint Call for Proposals - 2017- 2018  
 
The EU-India S&T Agreement aims to support excellent research on priority areas which 
can best be addressed by a multinational approach. This initiative should facilitate 
cooperation among the researchers and institutions in India and Europe in the field of 
water. 
 
1. Funding Agencies  
 EUROPEAN UNION  
o European Commission – Horizon 2020  
 INDIA 
o Indian Department of Science and Technology (DST) 
o Indian Department of Biotechnology (DBT)  
 
2. 
Scope 
This action should develop new and/or adapt the most suitable existing innovative and 
affordable solutions for Indian conditions, both in urban and rural areas, by addressing one 
or more of the following broad challenges: 
(i) Drinking water purification with a focus on emerging pollutants; 
(ii) Waste water treatment, with scope for resource/energy recovery, reuse, recycle and 
rainwater harvesting, including bioremediation technologies; 
(iii) Real time monitoring and control systems in distribution and treatment systems. 
The centre of gravity of the actions is expected at TRL 3-6. The detailed Call text is 
annexed at the end of this document. 
The complete call information is available on websites of: 
 
 European Commission Participant Portal 
http://ec.europa.eu/research/participants/portal/desktop/en/opportunities/h2020/t
opics/sc5-12-2018.html  
 Department of Science & Technology (DST):  
http://www.dst.gov.in/ , http://onlinedst.gov.in/Login.aspx  
 Department of Biotechnology (DBT):  
http://www.dbtindia.nic.in/  
 
 
 
 
 
 
 
3.       Participation  
Joint proposal for a collaborative research and innovation project (called RIA -
Research and Innovation Action1) should be submitted by a consortium of at least 
three legal entities from India and three legal entities from Europe. 
The eligibility criteria and other terms and conditions are described below. 
 
Abo",17/11/2017,27/02/2018
Scheme for Young Scientists and Technologists,,06/02/2018,15/03/2018
Invites R&D Project Proposals on Spatial Data Infrastructures (SDI) for Urban Governance Applications,"ANNOUNCEMENT/ Call for R&D Proposals 
 
Department of Science and Technology 
Ministry of Science and Technology 
NRDMS-NSDI Division 
 
Invites R&D Project Proposals on “Spatial Data Infrastructures (SDI) 
for Urban Governance Applications” 
 
R&D Project Proposals are hereby invited by the NRDMS-NSDI Division of Department 
of Science & Technology (DST), Govt. of India for developing and demonstrating utility of 
concepts of Spatial Data Infrastructures (SDIs) in Urban Governance Applications. In particular, 
SDI concepts like geospatial metadata, geospatial data and process standards; decision support 
systems; and application of emerging Geo-Information & Communication Technologies in Urban 
Governance using web-based platforms etc. are proposed to be explored and adapted to real-life 
Urban Governance context. Details of the three categories of thrust areas (indicative only) where 
R&D proposals are invited are as follows: 
 
Category I - Testbed projects – Urban Governance testbed projects are required to be 
implemented for testing and demonstrating the utility of SDI concepts (or underlying data sets) in 
Smart City development to end users in a short time frame while focusing on the relevant and 
immediate GIS applications. R&D Teams implementing State SDI projects or similar scientific & 
technical groups in different State Government Agencies are expected to submit project proposals 
in this Category. A part of the proposed activities in the category could be implemented with the 
involvement of a suitable System Integrator/ Vendor to be identified through an EoI/ RFP 
process, in addition to the JRFs/ SRFs/ RAs etc. 
 
Category II - Deployment R&D – In these projects, some amount of development is required to 
be implemented and demonstrated through lab-based activities in technical institutions like IITs, 
Universities; Laboratories etc. to support the deployment of standards/ technologies required in 
Category I (e.g. CityGML testbed for Indian City Fe",26/12/2017,31/03/2018
Advertisement for the SwarnaJayanti Fellowships Scheme 2017-18,"Ministry of Science & Technology 
Department of Science & Technology 
SwarnaJayanti Fellowships 2017-18 
 
Government of India had instituted a scheme titled “SwarnaJayanti Fellowships Scheme” to 
commemorate India’s fiftieth year of Independence. Under this scheme a selected number of 
young scientists, with excellent track record, are provided special assistance and support to 
enable them to pursue research in frontier areas of science and technology. The fellowship is 
scientist specific and not institution specific. 
 
Scientists selected for the award will be allowed to pursue unfettered research with a freedom and 
flexibility in terms of expenditure as approved in the research plan. The project to be submitted 
along with the application should, therefore, contain innovative research idea and it should have a 
potential of making impact on R&D in the discipline. 
 
The duration of the fellowship along with the project will be for a period not exceeding five years. 
 
The fellowship is open to Indian Nationals having a regular position in a recognized Indian 
academic/ research organization. The applicant should possess Ph.D in Science/ Engineering/ 
 Medicine and should not be drawing Fellowship from any other Scheme of GOI. 
The fellowship is open to scientists between 30 to 40 years of age as on December 
31, 2017. Applications from candidates who have completed 40 year of age as on or 
before 31.12.2017 will not be considered.  
 
Applications for the “SwarnaJayanti Fellowships Scheme 2017-18” are invited from eligible 
candidates. Candidates may log on onlinedst.gov.in from 15.02.2018 to access the home page of 
the “DST e-PMS Portal” for details and submit the application in online mode only. There is no 
need to send a hard copy. 
 
 The last date for submission of applications is March 31, 2018 by 1700 hrs.   
 
",12/02/2018,31/03/2018
"Announcement for inviting applications for participation in 3rd BRICS Young Scientist Conclave, Durban, South Africa(25-29 June 2018)"," 
 
DEPARTMENT OF SCIENCE & TECHNOLOGY (DST)  
(Govt. of India) 
Announcement for inviting applications for participation in   
3rd BRICS Young Scientist Conclave 
Durban, South Africa 
(25-29 June 2018) 
OVERVIEW: 
 
The idea of the BRICS Young Scientist Forum was adopted at the 2nd BRICS 
Science, Technology and Innovation (STI) Ministerial Meeting. As part of BRICS YS 
Forum’s activities, the 1st BRICS Young Scientist Conclave was held in Bangalore (India) in 
September 2016 and the 2nd edition of the BRICS YS Conclave was held in Hangzhou, 
China during 10-14 July 2017.  
As a follow up of the above and to implement the BRICS Leaders’ Declaration on 
“strengthening cooperation in science, technology and innovation, especially leveraging 
young scientific talent for addressing societal challenges; creating a networking platform 
for BRICS young scientists”, and implement the instructions of BRICS ministers, the 3rd 
edition of the BRICS Young Scientist Conclave is scheduled to take place in Durban, South 
Africa during 25-29 June 2018.  
The Conclave will provide a high-level platform of academic and policy exchange 
for talented young scientists as well as scientific personnel from BRICS countries to help 
them grow their skills, broaden their horizon and improve academic and policy 
qualifications, stimulate the interest of talented young scientists in the strategic research 
of future technologies, direct their attention to the most promising and important field 
of science and technology, promote exchanges and friendship, expand channels of 
cooperation, strengthen inter-disciplinary integration, encourage new academic 
inspirations, cultivate new academic disciplines and produce valuable policy advice. 
 
VISION: 
 BRICS Youth connectivity & networking to harness their knowledge for resolving 
common societal challenges through research and innovation and strengthen 
advancement of skill & research competencies of youth primarily below the age of 
35 years ",26/03/2018,30/04/2018
Ministry of Mines - Invites Science and Technology Project Proposals,,08/05/2018,15/05/2018
Call for Oriented Research&Technology Development Proposals on Materials for Energy Storage (MES) - 2018,"GOVERNMENT OF INDIA 
MINISTRY OF SCIENCE AND TECHNOLOGY 
DEPARTMENT OF SCIENCE AND TECHNOLOGY 
(Technology Mission Division) 
 
Call for Oriented Research&Technology Development Proposals on 
“Materials for Energy Storage” (MES) - 2018 
 
Preamble: DST is seeking to support novel energy storage research proposals 
addressing one or more of the following challenges: 
 
 Materials and materials design 
 Projects should seek to improve the lifetime and performance of 
energy storage devices through improved materials design and 
development. 
 Projects should seek to achieve performance advances in terms of 
energy and power density, together or separately, as they are 
important for future energy storage devices. 
 Diagnostics 
 Projects should seek to improve the tools and methodologies needed 
to understand and predict the characteristics and performance of 
energy storage materials, components, devices and systems, under 
different conditions and at different length and time scales. 
 Development of methodologies to diagnose energy storage systems 
under prevailing conditions with sufficient speed and accuracy to 
enable the efficient and safe operation of the system. 
 
Scope:Energy storage research include breakthrough research for materials 
leading to disruptive innovations in energy storage and may address all areas of 
energy 
storage 
technologies 
including: 
Chemical 
and 
electrochemical 
technologies (including alternatives to critical metals used in efficient energy 
storage); Electrical technologies; Mechanical and thermal storage technologies. 
The research should primarily address stationary applicationsand distribution of 
electricity. Research may range from the development of improved storage 
systems for electricity gridsto the demonstration and assessment of new 
technologies and systems analysis issues.This call for Efficient Energy Storage 
and Distribution is not exclusive to the above mentioned research issues and the 
call is open to ",15/03/2018,31/05/2018
Call for Proposals for Establishing Technology Enabling Centres (TEC) in University System,"Call of Proposals for TECs 
Establishing Technology Enabling Centres (TEC) in University System 
A rapid expansion has beenobserved, overa period of time, in the R&D output of the country, in 
terms of publications, IP, research translation and technology commercialization etc. These 
outcomes are playing an important role in the country's economic development, as evidenced by 
various rankings and performance matrices. Academia is the prime resource in any country for 
generating new knowledge and its conversionto wealth. However, absence of effective 
institutional mechanisms in academia fortranslating R&D output into technological wealth is a 
big impediment. TDT Division has been implementing Technology related programmes since the 
inception ofDST. Itssuccess in terms of indigenous technology development has been 
satisfactory;however, the contributionto this from the University system is yet tobe optimized. 
We have deliberated several times on institutionalizing industry academia interaction, wherein 
creation of an enabling ecosystem has always emerged as an issue remaining to be effectively 
tackled.  
Establishment of Technology Enabling Centres (TEC) in the University System is a step in this 
direction. 
The objective of TEC will be to create an Ecosystem for Technology Development in the 
Universities and to provide a platform to network researchers with other institutes, National 
laboratories and industry. The focus of Centres will be on providing an enabling eco system, 
process and support system.  
TEC's will be supported for period of five years with a maximum support of upto 1 crore 
per year.The progress of Centres will be monitored after every six months for two years and 
annually later. The Centres will be evaluated after three years for continuity and will be further 
extended for two years depending upon their performance. The proposed mandate, activities, 
evaluation criteria may be further modified while evaluating the performance of TECs",16/04/2018,31/05/2018
Call for Proposals under State Science and Technology (SSTP)- 2018-19 - (Call Date: 18.04.2018 to 31.05.2018),"GOVERNMENT OF INDIA 
MINISTRY OF SCIENCE AND TECHNOLOGY 
DEPARTMENT OF SCIENCE AND TECHNOLOGY 
TECHNOLOGY DEVELOPMENT & TRANSFER DIVISION 
 
Call for proposal under State Science & Technology Programme (SSTP) 
 
I. 
 AIM: 
 
This call is aimed at delivering S&T interventions to answer various location 
specific challenges in the different States of the Country which will ensure integration of 
S&T for overall socio-economic development with special emphasis on Location Specific 
Research & Technology Development, Adaptation and Transfer, S&T studies/surveys and 
information of exchange & experience sharing on specific S&T programmes throughout 
the Country.  The focus is on application research and field level interventions to 
demonstrate technical, social, environmental and eventually economic sustainable 
solution for various location specific challenges. The demand for intervention need to be 
evident and established clearly.  
 
II. 
PROMINENT AREAS ON WHICH PROJECT PROPOSAL CAN BE FORMULATED 
 
a) S&T Studies & Surveys:  This includes support for carrying out S&T studies/ surveys 
including techno-economic analysis, simulation modelling and studies etc; and 
development of State S&T database, S&T resources; State S&T policy issues; specific 
status reports etc: The activities under this head should lead to specific action plan 
for project generation.  
 
b) Location specific research & technology development:  Support for identifying/ 
projectising S&T programmes and for development oriented location specific 
research and technology development.  
 
c) Pilot scale demonstration projects:  Pilot scale demonstration projects including 
field trials etc based on technologies developed by Central S&T Agencies/ Labs/ 
Institutions etc. relevant to the State needs.  
 
d) Replication of success models: Replication of successful projects/programmes in 
other interested States based on successful experiences of a State S&T Council/ State 
S&T Institute/ NGOs etc.  
",19/04/2018,31/05/2018
Call for Proposals for Biomedical  Device and Technology Development (BDTD)-TDT Division,"1 
CALL FOR PROPOSALS 
For 
 
under 
(TECHNOLOGY DEVELOPMENT PROGRAMME) 
 
 
 
 
 
Department of Science and Technology has initiated a programme on Biomedical 
 Device and Technology Development (BDTD) during the year, 2016. BDTD has been 
evolved considering the concern of medical device industry to develop new innovative 
products as per global standards. The focus of DST- BDTD is on development of devices and 
related technologies. The categories listed for support include under this call include: 
a) Late-Stage Prototype Development (Fabrication of compact prototype for 
testing and validation) 
b) Pilot Scale Testing and validation: (Upon completion of the technology’s 
design, fabrication final testing with limited number of prototypes) with 
mandatory (manufacturer) industry participation. 
 
IDENTIFIED AREAS 
 
Following areas have been identified for development of innovative devices for diagnosis, 
prevention, monitoring: 
 Non invasive devices to record physiological parameters for long term monitoring 
 Preventive healthcare-Mass Screening devices 
 Malnutrition in children (Minimally invasive technologies to monitor brain, vision, 
auditory function in children or any other parameter) 
 Oral/Dental health 
 Mental health 
 Post Surgery / Trauma patient care 
 Non communicable diseases 
 Cardiovascular diseases 
 Cancer  
 Life style disorders 
 
Any proposal not in the scope of the call will be deterred.  
 
WHO CAN SUBMIT PROJECT PROPOSALS 
 
The Project Proposal could be submitted for financial support though ONLINE MODE 
ONLY by scientist/ engineers/ technologists/doctors working in Universities and other 
Last Date of Submission: 31stMay, 2018 
BIOMEDICAL DEVICE AND TECHNOLOGY 
DEVELOPMENT PROGRAMME 
2 
academic institutions; R&D institutions/ laboratories having adequate infrastructure and 
facilities to carry out R&D work.  
 
The investigators/ R&D Group should have adequate experience and expertise in the relevant 
area of proposal. A",25/04/2018,15/06/2018
"Indo-Canada Joint Call for Proposals Improving Occupant Survivability in Buildings During Fires Using Innovations in Structural Engineering, Materials Science and Cyber-Physical Interfaces","Indo-Canada Joint Call for Proposals 
Improving Occupant Survivability in Buildings During Fires Using Innovations in 
Structural Engineering, Materials Science and Cyber-Physical Interfaces 
 
DST and IC-IMPACTS  
 
Fire represents one of the most severe hazards encountered by built environments 
and thus providing appropriate fire safety measures is a major requirement in building 
design. Fire in a building can result from an accidental event (short circuit etc.) or as a 
secondary event following other hazards (such as earthquake, explosion, and impact). Fires, 
if not contained or controlled in early stages, can create severe life-threatening conditions 
leading to loss of life, injuries and property damage. Hence, appropriate fire safety measures 
in buildings are critical for ensuring the safety of occupants, fire-fighters, emergency 
responders, as well as for minimizing fire-induced damage and collapse of structural 
systems. 
Recent fire statistics clearly show that India has the highest fire-related deaths of any 
country in the world. For instance, in 2014, there were more than 300,000 fires in India that 
resulted in about 25,000 deaths and fire losses in the order of thousands of crores (rupees). 
According to the statistics released by the National Crime Records Bureau (India), fire 
accounts for about 5.9% (23,281) of the total deaths reported due to natural and unnatural 
causes during the year 2012. Further, recent statistics also show that fire losses in India are 
increasing at a faster pace due to rapid urbanization and growing economy. Much of this 
increased fire-related deaths and losses are due to the rapid rise in high-rise buildings, 
increased fuel load in buildings and slower response time to fight fires. 
In Canada, First Nations Communities are ten times more susceptible to die in house 
fires than the population at large. (2015, December 21.)  
(Retrieved from http://www.cbc.ca/news/indigenous/first-nations-10-times-more-likely-to-die",10/04/2018,30/06/2018
Call for Oriented Research & Technology Development Proposals on Hydrogen and Fuel Cell (HFC) - 2018,"GOVERNMENT OF INDIA 
MINISTRY OF SCIENCE AND TECHNOLOGY 
DEPARTMENT OF SCIENCE AND TECHNOLOGY 
(Technology Mission Division) 
 
Call for Oriented Research & Technology Development Proposals on 
“Hydrogen and Fuel Cell (HFC)” - 2018 
 
Preamble: DST is seeking to support innovativeHydrogen and Fuel research 
proposals addressing one or more of the following challenges: 
 
 Research on hydrogen and fuel cell as renewable energy carrier, such as 
hydrogen production and distribution, hydrogen storage for renewable 
energy integration and fuels cells for power and combined heat and 
power generation. 
 
 
To develop transformational technologies that reduce the cost of 
hydrogen production, distribution& Storage, diversify the feedstock 
available for economic hydrogen production, enhance the flexibility of 
the power grid, reduce emissions through novel uses of low-cost 
hydrogen. 
 
 
Projects should seek to achieve performance advances in terms of 
durability of fuel cell technology. Proposal submitted under this topic 
should focus on developing and optimizing advanced electrocatalysts 
and novel synthesis methods. The conceptual and detailed design of a 
High temperature Fuel Cell-Combined Heat and Power (HTFC-CHP) 
system optimised for raw biomass-derived gaseous fuel operation in a 
real environment, processing different types of biogas feedstock, 
coping with gas composition fluctuations and pollutants. 
 
Aim:Reduce the production cost of fuel cell systems to be used in transport 
applications, while increasing their lifetime to levels which can compete with 
conventional technologies, increase the electrical efficiency and the durability of 
the different fuel cells used for power production to levels which can compete 
with conventional technologies, while reducing costs, increase the energy 
efficiency of production of hydrogen mainly fromwater electrolysis and renewable 
sources while reducing operating and capital costs, so that the combined system 
of ",10/05/2018,15/07/2018
"Initiative in Coordinated Programme for Arid, Semi Arid and Cold Desert Regions(ASACODER)",,05/06/2018,15/07/2018
India - Thailand Joint Call for Proposals," 
 
 
 
 
Department of Science & Technology (DST), 
Government of India 
& 
Ministry of Science and  
Technology of the Kingdom of Thailand  
Bilateral Scientific and Technological Cooperation 
between  
The Republic of India and The Kingdom of Thailand 
 
CALL FOR JOINT PROPOSALS (2018) 
DEADLINE FOR THE SUBMISSION OF PROPOSALS : JULY 16, 2018 
Under the Programme of Cooperation in the fields of Science and Technology 
for the years 2018-20, the Indian Department of Science and Technology (DST), 
Ministry of Science and Technology, Government of India and the Ministry of 
Science & Technology of the Kingdom of Thailand, invite Indian and Thai 
universities, research centres and institutes to submit joint proposals for scientific 
and technological research and development  projects. 
I - PRIORITY RESEARCH AREAS  
Department of Science & Technology (DST), Government of India and 
Ministry of Science & Technology of the Kingdom of Thailand, invite Indian and Thai 
scientists / researchers to submit proposals for joint research projects in the following 
areas: 
i. 
Human Health sciences 
ii. 
Renewable Energy covering solar cells and PV  reliability  
iii. 
Photonics  covering elastomeric optics and optical devices 
iv. 
Geospatial Technologies   covering  creation of GIS of towns in 
Thailand for urban development   
v. 
Astronomy & Astrophysics  
II – WHO CAN APPLY 
 
The proposals should involve one or preferably more research entities from 
both sides. The joint application must include one Indian and one Thai Principal 
Investigators, who would  be responsible for technical as well as administrative co-
ordination of the project and its periodic scientific and financial reporting to the DST/ 
Office of the Permanent Secretary, Ministry of Science and Technology  
respectively. 
 
Please note that on the Indian side applicant already implementing two 
projects funded by the International Division of DST is not eligible to submit 
the project against this call. 
",01/06/2018,16/07/2018
"DST Science, Technology, and Innovation Policy Fellowships"," 
 
Ministry of Science and Technology 
Department of Science and Technology 
Last Date of Application Extended: July 20, 2018 
 
DST Science, Technology, and Innovation Policy Fellowships 
 
Background and Motivation 
Science, Technology, and Innovation (STI) are now recognized as playing a significant role in 
advancing human, social, and economic development and meeting the aspirations of people 
and nations across the world. As a result, understanding STI processes and exploring ways to 
strengthen them is a major strand of intellectual activity, evinced by the explosion of literature 
on these topics in the last decade. Department of Science and Technology (DST) recognized 
the importance of evidence-driven research and analysis in underpinning the effective 
achievement of the objectives of this policy and established DST Centers for Policy Research 
(CPRs) in various academic institutions across the country. These centers are engaged in 
targeted research in number of key areas relevant to the country, train young scholars in STI 
policy research, and contribute towards providing inputs to DST. 
As the country is lagging behind in terms of critical mass and proper structure of policy 
research institution(s), Policy Research Cell of DST had announced STI Policy Fellowship 
Programme in 2016 with the broad objective of (a) enhancing human resources that can 
engage with and contribute to the STI policy domain and (b) strengthen the knowledge base, 
think tank, and evidence based policy making. The 3rd Call for STI Policy Fellowship was 
announced to provide an opportunity to develop the skills for young scientists and engineers 
who are interested in engagement with the STI policy domain and/or as STI policy 
researchers. This programme aims to attract and encourage top-quality researchers as 
POSTDOCTORAL FELLOW (Max 10 numbers) to work on the issues pertaining to STI 
policy and contribute their knowledge and analytical skills in the policy realm.  
Candidat",10/05/2018,20/07/2018
DST-DAAD 2018 Call for Personal Exchanges between India and Germany," 
 
 
 
  
   
                     
                                       
                                   P33 – Projektförderung deutsche Sprache                  
                                              and Forschungsmobilität (PPP) 
 
 
 
 
 
Department of Science & Technology 
(Govt of India) 
 
                                             
 
 
 
1 
 
Announcement 2019             
 Project- based Personnel Exchange Programme with India 
- Indo-German Joint Research Collaboration - 
 
DAAD / Department of Science and Technology (DST) 
Last Date : 31st July 2018 
  
 
Agreement 
 The ’Project-based Personnel Exchange Programme’(PPP) is a bilateral research 
promotion programme which is the result of the Memorandum of Understanding 
(MoU) concluded in 1998 between the German Academic Exchange Service 
(DAAD) and the Department of Science and Technology (DST). . 
 
  
Who are the funding 
institutions? 
 DAAD receives funds for implementing the programme through a budget allocation 
made by the Federal Ministry of Education and Research (BMBF). On the Indian 
side, the programme is funded by Government of India through the Department of 
Science and Technology (DST).  
 
  
What are the aims of 
the programme?  
 
 The basic aim of the programme is to strengthen the collaboration between Indian 
and German research groups, which are working jointly on a particular scientific 
project.  The programme ’Project-based Personnel Exchange’ envisages, in this 
connection, financial support for operational mobility only. Particular emphasis is 
thereby accorded to academic training and specialization of young researchers.  
Concrete objectives have to be mentioned in the application (project description) 
(including the number and academic credentials of the researchers to be support-
ed). 
Research collaborations entered into with the intention of initiating major projects, 
such as the preparation of joint applications meant for submission to any other fund-
i",20/06/2018,31/07/2018
Joint Call for project proposals 2018 - Indo-Danish Research and Innovation Cooperation in the areas of Renewable Energy,"Joint Call for project proposals  
2018 - Indo-Danish Research and Innovation Cooperation  
in the areas of Renewable Energy 
 
Announcement of Call for Proposals : May 22, 2018 
Deadline for Submitting Proposals: August 14, 12.00 Danish Time, 15.30 Indian Time, 2018 
 
Innovation Fund Denmark (IFD) and Department of Science and Technology (DST) have agreed to launch a 
call for joint projects with a view to further develop and strengthen the Danish-Indian research cooperation 
in the areas Renewable Energy. This is in pursuant to the agreement of 22nd May 2018, between the 
Government of the Republic of India and the Government of Denmark on cooperation in the fields of 
 Science, Technology and Innovation. 
 
1. Prioritised research and innovation areas 
Renewable Energy: Development and integration of renewable energy based solutions and energy 
efficiency in electricity and heating systems  
 
2. Application procedure 
 
The Danish and Indian applicants will develop one joint Project plan and the plan will be sent to both 
Denmark IFD and India (DST) using the forms of each organisation, respectively. 
 
Project proposal must include the name of one Principal Investigator (PI) each in India and Denmark. On the 
Indian side it is advised to include one Co-PI in the proposal. The applications must include a statement on 
how the proposed collaboration brings added valued for both countries.  
 
On the Indian side PIs and other investigators should either be scientists, researchers or faculty members 
regularly employed by government-recognized universities, academic institutes, national research and 
development laboratories or institutes. Neither PI should be retired or planning to retire during the proposed 
period of the project. Please note that on the Indian side applicant already implementing two projects 
funded by the International Division of DST is not eligible to submit the project against this call. 
 
3. Funding  
 
The successful projects will be fun",28/05/2018,14/08/2018
"Funding Opportunity Announcement (FOA) in Converting Sunlight to Storable Fuels, Energyrich chemicals and Biochemicals (IC5)","Mission Innovation (Ml) is a global initiative of 23 countries and the European Union to accelerate the global clean energy innovation. India along with other
countries is a member of all Mission Innovation (Ml) challenges for clean energy development. Participating countries have committed to double their clean
energy R&D investments over five years.
For details please visit website - www.mission-innovation.net
Member Countries of the Sunlight Innovation Challenge/ IC#5 under Ml include includes Australia, Austria, Brazil, Canada, Chile, China, Denmark, European
Union, Finland, France, Germany, Italy, Japan, Mexico, Netherlands, Norway, Saudi Arabia, Sweden, United Arab Emirates, United Kingdom and United States
FUNDING OPPORTUNITY ANNOUNCEMENT (FOA)  in CONVERTING SUNLIGHT INNOVATION CHALLENGE (IC#5)
Jointly by
DEPARTMENT OF BIOTECHNOLOGY & DEPARTMENT OF SCIENCE AND TECHNOLOGY
OBJECTIVE: to discover affordable ways to convert sunlight into storable solar fuels and chemicals
 Discovering electro catalysts for water splitting, H2 production and CO2 reduction
 Accelerating discovery/ understanding of photo-catalysts & photoactive materials for solar driven CO2
reduction
 Design and engineering of devices for production of energy -rich chemicals
 Design and development of CAPEX & OPEX friendly bioreactor systems and materials
 Improved biomass processing operations as cell rupture, lipid extraction, biomass conversion
 Design & large-scale demonstration of cultivation systems
 Host engineering/strain improvement of micro algae & cyanobacteria for improved photosynthetic
efficiency
 Biocatalyst improvement using synthetic biology for photo-bio electrochemical CO2 reduction
 Process up-scaling and demonstration of technology in above systems
 Process economics and LCA studies for photo-catalysis, photo-electrochemical cells & photo-bio
electrochemical CO2 reduction
Submission
closes on: 
31st Aug 2018
Prescribed format for Letter of Intent (LoI) is available a",05/07/2018,31/08/2018
India-Belarus Joint Call for Proposals," 
 
                                                               
Call for Proposals 2018 
under 
Indo-Belarus Joint Research Programme 
 
CLOSING DATE – 31st August 2018 
 
The Department of Science & Technology (DST), Govt. of India and the State Committee of 
Scientific Research of Belarus invites joint R&D project proposals from scientists & 
technologists from India and Belarus:  
 
The DST and the State Committee  (hereinafter referred to as the “Implementing Agencies”) 
hereby invite Indian and Belarusian scientists/researchers to submit proposals for Joint 
Research Projects in following areas: 
 
 
Energy; 
 
Information and Communications Technologies; 
 
Biotechnology, Medicine and Pharmacy; 
 
Agrotechnology and Food Security; 
 
Clean Technology for Environment; 
 
Materials Sciences & Metallurgy. 
 
[A] APPLICATIONS 
(1) An Application shall - 
a) be for a Joint Research Project. 
b) be made simultaneously by a counterpart Team in each country as hereinafter 
provided. 
c) be made by the Leader of a team of scientists in each country (Team Leader), to 
the respective Implementing Agency of his/her country, simultaneously. Both 
Applications shall be identical. Since all projects are joint projects, it is expected 
that consultations would have been held between relevant counterpart Institutions 
in the other country prior to the submission of an Application. 
d) be in English and shall be in the Form prescribed by the relevant Implementing 
Agency. 
e) be required to be submitted by the dates set out below. 
  
(2) Applications are required to be submitted as follows -  
The Indian researchers can download the proposal formats from websites 
www.dst.gov.in / www.onlinedst.gov.in and should submit completed application 
form and all relevant information by 31st August 2018.  Proposals must be 
submitted 
to 
DST 
through 
the 
e-application 
system 
provided 
at 
www.onlinedst.gov.in. Indian Applicants also requested to send three hard copies 
(",11/07/2018,31/08/2018
Call for Enrollment of Desalination Solution Providers,"Ministry of Science & Technology 
Department of Science & Technology
 
Enrolment  of Indian and Global 
National Mission on Desalination
 
The National Mission on Desalination (NMD), 
Science and Technology (DST), Ministry of Science and Technology (MoST), Govt. of India 
partnership with concerned ministries and de
to ensure water security of the 
scarce areas of the country
sustainable solution for water supply in the coastal states across India. 
enlist all technologies (developed and commercialized, developed and awaiting 
commercialization, and likely to be developed in next 5 years) and enroll all 
Global desalination technology 
direction, it is planned to identify
options both from India and abroad for conversion of seawater/ 
for different end use (domestic/agriculture/ industrial) 
Desalination (NMD). 
 
Department of Science & Technology (DST) seeks 
choice of technologies/ solutions. Based on the information, 
Technological Solutions will be 
and other organizations regarding selection and use of appropriate technologies for 
processing of seawater/ saline
industrial consumption. The info
desalination units will be used by 
informed decision on appropriate 
context and would provide an opportunity to enrolled solution providers to be a part of 
activities of National Mission on Desalination.
 
Technology solution providers are 
questionnaire at the following link: 
 
For any queries, you may write to: desalinationmission@gmail.com.
 
Softcopies along with supporting documents and photos of 
operational systems may 
documents and photos can also
Mission Division, Department of Science & Technology (DST), Technology Bhavan, New 
Mehrauli Road, New Delhi-11
 
 
Government of India  
Ministry of Science & Technology  
Department of Science & Technology 
of Indian and Global Desalination Solution Providers 
on Desalination 
The National Mission on Desalination (NMD), conceptualised in 2017 by 
Science and Technology (DST), Ministry of Science and Technology (",05/06/2018,31/08/2018
India-Japan Cooperative Science Programme (IJCSP),"GOVERNMENT OF INDIA 
MINISTRY OF SCIENCE AND TECHNOLOGY 
DEPARTMENT OF SCIENCE & TECHNOLOGY 
 
INDIA-JAPAN COOPERATIVE SCIENCE PROGRAMME (IJCSP) 
CALL FOR PROPOSALS-2018 
 
 
DEADLINE DATE FOR SUBMITTING PROPOSALS: 5th September, 2018 
The Department of Science and Technology (DST), Ministry of Science & 
Technology. Government of India, New Delhi and the Japan Society for the 
Promotion of Science (JSPS) conduct the India-Japan Cooperative Science 
Programme (IJCSP) to promote bilateral scientific collaboration between Indian and 
Japanese scientists. Applications are invited from eligible Indian researchers 
/scientists to submit proposals for Joint Research Projects and Joint 
Workshops/Seminars under IJCSP.  
 
I.  Areas of cooperation: The support is available to the following scientific areas: 
[A] Fundamental Sciences: Physical and Chemical Systems  
1. Condensed Matter Physics  
2. Molecules and Molecular Assembly Science  
3. Interface Science and Catalysis 
[B] Materials and System Engineering: Man-made Systems 
1. Advanced Materials and Nanotechnologies (This keyword includes areas of metal  
    ceramics, polymer science & engineering and materials processes)   
2. Engineering Sciences (This keyword includes areas of manufacturing science and  
engineering and synthesis & analysis/optimization & simulation of engineering 
processes and systems)  
[C] Natural Systems: Life Sciences and Bioengineering 
1. Molecular and Chemical Biosciences   
2. Biotechnology and Bioengineering   
3. Medical Biosciences  
4. Cognitive Science  
[D] Astronomy, Space, Earth System and Sciences   
1. Astronomy, Astrophysics, and Space & Planetary Science  
2. Geosciences (Marine, Meteorology, Geology, Paleontology)  
3. Geophysics and Geochemistry for Global Issues (Global warming and Natural  
    Resource)  
[E] Mathematics and Computational Science 
1. Mathematical Science  
 
2. Computational Science and Engineering  
3. Big Data analytics 
4. Machine Learning 
II. Who ca",10/07/2018,05/09/2018
DST-NWO Joint Call on Urban Water Systems,"Chapter 1: Introduction 
2 
 
 
 
 
 
 
 
 
 
Cooperation India - the Netherlands 
 
 
Urban Water Systems 
Towards sustainable and integrated urban water management 
systems in fast-growing secondary cities 
 
 
 
Call for Expressions of Interest 
 
 
 
 
 
 
A Collaborative endeavor of 
WATER TECHNOLOGY INITIATIVE 
Affordable Technological Solutions 
                                                                For Water Challenges 
 
                                                              New Delhi, July 2018 
 
 
 
 
Chapter 1: Introduction 
3 
 
 
 
Contents 
1 
Introduction 
3 
1.1 
Interdisciplinary research programme through joint design 
3 
1.2 
Available budget and funding conditions 
4 
2 
Aim of the programme 
5 
2.1 
Thematic focus 
5 
2.2 
Objectives 
6 
3 
Call procedure 
8 
3.1 
Sandpit: joint research programme development 
8 
3.1.1 
How will the Sandpit work 
8 
3.1.2 
Who can apply 
9 
3.1.3 
How to apply: Submission of Expression of Interest 
10 
3.1.4 
Assessment criteria for Expressions of Interest 
10 
3.2 
Full proposals 
11 
3.3 
Advisory Committee 
11 
4 
Timeframe 
12 
5 
Contact details 
13 
5.1 
The Netherlands 
13 
5.2 
India 
13 
Chapter 1: Introduction 
4 
 
 
1 Introduction 
The Department of Science and Technology (DST) of the Government of India and the 
Netherlands Organisation for Scientific Research (NWO) aim to stimulate long term research 
collaboration between their two countries by funding joint research in specific domains. 
Therefore, they are jointly opening a call for an integrated research programme on the topic 
of urban water management systems. The call will provide funding for highly collaborative 
interdisciplinary partnerships between Dutch and Indian research groups, within one 
coherent research programme with a focused theme and consisting of multiple 
complementary projects. The call is based on a Sandpit procedure for joint design of a 
research programme with contributing and complementary projects b",18/07/2018,10/09/2018
Indo-Russian Joint Research Call for Proposals 2018," 
Indo-Russian Joint Research 
Call for Proposals 2018 
Deadline Date: 14th September 2018 
 
 
Department of Science & Technology (DST), Government of India and Russian 
Science Foundation (RSF)have concluded a Programme of Cooperation (POC) for 
funding of Joint Research Proposals in India and Russia in the areas of Basic Science. 
Under this POC, each project will receive annual funding of up to equivalent of US 
$ 100,000 in respective national currencies.  
 
DST and RSF invite active Indian and Russian scientists / researchers to submit 
proposals for Joint Research Project in the following areas of basic sciences under 
DST-RSF cooperation: 
 
 Mathematics, Computer and Systems Science; 
 Physics and Space Science; 
 Chemistry and Material Science; 
 Biology and Life Science; 
 Basic Research for Medicine; 
 Agricultural Science; 
 Earth Science; 
 Engineering; 
 
Proposals submitted in other research areas will not be considered. 
 
Terms of the project grant 
 
 
The duration of each project is up to three years.  
 
Project on each side to be implemented by a project team consisting of at least 4 
members, up to 10 members and should consist of 50% of young researchers 
(below 39). 
 
Project coordinators on both sides must have published at least 10 research 
articles in SCI indexed journals in last 5 years. 
 
It is expected that each supported project would result in to at least 5 research 
publications in SCI indexed journals. 
 
The Indian and Russian team leaders should submit identical application to 
respective nodal agency, upon consultations, using the respective forms 
prescribed by DST and RSF. Applications submitted by one side only; not on 
prescribed format and received after due date will not be accepted.  
Indian/Russian team leaders should, therefore, ensure that their counterpart 
submits an identical application on prescribed format as per guidelines of nodal 
agencies by due date.  
 
The team leader shall be entitled to ",01/06/2018,14/09/2018
Funding Opportunity Announcement (FOA) in Carbon Capture Innovation Challenge (IC3)," 
 
 
 
 
Mission Innovation (Ml) is a global initiative of 23 countries and the European Union to accelerate the global clean energy innovation. India along 
with other countries is a member of all Mission Innovation (Ml) challenges for clean energy development. Participating countries have  committed 
to double their clean energy R&D investments over five years. 
For details please visit website - www.mission-innovation.net 
Member Countries of the Carbon Capture Innovation Challenge/ IC#3 under Ml include Australia, Austria, Canada, China, Denmark, European Union, Finland, France, 
Germany, Indonesia, Italy, Japan, Mexico, Netherlands, Norway, Republic of Korea, Saudi Arabia, Sweden, United Arab Emirates, 
United Kingdom and United States. 
 
 
THRUST AREAS 
 Research on CO2 capture as absorption/adsorption/membrane based 
 Hybrid model technologies to increase efficiency of CO2 absorption 
 Cost efficient absorbants for solvent based CO2 absorption, with improved regeneration, capacity 
& efficiency 
 New material development for membrane based CO2 capture, with improved selectivity, high 
temperature operation & cost effectiveness 
 
 
 
 
 
HOW TO APPLY 
 Enzyme assisted solvent mediated CO2 capture based technologies 
 Value addition to chemicals & value-added products in fuel additives, CO2 dry reforming, 
CO2 to methanol, polymer etc. 
 Valorizing CO2 by Breakthrough Catalytic Transformations into fuels and chemicals 
 Electrochemical and photochemical transformation of CO2 
 Research to develop oxy -combustion for utilization in coal-fired boilers 
 Sequestration by enhanced oil recovery 
 
Prescribed format for Letter of Intent (LoI) is available at www.mission-innovation-india.net/FOA 
Submission 
closes on:  
15th Sept. 2018 
A Soft copy (MS Word) Email to IC3@mission-innovation-india.net (Please mention Ml-lndia-IC#3: Name of Principal Investigator/ Name of Institute in 
the subject line of the email), with copy to Dr. Sangita Kasture, Depart",05/07/2018,15/09/2018
Call for R&D project proposals from Indian Pharma Industry/National Laboratories/Academic Institutions,"DEPARTMENT OF SCIENCE AND TECHNOLOGY 
Drugs and Pharmaceuticals Research Programme (DPRP) 
 
Call for R&D project proposals from 
Indian Pharma Industry/National Laboratories/Academic Institutions 
 
Department of Science and Technology (DST), Government of India has been operating 
Drugs and Pharmaceuticals Research Programme to synergise the strengths of publicly 
funded R&D institutions and Indian Pharmaceutical Industry, to create an enabling 
infrastructure to facilitate new drug development in all systems of medicines and both for 
human and veterinary purposes and to support clinical trials for neglected diseases.  
 
Identified activities are: 
 
(i) 
Industry-Institutional Collaborative R&D projects: Any Indian company 
engaged in R&D in drug development and manufacturing can develop R&D 
projects jointly with Academia/National laboratory or any other publicly 
funded R&D institution.  
(ii) 
National Facility (State-of-the-art infrastructure): Leading Academic 
Institutions/Universities/National Laboratories having scientific expertise in 
the field of drugs and pharma sector can apply for establishing national 
facility which will supplement and complement pharma industrial R&D. 
(iii) 
Grants-in-aid to industry for clinical trials for developing drugs for 
neglected diseases: Any Indian Pharma Industry including new and small for 
R&D projects involving clinical trials (Phase – I, II and III) of developing 
drugs for neglected diseases like tuberculosis, malaria, Kala-azar, filariasis, 
etc.  
 
 
The Guidelines–cum-format for submitting proposals under the scheme are 
available at www.onlinedst.gov.in 
 
 
The last date for receiving the complete project proposals is on or 
before 20.09.2018. 
 
 
In case of any queries/clarifications, please contact: 
 
1.  
Mrs. Sobhana Bhaskaran 
 
Scientist – E 
 
Department of Science and Technology 
 
Technology Bhawan 
 
New Delhi – 110 016 
 
Ph: 011- 26512195, 26590383 
 
Email: sobha@nic.in 
 
2. 
Dr. Ekta Kap",10/07/2018,20/09/2018
DST-CNRS France Joint Call for Proposals," 
 
 
1 
 
 
 
 
 
 
 
Indo-French Programme in Biodiversity, Ecosystems and Human-environment 
interactions, 
Particle Physics, Engineering and System Sciences 
 
Between 
 
Department of Science and Technology(DST) and Centre National de la 
Recherche Scientifique of France (CNRS) 
 
Under Targeted Programme of CEFIPRA 
 
(Deadline for Submitting Proposals: 26thSeptember, 2018) 
 
Following the Memorandum of Understanding signed between DST and CNRS in May 2015, 
Indian and French research institutions wish to strengthen scientific cooperation between both 
countries by contributing to researchers’ mobility and by fostering joint research projects in the 
fields of Biodiversity, Ecosystems & Human-environment interactions, Particle Physics, 
Engineering & System Sciences. 
 
For this purpose and in addition to the existing Indo-French Program in Information and 
Communication Sciences and Technologies, a Joint targeted Program in the fields mentioned above 
is launched this year by CNRS and the Department of Science and Technology, Government of 
India. Projects emerging from CNRS’ research units are eligible to the annual call and will be co-
funded by CNRS and DST. 
 
In India, on behalf of the Department of Science & Technology, Indo-French Centre for Promotion 
of Advanced Research (CEFIPRA) invites proposals from the Indian scientists / researchers, 
organize expert & review committee meetings for management/ disbursement of funds to the 
approved projects, etc. 
 
1. Program goals and priorities 
 
 
The program aims at supporting joint projects created between Indian and French research 
groups/researchers. The two partners jointly define a scientific objective with a clear added value 
for each of them, a research plan and a program for bilateral exchanges.  
 
Each partner is responsible for disseminating the information concerning the call. The programme is 
aimed at supporting in priority new collaborative projects by: 
 
 
 
 
2 
 
 Strengthening exis",11/07/2018,26/09/2018
Call For Entries - AWSAR Programme,,10/08/2018,30/09/2018
Call For Papers - 9th National Teachers Science Congress,"Call for Papers
Please visit the website for Guidelines, Registration Form and more details. For those who wish 
to get further guidance on the theme, subtheme and paper writing; orientation workshops are 
also being planned in different regions. Details will be announced on the website.
Submit your paper along with the Registration Form, 
so as to reach on or before 6 Oct 2018 to:
NTSC Secretariat
Vikram A Sarabhai Community Science Centre
Opp. Gujarat University, Navrangpura
Ahmedabad - 380 009
Phone: 079 26302085, 26302914
OR email it to: ntscindia@gmail.com
For more information
Helpline: 94284 05407
Website: www.ntscindia.in
Focal Theme
Design Literacy for Effective Science Communication by Educators
Sub Themes
1   New and emerging media for effective science learning
2   Transition to STEM education
3   Science communication for all
4   Science learning for sustainable development
5   Innovations in science communication
Who can Participate?
•� School teachers of upper primary, secondary and higher secondary levels. 
•� Educators of vocational/open schools, teacher educators, DIET faculty, science 
educators/communicators, B.Ed/M.Ed students, researchers and scientists are 
also eligible.
 Paper submission deadline: 6 October 2018 
Department of Science & Technology
Government of India
The National Teachers Science Congress (NTSC) is an initiative of the National Council 
for Science & Technology Communication (NCSTC), Department of Science & Technology 
(DST), Govt. of India. NTSC aims at providing a platform to science and mathematics 
teachers to communicate their ideas, share new experiments in teaching methodology 
and science education and enhance their level of scientific awareness. 
The 9th NTSC is being hosted by Vikram A Sarabhai Community Science Centre (VASCSC) 
during 14-16 December 2018 at Ahmedabad. Papers are invited from teachers/
educators who wish to present innovative and original ideas in science education and 
communication, based on the s",20/07/2018,06/10/2018
Indo-Finnish Joint Call for Mobility of Researchers," 
 
 
Joint Call for Applications for Mobility of Researchers 
(Department of Science and Technology, DST and Academy of Finland) 
(Deadline for Submitting Proposals: October 15, 2018) 
 
Department of Science and Technology (DST) and the Academy of Finland have decided 
to launch a call for application to support mobility of researchers between the two 
countries in fields of natural sciences and engineering.The aim of this call is to support 
long-term and systematic research collaboration with a view to promoting the mobility of 
researchers between India and Finland.  The Call is open to scientists, engineers or faculty 
members regularly employed in universities and research institutions / centres including 
hospitals in India or Finland. 
 
Mobility from India to Finland: 
  
Indian researchers in fields of natural sciences and engineering can apply for DST 
funding to visit Finland. The Indian applicant must have a doctoral degree and a regular 
position in university / research institute or a research center in India. The application must 
include invitation by the Finnish host and research plan. A visit may be applied for 2 weeks 
to 3 months. The visit must be realized during March – December 2019. 
  
DST will forward the shortlisted applications to the Academy of Finland for final selection 
and award of mobility grant. DST will provide round-trip economy-class airfare to the 
relevant entry city of the Finland as well as medical insurance. The Academy of Finland 
contributes to the costs of the visit with a grant covering accommodation and living costs in 
Finland. Max. 10 Indian researchers may be funded in 2019. 
  
The Indian researcher seeking funding for travel grant can download the application format 
from websites www.dst.gov.in / www.onlinedst.gov.in and should submit completed 
application form and all relevant information.  Application must be submitted to DST 
through the e-application system provided at www.onlinedst.gov.in. They are also 
",04/09/2018,15/10/2018
Call open for Women Scientist Scheme-B (WOS-B) 2018-19," 
Knowledge Involvement in Research Advancement through Nurturing (KIRAN) Division 
Women Scientist Scheme-B (WOS-B) 
(S&T Intervention for Societal Benefit) 
Call for Research Proposals (2018-19) 
Department of Science & Technology (DST) has taken several pioneering initiatives for promoting women in Science 
and Technology (S&T) domain. Women Scientist Scheme (WOS) under KIRAN division specifically addresses 
challenges confronting women in realm of S&T who had a break in career by providing suitable opportunities to 
return to mainstream science.  
Under Women Scientist Scheme-B (WOS-B), proposals are invited from women scientists and technologists who 
wish to utilize their scientific knowledge and temperament for the benefit of society. WOS-B focuses on projects 
leading to S&T based solutions of societal issues & challenges for social benefits. Such projects should deliver 
possible solutions by way of development of viable technology/technique and/or lab-to-land technology transfer, its 
adaptation and scaling up. The project is tenable for a maximum period of three (3) years. Basic research proposals 
will not be entertained under WOS-B.  
Thematic Areas in which proposals could be submitted (indicative only): 
Agriculture and Allied Sciences (AAS) 
Health, Food and Nutrition (HFN) 
Engineering and Technology Development (ETD) 
 
Eligibility: Women having qualifications in science & technology areas and in the age group of 27-57 years with 
break in their career but interested in addressing a well-defined/identified societal challenge through viable S&T 
interventions are eligible to apply. Women working as regular/permanent employees are not eligible to apply in this 
scheme. 
Emoluments: The fellowship amount under the scheme is:  
Rs 55,000/- per month (pm) for Ph.D. or equivalent (total project cost not exceeding Rs.30 lakh),  
Rs 40,000/- pm for M.Phil./M.Tech or equivalent (total project cost not exceeding Rs.25 lakh),  
Rs 30,000/- pm for M.Sc. or equ",06/10/2018,16/11/2018
DST-DFG Joint Call inviting joint research proposals," 
 
 
 
 
 
 
 
 
 
 
 
DST-DFG Joint Call inviting joint research proposals 
Submission Deadline: 21 November 2018 
 
Indo-German Collaborative Research Activities 
in Materials Science and Engineering 
 
 
Pursuant to the Memorandum of Understanding (MoU) signed between the Department of 
Science and Technology, India (DST) and the Deutsche Forschungsgemeinschaft (German 
Research Foundation, DFG), DST and DFG are opening the possibility for joint Indo-German 
research project funding in the field of Materials Science and Engineering (DFG review 
boards 405 and 406). Indo-German teams of researchers are invited to submit joint proposals 
describing integrated research projects in this field with a duration of up to three years.  
 
These joint proposals in the field of Materials Science and Engineering have to be based on a 
close interaction between the German and Indian research teams and should present joint 
project goals and a joint work plan with balanced contributions from all project partners.  
 
For administrative reasons, it is necessary that an Indo-German team of researchers wishing 
to respond to this call must submit two proposals in parallel; the Indian partner to DST, the 
German partner to DFG. Each proposal must follow the regulations of the respective agency; 
proposals failing to fulfil all formal requirements will be rejected. Funds to be used by the Indian 
side must be requested from DST; funds to be used by the German side must be requested 
from DFG. 
 
The proposals will be evaluated separately by DST and DFG on the basis of the projects’ 
scientific merit/quality, the justification for scientific-collaboration and the qualifications as well 
as the compatibility of the participating team members. The results of the review process will 
be shared between the agencies. Support will be granted for those proposals where both DFG 
and DST recommend funding. 
 
 
 
Department of Science and Technology 
Government of India 
 
Proposal preparat",27/07/2018,21/11/2018
Call For Proposal (CFP -2) under India - Israel Industrial R&D and Technological Innovation Fund (I4F),"Call For Proposal (CFP -2) under
India – Israel Industrial R&D and
Technological Innovation Fund (I4F) 
I4F is a $40 Mn USD fund aimed at promoting, facilitating and 
supporting joint Industrial R&D between India & Israel which would 
lead to co-development and commercialization of innovative 
technologies benefiting both the countries.
Focus
Sectors
Conditional Grant Funding
0.25 Million USD to 1.25 Million USD per project or 
50% of the Indian and Israel Project Cost whichever is 
lower can be availed.
For more details, contact:
Ms. Deepanwita Mukherjee 
E: deepanwita.mukherjee@gita.org.in | T: 011-42888012 
    www.gita.org.in  |      @GITAfunding
R&D Projects, focused on development of new products, processes or technologies. 
Projects focused on the adaptation and customization of a product to markets.
Types of projects eligible for funding support:  
Important Dates:
Launch: 16 Aug 2018
Closing: 24 Nov 2018
Energy
Healthcare
Water
Information & Communication 
Technology (ICT)
Agriculture
",16/08/2018,24/11/2018
Call - UNESCO/Japan Young Research's Fellowship Programme (UNESCO/KEIZO OBUCHI Research Fellowships Programme) cycle 2018,"Indian National Commission for Cooperation with UNESCO
Govemment of India
Ministry of Human Resources Development
Department of Higher Education
UNESCO Headquarters, Paris has hvited nominations for the
UNESCO/ Japan Young Research's Fellowship Programme (UNESCO/
KEIZO OBUCHI Research Fellowships Programme) cycle 2018. Relevant
details are on the next page.
Nominations should be forwarded to the Indian National
Commission for Cooperation with UNESCO (INCCU) latest by
156 November, 2018 (and should not be sent directly to UNESCO) at the
following address for onward transmission to UNESCO, Paris.
Mr. Saroi Kumat Choudhary
Section Officer (INC)
Ministry of Human Resources Development
Room No. 203 'C' Wing
Dr. Rajendra Prasad Road
Shastri Bhavan, New Delhi - 110115
Contact No. TeI: 017-23384442
E-mail: inc.edu@nic.in
presents herewith 
in the ﬁeld of..................................................................................................................................................................................................................................................................................................
for a duration of ....................................................................................................................... to begin.........................................................................................................................................
under Programme and/or Project................................................................................................................................................................................................................................................
United Nations Educational, Scientiﬁc and Cultural Organization
7, place de Fontenoy, 75352 Paris 07 SP 
telephone: (33.1) 45.68.10.00
APPLICATION FOR FELLOWSHIP
under the
UNESCO CO-SPONSORED 
FELLOWSHIPS PROGRAMME
The application form should be 
submitted by the National Commission 
for UNESCO ",18/09/2018,30/11/2018
Call for Nominations: SERB Distinguished Fellowship-Last Date upto 30 November 2018,"Call for Nominations for “SERB Distinguished Fellowship” 
Nominations are invited for the award of SERB Distinguished Fellowship. This 
fellowship is granted to a few retired eminent resident Indian scientists/ 
academicians who are active and have proven record of accomplishments in scientific 
and technological research. The scientists left with maximum of six months period 
service to superannuate after the closing date of nomination, may also apply.  
For the eligibility, grant and other terms of conditions of nomination including its 
validity, you may refer to the SERB website http://serb.gov.in/sdf.php. 
Date of Opening: 1st October 2018 
Date of Closing: 30th November 2018 
Nominations needs to be sent along with enclosed proforma (including curriculum vitae, 
resume, profile etc.) as appended on the next page. 
The soft copy of the nominations along with Proforma may be sent through email to 
keerti.serb@gmail.com. The hard copy of the Nominations along with Proforma must 
be sent to the following mentioned address. 
Dr. R K Mehajan 
Scientist-G  
(Programme Advisor, SERB Distinguished Fellowship) 
Science and Engineering Research Board (SERB) 
5& 5A, Lower Ground Floor 
Vasant Square Mall, Sector-B, Pocket-5 
Vasant Kunj, New Delhi – 110 070. 
 
 
 
 
 
PROFORMA 
 
1. Name, Designation and Full Correspondence Address:  
 
2. Email(s) and contact number(s): 
 
3. Institution/organization: (a) With which the nominee is associated with. 
(b) Where the nominee wish to avail Fellowship. 
4. Date of Birth:  
 
5.   (a)  Whether superannuated from service (Yes/No) 
      (b)  If No, the date of superannuation -  
 
 
6.   Research Interests: 
 
7.   The disciplines in which maximum research has been contributed to (Please tick an 
area): 
 (a) Physical and Mathematical Sciences                                
(b) Engineering Sciences 
(c) Life Sciences 
(d) Earth and Atmospheric Sciences 
(e) Chemical Sciences  
(f) Interdisciplinary (if none of the above basic d",01/10/2018,30/11/2018
"DST-DFG Awards For Participation in the 69th Meeting of Nobel Laureates & Students, Lindau, Germany"," 
DEPARTMENT OF SCIENCE & TECHNOLOGY (DST) 
DST-DFG AWARDS FOR PARTICIPATION 
IN THE 69th MEETING OF NOBEL LAUREATES & STUDENTS 
Lindau, Germany during 30 June 2019 to 5th July 2019  
Visits to German Institutes during 6th-12th July 2019 
 
LAST DATE : NOVEMBER 30, 2018 
 
Each year since 1951, Nobel Prize winners in Chemistry, Physics, Physiology 
or Medicine have been meeting in Lindau, Germany, to discuss major issues of 
importance to their fields with students from around the world. The meetings include 
lectures, panel/ round-table discussions on interdisciplinary topics and informal 
small- group meetings with the Nobel Prize winners. The DST has been sending a 
group of students / young researchers to these meetings, since 2001. 
 
It intended to send a group of Indian Students /young researchers to the 69th Meeting 
of Nobel Laureates & Students during 30 June – 5th July 2019, which is dedicated 
to Physics. The German Research Foundation (DFG) will be organizing visits to 
the German Research Institutes or Universities who are engaging the state of the art 
research and education in the above referred theme, during the Post Lindau week, 
i.e. during 6th-12th July 2019. 
 
Applications are invited from bright and young students and researchers in the above 
disciplines for availing this award. The lectures and discussions are at a level 
appropriate for students/researchers in their early research careers. More details of 
the meeting can be seen at  www.lindau-nobel.de 
 
Terms of Award: 
 
The selected participants will be provided with International travel related expenses, 
local transportation, lodging (twin-sharing basis) and boarding for attending the 
Meeting. It is mandatory for the selected students to attend the complete full week 
programme in Germany as well as briefing  meeting in Delhi prior to departure to 
Germany. The Indian team of selected students shall leave for Lindau from Delhi 
(after briefing meeting) and shall return back to Delhi",12/10/2018,30/11/2018
India-Sweden Joint call 2018," 
1 
 
Indo-Swedish joint network grant   
The aim of this grant is to support new or existing Indo-Swedish collaborative groups that in 
the longer perspective may develop into long-term collaborations. The collaborations shall be 
based on the principle of mutual benefit, equality and commonly set objectives. 
The Indo-Swedish Joint Research Programme was initiated by the Indian and Swedish 
governments in order to support research of the highest scientific quality in the areas of 
medicine and health and the natural and engineering sciences. The programme supports 
cutting-edge basic research that brings together faculty and young researchers from Sweden 
and India. The program is financed by the Swedish Research Council and the Department of 
Science and Technology (DST) in India on the principle of reciprocity, parity and activity 
matching funding.  
The Swedish Research Council and DST will have joint administration of the call and make a 
joint decision by using both Swedish and Indian evaluators.  
 
 
Summary 
Type of grant: 
Research environment and research collaboration funding 
Area: 
Natural and Engineering Sciences 
 
Focus and call 
objectives: 
Applications concern joint research collaborations between India and 
Sweden within any or both of the two sub focuses Computer science 
and Material science.   
Applicant: 
Individual researcher active in Sweden in collaboration with a 
researcher active in India. 
Participating 
researchers: 
The application may include other participating researchers, who hold 
a doctoral degree or equivalent, and who will play a key role in the 
proposed collaboration and in the implementation of the research 
activities.  
Grant period 
3 years from the Swedish side (including 1 year to dispose the funding) 
3 years from Indian side 
 
Grant amount: 
700 000 SEK for the Swedish researcher 
Maximum 60 00 000 INR for the Indian researcher  
Call deadline: 
6th of December 2018 
Publication of grant 
award: 
No later than ",15/10/2018,06/12/2018
Joint Call for Proposals - India-Bulgaria Bilateral Scientific and Technological Cooperation," 
 
 
 
 
Department of Science & Technology 
(International Bilateral Co-operation Division) 
 
India-Bulgaria Bilateral Scientific and Technological Cooperation 
 
JOINT CALL FOR PROPOSALS – 2018 
The Department of Science and Technology, Govt. of India invites to participate against ‘Joint 
Call for Proposals - 2018’ under the India-Bulgaria Scientific and Technological Cooperation 
Program between the Department of Science and Technology (DST), Ministry of Science and 
Technology of the Republic of India and Ministry of Education and Science (MES) of the 
Republic of Bulgaria. The call will be open till  November 26, 2018 to invite joint proposals from 
both the sides. 
 
Objectives:  
 
 To strengthen and to expand relations between scientific communities, making possible 
exchanges between Indian and Bulgarian research groups, in the framework of joint 
scientific and technological projects, selected by the parties.  
 Promote implementation of joint projects able to bind R&D centres with enterprises from 
both the countries.  
 
Who are Eligible and Subject Areas?  
 
1. Scientists/Faculty Members working in regular capacity in Government recognized 
Universities/Deemed Universities, Academic Institutes and National Research & 
Development Laboratories/ Institutes can apply as Principal Investigator (PI).  
2. The Indian PI should not be getting superannuated during the proposed duration of the 
project.  
3. The proposal should include research partners as PI and CO-PI from Bulgarian research 
institutes/ universities with clear demarcation of objectives to be carried out by both 
research teams. 
4. In order to qualify for such funding, investigators are required to have a concrete and 
sound research proposal targeting the interest of both the nations on any of the following 
areas: 
 
   The priority areas for this Call mutually agreed are as given below:  
 
 
o Information and communication technologies 
o Materials and Material Sciences 
o Physics, i",17/10/2018,10/12/2018
Advertisement for Science and Technology of Yoga and Meditation (SATYAM)," 
Ministry of Science and Technology 
Department of Science and Technology 
Science and Technology of Yoga and Meditation 
(SATYAM) 
Call for Research Proposals for 2018-19 
 
In the year 2015, Department of Science and Technology (DST) conceptualized a new 
research program- ‘Science and Technology of Yoga and Meditation’ (SATYAM) under 
its Cognitive Science Research Initiative (CSRI). As Yoga and Meditation are 
interdisciplinary endeavors that interface with Neuroscience, Medicine, Psychology, 
Physiology, Philosophy, and so on, therefore an interdisciplinary approach is needed to 
converge different & diverse disciplines as well as approaches & methods in the study of 
yoga and meditation. Thus comprehensive research on yoga and meditation is expected 
to address various challenges confronting physical and mental health. SATYAM is aimed 
to foster scientific research on the effects of yoga and meditation on physical & mental 
health and on cognitive functioning in healthy people as well as in patients with 
disorders.  
In light of the above, for the year 2018-19, research proposals are invited from 
scientists/academicians, preferably having prior research experience in scientific 
aspects of ‘Yoga & Meditation’. Multi-centric, interdisciplinary research proposals are 
also encouraged.  
Themes: Basic themes being covered under SATYAM include, among others, (1) 
investigations on the effect of Yoga and Meditation on physical and mental health and 
well being, and (2) investigations on the effect of Yoga and Meditation on the body, 
brain, and mind in terms of basic processes and mechanisms.  
Who can apply: Scientists/academicians with research background in ‘Yoga and 
Meditation’ and having regular position are invited to participate in this initiative.  
Practitioners actively involved in yoga and meditation practices are also encouraged to 
apply in collaboration with academic and research institutions of repute. Interested 
researchers are required to subm",26/10/2018,15/12/2018
"Call for Proposals for Optimal Water Use in Industrial Sector (Water Conservation, Water Use efficiency, Waste Water Recovery, Utilization of Residues)","1 
 
GOVERNMENT OF INDIA 
MINISTRY OF SCIENCE AND TECHNOLOGY 
DEPARTMENT OF SCIENCE AND TECHNOLOGY 
(Technology Mission Division) 
 
Call for Proposals 
for 
Optimal Water Use in Industrial Sector (Water Conservation, 
Water Use efficiency, Waste Water Recovery, Utilization of Residues) 
 
1. 
Preamble 
The water resources scenario of the country is changing fast adversely both in terms of 
availability as well as quality. The situation is further aggravated by the looming climate 
change which is going to alter the paradigm of management of water resources. Water is critical 
natural resources and is being affected by increasing population, industrialization, 
urbanization, pollution, deforestation and above all climate change. Addressing Water Scarcity 
is possible by striking a balance between Water Usage, Water Use Efficiency and Water 
Recovery from waste water stream. Industry is one of the major users of water and optimal 
water use in this sector is critical for overall water management issue. 
 
2. Objective of Call: The objective of the call is to develop knowledge through R&D and 
demonstration and developing solutions in the context of Water Conservation, Waste Water 
Treatment and Water use efficiency in Industry. The focus is on Research and Development 
proposals, where R&D and private sector work together to design generic solutions for optimal 
water management in industrial sector. These research leads and solutions are expected to 
generic best practices for wider adoption. The demand for intervention need to be evident and 
established clearly in the proposal.  
The present call intends to prioritize the following four challenges:  
i) Technological options leading to optimal use of water in industry. 
ii) Industrial waste water treatment and management. 
iii) Near Zero Liquid Discharge Options for effluents (including energy savings). 
2 
 
iv) Balancing water demand and use utilizing technological tools. 
 
 
 
3. Scope of Call: The call would ",06/09/2018,31/12/2018
Call - Indo-Australia Fund for Scientific and Technological Cooperation (Indo-AISRF) Round 11,"GOVERNMENT OF INDIA 
MINISTRY OF SCIENCE AND TECHNOLOGY 
DEPARTMENT OF SCIENCE & TECHNOLOGY 
 
Indo-Australia Fund for Scientific and Technological Cooperation (Indo-AISRF) 
Round 11 
CALL FOR PROPOSALS-2019 
 
 
 
LAST DATE  FOR SUBMITTING PROPOSALS: 23 January, 2019 
The Department of Science and Technology (DST), Ministry of Science & 
Technology. Government of India, New Delhi and the Department of Industry, Innovation 
and Science (DIIS), Australian Government are providing financial support for joint research 
activities carried out by Indian and Australian researchers. Indian-Australian research teams 
are hereby invited to submit joint research proposals under Round 11 of AISRF.  
 
PART 1 – OVERVIEW 
 
1.1 
Background and objectives 
The Australia-India Strategic Research Fund (AISRF) is a platform for bilateral 
collaboration in science, jointly managed and funded by the governments of India and 
Australia. 
Since its establishment in 2006, the AISRF has supported collaborative, leading-
edge research between scientists in India and Australia across a range of agreed priority 
areas.  It has also helped to build linkages between premier research institutions in both 
countries. 
 The objectives of the AISRF are to: 
 
increase the uptake of leading-edge science and technology (S&T) by supporting 
collaboration between Australian and Indian researchers in strategically focused, 
leading-edge scientific research and technology projects, and strengthening strategic 
alliances between Australian and Indian researchers; and  
 
facilitate Australia’s and India’s access to the global S&T system. 
   
1.2 
SUPPORT AVAILABLE UNDER ROUND ELEVEN  
Applications are sought for proposals in the 11th round of the following AISRF components:  
 
the Indo-Australian Fund for Scientific and Technological Cooperation (Indo-Australian 
S&T Fund); and 
 
Support is provided for collaborative research projects involving Indian and Australian 
partners.  
 
1.3 
INDO-AUSTRA",17/12/2018,23/01/2019
India - UKIERI Call for Proposal," 
UKIERI-DST RESEARCH AND INNOVATION PARTNERSHIPS  
 
(SUPPORTED BY DEPARTMENT OF SCIENCE AND TECHNOLOGY (DST), 
GOVERNMENT OF INDIA) 
 
 
CALL FOR 
PROPOSALS 
 
2018-19 
www.britishcouncil.org                                                                                                        www.ukieri.org 
1 
 
SCHEDULE 
 
 
1. BACKGROUND  
1.1 About UKIERI 
UK India Education & Research Initiative (UKIERI) started in April 2006 with the aim of 
enhancing educational links between India and the UK. It has been recognized as a key multi 
stakeholder programme that has strengthened the educational relations between the two 
countries and been successful in covering all segments of the education sector. Promoting 
joint research in Science and Technology has been one of the successful, strategic and key 
initiatives under reconstituted ‘Research and Innovation’ strand of UKIERI Phase III (2016-
2021). The strand feeds into UKIERI aims to substantially improve educational links between 
India and the UK to ensure that in the longer term they become each other's partner of choice 
in education. This initiative focuses on developing jointly funded research and innovation 
partnerships with core societal benefit outcomes for both the countries. 
1.2 About DST 
The Department of Science and Technology (DST), Government of India is mandated to 
strengthen Research and Development base of the country by coordinating, promoting and 
supporting science, technology and innovation activities.  DST serves as a nodal agency 
connecting the science sector to the Government verticals and industry. Various activities of 
the Department can be categorized into the seven heads: i) Policies that stimulate and foster 
value-added pursuit of science and technology, ii) Development of human resources iii) 
Institutional capacity building, iv) Technology capacity strengthening v) Science & Technology 
Competitiveness through Alliances & Partnerships, vi) Research & Development mission a",30/11/2018,25/01/2019
India Science and Research Fellowship Programme," 
 
 
 
 
 
 
 
 
 
 
 
 
 
 
 
 
 
 
 
 
 
 
 
 
   
 
 
 
 
 
 
 
 
 
 
 
 
 
 
 
 
 
 
 
 
 
 
 
Department of Science and Technology (DST) 
Ministry of Science and Technology 
Government of India 
 
INDIA SCIENCE AND 
RESEARCH FELLOWSHIP 
(ISRF) 
 
INDIA SCIENCE AND RESEARCH FELLOWSHIP 
(ISRF) 
 
INTRODUCTION 
 
The dynamics of the 21st century knowledge economy is being progressively driven by 
scientific and technological capabilities of a nation.  The economic growth, prosperity and 
development of a country is increasingly being determined by its S&T competence and 
strength rather than its material and resource base.  Recognizing that S&T is an important 
instrument in the growth paradigm, both developed and developing countries have 
evolved S&T policies to augment and strengthen their research infrastructure and 
technology intensity.  India over the years has evolved a policy and program framework 
aimed at strengthening research and education infrastructure, building excellence and 
capacity in science for fostering knowledge creation and promoting innovation. India 
with its long culture and tradition in science has positioned itself as one of the leading 
countries in basic research supported through a vast network of apex R&D institutions. 
India is keen to enter into partnerships with its neighbouring countries to foster closer 
scientific and technological collaboration through human capacity building in advanced 
areas of research and development. The India Science and Research Fellowship (ISRF) 
aims at providing opportunities to researchers and scientists from Afghanistan, 
Bangladesh, Bhutan, Maldives, Myanmar, Nepal, Sri Lanka and Thailand to undertake 
R&D at premier research and academic institutions in India. 
 
SCOPE AND DURATION OF FELLOWSHIP 
India Science and Research Fellowship is to provide opportunity to scientists and 
researchers from neighbouring countries namely Afghanistan, Bangladesh, Bhutan, 
Maldives, Myanmar, Nepal, Sri Lank",30/11/2018,31/01/2019
Indo-German Science & Technology Centre (IGSTC) Announces Call for Grant Applications for Indo-German R & D Partnership on research projects with industrial relevance.," 
 
INDO-GERMAN SCIENCE & TECHNOLOGY CENTRE 
Plot No. 102, Institutional Area, Sector - 44, Gurgaon - 122003, India 
IGSTC 2+2 Call 2018 
Indo-German Science & Technology Centre (IGSTC), established by the Department of 
Science and Technology (DST), Government of India, and the Federal Ministry of Education and 
Research (BMBF), Government of Germany to promote research partnership of industrial 
relevance invites: 
 
First Stage Proposals for joint R&D&I projects of industrial relevance in 2+2 Mode of 
Partnership in the following thematic areas: 
1. Sustainable Production  
• 
Sustainable chemical process technologies. 
2. Clean and Green Technologies 
• 
Technologies to reduce / mitigate water and air pollution. 
• 
Solid waste management technologies (electronic, electrical, biomedical, industrial and 
urban solid waste). 
 
Deadline for Submitting First Stage Proposals:  4th February 2019 
 
2+2 Mode of Partnership 
IGSTC intends to catalyse innovation centric R&D&I projects by synergising the strength of 
research/academic institution and public/private industry from India and Germany. This Call for 
proposals is aimed at supporting joint R&D&I projects of industrial relevance by means of “2+2 
Mode of Partnership” i.e. involvement of at least one research/academic institute and one 
public/private industry from both the countries.  
 
Evaluation 
IGSTC will execute a two-step evaluation process. Initially applicants have to submit First Stage 
Proposals followed by an evaluation by the Joint Scientific Committee.  
In the second step, shortlisted consortia will be invited to submit a more detailed Second Stage 
Proposal.  
Each evaluation step might take up to three months time.  
 
Funding Support  
Funding will be provided in the form of grants amounting up to € 450.000 per project for German 
applicants and up to ₹ 230 Lakhs per project for Indian applicants, for a period of up to three 
years, to cover project related costs including manpower. An additio",31/10/2018,04/02/2019
Special Call for proposals under Scheduled Castes (SC) and Scheduled Tribes (ST) Category under ICPS programme,"Government of India 
Department of Science & Technology 
(Interdisciplinary Cyber Physical System Division) 
 
Special Call for proposals under Scheduled Castes (SC) and Scheduled Tribes 
(ST) Category under ICPS programme 
The Scheme:  Proposals are invited from SC and ST categories only for conducting 
the following   
1. Conduction of national level Conferences/workshops/Seminars/brain storming 
sessions etc of three days duration. 
2. Training programmes: In-house Short term training/FDP Programmes for 
Faculty/UG/PG/Doctoral students of two weeks duration. 
3. Building awareness at School level and at ITI, Polytechnic, Advanced Training 
Institutes (ATI).  
 
The above are to be conducted under broader indicative topics like 
1. Cyber-Physical Systems (CPS) and Applications 
2. Artificial Intelligence (AI), Machine Learning (ML) and Deep Learning (DL) 
3. Data Science and Big Data Analytics 
4. Quantum Science & Technology 
5. Cyber Security, crypt analysis and security for physical infrastructure 
6. Block chain Technology  
7. Sensor Networks, Internet of Things (IoT) and Internet of Everything  
8. Robotics and advanced Manufacturing 
 
Who can Apply: Academicians, Scientists, Technologists and other practicing 
researchers from recognised academic, research institutions and registered scientific 
societies/NGO’s, State S&T Councils etc Who belong to SC/ST categories. 
 
Approval mechanism: As per standard DST Rules and Regulations.  
How to apply: All proposals are to be submitted on-line at www.onlinedst.gov.in and 
one hard copy by post. For more information or queries, visit www.dst.gov.in, contact 
Dr Rajeev Sharma, Scientist-E, ICPS Division, DST, New Delhi Ph:26590310 and e-
mail: rajeevsharma@nic.in. 
Last date for submission: The last date for receipt of electronic and physical copy 
with all attachments, signatures etc is  15th February, 2019. No proposals shall be 
entertained after the last date. Hard copy of the proposal be addressed to:  
 
Dr ",24/01/2019,15/02/2019
Call - Indo-Norway Joint Research Projects in S&T," 
DEPARTMENT OF SCIENCE & TECHNOLOGY (DST) 
and 
RESEARCH COUNCIL OF NORWAY (RCN) 
CALL FOR PROPOSALS on Indian - Norwegian researcher projects on 
nanotechnology, microtechnology and advanced materials (2018/2019) 
Last date for submission of proposals:  
For Norwegian applicants: 13 February 2019 
For Indian applicants: 22 February 2019 
 
Guidelines and important considerations relevant to all types of 
applications in this call for proposals: 
Under the Agreement of Cooperation in Science & Technology concluded between the Government 
of India and the Government of Norway, the Department of Science and Technology (DST) of the 
Government of India and the Research Council of Norway (RCN) have started a program for joint 
funding of Indo-Norwegian joint research projects in mutually agreed fields to achieve world-class 
scientific results. 
DST and RCN invite Indian and Norwegian research institutions to submit research proposals 
within the thematic areas listed below.  
Objective of this call for proposals: 
The objective of this call is to strengthen Indian – Norwegian research collaboration in bilaterally 
funded researcher projects. Further strengthening of on-going research collaboration is highly 
relevant and encouraged. Grant applications should also contribute significantly to added value of 
joint research activities within nanotechnology, microtechnology and advanced materials and be of 
relevance to one or more of the following application areas: 
 
• renewable energy; 
• environment and climate; 
• improving health and promoting new medical technology; 
• increased value creation and innovation based on natural resources of importance in both 
India and Norway; 
• greater insight into the impacts of nanomaterials on human health and ecosystems. 
 
The research projects should benefit long-term cooperation between the partners and the two 
countries.  
The projects must adhere to principles of responsible research and innovation (RRI) and be based 
on",07/12/2018,22/02/2019
Call for Nomination: Workshop on  Design and Evaluation of Innovation Policies  (with a specific focus on Scientometrics),"        
 
 
                             
 
Call for Nomination: Workshop on  
Design and Evaluation of Innovation Policies  
(with a specific focus on Scientometrics) 
organized by  
The DST-Centre for Policy Research, Indian Institute of Science (IISc), Bengaluru  
in association with 
The United Nations University -Maastricht Economic and Social Research and Training Centre   
on Innovation and Technology (UNU-MERIT), Maastricht, The Netherlands 
 
25-29 March 2019 
 
 
The Department of Science & Technology - Centre for Policy Research (DST-CPR) at Indian 
Institute of Science, in association with the United Nations University -Maastricht Economic and 
Social Research and Training Centre on Innovation and Technology (UNU-MERIT) is conducting 
a 5-day capacity-building program on Design and Evaluation of Innovation Policies (DEIP) (with 
a specific focus Scientometrics). DEIP provided by UNU-MERIT is proven to be popular since its 
inception in 2004, for policy makers in science, technology and innovation (STI) policy, 
particularly in developing countries.  In this edition - DEIP 2019 Bangalore - DST-CPR is joining 
hands to bring-in complementary expertise, with specific focus on STI data with relevance to the 
local policy needs.    
 
 
The workshop aims to cover the topics in the 
form of lectures, panel discussions, hands-on 
trainings and group presentations. The topics 
include, 
Measurement: Standards and Manuals (Frascati 
and Oslo) – data-collection methodologies – 
applying the manual standards in OECD vs Non-
OECD countries – R&D statistics and innovation 
surveys questionnaires - bibliometric databases - 
Web of Science, Scopus, Google Scholar, local 
repositories – tools and techniques- data mining 
and curation- existing techniques and alternate 
models - issues related to data standardization -
ensuring accuracy, accessibility, availability and 
international comparability.  
Indicators: S&T indicators - innovation 
indicators – S&T vs innovatio",23/02/2019,24/02/2019
Indo-Russian Joint Call for Proposals (DST-RFBR),"Indo-Russian Joint Research 
Call for Proposals 2019 
DEADLINE DATE 15th March 2019 
 
Department of Science & Technology (DST), Govt. of India and Russian Foundation 
for Basic Research concluded an MoU for funding of Joint Research Proposals in India 
and Russia in the areas of Basic Science. Under this MoU each project will receive 
annual funding of up to equivalent of US $ 30,000 (roughly Rs. 20,00,000/-from DST to 
the Indian partner and up to Rbls 20,00,000 to the Russian partner) 
 
DST and RFBR invite Indian and Russian scientists / researchers to submit proposals 
for Joint Research Project in the following areas of basic sciences under DST-RFBR 
cooperation: 
 
- 
Mathematics, Mechanics and Informatics; 
- 
Physics and Astronomy; 
- 
Chemistry; 
- 
Biology and Medical Sciences; 
- 
Earth Sciences; 
- 
Telecommunications and Computer Sciences; 
- 
Fundamental of Engineering Sciences. 
 
Proposals submitted in other research areas will not be considered. 
 
Terms of the project grant 
 
 
Support is available for Joint Research in areas of basic sciences only. Joint 
research projects will be carried out by research teams from both countries. The 
team leaders must hold a full-time position at a university or research institute in 
their respective countries. Scientists are advised to submit only one project 
against this call.  
 
The duration of each project will be two years initially. After the completion of this 
period, an application for additional one year may be considered on the merit of 
the progress. 
 
The team leaders should submit an application to respective nodal agency, upon 
consultations, using the respective forms prescribed by  DST and RFBR. 
Applications submitted by one side only; not on prescribed format and received 
after due date will not be accepted.  Indian/Russian team leaders should, 
therefore, ensure that their counterpart submits an identical application on 
prescribed format as per guidelines of nodal agencies by due d",01/02/2019,15/03/2019
Call open for 11th Batch of WOS-C(KIRAN-IPR),"Ministry of Science & Technology
Department of Science & Technology
Call for Applications
Women Scientists Scheme
KIRAN
Women Scientists Scheme (WOS) is a flagship programme of KIRAN Division of Department of Science & 
Technology (DST). Through one of its components
on-the-job training in the area of Intellectual Property Rights (IPR). Patent Facilitating Centre (PFC) of Technology 
Information, Forecasting and Assessment Council (TIFAC) has been entrusted with implementation of
 Women with Indian citizenship  
 Minimum essential qualification:  
   Master of Science; Bachelors in          
      Engineering/Technology or equivalent.  
 
 
Note: a) Women in permanent position are not eligible to apply and 
b) Those who have already undergone training (partially or fully) in any of the earlier batches or those who are 
undergoing training in the ongoing batch are not eligible to apply.
 
MSc in Basic or Applied Sciences / BTech / MBBS or equivalent
M.Phil / MTech / M.Pharma / MVSc or equivalent
PhD in Basic or Applied Sciences or equivalent
For detailed information and online submission of application visit the website 
be submitted through online mode only. 
.  
 
Patent Facilitating Centre (PFC)
Technology Information Forecasting and Assessment Council (TIFAC)
[An autonomous body of Department of Science & Technology (DST)]
 
If you have hunger to deal with latest scientific and 
inventions and innovations, this opportunity
Eligibility Criteria 
Age : 27 -  45 years as on 20-03-2019 
Stipend 
 
Last Date for Online Submissions
 
Ministry of Science & Technology 
Department of Science & Technology 
 
Call for Applications- 11th Batch 
Women Scientists Scheme-C (WOS-C)  
KIRAN-IPR 
Scheme (WOS) is a flagship programme of KIRAN Division of Department of Science & 
Technology (DST). Through one of its components- ‘Women Scientists Scheme-C (WOS-C)’- it provides one year 
job training in the area of Intellectual Property Rights (IPR). Patent Facilitating Centre (PFC)",25/02/2019,20/03/2019
National Grand Challenge Awards for Designing User Friendly Smart Solar Cooking Solutions,"1 
 
 
 
 
 
                                              Department of Science & Technology 
 
Commemoration of 150th Birth Anniversary of Mahatma Gandhi 
National Grand Challenge Awards for Designing User Friendly Smart Solar Cooking 
Solutions 
 
To commemorate 150th birth anniversary of Mahatma Gandhi, Govt. of India has planned to 
conduct several activities throughout the year to uphold his ideals. To promote Gandhiji’s idea of self-
sufficient rural villages, Department of Science and Technology has instituted Grand Challenge Awards for 
designing the user friendly smart solar cooking solutions. 
 
The objective of the award is to design an efficient user friendly solar cooking solutions suitable for 
(a) household cooking (5 persons), (b) small community cooking (50 persons) and (c) large community 
cooking (300 persons). The selection of the design for award will be technology agnostic, which should 
address the following criteria. 
Sr. No 
Criteria 
1. 
Ability to work in diffused light or no light for at least 2 hrs 
2 
Ability to be used for all processes meeting Indian style of cooking (boiling, steaming, frying, 
chapatti making) 
3 
Should be reliable in all weathers 
4 
Cooking volume should meet the requirements 
5 
Temperature  control and range should cater to the cooking requirements 
6.  
Better mountings and ease of mobility  
7. 
Ability to be mass produced to achieve good quality control and economies of scale  
8.  
Ability to be used independently or in conjunction with grid power from the grid 
9 
Affordability and value for money 
10 
Accessories requirement cost (e.g. without  special utensils and with special utensils) 
11 
Ease of installation, operation maintenance, maintenance costs and safety of handling. 
12 
User friendly features (such as accessibility at cooking place, faster cooking etc.) 
 
2 
 
 
 
Eligibility: 
The applicant should be an Indian citizen affiliated to academic institute or R&D organization or 
Indian company/",02/10/2018,31/03/2019
India- Egypt Call for proposal," 
                                                                    
 
 
Academy of Scientific Research and Technology (ASRT)   
& 
Department of Science &  Technology (DST),  
Government of India 
 
In Framework of The 
Bilateral Scientific and Technological Cooperation 
between  
 
The Arab Republic of Egypt  
Ministry of Scientific Research ( MoSR ) 
 
And 
        
The Republic of India  
 
 
 
 
 
 
 
 
 
 
 
 
 
 
 
 
CALL FOR JOINT PROPOSALS (2019)  
DEADLINE FOR THE SUBMISSION OF PROPOSALS: MARCH 31, 2019 
 
Under the Executive Programme of Cooperation in the fields of Science and 
Technology for the years 2015-17, the Ministry of Scientific Research (MoSR), of the 
Arab Republic of Egypt and the Department of Science and Technology (DST), 
Ministry of Science and Technology, India, invite Egyptian and Indian universities, 
Research Centres and Institutes to submit joint proposals for scientific and 
technological research and development projects. 
 
PROCEDURES FOR THE SUBMISSION OF PROJECT PROPOSALS FOR THE 
 EXCHANGE OF RESEARCHERS 
1. PURPOSES 
Submission of joint research projects by researchers of both Countries is 
requested, with the aim of encouraging scientific and technological co-operation 
between Egypt and India. Each researcher may submit one project only. Financing 
will be granted exclusively for the exchange of researchers holding Egyptian 
nationality and Indian nationality. 
 
The lead applicants should be scientists/ faculty members working in regular 
capacity in universities, academic institutes and national research and development 
laboratories/ institutes.   
 
2. PRIORITY RESEARCH AREAS 
Projects may be submitted in the following priority research area 
 Information & Communication Technology; 
 Nano-Technology for biomedical Sciences (especially drug delivery and tissue 
engineering) and Energy applications (especially fuel cells, CSP and self-
cleaning PV; 
 Biotechnology; 
 
 
 
3. PRESENTATION OF PROJECTS 
The identical pr",11/02/2019,31/03/2019
SwarnaJayanti Fellowships Scheme 2018-19," 
 
 
 
Ministry of Science & Technology 
Department of Science & Technology 
SwarnaJayanti Fellowships Scheme 2018-19 
 
Government of India had instituted a scheme titled “SwarnaJayanti Fellowships” to 
commemorate India’s fiftieth year of Independence. Under this scheme a selected number of 
young scientists, with excellent track record, are provided special assistance and support to 
enable them to pursue research in frontier areas of science and technology. The fellowship is 
scientist specific and not institution specific. 
 
Scientists selected for the award will be allowed to pursue unfettered research with a freedom and 
flexibility in terms of expenditure as approved in the research plan. The project should contain 
innovative research idea and it should have a potential of making impact on R&D in the discipline. 
 
The duration of the fellowship along with the project will be for a period not exceeding five years. 
 
The fellowship is open to Indian Nationals having a regular position in a recognized Indian 
academic/research organization. The applicant should possess Ph.D in Science/ Engineering/ 
Medicine and should not be drawing Fellowship from any other Scheme of GOI. 
 
The fellowship is open to scientists between 30 to 40 years of age as on December 
31, 2018. Applications from candidates who have completed 40 year of age as on or 
before 31.12.2018 will not be considered.  
 
Applications for the “SwarnaJayanti Fellowships Scheme 2018-19” are invited from eligible 
candidates. Candidates may log on onlinedst.gov.in from 15-02-2019 to access the home page of 
the “DST e-PMS Portal” for details & downloading the format from SwarnaJayanti Fellowships 
Scheme and submit the application in online mode only. There is no need to send a hard copy. 
 
The last date for submission of applications is March 31, 2019 by 1159 pm.   
 
 
 
",13/02/2019,31/03/2019
DST Overseas Visiting Fellowship Admissions,"JAWAHARLAL NEHRU CENTRE FOR 
ADVANCED SCIENTIFIC RESEARCH 
                                                           (A Deemed University)  
                                                        Jakkur, Bengaluru-560064 
 
 
Advertisement No. - JNC/AO/03/2019 
              06 February 2019 
 
    
DST Overseas Visiting Fellowship Admissions 
 
Applications are invited for the award of “Nano-Science & Technology Overseas Visiting Fellowships” for 
pursuing post-doctoral research in frontier areas of Nano-Science & Technology. The fellowships are awarded 
under the Mission on Nano-Science & Technology (Nano Mission) of the Department of Science & 
Technology, Government of India. The Fellowship will enable selected Indian researchers in conducting 
advanced research or undergoing specialized training in international research laboratories/institutions 
overseas in the field of Nano-Science & Nano-Technology. Detailed information regarding eligibility criteria, 
fellowships and application form are available at www.jncasr.ac.in/annview.php?id=838 
 
 
 
 
 
 
 
",15/02/2019,06/04/2019
Sustainable & Innovative Technologies in Agriculture(AGRO-TECH) Under the Scheme Technology Development Programme," 
 
GENERAL INFORMATION AND FORMAT 
  
 
(FOR SUBMISSION OF PROJECT PROPOSALS 
FOR FINANCIAL ASSISTANCE) 
 
 
 
SUSTAINABLE & INNOVATIVE 
TECHNOLOGIES IN AGRICULTURE 
(AGRO-TECH) 
Under the Scheme 
TECHNOLOGY DEVELOPMENT PROGRAMME 
 
 
 
 
 
 
 
 
 
 
 
 
GOVERNMENT OF INDIA 
MINISTRY OF SCIENCE & TECHNOLOGY 
DEPARTMENT OF SCIENCE & TECHNOLOGY 
TECHNOLOGY BHAVAN, NEW MEHRAULI ROAD, 
NEW DELHI – 110 016 
 
 
Extended Last Date of online submission of Proposal 
(15:04.2019)  
1 | P a g e  
 
GENERAL INFORMATION 
 
The Department of Science & Technology (DST) under its Technology Development 
Programme (TDP) has been promoting and supporting activities related to indigenous 
development of selected technologies in the country. During recent past, DST has 
supported the development of many technologies at various R&D institutions. This has 
resulted in development of various technologies and subsequent transfer of know-how 
to various production agencies for their commercial production.  
 
In line with Honorable Prime Minister’s call for doubling the income of farmers, it has 
been decided to give a Specific Call for Agro-Technology Development related 
Projects with aim to generating knowledge, technologies, products or processes related 
to agriculture and allied sectors. These advanced technologies may enhance innovation 
of products, processes and practices across the agriculture. Project should help primary 
producers increase yields, reduce costs, manage risks, benchmark performance and/or 
exploit opportunities in the supply chain or markets to increase returns.  
 
(Under this specific call for proposal, 70% focus will be on Agro-Tech projects 
and 30% focus will be on Generic Technology Development Projects)  
 
 
2 | P a g e  
 
IDENTIFIED AREAS FOR CALL FOR PROPOSAL:- 
A. Agro-tech:- 
Following areas have been identified and project proposals may be submitted for 
development of Sustainable & Innovative Technologies in Agriculture in the 
following areas: - ",29/03/2019,15/04/2019
Scheme for Young Scientists and Technologists,,12/03/2019,20/04/2019
CHORD (NSTMIS) Scheme: Call for Proposals (2018-19),"Government of India 
Department of Science and Technology 
Ministry of Science and Technology 
 
CHORD (NSTMIS) Scheme: Call for Proposals (2018-19)  
 
The Scientific and Technological activities play a vital role in the economic, social and physical 
development of a country. Scientific and technological research needs huge investments and calls for a 
judicious utilisation of scarce resources like investment, trained manpower, raw materials etc. A better 
planning of S&T resources has become very crucial for the Government in directing and regulating 
Science and Technology. The growth of Science and Technology, its performance and impact on 
society and economy are indicators to assess the effectiveness of planning and policy formulation. For 
the development of Science and Technology, its effective utilisation of available resources and for 
proper planning and for formulating S&T policies, it is necessary to build Science and Technology 
Information on a continuous basis. The National Science and Technology Management Information 
System (NSTMIS) Scheme under CHORD Division of Department of Science and Technology is 
entrusted with the task of collection, collation, analysis and dissemination of vital S&T information at a 
national level for evidence based policy planning for the S&T sector.  
The Division sponsors research projects/studies to interested investigators/organizations under 
NSTMIS Scheme. The broader areas where studies could be taken up in the sponsored mode are S&T 
investment, 
S&T 
infrastructure, 
S&T 
output, 
S&T 
databases, 
S&T 
manpower, 
R&D 
productivity/efficiency etc. The thrust areas to be addressed for submission of research proposals under 
the NSTMIS Scheme are given below. However, proposals can also be submitted in other interrelated 
S&T areas for consideration. 
 
Set-1 
Technology Studies 
 Studying of technology trends in new and emerging technology. 
 Indigenous disruptive technology and employment generation.    
 Ma",07/02/2019,30/04/2019
"Call for proposals under DST-IC IMPACT, Indo-Canada joint research programmes"," 
 
 
Centres of Excellence 
 
 
 
Canada 
COLLABORATIVE RESEARCH PROJECT PROPOSAL –  
DESCRIPTION & REQUIREMENTS 
 
IC-IMPACTS & DST 
CPS to Support Green Buildings in Smart Cities 
Page 1 of 5 
Funding Opportunities for Indo-Canadian Research 
on 
CYBER-PHYSICAL SYSTEMS (CPS) TO SUPPORT GREEN BUILDINGS IN SMART CITIES 
TWO-YEAR PROJECT (2019–2021) 
 
BACKGROUND 
A UN report indicates that 54 percent of the world’s population lives in urban areas, 
and is expected to increase to 66 percent by 2050 with most of the increase concentrated in 
Asia and Africa. Mega-cities with more than 10 million inhabitants are increasing in number 
and size that includes Tokyo, Delhi and Mumbai as well as Shanghai, Mexico City, and São 
Paulo.[1] 
As technology advances in communities, cities have become smarter and more 
interconnected to the world around us through growing IoT (Internet of Things) and CPS 
(Cyber-Physical Systems). “Smart-Cities” are defined as “urban centers that integrate cyber-
physical technologies and infrastructure to create environmental and economic efficiency 
while improving the overall quality of life”. [2]  
The U.S. Green Building Council (USGBC), who manage the LEED (Leadership in 
Energy & Environmental Design) rating system, calculated that in the United States alone, 
buildings account for 72% of electricity consumption, 39% of energy use, 38% of all carbon 
dioxide (CO2) emissions, 40% of raw materials use, 30% of waste output (136 million tons 
annually), and 14% of potable water consumption. It is estimated [3] that green building can 
reduce energy consumption by 24 - 50%, CO2 emissions by 33 - 39%, water use up to 40%, 
and solid waste up to 70% over a building life cycle. As a result, the need to build “green 
buildings” in conjunction with Smart Cities will minimize impact on human health and the 
environment as well as reduce Life Cycle Cost.  
 
Source:  
[1] Web page: http://www.un.org/en/development/desa/news/population/world-urbanizati",18/03/2019,31/05/2019
2019 BRICS Calls for Proposals for Multilateral R&D Projects," 
2019 BRICS Calls for Proposals for Multilateral R&D 
Projects 
 
 
 
Part-1 
DST NATIONAL GUIDELINES FOR 2019 BRICS CALL 
FOR PROPOSALS 
 
 
 
 
 
 
 
 
 
 
 
 
DST(India) National Guidelines for Coordinated Call for BRICS Multilateral 
Research and Development Projects –BRICS Call for Proposal 2019 
 
 
 
1. 
Goal of BRICS Coordinated Call: 
The BRICS STI Framework Programme aims to support excellent research on priority 
areas which can best be addressed by a multinational approach. The initiative should 
facilitate cooperation among the researchers and institutions in the consortia which 
consist of partners from at least three of the BRICS countries.  
 
2. 
Funding Agencies:  
Following research funding organizations from the BRICS countries have agreed to 
support BRICS 2019 Call: 
 
Brazil:  
National Council for Scientific and Technological Development (CNPq)  
Brazilian Innovation Agency (Finep) 
Russia:  
Foundation for Assistance to Small Innovative Enterprises (FASIE),  
Ministry of Science and Higher Education (MSHE)  
Russian Foundation for Basic Research (RFBR) 
India:  
Department of Science and Technology (DST)  
China: 
Ministry of Science and Technology (MOST)  
National Natural Science Foundation of China (NSFC) 
South Africa: 
National Research Foundation (NRF)  
 
3. 
Aim of the Joint Call and Thematic areas 
India will support collaborative multilateral basic, applied and innovation research 
projects in the following eleven thematic areas: 
       Major Area of the Call: 
1. Prevention and monitoring of natural disasters 
2. Water resources and pollution treatment 
3. Geospatial technology and its applications 
4. New and renewable energy, and energy efficiency 
5. Astronomy 
 
6. Information technologies and high performance computing 
7. Ocean and polar science and technology 
8. Biotechnology and biomedicine including human health and neuroscience 
9. Material science including nanotechnology 
10. Photonics 
11. Aeronautics 
 
4. 
Eligib",05/02/2019,03/06/2019
Global Cooling Prize,"                                                                                          
 
 
 
Global Cooling Prize 
 
Rising incomes, urbanization, and a warming planet are going to drive unprecedented growth in 
demand for comfort cooling from 1.2 billion room air conditioners (RACs) today, to over 4.5 billion by 
2050. If we fail to innovate today, this growth in cooling demand will significantly exacerbate our 
climate crisis, while also placing a massive burden on the electricity grids and the consumers. Under a 
business-as-usual scenario, RACs alone could add about 132 GT of CO2-equivalent (CO2e) emissions 
cumulatively between now and 2050, resulting in over 0.5°C of global warming by the year 2100, 
leaving millions of people exposed to potentially dangerous heat conditions without an affordable 
and sustainable cooling solution. 
 
Department of Science & Technology (DST), Government of India and Rocky Mountain 
Institute (RMI), USA are inviting world’s innovators to apply for Global Cooling Prize and solve the 
critical climate threat that comes from growing demand for residential air-conditioning. This 
innovation challenge aims to shine a spotlight on a breakthrough residential cooling technology that 
will have at least 5X less climate impact than standard technology in operation today (considering 
both energy and refrigerant impacts), cost no more than 2X of the standard AC unit in India on the 
market at assessed industrial scale, and operate under other constraints defined by the prize criteria.  
 
The Global Cooling Prize was launched by Dr. Harsh Vardhan, Hon’ble Union Minister of Science 
& Technology, Earth Sciences, Environment, Forest and Climate Change, Government of India 
in November of 2018 and is now open for applications from innovators around the globe. The 
competition will run for two years and disburse at least US$3 million in interim and final awards to 
best innovative residential cooling technologies which demonstrate performa",01/01/2019,30/06/2019
WTI Call 2019 Research Technology Innovation on nexus of  Water with Energy Food and Health," 
1 
WTI call 2019 
Call for Research Proposals under Water Technology Initiative- 
Research, Technology and Innovation on Nexus of water with 
Energy, Food, Health. 
 
 
1. Preamble:  
Water Technology Initiative is a demand oriented user centric initiative which 
includes development research in laboratories as well as application research in 
field. The scope of initiative covers the entire value chain of R&D right from water 
oriented applied research, pre competitive technology development, technology 
based classification & assessment of technology options, pilot-demonstration of 
technology leads from laboratories and academic institutions to evolve a basket of 
technology options and mounting of technically, socially, environmentally and 
eventually affordable convergent solutions suited to socio-economic context. 
Based on stakeholders’ consultation, it is being inferred that there is a need to 
promote research for cross sectoral interface in the water domain. This is necessary 
to enhance access to water supply and services and reduce disparities among 
different sections and regions which calls for a multi-goal optimisation process 
accounting for sectoral integration of water-food-energy with health-education-
equity. 
2.  Objective of Call:  
The objective of the call is to mobilize study, research, innovation and technology 
proposals to explore, understand and address nexus of water issues with the sectors 
e.g. energy, food, health, infrastructure etc. in the context of existing and emerging 
water challenges in the country especially with reference to reliable availability of 
water for drinking, municipal, and agricultural requirements. The scope of this call 
 
2 
will not include sensing and treatment of industrial waste water and water use 
efficiency in industrial sector. The present call would support thematic lab based 
Research Development and Demonstration (RD&D) on Water quality sensing, 
analysis, treatment and management for addressing ",14/03/2019,30/06/2019
UKIERI DST partnership Development Workshops,"1  
  
UKIERI-DST PARTNERSHIP DEVELOPMENT WORKSHOPS 
 
(UK INDIA EDUCATION & RESEARCH INITIATIVE SUPPORTED BY 
DEPARTMENT OF SCIENCE & TECHNOLOGY) 
 
 
CALL FOR 
WORKSHOP 
PROPOSALS  
 
2019-20 
www.britishcouncil.org                                                                                                                www.ukieri.org  
 
 
 
2  
  
UKIERI DST PARTNERSHSIP DEVELOPMENT 
WORKSHOPS 
GUIDELINES FOR APPLICANTS 
 
 
Call Opens: 22nd May 2019 
Call Closes: 22nd July 2019; 19:30hrs UK time  
 
Important Dates 
 
 
 
 
 
 
 
 
 
 
 
 
 
 
 
SR. 
NO. 
ACTIVITIES 
DATE/MONTH 
 
1. 
 
Date of advertisement for call for proposals 
22nd May 2019 
2. 
 
Date for application support webinars 
Between 10th – 19th June 2019  
3. 
 
Last date for receipt of queries related to 
submission of proposal  
19th July 2019 
4. 
 
Last date for submission of proposals on 
British Council’s Grant Mobility Tool (GMT) 
and DST online portal 
22nd July 2019 
5. 
 
Last date for submission of hard copies at 
DST Office  
29th July 2019 
6. 
 
Eligibility check of proposals for final 
evaluation 
5th September 2019 
7. 
 
Date of results of finally selected proposals 
declared on British Council / UKIERI’s website 
30th September 2019 
3  
  
1. BACKGROUND 
About UKIERI 
UK India Education & Research Initiative (UKIERI) started in April 2006 with the aim of 
enhancing educational links between India and the UK. It is recognised as a key multi 
stakeholder programme that has strengthened the educational relations between the two 
countries and been successful in covering all segments of the education sector. Promoting joint 
research in Science and Technology has been one of the successful, strategic, and key 
initiatives under reconstituted ‘Research and Innovation’ strand of UKIERI Phase III (2016-2021). 
The strand feeds into UKIERI and aims to improve educational links between India and the UK 
to ensure that in the longer term they become each other's partner of choice i",23/05/2019,22/07/2019
Call for Joint Project Proposals 2019 - India-Czech Bilateral Scientific and Technological Cooperation," 
 
 
 
Department of Science & Technology 
(International Bilateral Co-operation Division) 
 
India-Czech Bilateral Scientific and Technological Cooperation 
 
Call for Joint Project Proposals – 2019  
 
The Department of Science and Technology (DST), Govt. of India and the Ministry of Education, 
Youth and Sports (MEYS) of the Republic of Czech invite joint R&D proposals under the India-
Czech Scientific and Technological Cooperation Programme during March 15, 2019 to July 31, 
2019. 
 
Objectives:  
 To strengthen and to expand relations between scientific communities, making possible 
exchanges between Indian and Czech Republic research groups, in the framework of joint 
scientific and technological projects, selected by the parties.  
 Promote implementation of joint projects able to bind R&D centres with enterprises from 
both the countries.  
 
Who are Eligible and Subject Areas?  
1. Scientists/Faculty Members working in regular capacity in recognized universities/deemed 
universities, academic institutes and national research & development laboratories/ 
institutes can apply as Principal Investigator (PI). One CO-PI is mandatory to be part of 
proposed project. However, number of CO-PI may be more than one as per rationale of 
project objectives and desired expertise.  
2. The Indian PI should not be retiring during the proposed duration of the project.  
3. The proposal should include research partners as PI and CO-PI from Czech research 
institutes/ universities with clear demarcation of objectives to be carried out by both 
research teams. 
4. In order to qualify for such funding, investigators are required to have a concrete and sound 
research proposal targeting the interest of both the nations on any of the following areas: 
 
   The priority areas for this Call mutually agreed are as given below:  
 
a) Information and communication technologies; 
b) Natural sciences and biotechnology; 
c) New materials and nanotechnology; 
d) Medical sciences (inc",18/03/2019,31/07/2019
Call for India-Ethiopia Innovation & Technology Commercialization Programme (IEITCP)," 
India-Ethiopia Innovation & Technology Commercialization Programme (IEITCP)  
 
INDIA - Call for Application 2019 
 
 
On behalf of the Department of Science & Technology, Government of India, FICCI 
invites applications under the India Ethiopia Innovation & Technology Commercialization 
Programme (IEITCP) in the following thematic areas: 
• Agriculture & Animal Husbandry; Food Processing 
• Health  
• Water & Sanitation 
• Renewable Energy  
• ICT & IT 
• Trade & Industry 
• Mines & Minerals 
• Petroleum & Natural Gas,  
• Environment & Forestry 
• Infrastructure 
 
Deadline for Submitting Application: July 31, 2019 
 
India-Ethiopia Innovation & Technology Commercialization Programme (IEITCP) 
The IEITCP was announced during the DST-FICCI Global R&D Summit held on 21-22 February 
2019 in Hyderabad by Hon’ble Dr. Harsh Vardhan, India’s Union Minister of Science & 
Technology, Earth Sciences and Environment, Forests & Climate Change, together with 
Hon’ble Engineer Dr. Getahun Mekuria, Hon’ble Minister of Innovation and Technology, 
Ethiopia. The objective is to strengthen the bilateral relationship between India & Ethiopia 
purely based on Science, Technology and Innovation. The Programme will identify and 
utilize validated Indian technologies/innovations culled through a unique and rigorous 
evaluation process to create sustainable joint projects/ventures in Ethiopia.  
 
The Programme will create at least 50 sustainable enterprises in Ethiopia over 5 years that 
will stimulate economic impact development. The programme will create an ecosystem 
wherein Indian innovations and technology enterprises drive B2B/B2G business ventures 
with Ethiopia, propelling growth in India and Ethiopia.  
 
 
 
 
Screening & Evaluation of Applications 
 
All applications received under the Programme Call will undergo a two-step evaluation 
process. Initial evaluation is carried out by Scientific & Subject Matter Experts. 
In the second step, shortlisted applicants will be invite",02/07/2019,31/07/2019
Call for Proposal of NIDHI PRAYAS Program.,,01/07/2019,31/07/2019
Indo- Poland Joint Research Programme   Call For Proposals 2019," 
1 
                                                               
 
DEPARTMENT OF SCIENCE & TECHNOLOGY 
Government of India 
 
INDO- POLAND JOINT RESEARCH PROGRAMME 
 
CALL FOR PROPOSALS 2019 
 
The Department of Science & Technology (DST), Govt. of India and Polish National Agency for 
Academic Exchange – NAWA (Poland), invite proposals for Joint Research projects in bilateral 
mode involving scientists & technologists from India and Poland. 
The DST and the NAWA (hereinafter referred to as the “Implementing Agencies”) hereby invite 
Indian and Polish scientists/researchers to submit proposals for Joint Research Projects in the 
following scientific areas : 
i) Natural Sciences 
ii) Engineering and Technology 
iii) Medical and Health Sciences 
iv)  Agricultural Sciences 
 
A. 
Guidelines for Proposal Submission:  
 
1.  About Proposals : 
 
a) Research Projects should be carried out jointly by research teams from both countries.  
b) Each country should have a team with a Team leader. The team leader  should be one 
who holds a full-time position at a University or Research Institution in the respective 
Country.  
c) The project should be made by the team leader in each country, to the respective 
Implementing Agency of his/her country, simultaneously. Both Applications shall be 
identical. Since all projects are joint projects, it is expected that consultations would 
have been held between relevant counterpart Institutions in the other country prior to 
the submission of an Application. 
d) It should be in English and shall be in the Form prescribed by the relevant Implementing 
Agency 
e) The duration of each project should be two years. (Scientists are advised to submit only 
one project against this Call.)   
f) The funding will cover the following expenses in connection with a project up to a limit 
agreed upon by each Implementing Agency - 
i. Research expenses / contingency: Limited Expenditure by the project team in their 
country in respect of consuma",10/06/2019,14/08/2019
extension of last date for submission of proposals under S&T for Women,"Government of India 
                    Ministry of Science and Technology 
  Department of Science and Technology 
Science and Technology 
 for Women Scheme 
 
 
 
 
 
 
CALL FOR PROPOSALS 
Science & Technology for Women Scheme was launched in Nineteen Eighties for 
empowering women through inputs of S&T to strengthen their position in the society. 
(Please note this is not a call for WoS-A /WoS B scheme. The Scheme is for women 
beneficiaries but the PI/CO-PI can be of any gender. The proposals are to be submitted by the 
type of organizations listed below.) 
The Objectives of the scheme are: 
• To support research, development and knowledge generation with respect 
to various stages of life cycle of women;  
• To promote research, development and adaptation of technology to create 
gainful employment potential of women, reduce their drudgery, improve 
working conditions in local areas through inputs of S & T; 
• To improve the quality of life, look into health and nutrition of women 
through the application of S & T    
 
Proposals are invited on the following Thrust Areas: 
1. 
Livelihood Status and Improvement   
 Innovative solutions/technologies for sustainable livelihood 
 Capacity building based on natural resources & non-farm sector 
 Novel women-centric farming practices  
 Use of advanced technologies e.g.  AI, 3D Printing, etc. for women centric 
issues. 
 Biodegradable, eco-friendly technologies. 
2. 
Health, Nutrition and Sanitation   
 Improving women and child mortality  
 Mental Health issues of women 
 Nutrition issues during different stages of women life cycle 
 Innovative Hygiene and Sanitation Technologies  
3. 
Women Safety and Occupational Hazards  
 S&T  based drudgery Reduction,  
 ICT Tools and other innovative technologies for women safety 
 Technologies to reduce Occupation Health Hazards in different working 
conditions 
 R&D on women safety and related issues 
 
4. 
Women Technology Parks(WTP) 
 
For development and ada",25/07/2019,16/08/2019
"Format and guidelines for the scheme, ""Science & Technology for Women""."," 
1 
 
SCIENCE FOR EQUITY, EMPOWERMENT 
& DEVELOPMENT (SEED) PROGRAMME 
 
INTRODUCTION: 
 
 
Science & Technology plays a vital role in the empowerment strategies for 
different sections of the society.  Schemes described in this publication have been 
formulated with the broad objective of providing opportunities to motivated scientists, 
technologist and field-level groups to undertake time-bound research and action oriented 
projects with inputs of science and technology for the benefit of different sections of 
society.  Programmes implementation can be through S&T institutions, University 
departments and S&T based voluntary organizations. 
 
 Salient features of the S& T for Women Scheme are described in Section-I. 
 Guidelines and terms and conditions for formulating proposals are laid down 
in Section-II. 
 Proforma for submitting proposals is in Section-III. 
 
ELIGIBILITY CONDITIONS: 
 
 
Organizations/institutes eligible for receiving grants under the Science for equity, 
empowerment & development programmes are: 
 
 
Recognized R&D laboratories, Universities and Educational Institutions. 
 
 
S&T based voluntary organizations, registered under the Societies Registration 
Act 1860 or a trust registered under the Indian Trusts Act 1982 or Charitable or 
Religious Act 1920 or under the corresponding State Act. Such organizations 
should have NGO darpan portal registration number and details. 
 
 
The organization should have been in existence for a minimum of three years 
after registration.  
 
 
The organization should have experience in handling projects having focus on S 
&T. 
 
PROCEDURE(S) OF THE SEED DIVISION, DST: 
 
Each application received is reviewed and examined by the concerned officer for its 
correctness and completeness. If the application is found to be complete and meets the 
eligibility criteria the proposal are sent for a peer review/screening. In some cases, on the 
spot visits by experts is undertaken. The proposals are examined b",25/07/2019,16/08/2019
India-Sweden Collaborative Industrial R&D Programme and RFP 2019,"A Not–for–Prot Company, jointly incorporated by Technology Development Board (TDB) of Department of Science 
& Technology (DST), Government of India and Confederation of Indian Industry (CII).
India-Sweden RFP 2019 Process Flow 
INDIA
Contact Details 
Ms. Deepanwita Mukherjee
E:  deepanwita.mukherjee@gita.org.in
T:  +91 11 4288 8012
RFP Submission in India 
& Sweden
Stage 1
Stage 2
Stage 3
India-Sweden RFP 2019 
Launch
Applica�on review in 
India & Sweden
Announcement of results 
& project approval
Signing of agreement & 
project commencement 
Project Mentoring & 
Release of funds
• Submission of Applica�on in India & Sweden
(Online mode in India)
• Submission of Addi�onal Documents
Ini�al Screening of Submi�ed Applica�on
• PEC review in India & similar review in Sweden
• Joint review between India & Sweden
• Signing of Agreement 
• Project Commencement 
• Periodic Project Mentoring to review Milestones 
• Release of funds upon successful comple�on of milestones 
• Results announcement in India & similar review in Sweden
• Appointment of Project Mentoring Commi�ee 
• Due Diligence 
• Final Approval 
Global Innovation & Technology Alliance (GITA) 
www.gita.org.in
SWEDEN
Swedish Governmental Agency for Innovation Systems (Vinnova)
Mr. Henrik Fridén
E:  henrik.friden@vinnova.se  
T:  +46 (0)8 473 31 54 
•
www.vinnova.se  
To �nd out more,
scan this code with 
your smartphone.
Programme Manager, responsible for the RFP 
INDIA-SWEDEN 
Collaborative Industrial Research & Development Programme
Launch Date
 April 11, 2019 
Closing Date 
August 19, 2019
Supported by 
Department of Science & Technology (DST), Govt.of India 
& 
Vinnova, Sweden
Dr. Chadaram Sivaji
E:  sivaji@nic.in
T:  +91 11 26590489
Scientist-F/Director
Department of Science and Technology
MATCHMAKING SERVICES 
FOCUS SECTORS
ABOUT THE PROGRAMME 
Department of Science & Technology (DST), Government of India and 
Swedish Governmental Agency for Innova�on Systems (Vinnova) have 
created funding mechanisms throu",15/04/2019,19/08/2019
Indo-Poland Joint Call for Proposal - Last date extended (14.08.2019 to 28.08.2019)," 
1 
                                                               
 
DEPARTMENT OF SCIENCE & TECHNOLOGY 
Government of India 
 
INDO- POLAND JOINT RESEARCH PROGRAMME 
 
CALL FOR PROPOSALS 2019 
 
The Department of Science & Technology (DST), Govt. of India and Polish National Agency for 
Academic Exchange – NAWA (Poland), invite proposals for Joint Research projects in bilateral 
mode involving scientists & technologists from India and Poland. 
The DST and the NAWA (hereinafter referred to as the “Implementing Agencies”) hereby invite 
Indian and Polish scientists/researchers to submit proposals for Joint Research Projects in the 
following scientific areas : 
i) Natural Sciences 
ii) Engineering and Technology 
iii) Medical and Health Sciences 
iv)  Agricultural Sciences 
 
A. 
Guidelines for Proposal Submission:  
 
1.  About Proposals : 
 
a) Research Projects should be carried out jointly by research teams from both countries.  
b) Each country should have a team with a Team leader. The team leader  should be one 
who holds a full-time position at a University or Research Institution in the respective 
Country.  
c) The project should be made by the team leader in each country, to the respective 
Implementing Agency of his/her country, simultaneously. Both Applications shall be 
identical. Since all projects are joint projects, it is expected that consultations would 
have been held between relevant counterpart Institutions in the other country prior to 
the submission of an Application. 
d) It should be in English and shall be in the Form prescribed by the relevant Implementing 
Agency 
e) The duration of each project should be two years. (Scientists are advised to submit only 
one project against this Call.)   
f) The funding will cover the following expenses in connection with a project up to a limit 
agreed upon by each Implementing Agency - 
i. Research expenses / contingency: Limited Expenditure by the project team in their 
country in respect of consuma",22/08/2019,28/08/2019
Nano Mission-Call for proposals for Thematic Projects in Three identified areas,"GOVERNMENT OF INDIA 
MINISTRY OF SCIENCE AND TECHNOLOGY 
DEPARTMENT OF SCIENCE AND TECHNOLOGY 
Nano Mission Secretariat 
Call for proposals for ""Thematic Projects in Three identified areas” 
 
The Nano Mission Council, has identified 3 areas as of now in Nano R&D in which proposals are 
now invited from Institutions that have active research in Nano S&T. The three areas identified are 
as follows: 
 
i. 
Nanotechnology in Agriculture – Includes areas like Nano based soil and water management; control 
systems for precision agriculture; control of diseases and insect-pests in crops and animals; post-harvest, value 
addition and value chain in crops, animals and fisheries; development and deployment of sensors for 
instruments & farm equipment, storage and marketing; fertilizers, micronutrients and pesticides; food and fibre 
quality; packaging and marketing. 
 
ii. 
Nano for Energy & Environment – Fundamental studies and applications towards Design, Development and 
Engineering Nanomaterials for clean Energy- and Environment; Multi-electron intercalation chemistry – 
Systems beyond Li-ion chemistry in rechargeable storage devices – for example, Magnesium, Aluminium & 
Zinc–based systems. Conversion and alloy electrodes – Fundamental understanding and Applications; Solid-
electrolyte interface in high energy storage systems to address degradation issues; Metal – halide and metal-
sulphur chemistry and related studied aspects; Metal-air rechargeable systems; Static storage devices based 
on flow systems; Novel aspects of fuel cells and hybrid energy storage devices involving supercapacitors; 
Energy conversion based on photochemical, electrochemical and photo-electrochemical processes. 
Thermoelectrics – new and novel materials; Environmental - Fundamental studies on environmentally important 
and relevant nanoscale phenomena and their applications. 
 
iii. 
Quantum Materials with exciting Nano-science and novel applications – includes emphasis on novel and 
exotic qua",05/08/2019,30/08/2019
The call for Proposals for Science Technology and Innovation (STI) Hubs for Development of Scheduled Caste (SC) and Scheduled Tribe (ST) Communities," 
 
 
 
 
 
SCIENCE TECHNOLOGY AND INNOVATION (STI) HUBS FOR 
DEVELOPMENT OF SCHEDULED CASTE (SC) AND SCHEDULED 
TRIBE (ST) COMMUNITIES  
 
Call for Proposals 2019 
 
The Department of Science and Technology invite proposals for establishment of 
Science Technology and Innovation (STI) Hubs to develop, nurture and ensure the 
development, improvement, and delivery of appropriate and relevant S&T 
approaches for Creation of Sustainable Livelihoods and enhancing the Quality of 
Life of the Scheduled Caste and Scheduled Tribe population in the country. The 
thrust areas for interventions though not restricted may focus on the following 
themes. 
 
1. Agriculture and Food Security 
2. Water and Energy 
3. Affordable Health Care & Health Security 
4. Habitat & Environment 
5. Rural Enterprises 
6. Information & Communication Technology (ICT)/Internet of Things 
(IOT)/Artificial Intelligence for Rural Development 
7. Any other relevant S&T Interventions aiming at creation of sustainable 
livelihoods and improving the quality of life of SC/ST Population 
 
WHO CAN APPLY 
 
1. Universities and other higher educational institutions recognized or regulated by 
UGC/ AICTE and/or MHRD/ State Education Department 
2. Private Academic Universities/ Colleges/ Institutions and Government Aided 
Colleges recognized or regulated by UGC/ AICTE  
3. S&T based voluntary organizations, which are working in the rural areas with 
legal status or as a society registered under the Societies Registration Act 1860 or a 
trust registered under the Indian Trusts Act 1982 or Charitable or Religious Act 
1920 
4. Recognised R&D Labs/Centres 
 
Government of India 
Ministry of Science and Technology 
Department of Science and Technology 
 
 
APPLICATION PROCESS 
 
1. The Principal Investigator should submit the project proposal online through 
DST’s 
Electronic 
Project 
Management 
System 
(e-PMS) 
on 
portal 
www.onlinedst.gov.in the given format along with necessary documents.  
2. For detailed ",17/07/2019,31/08/2019
PFA announcement/guideline for the Indo-Japan Joint call for proposal,"GOVERNMENT OF INDIA 
MINISTRY OF SCIENCE AND TECHNOLOGY 
DEPARTMENT OF SCIENCE & TECHNOLOGY 
 
INDIA-JAPAN COOPERATIVE SCIENCE PROGRAMME (IJCSP) 
CALL FOR PROPOSALS-2019 
 
 
DEADLINE DATE FOR SUBMITTING PROPOSALS: 4th September, 2019 
The Department of Science and Technology (DST), Ministry of Science & 
Technology, Government of India, New Delhi and the Japan Society for the 
Promotion of Science (JSPS) conduct the India-Japan Cooperative Science 
Programme (IJCSP) to promote bilateral scientific collaboration between Indian and 
Japanese scientists. Applications are invited from eligible Indian researchers 
/scientists to submit proposals for Joint Research Projects and Joint 
Workshops/Seminars under IJCSP.  
 
I.  Areas of cooperation: The support is available to the following scientific areas: 
[A] Fundamental Sciences: Physical and Chemical Systems  
1. Condensed Matter Physics  
2. Molecules and Molecular Assembly Science  
3. Interface Science and Catalysis 
[B] Materials and System Engineering: Man-made Systems 
1. Advanced Materials and Nanotechnologies (This keyword includes areas of metal  
    ceramics, polymer science & engineering and materials processes)   
2. Engineering Sciences (This keyword includes areas of manufacturing science and  
engineering and synthesis & analysis/optimization & simulation of engineering 
processes and systems)  
[C] Natural Systems: Life Sciences and Bioengineering 
1. Molecular and Chemical Biosciences   
2. Biotechnology and Bioengineering   
3. Medical Biosciences  
4. Cognitive Science  
[D] Astronomy, Space, Earth System and Sciences   
1. Astronomy, Astrophysics, and Space & Planetary Science  
2. Geosciences (Marine, Meteorology, Geology, Paleontology)  
3. Geophysics and Geochemistry for Global Issues (Global warming and Natural  
    Resource)  
[E] Mathematics and Computational Science 
1. Mathematical Science  
 
2. Computational Science and Engineering  
3. Big Data analytics 
4. Machine Learning 
II. Who ca",09/07/2019,04/09/2019
Call for Proposals for Science Technology and Innovation (STI) Hubs for Development of SC and ST Communities," 
 
 
 
 
 
SCIENCE TECHNOLOGY AND INNOVATION (STI) HUBS FOR 
DEVELOPMENT OF SCHEDULED CASTE (SC) AND SCHEDULED 
TRIBE (ST) COMMUNITIES  
 
Call for Proposals 2019 
 
The Department of Science and Technology invite proposals for establishment of 
Science Technology and Innovation (STI) Hubs to develop, nurture and ensure the 
development, improvement, and delivery of appropriate and relevant S&T 
approaches for Creation of Sustainable Livelihoods and enhancing the Quality of 
Life of the Scheduled Caste and Scheduled Tribe population in the country. The 
thrust areas for interventions though not restricted may focus on the following 
themes. 
 
1. Agriculture and Food Security 
2. Water and Energy 
3. Affordable Health Care & Health Security 
4. Habitat & Environment 
5. Rural Enterprises 
6. Information & Communication Technology (ICT)/Internet of Things 
(IOT)/Artificial Intelligence for Rural Development 
7. Any other relevant S&T Interventions aiming at creation of sustainable 
livelihoods and improving the quality of life of SC/ST Population 
 
WHO CAN APPLY 
 
1. Universities and other higher educational institutions recognized or regulated by 
UGC/ AICTE and/or MHRD/ State Education Department 
2. Private Academic Universities/ Colleges/ Institutions and Government Aided 
Colleges recognized or regulated by UGC/ AICTE  
3. S&T based voluntary organizations, which are working in the rural areas with 
legal status or as a society registered under the Societies Registration Act 1860 or a 
trust registered under the Indian Trusts Act 1982 or Charitable or Religious Act 
1920 
4. Recognised R&D Labs/Centres 
Government of India 
Ministry of Science and Technology 
Department of Science and Technology 
 
 
APPLICATION PROCESS 
 
1. The Principal Investigator should submit the project proposal online through 
DST‟s 
Electronic 
Project 
Management 
System 
(e-PMS) 
on 
portal 
www.onlinedst.gov.in the given format along with necessary documents.  
2. For detailed gu",30/08/2019,20/09/2019
Water Advanced Research and Innovation (WARI) Fellowship Program call 2019,,04/07/2019,30/09/2019
Call For Proposal: India-Australia CFP for Round 12 under AISRF," 
GOVERNMENT OF INDIA 
MINISTRY OF SCIENCE AND TECHNOLOGY 
DEPARTMENT OF SCIENCE & TECHNOLOGY 
 
Indo-Australia Fund for Scientific and Technological Cooperation (Indo-AISRF) 
Round 12 
CALL FOR PROPOSALS-2019-2022 
 
 
 
LAST DATE  FOR SUBMITION OF  PROPOSALS: 23 October, 2019 
The Department of Science and Technology (DST), Ministry of Science & 
Technology. Government of India, New Delhi and the Department of Industry, Innovation 
and Science (DIIS), Australian Government are providing financial support for joint research 
activities carried out by Indian and Australian researchers. Indian-Australian research teams 
are hereby invited to submit joint research proposals under Round 12 of AISRF.  
 
PART 1 – OVERVIEW 
 
1.1 
Background and objectives 
The Australia-India Strategic Research Fund (AISRF) is a platform for bilateral 
collaboration in science, jointly managed and funded by the governments of India and 
Australia. 
Since its establishment in 2006, the AISRF has supported collaborative, leading-
edge research between scientists in India and Australia across a range of agreed priority 
areas.  It has also helped to build linkages between premier research institutions in both 
countries. 
 The objectives of the AISRF are to: 
 
increase the uptake of leading-edge science and technology (S&T) by supporting 
collaboration between Australian and Indian researchers in strategically focused, 
leading-edge scientific research and technology projects, and strengthening strategic 
alliances between Australian and Indian researchers; and  
 
facilitate Australia’s and India’s access to the global S&T system. 
   
1.2 
SUPPORT AVAILABLE UNDER ROUND TWELVE 
Applications are sought for proposals in the 12th round of the following AISRF components:  
 
the Indo-Australian Fund for Scientific and Technological Cooperation (Indo-Australian 
S&T Fund); and 
 
Support is provided for collaborative research projects involving Indian and Australian 
partners.  
 
We cann",02/09/2019,23/10/2019
Call for Proposals: Technology Interventions for Disabled and Elderly (TIDE),"1 
 
 
 
 
 
TECHNOLOGY INTERVENTIONS FOR DISABLED 
AND ELDERLY (TIDE) 
 
CALL FOR PROPOSALS 2019 
 
1. Preamble 
 
The Science for Equity, Empowerment & Development Division (SEED), Department of 
Science and Technology (DST) is implementing a programme “Technology 
Interventions for Disabled and Elderly (TIDE)” to promote applied research and 
development of assistive technologies for empowerment of Elderly population and 
Divyangjan in the country. TIDE Programme provides Grant-in-Aid support to 
Knowledge Institutions, Recognized R&D Labs and S&T based Voluntary Organizations 
for design and development of Assistive Devices, Processes and Protocols for improved 
Autonomy, Quality of Life and Social Inclusion of target beneficiaries (Elderly and 
Divyangjan) 
 
2. Objectives of the call 
 
The objective of the call is to invite and support  
o R&D proposals to promote translational research with multidisciplinary approach 
to deliver potential technological solutions for identified problems of elderly and 
Divyangjan through application of Science and Technology (S&T) Inputs.  
o Proposals on utilising available lab scale know-hows to consolidate research 
outputs in the field of assistive technologies 
o Proposals to upgrade the Technology Readiness Level (TRL) of existing assistive 
devices. 
o Proposals on import substitutes  
 
 
Government of India 
Ministry of Science and Technology 
Department of Science and Technology 
2 
 
3. Thematic Areas under the Call 
 
Proposals are invited under six (6) different broad thematic areas as mentioned below.   
o Elderly/Geriatric Sector  
o Visual Disability (including low vision)  
o Intellectual Disabilities (including Learning Disabilities)  
o Hearing & Speech Disabilities  
o Locomotor Disability  
o Multiple Disabilities  
 
An applicant can apply in any of the above themes as Principal Investigator. Applications 
of an individual would be summarily rejected if he/she applies in more than two thematic 
areas or ",16/09/2019,31/10/2019
Call for Proposal: Indo- Sri Lanka Joint Research Programme," 
 
 
       Call for Proposal 2019 
 
 
 
Under 
Indo- Sri Lanka Joint Research Programme 
CLOSING DATE –  04 NOVEMBER 2019  
 
 
The Ministry of Science, Technology and Research (MSTR), Government of the Democratic Socialist 
Republic of Sri Lanka and the Department of Science and Technology (DST), Government of India 
concluded a Programme of Cooperation (PoC) in Science and Technology, on August 14th 2019. In terms 
of the PoC, funding can be made available for selected Joint Projects and Workshops in bilateral mode 
involving scientist & technologists from Sri Lanka and India, in the following areas: 
a. Food Technology 
b. Plant base medicines  
c. Metrology 
d. Space Research & Applications 
e. Robotics & Automation 
f. 
Industrial Electronics 
g. Renewable Energy 
h. Waste Management 
i. 
Information and Communication Technology 
j. 
Any other project with national relevance (with Justifications)  
 
The MSTR and DST (hereinafter referred to as the “Implementing Agencies”) hereby invite Sri Lankan 
and Indian scientists/researchers to submit proposals for Joint Research Projects and Bilateral 
Workshops in any of the above areas in terms of the provisions herein set out.  
 
(A) APPLICATIONS 
(1) An Application shall – 
a) be for a Joint Research Project or a Workshop as herein provided 
b) be made simultaneously by a counterpart Team in each country as hereinafter provided 
c) be made by the Leader of a team of scientists in each country (Team Leader), to the 
respective Implementing Agency of his/her country, simultaneously. Both Applications 
shall be identical. Since all projects are joint projects, it is expected that consultations 
would have been held between relevant counterpart Institutions in the other country 
prior to the submission of an Application 
d) be in English and shall be in the Form prescribed by the relevant Implementing Agency 
e) be required to be submitted by the dates set out below 
 
(2) Applications are required to be submitted a",16/09/2019,04/11/2019
DST-DFG-Joint Call-2019 Chemistry Mathematics Physics,"  
 
 
 
 
 
 
 
 
 
 
 
DST-DFG Joint Call inviting joint research proposals 
Submission Deadline: 20 November 2019 
Indo-German Collaborative Research Activities 
in Chemistry, Mathematics & Physics 
 
 
Pursuant to the Memorandum of Understanding (MoU) between the Department of Science 
and Technology, India (DST) and the Deutsche Forschungsgemeinschaft (German Research 
Foundation, DFG), DST and DFG are opening the possibility for joint Indo-German research 
project funding in the fields of Chemistry, Mathematics, Physics (DFG review boards 301 to 
312). Indo-German teams of researchers are invited to submit joint proposals describing 
integrated research projects with a duration of up to three years. DST and DFG particularly 
wish to encourage early career researchers to participate in this international funding 
opportunity, though the call is open to researchers of all career stages. Proposals may describe 
either mono-disciplinary or multi-disciplinary projects. In the case of interdisciplinary proposals, 
however, it is important that the central parts of the project fall within the listed fields. 
 
These joint proposals in the fields of Chemistry, Mathematics and Physics have to be based 
on a close interaction between the German and Indian research teams and should present 
joint project goals and a joint work plan with balanced contributions from all project partners. 
 
For administrative reasons, it is necessary that an Indo-German team of researchers wishing 
to respond to this call must submit two proposals in parallel; the Indian partner to DST, the 
German partner to DFG. Each proposal must follow the regulations of the respective agency; 
proposals failing to fulfil all formal requirements will be rejected. Funds to be used by the Indian 
side must be requested from DST; funds to be used by the German side must be requested 
from DFG. 
 
The proposals will be evaluated separately by DST and DFG on the basis of the projects’ 
scientific merit/qual",03/06/2019,20/11/2019
Call For Proposal: India-Israel CFP 2020-22 for joint research cooperation," 
 
1 
 
INDIAN-ISRAELI JOINT RESEARCH COOPERATION 
Call for Project Proposals 
2020-2022 
(Last Date of Submission: 5th December, 2019) 
 
A. AREAS OF COOPERATION 
The Department of Science and Technology, Government of India-(referred to as “DST”) and the 
Ministry of Science and Technology of State of Israel (referred to as “MOST”) are providing financial 
support for joint research activities carried out by Indian and Israeli researchers. Indian-Israeli research 
teams are hereby invited to submit joint research proposals on: 
1. Advanced materials for next gen solar energy utilization and energy storage 
Renewable energy research is required for finding new, efficient, environment friendly and 
sustainable energy sources to replace fossil fuels such as oil, coal and natural gas. 
Advancement in this field will reduce pollution, greenhouse effect and climate changes. The call 
will 
focus 
on 
development 
of 
advanced 
materials 
for 
conversion 
of 
energy from sunlight into electricity and development advanced materials for energy storage. 
2. Quantum devices And  Quantum Technologies for sensing imaging and communication 
B. MODE OF COOPERATION 
Cooperation may take the form of: 
 Joint research project activities where interdependent subprojects of a single project are conducted in 
the Indian and the Israeli laboratories; 
 Complementary methodological approaches to a common problem; 
 Joint use of research facilities, materials, equipment and/or services by cooperating scientists; 
 Joint planning of research and evaluation of results. 
C. LEVEL OF FUNDING AND PROJECT DURATION 
The maximum funding available for all research projects approved under this Call is Rs. 4 crore for the 
Indian side and 4,000,000 NIS for the Israeli side, for the two year period. The allocation for each 
specific research proposal that is approved will be up to 400,000 NIS on the Israeli side and Indian side 
would provide fund to all the approved S&T activities under the pr",04/09/2019,05/12/2019
Call for Proposals: Indo-Hungarian Joint Research - 2019,"INDO-HUNGARIAN INTER-GOVERNMENTAL 
SCIENCE & TECHNOLOGY COOPERATION PROGRAMME 
INDO-HUNGARIAN JOINT RESEARCH 
CALL FOR PROPOSALS- 2019 
 
LAST DATE FOR SUBMISSION OF  PROPOSALS: 11th March, 2020 
 
 
General Instructions: 
 
The Department of Science and Technology (DST), Ministry of Science & Technology, 
Government of India, New Delhi and the National Research, Development and 
Innovation Office (NRDIO) conduct the industrial research and development 
projects in the framework of Indian-Hungarian Science and Technology 
Cooperation Programme to promote bilateral scientific collaboration between Indian 
and Hungarian scientists. Applications are invited from eligible Indian researchers 
/scientists to submit proposals for Joint Research Projects under the collaboration.  
 
The main objective of the call is to foster competitive RDI projects based on mutual 
professional advantages and implemented in Hungarian–Indian cooperation which 
generate new or further developed, market-oriented technologies, products and 
services. Projects shall represent clear competitive advantage and added value.  
 
Applications shall be submitted with identical professional content by both the Indian 
and the Hungarian partners in their own countries. Unilaterally submitted applications 
will not be accepted. 
 
Types of activities to be funded: Joint research projects 
 
Description: Grants for Joint Research Projects are meant to promote collaborative 
projects with clearly defined goals involving at least one Indian and one Hungarian 
scientist. 
 
Applications should describe ambitious research and propose innovative 
approaches. 
 
In case of application oriented proposals, applications should include a detailed 
dissemination plan specifying how project findings will be used for the benefits 
of the community, e.g. through incorporation into products and services. 
 
Depending on the complexity of the projects, the designation of a project 
coordinator ensuring coherence, con",31/12/2019,11/03/2020
Call for Proposal SUTRA-PIC India Program,"1 
 
 
Government of India 
Ministry of Science and Technology 
Department of Science and Technology 
Science for Equity, Empowerment & Development (SEED) Division 
Scientific Utilization through Research Augmentation-Prime 
Products from Indigenous Cows:  
SUTRA-PIC India Program 
 
OPEN CALL FOR RESEARCH & DEVELOPMENT PROPOSALS 
An inter-Ministerial funding program “Scientific Utilization through Research Augmentation- 
Prime Products from Indigenous Cows” (SUTRA-PIC India) has been planned with the support 
of Ministry of Science & Technology through Department of Science and Technology (DST), 
Department of Biotechnology (DBT), Department of Scientific and Industrial Research 
(DSIR)- Council of Scientific & Industrial Research (CSIR); Ministry of Ayurveda, Yoga, and 
Naturopathy, Unani, Siddha & Homoeopathy (Ayush); Ministry of New and Renewable 
Energy (MNRE), Indian Council of Agricultural Research (ICAR), and Indian Council of 
Medical Research (ICMR). Project proposals are invited from scientists/ academicians from 
Research Institutions, Academics, Grassroots Organizationsand so on to carry out R&D work, 
technology development linked to capacity building at local levelcovering following five 
thematic areas: 
 
1. Uniqueness of Indigenous Cows 
 
Indian cows are believed to possess certain unique qualities& characteristics. It is well known 
perception that Desi cow remain healthy and can survive well in local environment. According 
to one report “The markets from Australia to Brazil are seeking India's cattle for their resilient 
qualities such as tick resistance, heat tolerance and the ability to flourish even with inadequate 
feeds.” Though, scientific studies performed by a few investigators prove some special 
characteristics of desi cows, many other properties of these cows need detailed scientific 
investigations. Studies on Metagenomic and proteogenomic analysis of Indian cows need 
detailed scientific investigations. Thus, one of the major aims ",14/02/2020,14/03/2020
Advertisement for the SwarnaJayanti Fellowships Scheme 2019-20,"Ministry of Science & Technology 
Department of Science & Technology 
SwarnaJayanti Fellowships Scheme 2019-20 
 
 
Government of India had instituted a scheme titled “SwarnaJayanti Fellowships” to 
commemorate India’s fiftieth year of Independence. Under this scheme a selected number 
of young scientists, with excellent track record, are provided special assistance and support 
to enable them to pursue research in frontier areas of science and technology. The 
fellowship is scientist specific and not institution specific. 
 
Scientists selected for the award will be allowed to pursue unfettered research with a 
freedom and flexibility in terms of expenditure as approved in the research plan. The project 
should contain innovative research idea and it should have a potential of making impact on 
R&D in the discipline. 
 
 
The award consists of a Fellowship of Rs 25000/- per month in addition to the salary drawn 
from the parent Institute along with a Research Grant of Rs 5 lakh per annum by 
Department of Science and Technology for a period of 5 years, while the project submitted 
by the selected Fellows will be considered for funding by the Science & Engineering 
Research Board (SERB) as per SERB norms, for recurring and non-recurring heads. 
 
The duration of the fellowship along with the project will be for a period not exceeding five 
years. 
 
The fellowship is open to Indian Nationals having a regular position in a recognized Indian 
academic/research organization. The applicant should possess Ph.D in Science/ 
Engineering/ Medicine and should not be pdrawing Fellowship from any other Scheme of 
GOI. 
 
The fellowship is open to scientists between 30 to 40 years of age as on December 
31, 2019. Applications from candidates who have completed 40 year of age as on or 
before 31.12.2019 will not be considered. 
 
Applications for the “SwarnaJayanti Fellowships Scheme 2019-20” are invited from 
eligible candidates. Candidates may log on onlinedst.gov.in from 15-0",10/02/2020,30/04/2020
Call for Proposals under WOS-B Open,"Knowledge Involvement in Research Advancement through Nurturing (KIRAN) Division
Women Scientist Scheme
(S&T Intervention for Societal Benefit)
Call for Research Proposals 
Department of Science & Technology (DST) has taken several 
and Technology (S&T) domain.Women Scientist Scheme (WOS) under KIRAN division specifically addresses 
challenges confronting women in realm of S&T who had a break in career by providing suitable opportun
to return to mainstream science.  
Under Women Scientist Scheme-B (WOS
wish to utilize their scientific knowledge and temperament for the benefit of society. WOS
leading to S&T based solutions of societal issues & challenges for social b
possible solutions by way of development of viable technology/technique and/or lab
adaptation and scaling up. The project is tenable for a maximum period of three (3) years. 
proposals will not be entertained
Areas in which proposals could be submitted:
Agriculture, Food and Environmental Challenges
Strengthening Health Care and Nutrition
Energy (ER) 
Water and Waste Management (WWM)
Engineering and IT Solutions to Societal 
Harnessing Advances in Artificial Intelligence 
 
Eligibility: Women having qualifications in science &
break in their career but interested in addressing a well
interventions are eligible to apply. Women
Emoluments: The fellowship amount under the scheme is:
Rs 55,000/- pm for Ph.D. or equivalent (total project cost not exceeding Rs.30 lakh)
Rs 40,000/- pm for M.Phil./MTech or equivalent (total project cost not exceeding Rs.25 lakh)
Rs 31,000/- pm for M.Sc. or equivalent (total project cost not exceeding Rs.20 lakh)
Total project cost includes above fellowship of Principal 
minor equipments but excluding HRA and 
 
How to apply:Proposals are to be submitted online on WOS portal 
submitting proposal have to register at this portal 
on the portal carefully before submitting the proposal.
onwww.dst.gov.inSend one hardcop
Division, Department of Science and Technology (DST), Technology ",25/02/2020,30/04/2020
महिला वैज्ञानिक योजना-बी मे प्रोजेक्ट प्रस्तावों के लिए आमंत्रण," 
 
 
विज्ञान और प्रौद्योगिकी विभाि  
विज्ञान और प्रौद्योगिकी मंत्रालय 
भारत सरकार 
 
प्रशिक्षण के  माध्यम से अनुसंधान संिधधन में ज्ञान की भूशमका (ककरन) प्रभाि 
महिला िैज्ञाननक योजना-बी (डब्ल्यूओएस-बी) 
(सामाजजक लाभों के  शलए एस एंड टी कायधकलाप) 
प्रोजेक्ट प्रस्तािों के  शलए आमंत्रण  
 
विज्ञान और प्रौद्योगिकी विभाि (डीएसटी) ने विज्ञान और प्रेद्योगिकी (एस एंड टी) क्षेत्र में महिलाओं के  उत्थान के  ललए अनेक उत्कृ ष्ट पिलें की िैं। ककरन प्रभाि 
के  तित महिला िैज्ञाननक योजना (डब्ल्यूओएस) एस एंड टी के  क्षेत्र में उन महिलाओं द्िारा जजनके  कररयर में व्यिधान आ िया था, झेली जा रिी चुनौनतयों का 
विशेष रूप से समाधानकारी प्रयत् न, विज्ञान की मुख् य धारा में उन् िें िापस लाने का अिसर प्रदान करते िुए, करती िै। 
 
महिला िैज्ञाननक योजना-बी (डब्ल्यूओएस-बी) के  तित, उन  महिला िैज्ञाननकों और प्रौद्योगिकीविदों से प्रस्ताि आमंत्रत्रत ककए जाते िैं, जो समाज के  लाभाथथ 
अपने िैज्ञाननक ज्ञान और मनोिृवि का उपयोि करना चािती िैं। डब्ल्यूओएस-बी योजना उन पररयोजनाओं पर ध् यान कें हित करती िै जजनके  ननष् पादन 
के  फलस् िरूप सामाजजक समस् याओं और चुनौनतयों का विज्ञानएिं प्रौद्योगिकी आधाररत उत् पाद/सेिाएं सामाजजक हिताथथ उपलब्ल ध िोती िै। ऐसे 
प्रोजेक्टों को लाभप्रद प्रौद्योगिकी/तकनीक विकलसत कर और/या लैब-टू-लैंड प्रौद्योगिकी अंतररतकर, इसका अनुकू लनकर और विस् तारकर संभावित 
उत् पाद/सेिा उपलब्लध कराना चाहिए। प्रोजेक्ट की अगधकतम अिगध तीन (3) िषथ िै। डब्ल्यूओएस - बी के  तित मौललक अनुसंधान प्रस्तािों को स्िीकार निीं 
ककया जाएिा। 
 
 
कु छ विषय जजनमें प्रस्ताि प्रस्तुत ककए जा सकते िैं : 
कृ वष, खाद्य और पयाथिरण चुनौनतय ं (एएफई) 
स्िास््य, देखभाल एिं पोषण सुदृढीकरण (एचएन) 
ऊजाथ (ईआर)  
जन और अपलशष् ट प्रबंधन(डब्ल ् यू डब्ल ् यू एम) 
सामाजजक मसलों में अलभयांत्रत्रकी एिं सूचना प्रौद्योगिकी के  उपयोिी उत् पाद/सेिा  
कृ त्रत्रम बद्गधमता में िुई प्रिनतयों का उपयोि करना। 
 
पात्रतााः 27-57 िषथ आयु की सीमा िाली और विज्ञान एिं प्रौद्योगिकी क्षेत्रों में अिथता प्राप्त तथा कररयर में व्यिधान ग्रस् त महिलाएं जो एस एंड टी के  व् यििायथ 
कायथकलापों के  माध्यम से सु-िर्णथत/अलभज्ञात सामाजजक चुनौनतयों का समाधान करने में इच",25/02/2020,30/04/2020
Short-term Research Grant special call for Nano Coating COVID-19," 
DEPARTMENT OF SCIENCE AND TECHNOLOGY 
NANO MISSION 
Short-term Research Grant special call for Nano Coating COVID-19 (April 03, 2020) 
 
Considering emerging health care requirements to combat the COVID-19 epidemic, DST 
& SERB announces rapid/ short-term  projects  in  the  following  thrust  areas,  preferably 
with multidisciplinary efforts: 
 
 Antiviral Nano-coatings for materials to be used on appropriate material for 
producing anti-COVID-19 Triple Layer Medical masks and N-95 respirator or 
better masks in large quantities;  
 All components of Personal Protective Equipment (PPE) for safeguarding the 
health of all health care workers against COVID-19 with industrial partners 
for scaling up production; and 
 
Project duration should be maximum up to 1-year with a maximum budget limit of Rs. 
25-30 lakhs (including overhead) for developing the Nano-coating and new nano based 
material for the components of PPE, which can be transferred to the partnering 
Industry or a Start-up. The industry contribution could be in the form of manpower and 
its CTC, or partly for testing of nano-coating to meet the EU or US standards for 
exporting the developed product. Proposals should  be submitted   through   SERB   
online   portal (www.serbonline.in)  in  their Core Research Grant  (CRG)  format. 
Proposals will be initially screened for the competence of PI, suitability and scope prior to 
peer-review. All items developed and transferred to industry should meet the 
International standards or BSI standards for ensuring Quality of the nano-coating based 
product produced.  
 
Projects concerning other pathogens will not be considered in this call. It may be Noted 
that no hardcopy of the proposal may be sent to DST or SERB. 
 
Projects will be evaluated on first-come basis, with a last date of submission as April 30, 
2020. 
 
 
Contact Details: 
 
Dr. T. Thangaradjou, Scientist E     
Email: ttradjou@serb.gov.in  
 
Shri Rajiv Khanna, Scientist C, DST & Dr Nagaboo",03/04/2020,30/04/2020
India-South Korea Call for Joint Research Proposals,"~ 1 ~ 
 
DEPARTMENT OF SCIENCE AND TECHNOLOGY,  
GOVERNMENT OF INDIA 
& 
MINISTRY OF SCIENCE AND ICT, 
REPUBLIC OF KOREA 
 
2020 KOREA- INDIA JOINT PROGRAM OF COOPERATION  
IN SCIENCE & TECHNOLOGY 
 
 
CALL FOR JOINT PROJECT PROPOSALS 
 
Proposals to be submitted by 18:00 pm (local time) on May 8, 2020 
 
 
 
1. Introduction 
 
The India-Korea Joint Program of Cooperation in Science and Technology facilitates 
bilateral cooperation between scientists and researchers from the two countries by way 
of joint R&D projects and technical missions. The Department of Science and 
Technology (DST), Ministry of Science & Technology of Government of India and 
Ministry of Science and (MSIT) of the Republic of Korea are the key agencies dedicated 
to the implementation of the program in India and the Republic of Korea (South Korea). 
This Call for Proposals is to provide every duly applicants with the detailed information 
and procedures for the bilateral cooperation program.  
 
2. Potential Areas of Cooperation 
 
Department of Science & Technology (DST), Govt. of India and Ministry of Science and 
ICT (MSIT) of the Republic of Korea invite Indian and Korean scientists / researchers to 
submit proposals for joint research projects in the following areas: 
 
 Green Mobility, 
 Engineering Sciences,  
 Materials Science & Technology 
 Renewable Energy 
~ 2 ~ 
 
3. Eligibility 
 
The Program is open to researchers, scientists, institutions located in India or the 
Republic of Korea that are engaged in advanced research in one or more of the subject 
areas listed above. DST and National Research Foundation of Korea (NRF, an affiliated 
organization of MSIT) will conduct parallel review of the applications respectively based 
on the agreed criteria. 
 
Project proposal must include the name of one Principal Investigator (PI) and a Co-
Principal Investigator (Co-PI) each in India and the Republic of Korea. The PI and Co-PI 
are responsible for submitting annual scientific and f",16/03/2020,08/05/2020
DST NWO Joint Indo Dutch Call on Cleaning Ganga and Agri Water," 
Cleaning the Ganga and 
Agri-Water  
Cooperation India – The Netherlands   
 
 
A Collaborative endeavor of 
WATER TECHNOLOGY 
INITIATIVE 
Affordable Technological 
Solutions 
For Water Challenges 
New Delhi,  February 2020                        
1 
Chapter Error! Use the Home tab to apply Kop 1 to the text that you want to appear here.: Error! Use the 
Home tab to apply Kop 1 to the text that you want to appear here. / Cooperation India-The Netherlands 
Call for proposals    
 
 
 
 
Contents 
1 Introduction 
2 
1.1 Background 
2 
1.2 Available budget 
2 
1.3 Deadline for submissions 
2 
2 Aim 
4 
2.1 Thematic focus 
4 
2.2 Specific project requirements 
7 
3 Guidelines for applicants 
11 
3.1 Who can apply 
11 
3.2 What can be applied for 
14 
3.3 When can applications be submitted 
15 
3.4 Preparing an application 
15 
3.5 Conditions on granting 
16 
3.6 Submitting an application 
20 
4 Assessment procedure 
22 
4.1 Procedure 
22 
4.2 Criteria 
24 
5 Contact details and other information 
26 
5.1 Contact 
26 
6 Annexes 
27 
6.1 DST Budget Sheet 
28 
6.2 DST Funding specifications 
29 
6.3 Format Letter of Commitment 
31 
6.4 Conflict of Interest policy (DST) 
35 
6.5 
Format for Full Proposal 
39 
 
 
 
 
2 
Chapter Error! Use the Home tab to apply Kop 1 to the text that you want to appear here.: Error! Use the 
Home tab to apply Kop 1 to the text that you want to appear here. / Cooperation India-The Netherlands 
1 Introduction 
 
1.1 Background 
There is a long history of scientific collaboration between India and the Netherlands. The Dutch 
Research Council (NWO), through the Merian Fund1, and the Department of Science and 
Technology (DST) aim to further stimulate long term research collaboration between their two 
countries by funding joint research, to strengthen the international position and global impact of 
their research. Funding is provided for interdisciplinary and transdisciplinary consortia of Indian and 
Dutch research groups and stakeholder par",28/02/2020,12/05/2020
India-South Korea Joint Network Centre in Cyber Physical System," 
DEPARTMENT OF SCIENCE AND TECHNOLOGY,  
GOVERNMENT OF INDIA 
& 
MINISTRY OF SCIENCE ANDICT, 
REPUBLIC OF KOREA 
 
 
INDIA-KOREAJOINT PROGRAMME OF COOPERATION  
IN SCIENCE & TECHNOLOGY 
 
 
India-Korea Joint Network Centre 
Call for proposals 
 
Proposals to be submitted by 6:00 pm (local time)on May 29, 2020 
 
1. Objectives 
 
This Call for Proposals is to enable Indian and Korean scientists from academia and 
laboratories to carry out joint research activity by leveraging already existing 
infrastructure and funding available with the partners at both sides through a linkage 
established by a Joint Network Centre (JNC). Joint Network Centre aims to 
encourage joint project implementation on focal areas of thematic and knowledge 
research through networking thus, paving way to sustainable interactions by 
promoting excellence and developing long term relationship based on synergy of 
activities. Network Centre may also provide opportunities for integrating research 
with education.  
 
 
Structure of the JNC 
 
 
2. Potential Area ofCooperation 
 
Department of Science & Technology (DST),Government of India,Ministry of Science 
and ICT (MSIT) of theRepublic of Korea invite Indian and Korean research groups to 
submit proposals for Joint Network Centre in the following area: 
 
 Cyber Physical System 
(Artificial Intelligence, Internet of Things focused on agriculture, energy, 
water and transportation) 
 
3. Activities of the JNC 
 
When the focal coordinator draws up the proposal of JNC, the below details may be 
included. 
- Exchange of Researchers, Research students and Post-Doctoral scholars 
- Joint Seminar/Workshop/ Hands on training School (one in each country per year) 
- Joint Research 
 
When the focal coordinator draws up the proposal of JNC, the below details may be 
targeted to be delivered as outcomes. 
- Publish joint papers 
- Develop Prototype / Processes  
- Promoting pre-commercial R & D activities  
 
3. Eligibility Requirements 
 
(i) 
One f",23/03/2020,29/05/2020
Science and Technology of Yoga and Meditation (SATYAM)," 
Ministry of Science and Technology 
Department of Science and Technology 
 
Science and Technology of Yoga and Meditation (SATYAM) 
Call for Research Proposals for 2019-20 
 
Science and Technology of Yoga and Meditation (SATYAM) is an interdisciplinary 
endeavor of Department of Science and Technology (DST) that interface with Medicine, 
Physiology, Psychology, Neuroscience, Philosophy, etc. SATYAM Programme converge 
different & diverse disciplines as well as approaches & methods in the study of yoga and 
meditation. SATYAM is aimed to foster scientific research on the effects of yoga and 
meditation on physical & mental health and on cognitive functioning in healthy people as 
well as in patients with disorders. The comprehensive research on yoga and meditation 
under SATYAM is expected to apply new approaches for ailments’ cure, setting of 
standard and specific yoga protocols, conduct scientific research, calibrations and 
analysis in order to bring out processes/protocols for healthy body and mind. 
In light of the above, the research proposals are invited under SATYAM from 
scientists/academicians/yoga practioners, preferably having prior research experience 
in scientific aspects of ‘Yoga & Meditation’. Multi-centric, interdisciplinary research 
proposals are also encouraged.  
Themes: Basic themes covered under SATYAM include, (1) investigations on the effect of 
Yoga and Meditation on physical and mental health and well being, and (2) investigations 
on the effect of yoga and meditation on the body and mind in terms of basic processes 
and mechanisms. Additionally, scientific studies, which provide development and 
standardization of protocols, consolidation of existing knowledge in Indian perspective, 
etc., are also encouraged. 
Who can apply: Scientists/academicians/yoga practitioners with research background 
in ‘yoga and meditation’ and having regular position are invited to participate in this 
initiative. Practitioners actively involved in yoga an",29/01/2020,31/05/2020
Special Call under SATYAM to fight against COVID 19," 
Department of Science and Technology 
Science and Technology of Yoga and Meditation (SATYAM) 
 
Special Call under ‘Science and Technology of Yoga and Meditation (SATYAM)’ to 
fight against COVID-19 and other related viruses 
The Department of Science and Technology invites concept note under ‘Science and Technology 
of Yoga and Meditation (SATYAM)’ for appropriate intervention of yoga and meditation to fight 
against COVID-19 and other similar kind of viruses. The aim of this special call is to provide 
assistance to our society in today’s critical condition arises due to pandemic COVID-19. Since, this 
is a need based call; therefore, proposed work should be completed within 6-12 months.   
Teams of Scientists, clinicians and experienced practitioners of yoga and meditation who have 
proven track record in the field of yoga and meditation research are encouraged to submit 
concept note so that a large section of the society can be served with appropriate practices. The 
concept note should cover aims and objectives of proposed work, existing literature, 
methodology, expected outcome, budget requirement and details of host institutions along with 
detailed biodata of Principal Investigator with latest publications included in scientific journal 
databases.  
Broad Themes: The project may address any one of the following themes:   
A. Improving immunity  
B. Improving respiratory system and interventions to overcome respiratory disorders like 
COPD etc.  
C. Stress, anxiety and depression related issues due to isolation, uncertainty, disruptions in 
normal life, etc.  
The concept notes are invited in following categories:  
1. Compilation of existing evidences: The aim of the proposal will be, to compile existing 
knowledge, protocols and best practices in the above mentioned areas available in Yoga and 
meditation in SCI only publications and make a critical assessment of the same based on the 
scientific evidences and analyses provided in these publications. T",08/04/2020,31/05/2020
Call for Proposals under National Health and Risk Communication Programme 'Year of Awareness on Science and Health' (YASH) for COVID19,"Year of Awareness on Science & Health (YASH) 
(2020-2021) 
 
National Council for Science & Technology Communication (NCSTC), Department of Science & 
Technology launches a programme on health and risk communication “Year of Awareness on Science & 
Health (YASH)” with Focus on COVID-19. A comprehensive and effective science and health 
communication effort for promoting grass-root level appreciation and response on health and risk would 
be an advantage for saving and shaping the lives of the people at large, as well as building confidence, 
inculcating scientific temper and promoting health consciousness amongst them.  
 
In order to facilitate necessary actions and preparedness of the society to address the challenge, the 
strategies have been worked out by involving academic, research, media and voluntary organizations. The 
translation and usage of authentic scientific and health information to communicate the risks and facilitate 
risk management, an immediate and effective science communication for promoting community level 
response are planned. The initiative is targeted at encouraging public participation in risk related 
reciprocal communication processes to open routes for better decision making and stakeholders’ 
involvement to build capacities and enable communities to develop a sense of awareness, an analytical 
mind, and take an informed decision especially when it comes to healthcare and risk for their wellbeing.  
 
Important objectives of the YASH programme are: 
 
1. To minimize risks at all levels with help of public communication and outreach activities at large. 
2. To promote public understanding of common minimum science for community care and health 
safety measures like personal sanitation and hygiene, physical distancing, and maintaining desired 
collective behaviours, etc. 
3. To develop and disseminate science communication software, enhance science coverage in mass 
media including illustrative interpretations especially to reduce the f",29/04/2020,31/05/2020
Call for proposals: Integrated Technology Interventions for Sustainable Environment,"1 
 
 
GOVERNMENT OF INDIA 
MINISTRY OF SCIENCE AND TECHNOLOGY 
DEPARTMENT OF SCIENCE AND TECHNOLOGY 
Technology Mission Division (EWO) 
 
Call Inviting Proposals 
 
Integrated Technology Interventions for Sustainable Environment   
 
1. 
Preamble 
 
Several parts of the country are facing severe environmental challenges. These challenges can be effectively 
addressed by indigenous research led technological solutions, provided these technologies are packaged 
innovatively to deliver sustainable solutions. Implementation of such successful technological solutions at 
appropriate scale would have direct impact on the quality and economic life of the citizens. Science, 
technology and innovation strategies are integral parts of sustainable development policy. Proposals on 
environmental technology interventions for sustainable development need to address applied research and 
innovation, supported by stakeholders and transfer of technology for the societal benefits. As a society, it is 
required to identify environmental challenges (eg. energy, water, air etc) and develop solutions through 
science and engineering and implement through governance, the technological, economic and social 
measures that will set a course towards the achievement of a desirable, sustainable and secure future.  
2. 
Objective of Call:  
Technological solutions for sustainable environment are interdisciplinary and multi-dimensional in nature. 
Integration of such solutions is the need of the hour. This call aims to mount/integrate S&T interventions 
specifically to address prevalent environmental (energy, water & air) challenges for improvement in 
environment.  Keeping the above in mind and with an intention of applying technology to improve the living 
conditions, the location and demand of intervention should in the first place be clearly identified in the 
proposal. The participation of user agency should be ensured right from the beginning for designing and 
implementation of such solut",31/12/2019,30/06/2020
DST- Training Programme on Entrepreneurship: 2020-21: Call for Proposals,"DST-Training Programme on Entrepreneurship  
 
1. About the Project 
 
To promote and strengthen Science & Technology Entrepreneurship, the NSTEDB, DST has 
been funding various training programmes and projects on regular basis. However, due to the 
Pandemic COVID-19 and in view of various advisories and restrictions announced by the 
Central and State Governments, it would not be practical to organize training programmes in 
conventional mode i.e. by having trainees in a class room set-up. Therefore, to address this 
situation, it is proposed to provide funding support for conducting ONLINE training 
programmes during the F.Y. 2020-21. Proposals are invited for the following ONLINE 
programmes: 
 
Women Entrepreneurship Development Programme (WEDP) 
 
Technology based Entrepreneurship Development Programme (TEDP) 
 
Faculty Development Programme (FDP) 
 
2. Who are eligible:  
These programmes are mainly conducted by various institutions/organizations namely; 
Innovation & Entrepreneurship Development Centre (IEDCs), New Generation Innovation and 
Entrepreneurship Development Centre (NewGen IEDCs), Science & Technology Entrepreneur 
Park (STEPs), Technology Business Incubator (TBIs), State EntrepreneurshipDevelopment 
(ED) organizations, reputed educational institutions and other specialized organizations involved 
in the field of S&T entrepreneurship with good past track record. 
 
3. DST- Training Programme on Entrepreneurship: 2020-21: Call for Proposals 
Proposals are invited from Institutions/Organizations/Agencies interested in conducting 
aboveONLINE programme(s) during the financial year 2020-21 under the aegis of NSTEDB, 
Department of Science & Technology, Government of India. Interested institutions/organizations 
need to submit proposals as per the prescribed format uploaded on the website 
(https://onlinedst.gov.in). Organisation may like to apply for one or more than one program 
depending on their past experience and expertise. Last date of receiv",21/05/2020,30/06/2020
India-Australia special call for collaborative research projects on COVID-19," 
GOVERNMENT OF INDIA 
MINISTRY OF SCIENCE AND TECHNOLOGY 
DEPARTMENT OF SCIENCE & TECHNOLOGY 
 
Indo-Australia Fund for Scientific and Technological Cooperation (Indo-AISRF) 
Round 13 
CALL FOR PROPOSALS-2020-2021 
 
 
 
LAST DATE  FOR SUBMITION OF  PROPOSALS: 2nd July 2020 
The Department of Science and Technology (DST), Ministry of Science & 
Technology. Government of India, New Delhi and the Department of Industry, Science, 
Energy and Resources (DISER), Australian Government are providing financial support for 
joint research activities carried out by Indian and Australian researchers. Indian-Australian 
research teams are hereby invited to submit Collaborative Research Projects on special call 
on COVID-19 under Round 13 of AISRF.  
 
PART 1 – OVERVIEW 
 
1.1 
Background and objectives 
The Australia-India Strategic Research Fund (AISRF) is a platform for bilateral 
collaboration in science, jointly managed and funded by the governments of India and 
Australia. 
Since its establishment in 2006, the AISRF has supported collaborative, leading-
edge research between scientists in India and Australia across a range of agreed priority 
areas.  It has also helped to build linkages between premier research institutions in both 
countries. 
 The objectives of the AISRF are to: 
 
increase the uptake of leading-edge science and technology (S&T) by supporting 
collaboration between Australian and Indian researchers in strategically focused, 
leading-edge scientific research and technology projects, and strengthening strategic 
alliances between Australian and Indian researchers; and  
 
facilitate Australia’s and India’s access to the global S&T system. 
   
1.2 
ROUND 13 COVID-19 Collaborative Research Projects Grant Opportunity 
Applications are sought for proposals in the Round 13 COVID-19 Collaborative Research 
Projects grants. This grant opportunity was announced as part of the Australia-India 
Strategic Research Fund. 
The objective of the grant opportunity is ",05/06/2020,02/07/2020
Revised India-Slovenia Joint S&T Call 2020," 
 
 
Department of Science & Technology 
(International Bilateral Co-operation Division) 
 
India-Slovenia Bilateral Scientific and Technological Cooperation 
 
Call for Joint Project Proposals – 2020 
The Department of Science and Technology, Govt. of India invites to participate against ‘Joint Call for Proposals 
- 2020’ under the India-Slovenia Scientific and Technological Cooperation Program between the Department 
of Science and Technology (DST), Ministry of Science and Technology of the Republic of India and the Ministry 
of Education, Science and Sport of the Republic of Slovenia and the Slovenian Research Agency of the Republic 
of Slovenia. The call will be open from March 10, 2020 to July 31, 2020 to invite joint proposals from both the 
sides. 
 
Objectives:  
 To strengthen and expand relations between scientific communities, making possible exchanges between 
Indian and Slovenia research groups, in the framework of joint scientific and technological projects, 
selected by the parties.  
 Promote the implementation of joint projects able to bind R&D centres with enterprises from both 
countries.  
 
Who are Eligible and Subject Areas?  
 
1. Scientists/Faculty Members working in a regular capacity in recognized universities/deemed universities, 
academic institutes, and national research & development laboratories/ institutes can apply as Principal 
Investigator (PI). One CO-PI is mandatory to be part of the Indian team from the proposed project. 
However, the number of CO-PI may be more than one from the same or different institutions as per the 
rationale of project objectives and desired expertise. 
2. The Indian PI should not be retired during the proposed duration of the project.  
3. The proposal should include research partners as PI and CO-PI from Slovenian research institutes/ 
universities with clear demarcation of objectives to be carried out by both research teams. 
4. The Indian scientists who are involved in any capacity in the implement",10/03/2020,31/07/2020
Revised India-Portugal Joint S&T Call 2020," 
 
 
Last Date to receive the Joint Proposals: July 31, 2020 
CALL FOR SUBMISSION OF APPLICATIONS 
SCIENTIFIC RESEARCH AND TECHNOLOGICAL DEVELOPMENT PROJECTS  
INDIA- PORTUGAL 
Within the framework of the Memorandum of Understanding signed in 2019 between the Department of 
Science and Technology (DST) of the Ministry of Science and Technology of the Government of India, and the 
Foundation for Science and Technology (FCT) of the Ministry of Science, Technology and Higher Education of 
the Portuguese Republic, a call for joint scientific research and technological development projects is launched 
to provide financial support for joint research and innovation activities carried out by scientists from both 
parties.   
The aim of this joint call is to support the development of scientific and technological cooperation between 
Indian and Portuguese researchers and to strengthen the scientific partnership between research groups from 
each party by establishing bilateral research networks, enhancing research cooperation and promoting the 
exchange of knowledge between Indian and Portuguese scientists.  
DST and FCT invite Indian and Portuguese researchers to submit joint proposals for research, carried out by 
scientists from both parties. Qualifying scientific applicants from India and Portugal may receive research 
grants from DST and FCT, respectively, according to the applicable funding procedures and regulations 
1. BENEFICIARIES 
The following are individual or co-promotion beneficiaries: 
1.1. Non-entrepreneurial entities of the R&I system, namely: 
a. Higher education institutions, their institutes and R&D units; 
b. State or international laboratories with head office in Portugal; 
c. Non-profit private institutions whose main object is R&D activity; 
d. Other non-profit public and private institutions developing or participating in scientific research 
activities. 
1.2. From the Portuguese side, companies of any type and under any legal form if included in ",01/05/2020,31/07/2020
Revised India-Serbia Joint S&T Call 2020," 
 
 
 
Department of Science & Technology 
(International Bilateral Co-operation Division) 
 
India-Serbia Bilateral Scientific and Technological Cooperation 
 
Call for Joint Project Proposals – 2020 
The Department of Science and Technology, Govt. of India invites to participate against ‘Joint Call for Proposals 
- 2020’ under the India-Serbia Scientific and Technological Cooperation Program between the Department of 
Science and Technology (DST), Ministry of Science and Technology of the Republic of India and the Ministry of 
Education, Science and Technological Development (MESTD) of the Republic of Serbia. The call will be open 
from February 24, 2020 to July 31, 2020 to invite joint proposals from both the sides. 
 
Objectives:  
 
 To strengthen and expand relations between scientific communities, making possible exchanges between 
Indian and Serbian research groups, in the framework of joint scientific and technological projects, 
selected by the parties.  
 Promote the implementation of joint projects able to bind R&D centres with enterprises from both 
countries.  
 
Who are Eligible and Subject Areas?  
 
1. Scientists/Faculty Members working in a regular capacity in recognized universities/deemed universities, 
academic institutes and national research & development laboratories/ institutes can apply as Principal 
Investigator (PI). One CO-PI is mandatory to be part of the Indian team from the proposed project. 
However, the number of CO-PI may be more than one as per the rationale of project objectives and desired 
expertise. 
2. The Indian PI should not be retired during the proposed duration of the project.  
3. The proposal should include research partners as PI and CO-PI from Serbian research institutes/ universities 
with clear demarcation of objectives to be carried out by both research teams. 
4. The Indian scientists who are involved in any capacity in the implementation of two or more ongoing 
projects (not expected to be completed by Decemb",24/02/2020,31/07/2020
BRICS COVID-19 Call: Application,"NATIONAL GUIDELINES FOR BRICS CALL FOR 
PROPOSALS 
UNDER 
BRICS STI Framework Programme 
 
Response to COVID-19 pandemic coordinated call 
for BRICS multilateral projects 2020 
 
Call is open until 18th August 2020, 15:00 Moscow Time (UTC+3) for JAF 
Submission at  
BRICS STI Framework Programme Application Management System (BRICS AMS) at 
http://ams.rfbr.ru/BRICS 
AND 
DST/DBT   National submission online: until 24thAugust 2020 at 
www.onlinedst.gov.in 
 
(One Joint Application Form (JAF) and National Application in the country specific 
format  are mandatorily to be submitted in each partnering country) 
 
 
India  National Guidelines FOR  BRICS STI Framework Programme Response 
to COVID-19 pandemic coordinated call for BRICS multilateral projects 2020 
 
1. GOAL OF BRICS COORDINATED CALL: 
The BRICS STI Framework Programme aims to support excellent research on priority areas 
which can best be addressed by a multinational approach. The initiative should facilitate 
cooperation among the researchers and institutions in the consortia which consist of partners 
from at least three of the BRICS countries.  
 
2. FUNDING AGENCIES:  
Following research funding organizations from the BRICS countries have agreed to support 
BRICS Call: 
Brazil: 
National Council for Scientific and Technological Development (CNPq) 
Russia: 
Foundation for Assistance to Small Innovative Enterprises (FASIE) 
Russian Foundation for Basic Research (RFBR) 
India: 
Department of Biotechnology (DBT) 
Department of Science and Technology (DST) 
China: 
Ministry of Science and Technology (MOST) 
National Natural Science Foundation of China (NSFC) 
South Africa: 
South African Medical Research Council (SAMRC) 
 
3. THEMATIC AREAS 
The COVID-19 pandemic caused by SARS-CoV-2 is one of the greatest global challenges, 
and as such warrants a global response. BRICS countries account for more than 25% of the 
world territory, more than 40% of the world population and play a vital role in the world 
econ",03/07/2020,18/08/2020
DST-JSPS Call for proposals 2020,"GOVERNMENT OF INDIA 
MINISTRY OF SCIENCE AND TECHNOLOGY 
DEPARTMENT OF SCIENCE & TECHNOLOGY 
 
INDIA-JAPAN COOPERATIVE SCIENCE PROGRAMME (IJCSP) 
CALL FOR PROPOSALS-2020 
 
 
DEADLINE DATE FOR SUBMITTING PROPOSALS: 2nd September, 2020 
The Department of Science and Technology (DST), Ministry of Science & 
Technology, Government of India, New Delhi and the Japan Society for the 
Promotion of Science (JSPS) conduct the India-Japan Cooperative Science 
Programme (IJCSP) to promote bilateral scientific collaboration between Indian and 
Japanese scientists. Applications are invited from eligible Indian researchers 
/scientists to submit proposals for Joint Research Projects and Joint 
Workshops/Seminars under IJCSP.  
 
I.  Areas of cooperation: The support is available to the following scientific areas: 
 
 (a) Physical Sciences 
(b) Chemical Sciences  
(c) Life Science & Agriculture 
(d)  Mathematics & Computational Science 
(e) Astronomy & Earth Science 
(f)  Materials & Engineering 
(g) COVID-19 related (preventive technologies, Artificial Intelligence applications, 
Screening and diagnostic testing) 
 
 
II. Who can apply:  
 The joint application must include one Indian and one Japanese Principal 
Investigators, who would be responsible for technical as well as administrative 
co-ordination of the project and its periodic scientific and financial reporting to 
the DST/ JSPS respectively.  
 The Principal Investigator (PI) and other investigators in India should be 
scientists/ faculty members working in regular capacity in UGC recognized 
Universities/ Deemed Universities/ Academic Institutes and National Research & 
Development Laboratories/ Institutes. It is preferred that a member of the project 
team may be designated as Co-PI.  
 The Japanese PIs must be full time researchers employed at Universities or 
other research institutions recognized by JSPS. Further details in respect of 
Japanese participants JSPS website (www.jsps.gov.jp) may be referred to.   
",21/07/2020,02/09/2020
India-EU Joint Call on Integrated Local Energy Systems,"Indo-EU Integrated Local Energy Systems  
 
FREQUENTLY ASKED QUESTIONS 
 
1. What is the opening and closing dates of call for proposals? 
 
The opening date is 5th May 2020 and closing on 1st September 2020 - 17h00 –
Brussels Time(= 21h30 Indian Standard Time (IST)) for both EU and Indian 
applicants. 
 
Note: Last date for submission of proposal inDST Portal (e-PMS portal)is 3rd 
September, 2020. Please refer Question No. 33 for more details. 
 
2. What is Technology Readiness Level (TRL)? 
 
Technology Readiness Level (TRL) scale is a means for measuring or indicating the 
maturity of a given technology/product/process at the beginning of the project. 
 
3. What is the Technology Readiness Level expected for this call? 
 
In this call, ‘entry point’ TRL should be 3 (experimental proof of concept) and a goal for the 
endof the projectshould achieve a higher TRL between 5 to 8, i.e. looking for a more 
applicative solution. 
 
This means that this call is not appropriate for R&D-intensive projects, typical of 
products positioned in lower TRL levels. 
 
4. How to self-assessand declare TRL? 
 
The TRL assessment process begins with a meticulous check of the various TRL levels 
and definitions. The TRL scaleis defined in Annex G of the Grant Agreement. 
 
5. What impact is expected from the project proposals? 
 
The supported projects are expected to contribute to all the following impacts:  
 
 
Validate solutions for decarbonisation of the local energy system while ensuring a 
positive impact on the wider energy infrastructure, on the local economy and 
local social aspects, and local air quality;  
 
Enhance the involvement of local energy consumers and producers, preferably by 
creating energy communities in the development and the operation of local 
energy systems and test new business models;  
 
Validate approaches, strategies and tools to safely and securely operate an 
integrated local energy system across energy vectors (electricity, heating, cooling, ",05/05/2020,03/09/2020
Invitation of proposals for PURSE scheme,"                Ministry of Science & Technology 
             Department of Science & Technology 
            (R&D Infrastructure Division) 
        “Promotion of University Research and Scientific Excellence– 2020” 
Proposals are invited online for consideration of support under the Scheme “Promotion of University 
Research and Scientific Excellence” (PURSE), DST Government of India. The main objective of the 
scheme is to provide support for strengthening the R&D base of the performing Universities in the 
country. 
Nature of Support: The Scheme will provide the support to acquire research facilities, research man-
power cost, acquiring research consumables, funds for travel, organizing workshops and conferences, 
contingencies and maintenance of the facilities. Universities are encouraged to harness their areas of 
excellence into an inter-disciplinary thematic effort of an accomplished team, with clearly articulated 
objectives. Proposals towards individual R&D support would not be accepted under this Scheme.        
The synergy and focus of research may preferably be aligned to National Missions/ priorities. 
Duration: The duration of support for each PURSE Project will be for a period not exceeding 4 
years. 
 
Eligibility: The Scheme is exclusively for the University sector. Other academic Institutions/      
IITs/NITs/IISERS/Colleges are not eligible to apply under the Scheme. UGC Recognized Central 
Universities/ State Funded Universities/Deemed Universities and Private Universities are eligible to 
apply under the Scheme. The eligible university should not have received major funding from UGC or 
government major funding of more than Rs 10.0 crores in the last 5 years, or should not have received 
support under SAIF/ SATHI or PURSE program of DST in the last 10 years from the date of sanction 
order. All other agency-based Universities are excluded from the scope of PURSE support. Private 
Universities should contribute 50 % of the total recommended suppo",21/08/2020,15/10/2020
Call for proposals for BDTD Programme of TDT Division,"GENERAL INFORMATION AND FORMAT 
  
 
 
FOR ONLINE SUBMISSION OF PROJECT PROPOSALS 
FOR FINANCIAL ASSISTANCE 
 
 
 
 
 
 
 
 
 
 
 
 
 
 
BIOMEDICAL DEVICE AND TECHNOLOGY DEVELOPMENT PROGRAMME 
 
 
 
 
 
 
 
 
 
 
 
 
GOVERNMENT OF INDIA 
MINISTRY OF SCIENCE & TECHNOLOGY 
DEPARTMENT OF SCIENCE & TECHNOLOGY 
TECHNOLOGY BHAVAN, NEW MEHRAULI ROAD, 
NEW DELHI – 110 016 
 
GENERAL INFORMATION 
 
 
Department of Science and Technology has initiated a programme on Biomedical 
Device and Technology Development (BDTD) during 2016. Department was earlier 
supporting development of instruments for Medical and Healthcare applications through  
Instrumentation Development Programme. BDTD has been evolved considering the  
concern of medical device industry for R&D to develop new innovative products as per  
global standards. The mandate of BDTD is to evolve and support projects for design & 
development of devices for: 
a) Early-Stage Prototype Development: (The integration and testing of basic 
components in a laboratory environment) 
b) Late-Stage Prototype Development (Fabrication of compact prototype for 
testing and validation) 
c) Pilot Scale Testing and validation: (Upon completion of the technology’s 
design, fabrication final testing with limited number of prototypes) with 
mandatory (manufacturer) industry participation. 
The focus of DST- BDTD will be on development of devices and related  
technolgies. The targeted categories include screening, diagnostic, surgical and life  
support equipments for clinical applications in healthcare sector.  
 
WHO CAN SUBMIT PROJECT PROPOSALS 
The Project Proposal could be submitted for financial support by scientist/ engineers/ 
technologists working in Universities and other academic institutions; R&D institutions/ 
laboratories having adequate infrastructure and facilities to carry out R&D work.  
 
Financial support is provided only for temporary staff salaries, equipment, consumables, 
domestic travel and other miscellaneous it",07/09/2020,15/10/2020
Call for proposal for Biomedical Device and Technology Development Programme under TDT programme,"1 
CALL FOR PROPOSALS 
For 
 
under 
(TECHNOLOGY DEVELOPMENT PROGRAMME) 
 
 
 
 
 
Department of Science and Technology has initiated a programme on Biomedical 
 Device and Technology Development (BDTD) during the year, 2016. BDTD has been 
evolved considering the concern of medical device industry to develop new innovative 
products as per global standards. The focus of DST- BDTD is on development of devices and 
related technologies. The categories listed for support include under this call include: 
a) Late-Stage Prototype Development (Fabrication of compact prototype for 
testing and validation) 
b) Pilot Scale Testing and validation: (Upon completion of the technology’s 
design, fabrication final testing with limited number of prototypes) with 
mandatory (manufacturer) industry participation. 
 
IDENTIFIED AREAS 
 
Following areas have been identified for development of innovative devices: 
 
1. Medical devices for early detection of women’s diseases  
 Breast cancer detection using non-invasive, non-ionizing radiation techniques  
 Ovarian diseases, ovarian cancer, polycystic ovary syndrome, endometriosis, 
cancers of uterus and cervix. 
 Early detection of various common cartilage and bone diseases. 
2. Maternal health panel 
 Devices that monitor maternal health issues including – Anaemia, Folic acid 
deficiency, Gestational diabetes, Hypertension, Pre-eclampsia, Eclampsia, 
Urinary tract infections etc. 
3. Devices related to brain monitoring and non-invasive gadgets used during surgery or 
treatments. 
4. Point-of-care devices for diagnosis of viral diseases.  
 Respiratory illnesses, including Corona virus, Influenza 
virus and Respiratory Syncytial virus (RSV) infections 
 Diarrhoeal diseases, including Rota virus infections 
 Liver diseases by hepatotropic viruses including Hepatitis A, B, C and 
E 
 Vector-borne viral illnesses, including Dengue, Japanese encephalitis,  
Chikungunya 
Last Date of Submission: 30thOctober, 2020 
BIOMEDICAL DEVICE",15/10/2020,30/10/2020
Call for Proposals for establishment of Women Technology Parks,"  
 
 
 
 
 
 
Government of India 
                    Ministry of Science and Technology 
  Department of Science and Technology 
Science and Technology(S&T) 
 for Women Scheme 
 
 
 
 
 
 
CALL FOR PROPOSALS FOR ESTABLISHMENT OF WOMEN TECHNOLOGY 
PARKS AS A VEHICLE FOR ECONOMIC REGROWTH IN POST PANDEMIC 
CONDITIONS 
Science & Technology for Women Scheme was launched for empowering women through 
inputs of S&T to strengthen their position in the society. Under the scheme proposals are 
being invited for the Women Technology Parks, the details are given below: 
Women Technology Parks (WTP): Are envisaged to act as a resource centre where all 
necessary support is made available to women from a single platform for providing training, 
capacity building in various technologies, providing livelihood opportunities and improving 
the quality of life of the women by reducing their drudgery, better resource management 
through value addition, etc.  
 
As per the UN-Women reports (From Insight to Action) due to COVID-19 pandemic the 
gender and economic inequalities have widened, more women have lost their jobs or 
businesses as a result of COVID-19 (25 per cent of women vs. 21 per cent of men). Women 
are typically paid less and more vulnerable to losing their jobs in the present circumstances. 
The aim of this call is to attain local self reliance of women for economic re-growth during 
Post COVID-19 scenario. Preference will be given to areas rural and peri-urban areas( 
districts, blocks) in states like Jharkhand, Odisha, Bihar, Chhatisgarh, Uttar Pradesh, West 
Bengal, North-Eastern states and aspirational districts having sizable population of reverse 
migrant women, who have gone to their native villages and would like to empower through 
Women Technology Parks. 
OBJECTIVES: 
Women Technology parks are supported under the “Science & Technology for Women 
Scheme” with the following broad objectives: 
 
For development and adaptation of innovative bouquet of technolo",24/09/2020,31/10/2020
DST Jointly launches Accelerating CCUS Technologies (ACT) Call," 
 
 
 
 
 
 
 
ACT Third Call 
Published 2 June 2020 
(12:30 CEST) 
 
 
 
 
 
 
 
 
 
 
 
 
This is Version 4 of the ACT Third Call 
Version 1 was published 2 June 2020 at the ACT web site, http://www.act-ccs.eu/calls 
 
Version 2 was published 25 June 2020 at the ACT web site. 
Changes from version 1 to version 2: The French budget was increased to € 2 million and 
Agence Nationale de la Recherche (ANR) was included as funding organization. 
 
Version 3 was published 20 July 2020 at the ACT web site. 
Changes from version 2 to version 3: India was included in the ACT3 call. 
 
Version 4 was published 28 July 2020 at the ACT web site. 
Changes from version 3 to version 4: Italy was included in the ACT3 call. 
ACT 3 
Call Text 
Page 1 of 75 
ACT – Accelerating CCUS Technologies 
 
 
ACT joining forces for implementation of CCUS 
 
Introduction 
 
Accelerating CCUS Technologies (ACT) is an initiative to facilitate the emergence of CO2 Capture, 
Utilisation and Storage (CCUS) via transnational funding of projects aimed at accelerating and maturing 
CCUS technology through targeted innovation and research activities. This document establishes the 
terms of the third ACT call for proposals. 
 
To date there have been two ACT calls, the first (in 2016) was an ERA-Net Cofund which mobilised funds 
from participating partners and the European Commission and the second call (in 2018) was funded by 
participating national funding agencies only. 
 
 
ACT1 - The First Call for ERA-Net Cofund Proposals 
 
The first ACT call (ACT1), saw a total of ten partners from nine European countries join forces and together 
with top-up funding from the European Commission they made available €37 million for research and 
innovation actions related to CCUS. There were eight projects funded under the first call. 
The following countries participated in the first ACT call: Norway (coordinator), Germany, Romania, Spain, 
Switzerland, the Netherlands, Turkey and the United Kingdom. In addition",06/08/2020,10/11/2020
"Call for Proposals for Device Development Programme: Extended Last Date of Submission: 15th November, 2020","GENERAL INFORMATION AND FORMAT 
FOR SUBMISSION OF PROJECT PROPOSALS 
FOR FINANCIAL ASSISTANCE 
for 
under
(TECHNOLOGY DEVELOPMENT PROGRAMME) 
GOVERNMENT OF INDIA 
MINISTRY OF SCIENCE & TECHNOLOGY 
DEPARTMENT OF SCIENCE & TECHNOLOGY 
TECHNOLOGY BHAVAN, NEW MEHRAULI ROAD 
NEW DELHI – 110 016 
DEVICE DEVELOPMENT PROGRAMME 
Extended Last date of submission: 15th November, 2020
e-PMS online link:  https://onlinedst.gov.in/
2 | P a g e
GENERAL INFORMATION 
The Department of Science & Technology (DST) under its Device Development Programme 
has been promoting and supporting activities related to indigenous development of selected 
devices in the country. During recent past, DST has supported the development of 
instruments/devices etc. at various R&D institutions/universities. This has resulted in 
development of these instruments and subsequent transfer of know-how to various production 
agencies for their commercial production.  
IDENTIFIED AREAS: 
Following areas have been identified and project proposals may be submitted for 
development of device in the following areas: - 

Analytical/ Testing/ Measuring/ Monitoring devices/instruments

Food Processing/adulteration detection devices

Environmental monitoring devices/ Early warning Systems

Development of sensor based devices for disaster risk reduction and
management (related to Natural, Climate, Agriculture, Chemical, biological etc.

Drone/ Anti drone related devices development for useful applications.
WHO CAN SUBMIT PROJECT PROPOSALS 
The Project Proposal could be submitted for financial support though ONLINE MODE 
ONLY by regular Scientists/ Engineers/ Technologists working in Universities and other 
Academic institutions; R&D institutions/ laboratories having adequate infrastructure and 
facilities to carry out R&D work. The PI(s) should have relevant experience as evident 
from previous prototype commercialization or development or practical experience in the 
chosen area/topic with field knowledge. 
Finan",15/09/2020,15/11/2020
"DST-NWO relaunches ""Cleaning Ganga and Agri Water"" Call with revised timelines"," 
Cleaning the Ganga and 
Agri-Water  
Cooperation India – The Netherlands   
 
 
 
 
 
A Collaborative endeavor of 
WATER TECHNOLOGY 
INITIATIVE 
Affordable Technological 
Solutions 
For Water Challenges 
New Delhi,  August 2020                                     
1 
Chapter Error! Use the Home tab to apply Kop 1 to the text that you want to appear here.: Error! Use the 
Home tab to apply Kop 1 to the text that you want to appear here. / Cooperation India-The Netherlands 
Call for proposals    
 
 
 
 
Contents 
1 Introduction 
2 
1.1 Background 
2 
1.2 Available budget 
2 
1.3 Deadline for submissions 
2 
2 Aim 
4 
2.1 Thematic focus 
4 
2.2 Specific project requirements 
7 
3 Guidelines for applicants 
11 
3.1 Who can apply 
11 
3.2 What can be applied for 
14 
3.3 When can applications be submitted 
15 
3.4 Preparing an application 
15 
3.5 Conditions on granting 
16 
3.6 Submitting an application 
20 
4 Assessment procedure 
22 
4.1 Procedure 
22 
4.2 Criteria 
24 
5 Contact details and other information 
27 
5.1 Contact 
27 
6 Annexes 
28 
6.1 DST Budget Sheet 
29 
6.2 DST Funding specifications 
30 
6.3 Format Letter of Commitment 
32 
6.4 Conflict of Interest policy (DST) 
36 
6.5 
Format for Full Proposal 
40 
 
 
 
 
2 
Chapter Error! Use the Home tab to apply Kop 1 to the text that you want to appear here.: Error! Use the 
Home tab to apply Kop 1 to the text that you want to appear here. / Cooperation India-The Netherlands 
1 Introduction 
 
1.1 Background 
There is a long history of scientific collaboration between India and the Netherlands. The Dutch 
Research Council (NWO), through the Merian Fund1, and the Department of Science and 
Technology (DST) aim to further stimulate long term research collaboration between their two 
countries by funding joint research, to strengthen the international position and global impact of 
their research. Funding is provided for interdisciplinary and transdisciplinary consortia of Indian and 
Dutch research groups an",03/08/2020,26/11/2020
"Call for Project Proposalsunder the Waste Management Technologies Program: Extended Last Date of Submission: 30th November, 2020"," 
 GOVERNMENT OF INDIA  
MINISTRY OF SCIENCE & TECHNOLOGY  
DEPARTMENT OF SCIENCE & TECHNOLOGY  
 
Call for Project Proposals under the Waste Management Technologies Program 
 
The Department of Science & Technology (DST) has initiated a technology development 
program in the name of “Waste Management Technologies (WMT)” during 2015 aligning to 
Swachh Bharath Abhiyan. Waste Management encompass a variety of interventions in the 
generation, prevention, characterization, monitoring, treatment, handling, reuse and ultimate 
residual disposal of solid wastes.  The program aims to promote the development of suitable 
technologies with potential to ameliorate the environmental load from the huge amount of 
residuals generated by industrial development and consumption lifestyle.  The objectives of WMT 
includes (i) Take stock of technological development, assess, analyse and look for material 
recycling systems with low environment loading and improve upon them or find better 
alternatives (ii) Develop waste management technologies that can be adopted in small & medium 
scale enterprises in order to improve their productivity and global competitiveness (iii) Establish 
techno-economic feasibility of proposed methodologies/ technologies.  
DST is inviting proposals in the following specified areas of solid waste for financial support  
S.No. 
Thrust areas 
PART-A 
1 
Treatment and possible reuse of fouled membranes   
2 
Smart/AI system for operation and maintenance of waste treatment systems 
3 
Methods for recycling C&D waste including non-concrete part 
4 
Agricultural waste management – Stubble management, including Bamboo processing 
waste- value added products, silica extraction, etc, (Non-biological)   
5 
Technologies for Biomedical waste management including Ayurveda hospitals 
6 
Management of plastics and non-recyclable packaging material   
7 
Industrial Hazardous & non-hazardous Wastes, including Steel Industry and Mining 
Waste 
8 
Recycling of dredging mate",22/09/2020,30/11/2020
Call for Proposal for DST-NGP Summer/ Winter School in Geospatial Science and Technology sub-scheme under National Geospatial Programme (NGP): Date extended till 19th December 2020," 
 
A capacity building  initiative  of  the National Geospatial Program (NGP), Department of 
Science and Technology, Government of India 
                  Summer / Winter Schools  in  Geospatial Science and Technology 
                  
CALL FOR PROPOSALS (2021-2023) 
 
 
 
In India’s recent journey of sustainable economic growth, knowledge has been identified as one of the key drivers. In 
this odyssey, India has adopted a new information regime through its ‘Digital India’ program to support good gov-
ernance, sustainable development goals and empowerment of its citizens. The challenges of this developmental 
path are inclusiveness, transparency, efficiency and productivity while balancing economic growth and sustainable 
development. Over the last three decades, geospatial technologies have proven to be an effective enabler to meet 
these challenges. 
In India’s evolving geospatial ecosystem, the current fo-
cus in on improving the publicness in the provision of 
geospatial data and information through institutional 
strengthening for enhancing the performance of  organi-
zations.   In this context, developing technical capacity at 
the individual level, remains the key factor for the suc-
cess of this change process.   
Capacity refers to the ability of individuals and organiza-
tions to make and implement decisions and perform 
functions in an effective, efficient and sustainable man-
ner. Capacity building is an ongoing process and involves 
changing attitudes, imparting technical knowledge and 
developing skills while maximizing the benefits of partici-
pation, knowledge exchange and ownership. 
Capacity building initiatives of the National Geospatial 
Program (NGP) erstwhile NRDMS,  Department of Sci-
ence and Technology, Government of India 
Recognizing the above needs, the goal of the National 
Geospatial Program of the Department of Science and 
Technology, Government of India  is to  develop national 
capacity for geospatial science and technology dev",26/10/2020,19/12/2020
"National Innovation Challenge Awards for Designing and Developing Energy Storage Devices for Rural Household/ Enterprise Applications: Extended Last Date of Submission: 31st December, 2020","Department of Science and Technology 
Ministry of Science and Technology 
Government of India 
National Innovation Challenge Awards for Designing and Developing Energy Storage Devices for Rural 
Household/ Rural Enterprise Applications 
 
 
 
National Innovation Challenge Awards for Designing and Developing 
Energy Storage Devices for Rural Household/ Enterprise Applications 
1. Context 
 
In recent past, there is a rapid decline in the costs of renewable energy generation. For example, 
levelized solar energy costs in India are competitive or, in some cases, cheaper than the average cost of 
electricity for residential use. The adoption of renewable energy sources is therefore economically 
viable. Further, it has the potential to provide access to uninterrupted and clean electricity to almost all 
households of rural India. However, a major hurdle for the realization of the national dream of 
complete rural electrification is the absence of an economically viable energy storage solution that can 
be integrated with renewables, which are an intermittent energy sources. Cost effective and reliable 
integration of renewable energy withstorage is therefore essential to provide an uninterrupted 
electricity supply. 
2. Objective 
 
The objective of this grand challenge is to develop cost effective, viable and reliable solutions that can 
address the challenge of energy access through an energy storage system integrated with appropriate 
renewable energy source (s). 
 
3. Possible Technology Options 
 
As the biggest contributor to the cost of the proposed system is the energy storage component, this 
grand challenge seeks innovative solutions in the area of energy storage. Possible energy storage 
technologies of interest could include, but are not limited, to electrochemical energy storage such as 
second use Li-ion batteries, Ultra-capacitors, Advanced Pb-Acid Batteries, Flow batteries etc.; Fuel 
cells might also be considered if suitable locally sourced (from the s",03/06/2020,31/12/2020
"Call for proposal (short -term) for DST-NGP (erstwhile NRDMS) in Collaboration with AGNi, Office of the Principal Scientific Adviser on 'Geospatial Analytics for Revival and Restoring the Economic Growth in Post COVID-19 Scenario'","GOVERNMENT OF INDIA 
MINISTRY OF SCIENCE & TECHNOLOGY 
DEPARTMENT OF SCIENCE & TECHNOLOGY 
NATIONAL GEOSPATIAL PROGRAMME (NGP) 
 
 
Call for proposal (short -term) for DST-NGP (erstwhile NRDMS) in Collaboration with 
AGNi, Office of the Principal Scientific Adviser on Geospatial Analytics for Revival and 
Restoring the Economic Growth in Post COVID-19 Scenario 
 
Introduction 
The Department of Science & Technology under its National Geospatial Programme (erstwhile 
NRDMS) has been Promoting Geospatial Science and Technology, Policy, Solution, capacity 
building, entrepreneurship and International cooperation for sustainable socio-economic 
development at all levels of Governance. Since the start of the COVID-19 outbreak, Geospatial 
technology has emerged as key player in tracking and visualizing disease spread both in space 
and time. However, the COVID-19 outbreak will not have only short-term impact but also many 
long-term socio-economic effects as well. Thus, in this time of crisis, role of Geospatial 
information and technology during and Post COVID 19 phases should be in reviving various 
sectors of the Economy. 
With these objective in mind and to strengthen the area specific geospatial analytics capabilities 
of the country, this department in collaboration with Accelerating Growth of New India’s 
Innovations (AGNIi) initiative of Office of the Principal Scientific Adviser to the Government 
of India under the Prime Minister’s Science, Technology, and Innovation Advisory Council 
PSA office, invites short -term proposals from Geospatial start-ups and knowledge Institutions 
of the Country. The DST-AGNIi partnership advanced AGNIi’s mandate – to further 
strengthening the nation’s innovation ecosystem; in this case, within geospatial sector. 
 
Focus Areas 
Financial support will be provided to selected organization focusing on area specific spatial 
analytics (including techniques/demonstration etc.)  in the sectors of migration, employment 
generation (sp",04/12/2020,09/01/2021
Joint Call 2020 on Digital Transformation for Green Energy Transition (MICall20),"GOVERNMENT OF INDIA 
MINISTRY OF SCIENCE AND TECHNOLOGY 
DEPARTMENT OF SCIENCE AND TECHNOLOGY 
Technology Mission Division (EWO) 
 
Call inviting Proposals  
 
Trans-national Call on Digital Transformation for Green Energy 
Transition Launched 
DST is collaborating partner with Joint Programming Platform ERA-Net Smart Energy Systems (JPP SES) 
and Mission Innovation (MI) in the joint call on Digital Transformation for Green Energy Transition 
(“MICall20”). 
With the Joint Call 2020 on Digital Transformation for Green Energy Transition (“MICall20”) JPP SES in 
collaboration with MI announces a new call for global transnational projects. The available funds amount to 
21 million Euros. 
The Joint Call 2020 (“MICall20”) by accelerating the implementation, adaption and knowledge creation of 
digital solutions in energy systems and networks, supports the following objectives: 
 
Advance the green energy transition in all sectors of the energy system while ensuring security of 
supply 
 
Shaping new transnational business and investment opportunities by sector coupling and 
development of new value chains in innovative and cost-effective energy solutions, thereby 
creating new employment opportunities and contributing to the development of an environmentally 
sustainable financial growth 
 
Ensuring social sustainability and coherence with digitalisation in other sectors in the progression 
of the green energy transition 
The solutions shall contribute to identify and address critical challenges in the digitalisation process towards 
a green energy society. Projects are strongly encouraged to involve “need-owners” and relevant 
stakeholders in all project phases to maximise market acceptance and uptake within the development of 
technologies and solutions. Projects shall also consider adoption by addressing market and regulation 
topics and are highly encouraged to identify and involve need-owners in development. 
Funded Research, Development and Demonstration (RDD) pr",08/01/2021,17/02/2021
ACT Call 3 Stage 2: Call for shortlisted preproposals to submit full proposals,"                                                                                                             
 
 
Page 1 of 29 
 
 
 
Call for shortlisted 5 pre-proposals received against the ACT Call 3 to submit full 
proposal  
Dead line: 17.30 IST (13:00 -CET) on 15 March 2021  
 
Department of Science & Technology (DST) has participated in a multilateral ACT (Accelerating CCS 
Technologies) programme that is focused on accelerating CCUS technologies. Presently 13 countries are 
partnering and Research Council of Norway (RCN) is coordinating the overall platform.  This is the third 
call of the programme (ACT-3. Accelerating CCUS Technologies (ACT) is an initiative to facilitate the 
emergence of CO2 Capture, Utilisation and Storage (CCUS) via transnational funding of projects aimed at 
accelerating and maturing CCUS technology through targeted innovation and research activities.  
 
DST jointly launched the ACT-3 Call along with other partnering countries, the Canadian province of 
Alberta, Denmark,  Italy and Europe’s Nordic Countries via Nordic Energy Research joining forces with 
France, Germany, Greece, Norway, Romania, Switzerland, The Netherlands, Turkey, the United Kingdom, 
and the United States. The last date for submission of pre-proposals under the ACT Call 3 was 11th 
November 2020.  
 
Overall the call generated a good and uniform response from the partnering countries mobilising 91 
multilateral preproposals against the ACT Call 3 in total. India overall received 23 preproposals out of 
which India is the lead in 13 preproposals and is in partnership role in 10 preproposals involving overall 
50 Indian academicians, scientists and other stakeholders in the area of CCUS.  
 
After first level of joint evaluation 5 pre-proposals received against the ACT Call 3 with Indian 
lead/participation has been shortlisted for next level of evaluation and are requested to submit the full 
proposal by 17.30 IST (13:00 -CET) on 15 March 2021. Shortlisted pre-prop",08/01/2021,15/03/2021
Extension of Last Date for proposal submission under CSRI," 
Ministry of Science and Technology 
Department of Science and Technology 
 
Cognitive Science Research Initiative (CSRI) 
Call for Proposals - 2021 
Individual Research Proposal 
Cognitive Science Research Initiative (CSRI) is a unique program of Department of Science and 
Technology (DST) which aimed to revolutionize research in various fields such as,  
a) Nature and origin of mental disorders of psychological, social and neuro-chemical origin  
b) Design of better learning tools and educational paradigms; and  
c) Design of better cognition based software technologies and devices, among others. 
Proposals in the following thrust areas with focus on translational research are invited: 
Thrust Areas: Cognitive Science Research Initiative is an interdisciplinary research programme 
that incorporate proposals from multifaceted areas like emotions, language, memory, visual 
perception and cognition, thinking & reasoning, social cognition, decision making, artificial 
intelligence, computational modeling of cognitive processes, psychology, cognitive development 
and other important components derived from work in neurosciences, philosophy, linguistics, 
anthropology, etc.  
Who can apply: Scientists/academicians with research background in Cognitive Science and 
having regular position are invited to submit research proposals in above mentioned areas 
under CSRI. 
Project duration: The project is tenable for a maximum period of three (3) years. 
Multi-Centric Research Proposal on specific themes 
Objective: CSRI-Multi-Centric Research (CSRI-MCR) aims to bring scientists of different 
expertise at single platform to conduct inter-disciplinary research and provide focussed 
solution of a problem in prescribed thematic areas with a significant impact on society. 
Themes: The proposal should be submitted on following themes: 
1. Educational neuroscience including language literacy and mathematical skills in children 
and devices and tools for better learning; neurodevelo",15/02/2021,15/03/2021
Indo-Italian call for proposals- date extended till 30th April 2021,"1 
 
 
 
 
INDIA-ITALY 
JOINT SCIENCE AND TECHNOLOGY COOPERATION 
CALL FOR JOINT PROJECT PROPOSALS FOR THE YEARS 2021-2023 
EXTENDED CLOSING DATE: [30th April 2021] 
For India: [18.00 hrs] 
For Italy: [14.00 hrs] C.E.S.T. (Central European Summer Time) 
 
 
Within the framework of the Agreement on Scientific and Technological Cooperation between the 
Republic of India and the Italian Republic, signed in New Delhi on 28th November 2003 and 
entered into force on 3rd November 2009, the Department of Science and Technology, Ministry of 
Science & Technology, Government of India and the Directorate General for Economic and 
Cultural Promotion and Innovation – Office IX of the Italian Ministry of Foreign Affairs and 
International Cooperation (hereafter referred to as “the Parties”) initiate herewith the procedures 
for the drafting of the Executive Programme for Scientific and Technological Cooperation for the 
three-year period 2021–2023 (hereafter referred to as “the Executive Programme”). 
 
GENERAL INFORMATION 
  
FUNDING SCHEMES 
  
With regard to the present call three funding schemes are available:  
1 “Mobility of Researchers”:  joint research projects where only the expenses for 
researchers’ mobility are funded by both Parties.  
2 “Significant Project”:  joint research projects where research activities are co-funded by 
both Parties.  
3 ""Networks of Excellence"", co-funded by both parties and aimed at creating long-term 
sustainable interactions between multiple Italian and Indian Research institutions, based 
on existing infrastructure, with significant impact on one priority research area 
 
Each PI must submit only one proposal and can apply to only one funding scheme, either (1) 
Mobility of Researchers, or (2) Significant Projects, or (3) Networks of Excellence, under penalty 
of exclusion from the Call for multiple submissions. Further details on each funding scheme, 
including priority research areas, are given below. 
 
 
 
 
 
2 
 
ELIGIBILITY REQUI",15/02/2021,30/04/2021
India-Sweden Collaborative Industrial Research & Development Programme 2020 on Smart Grid," 
 
India-Sweden Collaborative Industrial Research & 
Development Programme 2020 
on 
“Smart Grid” 
 
Request for Proposal (RFP), Common Application Form 
& 
Guidelines for Indian Participants 
 
 
 
 
 
 
 
 
 
 
 
 
Table of Content 
 
 
 
1. Application Guidelines 
1-19 
2. Common Application Form 
20-28 
3. Guidelines for Indian Participants 
29-51 
1 | P a g e 
India –Sweden RFP 2020: Guidelines for Application 
 
 
 
 
 
India-Sweden Collaborative Industrial Research & Development Programme 2020 
Application Guidelines 
 
 
Name of the 
Programme 
 
India-Sweden Collaborative Industrial Research & Development Programme- Request for 
Proposal (RFP) 2020 
 
[Between Department of Science & Technology (DST), Government of India and Swedish Energy 
Agency, Sweden] 
 
Important 
Dates 
Announcement Date of Request for Proposal (RFP): November 27, 2020 
Closing date of RFP 
: May 20, 2021 
For Swedish Energy Agency, before 24:00:00 CET 
For DST, before 24:00.00 IST 
Announcement of Results: During November 2021 
 
Who Can 
Apply? 
Eligible Indian Applicants  
• 
The Indian Project Coordinator (IPC) must be a commercial (for profit) company under the 
Indian Companies Act 1956/2013, which operates in and is headquartered in India. The Indian 
Project leader must be employed at the IPC. 
• 
At least 51% stake of the IPC Company must be owned by Indian citizens. 
• 
The IPC should have the required expertise and team capacity to manage the proposed project. 
• 
Sole proprietors and partnership firms are not eligible for support under this programme. 
• 
Companies headquartered and owned outside India and their subsidiaries in India, or vice versa, 
are not eligible to apply as Indian applicant and/ or receive funding from DST under this 
programme. 
• 
IPC should lead the project from Indian side and if required bring in other Industry Partners 
and/or Academic/R&D Institutions (including not-for-profit research institutes recognised by 
DSIR/ registered at DARPAN port",27/11/2020,10/06/2021
Indo-Russia joint Research Call 2021,"Indo-Russian Joint Research 
Call for Proposals 2021 
DEADLINE DATE 15th June 2021 
 
 
Department of Science & Technology (DST), Government of India and Russian 
Science Foundation (RSF) have concluded a Programme of Cooperation (POC) for 
funding of Joint Research Proposals in India and Russia in the areas of Basic Science. 
Under this POC, each project will receive annual funding of up to equivalent of US 
$ 100,000 in respective national currencies. 
 
DST and RSF invite active Indian and Russian scientists / researchers to submit 
proposals for Joint Research Project in the following areas under DST- RSF cooperation: 
 
(1) 
Smart transport and telecommunications; 
(2) 
Smart healthcare and medicine; 
(3) 
New Materials; 
(4) 
Plant and Animal Bio-Technology; 
(5) 
Clean Energy; 
(6) 
Artificial Intelligence; 
(7) 
Safe Food; 
 
Proposals submitted in other research areas will not be considered. 
Terms of the project grant 
 
The duration of each project is three years. 
 
Project on each side to be implemented by a project team consisting of at least 4 
members and maximum up to 10 members and should consist of min 50% of young 
scientists/faculty (below 39 years). 
 
Indian PIs should be scientists/faculty members working in a regular capacity in   
universities, 
academic 
institutes 
and 
national 
research 
and 
development 
laboratories/institutes. The Indian Principal Investigator (PI) should not be retiring or 
leaving the parent institute during the proposed duration of the project. 
 
Project coordinators on both sides must have published at least 10 research articles 
in SCI indexed journals in last 5 years. 
 
It is expected that each supported project would result in to at least 10 research 
publications in SCI indexed journals. 
 
The Indian and Russian team leaders should submit identical application to 
respective nodal agency, upon consultations, using the respective forms prescribed 
by DST and RSF. Applications submitted by one side onl",15/03/2021,15/06/2021
Call for proposal for DST-NGP (erstwhile NRDMS) in  'Geospatial Technology Development',"GOVERNMENT OF INDIA 
MINISTRY OF SCIENCE & TECHNOLOGY 
DEPARTMENT OF SCIENCE & TECHNOLOGY 
NATIONAL GEOSPATIAL PROGRAMME (NGP) 
 
 
Call for proposal in Geospatial Technology Development 
 
Introduction 
The Department of Science & Technology under its National Geospatial Programme (earlier 
NRDMS) has been catalyzing various components of the National Geospatial Ecosystem viz.  
Geospatial Science and Technology, Policy, Solution, capacity building, entrepreneurship and 
International cooperation for sustainable socio-economic development at all levels of 
Governance. 
With this vision in mind and to strengthen various domains of geospatial Technological 
capabilities of the country, this department invites proposals from geographically well distributed 
organizations for development of Geospatial technologies.  
 
 
Focus Areas* 
Financial support will be provided to selected organization focusing on geospatial technology 
development (including establishment of Project Monitoring Units -PMUs) in the sectors of 
Geospatial Data Capture / gathering, Data Management and Data Processing Technologies etc. 
The details are as follows (only indicative): 
 
A. Geospatial Data Capture and Gathering Technologies  
• Accuracy Standards for Digital Geospatial Data 
• Spectral signature repository 
• Integration of data from multiple GS sources 
• High-Definition Maps, Imaging and Videography 
• Hyperspectral multi-platform data capture system development  
• Multi-sensor Vehicle-borne including Laser Mapping System 
• Biometric based data capture. 
• Robotics data acquisition systems 
 
 
B. Geospatial Data Management Technologies  
• Adoption of Improved Open Source Data Management Technologies 
• Internet of Things (IoTs) 
• Use of Artificial Intelligence, Machine Learning, Deep Learning 
• Drone Mapping in Geospatial Technologies 
 
C. Geospatial Data Processing Technologies   
• Geospatial Big data analysis 
• Enhancement in processing speed of different processes of dat",15/05/2021,30/06/2021
NIDHI ACCELERATOR call,"1 
DST - NIDHI Accelerator Program  - call for proposal. 
 
1. About the Project 
 
To promote and strengthen Science & Technology Entrepreneurship, the NSTEDB, DST has been 
funding various programmes and projects on a regular basis. NIDHI Accelerators are positioned as post-
incubation initiatives linked with the existing incubators to supplement, complement the scaling up of the 
start-up value chain. 
 
NSTEDB, DST would encourage its existing TBIs and other incubators to extensively adopt and evolve 
the accelerator model. NIDHI Accelerator is aimed to help aspiring entrepreneurs in the country, 
including the ventures already being incubated at TBIs, to be guided in a rigorous and more structured 
manner, through a deep mentoring process and access to funding and market networks. NIDHI 
accelerators are positioned for accelerating startups that have made significant progress in terms of market 
validation and are at the growth and scale-up stage. 
 
Therefore, to run this programme it is proposed to provide funding support upto INR. 40 lakh for 
conducting acceleration programs for startups to existing TBI’s and incubators supported/funded by DST 
or any other government agencies. Proposals are invited for the above program. 
 
2. Who are eligible:  
This programme will be mainly conducted by various TBIs and incubators  which are  
- 
TBIs previously funded or currently funded by DST or any other central or state government 
agencies are eligible to apply, with a minimum 3 years in existence, having nurtured and 
incubated at least 20 startups in multiple domains. 
 
3. DST- NIDHI ACCELERATOR PROGRAM: 2021-22: Call for Proposals 
Proposals are invited from eligible TBIs and incubators interested in conducting above programme during 
the financial year 2021-22 under the aegis of NSTEDB, Department of Science & Technology, 
Government of India. Interested eligible TBIs and incubators need to submit proposals as per the 
prescribed 
format 
uploaded 
on 
the 
we",24/06/2021,15/07/2021
"SERB, IRHPA call for establishing Centres on AI-based Earth Systems Modeling","Science and Engineering Research Board (SERB) 
 
IRHPA call for establishing 
 
SERB Centres on AI-based Earth Systems Modeling 
 
 
About IRHPA: Intensification of Research in High Priority Areas (IRHPA), a legacy scheme of 
SERB has contributed significantly to augment general R&D capabilities, by setting up of Core 
Groups, Centre of Excellence (CoEs) and National Facilities in frontline and emerging fields of 
science & engineering. The scheme has been effective in supporting disruptive scientific ideas, to 
establish strong S&T foundations for the nation and at the international scientific landscape.  
 
Background: The field of Earth Sciences and its allied multidiscipline - Geosphere, Biosphere, 
Hydrosphere, 
Cryosphere, 
and 
especially 
Atmosphere 
has 
undergone 
phenomenal 
transformations during last six decades. These changes have occurred on account of new 
knowledge obtained through modern observation techniques (satellites, radars, etc.), 
communication, coupled with advances in computer technologies. The advent of high 
performance computing has enabled scientists to create more realistic and complex Earth System 
Models (ESM). We have also witnessed the rapid worldwide socio-economics expansion, with 
anthropogenic forcing pushing the boundaries of sustainable development; and thus the 
consequent need of integrating research effectively in these multi-disciplines. Globally, the 
collaborators from these different yet highly connected disciplines are making efforts to do so. 
However, to be able to do an effective inter-disciplinary science has been really a challenge.  
 
Weather and climate prediction encompasses high dimensionality, variability, interactions on 
many different spatial and temporal scales and dynamic chaos, especially in tropical region we 
live. This makes many complex processes unresolvable despite the state-of-the-art numerical 
operational models, and hence insufficient for many applications. Besides, global weather 
forecas",27/05/2021,23/07/2021
"Call open for inviting Applications for Selection of Women for Training on ""IPR and Related Matters"" under 12th Batch of Women Scientists Scheme (WOS-C) of WISE-KIRAN Division",,03/07/2021,31/07/2021
"Status of applications for the post of Mission Director, NM-ICPS in DST",,10/08/2021,10/08/2021
"Advanced Hydrogen and Fuel Cell Programme (AHFC) - Date extended till 15 August, 2021"," 
 
 
GENERAL INFORMATION AND FORMAT 
 
FOR SUBMISSION OF PROJECT PROPOSALS 
FOR FINANCIAL ASSISTANCE 
 
For 
 
 
 
 
Under 
(TECHNOLOGY MISSION DIVISION- Energy, Water & Others) 
 
Focuses on R &D, D of hydrogen and fuel cell technologies across 
multiple sectors enabling innovation, a strong domestic economy, and 
a clean, equitable energy future. 
 
 
 
 
GOVERNMENT OF INDIA 
MINISTRY OF SCIENCE & TECHNOLOGY 
DEPARTMENT OF SCIENCE & TECHNOLOGY 
TECHNOLOGY BHAVAN, NEW MEHRAULI ROAD 
NEW DELHI – 110 016 
ADVANCED HYDROGEN AND FUEL CELL PROGRAMME 
 ADVANCED HYDROGEN AND FUEL CELL PROGRAMME 
Last Date of Submission: 15th August, 2021 
2 | P a g e 
 
GENERAL INFORMATION 
 
 
The Department of Science & Technology (DST) under its Advanced Hydrogen and Fuel 
cell Programme is promoting and supporting activities related to indigenous development of 
new and existing material in large quantities, catalysts, membrane, components for fuel 
cells, electrolysers, hydrogen storage materials, materials for type IV cylinders and 
prototypes for implementation of various applications of hydrogen and fuel cell in the 
country.  
 
The objective is to address the several other challenges in the entire hydrogen pathway like: 
 Low cost green hydrogen production at a reasonable scale for wide-range and 
utilization in India to enable resiliency of the power generation and transportation 
sectors, while also aligning domestic industries, domestic competitiveness and job 
creation. 
 Approaches include hydrogen production from water splitting, such as electrolysis, 
photo-electrochemical cells, or solar thermochemical systems. The primary uses of 
hydrogen today are in the oil refining and ammonia industries. Other emerging 
applications include fuel cell vehicles, metals refining, and synthetic natural gas 
production. 
 Infrastructure requirements for hydrogen to be delivered to the point of end-use, like 
dispenser at a refuelling station or stationary power site. Infrastructure ",04/06/2021,15/08/2021
India-Australia joint call under AISRF - Round 14," 
CALL FOR PROPOSAL 
AUSTRALIA-INDIA STRATEGIC RESEARCH FUND (AISRF) – Round 14 
The Indo-Australian S&T Fund is jointly managed by the Australian Government’s 
Department of Industry, Innovation and Science and the Government of India’s 
Department of Science and Technology (DST). As per the Agreement between the 
Government of Australia and the Government of Republic of India on Co-operation in 
the fields of Science and Technology on 15 October 1986, the Department of 
Industry, Science, Energy and Resources (DISER) of the Australian Government 
and Department of Science and Technology (DST) have decided to continue the 
collaboration and launch a joint call of Round 14. 
The priority areas for collaborative research projects in Round Fourteen of the Indo-
Australian S&T Fund are: 
 Quantum technologies 
 Earth observation remote sensing 
 Groundwater resources management 
 Downstream processing, recycling and tailings reclamation of critical 
minerals 
 
The call for applications for Round Fourteen will open from 1st July 2021 to 31st 
August 2021. 
 
Submission of  application: 
 
To submit a proposal to DST:  
 All documents and forms required for a project application are accessible at 
www.onlinedst.gov.in 
 The Indian researchers can download the proposal formats from websites 
www.dst.gov.in/www.onlinedst.gov.in 
 
and 
should 
submit 
completed 
application form and all relevant information. 
 All project applications must be submitted in the prescribed format of 
DST. Application submitted in Australian side format will not be 
acceptable. 
 The deadline for the submission of proposals is 31st  August 2021.  
 Proposals must be submitted to DST through the e-application system ONLY 
provided at www.onlinedst.gov.in.  
 In addition, Indian Applicants are also requested to send the soft copy of the 
proposal through e-mail to ujjwala@nic.in by 31st  August 2021.  
 It should be ensured that application with identical title has been submitted by ",01/07/2021,31/08/2021
"Call for proposal under SHRI Programme: Date extended till 31 August, 2021","SCIENCE & HERITAGE 
RESEARCH INITIATIVE 
(SHRI) 
 
 
 
 
 
 
 
 
 
 
 
 
 
 
 
 
 
 
 
 
 
 
 
 
 
 
 
 
 
 
 
 
 
 
 
 
 
 
 
 
 
 
 
 
 
 
 
 
 
 
 
 
 
Government of India 
Ministry of Science & Technology  
Dept. of Science & Technology  
(Technology Development Programme) 
 
Science and Heritage Research Initiative (SHRI) 
 
Scheme: Technology Development and Transfer 
Background: 
 
Heritage is our most precious inheritance through culture, nature, architecture and 
humanity itself. The term includes tangible heritage like historic monuments, archeological 
settlements, artifacts, etc. as well as myriad intangible layers such as oral traditions, rituals, 
social practices, native games, performing arts and a wealth of hereditary knowledge and skills. 
An ancient civilization like ours is completely rooted in such enviously deep intangible wealth 
that is unfortunately fast disappearing due to insufficient recognition and prioritization. Despite 
worldwide acclaim over centuries, listing of our intangible heritage is still in a nascent stage.  
The science of heritage management holds the key to preserving this fragile wealth of 
identity and continuity despite diverse scientific challenges. As heritage is not just a past 
memory, but also a living and evolving entity, the challenge requires us to continue creating 
heritage in order to preserve it. A holistic approach is required including extensive 
documentation, study of history, materials and technologies across eras, understanding aging 
and degradation processes, assessing and grading the current state of entities, etc. 
In the modern era, heritage and science have been pushed to opposite ends in the 
research and innovation domain. This gap had brought about a huge vacuum of modern 
technology and enterprise in heritage preservation. However, in the past couple of decades, 
Science and Technology has been playing an important role in the development of new 
materials, innovative tools and methods for be",14/07/2021,31/08/2021
DST-JSPS joint call for proposals,"GOVERNMENT OF INDIA 
MINISTRY OF SCIENCE AND TECHNOLOGY 
DEPARTMENT OF SCIENCE & TECHNOLOGY 
 
INDIA-JAPAN COOPERATIVE SCIENCE PROGRAMME (IJCSP) 
CALL FOR PROPOSALS-2021 
 
 
 LAST DATE FOR SUBMISSION OF PROPOSALS: 8th September, 2021 
 
The Department of Science and Technology (DST), Ministry of Science & 
Technology, Government of India, New Delhi and the Japan Society for the Promotion 
of Science (JSPS) conduct the India-Japan Cooperative Science Programme (IJCSP) 
to promote bilateral scientific collaboration between Indian and Japanese scientists. 
Applications are invited from eligible Indian researchers /scientists to submit proposals 
for Joint Research Projects and Joint Workshops/Seminars under IJCSP.  
 
I.  Areas of cooperation: The support is available to the following scientific areas: 
(a) Physical Sciences 
(b) Chemical Sciences  
(c) Life Science & Agriculture 
(d) Mathematics & Computational Science 
(e) Astronomy & Earth Science 
(f) Materials & Engineering 
(g) COVID-19 related (Pre and post COVID) 
 
 
II. Who can apply:  
• The joint application must include one Indian and one Japanese Principal 
Investigators, who would be responsible for technical as well as administrative co-
ordination of the project and its periodic scientific and financial reporting to DST/ 
JSPS respectively.  
• The Principal Investigator (PI) and other investigators in India should be scientists/ 
faculty members working in regular capacity in Universities/ Deemed Universities/ 
Academic Institutes and National Research & Development Laboratories/ 
Institutes as well as working in private nonprofit institutions that carry on R&D 
activities. It is preferred that a member of the project team may be designated as 
Co-PI. The Indian Principal Investigator (PI) should not be retiring or leaving the 
parent institute during the proposed duration of the project. 
• The Japanese PIs must be full time researchers employed at Universities or other 
research institutions recogn",15/07/2021,08/09/2021
India Belgium Networking call 2021,"Networking call Grant 2021 
Submission Dossier 
Page 1 of 9 
 
 
 
Indo-Belgian Research and Technology Cooperation  
 
CALL FOR PROPOSALS: SUPPORT OF NETWORKING ACTIVITIES  
CALL: 25th June 2021 (project period: 2022-25) 
CLOSING DATE: [17thSeptember 2021] 
For India: [17.00 hrs] 
For Belgium: [15.00 hrs] C.E.T. (Central European Time) 
 
Objectives: 
Within the framework of the Agreement between Belgium and India on cooperation in the fields of science 
and technology and the fifth 'Joint Commission' meeting on 18th January 2021, it was decided to organize 
a 4th call for proposals for networking activities by the Belgian Federal Science Policy Office (BELSPO), the 
Indian Department of Science and Technology (DST) and Indian Department of Biotechnology (DBT).  
This Networking call co-funded by both parties aims at supporting exchanges that leverage long term 
research cooperation between multiple Belgian and Indian Research institutions, based on existing 
infrastructure, with significant impact on a priority research area.  
 
Application based on relevant themes as mentioned below should be sent to DST or DBT, respectively. 
 
Focus areas with DST:  
• 
Space, including astronomy, solar physics and remote sensing  
• 
Marine sciences (Except Bio concept) 
• 
Geology  
• 
Cybersecurity 
Focus areas with DBT 
• 
Marine biotechnology (organisms for industrial use, bioprospecting for bioactive compounds from 
marine microorganisms, algae, seaweeds, fish and crustacean farming); 
 
• 
Life sciences with focus on micro-organisms (Anti-Microbial Resistance with One Health 
approach and environmental-bioremediation); 
 
Who can apply?   
• 
For BELSPO, networking proposals may be submitted by Belgian university institutions, public 
scientific institutions, non-profit research centres. The participation of Federal Scientific 
Institutions is encouraged. For equal scientific quality of submitted proposals, the preference will 
be given to consortiums with participation",25/06/2021,17/09/2021
FIST 2021 Advertisement - Date extended till 21 September 2021,"Ministry of Science & Technology  
Department of Science & Technology  
  
“Fund for Improvement of S&T Infrastructure in Universities and Higher  
Educational Institutions (FIST) Program – 2021” 
 
Proposals are invited online for consideration of support under the Scheme “Fund for Improvement of S&T 
Infrastructure (FIST)” of the Department of Science & Technology (DST), Government of India. The Scheme is 
intended to provide basic infrastructure and enabling facilities for promoting R&D activities in new and emerging 
areas and attracting fresh talents in universities & other educational institutions. It is considered as complimentary 
support for enabling Departments/ Centres/ Schools/ Colleges to pursue research activities more effectively and 
efficiently. The current emphasis on the immensely successful FIST programme is for orienting it towards the goal of 
Atmanirbhar Bharat by providing accessibility of the R&D infrastructure facilities not only for research activities in 
academic organizations but also for use by the start-ups/ manufacturing industries/ MSMEs. Appropriate 
mechanisms including use of the FIST facilities through multiple shifts are being encouraged through a public notice 
to promote optimal utilization of these resources. 
  
Nature of Support: The Scheme will provide optimal infrastructure facilities for post-graduate and higher research, 
such as, renovation of existing laboratory space (no fresh constructions) and cold room, modernization of 
laboratories involved in PG and higher research, acquisition of essential equipment, up-gradation of existing facilities, 
networking & computational facilities including software & databases, scientific & technical books (no journals), 
maintenance & refurbishing of existing and new facilities etc.. The facilities provided under the Program are intended 
to support the efforts of the Department as a whole or a number of faculty members in the Department. Proposal 
towards individual R&D support ",06/08/2021,21/09/2021
WTI Call 2021 on Desalination Technologies - Date extended till 30 September 2021," 
Page 1 of 41 
WTI Call 2021 on Desalination Technologies 
Department of Science & Technology  
WTI Call 2021  
on  
Desalination Technologies  
 
Call for Proposals under Water Technology Initiative (WTI) for RD & D activities in 
the area of Desalination, efficient desalination systems and Test Beds & Pilot-scale 
demonstrations for emerging & futuristic technologies. 
1. Preamble: 
Water Technology Initiative is a demand-oriented user-centric initiative that includes 
development research in laboratories as well as application led research in the field. The 
scope of initiative covers the entire value chain of R&D right from water-oriented applied 
research, pre-competitive technology development, technology-based classification & 
assessment of technology options, pilot-demonstration of technology leads from 
laboratories and academic institutions to evolve a basket of technology options and 
mounting of technically, socially, environmentally and eventually affordable convergent 
solutions suited to socio-economic context. 
Desalination is a tool for communities to find new sources of water to meet their needs 
today and in the future.  Based on stakeholders’ consultation, it is being inferred that there 
is a need to promote research for desalination and keeping in view, the large coastal line 
of the country, it is further felt that investments are needed in desalination research to 
make it more affordable and energy-efficient, giving beneficiary communities access to 
reliable, potable and drought-resistant water supplies. There is a palpable need to reduce 
the cost, energy requirements and environmental impacts in treating these sources of 
unusable water in the country. 
Department of Science and Technology- Water Technology Initiative (DST-WTI) aims to 
work with academicians, researchers and stakeholders to develop more innovative, cost-
effective, and technologically efficient ways to desalinate water. The goal of the initiative 
is to increase water ",16/07/2021,30/09/2021
Call for Proposals under STI Hubs for Development of SC and ST Communities -Date Extended till 15 October 2021," 
 
 
 
 
 
 
 
 
CALL FOR PROPOSALS 
 
 
 
 
 
 
 
SCIENCE FOR EQUITY EMPOWERMENT AND 
DEVELOPMENT (SEED) DIVISION 
 
 
 
 
 
 
 
 
 
 
 
 
 
 
SCIENCE TECHNOLOGY AND INNOVATION (STI) 
HUBS FOR DEVELOPMENT OF SCHEDULED CASTE 
(SC) AND SCHEDULED TRIBE (ST) COMMUNITIES 
 
GENERAL INFORMATION & 
FORMAT FOR SUBMISSION OF PROJECT PROPOSALS 
 
GOVERNMENT OF INDIA  
MINISTRY OF SCIENCE AND TECHNOLOGY  
DEPARTMENT OF SCIENCE AND TECHNOLOGY  
 
Government of India  
Ministry of Science and Technology  
Department of Science and Technology Science for Equity Empowerment and 
Development (SEED) Division  
 
CALL FOR PROPOSALS 2021 – STI HUBS 
 
(LAST DATE FOR SUBMISSION OF PROPOSALS: 15/10/2021) 
 
ESTABLISHMENT OF SCIENCE TECHNOLOGY AND INNOVATION (STI) 
HUBS FOR DEVELOPMENT OF SCHEDULED CASTE (SC) AND SCHEDULED 
TRIBE (ST) COMMUNITIES 
 
INTRODUCTION 
 
The Scheduled Castes (SC) and Scheduled Tribes (ST) comprise about 16.6% and 8.6%, 
respectively of India's population (2011 census) which is more than 25 % of the total 
population. The Department of Science and Technology is implementing various Schemes 
and Programmes for Human Capacity Building and Empowerment of SC and ST 
Communities through promotion of Research, Development, Adoption, Transfer and 
Dissemination and Delivery of Proven Technologies. The Science for Equity 
Empowerment and Development (SEED) Division is implementing various programmes 
under the Special Component Plan for Scheduled Castes (SCSP) and Tribal Sub Plan 
(TSP) Schemes for creation of sustainable livelihoods and holistic development of SC and 
ST Communities. However, the connotation of 'Development' has changed over a period 
of time. The initial attention of economic growth and economic development has now 
slowly moved on to include human perspective into the notion of development. Hence 
there is a need to strengthen the societal welfare system through delivery of science led 
solutions, development of location specific appropriate techn",06/08/2021,15/10/2021
Call for proposals under DST's Make in India aligned AMT program," 
Page 1 of 3 
 
 GOVERNMENT OF INDIA   
MINISTRY OF SCIENCE & TECHNOLOGY   
DEPARTMENT OF SCIENCE & TECHNOLOGY   
  
Call for Project Proposals under  
Advanced Manufacturing Technologies (AMT) Program  
 
The Department of Science & Technology (DST) has initiated a technology 
development program named “Advanced Manufacturing Technologies (AMT)” during 
2015 aligned with the Make in India mission. The scope of R & D efforts envisaged 
under the “Advanced Manufacturing Technologies” Program encompass the following: 
 Design and process innovations to overcome the limitations in conventional 
manufacturing technology 
 Improvements in materials and their processing for better properties and 
commercial scale production 
 Enhancement of productivity and better utilization of resources through ICT  
 “Industry 4.0” enablers such as additive manufacturing, near net shape 
manufacturing, assistive robotics and process automation, industrial IoT 
implementation, etc.   
Main themes of the call include (a) Manufacturing of nano materials, electronic grade 
materials, smart materials, and metamaterials (b) Novel surface coatings and surface 
texturing (c) Robotics and automation (d) Precision Manufacturing (e) Advanced 
forming and near net shape processing (f) New and innovative manufacturing 
processes such as molecular manufacturing. 
DST invites R & D proposals in the following categories for financial support: 
Category 1: Feasibility projects with a max. funding support of Rs. 50 Lakh 
for 2 years’ duration: 
R & D proposals aiming to achieve Technology Readiness Levels (TRL) -3 /4 with 
emphasis on innovative concepts in the above thrust areas.  The project proposals can 
be submitted by research institutes/academia, Proposals under this category will be 
evaluated on their innovation quotient. Proposals with clearly identified MSME/industry 
partners interested in the technology will get preference. 
 
Page 2 of 3 
 
Category 2 and 3 proposals are expected to h",07/09/2021,15/10/2021
DST - DAAD Call," 
 
 
 
  
   
                    
                                       
                                    
 
 
 
 
 
Department of Science & Technology 
(Govt of India) 
 
                                             
 
 
 
1 
 
Announcement 2021             
 Project- based Personnel Exchange Programme with India 
- Indo-German Joint Research Collaboration - 
 
DAAD / Department of Science and Technology (DST) 
Launch date :1st October 2021 
Last Date : 19th November 2021 
  
 
Agreement 
 The ’Project-based Personnel Exchange Programme’(PPP) is a bilateral research 
promotion programme which is the result of the Memorandum of Understanding 
(MoU) concluded in 1998 between the German Academic Exchange Service 
(DAAD) and the Department of Science and Technology (DST). . 
 
  
Who are the funding 
institutions? 
 DAAD receives funds for implementing the programme through a budget allocation 
made by the Federal Ministry of Education and Research (BMBF). On the Indian 
side, the programme is funded by Government of India through the Department of 
Science and Technology (DST).  
 
  
What are the aims of 
the programme?  
 
 The basic aim of the programme is to strengthen the collaboration between Indian 
and German research groups, which are working jointly on a particular scientific 
project.  The programme ’Project-based Personnel Exchange’ envisages, in this 
connection, financial support for operational mobility only. Particular emphasis is 
thereby accorded to academic training and specialization of young researchers.  
Concrete objectives have to be mentioned in the application (project description) 
(including the number and academic credentials of the researchers to be support-
ed). 
Research collaborations entered into with the intention of initiating major projects, 
such as the preparation of joint applications meant for submission to any other fund-
ing organisation, are highly preferred. 
 
  
Which are the target 
groups? 
 Scientists/ researcher",27/09/2021,16/11/2021
DST Austria Call," 
 
 
 
 
 
 
SCIENTIFIC & TECHNOLOGICAL COOPERATION (WTZ) 
AUSTRIA / INDIA 
 
CALL FOR APPLICATIONS FOR JOINT PROJECTS 2022-2024 
Launch date : 11th October 2021 
CLOSING DATE: 26November 2021  
 
 
The programme for Scientific & Technological Cooperation (WTZ) is carried out in the frame of international 
agreements with selected partner countries with the aim to stimulate international research. 
 
Thematic areas 
 
The call is open to all scientific disciplines within the thematic areas of natural science and technology. 
 
Target group 
 
AUSTRIA:  
 
• 
Researchers at universities, universities of applied sciences and non-university research institutions 
in areas of basic research  
• 
PhD/Doctoral students1 
 
Minimum requirement for the Austrian Principal Investigator: PhD/doctoral degree  
 
Project applications submitted by early-stage researchers2as well as project applications with involvement 
of PhD/doctoral students and/or female researchers will be prioritized3.  
 
Please note: Only new project partnerships can be funded under this programme4.  
 
 
INDIA: Researchers working at universities, universities of applied sciences and other legal entities (e.g. 
higher education and research institutions, companies) planning to carry out a non-profit-oriented research 
project within the frame of this call are eligible for application. 
 
 
 
 
1Bachelor and Master graduates are not eligible for funding. 
2Researchers with an experience ofup to 10 years after their PhD/Doctoral degree; recognized career breaks will be 
taken into account (e.g. due to family or health reasons or occupation outside the academic sector). 
3These project applications will receive additional points during the evaluation process and hence a better overall score. 
4(Follow-up-) Applications of bilateral partnerships whose Principal Investigators already received funding from this 
programme to carry out a joint project are not eligible. 
 
2/8 
Funding  
 
Funding will be provi",27/09/2021,26/11/2021
Scheme for Young Scientists and Technologists (SYST) 2021: Date Extended till 1 December 2021,"Engaging Young Researchers towards Socio-economic 
Development and Sustainable Development Goals (SDGs)
CALL FOR PROPOSALS 2021
Government of India
Ministry of Science and Technology
Department of Science and Technology
Scheme for Young Scientists & Technologist (SYST)
The Department of Science and Technology (DST) is encouraging young scientists and technologists towards delivery of science and technology 
(S&T) led solutions for identifed socio-economic challenges through Scheme for Young Scientists and Technologists (SYST). Innovative S&T ideas 
in the form of proposal are invited under following identifed themes:
Dr. Rashmi Sharma, Scientist ‘F’
Science for Equity, Empowerment & Development (SEED) Division, Department of Science & Technology, Technology Bhavan, 
New Mehrauli Road, New Delhi-110016; Phone: +91-11-26590541; E-mail: coordinatorsystdst@gmail.com  
Any queries call Coordination SYST at Phone: 0522-2297829; 8081700850;  9453210901 
ELIGIBILITY
APPLICATION PROCESS
NOTE
Applicants are required to submit a soft copy of the proposal through http://onlinedst.gov.in before or on November 30, 2021, in prescribed 
format available at DST website www.dst.gov.in. Project tenure proposed should not be more than three years. A hard copy of the full proposal in 
the prescribed format should be sent through post to the address given below (mentioning the TPN No.).
For any questions/queries relating to submission of proposal under this Call, Ofcer-in-charge or Coordinator SYST-DST may be contacted. A 
Screening Committee constituted by DST will screen the proposals received and only selected candidates may be called for presentation.
Qualifcation: Master’s degree in any S&T stream. Those having PhD will be given preference.
Age: Less than 35 years on the last date of submission of the application. Age relaxation of 5 years for Women/ Diferently-abled (Divyangjan) 
/SC/ST/OBC/EWS.
Institution: Applicant not in regular position should align himself/herself with an Aca",28/10/2021,30/11/2021
Sophisticated Analytical and Technical Help Institutes SATHI Program  2021,"Ministry of Science & Technology  
Department of Science & Technology  
 
  
“Sophisticated Analytical and Technical Help Institutes (SATHI) Program – 2021” 
 
 
Proposals are invited through online for consideration of support under the Scheme “Sophisticated 
Analytical and Technical Help Institutes (SATHI)” of the Department of Science & Technology (DST), 
Government of India. The Scheme is largely aiming at: (a) procurement and maintenance of high-end 
equipment and infrastructure facility necessary for research/ testing/ manufacturing/ fabrication and to cater 
service by understanding the demands of researchers, scientists, students, start-ups, manufacturing units, 
industries and R&D Labs, (b) to provide access and sharing of scientific equipment and infrastructure, (c) 
Capacity Building of operators and technicians for efficient operations and interpretations of results/ 
outcome, (d) Monitoring of usage of expensive scientific research infrastructure for maximum utilization of 
Infrastructure management with efficient operations and to be a part of ‘Atmanirbhar Bharat Abhiyan’ (Self 
Reliant India Campaign).  
 
Inclusive purpose of SATHI is generation/ creation of knowledge adopting best practices of such facility, 
expansion of different knowledge chain that starts from R&D to applied science then to translational 
research side and how to take forward to next stage to gain better societal outreach. Predominantly it would 
emphasize on testing, designing, prototyping, proof-of concept, manufacturing, insertion of business 
planner, start-ups, MSME, related engineering industries and their back & forth connectivity from R&D to 
industry and then to boost indigenous presence comprising all level together at local and global scale. 
Noticeably, this would encourage & ensure to create a National Network of Laboratories and testing 
facilities, tightly linked to global standards. Hence higher efficacy through (T2C2) focused Viz: 
Technology, Testing, Certifica",29/10/2021,10/12/2021
Announcement Call for PURSE 2021," 
Ministry of Science & Technology 
Department of Science & Technology 
(R&D Infrastructure Division) 
“Promotion of University Research and Scientific Excellence– 2021” 
Proposals are invited online for consideration of support under the Scheme “Promotion of University 
Research and Scientific Excellence” (PURSE), DST Government of India. The main objective of the 
scheme is to provide support for strengthening the R&D base of the performing Universities in the 
country. 
Nature of Support: The Scheme will provide the support to acquire research facilities, research man- 
power cost, acquiring research consumables, funds for travel, organizing workshops and conferences, 
contingencies and maintenance of the facilities. Universities are encouraged to harness their areas of 
excellence into an inter-disciplinary thematic effort of an accomplished team, with clearly articulated 
objectives. Proposals towards individual R&D support would not be accepted under this Scheme. 
The synergy and focus of research may preferably be aligned to National Missions/ priorities. 
Duration: The duration of support for each PURSE Project will be for a period of 4 years. 
 
Eligibility: The Scheme is exclusively for the University sector. Other academic Institutions/ 
IITs/NITs/IISERS/Colleges are not eligible to apply under the Scheme. UGC Recognized Central 
Universities/ State Funded Universities/Deemed Universities and Private Universities are eligible to 
apply under the Scheme. The eligible university should not have received major funding from UGC or 
government major funding of more than Rs 10.0 crores in the last 5 years, or should not have received 
support under SAIF/ SATHI or PURSE program of DST in the last 10 years from the date of sanction 
order. All other agency-based Universities are excluded from the scope of PURSE support. For the host 
institute (HI) irrespective of their status, as Government / Non- Government, the funding pattern & 
its mode will be maintained at",03/11/2021,13/12/2021
DST STUTI program advertisement,"Ministry of Science & Technology 
Department of Science & Technology 
R&D Infrastructure Division 
“Synergistic Training program Utilizing the Scientific and 
Technological Infrastructure (STUTI) Program – 2021” 
Proposals are invited online for identification of Project Management Units (PMUs) under the Scheme 
“Synergistic Training program Utilizing the Scientific and Technological Infrastructure” (STUTI) 
Program of the Department of Science & Technology (DST), Government of India. The Scheme is 
intended to human resource and its capacity building through open access to S & T Infrastructure across 
the country. This will be achieved by organizing short term courses/ workshops on the awareness, use and 
application of various instruments and analytical techniques. 
Methodology: The training will be conducted on a hub-and-spoke model approach. The Department of 
Science and Technology as the apex body will identify an Institute that shall function as a Project 
Management Unit (PMU). The PMU then shall act as a hub and target the institute/ equipment in the 
catchment areas for coordinating and imparting the training in a smooth and efficient manner. 
 Organization of training program on DST supported R&D equipment targeting Scientists/ 
Professors/ PhDs and PDFs actively involved in research across various institutions in the country. 
 Organization of awareness program on R&D equipment/ facility for school students (Science 
stream) in catchment areas by means of short training and popular science events. 
Eligibility: All Science (including Medical & Agriculture) and Engineering Departments/ Centres having 
received Government funding for developing R&D Infrastructure under various schemes of DST such as 
FIST, PURSE, CURIE, SAIF and SATHI are eligible to apply under the STUTI program. 
It is desirable that the applying institute has prior experience in organizing such trainings and at least 5-
year experience of running an R&D facility. 
The institute should",22/11/2021,19/12/2021
Call for submission of EoI for Establishing DST-Centres for Policy Research in STI domain: Last date of submission 20.12.2021,"1 
 
 
 
 
 
 
 
 
Department of Science and Technology (DST) has a mandate to develop and deliver the 
public policy support to strengthen the science, technology and innovations in the country. 
It has been realized globally that appropriate policy interventions in Science, Technology 
& Innovation (STI) sector boost up the social and economic developments of the nation. 
In this regard, DST has established Centres for Policy Research (CPRs) in premier 
institutions across the country during the 12th five-year plan. Currently three CPRs at 
Indian Institute of Science (IISc) Bangalore, Indian Institute of Delhi (IIT Delhi) and Panjab 
University (PU), Chandigarh are running with a specific mandate in a particular S&T 
Sector (Annexure-1). The evidence-based inputs generated by the CPRs so far have 
contributed significantly in drafting the new Science, Technology and Innovation Policy 
(STIP).  
The excellent delivery of evidence-based input in a specific S&T area from these CPRs 
and the deliberations during the formulation of the new STI Policy have triggered the 
importance of establishing more such CPRs in other specific domains of STI Policy 
research. It is strongly felt over the period that the building capacity in certain thematic 
areas of national focus is important at this juncture to strengthen the STI policy research 
in the country. On the contrary, the connect between the CPRs to complement each other 
for developing a string evidence-base for the policy formulation process.  
Through the present call for Expression of Interests (EoIs), DST wish to support 
establishment of CPRs in new specific domains of policy research in potential institutions 
across the country to complement the currently ongoing policy research mechanism 
through the existing CPRs. Therefore, institutions having focus in STI Policy domain and 
also with existing policy research centres/cells may come forward and submit Expression 
of Interests (EoIs) for establishing DST-Centr",26/11/2021,20/12/2021
CURIE-PG College Advertisement : Date Extended till 10 January 2022," 
Department of Science & Technology 
WISE-KIRAN Division 
 
Consolidation of University Research for Innovation and Excellence in 
Women Universities (CURIE)  
Proposals are invited for consideration of support to ‘Women’s PG Colleges’ under the Scheme 
""Consolidation of University Research for Innovation and Excellence in Women 
Universities (CURIE)"" of the Department of Science & Technology (DST), Government of 
India. The Scheme is intended to provide basic infrastructure and enabling facilities of Science & 
Engineering Departments for promoting R&D activities in new and emerging areas and 
attracting fresh talents in Women Educational Institutions. 
Nature of Support: Proposals from Women’s PG Colleges shall be considered for a maximum 
support up to Rs. 150 lakhs for Teaching as well as Research facilities to the S&T Departments 
for 3 years. The Scheme will provide optimal infrastructure facilities for post-graduate teaching 
and research, such as, renovation of existing laboratory space (no fresh constructions), 
modernization of laboratories involved in teaching and research, acquisition of essential 
equipment, up-gradation of existing facilities, networking & computational facilities including 
software & databases, scientific books (no journals), maintenance & refurbishing of existing and 
new facilities etc. The facilities provided under the Programme are intended to support the 
efforts of the Colleges as a whole. Proposal towards individual R&D support would not be 
accepted under this Scheme. 
Duration: The duration of support for each project will be for a period of 3 years.  
Eligibility: The support to ‘College as a whole’ shall be considered for the post-graduate S&T 
departments. All Women Colleges having Science Departments with strong postgraduate 
teaching and research programs which have existed for at least 3 years or more are eligible. The 
College should be accredited by NAAC with at least B Grade.  
Selection: The selection will be thro",11/11/2021,31/12/2021
India Philippines Joint Call for R & D Proposals,"IMPLEMENTING GUIDELINES BETWEEN THE DEPARTMENT OF SCIENCE AND 
TECHNOLOGY OF THE REPUBLIC OF THE PHILIPPINES AND THE DEPARTMENT 
OF SCIENCE AND TECHNOLOGY OF THE REPUBLIC OF INDIA ON THE CALL FOR 
PROPOSALS FOR THE JOINT R&D 
 
In accordance with the provision of Article II of the Programme of Cooperation (POC) in the fields 
of Science and Technology for the period of 2019-2022 between the Department of Science and 
Technology (DST) of The Republic of India and the Department of Science and Technology 
(DOST) of The Republic of the Philippines, the Sides have agreed on the following joint guidelines 
for implementation: 
 
 
 Joint Research Programs 
 
(1) Purpose 
 
The purpose of these projects is to further advance existing cooperation while establishing a 
concrete partnership between the two countries by supporting team-to-team collaboration 
based on the agreed areas of collaboration stated on Article II of the POC. 
 
(2) Format and Eligibility 
 
Joint research projects (JRP) are to be carried out by involved researchers and team from the 
two counties. The Filipino and Indian project leaders must hold a full-time position at a higher 
educational establishment or research and development institution in their respective countries. 
 
(3) Research Areas, Number and Duration of Projects 
 
Research Areas: (1) Virology, (2) Applications of Artificial Intelligence on diverse areas such as 
Agriculture, Health, and Smart Cities, (3) Blockchain Technologies on Government 
Services/Processes, and (4) Additive Manufacturing of new materials (metal and ceramics) 
 
Number of projects: 1-3 projects 
Duration: Two years per project 
 
(4) Financial Support 
 
No cross-border funding will be allowed in the implementation of the joint research program, 
respectively. 
 
DOST will provide a funding of up to PHP5,000,000.00 for each research project to cover all 
relevant expenses. Likewise, the DST will provide not more than 75 Lakh for the funding of 
exchange visits, ",21/10/2021,17/01/2022
Optimal Water Use in Industrial Sector-2021: Date extended till 31.01.2022,"GOVERNMENT OF INDIA 
MINISTRY OF SCIENCE AND TECHNOLOGY 
DEPARTMENT OF SCIENCE AND TECHNOLOGY 
Technology Mission Division (Energy, Water & Others) 
 
Call for Proposals 
for 
Optimal Water Use in Industrial Sectors-2021 
(Focus Areas: Water Conservation, Water Use efficiency, 
Waste Water Recovery and Utilization of Residues) 
 
1. 
Preamble 
The water resources scenario of the country is changing fast adversely in terms of 
access, quantity as well as quality. The situation is further aggravated by  the 
looming impact of climate change- which will alter the paradigm of management of 
water resources. Water is a critical natural resource and is being affected by 
increasing industrialization, urbanization, pollution, deforestation and above all 
climate change. Addressing the growing demand for water to satisfy our imminent 
needs for drinking, sanitation, irrigation and industry would alone be possible by 
striking a judicious balance between collection, storage, consumption and innovative 
reuse. Industry is one of the important users of water and the optimal use of water in 
the various industrial sectors is going to be more crucial in the coming decades. 
There are three dimensions of the industrial optimality, namely: (1) minimum specific 
water footprint in all sectors, (2) incorporation of appropriate technologies to 
conserve water during production and consumption of the industrial products, and 
(3) incorporation of the best available technologies to achieve the so-called “circular 
economy” approach to treatment of wastewaters and sewages as well as by 
enhancing reuse of water. 
2. Objective of the Call 
 
The objective of the call is to develop knowledge through R&D and demonstration 
and developing solutions in the context of Water Conservation, Waste Water 
Treatment and Water use efficiency in Industry. The focus is on Research and 
Development proposals, where R&D and private sector work together to design 
generic solutions for optimal water mana",07/10/2021,31/01/2022
"Call for Ignition Grants titled ""Technology-based Energy Solutions: Innovations for Net Zero""",,16/12/2021,15/02/2022
Call for proposals under DST's TEC Program: Date extended till 15.02.2022,"  
Page 1 of 3  
  
GOVERNMENT OF INDIA    
MINISTRY OF SCIENCE & TECHNOLOGY    
DEPARTMENT OF SCIENCE & TECHNOLOGY    
  
2nd CALL FOR PROPOSALS  
TO ESTABLISH   
TECHNOLOGY ENABLING CENTRES (TEC) IN UNIVERSITY SYSTEM  
  
Academia is the prime resource in any country for generating new knowledge and its 
conversion to wealth. However, absence of effective institutional mechanisms in 
academia for translating R&D output into technological wealth is a big impediment. TDT 
Division has been implementing Technology related programmes since the inception of 
DST. Its success in terms of indigenous technology development has been satisfactory; 
however, the contribution to this from the University system is yet to be optimized. It has 
been deliberated several times on institutionalizing industry academia interaction, 
wherein creation of an enabling ecosystem has always emerged as an issue remaining to 
be effectively tackled.   
  
Establishment of Technology Enabling Centres (TEC) in the University System is a step 
forward in this direction.  
  
The objective of TEC will be to create an Ecosystem for Technology Development in the 
Universities and to provide a platform to network researchers with other Institutes, 
National laboratories and Industry. The focus of Centres will be on providing an 
enabling eco system, process and support system for technology development, 
deployment and diffusion.   
  
Initially TECs will be supported for period of three years with a maximum support 
of upto 1 crore per year. The progress of Centres will be monitored every six months 
for two years and annually later. The Centres will be evaluated after three years for 
continuity and may be further extended for two years depending upon their performance. 
The proposed mandate, activities, evaluation criteria will be periodically reviewed & 
modified while evaluating the performance of TEC to have a dynamic program.   
  
TEC is not a departmental/individual PI based activity. Owne",03/01/2022,15/02/2022
Seeking full proposals under 5th BRICS call from shortlisted Project Investigators (2nd Stage submission) - Date Extended till 5th May 2022,"BRICS STI Framework Programme  
5thcoordinated call for BRICS multilateral projects 2021 
 
Part 2 of National Annexure 
 
1.  
GOAL OF BRICS COORDINATED CALL: 
 
The BRICS STI Framework Programme aims to support excellent research on priority areas that canbest 
be addressed by a multinational approach. The initiative should facilitate cooperation among the 
researchers and institutions in the consortia which consist of partners from at least three of the BRICS 
countries. 
 
2.   
FUNDING AGENCIES:  
 
Following research funding organizations from the BRICS countries have agreed to support BRICS 
Call:  
 
• Brazil:  
 
National Council for Scientific and Technological Development (CNPq)  
• Russia:  
 
Foundation for Assistance to Small Innovative Enterprises (FASIE)  
 
Ministry of Science and Higher Education (MSHE) 
• India:  
 
Department of Biotechnology (DBT), Ministry of Science and Technology  
 
Department of Science and Technology (DST), Ministry of Science and Technology  
• China:  
 
Ministry of Science and Technology (MOST)  
 
National Natural Science Foundation of China (NSFC)  
• South Africa:  
 
Department of Science and Innovation (DSI) 
 
National Research Foundation (NRF) 
 
South African Medical Research Council (SAMRC) 
 
Technology Innovation Agency (TIA) 
 
Water Research Commission (WRC) 
 
3.  
Aim of the Joint Call and Thematic areas 
 
To support collaborative multilateral basic, applied or innovation research projects in the following 
thematic areas can be submitted in response to the call 
 
1) 
Transient astronomical events and Deep Survey science; 
2) 
Antimicrobial resistance: technologies for diagnosis and treatment; 
3) 
Simulation and big data analytics for advanced precision medicine and public healthcare; 
4) 
High Performance Computing (HPC) and BigData for Sustainable Development: Solving Large 
Scale Ecological, Climate and Pollution problems; 
5) 
Innovation and entrepreneurship on Photonic, Nano-photonics and metamate",09/02/2022,05/05/2022
"Joint Call for project proposals 2022 Indo-Danish research and innovation cooperation in the area of ""Green fuels including green hydrogen"" - Date Extended till 22 June 2022","    
 
 
 
 
 
 
Joint Call for project proposals 2022 
Indo-Danish research and innovation cooperation in the area of 
“Green fuels including green hydrogen” 
 
 
Announcement of Call for Proposals:  February 04, 2022 
Deadline for Submitting Proposals:        June 22, 2022 (12.00 Danish Time, 17.30 Indian Time)  
 
Innovation Fund Denmark (IFD), and Department of Science and Technology (DST), Ministry of Science 
& Technology, Government of India, announces this joint call for submission of project proposal in 
“Green fuels including green hydrogen”. This is in pursuance to the agreement of May 22, 2018, 
between the Government of the Republic of India and the Government of Denmark on cooperation in the 
fields of Science, Technology and Innovation, the Green Strategic Partnership between India and 
Denmark and the detailed 5-year Action Plan (2021-2026). 
1. PRIORITISED RESEARCH AND INNOVATION AREAS  
The target of this India - Denmark call is to enhance value creation through research and innovation for 
the development of new technologies, solutions, services and business models related to the following 
topics: 
Green fuels including green hydrogen 
Green fuels for transport and industry (Power-to-X, etc.). Solutions to convert electricity from renewable 
energy into products that can be used to reduce emissions from parts of the transport and industrial 
sectors where there are no cost-effective alternatives to fossil energy.  
 
Projects can contribute to e.g.: - 
1. Renewables based green hydrogen production, storage and utilization 
2. Electrolysers and fuel cells  
3. Innovations on improving efficiency, boosting production capacity and finding robust, 
cheaper alternatives to the rare materials used in current electrolysers/fuel cells  
4. Support for the establishment of Gigawatt- scale electrolyser test centre.  
5. Manufacturing of electrolyser /fuel cell components such as membranes, stack integrators, 
suppliers of supporting technology and system i",09/02/2022,22/06/2022
Call for proposals for rare diseases under Chemical Therapeutics Program - Date Extended till 31st July 2022,"Therapeutic strategies for prevalent Rare/Orphan Disorders  
   
   
Rare genetic diseases are a public health concern in India, with an estimated burden 
of about 80 million cases. This is about one-fifth of the global burden. High-genetic 
disease prevalence has been noted in affected communities with high genetic 
relatedness between parents and the majority of rare diseases in India occur at birth 
due to recessive genetic defects. While many of the commonly occurring rare diseases 
have viable therapies, most of these therapeutic agents are patent protected and very 
expensive for the Indian user. Thus, there is a large unmet need for indigenously 
manufactured therapeutic agents for rare diseases. Currently, a few pharmaceutical 
companies are manufacturing drugs for rare diseases globally and there are no 
domestic manufacturers in India except for Food for Special Medical Purposes (FSMP) 
for small molecule inborn errors of metabolism.  
   
Objectives:  
The goal of this Call is to support milestone-driven proposals for the listed rare 
diseases (though not limited to) focused on:  
• 
To bring generic drugs which are off- patent.  
• 
To develop process chemistry for drugs under patent to make it affordable once 
patent expires.  
   
Scope:   
Research Groups working in process chemistry / formulations are encouraged to 
develop new process or unique technology establishment for existing drugs and (new) 
formulations to make it affordable as described in objectives.  
   
Following is the representative list of rare diseases which may be targeted for the 
proposals.  
Lysosomal storage disorders  
Gaucher disease  
Mucopolysaccharidoses (all types)  
Pompe disease  
Fabry disease  
Niemann Pick disease  
Metachromatic Leukodstrophy  
Krabbe disease  
Small molecule diseases:  Phenylketonuria, Maple Syrup Urine Disease (MSUD), 
Tyrosinemia etc  
 Neuromuscular Disorders: Spinal Muscular Atrophy (SMA), Dystrophinopathies /  
Duchenne muscular dystrophy, etc",17/06/2022,31/07/2022
DST DFG joint call on International Research Training Groups (IRTG) 2022," 
 
 
 
 
DST – DFG  announcement on funding opportunity for Indo-German Research 
Training Groups (IRTG) 
 
Background and Description of International Research Training Groups 
International Research Training Groups (IRTGs), in which German universities 
cooperate with research institutions in other countries, combine innovative top-level 
research and the structured promotion of excellent early career researchers. As 
bilateral collaborations set up by experienced scientists, IRTGs promote systematic 
scientific cooperation through joint research programmes and corresponding 
qualification measures for (post) doctoral researchers.  
A central feature of International Research Training Groups are coordinated and 
reciprocal research visits by doctoral researchers at the respective partner 
institutions. IRTGs can only be established by universities and research 
institutionsentitled to confer doctoral degrees.  
The Department of Science and Technology (DST), Government of India, and the 
German Research Foundation (Deutsche Forschungsgemeinschaft, DFG) have 
agreed on a joint application and funding scheme to support Indo-German 
International Research Training Groups. 
Structure of Indo-German Research Training Groups 
Applications for Indo-German IRTGs intended for DFG-DST funding are open to all 
subject areas covered by DST, and interdisciplinarity in joint projects is encouraged. 
An IRTG should be run by two teams of participating researchers in India and 
Germany, respectively. Each team should have approximately 5 to 10 members with 
proven expertise both in the IRTG’s main research topic and in providing outstanding 
supervision to doctoral students.  
The participating researchers’ expertise at the two locations should be 
complementary and provide added value to the IRTG. Each team of participating 
researchers in an IRTG should be based at a single institution in India and Germany, 
respectively. In convincingly justified cases, an IRTG may be based i",14/02/2022,01/08/2022
Advertisement for FIST 2022 Program," Ministry of Science & Technology  
Department of Science & Technology  
  
“Fund for Improvement of S&T Infrastructure in Universities and Higher  
Educational Institutions (FIST) Program – 2022” 
 
Proposals are invited online for consideration of support under the Scheme “Fund for Improvement of S&T 
Infrastructure (FIST)” of the Department of Science & Technology (DST), Government of India. The Scheme is 
intended to provide basic infrastructure and enabling facilities for promoting R&D activities in new and emerging 
areas and attracting fresh talents in universities & other educational institutions. It is considered as complimentary 
support for enabling Departments/ Centres/ Schools/ Colleges to pursue research activities more effectively and 
efficiently. The current emphasis on the immensely successful FIST programme is for orienting it towards the goal of 
Atmanirbhar Bharat by providing accessibility of the R&D infrastructure facilities not only for research activities in 
academic organizations but also for use by the start-ups/ manufacturing industries/ MSMEs. Appropriate 
mechanisms including use of the FIST facilities through multiple shifts are being encouraged through a public notice 
to promote optimal utilization of these resources. 
  
Nature of Support: The Scheme will provide optimal infrastructure facilities for post-graduate and higher research, 
such as, renovation of existing laboratory space (no fresh constructions) and cold room, modernization of 
laboratories involved in PG and higher research, acquisition of essential equipment, up-gradation of existing facilities, 
networking & computational facilities including software & databases, scientific & technical books (no journals), 
maintenance & refurbishing of existing and new facilities etc.. The facilities provided under the Program are intended 
to support the efforts of the Department as a whole or a number of faculty members in the Department. Proposal 
towards individual R&D support",24/06/2022,10/08/2022
Call for Proposals under Science Technology and Innovation (STI) Hubs for Development of SC and ST Communities - Date Extended till 16/08/2022," 
 
 
 
 
 
 
 
 
CALL FOR PROPOSALS 
 
 
 
 
 
 
 
SCIENCE FOR EQUITY EMPOWERMENT AND 
DEVELOPMENT (SEED) DIVISION 
 
 
 
 
 
 
 
 
 
 
 
 
 
 
SCIENCE TECHNOLOGY AND INNOVATION (STI) 
HUBS FOR DEVELOPMENT OF SCHEDULED CASTE 
(SC) AND SCHEDULED TRIBE (ST) COMMUNITIES 
 
GENERAL INFORMATION & 
FORMAT FOR SUBMISSION OF PROJECT PROPOSALS 
 
GOVERNMENT OF INDIA  
MINISTRY OF SCIENCE AND TECHNOLOGY  
DEPARTMENT OF SCIENCE AND TECHNOLOGY  
 
Government of India  
Ministry of Science and Technology  
Department of Science and Technology Science for Equity Empowerment and 
Development (SEED) Division  
 
CALL FOR PROPOSALS (JUNE 2022) – STI HUBS 
 
(LAST DATE FOR SUBMISSION OF PROPOSALS: 16/08/2022) 
 
ESTABLISHMENT OF SCIENCE TECHNOLOGY AND INNOVATION (STI) 
HUBS FOR DEVELOPMENT OF SCHEDULED CASTE (SC) AND SCHEDULED 
TRIBE (ST) COMMUNITIES 
 
INTRODUCTION 
 
The Scheduled Castes (SC) and Scheduled Tribes (ST) comprise about 16.6% and 8.6%, 
respectively of India's population (2011 census) which is more than 25 % of the total 
population. The Department of Science and Technology is implementing various Schemes 
and Programmes for Human Capacity Building and Empowerment of SC and ST 
Communities through promotion of Research, Development, Adoption, Transfer and 
Dissemination and Delivery of Proven Technologies. The Science for Equity 
Empowerment and Development (SEED) Division is implementing various programmes 
under the Special Component Plan for Scheduled Castes (SCSP) and Tribal Sub Plan 
(TSP) Schemes for creation of sustainable livelihoods and holistic development of SC and 
ST Communities. However, the connotation of 'Development' has changed over a period 
of time. The initial attention of economic growth and economic development has now 
slowly moved on to include human perspective into the notion of development. Hence 
there is a need to strengthen the societal welfare system through delivery of science led 
solutions, development of location specific appropriat",10/06/2022,16/08/2022
Indo-Swedish Joint Call for Proposals within Circular Economy," 
2 
 
Indo-Swedish Joint Call for Proposals 
within Circular Economy 
 
 
A collaboration between: 
 
 
 
 
  
 
 
 
’ 
 
 
 
 
 
  
 
Call Text – Indo-Swedish Joint Call on Circular Economy 
 
 
2 
 
Contents 
Indo-Swedish Joint Call for Proposals within Circular Economy ........................... 2 
Description of the call ................................................................................................................... 3 
Introduction .................................................................................................................................. 3 
Purpose and focus ....................................................................................................................... 4 
Instructions to applicants ............................................................................................................. 5 
Who can apply? ........................................................................................................................... 5 
Project team ................................................................................................................................ 5 
How to apply ................................................................................................................................ 6 
Eligible costs ................................................................................................................................ 7 
Project duration and grant amount .............................................................................................. 7 
Language ..................................................................................................................................... 7 
Environmental considerations when planning your project ......................................................... 7 
Equal opportunities and inclusion ................................................................................................ 8 
Assessment of ap",15/06/2022,17/08/2022
PURSE 2022 (Special Call) Program,"Department of Science & Technology 
Ministry of Science & Technology 
Government of India 
Special Call for Proposals Under the Scheme “Promotion of University Research and 
Scientific Excellence” (PURSE-2022) 
Department of Science & Technology announces a “Special call” to provide basic 
infrastructure and enabling the facilities for promoting R&D activities in new and emerging 
areas of Science & Technology in the UGC recognized State funded Universities/Private 
Universities of North Eastern Region, Jammu & Kashmir, Chhattisgarh, Madhya Pradesh, 
Jharkhand, Bihar ,Haryana ,Telangana, Himachal Pradesh  and Rajasthan. It is a 
complimentary support for enabling the universities in these regions of the country to pursue 
research activities more effectively and efficiently. It is worthwhile to establish modern 
scientific infrastructure in  universities of these regions to keep its research enterprises at the 
National forefront.  
Nature of Support: The main objective of the scheme is to strengthen the research capacity 
of Indian Universities and provide support for nurturing the research ecosystem and 
strengthening the R&D base of the Universities in the country. The Scheme will provide the 
support to acquire research facilities (support for acquiring the teaching facilities will not be 
provided in the scheme), research man-power cost, acquiring research consumables, funds for 
travel, organizing workshops and conferences, contingencies and maintenance of the 
facilities. Universities are encouraged to harness their areas of excellence into an inter-
disciplinary thematic effort of an accomplished team, with clearly articulated objectives. 
Universities are also requested to identify the pockets of excellence through some process 
and shall allocate significant portion of PURSE support to those performance group rather 
that uniform allocation to performing and non-performing departments or groups. Universities 
are requested to send a consolidated proposal e",11/07/2022,20/08/2022
"Call for proposal-2022 under ""India-Japan Cooperative Science Programme","GOVERNMENT OF INDIA 
MINISTRY OF SCIENCE AND TECHNOLOGY 
DEPARTMENT OF SCIENCE & TECHNOLOGY 
 
INDIA-JAPAN COOPERATIVE SCIENCE PROGRAMME (IJCSP) 
CALL FOR PROPOSALS-2022 
 
 
 LAST DATE FOR SUBMISSION OF PROPOSALS: 6th September, 2022 
 
The Department of Science and Technology (DST), Ministry of Science & 
Technology, Government of India, New Delhi and the Japan Society for the Promotion 
of Science (JSPS) conduct the India-Japan Cooperative Science Programme (IJCSP) 
to promote bilateral scientific collaboration between Indian and Japanese scientists. 
Applications are invited from eligible Indian researchers /scientists to submit proposals 
for Joint Research Projects and Joint Workshops/Seminars under IJCSP.  
 
I.  Areas of cooperation: The support is available to the following scientific areas: 
(a) Physical Sciences 
(b) Chemical Sciences  
(c) Life Science & Agriculture 
(d) Mathematics & Computational Science 
(e) Astronomy & Earth Science 
(f) Materials & Engineering 
(g) COVID-19 related (Pre and post COVID) 
 
 
II. Who can apply:  
 The joint application must include one Indian and one Japanese Principal 
Investigators, who would be responsible for technical as well as administrative co-
ordination of the project and its periodic scientific and financial reporting to DST/ 
JSPS respectively.  
 The Principal Investigator (PI) and other investigators in India should be scientists/ 
faculty members working in regular capacity in Universities/ Deemed Universities/ 
Academic Institutes and National Research & Development Laboratories/ 
Institutes as well as working in private nonprofit institutions that carry on R&D 
activities. It is preferred that a member of the project team may be designated as 
Co-PI. The Indian Principal Investigator (PI) should not be retiring or leaving the 
parent institute during the proposed duration of the project. 
 The Japanese PIs must be full time researchers employed at Universities or other 
research institutions recogn",18/07/2022,06/09/2022
DST-Accelerating CCUS Technologies (ACT4) Call and Indian Funding Guidelines," 
 
 
 
The ACT4 Call 
Published 12 May 2022 
 
Introduction – ACT joining forces for implementation of CCUS 
 
Accelerating CCUS Technologies (ACT) is an initiative to facilitate the emergence of CO2 Capture, 
Utilisation and Storage (CCUS) via transnational funding of projects aimed at accelerating and maturing 
CCUS technology through targeted innovation and research activities. 
 
This document establishes the terms of the ACT4 call for proposals. Further information can be found on 
the ACT website: www.act-ccs.eu. 
 
Table of Contents 
1. 
INTRODUCTION .............................................................................................................................................1 
2. 
CALL BUDGET .................................................................................................................................................1 
3. 
OBJECTIVE OF THE ACT4 CALL ........................................................................................................................1 
4. 
ELIGIBILITY CRITERIA ......................................................................................................................................3 
5. 
SUBMISSION ..................................................................................................................................................4 
SUBMISSION AT ACT LEVEL ............................................................................................................................................................................... 4 
SUBMISSION AT NATIONAL LEVEL ...................................................................................................................................................................... 4 
GENERAL CONDITIONS ....................................................................................................................................................................................... 4 
6. 
EVALUATION PROCEDURE ..............",12/05/2022,12/09/2022
India Canada Joint Call for Proposal 2022 - Date Extended till 14 September 2022," 
 
 
 
 
 
Department of Science & Technology 
Government of India 
Department of Biotechnology 
Government of India 
IC-IMPACTS Centres of Excellence, 
Canada 
 
 
COLLABORATIVE RESEARCH PROJECT PROPOSAL 
 
Page 1 of 10 
India-Canada Joint Call for Proposals (CFP) 2022 
 
On 
 
BUILDING RESILIENT AND CARBON-NEUTRAL COMMUNITIES 
POST COVID 
 
Extended Deadline: September 14, 2022 (5:00 PM IST) 
 
The impact of COVID-19 has been felt disproportionally by remote and rural communities 
which prior to the pandemic had limited access to reliable infrastructure, secure food supplies, 
clean water and access to health facilities. As we enter the post COVID era, supply chains have 
become stressed, there is a back log of patients waiting for routine procedures and our food 
supplies have become less secure.  
Another serious problem the world faces today is Climate Change. Warmer temperatures over 
time are changing weather patterns and disrupting the usual balance of nature. This poses many 
risks to human beings and all other forms of life on Earth. Nearly all land areas are seeing more 
hot days and heat waves; 2021 was one of the hottest years on record. Higher temperatures 
increase heat-related illnesses and can make it more difficult to work and move around. 
Wildfires start more easily and spread more rapidly when conditions are hotter. Scientists have 
further predicted that long-term effects of climate change will include a decrease in sea ice and 
an increase in permafrost thawing, an increase in heat waves and heavy precipitation, and 
decreased water resources in semi-arid regions.  
In 2021, climate change triggered serious flooding, leading to the collapse of eight arterial 
bridges in British Columbia, Canada, due to landslides and scour, and submerged thousands of 
homes and debilitated remote communities. In the scenarios assessed, limiting warming to 
around 1.5°C requires global greenhouse gas emissions to peak before 2025 at the latest, and 
be reduced",15/07/2022,14/09/2022
India-Belarus Joint Call for Proposals," 
 
India-Belarus Joint Research Programme 
 
CLOSING DATE – 15th SEPTEMBER 2022 
Call for Proposals 2022-2024  
 
The Department of Science & Technology (DST), Govt. of India and the State Committee of 
Scientific Research of Belarus invite joint R&D project proposals from scientists & technologists 
from India and Belarus:  
 
The DST and the State Committee (hereinafter referred to as the “Implementing Agencies”) 
hereby invite Indian and Belarusian scientists/researchers to submit proposals for Joint 
Research Projects in following areas: 
 
(1) Information and Communication Technologies with focus on Artificial 
Intelligence, Internet of Things, Machine Learning, Cloud Services 
(2)  Biotechnology including Medicine and Pharmacy 
(3) New Materials with particular focus on (i) Additive Manufacturing (AM) (ii) 
Powder production for AM and Powder Metallurgy Components (iii) 
Nanostructured Materials (iv) Ceramic Materials (v) Functional coatings 
and thin films for various applications 
 
[A] APPLICATIONS 
(1) An Application shall - 
a) be for a Joint Research Project. 
b) be made simultaneously by a counterpart team in each country as hereinafter 
provided. 
c) be made by the Leader of a team of scientists in each country (Team Leader), to 
the respective Implementing Agency of his/her country, simultaneously. Both 
Applications shall be identical. Since all projects are joint projects, it is expected 
that consultations would have been held between relevant counterpart Institutions 
in the other country prior to the submission of an Application. 
d) be in English and shall be in the form prescribed by the relevant Implementing 
Agency. 
e) be required to be submitted by the dates set out below. 
f) Both Implementing Agencies will conduct parallel review of the applications 
respectively based on the agreed criteria. Implementing Agencies will make joint 
decisions based on the review results.  
g) List of selected projects will be posted on website www.dst.gov.",09/07/2022,15/09/2022
Call for Proposals on  Advanced Materials and Energy Storage Technology (AMEST)-2022," 
 
 
 
 
 
 
GENERAL INFORMATION AND FORMAT 
 
FOR SUBMISSION OF PROJECT PROPOSALS 
FOR FINANCIAL ASSISTANCE 
 
For 
 
 
 
 
Under 
(TECHNOLOGY MISSION DIVISION- Energy, Water & Others) 
 
 
 
 
GOVERNMENT OF INDIA 
MINISTRY OF SCIENCE & TECHNOLOGY 
DEPARTMENT OF SCIENCE & TECHNOLOGY 
TECHNOLOGY BHAVAN, NEW MEHRAULI ROAD 
NEW DELHI – 110 016 
ADVANCED HYDROGEN AND FUEL CELL PROGRAMME 
ADVANCED MATERIALS AND ENERGY STORAGE 
TECHNOLOGY (AMEST) PROGRAMME 
Last Date of Submission: 30th September, 2022 
2 | P a g e 
 
GENERAL INFORMATION 
 
The Department of Science and Technology (DST) is pleased to announce Advanced Materials 
and Energy Storage Technology (AMEST) Programme. The outcome of the call of this theme 
will lead to energy storage technologies ready for commercialization, with the perspective to 
capture specific systems integration opportunities.       
   
IDENTIFIED AREAS: 
 
Following areas have been identified and project proposals may be submitted for research 
development and demonstration under AMEST. 
 
 Innovative, Sustainable specific energy storage technologies, which are efficient, clean, 
high-energy density, low-cost, standalone or integrated for stationary mobile 
applications and electrical and electronic devices & appliances.  
 
 Self-reliance in energy storage systems is an important agenda to achieve the fossil fuel 
independence and to sustain green energy. The requirements of energy storage are 
application specific with importance to high level of safety and low cost. Some 
application demands High Power Density, some high energy density, some Fast 
Charging and some high cycle life. The lists of applications envisaged in the present call 
are the following: 
 
a. Electric Mobility: Safety, Fast Charging, High Energy Density, Decent Power 
Density, High Cycle life, Low Cost. 
b. Stationary Storage for Renewable Energy: Safety, High Power Density, Decent 
Energy Density, High Cycle Life, Low Cost. 
c. Electronic Toys: Safety, Fast Ch",01/07/2022,30/09/2022
Research & Technology Development for Blending of Agro-Residues with Coal in Thermal Power Plants - Date extended till 30 Sept 2022,"1 
 
 
Department of Science and Technology 
(Technology Mission Division-EWO) 
 
 
Call for Proposals 
 
Research & Technology Development for Blending of Agro-Residues with 
Coal in Thermal Power Plants 
 
1. Preamble 
In India, power is generated both from conventional and renewable sources. 
However, power generation through coal-based thermal power plants occupies 75% 
of the total power generation. The use of biomass especially agro-based with coal is 
an eco-friendly and cost-effective technique to deal with present environmental 
concerns. During combustion of Agro-Residues beyond a limit in coal-fired thermal 
power plants, safety is a cause of concern as it contains various volatile matter 
including Sulphur dioxide, nitrogen oxides and carbon monoxide, which pose a 
threat to stable operation of power plant. 
The ash generated from co-firing also needs to be utilized effectively. Scientific 
interventions are solicited to ensure that the resulting blend limits with coal shall 
increase while maintain plant output without damaging the boiler and balance of 
plant. 
2. Objectives of Call 
The objective of the call is to promote translational research utilizing available lab- 
scale know-how to consolidate research outputs to advance current technologies in 
the related field to deliver potential solutions to enhance the share of Renewable 
Energy for industrial and societal applications. Lead Principal investigator should 
have a research team to foster interdisciplinary, multi-institutional networked 
research projects synergizing strengths of respective partners to deliver efficient 
Technology to meet national needs in thermal power plant. The call envisages close 
interaction between industry, academia and research institutions. Participation of 
industrial collaborators from early stage is desirable to build long term linkage and 
take up leads to develop technologies that could eventually find a space in market 
place. The outcome of the scientific en",01/07/2022,30/09/2022
Call for SATHI proposal 2022 - Date Extended till 15 October 2022,"Ministry of Science & Technology  
Department of Science & Technology  
R&D Infrastructure Division  
******** 
“Sophisticated Analytical and Technical Help Institutes (SATHI) Program – 2022” 
 
(Through Networking and Cluster Approach) 
 
Proposals are invited through online for consideration of support under the Scheme “Sophisticated 
Analytical and Technical Help Institutes (SATHI)” of the Department of Science & Technology (DST), 
Government of India. SATHI Scheme is largely aiming at: (a) acquiring of high-end equipment and 
research infrastructure (RI) / facilities necessary for research/ testing/ manufacturing/ fabrication and to 
cater service by understanding the demands of researchers, scientists, students, start-ups, manufacturing 
units, industries and R&D Labs, (b) to provide access and sharing of scientific equipment and research 
infrastructure (RI), (c) Capacity building of scientific & technical manpower d) Monitoring of usage of 
expensive scientific research facilities for its maximum utilization and to be a part of ‘Atmanirbhar Bharat 
Abhiyan’ (Self Reliant India Campaign).  
 
Inclusive purpose of SATHI is generation/ creation of knowledge adopting best practices of such facility, to 
promote translational research in thematic areas and to take forward to next stage to gain better societal 
outreach. Predominantly it would emphasize on testing, designing, prototyping, proof-of concept, 
manufacturing, insertion of business planner, start-ups, MSME, related engineering industries and their 
back & forth connectivity from R&D to industry and to boost indigenous presence comprising all level 
together at local and global scale. Noticeably, this would encourage & ensure to establish a National 
Network of Laboratories and testing facilities, tightly linked to global standards. Hence higher efficacy of 
SATHI through focused approach of viz: Technology, Testing, Certification & Compliance (T2C2) model 
will boost-up the clusters of academia as well ",11/08/2022,15/10/2022
Call for Establishment of Community Resilience Resource Centres (CRRCs) - Date Extended till 31/10/2022," 
 
 
 
 
 
 
 
 
 
 
 
 
 
 
 
 
SCIENCE FOR EQUITY EMPOWERMENT AND 
DEVELOPMENT (SEED) DIVISION 
 
 
 
 
 
 
 
 
 
 
 
 
 
 
 
ESTABLISHMENT OF COMMUNITY RESILIENCE 
RESOURCE CENTRES (CRRCs) 
FORMAT FOR SUBMISSION OF PROPOSALS 
GOVERNMENT OF INDIA  
MINISTRY OF SCIENCE AND TECHNOLOGY  
DEPARTMENT OF SCIENCE AND TECHNOLOGY  
Government of India  
Ministry of Science and Technology  
Department of Science and Technology  
Science for Equity Empowerment and Development (SEED) Division  
 
GUIDELINES FOR ESTABLISHMENT OF COMMUNITY 
RESILIENCE RESOURCE CENTRES (CRRCs) 
 
1. BACKGROUND:  In the course of recovering from the challenges of Covid-19, a need is 
felt to strengthen community’s preparedness, response and approach to future health challenges 
as well as other uncertainties (including uncertainties in livelihoods) for Resilience, Risk 
Reduction and Sustainable Development. A new programme has been conceived to establish 
Community COVID Resilience Resource Centres (CCRRCs) for better recovery, building 
Science Technology and Innovation (STI) capacities and capabilities of the communities for 
improved resilience against the pandemic and post pandemic recovery for livelihood 
rejuvenation. 25 CCRRCs were already established in various locations. During the formulation 
of the programme, it was envisaged that CCRRCs would evolve as Community Resilience 
Resource Centres (CRRCs) over a period of time to strengthen STI based resilience of the 
community in different aspects of livelihood system strengthening, establishment of social 
enterprises etc. besides development of strategies for disaster risk reduction for developing 
sustainable resilient communities. While the concept of Resilience is common in terms of 
Disasters and Climate Change, the theory of Community Resilience is relatively new and 
currently gaining momentum. It is hence proposed to establish Community Resilience Resource 
Centres (CRRCs) for building Science Technology and Innovation (STI) ca",13/09/2022,31/10/2022
"Call for applications for participation in the 72nd Meeting of Nobel Laureates at Lindau, Germany"," 
DEPARTMENT OF SCIENCE & TECHNOLOGY (DST)  
AWARDS FOR PARTICIPATION IN THE  
72nd MEETING OF NOBEL LAUREATES & STUDENTS 
Lindau, Germany during June 25 – 30, 2023  
 
LAST DATE : OCTOBER 31, 2022 
 
Each year since 1951, Nobel Prize winners in Chemistry, Physics, 
Physiology or Medicine have been meeting in Lindau, Germany, to discuss major 
issues of importance to their fields with students from around the world. The 
meetings include lectures, panel/ round-table discussions on interdisciplinary topics 
and informal small- group meetings with the Nobel Prize winners. The DST has 
been sending a group of students / young researchers to these meetings, since 
2001. 
 
It intended to send a group of Indian Students /young researchers to the 72nd  
Meeting of Nobel Laureates & Students during 25th to 30th June 2023, which is 
dedicated to Physiology and Medicine. 
 
  
Applications are invited from bright and young students and researchers in 
the above disciplines for availing this award. The lectures and discussions are at a 
level appropriate for students/researchers in their early research careers. More 
details of the meeting can be seen at www.lindau-nobel.org 
 
Terms of Award: 
 
 
The selected participants will be provided with International travel related 
expenses, local transportation, lodging (twin-sharing basis) and boarding for 
attending the Meeting. It is mandatory for the selected students to attend the 
complete full week programme in Germany as well as briefing meeting in Delhi 
prior to departure to Germany. The Indian team of selected students shall leave for 
Lindau from Delhi (after briefing meeting) and shall return back to Delhi after the 
completion of the Nobel laureates meeting. Personal or other visits by candidates 
to institutes other than the scheduled programme during the above period will not 
be entertained. The selected candidates will have to make their own arrangements 
for accommodation and transportation in Delhi for attending",20/09/2022,31/10/2022
DST-MSHE Joint Call 2022 - Date Extended till 14 November 2022,"                      
 
 
 
 
 
  
 
 
 
Indo-Russian S&T Cooperation  
Joint Call for project proposals - 2022  
 
Announcement of Call for Proposals: 13th September 2022 
Deadline for Submitting Proposals: - 14th November 2022 
 
Department of Science & Technology (DST), Government of India and Ministry of 
Science and Higher Education (MSHE) of the Russian Federation invite Indian and Russian 
scientists / researchers to submit proposals for joint research projects in the following priority 
areas: 
 
a. Glycoscience & Technology: Exploration of structures and functions of sugars for 
diverse application in medicine, energy generation and materials science.   
b. New Materials & Additive manufacturing, including Development of new 
materials and technologies for their producing (both conventional and additive).  
c. Precision Agriculture, including Development of equipment and machinery for 
agriculture and food production, and Digital and distance technologies in 
agriculture.  
d. Aerospace technologies 
 
2. APPLICATION PROCEDURE  
  
The Indian and Russian applicants will develop one joint Project plan and the plan will be sent to 
both India (DST) and Russia (MSHE) using the forms of each organisation, respectively. It 
should be ensured that application with identical title has been submitted from both counterparts.  
Project proposal must include the name of one Principal Investigator (PI) each in India and 
Russia. The applications must include a statement on how the proposed collaboration brings 
added valued for both countries.  
 
On the Indian side PIs and other investigators should either be scientists, researchers or faculty 
members regularly employed by government-recognized universities, academic institutes, 
national research and development laboratories or institutes. Neither PI should be retired or 
planning to retire during the proposed period of the project. Please note that on the Indian side 
applicant already implementing two projects fu",14/09/2022,14/11/2022
India Science Research Fellowship (ISRF) Call FY2022-23 : Date extended till 15 November 2022,"Page 1 of 2 
 
 
Department of Science and Technology 
(DST) Ministry of Science and 
Technology Government of India 
 
INDIA SCIENCE AND RESEARCH FELLOWSHIP (2022-2023) 
(Opens on 01 September 2022) 
(for Afghanistan, Bangladesh, Bhutan, Maldives, Myanmar, Nepal, Sri Lanka and 
Thailand) 
Last date of proposal submission is extended till 15 November 2022 
 
 
Applications are invited from researchers who are actively involved in research activities and 
holding permanent positions in Afghanistan, Bangladesh, Bhutan, Maldives, Myanmar, 
Nepal, Sri Lanka and Thailand to visit India under the India Science and Research 
Fellowship (ISRF) Programme to pursue research in frontier/ advanced areas of science 
including Medicine and Agriculture for a period of 3 – 6 months. The programme is funded by 
Department of Science and Technology (DST), New Delhi. 
 
The detailed Brochure (enclosed) may be strictly followed for applying for the ISRF 
Fellowship in the prescribed format (attached) which can be downloaded from the website 
(www.dst.gov.in/ www.insaindia.res.in). The completed applications, along with relevant 
enclosures and duly endorsed by the Head of the Institution may be submitted to the partnering 
agency with a copy to DST/INSA. 
For any query may kindly contact:  
 DST Contact: 
 
Dr. Charu Agarwal 
Scientist C, International Division 
Department of Science & Technology  
Technology Bhawan,  
New Mehrauli Road, New Delhi - 110016 
Email:  c.agarwal@gov.in   
 
INSA Contact: 
 
The Executive Director 
Indian National Science Academy (INSA) 
Bahadur Shah Zafar Marg 
New Delhi-110002 
 
Email: esoffice@insa.nic.in 
Page 2 of 2 
 
 
",01/09/2022,15/11/2022
DST-DAAD Call 2022," 
 
 
 
 
 
 
 
 
 
Department of Science & Technology 
(Govt of India) 
 
                                             
 
 
 
1 
 
Announcement 2022             
 Project- based Personnel Exchange Programme 
“Indo-German Joint Research Collaboration” 
 
DAAD / Department of Science and Technology (DST) 
Launch date :19th October 2022 
Last Date: 16th December 2022 ( by 5.00 pm) 
  
 
Agreement 
 The ’Project-based Personnel Exchange Programme’(PPP) is a bilateral research 
promotion programme which is the result of the Memorandum of Understanding 
(MoU) concluded in 1998 between the German Academic Exchange Service (DAAD) 
and the Department of Science and Technology (DST).  
 
  
Who are the funding 
institutions? 
 DAAD receives funds for implementing the programme through a budget allocation 
made by the Federal Ministry of Education and Research (BMBF). On the Indian side, 
the programme is funded by Government of India through the Department of Science 
and Technology (DST).  
 
  
What are the aims of 
the programme?  
 
 The basic aim of the programme is to strengthen the collaboration between Indian 
and German research groups, which are working jointly on a particular scientific pro-
ject.  The programme ’Project-based Personnel Exchange’ envisages, in this con-
nection, financial support for operational mobility only. Particular emphasis is thereby 
accorded to academic training and specialization of young researchers.  
Concrete objectives have to be mentioned in the application (project description) (in-
cluding the number and academic credentials of the researchers to be supported). 
Research collaborations entered into with the intention of initiating major projects, 
such as the preparation of joint applications meant for submission to any other fund-
ing organisation, are highly preferred. 
 
  
Which are the target 
groups? 
 Scientists/ researchers, university professors, post-doctoral researchers and doctoral 
students. 
 
 
 
  
 
2 
 
Who can a",19/10/2022,16/12/2022
Call for proposals on Industry Research & Development Fellowship Programme (IRDFP) - Date Extended till 15 January 2023,"Page 1 of 10 
 
 
 
 
 
 
 
General Information and Format for Submission of Applications for 
Industry Research & Development Fellowship Programme 
(IRDFP) 2022 
 
Under 
 
(TECHNOLOGY MISSION DIVISION - Energy, Water & Others) 
 
 
Support academia-industry interactions in order to address industry‐informed 
challenges with the primary goal to create a pathway to support academic 
researchers in establishing careers in industry. 
 
 
 
 
 
 
 
 
GOVERNMENT OF INDIA 
MINISTRY OF SCIENCE & TECHNOLOGY 
DEPARTMENT OF SCIENCE & TECHNOLOGY 
TECHNOLOGY BHAVAN, NEW MEHRAULI ROAD 
NEW DELHI – 110 016 
Date of Start: 04th October 2022 
Last Date of Submission: 15th January 2023 
Page 2 of 10 
 
Industry Research & Development Fellowship Programme 2022 
(IRDFP) 
 
INTRODUCTION: 
Department of Science and Technology (DST) funds excellent and impactful research 
and talent, and shapes the future of INDIA by anticipating what’s next and widening 
engagement and collaboration. 
 
DST sets out the vision that India will be a global innovation leader in scientific and 
engineering research for the advancement of India’s economy and society. DST seeks 
to foster academia-industry interactions by building strategic partnerships with 
industry to perform cutting-edge research to address industry-informed challenges. 
 
India Energy Storage Alliance (IESA) is a leading industry alliance focused on the 
development of advanced energy storage, green hydrogen, and e-mobility technologies 
in India. The alliance has been at the forefront of efforts seminal in shaping an 
enabling policy framework for the adoption of these emerging clean technologies in 
India. With the goal of making India a global R&D and manufacturing hub in 
emerging clean energy technologies, IESA provides its member organizations a 
holistic ecosystem to network and grow their business in India and world-over by 
providing them in-depth analysis of the market, facilitating dialogue between industry 
and government st",04/10/2022,15/01/2023
Call for Proposals under Accelerated Development of Particularly Vulnerable Tribal Groups (PVTGs) - Date extended till 15 Jan 2023,"1 
 
 
 
 
 
 
 
 
 
 
 
 
 
 
 
 
 
 
 
 
 
 
 
 
 
 
 
 
 
 
 
 
 
 
 
 
 
 
 
 
 
GOVERNMENT OF INDIA 
MINISTRY OF SCIENCE AND TECHNOLOGY 
DEPARTMENT OF SCIENCE AND TECHNOLOGY 
ACCELERATED DEVELOPMENT OF PARTICULARLY 
VULNERABLE TRIBAL GROUPS (PVTGS) 
Call for Project Proposals under Tribal Sub Plan Scheme (TSP) of 
Science for Equity Empowerment and Development (SEED) Division 
2 
 
 
 
 
Sl. No 
Items/Description 
Page No 
1. 
Call for Proposals 
3-10 
2. 
Guidelines for Submission of Project Proposals 
11-19 
3. 
Format for Submission of Project Proposals 
20-42 
CONTENTS 
3 
 
 
 
The Science for Equity Empowerment and Development (SEED) Division of the 
Department of Science and Technology (DST) is implementing Tribal Sub Plan (TSP) 
Scheme with a broad mandate of empowering the Scheduled Tribe (ST) Communities 
through promotion of research, development and adoption, transfer and 
dissemination of proven technologies (including delivery of science led solutions) to 
solve their problems, especially in rural areas through application of Science and 
Technology. The projects under this Scheme aim at improving the livelihood system 
efficiency and strengthen the social welfare system through Science Technology and 
Innovation (STI). The projects also facilitate building the Knowledge and Capacity 
Building of NGOs in addition to improving the Field and Outreach capabilities of 
Knowledge Institutions. 
 
Though continuous efforts are being made for development of Particularly Vulnerable 
Tribal Groups (PVTGs) through several S&T interventions, there is a need for 
livelihood centric approach for holistic and accelerated development of PVTGs. It is 
hence proposed to give a Special Call for Proposals focusing only on 75 PVTGs 
aiming at delivery of science led solutions and development & deployment of 
location specific appropriate technologies for comprehensive development and 
creation of sustainable livelihoods for PVTGs. This special call is to commemorate ",24/11/2022,15/01/2023
Call for Concept Notes to support research & outreach activities under SHRI,,05/01/2023,31/01/2023
Announcement Call for PURSE 2023," 
Department of Science & Technology 
(R&D Infrastructure Division) 
“Promotion of University Research and Scientific Excellence” 
(General Call)  
Proposals are invited online for consideration of support under the Scheme “Promotion of University 
Research and Scientific Excellence” (PURSE), DST Government of India. The main objective of the 
scheme is to provide support for strengthening the R&D base of the performing Universities in the 
country. 
Nature of Support: The main objective of the scheme is to strengthen the research capacity of Indian 
Universities and provide support for nurturing the research ecosystem and strengthening the R&D base of 
the Universities in the country. The Scheme will provide the support to acquire research facilities (support 
for acquiring the teaching facilities will not be provided in the scheme), research man-power cost, acquiring 
research consumables, funds for travel, organizing workshops and conferences, contingencies and 
maintenance of the facilities. Universities are encouraged to harness their areas of excellence into an inter-
disciplinary thematic effort of an accomplished team, with clearly articulated objectives. Universities are 
also requested to identify the pockets of excellence through some process and shall allocate significant 
portion of PURSE support to those performance group rather that uniform allocation to performing and non-
performing departments or groups. Universities are requested to send a consolidated proposal ensuring 
broader participation of Science and Engineering departments at the maximum level within in the 
university. Scheme does not allow any provision for building/ construction and recruitment of staff in 
permanent in nature. The Manpower recruited under PURSE shall be co terminus with the project duration. 
The manpower shall be technical and scientific only. Applied/Translational projects related to life sciences 
area are encouraged to apply under the similar scheme of Department o",15/01/2023,20/02/2023
"Call for Project Proposal under Strengthening, Upscaling & Nurturing Innovations for Livelihood (SUNIL) program: Date extended till 21st Feb. 2023"," 
Call for Project Proposal under Strengthening, Upscaling & Nurturing 
Innovations for Livelihood (SUNIL) programme  
Website: https://dst.gov.in/seed-home  
Last date of application: 6th Feb. 2023 (Extended upto 21st Feb. 2023) 
 
Project proposals are invited through e-PMS Portal (https://onlinedst.gov.in/) for consideration of 
support under the programme Strengthening, Upscaling & Nurturing Innovations for Livelihood 
(SUNIL), of Science for Equity, Empowerment & Development (SEED) Division, Department of 
Science & Technology (DST), Government of India. SUNIL programme aims to support technology 
delivery and models of social enterprise creation for Economically Weaker Section (EWS) of 
society including need-based & action research projects to identify local and systemic solutions to 
implement S&T based projects at community level. The candidate belonging to EWSs are not 
covered under the scheme of reservation for SCs, STs and OBC category and have an annual 
gross income of less than Rs. 8 lakhs including earnings from all sources for the fiscal year such 
as agriculture, salaries, businesses, etc. At least 50-70% of the total beneficiaries of the project 
should belong to EWS Community. Detailed criteria for income and assets is available at 
https://dopt.gov.in/sites/default/files/ewsf28fT.PDF. 
Focus of the SUNIL programme is not only limited to the deployment of many field-tested models 
and location-specific technologies to meet the needs of economically weaker sections {such as 
small land holder farmers, traditional artisans (e.g. blacksmiths, weavers, carpenters etc.), landless 
laborer and population working for unorganized sector (including transgender and prisoners)}. It 
also encourages improving their S&T knowledge, skill enhancement, capacity building and socio-
economic conditions. Call is invited in following three aspects- 
1.  Technology interventions for Addressing Societal Needs (TIASN)  
• Research on identifying local & systemic needs",10/01/2023,21/02/2023
Australia-India Strategic Research Fund: collaborative research projects Round 15,"Australia-India Strategic Research Fund (AISRF) Guidelines for Round Fifteen 2023 
i 
 
 
 
 
 
 
AUSTRALIA-INDIA STRATEGIC RESEARCH FUND (AISRF) 
 
Guidelines & Format for Round 15 - 2022 
 
Indo-Australia Fund for Scientific and Technological Cooperation 
 
 
 
Australia-India Strategic Research Fund (AISRF) Guidelines for Round Fifteen 2023 
2 
PART 1 - OVERVIEW 
1.1 
BACKGROUND and OBJECTIVES 
 
The Australia-India Strategic Research Fund (AISRF) is a platform for bilateral collaboration in 
science, jointly managed and funded by the governments of India and Australia. 
 
Since its establishment in 2006, the AISRF has supported collaborative, leading-edge 
research between scientists in India and Australia across a range of agreed priority areas.  It 
has also helped to build linkages between premier research institutions in both countries. 
 
 The objectives of the AISRF are to: 
 
 
increase the uptake of leading-edge science and technology (S&T) by supporting 
collaboration between Australian and Indian researchers in strategically focused, 
leading-edge scientific research and technology projects, and strengthening strategic 
alliances between Australian and Indian researchers; and  
 
facilitate India’s and Australia’s access to the global S&T system. 
 
 
1.2 
SUPPORT AVAILABLE UNDER ROUND FIFTEEN 
 
Support is provided for collaborative research projects involving Indian and Australian 
partners.  
 
Maximum support from Indian side is between Rs 70-80 lakhs 
 
We cannot fund your project if it receives funding from another government grant for the same 
activities. If you receive Australian government funding for your core activities, you will need to 
demonstrate that the activity you are carrying out for the project is additional to your core 
activities. If you have received AISRF project funding in a previous round, you cannot receive 
funding for the same activities in this round. 
1.3 
PROJECT PERIOD 
 
You must complete your project by February ",16/01/2023,15/03/2023
India-EU Joint Call for Proposal," 
 
 
 
 
 
 
ANNOUNCEMENT 
INDIA-EU COOPERATION ON RESEARCH & INNOVATION (R&I) 
 
DST ANNOUNCES CO-FUNDING PARTNERSHIP UNDER THE  
EU FRAMEWORK PROGRAMME ON R&I ‘HORIZON EUROPE’  
CALLS 2023-2024 
 
Collaboration in Science, Technology and Innovation (STI) plays an increasingly 
important role in the EU-India Strategic Partnership. In line with the EU-India 
Strategic Partnership: A Roadmap to 2025, and the Joint Science and Technology 
Steering Committee meeting on 12 February 2021, the Department of Science & 
Technology (DST), has identified calls for proposals in the Work programmes 2023-
2024 of the EU R&I Research and Innovation Programme ‘Horizon Europe’ (HE), 
which it considers of mutual interest and aiming at jointly tackling global challenges. 
For this, DST has established a mechanism outlining the conditions upon which it will 
co-fund the successful Indian entity/ies and in which call topics have announced 
below following the Co-Funding Mechanism (hereafter CFM). 
The CFM will apply to the call topics earmarked by DST in areas of AI, Data and 
Robotics; electric energy storage solutions for grid support and charging 
infrastructure; zero emission vehicles; biofuels in line with Mission Innovation 
etc. This notice explains in the different Sections hereunder how to prepare and 
submit a co-funded project. 
In Section 1 the call topics earmarked by DST for co-funding are listed. The list 
indicates the exact Call IDs, the opening and closing date of the call, the type of action 
provided and the link to the full call text as published in the Horizon Europe Funding 
& Tenders Portal. 
In Sections 2 and 3, the various modalities of participation that the Indian applicants 
have to comply with, including the Administrative and Financial Considerations (see 
Annex 1) is outlined. 
All proposals have to be submitted to both the Horizon Europe Funding & Tenders 
Portal and to DST’s ePMS portal. The EU will only evaluate the proposal submitted 
to its portal",30/12/2022,29/03/2023
Call for Proposals under CURIE Programme to support Women's PG Colleges: Date Extended till 31st March 2023," 
Department of Science & Technology 
WISE-KIRAN Division 
 
Consolidation of University Research for Innovation and Excellence 
(CURIE) in Women Institutions 
Proposals are invited from ‘Women’s PG Colleges’ for consideration of support under the 
""Consolidation of University Research for Innovation and Excellence (CURIE)"" 
programme of the Department of Science & Technology (DST), Government of India. The 
Scheme is intended to provide basic infrastructure and enabling facilities of Science & 
Engineering Departments for promoting R&D activities in new and emerging areas and 
attracting fresh talents in Women Educational Institutions. 
Nature of Support: Proposals from Women’s PG Colleges shall be considered for a maximum 
support up to Rs. 150 lakhs for Teaching as well as Research facilities to the S&T Departments 
for 3 years. The Scheme will provide optimal infrastructure facilities for post-graduate teaching 
and research, such as, renovation of existing laboratory space (no fresh constructions), 
modernization of laboratories involved in teaching and research, acquisition of essential 
equipment, up-gradation of existing facilities, networking & computational facilities including 
software & databases, scientific books (no journals), maintenance & refurbishing of existing and 
new facilities etc. The facilities provided under the Programme are intended to support the 
efforts of the Colleges as a whole. Proposal towards individual R&D support would not be 
accepted under this Scheme. 
Duration: The duration of support for each project will be for a period of 3 years.  
Eligibility: The support will be provided to the College as per the requirement of the post-
graduate S&T departments. All Women Colleges having Science Departments with strong 
postgraduate teaching and research programs which have existed for at least 3 years or more are 
eligible for the programme. The College should be accredited by NAAC with minimum B Grade.  
Selection: The selection wil",12/01/2023,31/03/2023
Science and Heritage Research Initiative SHRI: Date Extended till 10 April 2023,"Science and Heritage Research Initiative (SHRI) 
Call for Proposals 
 
India is one of the oldest civilisations that is rich in heritage and traditional knowledge 
systems in diversified areas. The Science and Heritage Research Initiative (SHRI) of the 
Department of Science and Technology (DST) intends to utilise modern tools and techniques 
of Science & Technology for preserving, protecting and presenting Indian heritage on the 
global platform using a multidisciplinary approach. 
 
The proposals are invited in the following areas: 
i. 
Conservation Engineering: tools, techniques, equipment and new material 
development etc 
ii. 
3D Digitization of Heritage Sites/Practices: virtual, augmented, metaverse & mixed 
reality and gigapixel image technologies etc 
iii. 
Geospatial Mapping: cultural infrastructure development and heritage management 
iv. 
Risk Assessment: diagnosis, monitoring, and survey of heritage sites in earthquake-
prone zones etc 
v. 
Documentation of Folklore and Culture: traditional dance forms, folk/classical 
music, musical instruments, medicinal practices, ancient rituals and traditions etc. 
vi. 
Development of Heritage Clusters: Integrated socio-economic revival of heritage 
practices by creating backward & forward linkages for sustainability. 
vii. 
Centre of Excellence: Centre of Excellence for cultural heritage protection and 
research  
viii. 
Protection of Indigenous Languages: to mainstream linguistic diversity in India 
towards sustainable development in alignment with Indigenous Language Decade 
(2022-2032) 
ix. 
Science and Technology for Yoga and Meditation (SATYAM): development and 
standardisation of protocols, scientific validation of Yoga and Meditation on physical, 
mental health and overall well-being, and studies reflecting its role in the prevention of non-
communicable diseases. 
x. 
Any other area related to Science & Heritage 
The last date for submission of the proposal is 31st March 2023, and the proposals 
should be s",07/03/2023,10/04/2023
Advertisement for FIST 2023," 
 
 
 
 
 
                                                                                                                            
 
 
 
 
 
 
 
 
 
 
 
 
 
 
Govt. of India 
Ministry of Science & Technology  
Department of Science & Technology 
R&D Infrastructure Division 
 
 
  
Call for Project Proposal under 
“Fund for Improvement of S&T Infrastructure in 
Universities and Higher Educational Institutions”  
 
 
 
FIST 2023 Program
Ministry of Science & Technology  
Department of Science & Technology  
  
“Fund for Improvement of S&T Infrastructure in Universities and Higher  
Educational Institutions (FIST) Program – 2023” 
 
Proposals are invited online for consideration of support under the Scheme “Fund for Improvement of S&T 
Infrastructure (FIST)” of the Department of Science & Technology (DST), Government of India. The Scheme is 
intended to provide basic infrastructure and enabling facilities for promoting R&D activities in new and emerging 
areas and attracting fresh talents in universities & other educational institutions. It is considered as complimentary 
support for enabling Departments/ Centres/ Schools/ Colleges to pursue research activities more effectively and 
efficiently. The current emphasis on the immensely successful FIST programme is for orienting it towards the goal of 
Atmanirbhar Bharat by providing accessibility of the R&D infrastructure facilities not only for research activities in 
academic organizations but also for use by the start-ups/ manufacturing industries/ MSMEs. Appropriate 
mechanisms including use of the FIST facilities through multiple shifts are being encouraged through a public notice 
to promote optimal utilization of these resources. 
  
Nature of Support: The Scheme will provide optimal infrastructure facilities for post-graduate and higher research, 
such as, renovation of existing laboratory space (no fresh constructions) and cold room, modernization of 
laboratories involved in PG and higher research, acquisi",13/03/2023,25/04/2023
Indo-Argentina Joint Call 2023," 
Department of Science and Technology (DST) 
Ministry of Science and Technology 
aedoIefoetnemnrevoG 
Gev 
Ministry of Science, Technology and Innovation of the Argentine Republic (MINCyT) 
aedoIfoetnemntIeoetoeG 
Indian- Argentine Scientific Research Program 
 
JOINT CALL FOR PROJECT PROPOSALS 
2023 
 
In the framework of the India-Argentine scientific and technological cooperation, the Department of 
Science and Technology (DST), Ministry of Science and Technology of the Republic of India and the 
Ministry of Science, Technology and Innovation of the Argentine Republic (MINCyT) are glad to invite 
researchers and scientists to submit joint proposals for research projects carried out by scientists from 
both countries until April 30, 2023. 
 
The aim of this program is to support the development of scientific and technological cooperation 
between Indian and Argentine researchers and to strengthen the scientific partnership between 
research groups from both countries by establishing bilateral research networks, enhancing research 
cooperation and promoting the exchange of knowledge between Argentine and Indian scientists. 
 
AREAS OF COOPERATION  
 
The Department of Science and Technology (DST), Ministry of Science and Technology of the Republic 
of India and the Ministry of Science, Technology and Innovation of the Argentine Republic (MINCyT) 
provide financial support to joint research activities carried out by research groups in both countries. 
Indian-Argentine research groups are hereby invited to submit joint proposals for research projects in 
the following topics: 
 
a) Biotechnology  
b) Energy Transition 
 
FORMS OF COOPERATION 
 
Cooperation will consist in conducting joint research as well as mutual visits between laboratories for 
the purpose of facilitating the research.  
 
Cooperation may also take the form of: 
 
 Joint research activities in which interdependent subprojects of a single project are conducted in 
Indian and Argentine and laborat",20/02/2023,30/04/2023
Deadline Extended for Call for Expression of Interest for the Preparation of Detailed Project Report (DPR) up to 17th May 2023,"1 
 
 
 
 
 
 
 
 
 
 
 
 
 
GUIDELINES FOR 
HYDROGEN VALLEY INNOVATION CLUSTER 
Revised document for “Call for proposals on Hydrogen Valley Platform in India” 
 
 
Last Date for submission of EoIs – 17th May 2023 
 
 
 
 
 
 
 
 
 
 
 
Government of India 
Ministry of Science & Technology 
Department of Science & Technology 
Technology Mission Division (Energy Technology Cell) 
Technology Bhawan, New Mehrauli Road 
New Delhi – 110016 
Website: https://dst.gov.in/ 
2 
 
 
 
 
GUIDELINES FOR HYDROGEN VALLEY INNOVATION CLUSTER 
 
 
Table of Contents 
1. Introduction .................................................................................................................................. 3 
 
Vision for India’s Green Hydrogen Economy ........................................................................ 3 
 
Brief & Salient Features of National Green Hydrogen Mission ......................... 4 
 
Mission Innovation and Clean Hydrogen Mission............................................... 5 
 
What is a Hydrogen Valley? .................................................................................................... 5 
 
Objective .............................................................................................................. 6 
 
Suggested Focus Areas covering the green hydrogen value chain ...................... 6 
 
Timelines &Targets ............................................................................................ 8 
 
Suggested types of small-scale Hydrogen Valley Innovation Clusters ............... 9 
2. Hydrogen Valley Innovation Cluster in India ........................................................................... 10 
 
Composition of Consortium Partners of Hydrogen Valley Innovation Cluster.10 
 
Management Structure and Roles &Responsibilities of consortium partner…12 
 
Complete Process Flow for Evaluation ............................................................. 14 
 
Evaluation Criteria ......................",17/04/2023,17/05/2023
India-Republic of Korea Joint Call for Research Proposals,"~ 1 ~ 
 
DEPARTMENT OF SCIENCE AND TECHNOLOGY,  
GOVERNMENT OF INDIA 
& 
MINISTRY OF SCIENCE AND ICT, 
REPUBLIC OF KOREA 
 
2023 KOREA- INDIA JOINT PROGRAM OF COOPERATION  
IN SCIENCE & TECHNOLOGY 
 
CALL FOR JOINT PROJECT PROPOSALS 
 
Proposals to be submitted by 18:00 hrs (local time) on May 31, 2023 
 
 
 
1. Introduction 
 
The Korea-India Joint Program of Cooperation in Science and Technology facilitates 
bilateral cooperation between scientists and researchers from the two countries by way 
of joint R&D projects and technical missions. The Department of Science and 
Technology (DST), Ministry of Science & Technology of Government of India and 
Ministry of Science and (MSIT) of the Republic of Korea are the key agencies dedicated 
to the implementation of the program in India and the Republic of Korea (South Korea). 
This Call for Proposals is to provide every duly applicants with the detailed information 
and procedures for the bilateral cooperation program.  
 
 2. Potential Areas of Cooperation 
Department of Science & Technology (DST), Govt. of India and Ministry of Science and 
ICT (MSIT) of the Republic of Korea invite Indian and Korean scientists / researchers to 
submit proposals for joint research projects in the following areas. 
 
 Green Mobility, 
 Robotics & Manufacturing 
 Renewable Energy including Green Hydrogen 
 Information & Communication Technology 
 Material Science &Technology with special focus on Semiconductor 
and Display 
 Quantum Technologies 
 
The intention of this Call is to fund up to 12 projects, with 2 projects for each area. 
 
~ 2 ~ 
 
3. Eligibility 
 
The Program is open to researchers, scientists, institutions located in India or the 
Republic of Korea that are engaged in advanced research in one or more of the subject 
areas listed above. DST and National Research Foundation of Korea (NRF, an affiliated 
organization of MSIT) will conduct parallel review of the applications respectively based 
on the agreed criteria.",18/04/2023,31/05/2023
DST-NWO Joint Indo-Dutch call on Water Disaster management," 
 
 
 
 
 
 
2023  
Water Disaster Management 
Cooperation India (DST) - the Netherlands (NWO Merian Fund) 
Call for proposals 
 
 
1 
Chapter 1: Introduction / Water Disaster Management 
 
 
 
Contents 
1 
Introduction 
1 
1.1 
Background 
1 
1.2 
Available budget 
1 
1.3 
Submission deadlines 
1 
2 
Aim 
2 
2.1 
Aim of the programme 
2 
2.2 
Thematic focus 
3 
2.3 
Integrated research approach and international collaboration 
4 
2.4 
Societal impact 
5 
3 
Conditions for applicants 
8 
3.1 
Who can apply 
8 
3.2 
What can be applied for 
12 
3.3 
Preparing an application 
14 
3.4 
Conditions for submission 
15 
3.5 
Conditions on granting 
16 
4 
Assessment procedure 
19 
4.1 
The San Francisco Declaration (DORA) 
19 
4.2 
Procedure 
19 
4.3 
Criteria 
22 
5 
Obligations for grant recipients 
24 
6 
Contact and other information 
27 
6.1 
Contact 
27 
6.2 
Other information 
27 
7 
Annexes 
28 
7.1 
Explanation of budget modules 
28 
7.2 
Budget overview DST 
34 
7.3 
Formats letter of commitment DST 
35 
7.4 
Format letter of commitment NWO 
39 
7.5 
Conflict of Interest policy DST 
40 
7.6 
Impact Pathway 
43 
7.7 
Declaration co-funding 
44 
 
 
 
1 
Chapter 1: Introduction / Water Disaster Management 
 
1 Introduction 
In this Call for proposals information is provided about the application procedure for the ’Water 
Disaster Management‘ funding round. This Call for proposals falls under the responsibility of the Dutch 
Research Council (NWO) and the Indian Department of Science and Technology (DST). 
 
In this Call for proposals you will find information about the aim of this programme (Chapter 2), the 
conditions for the grant application (Chapter 3) and how your proposal will be assessed (Chapter 4). 
This is the information you need to submit a grant application. Chapter 5 states the obligations for 
grant recipients in the event you are awarded funding. Chapter 6 contains the contact details and 
Chapter 7 the annexes. 
1.1 Background 
There is a long his",06/04/2023,13/06/2023
DST-RSF joint call 2023,"Indo-Russian Joint Research 
Call for Proposals 2023 
DEADLINE DATE 15th June 2023 
 
 
Department of Science & Technology (DST), Government of India and Russian 
Science Foundation (RSF) have arrangement for funding of Joint Research 
Proposals in India and Russia in the areas of Basic Science. Under this Programme, 
each project will receive annual funding of up to equivalent of US $ 100,000 in 
respective national currencies. 
 
DST and RSF invite active Indian and Russian scientists / researchers to submit 
proposals for Joint Research Project in the following areas under DST- RSF cooperation: 
1. New Materials; 
2. Сlean energy; 
3. Smart healthcare and medicine;  
4. Safe food; 
5. Smart transport and telecommunications; 
6. Plant and Animal Bio-Technology;  
7. Artificial Intelligence; 
8. Earth Quake and Ocean Science. 
  
Proposals submitted in other research areas will not be considered. 
Terms of the project grant 
• 
The duration of each project is three years. 
• 
Project on each side to be implemented by a project team consisting of at least 4 
members and maximum up to 10 members. It is desirable that the team may consist of 
min 50% of young scientists/faculty (below 45 years). 
• 
Indian PIs should be scientists/faculty members working in a regular capacity in   
universities, 
academic 
institutes 
and 
national 
research 
and 
development 
laboratories/institutes. The Indian Principal Investigator (PI) should not be retiring or 
leaving the parent institute during the proposed duration of the project. 
• 
Project coordinators on both sides must have published at least 10 research articles 
in SCI indexed journals in last 5 years. 
• 
It is expected that each supported project would result in to at least 10 research 
publications in SCI indexed journals. 
• 
The Indian and Russian team leaders should submit identical application to 
respective nodal agency, upon consultations, using the respective forms prescribed 
by DST and RSF. Applications subm",27/03/2023,15/06/2023
भारत-रूस संयुक्ता अनुसंधान प्रस्तासव आह्वान 2023,"भारत-�स संयु� त 
अनुसंधान �� ताव आ�वान 
2023  
अं�तम तार�ख 15 जून 2023 
 
�व�ान और �ौ�यो�गक� �वभाग (डीएसट�), भारत सरकार और �सी �व�ान 
फाउंडेशन (आरएसएफ) के  बीच मौ�लक �व�ान के  �े�� म� भारत और �स म� 
संयु� त अनुसंधान �� ताव� के  �नधीयन हेतु � यव� था है। इस काय��म के  अंतग�त, 
�� येक प�रयोजना के  �लए संबं�धत रा� ��य मु�ा म� 100,000 अमर�क� डॉलर के  
समतु� य रा�श तक वा�ष�क �नधीयन �ा� त होगा।  
 
डीएसट�-आरएसएफ सहयोग के  अंतग�त डीएसट� और आरएसएफ स��य भारतीय 
और �सी वै�ा�नक�/शोध कता�ओं को �न� न�ल�खत �े�� म� संयु� त अनुसंधान 
प�रयोजना हेतु ��ताव �� तुत करने के  �लए आमं��त कर�गे:  
1. नव साम�ी; 
2. � व� छ ऊजा�; 
3. � माट� � वा� � य देखभाल तथा औष�ध; 
4. सुर��त खा�य साम�ी; 
5. � माट� प�रवहन और दूरसंचार; 
6. पौध एवं पशु जैव-�ौ�यो�गक�; 
7. कृ ��म बु��धमता; 
8. भूकं प और समु� �व�ान।  
 
अ� य अनुसंधान �े�� म� �� तुत �� ताव� पर �वचार नह�ं �कया जाएगा। प�रयोजना 
अनुदान क� शत� 
 �� येक प�रयोजना क� अव�ध तीन वष� क� होगी।  
 �� येक प� क� ओर से प�रयोजना का काया�� वयन प�रयोजना दल �वारा �कया 
जाएगा िजसम� कम से कम 4 सद� य और अ�धकतम 10 सद� य तक ह�गे। यह 
वांछनीय है �क दल म� कम से कम 50% युवा वै�ा�नक/संकाय सद� य (45 वष� 
से कम आयु के ) ह�।  
 भारतीय पीआई को �व� व�व�यालयेां, शै��णक सं� थान� तथा रा� ��य अनुसंधान 
एवं �वकास �योगशालाओं/सं� थान� म� �नय�मत पद� पर काय�रत वै�ा�नक/संकाय 
सद� य होना चा�हए। भारतीय �धान अ� वेषक (पीआई) कोई ऐसा � यि�त नह�ं 
होना चा�हए जो प�रयेाजना क� �� ता�वत अव�ध के  दौरान सेवा�नवृ� त हो रहा हो 
या मूल सं� थान को छोड़ने वाला हो।  
 दोन� प�� के  प�रयोजना सम� वयक� �वारा �पछले 5 वष� म� एससीआई 
सूचीब�ध प��काओं म� कम से कम 10 अनुसंधान लेख �का�शत �कया गया हो।  
 यह �� याशा है �क �� येक सहा�यत प�रयोजना का प�रणाम एससीआई 
सूचीब�ध प��काओं म� कम से कम 10 अनुसंधान �काशन� के  �प म� होगा।  
 भारतीय और �सी दल� के  �मुख को परामश� करके ,डीएसट� और आरएसएफ 
�वारा �नधा��रत संबं�धत �प�� का �योग करके  अपनी-अपनी नोडल एज�सी 
को स�श आवेदन �� तुत करना चा�हए। के वल एक प� �वारा �� तुत; 
�नधा��रत �प� पर न �दए गए और अं�तम तार�ख के  प� चात �ा� त आवेदन� 
को � वीकार नह�ं �कया जाएगा। अत:, भारतीय/�सी दल ",27/03/2023,15/06/2023
Call for Proposal for Geospatial Science Development under National Geospatial Programme (NGP),"GOVERNMENT OF INDIA
MINISTRY OF SCIENCE & TECHNOLOGY
DEPARTMENT OF SCIENCE & TECHNOLOGY
NATIONAL GEOSPATIAL PROGRAMME (NGP) DIVISION
dst.gov.in
Call for proposal in Geospatial Science Development
Introduction
The  Department  of  Science  and  Technology,  through  its  National  Geospatial  Programme
(erstwhile NRDMS), has been catalyzing the development of various components of the National
Geospatial Ecosystem viz. Geospatial Science and Technology, Policy, Solutions, Capacity
Building, Entrepreneurship, and International Cooperation. The ultimate goal is to strengthen
sustainable socio-economic development at all levels of governance.
To further enhance the Geospatial Science capabilities of the country and to realize this vision,
the department is now inviting proposals from organizations located in different geographic areas
for the strengthening of Geospatial Science in the Country.
Focus Areas*
Financial support will be provided to selected organizations focusing on Geospatial Science &
Development. The details are as follows (only indicative):
Geospatial Science:
A. Geospatial Data Science: 
1.
Assessing the quality of geospatial data
2.
Optimization: Optimization techniques to solve complex geospatial problems,
such as facility location, route planning, and spatial allocation of resources
3.
Generalization of spatial data: namely map generalization in various thematic
areas; Methods and Algorithms for map generalization
4.
Advanced geospatial  modelling, simulation and visualization in various thematic
areas
5.
Geospatial Big Data Analysis / Knowledge Graphs:

Spatio-temporal knowledge Graph representation 

Algorithms for inferencing on geospatial knowledge graphs
6.
High performance Big Data Computing:

Big Geospatial Data Cube Development and Analytics 
    Geospatial Embedded High-Performance Computing
    Geospatial Data/ Image Compression Techniques
7.
Exploratory Spatial Data Infrastructures:

Integration of Geospatial Natural Language Process",19/05/2023,18/06/2023
Call for Project Proposals under Technology Development Programme (TDP),"  
Page 1 of 8  
  
 GOVERNMENT OF INDIA    
MINISTRY OF SCIENCE & TECHNOLOGY    
DEPARTMENT OF SCIENCE & TECHNOLOGY    
(https://dst.gov.in) 
 
Call for Project Proposals under Technology Development Programme (TDP) 
The Department of Science & Technology (DST) plays a pivotal role in promotion of science & technology in the 
country. The Department has wide ranging activities ranging from promoting high end basic research and 
development of cutting-edge technologies on one hand to service the technological requirements of the common 
man through development of appropriate skills and technologies on the other. Through an umbrella scheme of 
Innovation Technology Development and Deployment, the Department under its Technology Development 
Programme (TDP) has been promoting and supporting activities related to indigenous development of 
innovative technologies in identified areas. During recent past, DST has supported the development of 
technologies at various R&D laboratories/ institutions. This has resulted in development and deployment of 
technologies.   
One of the key objectives of the Department of Science & Technology is to promote technology development in 
various fields. The Department has been supporting Technology development projects which include materials, 
devices and processes. The Programme supports activities aimed at developing technologies both in the 
advanced/emerging areas and in traditional sectors/areas. Under the Programme, feasibility of fresh ideas/ 
concepts is also assessed for their potential conversion into useful technology/product. 
A New Call for Proposal is planned to invite proposals from scientists/engineers/technologists working in 
academic institutions/R&D institutions/laboratories having adequate infrastructure/ facilities to carry out 
Technology Development work/prototype building. Financial support will be provided for indigenous 
development of innovative technologies in identified areas. 
DST invites R & D proposals ",26/05/2023,30/06/2023
iTBI Call for Proposals  Under NIDHI Programme," 
 
 
NATIONAL INITIATIVE FOR DEVELOPING AND HARNESSING INNOVATIONS 
(NIDHI) 
 
 
INCLUSIVE TBI (i-TBI) 
 
 
 
GUIDELINES 
AND 
PROFORMA FOR SUBMISSION OF PROPOSALS 
 
 
 
Last Date of  Submission: 30 June 2023. 5.00 pm IST 
 
 
 
 
 
 
 
 
 
 
 
 
 
 
 
 
 
Government of India 
Ministry of Science & Technology 
Department of Science & Technology 
National Science & Technology Entrepreneurship Development Board (NSTEDB) 
Technology Bhawan, New Mehrauli Road New Delhi-110016 
https://dst.gov.in/ , https://onlinedst.gov.in/ 
1 
 
i-TBI (Inclusive TBI) 
 
Intent: 
With the goal of promoting innovation and entrepreneurship and aligning its program 
with national priorities, NSTEDB, DST has been a pioneer in supporting the innovation and 
entrepreneurship ecosystem in the country. Startups have played a key role in the growth of 
Indian economy. Studies have shown that inclusion remains a fundamental challenge for tech 
based startup ecosystems. It is also evident that the value creation by the ecosystem remains 
concentrated. DST through NSTEDB intends to support institutions in regions where 
innovation and startup incubation ecosystem is at nascent stages and ‘Inclusive TBI’ can play 
a vital role in normalizing resources and value creation across the country. Study reports by 
NITI Aayog, Startup India/Invest such as ‘State Startup Ranking’ and ‘India Innovation Index 
Report’ shall provide a helping hand in identifying and supporting iTBI for geographical and 
social inclusion. One of the main intent behind establishing i-TBI is to support the country's 
vision of Atmanirbhar Bharat, by covering all the 5 I’s - Intent, Inclusion, Investment, 
Infrastructure and Innovation and create an ecosystem for growth of tech startups. 
 
About i-TBI(Inclusive TBI): 
Inclusive TBI is a three years duration initiative supported by the Department of 
Science & Technology (DST) for educational institutions who are likely to foster innovation 
and entrepreneurship culture among the",02/06/2023,30/06/2023
Call for Project Proposals under S&T for Women Programme," 
(https://dst.gov.in/) 
 
Call for Project Proposals under 
Science and Technology for Women (S&T for Women) Programme 
Last date of application: 7th July 2023 
Project proposals are invited through e-PMS Portal (https://onlinedst.gov.in/) for consideration 
of support under the programme ‘Science and Technology for Women (STW)’, initiated in 
1982, with the aim to promote gender equality and empower women with inputs of science and 
technology has nearly benefitted more than 50,000 women across the country. The programme 
supports projects related to R&D on adaptation, transfer and demonstration of appropriate 
technologies for women and establishment of Women Technology Parks on the identified 
thrust areas for Health, Nutrition, Sanitation & Hygiene; Women safety and social security; 
Agriculture- non-farm & farm; Artisans & Textile and Improving Livelihood Status of women 
as 
prime/target 
beneficiaries. 
Details 
of 
STW 
programme 
is 
available 
at 
https://dst.gov.in/programmes-innitiatives.  
i).    Women Technology Parks 
Women Technology Parks (WTP) aim to improve the weakest link of the predominant 
livelihood system of women in an area and promote social entrepreneurship and women 
employment based on the strongest link of the livelihood system through interventions of 
Science, Technology and Innovations. Efforts are being made that women in rural and peri-
urban areas receive training on live technology models demonstrated in WTPs for skill 
development and capacity building as per the requirement of S&T based interventions, using 
area specific resources, with goal of achieving self- reliance locally for economic re-growth. 
Currently, 25 Women Technology Parks are operational at various locations in the country. 
Some success stories of WTPs have been given at https://dst.gov.in/success-stories-dst.  
Objectives 
• To promote area specific natural resources and appropriate technologies for livelihood 
generation and social enterprise creation. 
• ",08/06/2023,07/07/2023
VAIshwik BHArtiya Vaigyanik (VAIBHAV) Fellowship (Ist Call),"Page 1 of 6 
 
 
 
                         
VAIshwik BHArtiya Vaigyanik (VAIBHAV) Fellowship (Ist Call) 
(For Indian Diaspora) 
(For NRI/OCI/PIO) 
Starting date: 15th June 2023 
Closing Date: 31st July 2023 
https://dst.gov.in/ 
Government of India had organized Vaishvik Bharatiya Vaigyanik (VAIBHAV) Summit to 
connect Indian STEMM diaspora with Indian Institutions. The summit was attended by more 
than 25,000 attendees. 230 panel discussion sessions were held over 23 days on 18 Verticals 
(research areas) and 80 Horizontals (sub-research areas) (see more details in following sections). 
Indian STEMM diaspora from more than 70 countries had participated in the deliberations.  
 
In this connection the Government has taken a step further to shape and implement the 
VAIBHAV programme and is announcing VAIBHAV Fellowship Call-2023 as a first step. 
The Department of Science and Technology (DST), Ministry of Science and Technology, 
Government of India, would implement the VAIBHAV Fellowship Program. DST is one of the 
Government Departments under Ministry of Science and Technology which plays the role of a 
nodal department for organizing, coordinating and promoting S&T activities in the country with 
the objective of promoting new areas of Science & Technology. 
 
 VAIBHAV Fellowship envisages a collaboration between scientists of Indian Diaspora with 
Indian Higher Educational Institutions (HEIs), Universities and/ or public funded Scientific 
Institutions. The VAIBHAV Fellow would identify an Indian Institution for collaboration and 
may spend up to two months in a year for maximum 3 years. 
 
Emoluments for the Fellowship: 
• Fellowship in INR 4 Lakh roughly (equivalent to USD 5000 per month), for minimum 01 
month   
     and maximum up to 02 months per year for a period of maximum 03 years, 
• International Travel from place of work in parent institute to place of work in India in 
business   
     class once a year, 
• Fully furnished Accommodation in guest hou",15/06/2023,31/07/2023
