proposal,skill,mapper_payload
v0_001_2nd_call_for_proposal_for_dst_sti_policy_fellowship_programme,decade,"[['D.2.2'], ['Design Tools and Techniques (REVISED)', 'Computer-aided software engineering (CASE)', 'Decision tables', 'Evolutionary prototyping (NEW)', 'Flow charts', 'Modules and interfaces', 'Object-oriented design methods (NEW)', 'Petri nets', 'Programmer workbench**', 'Software libraries', 'State diagrams (NEW)', 'Structured programming**', 'Top-down programming**', 'User interfaces'], ['design tool technique revised', 'computeraided software engineering case', 'decision table', 'evolutionary prototyping new', 'flow chart', 'module interface', 'objectoriented design method new', 'petri net', 'programmer workbench', 'software library', 'state diagram new', 'structured programming', 'topdown programming', 'user interface']]"
v0_001_2nd_call_for_proposal_for_dst_sti_policy_fellowship_programme,pace,"[['C.2.1'], ['Network Architecture and Design', 'Asynchronous Transfer Mode (ATM) (NEW)', 'Centralized networks**', 'Circuit-switching networks', 'Distributed networks', 'Frame relay networks (NEW)', 'ISDN (Integrated Services Digital Network)', 'Network communications', 'Network topology', 'Packet-switching networks (REVISED)', 'Store and forward networks', 'Wireless communication (NEW)'], ['network architecture design', 'asynchronous transfer mode atm new', 'centralized network', 'circuitswitching network', 'distributed network', 'frame relay network new', 'isdn integrated service digital network', 'network communication', 'network topology', 'packetswitching network revised', 'store forward network', 'wireless communication new']]"
v0_002_dst_daad_germany_joint_call_for_proposal_2017,general,"[['C.5.0', 'B.7.0', 'I.1.0', 'D.4.0', 'F.0', 'K.8.0', 'C.2.0', 'D.2.0', 'I.5.0', 'F.1.0', 'A.0', 'D.0', 'I.4.0', 'C.0', 'H.4.0', 'B.6.0', 'G.1.0', 'K.6.0', 'B.2.0', 'I.2.0', 'B.4.0', 'D.1.0', 'B.1.0', 'K.5.0', 'K.7.0', 'B.3.0', 'I.0', 'F.2.0', 'C.1.0', 'K.0', 'I.6.0', 'H.2.0', 'F.3.0', 'K.4.0', 'I.3.0', 'G.2.0', 'B.5.0', 'H.5.0', 'F.4.0', 'I.7.0', 'G.0', 'J.0', 'H.3.0', 'B.0', 'E.0', 'H.0', 'H.1.0', 'D.3.0', 'K.3.0'], ['General', 'General', 'General', 'General', 'GENERAL', 'General', 'Games', 'General', 'Data communications', 'Open Systems Interconnection reference model (OSI)', 'Security and protection (e.g., firewalls) (REVISED)', 'General (K.5.1)', 'Protection mechanisms', 'Standards', 'General', 'General', 'GENERAL', 'Biographies/autobiographies', 'Conference proceedings', 'General literary works (e.g., fiction, plays)', 'GENERAL', 'General', 'Image displays', 'Image processing software', 'GENERAL', 'Hardware/software interfaces', 'Instruction set design (e.g., RISC, CISC, VLIW) (REVISED)', 'Modeling of computer architecture (NEW)', 'System architectures', 'Systems specification methodology', 'General', 'General', 'General', 'Computer arithmetic', 'Conditioning (and ill-conditioning) (REVISED)', 'Error analysis', 'Interval arithmetic (NEW)', 'Multiple precision arithmetic (NEW)', 'Numerical algorithms', 'Parallel algorithms', 'Stability (and instability)', 'General', 'Economics', 'General', 'General', 'Cognitive simulation', 'Philosophical foundations', 'General', 'General', 'General', 'General', 'General', 'General', 'GENERAL', 'General', 'General', 'GENERAL', 'General', 'General', 'Security, integrity, and protection**', 'General', 'General', 'General', 'General', 'General', 'General', 'General', 'General', 'GENERAL', 'GENERAL', 'General', 'GENERAL', 'GENERAL', 'GENERAL', 'General', 'General', 'Standards', 'General'], ['general', 'general', 'general', 'general', 'general', 'general', 'game', 'general', 'data communication', 'open system interconnection reference model osi', 'security protection eg firewall revised', 'general', 'protection mechanism', 'standard', 'general', 'general', 'general', 'biographiesautobiographies', 'conference proceeding', 'general literary work eg fiction play', 'general', 'general', 'image display', 'image processing software', 'general', 'hardwaresoftware interface', 'instruction set design eg risc cisc vliw revised', 'modeling computer architecture new', 'system architecture', 'system specification methodology', 'general', 'general', 'general', 'computer arithmetic', 'conditioning illconditioning revised', 'error analysis', 'interval arithmetic new', 'multiple precision arithmetic new', 'numerical algorithm', 'parallel algorithm', 'stability instability', 'general', 'economics', 'general', 'general', 'cognitive simulation', 'philosophical foundation', 'general', 'general', 'general', 'general', 'general', 'general', 'general', 'general', 'general', 'general', 'general', 'general', 'security integrity protection', 'general', 'general', 'general', 'general', 'general', 'general', 'general', 'general', 'general', 'general', 'general', 'general', 'general', 'general', 'general', 'general', 'standard', 'general']]"
v0_003_call_for_applications_under_the_second_phase_of_the_national_geospatial_chair_professor_scheme,building,"[['B.5.3', 'B.4.5', 'B.6.2', 'B.7.3'], ['Reliability and Testing** (B.8)', 'Built-in tests**', 'Error-checking**', 'Redundant design**', 'Test generation**', 'Testability**', 'Reliability, Testing, and Fault-Tolerance** (B.8)', 'Built-in tests**', 'Diagnostics**', 'Error-checking**', 'Hardware reliability**', 'Redundant design**', 'Test generation**', 'Reliability and Testing** (B.8)', 'Built-in tests**', 'Error-checking**', 'Redundant design**', 'Test generation**', 'Testability**', 'Reliability and Testing** (B.8)', 'Built-in tests**', 'Error-checking**', 'Redundant design**', 'Test generation**', 'Testability**'], ['reliability testing', 'builtin test', 'errorchecking', 'redundant design', 'test generation', 'testability', 'reliability testing faulttolerance', 'builtin test', 'diagnostics', 'errorchecking', 'hardware reliability', 'redundant design', 'test generation', 'reliability testing', 'builtin test', 'errorchecking', 'redundant design', 'test generation', 'testability', 'reliability testing', 'builtin test', 'errorchecking', 'redundant design', 'test generation', 'testability']]"
v0_003_call_for_applications_under_the_second_phase_of_the_national_geospatial_chair_professor_scheme,capacity building,"[['C.1.3'], ['Other Architecture Styles', 'Adaptable architectures', 'Analog computers (NEW)', 'Capability architectures**', 'Cellular architecture (e.g., mobile) (REVISED)', 'Data-flow architectures', 'Heterogeneous (hybrid) systems (NEW)', 'High-level language architectures**', 'Neural nets', 'Pipeline processors (NEW)', 'Stack-oriented processors**'], ['architecture style', 'adaptable architecture', 'analog computer new', 'capability architecture', 'cellular architecture eg mobile revised', 'dataflow architecture', 'heterogeneous hybrid system new', 'highlevel language architecture', 'neural net', 'pipeline processor new', 'stackoriented processor']]"
v0_003_call_for_applications_under_the_second_phase_of_the_national_geospatial_chair_professor_scheme,chair,"[['G.1.7'], ['Ordinary Differential Equations', 'Boundary value problems', 'Chaotic systems (NEW)', 'Convergence and stability', 'Differential-algebraic equations (NEW)', 'Error analysis', 'Finite difference methods (NEW)', 'Initial value problems', 'Multistep and multivalue methods (REVISED)', 'One-step (single step) methods (REVISED)', 'Stiff equations'], ['ordinary differential equation', 'boundary value problem', 'chaotic system new', 'convergence stability', 'differentialalgebraic equation new', 'error analysis', 'finite difference method new', 'initial value problem', 'multistep multivalue method revised', 'onestep single step method revised', 'stiff equation']]"
v0_003_call_for_applications_under_the_second_phase_of_the_national_geospatial_chair_professor_scheme,decade,"[['D.2.2'], ['Design Tools and Techniques (REVISED)', 'Computer-aided software engineering (CASE)', 'Decision tables', 'Evolutionary prototyping (NEW)', 'Flow charts', 'Modules and interfaces', 'Object-oriented design methods (NEW)', 'Petri nets', 'Programmer workbench**', 'Software libraries', 'State diagrams (NEW)', 'Structured programming**', 'Top-down programming**', 'User interfaces'], ['design tool technique revised', 'computeraided software engineering case', 'decision table', 'evolutionary prototyping new', 'flow chart', 'module interface', 'objectoriented design method new', 'petri net', 'programmer workbench', 'software library', 'state diagram new', 'structured programming', 'topdown programming', 'user interface']]"
v0_003_call_for_applications_under_the_second_phase_of_the_national_geospatial_chair_professor_scheme,demand,"[['E.3'], ['DATA ENCRYPTION', 'Code breaking (NEW)', 'Data encryption standard (DES)**', 'Public key cryptosystems', 'Standards (e.g., DES, PGP, RSA) (NEW)'], ['data encryption', 'code breaking new', 'data encryption standard de', 'public key cryptosystems', 'standard eg de pgp rsa new']]"
v0_004_advertisement_for_submission_of_research_proposal_under_cognitive_science_research_initiative,artificial intelligence,"[['I.2'], ['ARTIFICIAL INTELLIGENCE'], ['artificial intelligence']]"
v0_004_advertisement_for_submission_of_research_proposal_under_cognitive_science_research_initiative,computer,"[['I.5.4'], ['Applications', 'Computer vision', 'Signal processing', 'Text processing', 'Waveform analysis'], ['application', 'computer vision', 'signal processing', 'text processing', 'waveform analysis']]"
v0_004_advertisement_for_submission_of_research_proposal_under_cognitive_science_research_initiative,design,"[['B.5.1', 'D.2.10'], ['Design', 'Arithmetic and logic units', 'Control design', 'Data-path design', 'Memory design', 'Styles (e.g., parallel, pipeline, special-purpose)', 'Design** (D.2.2)', 'Methodologies**', 'Representation**'], ['design', 'arithmetic logic unit', 'control design', 'datapath design', 'memory design', 'style eg parallel pipeline specialpurpose', 'design', 'methodology', 'representation']]"
v0_004_advertisement_for_submission_of_research_proposal_under_cognitive_science_research_initiative,modeling,"[['I.3.5'], ['Computational Geometry and Object Modeling', 'Boundary representations', 'Constructive solid geometry (CSG)**', 'Curve, surface, solid, and object representations', 'Geometric algorithms, languages, and systems', 'Hierarchy and geometric transformations', 'Modeling packages', 'Object hierarchies', 'Physically based modeling', 'Splines'], ['computational geometry object modeling', 'boundary representation', 'constructive solid geometry csg', 'curve surface solid object representation', 'geometric algorithm language system', 'hierarchy geometric transformation', 'modeling package', 'object hierarchy', 'physically based modeling', 'spline']]"
v0_004_advertisement_for_submission_of_research_proposal_under_cognitive_science_research_initiative,software,"[['D'], [], []]"
v0_005_invites_science_and_technology_project_proposals___ministry_of_mines,aspect,"[['J.2'], ['PHYSICAL SCIENCES AND ENGINEERING', 'Aerospace', 'Archaeology (NEW)', 'Astronomy', 'Chemistry', 'Earth and atmospheric sciences', 'Electronics', 'Engineering', 'Mathematics and statistics', 'Physics'], ['physical science engineering', 'aerospace', 'archaeology new', 'astronomy', 'chemistry', 'earth atmospheric science', 'electronics', 'engineering', 'mathematics statistic', 'physic']]"
v0_005_invites_science_and_technology_project_proposals___ministry_of_mines,efficiency,"[['H.3.4'], ['Systems and Software', 'Current awareness systems (selective dissemination of information--SDI)**', 'Distributed systems (NEW)', 'Information networks', 'Performance evaluation (efficiency and effectiveness) (NEW)', 'Question-answering (fact retrieval) systems**', 'User profiles and alert services (NEW)'], ['system software', 'current awareness system selective dissemination informationsdi', 'distributed system new', 'information network', 'performance evaluation efficiency effectiveness new', 'questionanswering fact retrieval system', 'user profile alert service new']]"
v0_005_invites_science_and_technology_project_proposals___ministry_of_mines,input,"[['D.3.3', 'D.4.4'], ['Language Constructs and Features (E.2)', 'Abstract data types', 'Classes and objects (NEW)', 'Concurrent programming structures', 'Constraints (NEW)', 'Control structures', 'Coroutines', 'Data types and structures', 'Dynamic storage management', 'Frameworks (NEW)', 'Inheritance (NEW)', 'Input/output', 'Modules, packages', 'Patterns (NEW)', 'Polymorphism (NEW)', 'Procedures, functions, and subroutines', 'Recursion', 'Communications Management (C.2)', 'Buffering', 'Input/output', 'Message sending', 'Network communication', 'Terminal management**'], ['language construct feature', 'abstract data type', 'class object new', 'concurrent programming structure', 'constraint new', 'control structure', 'coroutines', 'data type structure', 'dynamic storage management', 'framework new', 'inheritance new', 'inputoutput', 'module package', 'pattern new', 'polymorphism new', 'procedure function subroutine', 'recursion', 'communication management', 'buffering', 'inputoutput', 'message sending', 'network communication', 'terminal management']]"
v0_005_invites_science_and_technology_project_proposals___ministry_of_mines,land,"[['H.2.3', 'D.2.1', 'I.7.1', 'I.3.6'], ['Languages (D.3.2)', 'Data description languages (DDL)', 'Data manipulation languages (DML)', 'Database (persistent) programming languages', 'Query languages', 'Report writers', 'Requirements/Specifications (D.3.1)', 'Elicitation methods (e.g., rapid prototyping, interviews, JAD) (NEW)', 'Languages', 'Methodologies (e.g., object-oriented, structured) (REVISED)', 'Tools', 'Document and Text Editing (REVISED)', 'Document management (NEW)', 'Languages**', 'Spelling**', 'Version control (NEW)', 'Methodology and Techniques', 'Device independence**', 'Ergonomics', 'Graphics data structures and data types', 'Interaction techniques', 'Languages', 'Standards'], ['language', 'data description language ddl', 'data manipulation language dml', 'database persistent programming language', 'query language', 'report writer', 'requirementsspecifications', 'elicitation method eg rapid prototyping interview jad new', 'language', 'methodology eg objectoriented structured revised', 'tool', 'document text editing revised', 'document management new', 'language', 'spelling', 'version control new', 'methodology technique', 'device independence', 'ergonomics', 'graphic data structure data type', 'interaction technique', 'language', 'standard']]"
v0_005_invites_science_and_technology_project_proposals___ministry_of_mines,material,"[['G.1.3'], ['Numerical Linear Algebra', 'Conditioning', 'Determinants**', 'Eigenvalues and eigenvectors (direct and iterative methods) (REVISED)', 'Error analysis', 'Linear systems (direct and iterative methods)', 'Matrix inversion', 'Pseudoinverses**', 'Singular value decomposition (NEW)', 'Sparse, structured, and very large systems (direct and iterative methods) (REVISED)'], ['numerical linear algebra', 'conditioning', 'determinant', 'eigenvalue eigenvectors direct iterative method revised', 'error analysis', 'linear system direct iterative method', 'matrix inversion', 'pseudoinverses', 'singular value decomposition new', 'sparse structured large system direct iterative method revised']]"
v0_005_invites_science_and_technology_project_proposals___ministry_of_mines,sea,"[['F.2.2'], ['Nonnumerical Algorithms and Problems (E.2-5, G.2, H.2-3)', 'Complexity of proof procedures', 'Computations on discrete structures', 'Geometrical problems and computations', 'Pattern matching', 'Routing and layout', 'Sequencing and scheduling', 'Sorting and searching'], ['nonnumerical algorithm problem', 'complexity proof procedure', 'computation discrete structure', 'geometrical problem computation', 'pattern matching', 'routing layout', 'sequencing scheduling', 'sorting searching']]"
v0_005_invites_science_and_technology_project_proposals___ministry_of_mines,waste,"[['G.1.2'], ['Approximation', 'Approximation of surfaces and contours (NEW)', 'Chebyshev approximation and theory', 'Elementary function approximation', 'Fast Fourier transforms (FFT) (NEW)', 'Least squares approximation', 'Linear approximation', 'Minimax approximation and algorithms', 'Nonlinear approximation', 'Rational approximation', 'Special function approximations (NEW)', 'Spline and piecewise polynomial approximation', 'Wavelets and fractals (NEW)'], ['approximation', 'approximation surface contour new', 'chebyshev approximation theory', 'elementary function approximation', 'fast fourier transforms fft new', 'least square approximation', 'linear approximation', 'minimax approximation algorithm', 'nonlinear approximation', 'rational approximation', 'special function approximation new', 'spline piecewise polynomial approximation', 'wavelet fractal new']]"
v0_006_call_for_proposals_under_india_republic_of_korea_joint_programme_of_cooperation,engineering,"[['J.2'], ['PHYSICAL SCIENCES AND ENGINEERING', 'Aerospace', 'Archaeology (NEW)', 'Astronomy', 'Chemistry', 'Earth and atmospheric sciences', 'Electronics', 'Engineering', 'Mathematics and statistics', 'Physics'], ['physical science engineering', 'aerospace', 'archaeology new', 'astronomy', 'chemistry', 'earth atmospheric science', 'electronics', 'engineering', 'mathematics statistic', 'physic']]"
v0_007_india___korea_joint_network_centre___call_for_proposals___last_date___august_16_2017,engineering,"[['J.2'], ['PHYSICAL SCIENCES AND ENGINEERING', 'Aerospace', 'Archaeology (NEW)', 'Astronomy', 'Chemistry', 'Earth and atmospheric sciences', 'Electronics', 'Engineering', 'Mathematics and statistics', 'Physics'], ['physical science engineering', 'aerospace', 'archaeology new', 'astronomy', 'chemistry', 'earth atmospheric science', 'electronics', 'engineering', 'mathematics statistic', 'physic']]"
v0_007_india___korea_joint_network_centre___call_for_proposals___last_date___august_16_2017,material,"[['G.1.3'], ['Numerical Linear Algebra', 'Conditioning', 'Determinants**', 'Eigenvalues and eigenvectors (direct and iterative methods) (REVISED)', 'Error analysis', 'Linear systems (direct and iterative methods)', 'Matrix inversion', 'Pseudoinverses**', 'Singular value decomposition (NEW)', 'Sparse, structured, and very large systems (direct and iterative methods) (REVISED)'], ['numerical linear algebra', 'conditioning', 'determinant', 'eigenvalue eigenvectors direct iterative method revised', 'error analysis', 'linear system direct iterative method', 'matrix inversion', 'pseudoinverses', 'singular value decomposition new', 'sparse structured large system direct iterative method revised']]"
v0_008_bhaskara_advanced_solar_energy_base_fellowship__2017,general,"[['C.5.0', 'B.7.0', 'I.1.0', 'D.4.0', 'F.0', 'K.8.0', 'C.2.0', 'D.2.0', 'I.5.0', 'F.1.0', 'A.0', 'D.0', 'I.4.0', 'C.0', 'H.4.0', 'B.6.0', 'G.1.0', 'K.6.0', 'B.2.0', 'I.2.0', 'B.4.0', 'D.1.0', 'B.1.0', 'K.5.0', 'K.7.0', 'B.3.0', 'I.0', 'F.2.0', 'C.1.0', 'K.0', 'I.6.0', 'H.2.0', 'F.3.0', 'K.4.0', 'I.3.0', 'G.2.0', 'B.5.0', 'H.5.0', 'F.4.0', 'I.7.0', 'G.0', 'J.0', 'H.3.0', 'B.0', 'E.0', 'H.0', 'H.1.0', 'D.3.0', 'K.3.0'], ['General', 'General', 'General', 'General', 'GENERAL', 'General', 'Games', 'General', 'Data communications', 'Open Systems Interconnection reference model (OSI)', 'Security and protection (e.g., firewalls) (REVISED)', 'General (K.5.1)', 'Protection mechanisms', 'Standards', 'General', 'General', 'GENERAL', 'Biographies/autobiographies', 'Conference proceedings', 'General literary works (e.g., fiction, plays)', 'GENERAL', 'General', 'Image displays', 'Image processing software', 'GENERAL', 'Hardware/software interfaces', 'Instruction set design (e.g., RISC, CISC, VLIW) (REVISED)', 'Modeling of computer architecture (NEW)', 'System architectures', 'Systems specification methodology', 'General', 'General', 'General', 'Computer arithmetic', 'Conditioning (and ill-conditioning) (REVISED)', 'Error analysis', 'Interval arithmetic (NEW)', 'Multiple precision arithmetic (NEW)', 'Numerical algorithms', 'Parallel algorithms', 'Stability (and instability)', 'General', 'Economics', 'General', 'General', 'Cognitive simulation', 'Philosophical foundations', 'General', 'General', 'General', 'General', 'General', 'General', 'GENERAL', 'General', 'General', 'GENERAL', 'General', 'General', 'Security, integrity, and protection**', 'General', 'General', 'General', 'General', 'General', 'General', 'General', 'General', 'GENERAL', 'GENERAL', 'General', 'GENERAL', 'GENERAL', 'GENERAL', 'General', 'General', 'Standards', 'General'], ['general', 'general', 'general', 'general', 'general', 'general', 'game', 'general', 'data communication', 'open system interconnection reference model osi', 'security protection eg firewall revised', 'general', 'protection mechanism', 'standard', 'general', 'general', 'general', 'biographiesautobiographies', 'conference proceeding', 'general literary work eg fiction play', 'general', 'general', 'image display', 'image processing software', 'general', 'hardwaresoftware interface', 'instruction set design eg risc cisc vliw revised', 'modeling computer architecture new', 'system architecture', 'system specification methodology', 'general', 'general', 'general', 'computer arithmetic', 'conditioning illconditioning revised', 'error analysis', 'interval arithmetic new', 'multiple precision arithmetic new', 'numerical algorithm', 'parallel algorithm', 'stability instability', 'general', 'economics', 'general', 'general', 'cognitive simulation', 'philosophical foundation', 'general', 'general', 'general', 'general', 'general', 'general', 'general', 'general', 'general', 'general', 'general', 'general', 'security integrity protection', 'general', 'general', 'general', 'general', 'general', 'general', 'general', 'general', 'general', 'general', 'general', 'general', 'general', 'general', 'general', 'general', 'standard', 'general']]"
v0_009_building_energy_efficiency_higher_and_advanced_network_bhavan_fellowships__2017,building,"[['B.5.3', 'B.4.5', 'B.6.2', 'B.7.3'], ['Reliability and Testing** (B.8)', 'Built-in tests**', 'Error-checking**', 'Redundant design**', 'Test generation**', 'Testability**', 'Reliability, Testing, and Fault-Tolerance** (B.8)', 'Built-in tests**', 'Diagnostics**', 'Error-checking**', 'Hardware reliability**', 'Redundant design**', 'Test generation**', 'Reliability and Testing** (B.8)', 'Built-in tests**', 'Error-checking**', 'Redundant design**', 'Test generation**', 'Testability**', 'Reliability and Testing** (B.8)', 'Built-in tests**', 'Error-checking**', 'Redundant design**', 'Test generation**', 'Testability**'], ['reliability testing', 'builtin test', 'errorchecking', 'redundant design', 'test generation', 'testability', 'reliability testing faulttolerance', 'builtin test', 'diagnostics', 'errorchecking', 'hardware reliability', 'redundant design', 'test generation', 'reliability testing', 'builtin test', 'errorchecking', 'redundant design', 'test generation', 'testability', 'reliability testing', 'builtin test', 'errorchecking', 'redundant design', 'test generation', 'testability']]"
v0_009_building_energy_efficiency_higher_and_advanced_network_bhavan_fellowships__2017,efficiency,"[['H.3.4'], ['Systems and Software', 'Current awareness systems (selective dissemination of information--SDI)**', 'Distributed systems (NEW)', 'Information networks', 'Performance evaluation (efficiency and effectiveness) (NEW)', 'Question-answering (fact retrieval) systems**', 'User profiles and alert services (NEW)'], ['system software', 'current awareness system selective dissemination informationsdi', 'distributed system new', 'information network', 'performance evaluation efficiency effectiveness new', 'questionanswering fact retrieval system', 'user profile alert service new']]"
v0_010_dst___rcn_norway_joint_call_on_ict_2017,environment,"[['I.6.7'], ['Simulation Support Systems', 'Environments'], ['simulation support system', 'environment']]"
v0_011_call___india_japan_cooperative_science_programme_ijcsp,engineering,"[['J.2'], ['PHYSICAL SCIENCES AND ENGINEERING', 'Aerospace', 'Archaeology (NEW)', 'Astronomy', 'Chemistry', 'Earth and atmospheric sciences', 'Electronics', 'Engineering', 'Mathematics and statistics', 'Physics'], ['physical science engineering', 'aerospace', 'archaeology new', 'astronomy', 'chemistry', 'earth atmospheric science', 'electronics', 'engineering', 'mathematics statistic', 'physic']]"
v0_011_call___india_japan_cooperative_science_programme_ijcsp,fundamental,"[['D.3.3'], ['Language Constructs and Features (E.2)', 'Abstract data types', 'Classes and objects (NEW)', 'Concurrent programming structures', 'Constraints (NEW)', 'Control structures', 'Coroutines', 'Data types and structures', 'Dynamic storage management', 'Frameworks (NEW)', 'Inheritance (NEW)', 'Input/output', 'Modules, packages', 'Patterns (NEW)', 'Polymorphism (NEW)', 'Procedures, functions, and subroutines', 'Recursion'], ['language construct feature', 'abstract data type', 'class object new', 'concurrent programming structure', 'constraint new', 'control structure', 'coroutines', 'data type structure', 'dynamic storage management', 'framework new', 'inheritance new', 'inputoutput', 'module package', 'pattern new', 'polymorphism new', 'procedure function subroutine', 'recursion']]"
v0_011_call___india_japan_cooperative_science_programme_ijcsp,global warming,"[['G.1.6'], ['Optimization', 'Constrained optimization', 'Convex programming (NEW)', 'Global optimization (NEW)', 'Gradient methods', 'Integer programming', 'Least squares methods', 'Linear programming', 'Nonlinear programming', 'Quadratic programming methods (NEW)', 'Simulated annealing (NEW)', 'Stochastic programming (NEW)', 'Unconstrained optimization (NEW)'], ['optimization', 'constrained optimization', 'convex programming new', 'global optimization new', 'gradient method', 'integer programming', 'least square method', 'linear programming', 'nonlinear programming', 'quadratic programming method new', 'simulated annealing new', 'stochastic programming new', 'unconstrained optimization new']]"
v0_011_call___india_japan_cooperative_science_programme_ijcsp,material,"[['G.1.3'], ['Numerical Linear Algebra', 'Conditioning', 'Determinants**', 'Eigenvalues and eigenvectors (direct and iterative methods) (REVISED)', 'Error analysis', 'Linear systems (direct and iterative methods)', 'Matrix inversion', 'Pseudoinverses**', 'Singular value decomposition (NEW)', 'Sparse, structured, and very large systems (direct and iterative methods) (REVISED)'], ['numerical linear algebra', 'conditioning', 'determinant', 'eigenvalue eigenvectors direct iterative method revised', 'error analysis', 'linear system direct iterative method', 'matrix inversion', 'pseudoinverses', 'singular value decomposition new', 'sparse structured large system direct iterative method revised']]"
v0_011_call___india_japan_cooperative_science_programme_ijcsp,polymer,"[['D.3.3'], ['Language Constructs and Features (E.2)', 'Abstract data types', 'Classes and objects (NEW)', 'Concurrent programming structures', 'Constraints (NEW)', 'Control structures', 'Coroutines', 'Data types and structures', 'Dynamic storage management', 'Frameworks (NEW)', 'Inheritance (NEW)', 'Input/output', 'Modules, packages', 'Patterns (NEW)', 'Polymorphism (NEW)', 'Procedures, functions, and subroutines', 'Recursion'], ['language construct feature', 'abstract data type', 'class object new', 'concurrent programming structure', 'constraint new', 'control structure', 'coroutines', 'data type structure', 'dynamic storage management', 'framework new', 'inheritance new', 'inputoutput', 'module package', 'pattern new', 'polymorphism new', 'procedure function subroutine', 'recursion']]"
v0_011_call___india_japan_cooperative_science_programme_ijcsp,synthesis,"[['D.3.1'], ['Formal Definitions and Theory (D.2.1, F.3.1-2, F.4.2-3)', 'Semantics', 'Syntax'], ['formal definition theory', 'semantics', 'syntax']]"
v0_012_national_award_for_women_development_through_application_of_science__technology,design,"[['B.5.1', 'D.2.10'], ['Design', 'Arithmetic and logic units', 'Control design', 'Data-path design', 'Memory design', 'Styles (e.g., parallel, pipeline, special-purpose)', 'Design** (D.2.2)', 'Methodologies**', 'Representation**'], ['design', 'arithmetic logic unit', 'control design', 'datapath design', 'memory design', 'style eg parallel pipeline specialpurpose', 'design', 'methodology', 'representation']]"
v0_012_national_award_for_women_development_through_application_of_science__technology,woman,"[['D.4.6', 'K.6.5'], ['Security and Protection (K.6.5)', 'Access controls', 'Authentication', 'Cryptographic controls', 'Information flow controls', 'Invasive software (e.g., viruses, worms, Trojan horses)', 'Security kernels**', 'Verification**', 'Security and Protection (D.4.6, K.4.2)', 'Authentication', 'Insurance**', 'Invasive software (e.g., viruses, worms, Trojan horses)', 'Physical security**', 'Unauthorized access (e.g., hacking, phreaking) (NEW)'], ['security protection', 'access control', 'authentication', 'cryptographic control', 'information flow control', 'invasive software eg virus worm trojan horse', 'security kernel', 'verification', 'security protection', 'authentication', 'insurance', 'invasive software eg virus worm trojan horse', 'physical security', 'unauthorized access eg hacking phreaking new']]"
v0_013_national_awards_for_science__technology_communication_2017,general,"[['C.5.0', 'B.7.0', 'I.1.0', 'D.4.0', 'F.0', 'K.8.0', 'C.2.0', 'D.2.0', 'I.5.0', 'F.1.0', 'A.0', 'D.0', 'I.4.0', 'C.0', 'H.4.0', 'B.6.0', 'G.1.0', 'K.6.0', 'B.2.0', 'I.2.0', 'B.4.0', 'D.1.0', 'B.1.0', 'K.5.0', 'K.7.0', 'B.3.0', 'I.0', 'F.2.0', 'C.1.0', 'K.0', 'I.6.0', 'H.2.0', 'F.3.0', 'K.4.0', 'I.3.0', 'G.2.0', 'B.5.0', 'H.5.0', 'F.4.0', 'I.7.0', 'G.0', 'J.0', 'H.3.0', 'B.0', 'E.0', 'H.0', 'H.1.0', 'D.3.0', 'K.3.0'], ['General', 'General', 'General', 'General', 'GENERAL', 'General', 'Games', 'General', 'Data communications', 'Open Systems Interconnection reference model (OSI)', 'Security and protection (e.g., firewalls) (REVISED)', 'General (K.5.1)', 'Protection mechanisms', 'Standards', 'General', 'General', 'GENERAL', 'Biographies/autobiographies', 'Conference proceedings', 'General literary works (e.g., fiction, plays)', 'GENERAL', 'General', 'Image displays', 'Image processing software', 'GENERAL', 'Hardware/software interfaces', 'Instruction set design (e.g., RISC, CISC, VLIW) (REVISED)', 'Modeling of computer architecture (NEW)', 'System architectures', 'Systems specification methodology', 'General', 'General', 'General', 'Computer arithmetic', 'Conditioning (and ill-conditioning) (REVISED)', 'Error analysis', 'Interval arithmetic (NEW)', 'Multiple precision arithmetic (NEW)', 'Numerical algorithms', 'Parallel algorithms', 'Stability (and instability)', 'General', 'Economics', 'General', 'General', 'Cognitive simulation', 'Philosophical foundations', 'General', 'General', 'General', 'General', 'General', 'General', 'GENERAL', 'General', 'General', 'GENERAL', 'General', 'General', 'Security, integrity, and protection**', 'General', 'General', 'General', 'General', 'General', 'General', 'General', 'General', 'GENERAL', 'GENERAL', 'General', 'GENERAL', 'GENERAL', 'GENERAL', 'General', 'General', 'Standards', 'General'], ['general', 'general', 'general', 'general', 'general', 'general', 'game', 'general', 'data communication', 'open system interconnection reference model osi', 'security protection eg firewall revised', 'general', 'protection mechanism', 'standard', 'general', 'general', 'general', 'biographiesautobiographies', 'conference proceeding', 'general literary work eg fiction play', 'general', 'general', 'image display', 'image processing software', 'general', 'hardwaresoftware interface', 'instruction set design eg risc cisc vliw revised', 'modeling computer architecture new', 'system architecture', 'system specification methodology', 'general', 'general', 'general', 'computer arithmetic', 'conditioning illconditioning revised', 'error analysis', 'interval arithmetic new', 'multiple precision arithmetic new', 'numerical algorithm', 'parallel algorithm', 'stability instability', 'general', 'economics', 'general', 'general', 'cognitive simulation', 'philosophical foundation', 'general', 'general', 'general', 'general', 'general', 'general', 'general', 'general', 'general', 'general', 'general', 'general', 'security integrity protection', 'general', 'general', 'general', 'general', 'general', 'general', 'general', 'general', 'general', 'general', 'general', 'general', 'general', 'general', 'general', 'general', 'standard', 'general']]"
v0_014_dst___ukieri_call_for_research_proposals_2017__18,advance,"[['B.7.1'], ['Types and Design Styles', 'Advanced technologies', 'Algorithms implemented in hardware', 'Gate arrays', 'Input/output circuits', 'Memory technologies', 'Microprocessors and microcomputers', 'Standard cells**', 'VLSI (very large scale integration)'], ['type design style', 'advanced technology', 'algorithm implemented hardware', 'gate array', 'inputoutput circuit', 'memory technology', 'microprocessor microcomputer', 'standard cell', 'vlsi large scale integration']]"
v0_015_request_for_proposals_india_italy_industrial_rd,general,"[['C.5.0', 'B.7.0', 'I.1.0', 'D.4.0', 'F.0', 'K.8.0', 'C.2.0', 'D.2.0', 'I.5.0', 'F.1.0', 'A.0', 'D.0', 'I.4.0', 'C.0', 'H.4.0', 'B.6.0', 'G.1.0', 'K.6.0', 'B.2.0', 'I.2.0', 'B.4.0', 'D.1.0', 'B.1.0', 'K.5.0', 'K.7.0', 'B.3.0', 'I.0', 'F.2.0', 'C.1.0', 'K.0', 'I.6.0', 'H.2.0', 'F.3.0', 'K.4.0', 'I.3.0', 'G.2.0', 'B.5.0', 'H.5.0', 'F.4.0', 'I.7.0', 'G.0', 'J.0', 'H.3.0', 'B.0', 'E.0', 'H.0', 'H.1.0', 'D.3.0', 'K.3.0'], ['General', 'General', 'General', 'General', 'GENERAL', 'General', 'Games', 'General', 'Data communications', 'Open Systems Interconnection reference model (OSI)', 'Security and protection (e.g., firewalls) (REVISED)', 'General (K.5.1)', 'Protection mechanisms', 'Standards', 'General', 'General', 'GENERAL', 'Biographies/autobiographies', 'Conference proceedings', 'General literary works (e.g., fiction, plays)', 'GENERAL', 'General', 'Image displays', 'Image processing software', 'GENERAL', 'Hardware/software interfaces', 'Instruction set design (e.g., RISC, CISC, VLIW) (REVISED)', 'Modeling of computer architecture (NEW)', 'System architectures', 'Systems specification methodology', 'General', 'General', 'General', 'Computer arithmetic', 'Conditioning (and ill-conditioning) (REVISED)', 'Error analysis', 'Interval arithmetic (NEW)', 'Multiple precision arithmetic (NEW)', 'Numerical algorithms', 'Parallel algorithms', 'Stability (and instability)', 'General', 'Economics', 'General', 'General', 'Cognitive simulation', 'Philosophical foundations', 'General', 'General', 'General', 'General', 'General', 'General', 'GENERAL', 'General', 'General', 'GENERAL', 'General', 'General', 'Security, integrity, and protection**', 'General', 'General', 'General', 'General', 'General', 'General', 'General', 'General', 'GENERAL', 'GENERAL', 'General', 'GENERAL', 'GENERAL', 'GENERAL', 'General', 'General', 'Standards', 'General'], ['general', 'general', 'general', 'general', 'general', 'general', 'game', 'general', 'data communication', 'open system interconnection reference model osi', 'security protection eg firewall revised', 'general', 'protection mechanism', 'standard', 'general', 'general', 'general', 'biographiesautobiographies', 'conference proceeding', 'general literary work eg fiction play', 'general', 'general', 'image display', 'image processing software', 'general', 'hardwaresoftware interface', 'instruction set design eg risc cisc vliw revised', 'modeling computer architecture new', 'system architecture', 'system specification methodology', 'general', 'general', 'general', 'computer arithmetic', 'conditioning illconditioning revised', 'error analysis', 'interval arithmetic new', 'multiple precision arithmetic new', 'numerical algorithm', 'parallel algorithm', 'stability instability', 'general', 'economics', 'general', 'general', 'cognitive simulation', 'philosophical foundation', 'general', 'general', 'general', 'general', 'general', 'general', 'general', 'general', 'general', 'general', 'general', 'general', 'security integrity protection', 'general', 'general', 'general', 'general', 'general', 'general', 'general', 'general', 'general', 'general', 'general', 'general', 'general', 'general', 'general', 'general', 'standard', 'general']]"
v0_016_call_for_proposals_2017___indo_hungarian_joint_research,instrument,"[['C.0'], ['GENERAL', 'Hardware/software interfaces', 'Instruction set design (e.g., RISC, CISC, VLIW) (REVISED)', 'Modeling of computer architecture (NEW)', 'System architectures', 'Systems specification methodology'], ['general', 'hardwaresoftware interface', 'instruction set design eg risc cisc vliw revised', 'modeling computer architecture new', 'system architecture', 'system specification methodology']]"
v0_016_call_for_proposals_2017___indo_hungarian_joint_research,recommendation,"[['E.1'], ['DATA STRUCTURES', 'Arrays', 'Distributed data structures (NEW)', 'Graphs and networks (REVISED)', 'Lists, stacks, and queues (REVISED)', 'Records (NEW)', 'Tables**', 'Trees'], ['data structure', 'array', 'distributed data structure new', 'graph network revised', 'list stack queue revised', 'record new', 'table', 'tree']]"
v0_017_indo_norway_joint_call_on_bio_economy,land,"[['H.2.3', 'D.2.1', 'I.7.1', 'I.3.6'], ['Languages (D.3.2)', 'Data description languages (DDL)', 'Data manipulation languages (DML)', 'Database (persistent) programming languages', 'Query languages', 'Report writers', 'Requirements/Specifications (D.3.1)', 'Elicitation methods (e.g., rapid prototyping, interviews, JAD) (NEW)', 'Languages', 'Methodologies (e.g., object-oriented, structured) (REVISED)', 'Tools', 'Document and Text Editing (REVISED)', 'Document management (NEW)', 'Languages**', 'Spelling**', 'Version control (NEW)', 'Methodology and Techniques', 'Device independence**', 'Ergonomics', 'Graphics data structures and data types', 'Interaction techniques', 'Languages', 'Standards'], ['language', 'data description language ddl', 'data manipulation language dml', 'database persistent programming language', 'query language', 'report writer', 'requirementsspecifications', 'elicitation method eg rapid prototyping interview jad new', 'language', 'methodology eg objectoriented structured revised', 'tool', 'document text editing revised', 'document management new', 'language', 'spelling', 'version control new', 'methodology technique', 'device independence', 'ergonomics', 'graphic data structure data type', 'interaction technique', 'language', 'standard']]"
v0_018_joint_call_between_india_and_austria_for_exchange_visits,family,"[['F.2.1'], ['Numerical Algorithms and Problems (G.1, G.4, I.1)', 'Computation of transforms (e.g., fast Fourier transform)', 'Computations in finite fields', 'Computations on matrices', 'Computations on polynomials', 'Number-theoretic computations (e.g., factoring, primality testing)'], ['numerical algorithm problem', 'computation transforms eg fast fourier transform', 'computation finite field', 'computation matrix', 'computation polynomial', 'numbertheoretic computation eg factoring primality testing']]"
v0_019_dst_dfg_awards_for_participation_in_the_68th_meeting_of_nobel_laureates__students_lindau_germany,aspect,"[['J.2'], ['PHYSICAL SCIENCES AND ENGINEERING', 'Aerospace', 'Archaeology (NEW)', 'Astronomy', 'Chemistry', 'Earth and atmospheric sciences', 'Electronics', 'Engineering', 'Mathematics and statistics', 'Physics'], ['physical science engineering', 'aerospace', 'archaeology new', 'astronomy', 'chemistry', 'earth atmospheric science', 'electronics', 'engineering', 'mathematics statistic', 'physic']]"
v0_020_advertisement_for_call_for_proposal_for_dst_nrdms_summerwinter_schools_in_geospatial_st___2017___2019,building,"[['B.5.3', 'B.4.5', 'B.6.2', 'B.7.3'], ['Reliability and Testing** (B.8)', 'Built-in tests**', 'Error-checking**', 'Redundant design**', 'Test generation**', 'Testability**', 'Reliability, Testing, and Fault-Tolerance** (B.8)', 'Built-in tests**', 'Diagnostics**', 'Error-checking**', 'Hardware reliability**', 'Redundant design**', 'Test generation**', 'Reliability and Testing** (B.8)', 'Built-in tests**', 'Error-checking**', 'Redundant design**', 'Test generation**', 'Testability**', 'Reliability and Testing** (B.8)', 'Built-in tests**', 'Error-checking**', 'Redundant design**', 'Test generation**', 'Testability**'], ['reliability testing', 'builtin test', 'errorchecking', 'redundant design', 'test generation', 'testability', 'reliability testing faulttolerance', 'builtin test', 'diagnostics', 'errorchecking', 'hardware reliability', 'redundant design', 'test generation', 'reliability testing', 'builtin test', 'errorchecking', 'redundant design', 'test generation', 'testability', 'reliability testing', 'builtin test', 'errorchecking', 'redundant design', 'test generation', 'testability']]"
v0_020_advertisement_for_call_for_proposal_for_dst_nrdms_summerwinter_schools_in_geospatial_st___2017___2019,capacity building,"[['C.1.3'], ['Other Architecture Styles', 'Adaptable architectures', 'Analog computers (NEW)', 'Capability architectures**', 'Cellular architecture (e.g., mobile) (REVISED)', 'Data-flow architectures', 'Heterogeneous (hybrid) systems (NEW)', 'High-level language architectures**', 'Neural nets', 'Pipeline processors (NEW)', 'Stack-oriented processors**'], ['architecture style', 'adaptable architecture', 'analog computer new', 'capability architecture', 'cellular architecture eg mobile revised', 'dataflow architecture', 'heterogeneous hybrid system new', 'highlevel language architecture', 'neural net', 'pipeline processor new', 'stackoriented processor']]"
v0_020_advertisement_for_call_for_proposal_for_dst_nrdms_summerwinter_schools_in_geospatial_st___2017___2019,decade,"[['D.2.2'], ['Design Tools and Techniques (REVISED)', 'Computer-aided software engineering (CASE)', 'Decision tables', 'Evolutionary prototyping (NEW)', 'Flow charts', 'Modules and interfaces', 'Object-oriented design methods (NEW)', 'Petri nets', 'Programmer workbench**', 'Software libraries', 'State diagrams (NEW)', 'Structured programming**', 'Top-down programming**', 'User interfaces'], ['design tool technique revised', 'computeraided software engineering case', 'decision table', 'evolutionary prototyping new', 'flow chart', 'module interface', 'objectoriented design method new', 'petri net', 'programmer workbench', 'software library', 'state diagram new', 'structured programming', 'topdown programming', 'user interface']]"
v0_020_advertisement_for_call_for_proposal_for_dst_nrdms_summerwinter_schools_in_geospatial_st___2017___2019,efficiency,"[['H.3.4'], ['Systems and Software', 'Current awareness systems (selective dissemination of information--SDI)**', 'Distributed systems (NEW)', 'Information networks', 'Performance evaluation (efficiency and effectiveness) (NEW)', 'Question-answering (fact retrieval) systems**', 'User profiles and alert services (NEW)'], ['system software', 'current awareness system selective dissemination informationsdi', 'distributed system new', 'information network', 'performance evaluation efficiency effectiveness new', 'questionanswering fact retrieval system', 'user profile alert service new']]"
v0_021_call_for_proposals_in_basic_sciences_with_russia_russian_foundation_for_basic_research,computer,"[['I.5.4'], ['Applications', 'Computer vision', 'Signal processing', 'Text processing', 'Waveform analysis'], ['application', 'computer vision', 'signal processing', 'text processing', 'waveform analysis']]"
v0_021_call_for_proposals_in_basic_sciences_with_russia_russian_foundation_for_basic_research,engineering,"[['J.2'], ['PHYSICAL SCIENCES AND ENGINEERING', 'Aerospace', 'Archaeology (NEW)', 'Astronomy', 'Chemistry', 'Earth and atmospheric sciences', 'Electronics', 'Engineering', 'Mathematics and statistics', 'Physics'], ['physical science engineering', 'aerospace', 'archaeology new', 'astronomy', 'chemistry', 'earth atmospheric science', 'electronics', 'engineering', 'mathematics statistic', 'physic']]"
v0_021_call_for_proposals_in_basic_sciences_with_russia_russian_foundation_for_basic_research,fundamental,"[['D.3.3'], ['Language Constructs and Features (E.2)', 'Abstract data types', 'Classes and objects (NEW)', 'Concurrent programming structures', 'Constraints (NEW)', 'Control structures', 'Coroutines', 'Data types and structures', 'Dynamic storage management', 'Frameworks (NEW)', 'Inheritance (NEW)', 'Input/output', 'Modules, packages', 'Patterns (NEW)', 'Polymorphism (NEW)', 'Procedures, functions, and subroutines', 'Recursion'], ['language construct feature', 'abstract data type', 'class object new', 'concurrent programming structure', 'constraint new', 'control structure', 'coroutines', 'data type structure', 'dynamic storage management', 'framework new', 'inheritance new', 'inputoutput', 'module package', 'pattern new', 'polymorphism new', 'procedure function subroutine', 'recursion']]"
v0_022_funding_opportunity_announcement_foa_smart_grids,biomass,"[['A.0'], ['GENERAL', 'Biographies/autobiographies', 'Conference proceedings', 'General literary works (e.g., fiction, plays)'], ['general', 'biographiesautobiographies', 'conference proceeding', 'general literary work eg fiction play']]"
v0_022_funding_opportunity_announcement_foa_smart_grids,building,"[['B.5.3', 'B.4.5', 'B.6.2', 'B.7.3'], ['Reliability and Testing** (B.8)', 'Built-in tests**', 'Error-checking**', 'Redundant design**', 'Test generation**', 'Testability**', 'Reliability, Testing, and Fault-Tolerance** (B.8)', 'Built-in tests**', 'Diagnostics**', 'Error-checking**', 'Hardware reliability**', 'Redundant design**', 'Test generation**', 'Reliability and Testing** (B.8)', 'Built-in tests**', 'Error-checking**', 'Redundant design**', 'Test generation**', 'Testability**', 'Reliability and Testing** (B.8)', 'Built-in tests**', 'Error-checking**', 'Redundant design**', 'Test generation**', 'Testability**'], ['reliability testing', 'builtin test', 'errorchecking', 'redundant design', 'test generation', 'testability', 'reliability testing faulttolerance', 'builtin test', 'diagnostics', 'errorchecking', 'hardware reliability', 'redundant design', 'test generation', 'reliability testing', 'builtin test', 'errorchecking', 'redundant design', 'test generation', 'testability', 'reliability testing', 'builtin test', 'errorchecking', 'redundant design', 'test generation', 'testability']]"
v0_022_funding_opportunity_announcement_foa_smart_grids,city,"[['C.0'], ['GENERAL', 'Hardware/software interfaces', 'Instruction set design (e.g., RISC, CISC, VLIW) (REVISED)', 'Modeling of computer architecture (NEW)', 'System architectures', 'Systems specification methodology'], ['general', 'hardwaresoftware interface', 'instruction set design eg risc cisc vliw revised', 'modeling computer architecture new', 'system architecture', 'system specification methodology']]"
v0_022_funding_opportunity_announcement_foa_smart_grids,demand,"[['E.3'], ['DATA ENCRYPTION', 'Code breaking (NEW)', 'Data encryption standard (DES)**', 'Public key cryptosystems', 'Standards (e.g., DES, PGP, RSA) (NEW)'], ['data encryption', 'code breaking new', 'data encryption standard de', 'public key cryptosystems', 'standard eg de pgp rsa new']]"
v0_022_funding_opportunity_announcement_foa_smart_grids,design,"[['B.5.1', 'D.2.10'], ['Design', 'Arithmetic and logic units', 'Control design', 'Data-path design', 'Memory design', 'Styles (e.g., parallel, pipeline, special-purpose)', 'Design** (D.2.2)', 'Methodologies**', 'Representation**'], ['design', 'arithmetic logic unit', 'control design', 'datapath design', 'memory design', 'style eg parallel pipeline specialpurpose', 'design', 'methodology', 'representation']]"
v0_022_funding_opportunity_announcement_foa_smart_grids,immense,"[['B.4.2'], ['Input/Output Devices', 'Channels and controllers', 'Data terminals and printers', 'Image display', 'Voice'], ['inputoutput device', 'channel controller', 'data terminal printer', 'image display', 'voice']]"
v0_022_funding_opportunity_announcement_foa_smart_grids,large amount,"[['C.5.1'], [""Large and Medium (``Mainframe'') Computers"", 'Super (very large) computers'], ['large medium mainframe computer', 'super large computer']]"
v0_022_funding_opportunity_announcement_foa_smart_grids,limitation,"[['E.1'], ['DATA STRUCTURES', 'Arrays', 'Distributed data structures (NEW)', 'Graphs and networks (REVISED)', 'Lists, stacks, and queues (REVISED)', 'Records (NEW)', 'Tables**', 'Trees'], ['data structure', 'array', 'distributed data structure new', 'graph network revised', 'list stack queue revised', 'record new', 'table', 'tree']]"
v0_022_funding_opportunity_announcement_foa_smart_grids,use,"[['H.3.7', 'H.5.4'], ['Digital Libraries (NEW)', 'Collection (NEW)', 'Dissemination (NEW)', 'Standards (NEW)', 'Systems issues (NEW)', 'User issues (NEW)', 'Hypertext/Hypermedia (I.7, J.7) (NEW)', 'Architectures (NEW)', 'Navigation (NEW)', 'Theory (NEW)', 'User issues (NEW)'], ['digital library new', 'collection new', 'dissemination new', 'standard new', 'system issue new', 'user issue new', 'hypertexthypermedia new', 'architecture new', 'navigation new', 'theory new', 'user issue new']]"
v0_023_multi_institutional_centres_on_materials_for_energy_conservation_and_storage_platform_mecsp___2017,efficiency,"[['H.3.4'], ['Systems and Software', 'Current awareness systems (selective dissemination of information--SDI)**', 'Distributed systems (NEW)', 'Information networks', 'Performance evaluation (efficiency and effectiveness) (NEW)', 'Question-answering (fact retrieval) systems**', 'User profiles and alert services (NEW)'], ['system software', 'current awareness system selective dissemination informationsdi', 'distributed system new', 'information network', 'performance evaluation efficiency effectiveness new', 'questionanswering fact retrieval system', 'user profile alert service new']]"
v0_023_multi_institutional_centres_on_materials_for_energy_conservation_and_storage_platform_mecsp___2017,material,"[['G.1.3'], ['Numerical Linear Algebra', 'Conditioning', 'Determinants**', 'Eigenvalues and eigenvectors (direct and iterative methods) (REVISED)', 'Error analysis', 'Linear systems (direct and iterative methods)', 'Matrix inversion', 'Pseudoinverses**', 'Singular value decomposition (NEW)', 'Sparse, structured, and very large systems (direct and iterative methods) (REVISED)'], ['numerical linear algebra', 'conditioning', 'determinant', 'eigenvalue eigenvectors direct iterative method revised', 'error analysis', 'linear system direct iterative method', 'matrix inversion', 'pseudoinverses', 'singular value decomposition new', 'sparse structured large system direct iterative method revised']]"
v0_023_multi_institutional_centres_on_materials_for_energy_conservation_and_storage_platform_mecsp___2017,ultimate,"[['H.5.2'], ['User Interfaces (D.2.2, H.1.2, I.3.6)', 'Auditory (non-speech) feedback (NEW)', 'Benchmarking (NEW)', 'Ergonomics', 'Evaluation/methodology', 'Graphical user interfaces (GUI) (NEW)', 'Haptic I/O (NEW)', 'Input devices and strategies (e.g., mouse, touchscreen)', 'Interaction styles (e.g., commands, menus, forms, direct manipulation)', 'Natural language (NEW)', 'Prototyping (NEW)', 'Screen design (e.g., text, graphics, color)', 'Standardization (NEW)', 'Style guides (NEW)', 'Theory and methods', 'Training, help, and documentation', 'User-centered design (NEW)', 'User interface management systems (UIMS)', 'Voice I/O (NEW)', 'Windowing systems'], ['user interface', 'auditory nonspeech feedback new', 'benchmarking new', 'ergonomics', 'evaluationmethodology', 'graphical user interface gui new', 'haptic io new', 'input device strategy eg mouse touchscreen', 'interaction style eg command menu form direct manipulation', 'natural language new', 'prototyping new', 'screen design eg text graphic color', 'standardization new', 'style guide new', 'theory method', 'training help documentation', 'usercentered design new', 'user interface management system uims', 'voice io new', 'windowing system']]"
v0_023_multi_institutional_centres_on_materials_for_energy_conservation_and_storage_platform_mecsp___2017,use,"[['H.3.7', 'H.5.4'], ['Digital Libraries (NEW)', 'Collection (NEW)', 'Dissemination (NEW)', 'Standards (NEW)', 'Systems issues (NEW)', 'User issues (NEW)', 'Hypertext/Hypermedia (I.7, J.7) (NEW)', 'Architectures (NEW)', 'Navigation (NEW)', 'Theory (NEW)', 'User issues (NEW)'], ['digital library new', 'collection new', 'dissemination new', 'standard new', 'system issue new', 'user issue new', 'hypertexthypermedia new', 'architecture new', 'navigation new', 'theory new', 'user issue new']]"
v0_024_interdisciplinary_cyber_physical_systems_icps_division_detailed_call_for_proposals_cfp_on_quantum_information_science_and_technology_qust_programme,century,"[['C.2.1'], ['Network Architecture and Design', 'Asynchronous Transfer Mode (ATM) (NEW)', 'Centralized networks**', 'Circuit-switching networks', 'Distributed networks', 'Frame relay networks (NEW)', 'ISDN (Integrated Services Digital Network)', 'Network communications', 'Network topology', 'Packet-switching networks (REVISED)', 'Store and forward networks', 'Wireless communication (NEW)'], ['network architecture design', 'asynchronous transfer mode atm new', 'centralized network', 'circuitswitching network', 'distributed network', 'frame relay network new', 'isdn integrated service digital network', 'network communication', 'network topology', 'packetswitching network revised', 'store forward network', 'wireless communication new']]"
v0_024_interdisciplinary_cyber_physical_systems_icps_division_detailed_call_for_proposals_cfp_on_quantum_information_science_and_technology_qust_programme,computer,"[['I.5.4'], ['Applications', 'Computer vision', 'Signal processing', 'Text processing', 'Waveform analysis'], ['application', 'computer vision', 'signal processing', 'text processing', 'waveform analysis']]"
v0_024_interdisciplinary_cyber_physical_systems_icps_division_detailed_call_for_proposals_cfp_on_quantum_information_science_and_technology_qust_programme,magnetic resonance,"[['B.3.2'], ['Design Styles (D.4.2)', 'Associative memories', 'Cache memories', 'Interleaved memories**', 'Mass storage (e.g., magnetic, optical, RAID) (REVISED)', 'Primary memory', 'Sequential-access memory**', 'Shared memory', 'Virtual memory'], ['design style', 'associative memory', 'cache memory', 'interleaved memory', 'mass storage eg magnetic optical raid revised', 'primary memory', 'sequentialaccess memory', 'shared memory', 'virtual memory']]"
v0_024_interdisciplinary_cyber_physical_systems_icps_division_detailed_call_for_proposals_cfp_on_quantum_information_science_and_technology_qust_programme,theory,"[['H.5.3'], ['Group and Organization Interfaces', 'Asynchronous interaction', 'Collaborative computing (NEW)', 'Computer-supported cooperative work (NEW)', 'Evaluation/methodology', 'Organizational design', 'Synchronous interaction', 'Theory and models', 'Web-based interaction (NEW)'], ['group organization interface', 'asynchronous interaction', 'collaborative computing new', 'computersupported cooperative work new', 'evaluationmethodology', 'organizational design', 'synchronous interaction', 'theory model', 'webbased interaction new']]"
v0_025_dst_daad_joint_call_2017_recommended_projects,architecture,"[['J.5'], ['ARTS AND HUMANITIES', 'Architecture (NEW)', 'Arts, fine and performing**', 'Fine arts (NEW)', 'Language translation', 'Linguistics', 'Literature', 'Music**', 'Performing arts (e.g., dance, music) (NEW)'], ['art humanity', 'architecture new', 'art fine performing', 'fine art new', 'language translation', 'linguistics', 'literature', 'music', 'performing art eg dance music new']]"
v0_025_dst_daad_joint_call_2017_recommended_projects,civil engineering,"[['C.0'], ['GENERAL', 'Hardware/software interfaces', 'Instruction set design (e.g., RISC, CISC, VLIW) (REVISED)', 'Modeling of computer architecture (NEW)', 'System architectures', 'Systems specification methodology'], ['general', 'hardwaresoftware interface', 'instruction set design eg risc cisc vliw revised', 'modeling computer architecture new', 'system architecture', 'system specification methodology']]"
v0_025_dst_daad_joint_call_2017_recommended_projects,engineering,"[['J.2'], ['PHYSICAL SCIENCES AND ENGINEERING', 'Aerospace', 'Archaeology (NEW)', 'Astronomy', 'Chemistry', 'Earth and atmospheric sciences', 'Electronics', 'Engineering', 'Mathematics and statistics', 'Physics'], ['physical science engineering', 'aerospace', 'archaeology new', 'astronomy', 'chemistry', 'earth atmospheric science', 'electronics', 'engineering', 'mathematics statistic', 'physic']]"
v0_025_dst_daad_joint_call_2017_recommended_projects,lab,"[['I.2.1', 'J.1'], ['Applications and Expert Systems (H.4, J)', 'Cartography', 'Games', 'Industrial automation', 'Law', 'Medicine and science', 'Natural language interfaces', 'Office automation', 'ADMINISTRATIVE DATA PROCESSING', 'Business', 'Education', 'Financial (e.g., EFTS)', 'Government', 'Law', 'Manufacturing', 'Marketing', 'Military'], ['application expert system', 'cartography', 'game', 'industrial automation', 'law', 'medicine science', 'natural language interface', 'office automation', 'administrative data processing', 'business', 'education', 'financial eg eft', 'government', 'law', 'manufacturing', 'marketing', 'military']]"
v0_025_dst_daad_joint_call_2017_recommended_projects,rural,"[['I.2.3'], ['Deduction and Theorem Proving (F.4.1)', 'Answer/reason extraction', 'Deduction (e.g., natural, rule-based)', 'Inference engines (NEW)', 'Logic programming', 'Mathematical induction', 'Metatheory**', 'Nonmonotonic reasoning and belief revision', 'Resolution', ""Uncertainty, ``fuzzy,'' and probabilistic reasoning""], ['deduction theorem proving', 'answerreason extraction', 'deduction eg natural rulebased', 'inference engine new', 'logic programming', 'mathematical induction', 'metatheory', 'nonmonotonic reasoning belief revision', 'resolution', 'uncertainty fuzzy probabilistic reasoning']]"
v0_026_3rd_information__networking_event_eu_india_call_on_water,building,"[['B.5.3', 'B.4.5', 'B.6.2', 'B.7.3'], ['Reliability and Testing** (B.8)', 'Built-in tests**', 'Error-checking**', 'Redundant design**', 'Test generation**', 'Testability**', 'Reliability, Testing, and Fault-Tolerance** (B.8)', 'Built-in tests**', 'Diagnostics**', 'Error-checking**', 'Hardware reliability**', 'Redundant design**', 'Test generation**', 'Reliability and Testing** (B.8)', 'Built-in tests**', 'Error-checking**', 'Redundant design**', 'Test generation**', 'Testability**', 'Reliability and Testing** (B.8)', 'Built-in tests**', 'Error-checking**', 'Redundant design**', 'Test generation**', 'Testability**'], ['reliability testing', 'builtin test', 'errorchecking', 'redundant design', 'test generation', 'testability', 'reliability testing faulttolerance', 'builtin test', 'diagnostics', 'errorchecking', 'hardware reliability', 'redundant design', 'test generation', 'reliability testing', 'builtin test', 'errorchecking', 'redundant design', 'test generation', 'testability', 'reliability testing', 'builtin test', 'errorchecking', 'redundant design', 'test generation', 'testability']]"
v0_026_3rd_information__networking_event_eu_india_call_on_water,event,"[['I.1.3'], ['Languages and Systems (D.3.2-3, F.2.2)', 'Evaluation strategies', 'Nonprocedural languages**', 'Special-purpose algebraic systems', 'Special-purpose hardware**', 'Substitution mechanisms**'], ['language system', 'evaluation strategy', 'nonprocedural language', 'specialpurpose algebraic system', 'specialpurpose hardware', 'substitution mechanism']]"
v0_026_3rd_information__networking_event_eu_india_call_on_water,lab,"[['I.2.1', 'J.1'], ['Applications and Expert Systems (H.4, J)', 'Cartography', 'Games', 'Industrial automation', 'Law', 'Medicine and science', 'Natural language interfaces', 'Office automation', 'ADMINISTRATIVE DATA PROCESSING', 'Business', 'Education', 'Financial (e.g., EFTS)', 'Government', 'Law', 'Manufacturing', 'Marketing', 'Military'], ['application expert system', 'cartography', 'game', 'industrial automation', 'law', 'medicine science', 'natural language interface', 'office automation', 'administrative data processing', 'business', 'education', 'financial eg eft', 'government', 'law', 'manufacturing', 'marketing', 'military']]"
v0_026_3rd_information__networking_event_eu_india_call_on_water,target,"[['H.5.1'], ['Multimedia Information Systems', 'Animations', 'Artificial, augmented, and virtual realities (REVISED)', 'Audio input/output', 'Evaluation/methodology', 'Hypertext navigation and maps**', 'Video (e.g., tape, disk, DVI)'], ['multimedia information system', 'animation', 'artificial augmented virtual reality revised', 'audio inputoutput', 'evaluationmethodology', 'hypertext navigation map', 'video eg tape disk dvi']]"
v0_027_4th_information__networking_event_eu_india_call_on_water,building,"[['B.5.3', 'B.4.5', 'B.6.2', 'B.7.3'], ['Reliability and Testing** (B.8)', 'Built-in tests**', 'Error-checking**', 'Redundant design**', 'Test generation**', 'Testability**', 'Reliability, Testing, and Fault-Tolerance** (B.8)', 'Built-in tests**', 'Diagnostics**', 'Error-checking**', 'Hardware reliability**', 'Redundant design**', 'Test generation**', 'Reliability and Testing** (B.8)', 'Built-in tests**', 'Error-checking**', 'Redundant design**', 'Test generation**', 'Testability**', 'Reliability and Testing** (B.8)', 'Built-in tests**', 'Error-checking**', 'Redundant design**', 'Test generation**', 'Testability**'], ['reliability testing', 'builtin test', 'errorchecking', 'redundant design', 'test generation', 'testability', 'reliability testing faulttolerance', 'builtin test', 'diagnostics', 'errorchecking', 'hardware reliability', 'redundant design', 'test generation', 'reliability testing', 'builtin test', 'errorchecking', 'redundant design', 'test generation', 'testability', 'reliability testing', 'builtin test', 'errorchecking', 'redundant design', 'test generation', 'testability']]"
v0_027_4th_information__networking_event_eu_india_call_on_water,event,"[['I.1.3'], ['Languages and Systems (D.3.2-3, F.2.2)', 'Evaluation strategies', 'Nonprocedural languages**', 'Special-purpose algebraic systems', 'Special-purpose hardware**', 'Substitution mechanisms**'], ['language system', 'evaluation strategy', 'nonprocedural language', 'specialpurpose algebraic system', 'specialpurpose hardware', 'substitution mechanism']]"
v0_027_4th_information__networking_event_eu_india_call_on_water,lab,"[['I.2.1', 'J.1'], ['Applications and Expert Systems (H.4, J)', 'Cartography', 'Games', 'Industrial automation', 'Law', 'Medicine and science', 'Natural language interfaces', 'Office automation', 'ADMINISTRATIVE DATA PROCESSING', 'Business', 'Education', 'Financial (e.g., EFTS)', 'Government', 'Law', 'Manufacturing', 'Marketing', 'Military'], ['application expert system', 'cartography', 'game', 'industrial automation', 'law', 'medicine science', 'natural language interface', 'office automation', 'administrative data processing', 'business', 'education', 'financial eg eft', 'government', 'law', 'manufacturing', 'marketing', 'military']]"
v0_027_4th_information__networking_event_eu_india_call_on_water,target,"[['H.5.1'], ['Multimedia Information Systems', 'Animations', 'Artificial, augmented, and virtual realities (REVISED)', 'Audio input/output', 'Evaluation/methodology', 'Hypertext navigation and maps**', 'Video (e.g., tape, disk, DVI)'], ['multimedia information system', 'animation', 'artificial augmented virtual reality revised', 'audio inputoutput', 'evaluationmethodology', 'hypertext navigation map', 'video eg tape disk dvi']]"
v0_028_funding_opportunity_announcement_foa_off_grid_access_to_electricity,alternative,"[['F.1.2'], ['Modes of Computation', 'Alternation and nondeterminism', 'Interactive and reactive computation (REVISED)', 'Online computation', 'Parallelism and concurrency', 'Probabilistic computation', 'Relations among modes**', 'Relativized computation'], ['mode computation', 'alternation nondeterminism', 'interactive reactive computation revised', 'online computation', 'parallelism concurrency', 'probabilistic computation', 'relation among mode', 'relativized computation']]"
v0_028_funding_opportunity_announcement_foa_off_grid_access_to_electricity,cost effectiveness,"[['D.2.9'], ['Management (K.6.3, K.6.4)', 'Copyrights**', 'Cost estimation', 'Life cycle', 'Productivity', 'Programming teams', 'Software configuration management', 'Software process models (e.g., CMM, ISO, PSP) (NEW)', 'Software quality assurance (SQA)', 'Time estimation'], ['management', 'copyright', 'cost estimation', 'life cycle', 'productivity', 'programming team', 'software configuration management', 'software process model eg cmm iso psp new', 'software quality assurance sqa', 'time estimation']]"
v0_028_funding_opportunity_announcement_foa_off_grid_access_to_electricity,model,"[['I.5.1'], ['Models', 'Deterministic**', 'Fuzzy set', 'Geometric', 'Neural nets', 'Statistical', 'Structural'], ['model', 'deterministic', 'fuzzy set', 'geometric', 'neural net', 'statistical', 'structural']]"
v0_029_date_extended_upto_18th_january_2018_for_2017_brics_call_for_proposals_for_brics_multilateral_rd_projects,disaster,"[['H.5.1'], ['Multimedia Information Systems', 'Animations', 'Artificial, augmented, and virtual realities (REVISED)', 'Audio input/output', 'Evaluation/methodology', 'Hypertext navigation and maps**', 'Video (e.g., tape, disk, DVI)'], ['multimedia information system', 'animation', 'artificial augmented virtual reality revised', 'audio inputoutput', 'evaluationmethodology', 'hypertext navigation map', 'video eg tape disk dvi']]"
v0_029_date_extended_upto_18th_january_2018_for_2017_brics_call_for_proposals_for_brics_multilateral_rd_projects,efficiency,"[['H.3.4'], ['Systems and Software', 'Current awareness systems (selective dissemination of information--SDI)**', 'Distributed systems (NEW)', 'Information networks', 'Performance evaluation (efficiency and effectiveness) (NEW)', 'Question-answering (fact retrieval) systems**', 'User profiles and alert services (NEW)'], ['system software', 'current awareness system selective dissemination informationsdi', 'distributed system new', 'information network', 'performance evaluation efficiency effectiveness new', 'questionanswering fact retrieval system', 'user profile alert service new']]"
v0_029_date_extended_upto_18th_january_2018_for_2017_brics_call_for_proposals_for_brics_multilateral_rd_projects,material,"[['G.1.3'], ['Numerical Linear Algebra', 'Conditioning', 'Determinants**', 'Eigenvalues and eigenvectors (direct and iterative methods) (REVISED)', 'Error analysis', 'Linear systems (direct and iterative methods)', 'Matrix inversion', 'Pseudoinverses**', 'Singular value decomposition (NEW)', 'Sparse, structured, and very large systems (direct and iterative methods) (REVISED)'], ['numerical linear algebra', 'conditioning', 'determinant', 'eigenvalue eigenvectors direct iterative method revised', 'error analysis', 'linear system direct iterative method', 'matrix inversion', 'pseudoinverses', 'singular value decomposition new', 'sparse structured large system direct iterative method revised']]"
v0_030_call_for_concept_note_in_waste_management_technologies,agricultural,"[['C.2.1', 'C.2.5'], ['Network Architecture and Design', 'Asynchronous Transfer Mode (ATM) (NEW)', 'Centralized networks**', 'Circuit-switching networks', 'Distributed networks', 'Frame relay networks (NEW)', 'ISDN (Integrated Services Digital Network)', 'Network communications', 'Network topology', 'Packet-switching networks (REVISED)', 'Store and forward networks', 'Wireless communication (NEW)', 'Local and Wide-Area Networks (REVISED)', 'Access schemes', 'Buses'], ['network architecture design', 'asynchronous transfer mode atm new', 'centralized network', 'circuitswitching network', 'distributed network', 'frame relay network new', 'isdn integrated service digital network', 'network communication', 'network topology', 'packetswitching network revised', 'store forward network', 'wireless communication new', 'local widearea network revised', 'access scheme', 'bus']]"
v0_030_call_for_concept_note_in_waste_management_technologies,alternative,"[['F.1.2'], ['Modes of Computation', 'Alternation and nondeterminism', 'Interactive and reactive computation (REVISED)', 'Online computation', 'Parallelism and concurrency', 'Probabilistic computation', 'Relations among modes**', 'Relativized computation'], ['mode computation', 'alternation nondeterminism', 'interactive reactive computation revised', 'online computation', 'parallelism concurrency', 'probabilistic computation', 'relation among mode', 'relativized computation']]"
v0_030_call_for_concept_note_in_waste_management_technologies,design,"[['B.5.1', 'D.2.10'], ['Design', 'Arithmetic and logic units', 'Control design', 'Data-path design', 'Memory design', 'Styles (e.g., parallel, pipeline, special-purpose)', 'Design** (D.2.2)', 'Methodologies**', 'Representation**'], ['design', 'arithmetic logic unit', 'control design', 'datapath design', 'memory design', 'style eg parallel pipeline specialpurpose', 'design', 'methodology', 'representation']]"
v0_030_call_for_concept_note_in_waste_management_technologies,material,"[['G.1.3'], ['Numerical Linear Algebra', 'Conditioning', 'Determinants**', 'Eigenvalues and eigenvectors (direct and iterative methods) (REVISED)', 'Error analysis', 'Linear systems (direct and iterative methods)', 'Matrix inversion', 'Pseudoinverses**', 'Singular value decomposition (NEW)', 'Sparse, structured, and very large systems (direct and iterative methods) (REVISED)'], ['numerical linear algebra', 'conditioning', 'determinant', 'eigenvalue eigenvectors direct iterative method revised', 'error analysis', 'linear system direct iterative method', 'matrix inversion', 'pseudoinverses', 'singular value decomposition new', 'sparse structured large system direct iterative method revised']]"
v0_030_call_for_concept_note_in_waste_management_technologies,rural,"[['I.2.3'], ['Deduction and Theorem Proving (F.4.1)', 'Answer/reason extraction', 'Deduction (e.g., natural, rule-based)', 'Inference engines (NEW)', 'Logic programming', 'Mathematical induction', 'Metatheory**', 'Nonmonotonic reasoning and belief revision', 'Resolution', ""Uncertainty, ``fuzzy,'' and probabilistic reasoning""], ['deduction theorem proving', 'answerreason extraction', 'deduction eg natural rulebased', 'inference engine new', 'logic programming', 'mathematical induction', 'metatheory', 'nonmonotonic reasoning belief revision', 'resolution', 'uncertainty fuzzy probabilistic reasoning']]"
v0_030_call_for_concept_note_in_waste_management_technologies,urban,"[['H.5.2'], ['User Interfaces (D.2.2, H.1.2, I.3.6)', 'Auditory (non-speech) feedback (NEW)', 'Benchmarking (NEW)', 'Ergonomics', 'Evaluation/methodology', 'Graphical user interfaces (GUI) (NEW)', 'Haptic I/O (NEW)', 'Input devices and strategies (e.g., mouse, touchscreen)', 'Interaction styles (e.g., commands, menus, forms, direct manipulation)', 'Natural language (NEW)', 'Prototyping (NEW)', 'Screen design (e.g., text, graphics, color)', 'Standardization (NEW)', 'Style guides (NEW)', 'Theory and methods', 'Training, help, and documentation', 'User-centered design (NEW)', 'User interface management systems (UIMS)', 'Voice I/O (NEW)', 'Windowing systems'], ['user interface', 'auditory nonspeech feedback new', 'benchmarking new', 'ergonomics', 'evaluationmethodology', 'graphical user interface gui new', 'haptic io new', 'input device strategy eg mouse touchscreen', 'interaction style eg command menu form direct manipulation', 'natural language new', 'prototyping new', 'screen design eg text graphic color', 'standardization new', 'style guide new', 'theory method', 'training help documentation', 'usercentered design new', 'user interface management system uims', 'voice io new', 'windowing system']]"
v0_030_call_for_concept_note_in_waste_management_technologies,waste,"[['G.1.2'], ['Approximation', 'Approximation of surfaces and contours (NEW)', 'Chebyshev approximation and theory', 'Elementary function approximation', 'Fast Fourier transforms (FFT) (NEW)', 'Least squares approximation', 'Linear approximation', 'Minimax approximation and algorithms', 'Nonlinear approximation', 'Rational approximation', 'Special function approximations (NEW)', 'Spline and piecewise polynomial approximation', 'Wavelets and fractals (NEW)'], ['approximation', 'approximation surface contour new', 'chebyshev approximation theory', 'elementary function approximation', 'fast fourier transforms fft new', 'least square approximation', 'linear approximation', 'minimax approximation algorithm', 'nonlinear approximation', 'rational approximation', 'special function approximation new', 'spline piecewise polynomial approximation', 'wavelet fractal new']]"
v0_031_2018_commonwealth_scholarship_in_the_united_kingdom,master,"[['B.3.2'], ['Design Styles (D.4.2)', 'Associative memories', 'Cache memories', 'Interleaved memories**', 'Mass storage (e.g., magnetic, optical, RAID) (REVISED)', 'Primary memory', 'Sequential-access memory**', 'Shared memory', 'Virtual memory'], ['design style', 'associative memory', 'cache memory', 'interleaved memory', 'mass storage eg magnetic optical raid revised', 'primary memory', 'sequentialaccess memory', 'shared memory', 'virtual memory']]"
v0_031_2018_commonwealth_scholarship_in_the_united_kingdom,mhrd,"[['H.4.2'], ['Types of Systems', 'Decision support (e.g., MIS)', 'Logistics'], ['type system', 'decision support eg mi', 'logistics']]"
v0_031_2018_commonwealth_scholarship_in_the_united_kingdom,site,"[['C.1.2'], ['Multiple Data Stream Architectures (Multiprocessors)', 'Array and vector processors', 'Associative processors', 'Connection machines', 'Interconnection architectures (e.g., common bus, multiport memory, crossbar switch)', 'Multiple-instruction-stream, multiple-data-stream processors (MIMD)', 'Parallel processors**', 'Pipeline processors**', 'Single-instruction-stream, multiple-data-stream processors (SIMD)'], ['multiple data stream architecture multiprocessor', 'array vector processor', 'associative processor', 'connection machine', 'interconnection architecture eg common bus multiport memory crossbar switch', 'multipleinstructionstream multipledatastream processor mimd', 'parallel processor', 'pipeline processor', 'singleinstructionstream multipledatastream processor simd']]"
v0_032_indo_german_science__technology_centre_igstc_announces_call_for_grant_applications_for_indo_german_r__d_partnership_on_research_projects_with_industrial_relevance,building,"[['B.5.3', 'B.4.5', 'B.6.2', 'B.7.3'], ['Reliability and Testing** (B.8)', 'Built-in tests**', 'Error-checking**', 'Redundant design**', 'Test generation**', 'Testability**', 'Reliability, Testing, and Fault-Tolerance** (B.8)', 'Built-in tests**', 'Diagnostics**', 'Error-checking**', 'Hardware reliability**', 'Redundant design**', 'Test generation**', 'Reliability and Testing** (B.8)', 'Built-in tests**', 'Error-checking**', 'Redundant design**', 'Test generation**', 'Testability**', 'Reliability and Testing** (B.8)', 'Built-in tests**', 'Error-checking**', 'Redundant design**', 'Test generation**', 'Testability**'], ['reliability testing', 'builtin test', 'errorchecking', 'redundant design', 'test generation', 'testability', 'reliability testing faulttolerance', 'builtin test', 'diagnostics', 'errorchecking', 'hardware reliability', 'redundant design', 'test generation', 'reliability testing', 'builtin test', 'errorchecking', 'redundant design', 'test generation', 'testability', 'reliability testing', 'builtin test', 'errorchecking', 'redundant design', 'test generation', 'testability']]"
v0_032_indo_german_science__technology_centre_igstc_announces_call_for_grant_applications_for_indo_german_r__d_partnership_on_research_projects_with_industrial_relevance,design,"[['B.5.1', 'D.2.10'], ['Design', 'Arithmetic and logic units', 'Control design', 'Data-path design', 'Memory design', 'Styles (e.g., parallel, pipeline, special-purpose)', 'Design** (D.2.2)', 'Methodologies**', 'Representation**'], ['design', 'arithmetic logic unit', 'control design', 'datapath design', 'memory design', 'style eg parallel pipeline specialpurpose', 'design', 'methodology', 'representation']]"
v0_032_indo_german_science__technology_centre_igstc_announces_call_for_grant_applications_for_indo_german_r__d_partnership_on_research_projects_with_industrial_relevance,low cost,"[['D.4.9'], ['Systems Programs and Utilities', 'Command and control languages', 'Linkers**', 'Loaders**', 'Window managers'], ['system program utility', 'command control language', 'linkers', 'loader', 'window manager']]"
v0_032_indo_german_science__technology_centre_igstc_announces_call_for_grant_applications_for_indo_german_r__d_partnership_on_research_projects_with_industrial_relevance,material,"[['G.1.3'], ['Numerical Linear Algebra', 'Conditioning', 'Determinants**', 'Eigenvalues and eigenvectors (direct and iterative methods) (REVISED)', 'Error analysis', 'Linear systems (direct and iterative methods)', 'Matrix inversion', 'Pseudoinverses**', 'Singular value decomposition (NEW)', 'Sparse, structured, and very large systems (direct and iterative methods) (REVISED)'], ['numerical linear algebra', 'conditioning', 'determinant', 'eigenvalue eigenvectors direct iterative method revised', 'error analysis', 'linear system direct iterative method', 'matrix inversion', 'pseudoinverses', 'singular value decomposition new', 'sparse structured large system direct iterative method revised']]"
v0_033_call_for_proposals___2018_under_india___iran_bilateral_st_cooperation,general,"[['C.5.0', 'B.7.0', 'I.1.0', 'D.4.0', 'F.0', 'K.8.0', 'C.2.0', 'D.2.0', 'I.5.0', 'F.1.0', 'A.0', 'D.0', 'I.4.0', 'C.0', 'H.4.0', 'B.6.0', 'G.1.0', 'K.6.0', 'B.2.0', 'I.2.0', 'B.4.0', 'D.1.0', 'B.1.0', 'K.5.0', 'K.7.0', 'B.3.0', 'I.0', 'F.2.0', 'C.1.0', 'K.0', 'I.6.0', 'H.2.0', 'F.3.0', 'K.4.0', 'I.3.0', 'G.2.0', 'B.5.0', 'H.5.0', 'F.4.0', 'I.7.0', 'G.0', 'J.0', 'H.3.0', 'B.0', 'E.0', 'H.0', 'H.1.0', 'D.3.0', 'K.3.0'], ['General', 'General', 'General', 'General', 'GENERAL', 'General', 'Games', 'General', 'Data communications', 'Open Systems Interconnection reference model (OSI)', 'Security and protection (e.g., firewalls) (REVISED)', 'General (K.5.1)', 'Protection mechanisms', 'Standards', 'General', 'General', 'GENERAL', 'Biographies/autobiographies', 'Conference proceedings', 'General literary works (e.g., fiction, plays)', 'GENERAL', 'General', 'Image displays', 'Image processing software', 'GENERAL', 'Hardware/software interfaces', 'Instruction set design (e.g., RISC, CISC, VLIW) (REVISED)', 'Modeling of computer architecture (NEW)', 'System architectures', 'Systems specification methodology', 'General', 'General', 'General', 'Computer arithmetic', 'Conditioning (and ill-conditioning) (REVISED)', 'Error analysis', 'Interval arithmetic (NEW)', 'Multiple precision arithmetic (NEW)', 'Numerical algorithms', 'Parallel algorithms', 'Stability (and instability)', 'General', 'Economics', 'General', 'General', 'Cognitive simulation', 'Philosophical foundations', 'General', 'General', 'General', 'General', 'General', 'General', 'GENERAL', 'General', 'General', 'GENERAL', 'General', 'General', 'Security, integrity, and protection**', 'General', 'General', 'General', 'General', 'General', 'General', 'General', 'General', 'GENERAL', 'GENERAL', 'General', 'GENERAL', 'GENERAL', 'GENERAL', 'General', 'General', 'Standards', 'General'], ['general', 'general', 'general', 'general', 'general', 'general', 'game', 'general', 'data communication', 'open system interconnection reference model osi', 'security protection eg firewall revised', 'general', 'protection mechanism', 'standard', 'general', 'general', 'general', 'biographiesautobiographies', 'conference proceeding', 'general literary work eg fiction play', 'general', 'general', 'image display', 'image processing software', 'general', 'hardwaresoftware interface', 'instruction set design eg risc cisc vliw revised', 'modeling computer architecture new', 'system architecture', 'system specification methodology', 'general', 'general', 'general', 'computer arithmetic', 'conditioning illconditioning revised', 'error analysis', 'interval arithmetic new', 'multiple precision arithmetic new', 'numerical algorithm', 'parallel algorithm', 'stability instability', 'general', 'economics', 'general', 'general', 'cognitive simulation', 'philosophical foundation', 'general', 'general', 'general', 'general', 'general', 'general', 'general', 'general', 'general', 'general', 'general', 'general', 'security integrity protection', 'general', 'general', 'general', 'general', 'general', 'general', 'general', 'general', 'general', 'general', 'general', 'general', 'general', 'general', 'general', 'general', 'standard', 'general']]"
v0_034_call_for_proposal_for_device_development_programme___2017,disaster,"[['H.5.1'], ['Multimedia Information Systems', 'Animations', 'Artificial, augmented, and virtual realities (REVISED)', 'Audio input/output', 'Evaluation/methodology', 'Hypertext navigation and maps**', 'Video (e.g., tape, disk, DVI)'], ['multimedia information system', 'animation', 'artificial augmented virtual reality revised', 'audio inputoutput', 'evaluationmethodology', 'hypertext navigation map', 'video eg tape disk dvi']]"
v0_034_call_for_proposal_for_device_development_programme___2017,disaster management,"[['H.5.1'], ['Multimedia Information Systems', 'Animations', 'Artificial, augmented, and virtual realities (REVISED)', 'Audio input/output', 'Evaluation/methodology', 'Hypertext navigation and maps**', 'Video (e.g., tape, disk, DVI)'], ['multimedia information system', 'animation', 'artificial augmented virtual reality revised', 'audio inputoutput', 'evaluationmethodology', 'hypertext navigation map', 'video eg tape disk dvi']]"
v0_034_call_for_proposal_for_device_development_programme___2017,instrument,"[['C.0'], ['GENERAL', 'Hardware/software interfaces', 'Instruction set design (e.g., RISC, CISC, VLIW) (REVISED)', 'Modeling of computer architecture (NEW)', 'System architectures', 'Systems specification methodology'], ['general', 'hardwaresoftware interface', 'instruction set design eg risc cisc vliw revised', 'modeling computer architecture new', 'system architecture', 'system specification methodology']]"
v0_034_call_for_proposal_for_device_development_programme___2017,low cost,"[['D.4.9'], ['Systems Programs and Utilities', 'Command and control languages', 'Linkers**', 'Loaders**', 'Window managers'], ['system program utility', 'command control language', 'linkers', 'loader', 'window manager']]"
v0_035_call_for_proposal___science__heritage_research_initiativeshri,computer,"[['I.5.4'], ['Applications', 'Computer vision', 'Signal processing', 'Text processing', 'Waveform analysis'], ['application', 'computer vision', 'signal processing', 'text processing', 'waveform analysis']]"
v0_035_call_for_proposal___science__heritage_research_initiativeshri,decade,"[['D.2.2'], ['Design Tools and Techniques (REVISED)', 'Computer-aided software engineering (CASE)', 'Decision tables', 'Evolutionary prototyping (NEW)', 'Flow charts', 'Modules and interfaces', 'Object-oriented design methods (NEW)', 'Petri nets', 'Programmer workbench**', 'Software libraries', 'State diagrams (NEW)', 'Structured programming**', 'Top-down programming**', 'User interfaces'], ['design tool technique revised', 'computeraided software engineering case', 'decision table', 'evolutionary prototyping new', 'flow chart', 'module interface', 'objectoriented design method new', 'petri net', 'programmer workbench', 'software library', 'state diagram new', 'structured programming', 'topdown programming', 'user interface']]"
v0_035_call_for_proposal___science__heritage_research_initiativeshri,investigation,"[['G.1.8'], ['Partial Differential Equations', 'Domain decomposition methods (NEW)', 'Elliptic equations', 'Finite difference methods (REVISED)', 'Finite element methods', 'Finite volume methods (NEW)', 'Hyperbolic equations', 'Inverse problems (NEW)', 'Iterative solution techniques (NEW)', 'Method of lines', 'Multigrid and multilevel methods (NEW)', 'Parabolic equations', 'Spectral methods (NEW)'], ['partial differential equation', 'domain decomposition method new', 'elliptic equation', 'finite difference method revised', 'finite element method', 'finite volume method new', 'hyperbolic equation', 'inverse problem new', 'iterative solution technique new', 'method line', 'multigrid multilevel method new', 'parabolic equation', 'spectral method new']]"
v0_035_call_for_proposal___science__heritage_research_initiativeshri,material,"[['G.1.3'], ['Numerical Linear Algebra', 'Conditioning', 'Determinants**', 'Eigenvalues and eigenvectors (direct and iterative methods) (REVISED)', 'Error analysis', 'Linear systems (direct and iterative methods)', 'Matrix inversion', 'Pseudoinverses**', 'Singular value decomposition (NEW)', 'Sparse, structured, and very large systems (direct and iterative methods) (REVISED)'], ['numerical linear algebra', 'conditioning', 'determinant', 'eigenvalue eigenvectors direct iterative method revised', 'error analysis', 'linear system direct iterative method', 'matrix inversion', 'pseudoinverses', 'singular value decomposition new', 'sparse structured large system direct iterative method revised']]"
v0_035_call_for_proposal___science__heritage_research_initiativeshri,significance,"[['H.5.5'], ['Sound and Music Computing (J.5) (NEW)', 'Methodologies and techniques (NEW)', 'Modeling (NEW)', 'Signal analysis, synthesis, and processing (NEW)', 'Systems (NEW)'], ['sound music computing new', 'methodology technique new', 'modeling new', 'signal analysis synthesis processing new', 'system new']]"
v0_036_indo___norway_joint_energy_call_2017,general,"[['C.5.0', 'B.7.0', 'I.1.0', 'D.4.0', 'F.0', 'K.8.0', 'C.2.0', 'D.2.0', 'I.5.0', 'F.1.0', 'A.0', 'D.0', 'I.4.0', 'C.0', 'H.4.0', 'B.6.0', 'G.1.0', 'K.6.0', 'B.2.0', 'I.2.0', 'B.4.0', 'D.1.0', 'B.1.0', 'K.5.0', 'K.7.0', 'B.3.0', 'I.0', 'F.2.0', 'C.1.0', 'K.0', 'I.6.0', 'H.2.0', 'F.3.0', 'K.4.0', 'I.3.0', 'G.2.0', 'B.5.0', 'H.5.0', 'F.4.0', 'I.7.0', 'G.0', 'J.0', 'H.3.0', 'B.0', 'E.0', 'H.0', 'H.1.0', 'D.3.0', 'K.3.0'], ['General', 'General', 'General', 'General', 'GENERAL', 'General', 'Games', 'General', 'Data communications', 'Open Systems Interconnection reference model (OSI)', 'Security and protection (e.g., firewalls) (REVISED)', 'General (K.5.1)', 'Protection mechanisms', 'Standards', 'General', 'General', 'GENERAL', 'Biographies/autobiographies', 'Conference proceedings', 'General literary works (e.g., fiction, plays)', 'GENERAL', 'General', 'Image displays', 'Image processing software', 'GENERAL', 'Hardware/software interfaces', 'Instruction set design (e.g., RISC, CISC, VLIW) (REVISED)', 'Modeling of computer architecture (NEW)', 'System architectures', 'Systems specification methodology', 'General', 'General', 'General', 'Computer arithmetic', 'Conditioning (and ill-conditioning) (REVISED)', 'Error analysis', 'Interval arithmetic (NEW)', 'Multiple precision arithmetic (NEW)', 'Numerical algorithms', 'Parallel algorithms', 'Stability (and instability)', 'General', 'Economics', 'General', 'General', 'Cognitive simulation', 'Philosophical foundations', 'General', 'General', 'General', 'General', 'General', 'General', 'GENERAL', 'General', 'General', 'GENERAL', 'General', 'General', 'Security, integrity, and protection**', 'General', 'General', 'General', 'General', 'General', 'General', 'General', 'General', 'GENERAL', 'GENERAL', 'General', 'GENERAL', 'GENERAL', 'GENERAL', 'General', 'General', 'Standards', 'General'], ['general', 'general', 'general', 'general', 'general', 'general', 'game', 'general', 'data communication', 'open system interconnection reference model osi', 'security protection eg firewall revised', 'general', 'protection mechanism', 'standard', 'general', 'general', 'general', 'biographiesautobiographies', 'conference proceeding', 'general literary work eg fiction play', 'general', 'general', 'image display', 'image processing software', 'general', 'hardwaresoftware interface', 'instruction set design eg risc cisc vliw revised', 'modeling computer architecture new', 'system architecture', 'system specification methodology', 'general', 'general', 'general', 'computer arithmetic', 'conditioning illconditioning revised', 'error analysis', 'interval arithmetic new', 'multiple precision arithmetic new', 'numerical algorithm', 'parallel algorithm', 'stability instability', 'general', 'economics', 'general', 'general', 'cognitive simulation', 'philosophical foundation', 'general', 'general', 'general', 'general', 'general', 'general', 'general', 'general', 'general', 'general', 'general', 'general', 'security integrity protection', 'general', 'general', 'general', 'general', 'general', 'general', 'general', 'general', 'general', 'general', 'general', 'general', 'general', 'general', 'general', 'general', 'standard', 'general']]"
v0_037_eu_india_water_cooperation_on_research_and_innovation_joint_call_for_proposals___2017__2018,rural,"[['I.2.3'], ['Deduction and Theorem Proving (F.4.1)', 'Answer/reason extraction', 'Deduction (e.g., natural, rule-based)', 'Inference engines (NEW)', 'Logic programming', 'Mathematical induction', 'Metatheory**', 'Nonmonotonic reasoning and belief revision', 'Resolution', ""Uncertainty, ``fuzzy,'' and probabilistic reasoning""], ['deduction theorem proving', 'answerreason extraction', 'deduction eg natural rulebased', 'inference engine new', 'logic programming', 'mathematical induction', 'metatheory', 'nonmonotonic reasoning belief revision', 'resolution', 'uncertainty fuzzy probabilistic reasoning']]"
v0_037_eu_india_water_cooperation_on_research_and_innovation_joint_call_for_proposals___2017__2018,urban,"[['H.5.2'], ['User Interfaces (D.2.2, H.1.2, I.3.6)', 'Auditory (non-speech) feedback (NEW)', 'Benchmarking (NEW)', 'Ergonomics', 'Evaluation/methodology', 'Graphical user interfaces (GUI) (NEW)', 'Haptic I/O (NEW)', 'Input devices and strategies (e.g., mouse, touchscreen)', 'Interaction styles (e.g., commands, menus, forms, direct manipulation)', 'Natural language (NEW)', 'Prototyping (NEW)', 'Screen design (e.g., text, graphics, color)', 'Standardization (NEW)', 'Style guides (NEW)', 'Theory and methods', 'Training, help, and documentation', 'User-centered design (NEW)', 'User interface management systems (UIMS)', 'Voice I/O (NEW)', 'Windowing systems'], ['user interface', 'auditory nonspeech feedback new', 'benchmarking new', 'ergonomics', 'evaluationmethodology', 'graphical user interface gui new', 'haptic io new', 'input device strategy eg mouse touchscreen', 'interaction style eg command menu form direct manipulation', 'natural language new', 'prototyping new', 'screen design eg text graphic color', 'standardization new', 'style guide new', 'theory method', 'training help documentation', 'usercentered design new', 'user interface management system uims', 'voice io new', 'windowing system']]"
v0_037_eu_india_water_cooperation_on_research_and_innovation_joint_call_for_proposals___2017__2018,waste,"[['G.1.2'], ['Approximation', 'Approximation of surfaces and contours (NEW)', 'Chebyshev approximation and theory', 'Elementary function approximation', 'Fast Fourier transforms (FFT) (NEW)', 'Least squares approximation', 'Linear approximation', 'Minimax approximation and algorithms', 'Nonlinear approximation', 'Rational approximation', 'Special function approximations (NEW)', 'Spline and piecewise polynomial approximation', 'Wavelets and fractals (NEW)'], ['approximation', 'approximation surface contour new', 'chebyshev approximation theory', 'elementary function approximation', 'fast fourier transforms fft new', 'least square approximation', 'linear approximation', 'minimax approximation algorithm', 'nonlinear approximation', 'rational approximation', 'special function approximation new', 'spline piecewise polynomial approximation', 'wavelet fractal new']]"
v0_038_scheme_for_young_scientists_and_technologists,general,"[['C.5.0', 'B.7.0', 'I.1.0', 'D.4.0', 'F.0', 'K.8.0', 'C.2.0', 'D.2.0', 'I.5.0', 'F.1.0', 'A.0', 'D.0', 'I.4.0', 'C.0', 'H.4.0', 'B.6.0', 'G.1.0', 'K.6.0', 'B.2.0', 'I.2.0', 'B.4.0', 'D.1.0', 'B.1.0', 'K.5.0', 'K.7.0', 'B.3.0', 'I.0', 'F.2.0', 'C.1.0', 'K.0', 'I.6.0', 'H.2.0', 'F.3.0', 'K.4.0', 'I.3.0', 'G.2.0', 'B.5.0', 'H.5.0', 'F.4.0', 'I.7.0', 'G.0', 'J.0', 'H.3.0', 'B.0', 'E.0', 'H.0', 'H.1.0', 'D.3.0', 'K.3.0'], ['General', 'General', 'General', 'General', 'GENERAL', 'General', 'Games', 'General', 'Data communications', 'Open Systems Interconnection reference model (OSI)', 'Security and protection (e.g., firewalls) (REVISED)', 'General (K.5.1)', 'Protection mechanisms', 'Standards', 'General', 'General', 'GENERAL', 'Biographies/autobiographies', 'Conference proceedings', 'General literary works (e.g., fiction, plays)', 'GENERAL', 'General', 'Image displays', 'Image processing software', 'GENERAL', 'Hardware/software interfaces', 'Instruction set design (e.g., RISC, CISC, VLIW) (REVISED)', 'Modeling of computer architecture (NEW)', 'System architectures', 'Systems specification methodology', 'General', 'General', 'General', 'Computer arithmetic', 'Conditioning (and ill-conditioning) (REVISED)', 'Error analysis', 'Interval arithmetic (NEW)', 'Multiple precision arithmetic (NEW)', 'Numerical algorithms', 'Parallel algorithms', 'Stability (and instability)', 'General', 'Economics', 'General', 'General', 'Cognitive simulation', 'Philosophical foundations', 'General', 'General', 'General', 'General', 'General', 'General', 'GENERAL', 'General', 'General', 'GENERAL', 'General', 'General', 'Security, integrity, and protection**', 'General', 'General', 'General', 'General', 'General', 'General', 'General', 'General', 'GENERAL', 'GENERAL', 'General', 'GENERAL', 'GENERAL', 'GENERAL', 'General', 'General', 'Standards', 'General'], ['general', 'general', 'general', 'general', 'general', 'general', 'game', 'general', 'data communication', 'open system interconnection reference model osi', 'security protection eg firewall revised', 'general', 'protection mechanism', 'standard', 'general', 'general', 'general', 'biographiesautobiographies', 'conference proceeding', 'general literary work eg fiction play', 'general', 'general', 'image display', 'image processing software', 'general', 'hardwaresoftware interface', 'instruction set design eg risc cisc vliw revised', 'modeling computer architecture new', 'system architecture', 'system specification methodology', 'general', 'general', 'general', 'computer arithmetic', 'conditioning illconditioning revised', 'error analysis', 'interval arithmetic new', 'multiple precision arithmetic new', 'numerical algorithm', 'parallel algorithm', 'stability instability', 'general', 'economics', 'general', 'general', 'cognitive simulation', 'philosophical foundation', 'general', 'general', 'general', 'general', 'general', 'general', 'general', 'general', 'general', 'general', 'general', 'general', 'security integrity protection', 'general', 'general', 'general', 'general', 'general', 'general', 'general', 'general', 'general', 'general', 'general', 'general', 'general', 'general', 'general', 'general', 'standard', 'general']]"
v0_039_invites_rd_project_proposals_on_spatial_data_infrastructures_sdi_for_urban_governance_applications,city,"[['C.0'], ['GENERAL', 'Hardware/software interfaces', 'Instruction set design (e.g., RISC, CISC, VLIW) (REVISED)', 'Modeling of computer architecture (NEW)', 'System architectures', 'Systems specification methodology'], ['general', 'hardwaresoftware interface', 'instruction set design eg risc cisc vliw revised', 'modeling computer architecture new', 'system architecture', 'system specification methodology']]"
v0_039_invites_rd_project_proposals_on_spatial_data_infrastructures_sdi_for_urban_governance_applications,smart city,"[['C.3'], ['SPECIAL-PURPOSE AND APPLICATION-BASED SYSTEMS (J.7)', 'Microprocessor/microcomputer applications', 'Process control systems', 'Real-time and embedded systems (REVISED)', 'Signal processing systems', 'Smartcards (NEW)'], ['specialpurpose applicationbased system', 'microprocessormicrocomputer application', 'process control system', 'realtime embedded system revised', 'signal processing system', 'smartcards new']]"
v0_039_invites_rd_project_proposals_on_spatial_data_infrastructures_sdi_for_urban_governance_applications,urban,"[['H.5.2'], ['User Interfaces (D.2.2, H.1.2, I.3.6)', 'Auditory (non-speech) feedback (NEW)', 'Benchmarking (NEW)', 'Ergonomics', 'Evaluation/methodology', 'Graphical user interfaces (GUI) (NEW)', 'Haptic I/O (NEW)', 'Input devices and strategies (e.g., mouse, touchscreen)', 'Interaction styles (e.g., commands, menus, forms, direct manipulation)', 'Natural language (NEW)', 'Prototyping (NEW)', 'Screen design (e.g., text, graphics, color)', 'Standardization (NEW)', 'Style guides (NEW)', 'Theory and methods', 'Training, help, and documentation', 'User-centered design (NEW)', 'User interface management systems (UIMS)', 'Voice I/O (NEW)', 'Windowing systems'], ['user interface', 'auditory nonspeech feedback new', 'benchmarking new', 'ergonomics', 'evaluationmethodology', 'graphical user interface gui new', 'haptic io new', 'input device strategy eg mouse touchscreen', 'interaction style eg command menu form direct manipulation', 'natural language new', 'prototyping new', 'screen design eg text graphic color', 'standardization new', 'style guide new', 'theory method', 'training help documentation', 'usercentered design new', 'user interface management system uims', 'voice io new', 'windowing system']]"
v0_040_advertisement_for_the_swarnajayanti_fellowships_scheme_2017_18,engineering,"[['J.2'], ['PHYSICAL SCIENCES AND ENGINEERING', 'Aerospace', 'Archaeology (NEW)', 'Astronomy', 'Chemistry', 'Earth and atmospheric sciences', 'Electronics', 'Engineering', 'Mathematics and statistics', 'Physics'], ['physical science engineering', 'aerospace', 'archaeology new', 'astronomy', 'chemistry', 'earth atmospheric science', 'electronics', 'engineering', 'mathematics statistic', 'physic']]"
v0_041_announcement_for_inviting_applications_for_participation_in_3rd_brics_young_scientist_conclave_durban_south_africa25_29_june_2018,attention,"[['C.2.1', 'C.2.5'], ['Network Architecture and Design', 'Asynchronous Transfer Mode (ATM) (NEW)', 'Centralized networks**', 'Circuit-switching networks', 'Distributed networks', 'Frame relay networks (NEW)', 'ISDN (Integrated Services Digital Network)', 'Network communications', 'Network topology', 'Packet-switching networks (REVISED)', 'Store and forward networks', 'Wireless communication (NEW)', 'Local and Wide-Area Networks (REVISED)', 'Access schemes', 'Buses'], ['network architecture design', 'asynchronous transfer mode atm new', 'centralized network', 'circuitswitching network', 'distributed network', 'frame relay network new', 'isdn integrated service digital network', 'network communication', 'network topology', 'packetswitching network revised', 'store forward network', 'wireless communication new', 'local widearea network revised', 'access scheme', 'bus']]"
v0_041_announcement_for_inviting_applications_for_participation_in_3rd_brics_young_scientist_conclave_durban_south_africa25_29_june_2018,declaration,"[['D.2.2'], ['Design Tools and Techniques (REVISED)', 'Computer-aided software engineering (CASE)', 'Decision tables', 'Evolutionary prototyping (NEW)', 'Flow charts', 'Modules and interfaces', 'Object-oriented design methods (NEW)', 'Petri nets', 'Programmer workbench**', 'Software libraries', 'State diagrams (NEW)', 'Structured programming**', 'Top-down programming**', 'User interfaces'], ['design tool technique revised', 'computeraided software engineering case', 'decision table', 'evolutionary prototyping new', 'flow chart', 'module interface', 'objectoriented design method new', 'petri net', 'programmer workbench', 'software library', 'state diagram new', 'structured programming', 'topdown programming', 'user interface']]"
v0_041_announcement_for_inviting_applications_for_participation_in_3rd_brics_young_scientist_conclave_durban_south_africa25_29_june_2018,edition,"[['K.4.4'], ['Electronic Commerce (J.1) (NEW)', 'Cybercash, digital cash (NEW)', 'Distributed commercial transactions (NEW)', 'Electronic data interchange (EDI) (NEW)', 'Intellectual property (NEW)', 'Payment schemes (NEW)', 'Security (NEW)'], ['electronic commerce new', 'cybercash digital cash new', 'distributed commercial transaction new', 'electronic data interchange edi new', 'intellectual property new', 'payment scheme new', 'security new']]"
v0_041_announcement_for_inviting_applications_for_participation_in_3rd_brics_young_scientist_conclave_durban_south_africa25_29_june_2018,grow,"[['H.4.1'], ['Office Automation (I.7)', 'Desktop publishing (NEW)', 'Equipment**', 'Groupware (NEW)', 'Spreadsheets', 'Time management (e.g., calendars, schedules)', 'Word processing', 'Workflow management (NEW)'], ['office automation', 'desktop publishing new', 'equipment', 'groupware new', 'spreadsheet', 'time management eg calendar schedule', 'word processing', 'workflow management new']]"
v0_042_ministry_of_mines___invites_science_and_technology_project_proposals,general,"[['C.5.0', 'B.7.0', 'I.1.0', 'D.4.0', 'F.0', 'K.8.0', 'C.2.0', 'D.2.0', 'I.5.0', 'F.1.0', 'A.0', 'D.0', 'I.4.0', 'C.0', 'H.4.0', 'B.6.0', 'G.1.0', 'K.6.0', 'B.2.0', 'I.2.0', 'B.4.0', 'D.1.0', 'B.1.0', 'K.5.0', 'K.7.0', 'B.3.0', 'I.0', 'F.2.0', 'C.1.0', 'K.0', 'I.6.0', 'H.2.0', 'F.3.0', 'K.4.0', 'I.3.0', 'G.2.0', 'B.5.0', 'H.5.0', 'F.4.0', 'I.7.0', 'G.0', 'J.0', 'H.3.0', 'B.0', 'E.0', 'H.0', 'H.1.0', 'D.3.0', 'K.3.0'], ['General', 'General', 'General', 'General', 'GENERAL', 'General', 'Games', 'General', 'Data communications', 'Open Systems Interconnection reference model (OSI)', 'Security and protection (e.g., firewalls) (REVISED)', 'General (K.5.1)', 'Protection mechanisms', 'Standards', 'General', 'General', 'GENERAL', 'Biographies/autobiographies', 'Conference proceedings', 'General literary works (e.g., fiction, plays)', 'GENERAL', 'General', 'Image displays', 'Image processing software', 'GENERAL', 'Hardware/software interfaces', 'Instruction set design (e.g., RISC, CISC, VLIW) (REVISED)', 'Modeling of computer architecture (NEW)', 'System architectures', 'Systems specification methodology', 'General', 'General', 'General', 'Computer arithmetic', 'Conditioning (and ill-conditioning) (REVISED)', 'Error analysis', 'Interval arithmetic (NEW)', 'Multiple precision arithmetic (NEW)', 'Numerical algorithms', 'Parallel algorithms', 'Stability (and instability)', 'General', 'Economics', 'General', 'General', 'Cognitive simulation', 'Philosophical foundations', 'General', 'General', 'General', 'General', 'General', 'General', 'GENERAL', 'General', 'General', 'GENERAL', 'General', 'General', 'Security, integrity, and protection**', 'General', 'General', 'General', 'General', 'General', 'General', 'General', 'General', 'GENERAL', 'GENERAL', 'General', 'GENERAL', 'GENERAL', 'GENERAL', 'General', 'General', 'Standards', 'General'], ['general', 'general', 'general', 'general', 'general', 'general', 'game', 'general', 'data communication', 'open system interconnection reference model osi', 'security protection eg firewall revised', 'general', 'protection mechanism', 'standard', 'general', 'general', 'general', 'biographiesautobiographies', 'conference proceeding', 'general literary work eg fiction play', 'general', 'general', 'image display', 'image processing software', 'general', 'hardwaresoftware interface', 'instruction set design eg risc cisc vliw revised', 'modeling computer architecture new', 'system architecture', 'system specification methodology', 'general', 'general', 'general', 'computer arithmetic', 'conditioning illconditioning revised', 'error analysis', 'interval arithmetic new', 'multiple precision arithmetic new', 'numerical algorithm', 'parallel algorithm', 'stability instability', 'general', 'economics', 'general', 'general', 'cognitive simulation', 'philosophical foundation', 'general', 'general', 'general', 'general', 'general', 'general', 'general', 'general', 'general', 'general', 'general', 'general', 'security integrity protection', 'general', 'general', 'general', 'general', 'general', 'general', 'general', 'general', 'general', 'general', 'general', 'general', 'general', 'general', 'general', 'general', 'standard', 'general']]"
v0_043_call_for_oriented_researchtechnology_development_proposals_on_materials_for_energy_storage_mes___2018,advance,"[['B.7.1'], ['Types and Design Styles', 'Advanced technologies', 'Algorithms implemented in hardware', 'Gate arrays', 'Input/output circuits', 'Memory technologies', 'Microprocessors and microcomputers', 'Standard cells**', 'VLSI (very large scale integration)'], ['type design style', 'advanced technology', 'algorithm implemented hardware', 'gate array', 'inputoutput circuit', 'memory technology', 'microprocessor microcomputer', 'standard cell', 'vlsi large scale integration']]"
v0_043_call_for_oriented_researchtechnology_development_proposals_on_materials_for_energy_storage_mes___2018,alternative,"[['F.1.2'], ['Modes of Computation', 'Alternation and nondeterminism', 'Interactive and reactive computation (REVISED)', 'Online computation', 'Parallelism and concurrency', 'Probabilistic computation', 'Relations among modes**', 'Relativized computation'], ['mode computation', 'alternation nondeterminism', 'interactive reactive computation revised', 'online computation', 'parallelism concurrency', 'probabilistic computation', 'relation among mode', 'relativized computation']]"
v0_043_call_for_oriented_researchtechnology_development_proposals_on_materials_for_energy_storage_mes___2018,design,"[['B.5.1', 'D.2.10'], ['Design', 'Arithmetic and logic units', 'Control design', 'Data-path design', 'Memory design', 'Styles (e.g., parallel, pipeline, special-purpose)', 'Design** (D.2.2)', 'Methodologies**', 'Representation**'], ['design', 'arithmetic logic unit', 'control design', 'datapath design', 'memory design', 'style eg parallel pipeline specialpurpose', 'design', 'methodology', 'representation']]"
v0_043_call_for_oriented_researchtechnology_development_proposals_on_materials_for_energy_storage_mes___2018,material,"[['G.1.3'], ['Numerical Linear Algebra', 'Conditioning', 'Determinants**', 'Eigenvalues and eigenvectors (direct and iterative methods) (REVISED)', 'Error analysis', 'Linear systems (direct and iterative methods)', 'Matrix inversion', 'Pseudoinverses**', 'Singular value decomposition (NEW)', 'Sparse, structured, and very large systems (direct and iterative methods) (REVISED)'], ['numerical linear algebra', 'conditioning', 'determinant', 'eigenvalue eigenvectors direct iterative method revised', 'error analysis', 'linear system direct iterative method', 'matrix inversion', 'pseudoinverses', 'singular value decomposition new', 'sparse structured large system direct iterative method revised']]"
v0_044_call_for_proposals_for_establishing_technology_enabling_centres_tec_in_university_system,general,"[['C.5.0', 'B.7.0', 'I.1.0', 'D.4.0', 'F.0', 'K.8.0', 'C.2.0', 'D.2.0', 'I.5.0', 'F.1.0', 'A.0', 'D.0', 'I.4.0', 'C.0', 'H.4.0', 'B.6.0', 'G.1.0', 'K.6.0', 'B.2.0', 'I.2.0', 'B.4.0', 'D.1.0', 'B.1.0', 'K.5.0', 'K.7.0', 'B.3.0', 'I.0', 'F.2.0', 'C.1.0', 'K.0', 'I.6.0', 'H.2.0', 'F.3.0', 'K.4.0', 'I.3.0', 'G.2.0', 'B.5.0', 'H.5.0', 'F.4.0', 'I.7.0', 'G.0', 'J.0', 'H.3.0', 'B.0', 'E.0', 'H.0', 'H.1.0', 'D.3.0', 'K.3.0'], ['General', 'General', 'General', 'General', 'GENERAL', 'General', 'Games', 'General', 'Data communications', 'Open Systems Interconnection reference model (OSI)', 'Security and protection (e.g., firewalls) (REVISED)', 'General (K.5.1)', 'Protection mechanisms', 'Standards', 'General', 'General', 'GENERAL', 'Biographies/autobiographies', 'Conference proceedings', 'General literary works (e.g., fiction, plays)', 'GENERAL', 'General', 'Image displays', 'Image processing software', 'GENERAL', 'Hardware/software interfaces', 'Instruction set design (e.g., RISC, CISC, VLIW) (REVISED)', 'Modeling of computer architecture (NEW)', 'System architectures', 'Systems specification methodology', 'General', 'General', 'General', 'Computer arithmetic', 'Conditioning (and ill-conditioning) (REVISED)', 'Error analysis', 'Interval arithmetic (NEW)', 'Multiple precision arithmetic (NEW)', 'Numerical algorithms', 'Parallel algorithms', 'Stability (and instability)', 'General', 'Economics', 'General', 'General', 'Cognitive simulation', 'Philosophical foundations', 'General', 'General', 'General', 'General', 'General', 'General', 'GENERAL', 'General', 'General', 'GENERAL', 'General', 'General', 'Security, integrity, and protection**', 'General', 'General', 'General', 'General', 'General', 'General', 'General', 'General', 'GENERAL', 'GENERAL', 'General', 'GENERAL', 'GENERAL', 'GENERAL', 'General', 'General', 'Standards', 'General'], ['general', 'general', 'general', 'general', 'general', 'general', 'game', 'general', 'data communication', 'open system interconnection reference model osi', 'security protection eg firewall revised', 'general', 'protection mechanism', 'standard', 'general', 'general', 'general', 'biographiesautobiographies', 'conference proceeding', 'general literary work eg fiction play', 'general', 'general', 'image display', 'image processing software', 'general', 'hardwaresoftware interface', 'instruction set design eg risc cisc vliw revised', 'modeling computer architecture new', 'system architecture', 'system specification methodology', 'general', 'general', 'general', 'computer arithmetic', 'conditioning illconditioning revised', 'error analysis', 'interval arithmetic new', 'multiple precision arithmetic new', 'numerical algorithm', 'parallel algorithm', 'stability instability', 'general', 'economics', 'general', 'general', 'cognitive simulation', 'philosophical foundation', 'general', 'general', 'general', 'general', 'general', 'general', 'general', 'general', 'general', 'general', 'general', 'general', 'security integrity protection', 'general', 'general', 'general', 'general', 'general', 'general', 'general', 'general', 'general', 'general', 'general', 'general', 'general', 'general', 'general', 'general', 'standard', 'general']]"
v0_045_call_for_proposals_under_state_science_and_technology_sstp__2018_19___call_date_18042018_to_31052018,demand,"[['E.3'], ['DATA ENCRYPTION', 'Code breaking (NEW)', 'Data encryption standard (DES)**', 'Public key cryptosystems', 'Standards (e.g., DES, PGP, RSA) (NEW)'], ['data encryption', 'code breaking new', 'data encryption standard de', 'public key cryptosystems', 'standard eg de pgp rsa new']]"
v0_045_call_for_proposals_under_state_science_and_technology_sstp__2018_19___call_date_18042018_to_31052018,lab,"[['I.2.1', 'J.1'], ['Applications and Expert Systems (H.4, J)', 'Cartography', 'Games', 'Industrial automation', 'Law', 'Medicine and science', 'Natural language interfaces', 'Office automation', 'ADMINISTRATIVE DATA PROCESSING', 'Business', 'Education', 'Financial (e.g., EFTS)', 'Government', 'Law', 'Manufacturing', 'Marketing', 'Military'], ['application expert system', 'cartography', 'game', 'industrial automation', 'law', 'medicine science', 'natural language interface', 'office automation', 'administrative data processing', 'business', 'education', 'financial eg eft', 'government', 'law', 'manufacturing', 'marketing', 'military']]"
v0_045_call_for_proposals_under_state_science_and_technology_sstp__2018_19___call_date_18042018_to_31052018,model,"[['I.5.1'], ['Models', 'Deterministic**', 'Fuzzy set', 'Geometric', 'Neural nets', 'Statistical', 'Structural'], ['model', 'deterministic', 'fuzzy set', 'geometric', 'neural net', 'statistical', 'structural']]"
v0_045_call_for_proposals_under_state_science_and_technology_sstp__2018_19___call_date_18042018_to_31052018,pilot scale,"[['D.2.11'], ['Software Architectures (NEW)', 'Data abstraction (NEW)', 'Domain-specific architectures (NEW)', 'Information hiding (NEW)', 'Languages (e.g., description, interconnection, definition) (NEW)', 'Patterns (e.g., client/server, pipeline, blackboard) (NEW)'], ['software architecture new', 'data abstraction new', 'domainspecific architecture new', 'information hiding new', 'language eg description interconnection definition new', 'pattern eg clientserver pipeline blackboard new']]"
v0_045_call_for_proposals_under_state_science_and_technology_sstp__2018_19___call_date_18042018_to_31052018,survey,"[['G.3'], ['PROBABILITY AND STATISTICS', 'Contingency table analysis (NEW)', 'Correlation and regression analysis (NEW)', 'Distribution functions (NEW)', 'Experimental design (NEW)', 'Markov processes (NEW)', 'Multivariate statistics (NEW)', 'Nonparametric statistics (NEW)', 'Probabilistic algorithms (including Monte Carlo)', 'Queueing theory (NEW)', 'Random number generation', 'Reliability and life testing (NEW)', 'Renewal theory (NEW)', 'Robust regression (NEW)', 'Statistical computing', 'Statistical software', 'Stochastic processes (NEW)', 'Survival analysis (NEW)', 'Time series analysis (NEW)'], ['probability statistic', 'contingency table analysis new', 'correlation regression analysis new', 'distribution function new', 'experimental design new', 'markov process new', 'multivariate statistic new', 'nonparametric statistic new', 'probabilistic algorithm including monte carlo', 'queueing theory new', 'random number generation', 'reliability life testing new', 'renewal theory new', 'robust regression new', 'statistical computing', 'statistical software', 'stochastic process new', 'survival analysis new', 'time series analysis new']]"
v0_046_call_for_proposals_for_biomedical_device_and_technology_development_bdtd_tdt_division,concern,"[['I.2.6'], ['Learning (K.3.2)', 'Analogies', 'Concept learning', 'Connectionism and neural nets', 'Induction', 'Knowledge acquisition', 'Language acquisition', 'Parameter learning'], ['learning', 'analogy', 'concept learning', 'connectionism neural net', 'induction', 'knowledge acquisition', 'language acquisition', 'parameter learning']]"
v0_046_call_for_proposals_for_biomedical_device_and_technology_development_bdtd_tdt_division,design,"[['B.5.1', 'D.2.10'], ['Design', 'Arithmetic and logic units', 'Control design', 'Data-path design', 'Memory design', 'Styles (e.g., parallel, pipeline, special-purpose)', 'Design** (D.2.2)', 'Methodologies**', 'Representation**'], ['design', 'arithmetic logic unit', 'control design', 'datapath design', 'memory design', 'style eg parallel pipeline specialpurpose', 'design', 'methodology', 'representation']]"
v0_046_call_for_proposals_for_biomedical_device_and_technology_development_bdtd_tdt_division,facility,"[['F.2.1'], ['Numerical Algorithms and Problems (G.1, G.4, I.1)', 'Computation of transforms (e.g., fast Fourier transform)', 'Computations in finite fields', 'Computations on matrices', 'Computations on polynomials', 'Number-theoretic computations (e.g., factoring, primality testing)'], ['numerical algorithm problem', 'computation transforms eg fast fourier transform', 'computation finite field', 'computation matrix', 'computation polynomial', 'numbertheoretic computation eg factoring primality testing']]"
v0_046_call_for_proposals_for_biomedical_device_and_technology_development_bdtd_tdt_division,pilot scale,"[['D.2.11'], ['Software Architectures (NEW)', 'Data abstraction (NEW)', 'Domain-specific architectures (NEW)', 'Information hiding (NEW)', 'Languages (e.g., description, interconnection, definition) (NEW)', 'Patterns (e.g., client/server, pipeline, blackboard) (NEW)'], ['software architecture new', 'data abstraction new', 'domainspecific architecture new', 'information hiding new', 'language eg description interconnection definition new', 'pattern eg clientserver pipeline blackboard new']]"
v0_047_indo_canada_joint_call_for_proposals_improving_occupant_survivability_in_buildings_during_fires_using_innovations_in_structural_engineering_materials_science_and_cyber_physical_interfaces,building,"[['B.5.3', 'B.4.5', 'B.6.2', 'B.7.3'], ['Reliability and Testing** (B.8)', 'Built-in tests**', 'Error-checking**', 'Redundant design**', 'Test generation**', 'Testability**', 'Reliability, Testing, and Fault-Tolerance** (B.8)', 'Built-in tests**', 'Diagnostics**', 'Error-checking**', 'Hardware reliability**', 'Redundant design**', 'Test generation**', 'Reliability and Testing** (B.8)', 'Built-in tests**', 'Error-checking**', 'Redundant design**', 'Test generation**', 'Testability**', 'Reliability and Testing** (B.8)', 'Built-in tests**', 'Error-checking**', 'Redundant design**', 'Test generation**', 'Testability**'], ['reliability testing', 'builtin test', 'errorchecking', 'redundant design', 'test generation', 'testability', 'reliability testing faulttolerance', 'builtin test', 'diagnostics', 'errorchecking', 'hardware reliability', 'redundant design', 'test generation', 'reliability testing', 'builtin test', 'errorchecking', 'redundant design', 'test generation', 'testability', 'reliability testing', 'builtin test', 'errorchecking', 'redundant design', 'test generation', 'testability']]"
v0_047_indo_canada_joint_call_for_proposals_improving_occupant_survivability_in_buildings_during_fires_using_innovations_in_structural_engineering_materials_science_and_cyber_physical_interfaces,design,"[['B.5.1', 'D.2.10'], ['Design', 'Arithmetic and logic units', 'Control design', 'Data-path design', 'Memory design', 'Styles (e.g., parallel, pipeline, special-purpose)', 'Design** (D.2.2)', 'Methodologies**', 'Representation**'], ['design', 'arithmetic logic unit', 'control design', 'datapath design', 'memory design', 'style eg parallel pipeline specialpurpose', 'design', 'methodology', 'representation']]"
v0_047_indo_canada_joint_call_for_proposals_improving_occupant_survivability_in_buildings_during_fires_using_innovations_in_structural_engineering_materials_science_and_cyber_physical_interfaces,engineering,"[['J.2'], ['PHYSICAL SCIENCES AND ENGINEERING', 'Aerospace', 'Archaeology (NEW)', 'Astronomy', 'Chemistry', 'Earth and atmospheric sciences', 'Electronics', 'Engineering', 'Mathematics and statistics', 'Physics'], ['physical science engineering', 'aerospace', 'archaeology new', 'astronomy', 'chemistry', 'earth atmospheric science', 'electronics', 'engineering', 'mathematics statistic', 'physic']]"
v0_047_indo_canada_joint_call_for_proposals_improving_occupant_survivability_in_buildings_during_fires_using_innovations_in_structural_engineering_materials_science_and_cyber_physical_interfaces,environment,"[['I.6.7'], ['Simulation Support Systems', 'Environments'], ['simulation support system', 'environment']]"
v0_047_indo_canada_joint_call_for_proposals_improving_occupant_survivability_in_buildings_during_fires_using_innovations_in_structural_engineering_materials_science_and_cyber_physical_interfaces,event,"[['I.1.3'], ['Languages and Systems (D.3.2-3, F.2.2)', 'Evaluation strategies', 'Nonprocedural languages**', 'Special-purpose algebraic systems', 'Special-purpose hardware**', 'Substitution mechanisms**'], ['language system', 'evaluation strategy', 'nonprocedural language', 'specialpurpose algebraic system', 'specialpurpose hardware', 'substitution mechanism']]"
v0_047_indo_canada_joint_call_for_proposals_improving_occupant_survivability_in_buildings_during_fires_using_innovations_in_structural_engineering_materials_science_and_cyber_physical_interfaces,material,"[['G.1.3'], ['Numerical Linear Algebra', 'Conditioning', 'Determinants**', 'Eigenvalues and eigenvectors (direct and iterative methods) (REVISED)', 'Error analysis', 'Linear systems (direct and iterative methods)', 'Matrix inversion', 'Pseudoinverses**', 'Singular value decomposition (NEW)', 'Sparse, structured, and very large systems (direct and iterative methods) (REVISED)'], ['numerical linear algebra', 'conditioning', 'determinant', 'eigenvalue eigenvectors direct iterative method revised', 'error analysis', 'linear system direct iterative method', 'matrix inversion', 'pseudoinverses', 'singular value decomposition new', 'sparse structured large system direct iterative method revised']]"
v0_047_indo_canada_joint_call_for_proposals_improving_occupant_survivability_in_buildings_during_fires_using_innovations_in_structural_engineering_materials_science_and_cyber_physical_interfaces,pace,"[['C.2.1'], ['Network Architecture and Design', 'Asynchronous Transfer Mode (ATM) (NEW)', 'Centralized networks**', 'Circuit-switching networks', 'Distributed networks', 'Frame relay networks (NEW)', 'ISDN (Integrated Services Digital Network)', 'Network communications', 'Network topology', 'Packet-switching networks (REVISED)', 'Store and forward networks', 'Wireless communication (NEW)'], ['network architecture design', 'asynchronous transfer mode atm new', 'centralized network', 'circuitswitching network', 'distributed network', 'frame relay network new', 'isdn integrated service digital network', 'network communication', 'network topology', 'packetswitching network revised', 'store forward network', 'wireless communication new']]"
v0_047_indo_canada_joint_call_for_proposals_improving_occupant_survivability_in_buildings_during_fires_using_innovations_in_structural_engineering_materials_science_and_cyber_physical_interfaces,population,"[['D.2.7'], ['Distribution, Maintenance, and Enhancement (REVISED)', 'Corrections**', 'Documentation', 'Enhancement**', 'Extensibility**', 'Portability', 'Restructuring, reverse engineering, and reengineering (REVISED)', 'Version control'], ['distribution maintenance enhancement revised', 'correction', 'documentation', 'enhancement', 'extensibility', 'portability', 'restructuring reverse engineering reengineering revised', 'version control']]"
v0_047_indo_canada_joint_call_for_proposals_improving_occupant_survivability_in_buildings_during_fires_using_innovations_in_structural_engineering_materials_science_and_cyber_physical_interfaces,rapid urbanization,"[['D.2.m', 'D.2.1'], ['Miscellaneous', 'Rapid prototyping**', 'Reusable software**', 'Requirements/Specifications (D.3.1)', 'Elicitation methods (e.g., rapid prototyping, interviews, JAD) (NEW)', 'Languages', 'Methodologies (e.g., object-oriented, structured) (REVISED)', 'Tools'], ['miscellaneous', 'rapid prototyping', 'reusable software', 'requirementsspecifications', 'elicitation method eg rapid prototyping interview jad new', 'language', 'methodology eg objectoriented structured revised', 'tool']]"
v0_047_indo_canada_joint_call_for_proposals_improving_occupant_survivability_in_buildings_during_fires_using_innovations_in_structural_engineering_materials_science_and_cyber_physical_interfaces,structural engineering,"[['I.5.1'], ['Models', 'Deterministic**', 'Fuzzy set', 'Geometric', 'Neural nets', 'Statistical', 'Structural'], ['model', 'deterministic', 'fuzzy set', 'geometric', 'neural net', 'statistical', 'structural']]"
v0_047_indo_canada_joint_call_for_proposals_improving_occupant_survivability_in_buildings_during_fires_using_innovations_in_structural_engineering_materials_science_and_cyber_physical_interfaces,urbanization,"[['H.5.2'], ['User Interfaces (D.2.2, H.1.2, I.3.6)', 'Auditory (non-speech) feedback (NEW)', 'Benchmarking (NEW)', 'Ergonomics', 'Evaluation/methodology', 'Graphical user interfaces (GUI) (NEW)', 'Haptic I/O (NEW)', 'Input devices and strategies (e.g., mouse, touchscreen)', 'Interaction styles (e.g., commands, menus, forms, direct manipulation)', 'Natural language (NEW)', 'Prototyping (NEW)', 'Screen design (e.g., text, graphics, color)', 'Standardization (NEW)', 'Style guides (NEW)', 'Theory and methods', 'Training, help, and documentation', 'User-centered design (NEW)', 'User interface management systems (UIMS)', 'Voice I/O (NEW)', 'Windowing systems'], ['user interface', 'auditory nonspeech feedback new', 'benchmarking new', 'ergonomics', 'evaluationmethodology', 'graphical user interface gui new', 'haptic io new', 'input device strategy eg mouse touchscreen', 'interaction style eg command menu form direct manipulation', 'natural language new', 'prototyping new', 'screen design eg text graphic color', 'standardization new', 'style guide new', 'theory method', 'training help documentation', 'usercentered design new', 'user interface management system uims', 'voice io new', 'windowing system']]"
v0_048_call_for_oriented_research__technology_development_proposals_on_hydrogen_and_fuel_cell_hfc___2018,advance,"[['B.7.1'], ['Types and Design Styles', 'Advanced technologies', 'Algorithms implemented in hardware', 'Gate arrays', 'Input/output circuits', 'Memory technologies', 'Microprocessors and microcomputers', 'Standard cells**', 'VLSI (very large scale integration)'], ['type design style', 'advanced technology', 'algorithm implemented hardware', 'gate array', 'inputoutput circuit', 'memory technology', 'microprocessor microcomputer', 'standard cell', 'vlsi large scale integration']]"
v0_048_call_for_oriented_research__technology_development_proposals_on_hydrogen_and_fuel_cell_hfc___2018,design,"[['B.5.1', 'D.2.10'], ['Design', 'Arithmetic and logic units', 'Control design', 'Data-path design', 'Memory design', 'Styles (e.g., parallel, pipeline, special-purpose)', 'Design** (D.2.2)', 'Methodologies**', 'Representation**'], ['design', 'arithmetic logic unit', 'control design', 'datapath design', 'memory design', 'style eg parallel pipeline specialpurpose', 'design', 'methodology', 'representation']]"
v0_048_call_for_oriented_research__technology_development_proposals_on_hydrogen_and_fuel_cell_hfc___2018,efficiency,"[['H.3.4'], ['Systems and Software', 'Current awareness systems (selective dissemination of information--SDI)**', 'Distributed systems (NEW)', 'Information networks', 'Performance evaluation (efficiency and effectiveness) (NEW)', 'Question-answering (fact retrieval) systems**', 'User profiles and alert services (NEW)'], ['system software', 'current awareness system selective dissemination informationsdi', 'distributed system new', 'information network', 'performance evaluation efficiency effectiveness new', 'questionanswering fact retrieval system', 'user profile alert service new']]"
v0_048_call_for_oriented_research__technology_development_proposals_on_hydrogen_and_fuel_cell_hfc___2018,environment,"[['I.6.7'], ['Simulation Support Systems', 'Environments'], ['simulation support system', 'environment']]"
v0_048_call_for_oriented_research__technology_development_proposals_on_hydrogen_and_fuel_cell_hfc___2018,synthesis,"[['D.3.1'], ['Formal Definitions and Theory (D.2.1, F.3.1-2, F.4.2-3)', 'Semantics', 'Syntax'], ['formal definition theory', 'semantics', 'syntax']]"
v0_049_initiative_in_coordinated_programme_for_arid_semi_arid_and_cold_desert_regionsasacoder,general,"[['C.5.0', 'B.7.0', 'I.1.0', 'D.4.0', 'F.0', 'K.8.0', 'C.2.0', 'D.2.0', 'I.5.0', 'F.1.0', 'A.0', 'D.0', 'I.4.0', 'C.0', 'H.4.0', 'B.6.0', 'G.1.0', 'K.6.0', 'B.2.0', 'I.2.0', 'B.4.0', 'D.1.0', 'B.1.0', 'K.5.0', 'K.7.0', 'B.3.0', 'I.0', 'F.2.0', 'C.1.0', 'K.0', 'I.6.0', 'H.2.0', 'F.3.0', 'K.4.0', 'I.3.0', 'G.2.0', 'B.5.0', 'H.5.0', 'F.4.0', 'I.7.0', 'G.0', 'J.0', 'H.3.0', 'B.0', 'E.0', 'H.0', 'H.1.0', 'D.3.0', 'K.3.0'], ['General', 'General', 'General', 'General', 'GENERAL', 'General', 'Games', 'General', 'Data communications', 'Open Systems Interconnection reference model (OSI)', 'Security and protection (e.g., firewalls) (REVISED)', 'General (K.5.1)', 'Protection mechanisms', 'Standards', 'General', 'General', 'GENERAL', 'Biographies/autobiographies', 'Conference proceedings', 'General literary works (e.g., fiction, plays)', 'GENERAL', 'General', 'Image displays', 'Image processing software', 'GENERAL', 'Hardware/software interfaces', 'Instruction set design (e.g., RISC, CISC, VLIW) (REVISED)', 'Modeling of computer architecture (NEW)', 'System architectures', 'Systems specification methodology', 'General', 'General', 'General', 'Computer arithmetic', 'Conditioning (and ill-conditioning) (REVISED)', 'Error analysis', 'Interval arithmetic (NEW)', 'Multiple precision arithmetic (NEW)', 'Numerical algorithms', 'Parallel algorithms', 'Stability (and instability)', 'General', 'Economics', 'General', 'General', 'Cognitive simulation', 'Philosophical foundations', 'General', 'General', 'General', 'General', 'General', 'General', 'GENERAL', 'General', 'General', 'GENERAL', 'General', 'General', 'Security, integrity, and protection**', 'General', 'General', 'General', 'General', 'General', 'General', 'General', 'General', 'GENERAL', 'GENERAL', 'General', 'GENERAL', 'GENERAL', 'GENERAL', 'General', 'General', 'Standards', 'General'], ['general', 'general', 'general', 'general', 'general', 'general', 'game', 'general', 'data communication', 'open system interconnection reference model osi', 'security protection eg firewall revised', 'general', 'protection mechanism', 'standard', 'general', 'general', 'general', 'biographiesautobiographies', 'conference proceeding', 'general literary work eg fiction play', 'general', 'general', 'image display', 'image processing software', 'general', 'hardwaresoftware interface', 'instruction set design eg risc cisc vliw revised', 'modeling computer architecture new', 'system architecture', 'system specification methodology', 'general', 'general', 'general', 'computer arithmetic', 'conditioning illconditioning revised', 'error analysis', 'interval arithmetic new', 'multiple precision arithmetic new', 'numerical algorithm', 'parallel algorithm', 'stability instability', 'general', 'economics', 'general', 'general', 'cognitive simulation', 'philosophical foundation', 'general', 'general', 'general', 'general', 'general', 'general', 'general', 'general', 'general', 'general', 'general', 'general', 'security integrity protection', 'general', 'general', 'general', 'general', 'general', 'general', 'general', 'general', 'general', 'general', 'general', 'general', 'general', 'general', 'general', 'general', 'standard', 'general']]"
v0_050_india___thailand_joint_call_for_proposals,urban,"[['H.5.2'], ['User Interfaces (D.2.2, H.1.2, I.3.6)', 'Auditory (non-speech) feedback (NEW)', 'Benchmarking (NEW)', 'Ergonomics', 'Evaluation/methodology', 'Graphical user interfaces (GUI) (NEW)', 'Haptic I/O (NEW)', 'Input devices and strategies (e.g., mouse, touchscreen)', 'Interaction styles (e.g., commands, menus, forms, direct manipulation)', 'Natural language (NEW)', 'Prototyping (NEW)', 'Screen design (e.g., text, graphics, color)', 'Standardization (NEW)', 'Style guides (NEW)', 'Theory and methods', 'Training, help, and documentation', 'User-centered design (NEW)', 'User interface management systems (UIMS)', 'Voice I/O (NEW)', 'Windowing systems'], ['user interface', 'auditory nonspeech feedback new', 'benchmarking new', 'ergonomics', 'evaluationmethodology', 'graphical user interface gui new', 'haptic io new', 'input device strategy eg mouse touchscreen', 'interaction style eg command menu form direct manipulation', 'natural language new', 'prototyping new', 'screen design eg text graphic color', 'standardization new', 'style guide new', 'theory method', 'training help documentation', 'usercentered design new', 'user interface management system uims', 'voice io new', 'windowing system']]"
v0_051_dst_science_technology_and_innovation_policy_fellowships,decade,"[['D.2.2'], ['Design Tools and Techniques (REVISED)', 'Computer-aided software engineering (CASE)', 'Decision tables', 'Evolutionary prototyping (NEW)', 'Flow charts', 'Modules and interfaces', 'Object-oriented design methods (NEW)', 'Petri nets', 'Programmer workbench**', 'Software libraries', 'State diagrams (NEW)', 'Structured programming**', 'Top-down programming**', 'User interfaces'], ['design tool technique revised', 'computeraided software engineering case', 'decision table', 'evolutionary prototyping new', 'flow chart', 'module interface', 'objectoriented design method new', 'petri net', 'programmer workbench', 'software library', 'state diagram new', 'structured programming', 'topdown programming', 'user interface']]"
v0_051_dst_science_technology_and_innovation_policy_fellowships,input,"[['D.3.3', 'D.4.4'], ['Language Constructs and Features (E.2)', 'Abstract data types', 'Classes and objects (NEW)', 'Concurrent programming structures', 'Constraints (NEW)', 'Control structures', 'Coroutines', 'Data types and structures', 'Dynamic storage management', 'Frameworks (NEW)', 'Inheritance (NEW)', 'Input/output', 'Modules, packages', 'Patterns (NEW)', 'Polymorphism (NEW)', 'Procedures, functions, and subroutines', 'Recursion', 'Communications Management (C.2)', 'Buffering', 'Input/output', 'Message sending', 'Network communication', 'Terminal management**'], ['language construct feature', 'abstract data type', 'class object new', 'concurrent programming structure', 'constraint new', 'control structure', 'coroutines', 'data type structure', 'dynamic storage management', 'framework new', 'inheritance new', 'inputoutput', 'module package', 'pattern new', 'polymorphism new', 'procedure function subroutine', 'recursion', 'communication management', 'buffering', 'inputoutput', 'message sending', 'network communication', 'terminal management']]"
v0_052_dst_daad_2018_call_for_personal_exchanges_between_india_and_germany,general,"[['C.5.0', 'B.7.0', 'I.1.0', 'D.4.0', 'F.0', 'K.8.0', 'C.2.0', 'D.2.0', 'I.5.0', 'F.1.0', 'A.0', 'D.0', 'I.4.0', 'C.0', 'H.4.0', 'B.6.0', 'G.1.0', 'K.6.0', 'B.2.0', 'I.2.0', 'B.4.0', 'D.1.0', 'B.1.0', 'K.5.0', 'K.7.0', 'B.3.0', 'I.0', 'F.2.0', 'C.1.0', 'K.0', 'I.6.0', 'H.2.0', 'F.3.0', 'K.4.0', 'I.3.0', 'G.2.0', 'B.5.0', 'H.5.0', 'F.4.0', 'I.7.0', 'G.0', 'J.0', 'H.3.0', 'B.0', 'E.0', 'H.0', 'H.1.0', 'D.3.0', 'K.3.0'], ['General', 'General', 'General', 'General', 'GENERAL', 'General', 'Games', 'General', 'Data communications', 'Open Systems Interconnection reference model (OSI)', 'Security and protection (e.g., firewalls) (REVISED)', 'General (K.5.1)', 'Protection mechanisms', 'Standards', 'General', 'General', 'GENERAL', 'Biographies/autobiographies', 'Conference proceedings', 'General literary works (e.g., fiction, plays)', 'GENERAL', 'General', 'Image displays', 'Image processing software', 'GENERAL', 'Hardware/software interfaces', 'Instruction set design (e.g., RISC, CISC, VLIW) (REVISED)', 'Modeling of computer architecture (NEW)', 'System architectures', 'Systems specification methodology', 'General', 'General', 'General', 'Computer arithmetic', 'Conditioning (and ill-conditioning) (REVISED)', 'Error analysis', 'Interval arithmetic (NEW)', 'Multiple precision arithmetic (NEW)', 'Numerical algorithms', 'Parallel algorithms', 'Stability (and instability)', 'General', 'Economics', 'General', 'General', 'Cognitive simulation', 'Philosophical foundations', 'General', 'General', 'General', 'General', 'General', 'General', 'GENERAL', 'General', 'General', 'GENERAL', 'General', 'General', 'Security, integrity, and protection**', 'General', 'General', 'General', 'General', 'General', 'General', 'General', 'General', 'GENERAL', 'GENERAL', 'General', 'GENERAL', 'GENERAL', 'GENERAL', 'General', 'General', 'Standards', 'General'], ['general', 'general', 'general', 'general', 'general', 'general', 'game', 'general', 'data communication', 'open system interconnection reference model osi', 'security protection eg firewall revised', 'general', 'protection mechanism', 'standard', 'general', 'general', 'general', 'biographiesautobiographies', 'conference proceeding', 'general literary work eg fiction play', 'general', 'general', 'image display', 'image processing software', 'general', 'hardwaresoftware interface', 'instruction set design eg risc cisc vliw revised', 'modeling computer architecture new', 'system architecture', 'system specification methodology', 'general', 'general', 'general', 'computer arithmetic', 'conditioning illconditioning revised', 'error analysis', 'interval arithmetic new', 'multiple precision arithmetic new', 'numerical algorithm', 'parallel algorithm', 'stability instability', 'general', 'economics', 'general', 'general', 'cognitive simulation', 'philosophical foundation', 'general', 'general', 'general', 'general', 'general', 'general', 'general', 'general', 'general', 'general', 'general', 'general', 'security integrity protection', 'general', 'general', 'general', 'general', 'general', 'general', 'general', 'general', 'general', 'general', 'general', 'general', 'general', 'general', 'general', 'general', 'standard', 'general']]"
v0_053_joint_call_for_project_proposals_2018___indo_danish_research_and_innovation_cooperation_in_the_areas_of_renewable_energy,efficiency,"[['H.3.4'], ['Systems and Software', 'Current awareness systems (selective dissemination of information--SDI)**', 'Distributed systems (NEW)', 'Information networks', 'Performance evaluation (efficiency and effectiveness) (NEW)', 'Question-answering (fact retrieval) systems**', 'User profiles and alert services (NEW)'], ['system software', 'current awareness system selective dissemination informationsdi', 'distributed system new', 'information network', 'performance evaluation efficiency effectiveness new', 'questionanswering fact retrieval system', 'user profile alert service new']]"
v0_054_funding_opportunity_announcement_foa_in_converting_sunlight_to_storable_fuels_energyrich_chemicals_and_biochemicals_ic5,algae,"[['I.5.3', 'I.1.2'], ['Clustering', 'Algorithms', 'Similarity measures', 'Algorithms (F.2.1-2)', 'Algebraic algorithms', 'Analysis of algorithms', 'Nonalgebraic algorithms'], ['clustering', 'algorithm', 'similarity measure', 'algorithm', 'algebraic algorithm', 'analysis algorithm', 'nonalgebraic algorithm']]"
v0_054_funding_opportunity_announcement_foa_in_converting_sunlight_to_storable_fuels_energyrich_chemicals_and_biochemicals_ic5,biomass,"[['A.0'], ['GENERAL', 'Biographies/autobiographies', 'Conference proceedings', 'General literary works (e.g., fiction, plays)'], ['general', 'biographiesautobiographies', 'conference proceeding', 'general literary work eg fiction play']]"
v0_054_funding_opportunity_announcement_foa_in_converting_sunlight_to_storable_fuels_energyrich_chemicals_and_biochemicals_ic5,design,"[['B.5.1', 'D.2.10'], ['Design', 'Arithmetic and logic units', 'Control design', 'Data-path design', 'Memory design', 'Styles (e.g., parallel, pipeline, special-purpose)', 'Design** (D.2.2)', 'Methodologies**', 'Representation**'], ['design', 'arithmetic logic unit', 'control design', 'datapath design', 'memory design', 'style eg parallel pipeline specialpurpose', 'design', 'methodology', 'representation']]"
v0_054_funding_opportunity_announcement_foa_in_converting_sunlight_to_storable_fuels_energyrich_chemicals_and_biochemicals_ic5,engineering,"[['J.2'], ['PHYSICAL SCIENCES AND ENGINEERING', 'Aerospace', 'Archaeology (NEW)', 'Astronomy', 'Chemistry', 'Earth and atmospheric sciences', 'Electronics', 'Engineering', 'Mathematics and statistics', 'Physics'], ['physical science engineering', 'aerospace', 'archaeology new', 'astronomy', 'chemistry', 'earth atmospheric science', 'electronics', 'engineering', 'mathematics statistic', 'physic']]"
v0_054_funding_opportunity_announcement_foa_in_converting_sunlight_to_storable_fuels_energyrich_chemicals_and_biochemicals_ic5,material,"[['G.1.3'], ['Numerical Linear Algebra', 'Conditioning', 'Determinants**', 'Eigenvalues and eigenvectors (direct and iterative methods) (REVISED)', 'Error analysis', 'Linear systems (direct and iterative methods)', 'Matrix inversion', 'Pseudoinverses**', 'Singular value decomposition (NEW)', 'Sparse, structured, and very large systems (direct and iterative methods) (REVISED)'], ['numerical linear algebra', 'conditioning', 'determinant', 'eigenvalue eigenvectors direct iterative method revised', 'error analysis', 'linear system direct iterative method', 'matrix inversion', 'pseudoinverses', 'singular value decomposition new', 'sparse structured large system direct iterative method revised']]"
v0_055_india_belarus_joint_call_for_proposals,environment,"[['I.6.7'], ['Simulation Support Systems', 'Environments'], ['simulation support system', 'environment']]"
v0_055_india_belarus_joint_call_for_proposals,material,"[['G.1.3'], ['Numerical Linear Algebra', 'Conditioning', 'Determinants**', 'Eigenvalues and eigenvectors (direct and iterative methods) (REVISED)', 'Error analysis', 'Linear systems (direct and iterative methods)', 'Matrix inversion', 'Pseudoinverses**', 'Singular value decomposition (NEW)', 'Sparse, structured, and very large systems (direct and iterative methods) (REVISED)'], ['numerical linear algebra', 'conditioning', 'determinant', 'eigenvalue eigenvectors direct iterative method revised', 'error analysis', 'linear system direct iterative method', 'matrix inversion', 'pseudoinverses', 'singular value decomposition new', 'sparse structured large system direct iterative method revised']]"
v0_056_call_for_enrollment_of_desalination_solution_providers,use,"[['H.3.7', 'H.5.4'], ['Digital Libraries (NEW)', 'Collection (NEW)', 'Dissemination (NEW)', 'Standards (NEW)', 'Systems issues (NEW)', 'User issues (NEW)', 'Hypertext/Hypermedia (I.7, J.7) (NEW)', 'Architectures (NEW)', 'Navigation (NEW)', 'Theory (NEW)', 'User issues (NEW)'], ['digital library new', 'collection new', 'dissemination new', 'standard new', 'system issue new', 'user issue new', 'hypertexthypermedia new', 'architecture new', 'navigation new', 'theory new', 'user issue new']]"
v0_057_india_japan_cooperative_science_programme_ijcsp,engineering,"[['J.2'], ['PHYSICAL SCIENCES AND ENGINEERING', 'Aerospace', 'Archaeology (NEW)', 'Astronomy', 'Chemistry', 'Earth and atmospheric sciences', 'Electronics', 'Engineering', 'Mathematics and statistics', 'Physics'], ['physical science engineering', 'aerospace', 'archaeology new', 'astronomy', 'chemistry', 'earth atmospheric science', 'electronics', 'engineering', 'mathematics statistic', 'physic']]"
v0_057_india_japan_cooperative_science_programme_ijcsp,fundamental,"[['D.3.3'], ['Language Constructs and Features (E.2)', 'Abstract data types', 'Classes and objects (NEW)', 'Concurrent programming structures', 'Constraints (NEW)', 'Control structures', 'Coroutines', 'Data types and structures', 'Dynamic storage management', 'Frameworks (NEW)', 'Inheritance (NEW)', 'Input/output', 'Modules, packages', 'Patterns (NEW)', 'Polymorphism (NEW)', 'Procedures, functions, and subroutines', 'Recursion'], ['language construct feature', 'abstract data type', 'class object new', 'concurrent programming structure', 'constraint new', 'control structure', 'coroutines', 'data type structure', 'dynamic storage management', 'framework new', 'inheritance new', 'inputoutput', 'module package', 'pattern new', 'polymorphism new', 'procedure function subroutine', 'recursion']]"
v0_057_india_japan_cooperative_science_programme_ijcsp,global warming,"[['G.1.6'], ['Optimization', 'Constrained optimization', 'Convex programming (NEW)', 'Global optimization (NEW)', 'Gradient methods', 'Integer programming', 'Least squares methods', 'Linear programming', 'Nonlinear programming', 'Quadratic programming methods (NEW)', 'Simulated annealing (NEW)', 'Stochastic programming (NEW)', 'Unconstrained optimization (NEW)'], ['optimization', 'constrained optimization', 'convex programming new', 'global optimization new', 'gradient method', 'integer programming', 'least square method', 'linear programming', 'nonlinear programming', 'quadratic programming method new', 'simulated annealing new', 'stochastic programming new', 'unconstrained optimization new']]"
v0_057_india_japan_cooperative_science_programme_ijcsp,machine learning,"[['I.2.7'], ['Natural Language Processing', 'Discourse', 'Language generation', 'Language models', 'Language parsing and understanding', 'Machine translation', 'Speech recognition and synthesis', 'Text analysis'], ['natural language processing', 'discourse', 'language generation', 'language model', 'language parsing understanding', 'machine translation', 'speech recognition synthesis', 'text analysis']]"
v0_057_india_japan_cooperative_science_programme_ijcsp,material,"[['G.1.3'], ['Numerical Linear Algebra', 'Conditioning', 'Determinants**', 'Eigenvalues and eigenvectors (direct and iterative methods) (REVISED)', 'Error analysis', 'Linear systems (direct and iterative methods)', 'Matrix inversion', 'Pseudoinverses**', 'Singular value decomposition (NEW)', 'Sparse, structured, and very large systems (direct and iterative methods) (REVISED)'], ['numerical linear algebra', 'conditioning', 'determinant', 'eigenvalue eigenvectors direct iterative method revised', 'error analysis', 'linear system direct iterative method', 'matrix inversion', 'pseudoinverses', 'singular value decomposition new', 'sparse structured large system direct iterative method revised']]"
v0_057_india_japan_cooperative_science_programme_ijcsp,polymer,"[['D.3.3'], ['Language Constructs and Features (E.2)', 'Abstract data types', 'Classes and objects (NEW)', 'Concurrent programming structures', 'Constraints (NEW)', 'Control structures', 'Coroutines', 'Data types and structures', 'Dynamic storage management', 'Frameworks (NEW)', 'Inheritance (NEW)', 'Input/output', 'Modules, packages', 'Patterns (NEW)', 'Polymorphism (NEW)', 'Procedures, functions, and subroutines', 'Recursion'], ['language construct feature', 'abstract data type', 'class object new', 'concurrent programming structure', 'constraint new', 'control structure', 'coroutines', 'data type structure', 'dynamic storage management', 'framework new', 'inheritance new', 'inputoutput', 'module package', 'pattern new', 'polymorphism new', 'procedure function subroutine', 'recursion']]"
v0_057_india_japan_cooperative_science_programme_ijcsp,synthesis,"[['D.3.1'], ['Formal Definitions and Theory (D.2.1, F.3.1-2, F.4.2-3)', 'Semantics', 'Syntax'], ['formal definition theory', 'semantics', 'syntax']]"
v0_058_dst_nwo_joint_call_on_urban_water_systems,city,"[['C.0'], ['GENERAL', 'Hardware/software interfaces', 'Instruction set design (e.g., RISC, CISC, VLIW) (REVISED)', 'Modeling of computer architecture (NEW)', 'System architectures', 'Systems specification methodology'], ['general', 'hardwaresoftware interface', 'instruction set design eg risc cisc vliw revised', 'modeling computer architecture new', 'system architecture', 'system specification methodology']]"
v0_058_dst_nwo_joint_call_on_urban_water_systems,design,"[['B.5.1', 'D.2.10'], ['Design', 'Arithmetic and logic units', 'Control design', 'Data-path design', 'Memory design', 'Styles (e.g., parallel, pipeline, special-purpose)', 'Design** (D.2.2)', 'Methodologies**', 'Representation**'], ['design', 'arithmetic logic unit', 'control design', 'datapath design', 'memory design', 'style eg parallel pipeline specialpurpose', 'design', 'methodology', 'representation']]"
v0_058_dst_nwo_joint_call_on_urban_water_systems,expression,"[['I.1.1'], ['Expressions and Their Representation (E.1-2)', 'Representations (general and polynomial)', 'Simplification of expressions'], ['expression representation', 'representation general polynomial', 'simplification expression']]"
v0_058_dst_nwo_joint_call_on_urban_water_systems,urban,"[['H.5.2'], ['User Interfaces (D.2.2, H.1.2, I.3.6)', 'Auditory (non-speech) feedback (NEW)', 'Benchmarking (NEW)', 'Ergonomics', 'Evaluation/methodology', 'Graphical user interfaces (GUI) (NEW)', 'Haptic I/O (NEW)', 'Input devices and strategies (e.g., mouse, touchscreen)', 'Interaction styles (e.g., commands, menus, forms, direct manipulation)', 'Natural language (NEW)', 'Prototyping (NEW)', 'Screen design (e.g., text, graphics, color)', 'Standardization (NEW)', 'Style guides (NEW)', 'Theory and methods', 'Training, help, and documentation', 'User-centered design (NEW)', 'User interface management systems (UIMS)', 'Voice I/O (NEW)', 'Windowing systems'], ['user interface', 'auditory nonspeech feedback new', 'benchmarking new', 'ergonomics', 'evaluationmethodology', 'graphical user interface gui new', 'haptic io new', 'input device strategy eg mouse touchscreen', 'interaction style eg command menu form direct manipulation', 'natural language new', 'prototyping new', 'screen design eg text graphic color', 'standardization new', 'style guide new', 'theory method', 'training help documentation', 'usercentered design new', 'user interface management system uims', 'voice io new', 'windowing system']]"
v0_059_indo_russian_joint_research_call_for_proposals_2018,agricultural,"[['C.2.1', 'C.2.5'], ['Network Architecture and Design', 'Asynchronous Transfer Mode (ATM) (NEW)', 'Centralized networks**', 'Circuit-switching networks', 'Distributed networks', 'Frame relay networks (NEW)', 'ISDN (Integrated Services Digital Network)', 'Network communications', 'Network topology', 'Packet-switching networks (REVISED)', 'Store and forward networks', 'Wireless communication (NEW)', 'Local and Wide-Area Networks (REVISED)', 'Access schemes', 'Buses'], ['network architecture design', 'asynchronous transfer mode atm new', 'centralized network', 'circuitswitching network', 'distributed network', 'frame relay network new', 'isdn integrated service digital network', 'network communication', 'network topology', 'packetswitching network revised', 'store forward network', 'wireless communication new', 'local widearea network revised', 'access scheme', 'bus']]"
v0_059_indo_russian_joint_research_call_for_proposals_2018,computer,"[['I.5.4'], ['Applications', 'Computer vision', 'Signal processing', 'Text processing', 'Waveform analysis'], ['application', 'computer vision', 'signal processing', 'text processing', 'waveform analysis']]"
v0_059_indo_russian_joint_research_call_for_proposals_2018,engineering,"[['J.2'], ['PHYSICAL SCIENCES AND ENGINEERING', 'Aerospace', 'Archaeology (NEW)', 'Astronomy', 'Chemistry', 'Earth and atmospheric sciences', 'Electronics', 'Engineering', 'Mathematics and statistics', 'Physics'], ['physical science engineering', 'aerospace', 'archaeology new', 'astronomy', 'chemistry', 'earth atmospheric science', 'electronics', 'engineering', 'mathematics statistic', 'physic']]"
v0_059_indo_russian_joint_research_call_for_proposals_2018,material,"[['G.1.3'], ['Numerical Linear Algebra', 'Conditioning', 'Determinants**', 'Eigenvalues and eigenvectors (direct and iterative methods) (REVISED)', 'Error analysis', 'Linear systems (direct and iterative methods)', 'Matrix inversion', 'Pseudoinverses**', 'Singular value decomposition (NEW)', 'Sparse, structured, and very large systems (direct and iterative methods) (REVISED)'], ['numerical linear algebra', 'conditioning', 'determinant', 'eigenvalue eigenvectors direct iterative method revised', 'error analysis', 'linear system direct iterative method', 'matrix inversion', 'pseudoinverses', 'singular value decomposition new', 'sparse structured large system direct iterative method revised']]"
v0_060_funding_opportunity_announcement_foa_in_carbon_capture_innovation_challenge_ic3,cost effectiveness,"[['D.2.9'], ['Management (K.6.3, K.6.4)', 'Copyrights**', 'Cost estimation', 'Life cycle', 'Productivity', 'Programming teams', 'Software configuration management', 'Software process models (e.g., CMM, ISO, PSP) (NEW)', 'Software quality assurance (SQA)', 'Time estimation'], ['management', 'copyright', 'cost estimation', 'life cycle', 'productivity', 'programming team', 'software configuration management', 'software process model eg cmm iso psp new', 'software quality assurance sqa', 'time estimation']]"
v0_060_funding_opportunity_announcement_foa_in_carbon_capture_innovation_challenge_ic3,efficiency,"[['H.3.4'], ['Systems and Software', 'Current awareness systems (selective dissemination of information--SDI)**', 'Distributed systems (NEW)', 'Information networks', 'Performance evaluation (efficiency and effectiveness) (NEW)', 'Question-answering (fact retrieval) systems**', 'User profiles and alert services (NEW)'], ['system software', 'current awareness system selective dissemination informationsdi', 'distributed system new', 'information network', 'performance evaluation efficiency effectiveness new', 'questionanswering fact retrieval system', 'user profile alert service new']]"
v0_060_funding_opportunity_announcement_foa_in_carbon_capture_innovation_challenge_ic3,material,"[['G.1.3'], ['Numerical Linear Algebra', 'Conditioning', 'Determinants**', 'Eigenvalues and eigenvectors (direct and iterative methods) (REVISED)', 'Error analysis', 'Linear systems (direct and iterative methods)', 'Matrix inversion', 'Pseudoinverses**', 'Singular value decomposition (NEW)', 'Sparse, structured, and very large systems (direct and iterative methods) (REVISED)'], ['numerical linear algebra', 'conditioning', 'determinant', 'eigenvalue eigenvectors direct iterative method revised', 'error analysis', 'linear system direct iterative method', 'matrix inversion', 'pseudoinverses', 'singular value decomposition new', 'sparse structured large system direct iterative method revised']]"
v0_060_funding_opportunity_announcement_foa_in_carbon_capture_innovation_challenge_ic3,model,"[['I.5.1'], ['Models', 'Deterministic**', 'Fuzzy set', 'Geometric', 'Neural nets', 'Statistical', 'Structural'], ['model', 'deterministic', 'fuzzy set', 'geometric', 'neural net', 'statistical', 'structural']]"
v0_060_funding_opportunity_announcement_foa_in_carbon_capture_innovation_challenge_ic3,polymer,"[['D.3.3'], ['Language Constructs and Features (E.2)', 'Abstract data types', 'Classes and objects (NEW)', 'Concurrent programming structures', 'Constraints (NEW)', 'Control structures', 'Coroutines', 'Data types and structures', 'Dynamic storage management', 'Frameworks (NEW)', 'Inheritance (NEW)', 'Input/output', 'Modules, packages', 'Patterns (NEW)', 'Polymorphism (NEW)', 'Procedures, functions, and subroutines', 'Recursion'], ['language construct feature', 'abstract data type', 'class object new', 'concurrent programming structure', 'constraint new', 'control structure', 'coroutines', 'data type structure', 'dynamic storage management', 'framework new', 'inheritance new', 'inputoutput', 'module package', 'pattern new', 'polymorphism new', 'procedure function subroutine', 'recursion']]"
v0_061_call_for_rd_project_proposals_from_indian_pharma_industrynational_laboratoriesacademic_institutions,case,"[['D.2.2'], ['Design Tools and Techniques (REVISED)', 'Computer-aided software engineering (CASE)', 'Decision tables', 'Evolutionary prototyping (NEW)', 'Flow charts', 'Modules and interfaces', 'Object-oriented design methods (NEW)', 'Petri nets', 'Programmer workbench**', 'Software libraries', 'State diagrams (NEW)', 'Structured programming**', 'Top-down programming**', 'User interfaces'], ['design tool technique revised', 'computeraided software engineering case', 'decision table', 'evolutionary prototyping new', 'flow chart', 'module interface', 'objectoriented design method new', 'petri net', 'programmer workbench', 'software library', 'state diagram new', 'structured programming', 'topdown programming', 'user interface']]"
v0_061_call_for_rd_project_proposals_from_indian_pharma_industrynational_laboratoriesacademic_institutions,facility,"[['F.2.1'], ['Numerical Algorithms and Problems (G.1, G.4, I.1)', 'Computation of transforms (e.g., fast Fourier transform)', 'Computations in finite fields', 'Computations on matrices', 'Computations on polynomials', 'Number-theoretic computations (e.g., factoring, primality testing)'], ['numerical algorithm problem', 'computation transforms eg fast fourier transform', 'computation finite field', 'computation matrix', 'computation polynomial', 'numbertheoretic computation eg factoring primality testing']]"
v0_062_dst_cnrs_france_joint_call_for_proposals,engineering,"[['J.2'], ['PHYSICAL SCIENCES AND ENGINEERING', 'Aerospace', 'Archaeology (NEW)', 'Astronomy', 'Chemistry', 'Earth and atmospheric sciences', 'Electronics', 'Engineering', 'Mathematics and statistics', 'Physics'], ['physical science engineering', 'aerospace', 'archaeology new', 'astronomy', 'chemistry', 'earth atmospheric science', 'electronics', 'engineering', 'mathematics statistic', 'physic']]"
v0_063_call_for_entries___awsar_programme,general,"[['C.5.0', 'B.7.0', 'I.1.0', 'D.4.0', 'F.0', 'K.8.0', 'C.2.0', 'D.2.0', 'I.5.0', 'F.1.0', 'A.0', 'D.0', 'I.4.0', 'C.0', 'H.4.0', 'B.6.0', 'G.1.0', 'K.6.0', 'B.2.0', 'I.2.0', 'B.4.0', 'D.1.0', 'B.1.0', 'K.5.0', 'K.7.0', 'B.3.0', 'I.0', 'F.2.0', 'C.1.0', 'K.0', 'I.6.0', 'H.2.0', 'F.3.0', 'K.4.0', 'I.3.0', 'G.2.0', 'B.5.0', 'H.5.0', 'F.4.0', 'I.7.0', 'G.0', 'J.0', 'H.3.0', 'B.0', 'E.0', 'H.0', 'H.1.0', 'D.3.0', 'K.3.0'], ['General', 'General', 'General', 'General', 'GENERAL', 'General', 'Games', 'General', 'Data communications', 'Open Systems Interconnection reference model (OSI)', 'Security and protection (e.g., firewalls) (REVISED)', 'General (K.5.1)', 'Protection mechanisms', 'Standards', 'General', 'General', 'GENERAL', 'Biographies/autobiographies', 'Conference proceedings', 'General literary works (e.g., fiction, plays)', 'GENERAL', 'General', 'Image displays', 'Image processing software', 'GENERAL', 'Hardware/software interfaces', 'Instruction set design (e.g., RISC, CISC, VLIW) (REVISED)', 'Modeling of computer architecture (NEW)', 'System architectures', 'Systems specification methodology', 'General', 'General', 'General', 'Computer arithmetic', 'Conditioning (and ill-conditioning) (REVISED)', 'Error analysis', 'Interval arithmetic (NEW)', 'Multiple precision arithmetic (NEW)', 'Numerical algorithms', 'Parallel algorithms', 'Stability (and instability)', 'General', 'Economics', 'General', 'General', 'Cognitive simulation', 'Philosophical foundations', 'General', 'General', 'General', 'General', 'General', 'General', 'GENERAL', 'General', 'General', 'GENERAL', 'General', 'General', 'Security, integrity, and protection**', 'General', 'General', 'General', 'General', 'General', 'General', 'General', 'General', 'GENERAL', 'GENERAL', 'General', 'GENERAL', 'GENERAL', 'GENERAL', 'General', 'General', 'Standards', 'General'], ['general', 'general', 'general', 'general', 'general', 'general', 'game', 'general', 'data communication', 'open system interconnection reference model osi', 'security protection eg firewall revised', 'general', 'protection mechanism', 'standard', 'general', 'general', 'general', 'biographiesautobiographies', 'conference proceeding', 'general literary work eg fiction play', 'general', 'general', 'image display', 'image processing software', 'general', 'hardwaresoftware interface', 'instruction set design eg risc cisc vliw revised', 'modeling computer architecture new', 'system architecture', 'system specification methodology', 'general', 'general', 'general', 'computer arithmetic', 'conditioning illconditioning revised', 'error analysis', 'interval arithmetic new', 'multiple precision arithmetic new', 'numerical algorithm', 'parallel algorithm', 'stability instability', 'general', 'economics', 'general', 'general', 'cognitive simulation', 'philosophical foundation', 'general', 'general', 'general', 'general', 'general', 'general', 'general', 'general', 'general', 'general', 'general', 'general', 'security integrity protection', 'general', 'general', 'general', 'general', 'general', 'general', 'general', 'general', 'general', 'general', 'general', 'general', 'general', 'general', 'general', 'general', 'standard', 'general']]"
v0_064_call_for_papers___9th_national_teachers_science_congress,experiment,"[['G.3'], ['PROBABILITY AND STATISTICS', 'Contingency table analysis (NEW)', 'Correlation and regression analysis (NEW)', 'Distribution functions (NEW)', 'Experimental design (NEW)', 'Markov processes (NEW)', 'Multivariate statistics (NEW)', 'Nonparametric statistics (NEW)', 'Probabilistic algorithms (including Monte Carlo)', 'Queueing theory (NEW)', 'Random number generation', 'Reliability and life testing (NEW)', 'Renewal theory (NEW)', 'Robust regression (NEW)', 'Statistical computing', 'Statistical software', 'Stochastic processes (NEW)', 'Survival analysis (NEW)', 'Time series analysis (NEW)'], ['probability statistic', 'contingency table analysis new', 'correlation regression analysis new', 'distribution function new', 'experimental design new', 'markov process new', 'multivariate statistic new', 'nonparametric statistic new', 'probabilistic algorithm including monte carlo', 'queueing theory new', 'random number generation', 'reliability life testing new', 'renewal theory new', 'robust regression new', 'statistical computing', 'statistical software', 'stochastic process new', 'survival analysis new', 'time series analysis new']]"
v0_064_call_for_papers___9th_national_teachers_science_congress,guidance,"[['H.5.2'], ['User Interfaces (D.2.2, H.1.2, I.3.6)', 'Auditory (non-speech) feedback (NEW)', 'Benchmarking (NEW)', 'Ergonomics', 'Evaluation/methodology', 'Graphical user interfaces (GUI) (NEW)', 'Haptic I/O (NEW)', 'Input devices and strategies (e.g., mouse, touchscreen)', 'Interaction styles (e.g., commands, menus, forms, direct manipulation)', 'Natural language (NEW)', 'Prototyping (NEW)', 'Screen design (e.g., text, graphics, color)', 'Standardization (NEW)', 'Style guides (NEW)', 'Theory and methods', 'Training, help, and documentation', 'User-centered design (NEW)', 'User interface management systems (UIMS)', 'Voice I/O (NEW)', 'Windowing systems'], ['user interface', 'auditory nonspeech feedback new', 'benchmarking new', 'ergonomics', 'evaluationmethodology', 'graphical user interface gui new', 'haptic io new', 'input device strategy eg mouse touchscreen', 'interaction style eg command menu form direct manipulation', 'natural language new', 'prototyping new', 'screen design eg text graphic color', 'standardization new', 'style guide new', 'theory method', 'training help documentation', 'usercentered design new', 'user interface management system uims', 'voice io new', 'windowing system']]"
v0_064_call_for_papers___9th_national_teachers_science_congress,share,"[['K.8.1'], ['Application Packages', 'Data communications', 'Database processing', 'Freeware/shareware (NEW)', 'Graphics', 'Spreadsheets', 'Word processing'], ['application package', 'data communication', 'database processing', 'freewareshareware new', 'graphic', 'spreadsheet', 'word processing']]"
v0_065_indo_finnish_joint_call_for_mobility_of_researchers,city,"[['C.0'], ['GENERAL', 'Hardware/software interfaces', 'Instruction set design (e.g., RISC, CISC, VLIW) (REVISED)', 'Modeling of computer architecture (NEW)', 'System architectures', 'Systems specification methodology'], ['general', 'hardwaresoftware interface', 'instruction set design eg risc cisc vliw revised', 'modeling computer architecture new', 'system architecture', 'system specification methodology']]"
v0_065_indo_finnish_joint_call_for_mobility_of_researchers,engineering,"[['J.2'], ['PHYSICAL SCIENCES AND ENGINEERING', 'Aerospace', 'Archaeology (NEW)', 'Astronomy', 'Chemistry', 'Earth and atmospheric sciences', 'Electronics', 'Engineering', 'Mathematics and statistics', 'Physics'], ['physical science engineering', 'aerospace', 'archaeology new', 'astronomy', 'chemistry', 'earth atmospheric science', 'electronics', 'engineering', 'mathematics statistic', 'physic']]"
v0_066_call_open_for_women_scientist_scheme_b_wos_b_2018_19,engineering,"[['J.2'], ['PHYSICAL SCIENCES AND ENGINEERING', 'Aerospace', 'Archaeology (NEW)', 'Astronomy', 'Chemistry', 'Earth and atmospheric sciences', 'Electronics', 'Engineering', 'Mathematics and statistics', 'Physics'], ['physical science engineering', 'aerospace', 'archaeology new', 'astronomy', 'chemistry', 'earth atmospheric science', 'electronics', 'engineering', 'mathematics statistic', 'physic']]"
v0_066_call_open_for_women_scientist_scheme_b_wos_b_2018_19,woman,"[['D.4.6', 'K.6.5'], ['Security and Protection (K.6.5)', 'Access controls', 'Authentication', 'Cryptographic controls', 'Information flow controls', 'Invasive software (e.g., viruses, worms, Trojan horses)', 'Security kernels**', 'Verification**', 'Security and Protection (D.4.6, K.4.2)', 'Authentication', 'Insurance**', 'Invasive software (e.g., viruses, worms, Trojan horses)', 'Physical security**', 'Unauthorized access (e.g., hacking, phreaking) (NEW)'], ['security protection', 'access control', 'authentication', 'cryptographic control', 'information flow control', 'invasive software eg virus worm trojan horse', 'security kernel', 'verification', 'security protection', 'authentication', 'insurance', 'invasive software eg virus worm trojan horse', 'physical security', 'unauthorized access eg hacking phreaking new']]"
v0_067_dst_dfg_joint_call_inviting_joint_research_proposals,engineering,"[['J.2'], ['PHYSICAL SCIENCES AND ENGINEERING', 'Aerospace', 'Archaeology (NEW)', 'Astronomy', 'Chemistry', 'Earth and atmospheric sciences', 'Electronics', 'Engineering', 'Mathematics and statistics', 'Physics'], ['physical science engineering', 'aerospace', 'archaeology new', 'astronomy', 'chemistry', 'earth atmospheric science', 'electronics', 'engineering', 'mathematics statistic', 'physic']]"
v0_067_dst_dfg_joint_call_inviting_joint_research_proposals,material,"[['G.1.3'], ['Numerical Linear Algebra', 'Conditioning', 'Determinants**', 'Eigenvalues and eigenvectors (direct and iterative methods) (REVISED)', 'Error analysis', 'Linear systems (direct and iterative methods)', 'Matrix inversion', 'Pseudoinverses**', 'Singular value decomposition (NEW)', 'Sparse, structured, and very large systems (direct and iterative methods) (REVISED)'], ['numerical linear algebra', 'conditioning', 'determinant', 'eigenvalue eigenvectors direct iterative method revised', 'error analysis', 'linear system direct iterative method', 'matrix inversion', 'pseudoinverses', 'singular value decomposition new', 'sparse structured large system direct iterative method revised']]"
v0_068_call_for_proposal_cfp__2_under_india___israel_industrial_rd_and_technological_innovation_fund_i4f,general,"[['C.5.0', 'B.7.0', 'I.1.0', 'D.4.0', 'F.0', 'K.8.0', 'C.2.0', 'D.2.0', 'I.5.0', 'F.1.0', 'A.0', 'D.0', 'I.4.0', 'C.0', 'H.4.0', 'B.6.0', 'G.1.0', 'K.6.0', 'B.2.0', 'I.2.0', 'B.4.0', 'D.1.0', 'B.1.0', 'K.5.0', 'K.7.0', 'B.3.0', 'I.0', 'F.2.0', 'C.1.0', 'K.0', 'I.6.0', 'H.2.0', 'F.3.0', 'K.4.0', 'I.3.0', 'G.2.0', 'B.5.0', 'H.5.0', 'F.4.0', 'I.7.0', 'G.0', 'J.0', 'H.3.0', 'B.0', 'E.0', 'H.0', 'H.1.0', 'D.3.0', 'K.3.0'], ['General', 'General', 'General', 'General', 'GENERAL', 'General', 'Games', 'General', 'Data communications', 'Open Systems Interconnection reference model (OSI)', 'Security and protection (e.g., firewalls) (REVISED)', 'General (K.5.1)', 'Protection mechanisms', 'Standards', 'General', 'General', 'GENERAL', 'Biographies/autobiographies', 'Conference proceedings', 'General literary works (e.g., fiction, plays)', 'GENERAL', 'General', 'Image displays', 'Image processing software', 'GENERAL', 'Hardware/software interfaces', 'Instruction set design (e.g., RISC, CISC, VLIW) (REVISED)', 'Modeling of computer architecture (NEW)', 'System architectures', 'Systems specification methodology', 'General', 'General', 'General', 'Computer arithmetic', 'Conditioning (and ill-conditioning) (REVISED)', 'Error analysis', 'Interval arithmetic (NEW)', 'Multiple precision arithmetic (NEW)', 'Numerical algorithms', 'Parallel algorithms', 'Stability (and instability)', 'General', 'Economics', 'General', 'General', 'Cognitive simulation', 'Philosophical foundations', 'General', 'General', 'General', 'General', 'General', 'General', 'GENERAL', 'General', 'General', 'GENERAL', 'General', 'General', 'Security, integrity, and protection**', 'General', 'General', 'General', 'General', 'General', 'General', 'General', 'General', 'GENERAL', 'GENERAL', 'General', 'GENERAL', 'GENERAL', 'GENERAL', 'General', 'General', 'Standards', 'General'], ['general', 'general', 'general', 'general', 'general', 'general', 'game', 'general', 'data communication', 'open system interconnection reference model osi', 'security protection eg firewall revised', 'general', 'protection mechanism', 'standard', 'general', 'general', 'general', 'biographiesautobiographies', 'conference proceeding', 'general literary work eg fiction play', 'general', 'general', 'image display', 'image processing software', 'general', 'hardwaresoftware interface', 'instruction set design eg risc cisc vliw revised', 'modeling computer architecture new', 'system architecture', 'system specification methodology', 'general', 'general', 'general', 'computer arithmetic', 'conditioning illconditioning revised', 'error analysis', 'interval arithmetic new', 'multiple precision arithmetic new', 'numerical algorithm', 'parallel algorithm', 'stability instability', 'general', 'economics', 'general', 'general', 'cognitive simulation', 'philosophical foundation', 'general', 'general', 'general', 'general', 'general', 'general', 'general', 'general', 'general', 'general', 'general', 'general', 'security integrity protection', 'general', 'general', 'general', 'general', 'general', 'general', 'general', 'general', 'general', 'general', 'general', 'general', 'general', 'general', 'general', 'general', 'standard', 'general']]"
v0_069_call___unescojapan_young_researchs_fellowship_programme_unescokeizo_obuchi_research_fellowships_programme_cycle_2018,general,"[['C.5.0', 'B.7.0', 'I.1.0', 'D.4.0', 'F.0', 'K.8.0', 'C.2.0', 'D.2.0', 'I.5.0', 'F.1.0', 'A.0', 'D.0', 'I.4.0', 'C.0', 'H.4.0', 'B.6.0', 'G.1.0', 'K.6.0', 'B.2.0', 'I.2.0', 'B.4.0', 'D.1.0', 'B.1.0', 'K.5.0', 'K.7.0', 'B.3.0', 'I.0', 'F.2.0', 'C.1.0', 'K.0', 'I.6.0', 'H.2.0', 'F.3.0', 'K.4.0', 'I.3.0', 'G.2.0', 'B.5.0', 'H.5.0', 'F.4.0', 'I.7.0', 'G.0', 'J.0', 'H.3.0', 'B.0', 'E.0', 'H.0', 'H.1.0', 'D.3.0', 'K.3.0'], ['General', 'General', 'General', 'General', 'GENERAL', 'General', 'Games', 'General', 'Data communications', 'Open Systems Interconnection reference model (OSI)', 'Security and protection (e.g., firewalls) (REVISED)', 'General (K.5.1)', 'Protection mechanisms', 'Standards', 'General', 'General', 'GENERAL', 'Biographies/autobiographies', 'Conference proceedings', 'General literary works (e.g., fiction, plays)', 'GENERAL', 'General', 'Image displays', 'Image processing software', 'GENERAL', 'Hardware/software interfaces', 'Instruction set design (e.g., RISC, CISC, VLIW) (REVISED)', 'Modeling of computer architecture (NEW)', 'System architectures', 'Systems specification methodology', 'General', 'General', 'General', 'Computer arithmetic', 'Conditioning (and ill-conditioning) (REVISED)', 'Error analysis', 'Interval arithmetic (NEW)', 'Multiple precision arithmetic (NEW)', 'Numerical algorithms', 'Parallel algorithms', 'Stability (and instability)', 'General', 'Economics', 'General', 'General', 'Cognitive simulation', 'Philosophical foundations', 'General', 'General', 'General', 'General', 'General', 'General', 'GENERAL', 'General', 'General', 'GENERAL', 'General', 'General', 'Security, integrity, and protection**', 'General', 'General', 'General', 'General', 'General', 'General', 'General', 'General', 'GENERAL', 'GENERAL', 'General', 'GENERAL', 'GENERAL', 'GENERAL', 'General', 'General', 'Standards', 'General'], ['general', 'general', 'general', 'general', 'general', 'general', 'game', 'general', 'data communication', 'open system interconnection reference model osi', 'security protection eg firewall revised', 'general', 'protection mechanism', 'standard', 'general', 'general', 'general', 'biographiesautobiographies', 'conference proceeding', 'general literary work eg fiction play', 'general', 'general', 'image display', 'image processing software', 'general', 'hardwaresoftware interface', 'instruction set design eg risc cisc vliw revised', 'modeling computer architecture new', 'system architecture', 'system specification methodology', 'general', 'general', 'general', 'computer arithmetic', 'conditioning illconditioning revised', 'error analysis', 'interval arithmetic new', 'multiple precision arithmetic new', 'numerical algorithm', 'parallel algorithm', 'stability instability', 'general', 'economics', 'general', 'general', 'cognitive simulation', 'philosophical foundation', 'general', 'general', 'general', 'general', 'general', 'general', 'general', 'general', 'general', 'general', 'general', 'general', 'security integrity protection', 'general', 'general', 'general', 'general', 'general', 'general', 'general', 'general', 'general', 'general', 'general', 'general', 'general', 'general', 'general', 'general', 'standard', 'general']]"
v0_070_call_for_nominations_serb_distinguished_fellowship_last_date_upto_30_november_2018,engineering,"[['J.2'], ['PHYSICAL SCIENCES AND ENGINEERING', 'Aerospace', 'Archaeology (NEW)', 'Astronomy', 'Chemistry', 'Earth and atmospheric sciences', 'Electronics', 'Engineering', 'Mathematics and statistics', 'Physics'], ['physical science engineering', 'aerospace', 'archaeology new', 'astronomy', 'chemistry', 'earth atmospheric science', 'electronics', 'engineering', 'mathematics statistic', 'physic']]"
v0_071_dst_dfg_awards_for_participation_in_the_69th_meeting_of_nobel_laureates__students_lindau_germany,general,"[['C.5.0', 'B.7.0', 'I.1.0', 'D.4.0', 'F.0', 'K.8.0', 'C.2.0', 'D.2.0', 'I.5.0', 'F.1.0', 'A.0', 'D.0', 'I.4.0', 'C.0', 'H.4.0', 'B.6.0', 'G.1.0', 'K.6.0', 'B.2.0', 'I.2.0', 'B.4.0', 'D.1.0', 'B.1.0', 'K.5.0', 'K.7.0', 'B.3.0', 'I.0', 'F.2.0', 'C.1.0', 'K.0', 'I.6.0', 'H.2.0', 'F.3.0', 'K.4.0', 'I.3.0', 'G.2.0', 'B.5.0', 'H.5.0', 'F.4.0', 'I.7.0', 'G.0', 'J.0', 'H.3.0', 'B.0', 'E.0', 'H.0', 'H.1.0', 'D.3.0', 'K.3.0'], ['General', 'General', 'General', 'General', 'GENERAL', 'General', 'Games', 'General', 'Data communications', 'Open Systems Interconnection reference model (OSI)', 'Security and protection (e.g., firewalls) (REVISED)', 'General (K.5.1)', 'Protection mechanisms', 'Standards', 'General', 'General', 'GENERAL', 'Biographies/autobiographies', 'Conference proceedings', 'General literary works (e.g., fiction, plays)', 'GENERAL', 'General', 'Image displays', 'Image processing software', 'GENERAL', 'Hardware/software interfaces', 'Instruction set design (e.g., RISC, CISC, VLIW) (REVISED)', 'Modeling of computer architecture (NEW)', 'System architectures', 'Systems specification methodology', 'General', 'General', 'General', 'Computer arithmetic', 'Conditioning (and ill-conditioning) (REVISED)', 'Error analysis', 'Interval arithmetic (NEW)', 'Multiple precision arithmetic (NEW)', 'Numerical algorithms', 'Parallel algorithms', 'Stability (and instability)', 'General', 'Economics', 'General', 'General', 'Cognitive simulation', 'Philosophical foundations', 'General', 'General', 'General', 'General', 'General', 'General', 'GENERAL', 'General', 'General', 'GENERAL', 'General', 'General', 'Security, integrity, and protection**', 'General', 'General', 'General', 'General', 'General', 'General', 'General', 'General', 'GENERAL', 'GENERAL', 'General', 'GENERAL', 'GENERAL', 'GENERAL', 'General', 'General', 'Standards', 'General'], ['general', 'general', 'general', 'general', 'general', 'general', 'game', 'general', 'data communication', 'open system interconnection reference model osi', 'security protection eg firewall revised', 'general', 'protection mechanism', 'standard', 'general', 'general', 'general', 'biographiesautobiographies', 'conference proceeding', 'general literary work eg fiction play', 'general', 'general', 'image display', 'image processing software', 'general', 'hardwaresoftware interface', 'instruction set design eg risc cisc vliw revised', 'modeling computer architecture new', 'system architecture', 'system specification methodology', 'general', 'general', 'general', 'computer arithmetic', 'conditioning illconditioning revised', 'error analysis', 'interval arithmetic new', 'multiple precision arithmetic new', 'numerical algorithm', 'parallel algorithm', 'stability instability', 'general', 'economics', 'general', 'general', 'cognitive simulation', 'philosophical foundation', 'general', 'general', 'general', 'general', 'general', 'general', 'general', 'general', 'general', 'general', 'general', 'general', 'security integrity protection', 'general', 'general', 'general', 'general', 'general', 'general', 'general', 'general', 'general', 'general', 'general', 'general', 'general', 'general', 'general', 'general', 'standard', 'general']]"
v0_072_india_sweden_joint_call_2018,computer,"[['I.5.4'], ['Applications', 'Computer vision', 'Signal processing', 'Text processing', 'Waveform analysis'], ['application', 'computer vision', 'signal processing', 'text processing', 'waveform analysis']]"
v0_072_india_sweden_joint_call_2018,concern,"[['I.2.6'], ['Learning (K.3.2)', 'Analogies', 'Concept learning', 'Connectionism and neural nets', 'Induction', 'Knowledge acquisition', 'Language acquisition', 'Parameter learning'], ['learning', 'analogy', 'concept learning', 'connectionism neural net', 'induction', 'knowledge acquisition', 'language acquisition', 'parameter learning']]"
v0_072_india_sweden_joint_call_2018,engineering,"[['J.2'], ['PHYSICAL SCIENCES AND ENGINEERING', 'Aerospace', 'Archaeology (NEW)', 'Astronomy', 'Chemistry', 'Earth and atmospheric sciences', 'Electronics', 'Engineering', 'Mathematics and statistics', 'Physics'], ['physical science engineering', 'aerospace', 'archaeology new', 'astronomy', 'chemistry', 'earth atmospheric science', 'electronics', 'engineering', 'mathematics statistic', 'physic']]"
v0_072_india_sweden_joint_call_2018,environment,"[['I.6.7'], ['Simulation Support Systems', 'Environments'], ['simulation support system', 'environment']]"
v0_072_india_sweden_joint_call_2018,material,"[['G.1.3'], ['Numerical Linear Algebra', 'Conditioning', 'Determinants**', 'Eigenvalues and eigenvectors (direct and iterative methods) (REVISED)', 'Error analysis', 'Linear systems (direct and iterative methods)', 'Matrix inversion', 'Pseudoinverses**', 'Singular value decomposition (NEW)', 'Sparse, structured, and very large systems (direct and iterative methods) (REVISED)'], ['numerical linear algebra', 'conditioning', 'determinant', 'eigenvalue eigenvectors direct iterative method revised', 'error analysis', 'linear system direct iterative method', 'matrix inversion', 'pseudoinverses', 'singular value decomposition new', 'sparse structured large system direct iterative method revised']]"
v0_073_joint_call_for_proposals___india_bulgaria_bilateral_scientific_and_technological_cooperation,material,"[['G.1.3'], ['Numerical Linear Algebra', 'Conditioning', 'Determinants**', 'Eigenvalues and eigenvectors (direct and iterative methods) (REVISED)', 'Error analysis', 'Linear systems (direct and iterative methods)', 'Matrix inversion', 'Pseudoinverses**', 'Singular value decomposition (NEW)', 'Sparse, structured, and very large systems (direct and iterative methods) (REVISED)'], ['numerical linear algebra', 'conditioning', 'determinant', 'eigenvalue eigenvectors direct iterative method revised', 'error analysis', 'linear system direct iterative method', 'matrix inversion', 'pseudoinverses', 'singular value decomposition new', 'sparse structured large system direct iterative method revised']]"
v0_074_advertisement_for_science_and_technology_of_yoga_and_meditation_satyam,aspect,"[['J.2'], ['PHYSICAL SCIENCES AND ENGINEERING', 'Aerospace', 'Archaeology (NEW)', 'Astronomy', 'Chemistry', 'Earth and atmospheric sciences', 'Electronics', 'Engineering', 'Mathematics and statistics', 'Physics'], ['physical science engineering', 'aerospace', 'archaeology new', 'astronomy', 'chemistry', 'earth atmospheric science', 'electronics', 'engineering', 'mathematics statistic', 'physic']]"
v0_074_advertisement_for_science_and_technology_of_yoga_and_meditation_satyam,effect,"[['H.3.4'], ['Systems and Software', 'Current awareness systems (selective dissemination of information--SDI)**', 'Distributed systems (NEW)', 'Information networks', 'Performance evaluation (efficiency and effectiveness) (NEW)', 'Question-answering (fact retrieval) systems**', 'User profiles and alert services (NEW)'], ['system software', 'current awareness system selective dissemination informationsdi', 'distributed system new', 'information network', 'performance evaluation efficiency effectiveness new', 'questionanswering fact retrieval system', 'user profile alert service new']]"
v0_074_advertisement_for_science_and_technology_of_yoga_and_meditation_satyam,investigation,"[['G.1.8'], ['Partial Differential Equations', 'Domain decomposition methods (NEW)', 'Elliptic equations', 'Finite difference methods (REVISED)', 'Finite element methods', 'Finite volume methods (NEW)', 'Hyperbolic equations', 'Inverse problems (NEW)', 'Iterative solution techniques (NEW)', 'Method of lines', 'Multigrid and multilevel methods (NEW)', 'Parabolic equations', 'Spectral methods (NEW)'], ['partial differential equation', 'domain decomposition method new', 'elliptic equation', 'finite difference method revised', 'finite element method', 'finite volume method new', 'hyperbolic equation', 'inverse problem new', 'iterative solution technique new', 'method line', 'multigrid multilevel method new', 'parabolic equation', 'spectral method new']]"
v0_075_call_for_proposals_for_optimal_water_use_in_industrial_sector_water_conservation_water_use_efficiency_waste_water_recovery_utilization_of_residues,adoption,"[['B.7.1'], ['Types and Design Styles', 'Advanced technologies', 'Algorithms implemented in hardware', 'Gate arrays', 'Input/output circuits', 'Memory technologies', 'Microprocessors and microcomputers', 'Standard cells**', 'VLSI (very large scale integration)'], ['type design style', 'advanced technology', 'algorithm implemented hardware', 'gate array', 'inputoutput circuit', 'memory technology', 'microprocessor microcomputer', 'standard cell', 'vlsi large scale integration']]"
v0_075_call_for_proposals_for_optimal_water_use_in_industrial_sector_water_conservation_water_use_efficiency_waste_water_recovery_utilization_of_residues,demand,"[['E.3'], ['DATA ENCRYPTION', 'Code breaking (NEW)', 'Data encryption standard (DES)**', 'Public key cryptosystems', 'Standards (e.g., DES, PGP, RSA) (NEW)'], ['data encryption', 'code breaking new', 'data encryption standard de', 'public key cryptosystems', 'standard eg de pgp rsa new']]"
v0_075_call_for_proposals_for_optimal_water_use_in_industrial_sector_water_conservation_water_use_efficiency_waste_water_recovery_utilization_of_residues,design,"[['B.5.1', 'D.2.10'], ['Design', 'Arithmetic and logic units', 'Control design', 'Data-path design', 'Memory design', 'Styles (e.g., parallel, pipeline, special-purpose)', 'Design** (D.2.2)', 'Methodologies**', 'Representation**'], ['design', 'arithmetic logic unit', 'control design', 'datapath design', 'memory design', 'style eg parallel pipeline specialpurpose', 'design', 'methodology', 'representation']]"
v0_075_call_for_proposals_for_optimal_water_use_in_industrial_sector_water_conservation_water_use_efficiency_waste_water_recovery_utilization_of_residues,efficiency,"[['H.3.4'], ['Systems and Software', 'Current awareness systems (selective dissemination of information--SDI)**', 'Distributed systems (NEW)', 'Information networks', 'Performance evaluation (efficiency and effectiveness) (NEW)', 'Question-answering (fact retrieval) systems**', 'User profiles and alert services (NEW)'], ['system software', 'current awareness system selective dissemination informationsdi', 'distributed system new', 'information network', 'performance evaluation efficiency effectiveness new', 'questionanswering fact retrieval system', 'user profile alert service new']]"
v0_075_call_for_proposals_for_optimal_water_use_in_industrial_sector_water_conservation_water_use_efficiency_waste_water_recovery_utilization_of_residues,population,"[['D.2.7'], ['Distribution, Maintenance, and Enhancement (REVISED)', 'Corrections**', 'Documentation', 'Enhancement**', 'Extensibility**', 'Portability', 'Restructuring, reverse engineering, and reengineering (REVISED)', 'Version control'], ['distribution maintenance enhancement revised', 'correction', 'documentation', 'enhancement', 'extensibility', 'portability', 'restructuring reverse engineering reengineering revised', 'version control']]"
v0_075_call_for_proposals_for_optimal_water_use_in_industrial_sector_water_conservation_water_use_efficiency_waste_water_recovery_utilization_of_residues,situation,"[['C.1.2'], ['Multiple Data Stream Architectures (Multiprocessors)', 'Array and vector processors', 'Associative processors', 'Connection machines', 'Interconnection architectures (e.g., common bus, multiport memory, crossbar switch)', 'Multiple-instruction-stream, multiple-data-stream processors (MIMD)', 'Parallel processors**', 'Pipeline processors**', 'Single-instruction-stream, multiple-data-stream processors (SIMD)'], ['multiple data stream architecture multiprocessor', 'array vector processor', 'associative processor', 'connection machine', 'interconnection architecture eg common bus multiport memory crossbar switch', 'multipleinstructionstream multipledatastream processor mimd', 'parallel processor', 'pipeline processor', 'singleinstructionstream multipledatastream processor simd']]"
v0_075_call_for_proposals_for_optimal_water_use_in_industrial_sector_water_conservation_water_use_efficiency_waste_water_recovery_utilization_of_residues,urbanization,"[['H.5.2'], ['User Interfaces (D.2.2, H.1.2, I.3.6)', 'Auditory (non-speech) feedback (NEW)', 'Benchmarking (NEW)', 'Ergonomics', 'Evaluation/methodology', 'Graphical user interfaces (GUI) (NEW)', 'Haptic I/O (NEW)', 'Input devices and strategies (e.g., mouse, touchscreen)', 'Interaction styles (e.g., commands, menus, forms, direct manipulation)', 'Natural language (NEW)', 'Prototyping (NEW)', 'Screen design (e.g., text, graphics, color)', 'Standardization (NEW)', 'Style guides (NEW)', 'Theory and methods', 'Training, help, and documentation', 'User-centered design (NEW)', 'User interface management systems (UIMS)', 'Voice I/O (NEW)', 'Windowing systems'], ['user interface', 'auditory nonspeech feedback new', 'benchmarking new', 'ergonomics', 'evaluationmethodology', 'graphical user interface gui new', 'haptic io new', 'input device strategy eg mouse touchscreen', 'interaction style eg command menu form direct manipulation', 'natural language new', 'prototyping new', 'screen design eg text graphic color', 'standardization new', 'style guide new', 'theory method', 'training help documentation', 'usercentered design new', 'user interface management system uims', 'voice io new', 'windowing system']]"
v0_075_call_for_proposals_for_optimal_water_use_in_industrial_sector_water_conservation_water_use_efficiency_waste_water_recovery_utilization_of_residues,use,"[['H.3.7', 'H.5.4'], ['Digital Libraries (NEW)', 'Collection (NEW)', 'Dissemination (NEW)', 'Standards (NEW)', 'Systems issues (NEW)', 'User issues (NEW)', 'Hypertext/Hypermedia (I.7, J.7) (NEW)', 'Architectures (NEW)', 'Navigation (NEW)', 'Theory (NEW)', 'User issues (NEW)'], ['digital library new', 'collection new', 'dissemination new', 'standard new', 'system issue new', 'user issue new', 'hypertexthypermedia new', 'architecture new', 'navigation new', 'theory new', 'user issue new']]"
v0_075_call_for_proposals_for_optimal_water_use_in_industrial_sector_water_conservation_water_use_efficiency_waste_water_recovery_utilization_of_residues,waste,"[['G.1.2'], ['Approximation', 'Approximation of surfaces and contours (NEW)', 'Chebyshev approximation and theory', 'Elementary function approximation', 'Fast Fourier transforms (FFT) (NEW)', 'Least squares approximation', 'Linear approximation', 'Minimax approximation and algorithms', 'Nonlinear approximation', 'Rational approximation', 'Special function approximations (NEW)', 'Spline and piecewise polynomial approximation', 'Wavelets and fractals (NEW)'], ['approximation', 'approximation surface contour new', 'chebyshev approximation theory', 'elementary function approximation', 'fast fourier transforms fft new', 'least square approximation', 'linear approximation', 'minimax approximation algorithm', 'nonlinear approximation', 'rational approximation', 'special function approximation new', 'spline piecewise polynomial approximation', 'wavelet fractal new']]"
v0_076_call___indo_australia_fund_for_scientific_and_technological_cooperation_indo_aisrf_round_11,premier,"[['D.3.4'], ['Processors', 'Code generation', 'Compilers', 'Debuggers (NEW)', 'Incremental compilers (NEW)', 'Interpreters', 'Memory management (garbage collection) (NEW)', 'Optimization', 'Parsing', 'Preprocessors', 'Retargetable compilers (NEW)', 'Run-time environments', 'Translator writing systems and compiler generators'], ['processor', 'code generation', 'compiler', 'debugger new', 'incremental compiler new', 'interpreter', 'memory management garbage collection new', 'optimization', 'parsing', 'preprocessors', 'retargetable compiler new', 'runtime environment', 'translator writing system compiler generator']]"
v0_076_call___indo_australia_fund_for_scientific_and_technological_cooperation_indo_aisrf_round_11,round,"[['C.2.6'], ['Internetworking (C.2.2) (NEW)', 'Routers (NEW)', 'Standards (e.g., TCP/IP) (NEW)'], ['internetworking new', 'router new', 'standard eg tcpip new']]"
v0_077_india___ukieri_call_for_proposal,building,"[['B.5.3', 'B.4.5', 'B.6.2', 'B.7.3'], ['Reliability and Testing** (B.8)', 'Built-in tests**', 'Error-checking**', 'Redundant design**', 'Test generation**', 'Testability**', 'Reliability, Testing, and Fault-Tolerance** (B.8)', 'Built-in tests**', 'Diagnostics**', 'Error-checking**', 'Hardware reliability**', 'Redundant design**', 'Test generation**', 'Reliability and Testing** (B.8)', 'Built-in tests**', 'Error-checking**', 'Redundant design**', 'Test generation**', 'Testability**', 'Reliability and Testing** (B.8)', 'Built-in tests**', 'Error-checking**', 'Redundant design**', 'Test generation**', 'Testability**'], ['reliability testing', 'builtin test', 'errorchecking', 'redundant design', 'test generation', 'testability', 'reliability testing faulttolerance', 'builtin test', 'diagnostics', 'errorchecking', 'hardware reliability', 'redundant design', 'test generation', 'reliability testing', 'builtin test', 'errorchecking', 'redundant design', 'test generation', 'testability', 'reliability testing', 'builtin test', 'errorchecking', 'redundant design', 'test generation', 'testability']]"
v0_077_india___ukieri_call_for_proposal,capacity building,"[['C.1.3'], ['Other Architecture Styles', 'Adaptable architectures', 'Analog computers (NEW)', 'Capability architectures**', 'Cellular architecture (e.g., mobile) (REVISED)', 'Data-flow architectures', 'Heterogeneous (hybrid) systems (NEW)', 'High-level language architectures**', 'Neural nets', 'Pipeline processors (NEW)', 'Stack-oriented processors**'], ['architecture style', 'adaptable architecture', 'analog computer new', 'capability architecture', 'cellular architecture eg mobile revised', 'dataflow architecture', 'heterogeneous hybrid system new', 'highlevel language architecture', 'neural net', 'pipeline processor new', 'stackoriented processor']]"
v0_078_india_science_and_research_fellowship_programme,building,"[['B.5.3', 'B.4.5', 'B.6.2', 'B.7.3'], ['Reliability and Testing** (B.8)', 'Built-in tests**', 'Error-checking**', 'Redundant design**', 'Test generation**', 'Testability**', 'Reliability, Testing, and Fault-Tolerance** (B.8)', 'Built-in tests**', 'Diagnostics**', 'Error-checking**', 'Hardware reliability**', 'Redundant design**', 'Test generation**', 'Reliability and Testing** (B.8)', 'Built-in tests**', 'Error-checking**', 'Redundant design**', 'Test generation**', 'Testability**', 'Reliability and Testing** (B.8)', 'Built-in tests**', 'Error-checking**', 'Redundant design**', 'Test generation**', 'Testability**'], ['reliability testing', 'builtin test', 'errorchecking', 'redundant design', 'test generation', 'testability', 'reliability testing faulttolerance', 'builtin test', 'diagnostics', 'errorchecking', 'hardware reliability', 'redundant design', 'test generation', 'reliability testing', 'builtin test', 'errorchecking', 'redundant design', 'test generation', 'testability', 'reliability testing', 'builtin test', 'errorchecking', 'redundant design', 'test generation', 'testability']]"
v0_078_india_science_and_research_fellowship_programme,capacity building,"[['C.1.3'], ['Other Architecture Styles', 'Adaptable architectures', 'Analog computers (NEW)', 'Capability architectures**', 'Cellular architecture (e.g., mobile) (REVISED)', 'Data-flow architectures', 'Heterogeneous (hybrid) systems (NEW)', 'High-level language architectures**', 'Neural nets', 'Pipeline processors (NEW)', 'Stack-oriented processors**'], ['architecture style', 'adaptable architecture', 'analog computer new', 'capability architecture', 'cellular architecture eg mobile revised', 'dataflow architecture', 'heterogeneous hybrid system new', 'highlevel language architecture', 'neural net', 'pipeline processor new', 'stackoriented processor']]"
v0_078_india_science_and_research_fellowship_programme,century,"[['C.2.1'], ['Network Architecture and Design', 'Asynchronous Transfer Mode (ATM) (NEW)', 'Centralized networks**', 'Circuit-switching networks', 'Distributed networks', 'Frame relay networks (NEW)', 'ISDN (Integrated Services Digital Network)', 'Network communications', 'Network topology', 'Packet-switching networks (REVISED)', 'Store and forward networks', 'Wireless communication (NEW)'], ['network architecture design', 'asynchronous transfer mode atm new', 'centralized network', 'circuitswitching network', 'distributed network', 'frame relay network new', 'isdn integrated service digital network', 'network communication', 'network topology', 'packetswitching network revised', 'store forward network', 'wireless communication new']]"
v0_078_india_science_and_research_fellowship_programme,instrument,"[['C.0'], ['GENERAL', 'Hardware/software interfaces', 'Instruction set design (e.g., RISC, CISC, VLIW) (REVISED)', 'Modeling of computer architecture (NEW)', 'System architectures', 'Systems specification methodology'], ['general', 'hardwaresoftware interface', 'instruction set design eg risc cisc vliw revised', 'modeling computer architecture new', 'system architecture', 'system specification methodology']]"
v0_078_india_science_and_research_fellowship_programme,material,"[['G.1.3'], ['Numerical Linear Algebra', 'Conditioning', 'Determinants**', 'Eigenvalues and eigenvectors (direct and iterative methods) (REVISED)', 'Error analysis', 'Linear systems (direct and iterative methods)', 'Matrix inversion', 'Pseudoinverses**', 'Singular value decomposition (NEW)', 'Sparse, structured, and very large systems (direct and iterative methods) (REVISED)'], ['numerical linear algebra', 'conditioning', 'determinant', 'eigenvalue eigenvectors direct iterative method revised', 'error analysis', 'linear system direct iterative method', 'matrix inversion', 'pseudoinverses', 'singular value decomposition new', 'sparse structured large system direct iterative method revised']]"
v0_078_india_science_and_research_fellowship_programme,premier,"[['D.3.4'], ['Processors', 'Code generation', 'Compilers', 'Debuggers (NEW)', 'Incremental compilers (NEW)', 'Interpreters', 'Memory management (garbage collection) (NEW)', 'Optimization', 'Parsing', 'Preprocessors', 'Retargetable compilers (NEW)', 'Run-time environments', 'Translator writing systems and compiler generators'], ['processor', 'code generation', 'compiler', 'debugger new', 'incremental compiler new', 'interpreter', 'memory management garbage collection new', 'optimization', 'parsing', 'preprocessors', 'retargetable compiler new', 'runtime environment', 'translator writing system compiler generator']]"
v0_079_indo_german_science__technology_centre_igstc_announces_call_for_grant_applications_for_indo_german_r__d_partnership_on_research_projects_with_industrial_relevance,urban,"[['H.5.2'], ['User Interfaces (D.2.2, H.1.2, I.3.6)', 'Auditory (non-speech) feedback (NEW)', 'Benchmarking (NEW)', 'Ergonomics', 'Evaluation/methodology', 'Graphical user interfaces (GUI) (NEW)', 'Haptic I/O (NEW)', 'Input devices and strategies (e.g., mouse, touchscreen)', 'Interaction styles (e.g., commands, menus, forms, direct manipulation)', 'Natural language (NEW)', 'Prototyping (NEW)', 'Screen design (e.g., text, graphics, color)', 'Standardization (NEW)', 'Style guides (NEW)', 'Theory and methods', 'Training, help, and documentation', 'User-centered design (NEW)', 'User interface management systems (UIMS)', 'Voice I/O (NEW)', 'Windowing systems'], ['user interface', 'auditory nonspeech feedback new', 'benchmarking new', 'ergonomics', 'evaluationmethodology', 'graphical user interface gui new', 'haptic io new', 'input device strategy eg mouse touchscreen', 'interaction style eg command menu form direct manipulation', 'natural language new', 'prototyping new', 'screen design eg text graphic color', 'standardization new', 'style guide new', 'theory method', 'training help documentation', 'usercentered design new', 'user interface management system uims', 'voice io new', 'windowing system']]"
v0_079_indo_german_science__technology_centre_igstc_announces_call_for_grant_applications_for_indo_german_r__d_partnership_on_research_projects_with_industrial_relevance,waste,"[['G.1.2'], ['Approximation', 'Approximation of surfaces and contours (NEW)', 'Chebyshev approximation and theory', 'Elementary function approximation', 'Fast Fourier transforms (FFT) (NEW)', 'Least squares approximation', 'Linear approximation', 'Minimax approximation and algorithms', 'Nonlinear approximation', 'Rational approximation', 'Special function approximations (NEW)', 'Spline and piecewise polynomial approximation', 'Wavelets and fractals (NEW)'], ['approximation', 'approximation surface contour new', 'chebyshev approximation theory', 'elementary function approximation', 'fast fourier transforms fft new', 'least square approximation', 'linear approximation', 'minimax approximation algorithm', 'nonlinear approximation', 'rational approximation', 'special function approximation new', 'spline piecewise polynomial approximation', 'wavelet fractal new']]"
v0_080_special_call_for_proposals_under_scheduled_castes_sc_and_scheduled_tribes_st_category_under_icps_programme,artificial intelligence,"[['I.2'], ['ARTIFICIAL INTELLIGENCE'], ['artificial intelligence']]"
v0_080_special_call_for_proposals_under_scheduled_castes_sc_and_scheduled_tribes_st_category_under_icps_programme,building,"[['B.5.3', 'B.4.5', 'B.6.2', 'B.7.3'], ['Reliability and Testing** (B.8)', 'Built-in tests**', 'Error-checking**', 'Redundant design**', 'Test generation**', 'Testability**', 'Reliability, Testing, and Fault-Tolerance** (B.8)', 'Built-in tests**', 'Diagnostics**', 'Error-checking**', 'Hardware reliability**', 'Redundant design**', 'Test generation**', 'Reliability and Testing** (B.8)', 'Built-in tests**', 'Error-checking**', 'Redundant design**', 'Test generation**', 'Testability**', 'Reliability and Testing** (B.8)', 'Built-in tests**', 'Error-checking**', 'Redundant design**', 'Test generation**', 'Testability**'], ['reliability testing', 'builtin test', 'errorchecking', 'redundant design', 'test generation', 'testability', 'reliability testing faulttolerance', 'builtin test', 'diagnostics', 'errorchecking', 'hardware reliability', 'redundant design', 'test generation', 'reliability testing', 'builtin test', 'errorchecking', 'redundant design', 'test generation', 'testability', 'reliability testing', 'builtin test', 'errorchecking', 'redundant design', 'test generation', 'testability']]"
v0_080_special_call_for_proposals_under_scheduled_castes_sc_and_scheduled_tribes_st_category_under_icps_programme,machine learning,"[['I.2.7'], ['Natural Language Processing', 'Discourse', 'Language generation', 'Language models', 'Language parsing and understanding', 'Machine translation', 'Speech recognition and synthesis', 'Text analysis'], ['natural language processing', 'discourse', 'language generation', 'language model', 'language parsing understanding', 'machine translation', 'speech recognition synthesis', 'text analysis']]"
v0_081_call___indo_norway_joint_research_projects_in_st,environment,"[['I.6.7'], ['Simulation Support Systems', 'Environments'], ['simulation support system', 'environment']]"
v0_081_call___indo_norway_joint_research_projects_in_st,material,"[['G.1.3'], ['Numerical Linear Algebra', 'Conditioning', 'Determinants**', 'Eigenvalues and eigenvectors (direct and iterative methods) (REVISED)', 'Error analysis', 'Linear systems (direct and iterative methods)', 'Matrix inversion', 'Pseudoinverses**', 'Singular value decomposition (NEW)', 'Sparse, structured, and very large systems (direct and iterative methods) (REVISED)'], ['numerical linear algebra', 'conditioning', 'determinant', 'eigenvalue eigenvectors direct iterative method revised', 'error analysis', 'linear system direct iterative method', 'matrix inversion', 'pseudoinverses', 'singular value decomposition new', 'sparse structured large system direct iterative method revised']]"
v0_082_call_for_nomination_workshop_on_design_and_evaluation_of_innovation_policies_with_a_specific_focus_on_scientometrics,design,"[['B.5.1', 'D.2.10'], ['Design', 'Arithmetic and logic units', 'Control design', 'Data-path design', 'Memory design', 'Styles (e.g., parallel, pipeline, special-purpose)', 'Design** (D.2.2)', 'Methodologies**', 'Representation**'], ['design', 'arithmetic logic unit', 'control design', 'datapath design', 'memory design', 'style eg parallel pipeline specialpurpose', 'design', 'methodology', 'representation']]"
v0_082_call_for_nomination_workshop_on_design_and_evaluation_of_innovation_policies_with_a_specific_focus_on_scientometrics,edition,"[['K.4.4'], ['Electronic Commerce (J.1) (NEW)', 'Cybercash, digital cash (NEW)', 'Distributed commercial transactions (NEW)', 'Electronic data interchange (EDI) (NEW)', 'Intellectual property (NEW)', 'Payment schemes (NEW)', 'Security (NEW)'], ['electronic commerce new', 'cybercash digital cash new', 'distributed commercial transaction new', 'electronic data interchange edi new', 'intellectual property new', 'payment scheme new', 'security new']]"
v0_082_call_for_nomination_workshop_on_design_and_evaluation_of_innovation_policies_with_a_specific_focus_on_scientometrics,iisc bengaluru,"[['D.2.9'], ['Management (K.6.3, K.6.4)', 'Copyrights**', 'Cost estimation', 'Life cycle', 'Productivity', 'Programming teams', 'Software configuration management', 'Software process models (e.g., CMM, ISO, PSP) (NEW)', 'Software quality assurance (SQA)', 'Time estimation'], ['management', 'copyright', 'cost estimation', 'life cycle', 'productivity', 'programming team', 'software configuration management', 'software process model eg cmm iso psp new', 'software quality assurance sqa', 'time estimation']]"
v0_082_call_for_nomination_workshop_on_design_and_evaluation_of_innovation_policies_with_a_specific_focus_on_scientometrics,model,"[['I.5.1'], ['Models', 'Deterministic**', 'Fuzzy set', 'Geometric', 'Neural nets', 'Statistical', 'Structural'], ['model', 'deterministic', 'fuzzy set', 'geometric', 'neural net', 'statistical', 'structural']]"
v0_082_call_for_nomination_workshop_on_design_and_evaluation_of_innovation_policies_with_a_specific_focus_on_scientometrics,survey,"[['G.3'], ['PROBABILITY AND STATISTICS', 'Contingency table analysis (NEW)', 'Correlation and regression analysis (NEW)', 'Distribution functions (NEW)', 'Experimental design (NEW)', 'Markov processes (NEW)', 'Multivariate statistics (NEW)', 'Nonparametric statistics (NEW)', 'Probabilistic algorithms (including Monte Carlo)', 'Queueing theory (NEW)', 'Random number generation', 'Reliability and life testing (NEW)', 'Renewal theory (NEW)', 'Robust regression (NEW)', 'Statistical computing', 'Statistical software', 'Stochastic processes (NEW)', 'Survival analysis (NEW)', 'Time series analysis (NEW)'], ['probability statistic', 'contingency table analysis new', 'correlation regression analysis new', 'distribution function new', 'experimental design new', 'markov process new', 'multivariate statistic new', 'nonparametric statistic new', 'probabilistic algorithm including monte carlo', 'queueing theory new', 'random number generation', 'reliability life testing new', 'renewal theory new', 'robust regression new', 'statistical computing', 'statistical software', 'stochastic process new', 'survival analysis new', 'time series analysis new']]"
v0_083_indo_russian_joint_call_for_proposals_dst_rfbr,computer,"[['I.5.4'], ['Applications', 'Computer vision', 'Signal processing', 'Text processing', 'Waveform analysis'], ['application', 'computer vision', 'signal processing', 'text processing', 'waveform analysis']]"
v0_083_indo_russian_joint_call_for_proposals_dst_rfbr,engineering,"[['J.2'], ['PHYSICAL SCIENCES AND ENGINEERING', 'Aerospace', 'Archaeology (NEW)', 'Astronomy', 'Chemistry', 'Earth and atmospheric sciences', 'Electronics', 'Engineering', 'Mathematics and statistics', 'Physics'], ['physical science engineering', 'aerospace', 'archaeology new', 'astronomy', 'chemistry', 'earth atmospheric science', 'electronics', 'engineering', 'mathematics statistic', 'physic']]"
v0_083_indo_russian_joint_call_for_proposals_dst_rfbr,fundamental,"[['D.3.3'], ['Language Constructs and Features (E.2)', 'Abstract data types', 'Classes and objects (NEW)', 'Concurrent programming structures', 'Constraints (NEW)', 'Control structures', 'Coroutines', 'Data types and structures', 'Dynamic storage management', 'Frameworks (NEW)', 'Inheritance (NEW)', 'Input/output', 'Modules, packages', 'Patterns (NEW)', 'Polymorphism (NEW)', 'Procedures, functions, and subroutines', 'Recursion'], ['language construct feature', 'abstract data type', 'class object new', 'concurrent programming structure', 'constraint new', 'control structure', 'coroutines', 'data type structure', 'dynamic storage management', 'framework new', 'inheritance new', 'inputoutput', 'module package', 'pattern new', 'polymorphism new', 'procedure function subroutine', 'recursion']]"
v0_084_call_open_for_11th_batch_of_wos_ckiran_ipr,bachelor,"[['B.4.3'], ['Interconnections (Subsystems)', 'Asynchronous/synchronous operation', 'Fiber optics', 'Interfaces', 'Parallel I/O (NEW)', 'Physical structures (e.g., backplanes, cables, chip carriers)**', 'Topology (e.g., bus, point-to-point)'], ['interconnection subsystem', 'asynchronoussynchronous operation', 'fiber optic', 'interface', 'parallel io new', 'physical structure eg backplanes cable chip carrier', 'topology eg bus pointtopoint']]"
v0_084_call_open_for_11th_batch_of_wos_ckiran_ipr,master,"[['B.3.2'], ['Design Styles (D.4.2)', 'Associative memories', 'Cache memories', 'Interleaved memories**', 'Mass storage (e.g., magnetic, optical, RAID) (REVISED)', 'Primary memory', 'Sequential-access memory**', 'Shared memory', 'Virtual memory'], ['design style', 'associative memory', 'cache memory', 'interleaved memory', 'mass storage eg magnetic optical raid revised', 'primary memory', 'sequentialaccess memory', 'shared memory', 'virtual memory']]"
v0_084_call_open_for_11th_batch_of_wos_ckiran_ipr,woman,"[['D.4.6', 'K.6.5'], ['Security and Protection (K.6.5)', 'Access controls', 'Authentication', 'Cryptographic controls', 'Information flow controls', 'Invasive software (e.g., viruses, worms, Trojan horses)', 'Security kernels**', 'Verification**', 'Security and Protection (D.4.6, K.4.2)', 'Authentication', 'Insurance**', 'Invasive software (e.g., viruses, worms, Trojan horses)', 'Physical security**', 'Unauthorized access (e.g., hacking, phreaking) (NEW)'], ['security protection', 'access control', 'authentication', 'cryptographic control', 'information flow control', 'invasive software eg virus worm trojan horse', 'security kernel', 'verification', 'security protection', 'authentication', 'insurance', 'invasive software eg virus worm trojan horse', 'physical security', 'unauthorized access eg hacking phreaking new']]"
v0_085_national_grand_challenge_awards_for_designing_user_friendly_smart_solar_cooking_solutions,design,"[['B.5.1', 'D.2.10'], ['Design', 'Arithmetic and logic units', 'Control design', 'Data-path design', 'Memory design', 'Styles (e.g., parallel, pipeline, special-purpose)', 'Design** (D.2.2)', 'Methodologies**', 'Representation**'], ['design', 'arithmetic logic unit', 'control design', 'datapath design', 'memory design', 'style eg parallel pipeline specialpurpose', 'design', 'methodology', 'representation']]"
v0_085_national_grand_challenge_awards_for_designing_user_friendly_smart_solar_cooking_solutions,feature,"[['I.4.7'], ['Feature Measurement', 'Feature representation (NEW)', 'Invariants', 'Moments', 'Projections', 'Size and shape', 'Texture'], ['feature measurement', 'feature representation new', 'invariant', 'moment', 'projection', 'size shape', 'texture']]"
v0_085_national_grand_challenge_awards_for_designing_user_friendly_smart_solar_cooking_solutions,rural,"[['I.2.3'], ['Deduction and Theorem Proving (F.4.1)', 'Answer/reason extraction', 'Deduction (e.g., natural, rule-based)', 'Inference engines (NEW)', 'Logic programming', 'Mathematical induction', 'Metatheory**', 'Nonmonotonic reasoning and belief revision', 'Resolution', ""Uncertainty, ``fuzzy,'' and probabilistic reasoning""], ['deduction theorem proving', 'answerreason extraction', 'deduction eg natural rulebased', 'inference engine new', 'logic programming', 'mathematical induction', 'metatheory', 'nonmonotonic reasoning belief revision', 'resolution', 'uncertainty fuzzy probabilistic reasoning']]"
v0_085_national_grand_challenge_awards_for_designing_user_friendly_smart_solar_cooking_solutions,volume,"[['I.4.10'], ['Image Representation', 'Hierarchical', 'Morphological', 'Multidimensional', 'Statistical', 'Volumetric'], ['image representation', 'hierarchical', 'morphological', 'multidimensional', 'statistical', 'volumetric']]"
v0_086_india__egypt_call_for_proposal,engineering,"[['J.2'], ['PHYSICAL SCIENCES AND ENGINEERING', 'Aerospace', 'Archaeology (NEW)', 'Astronomy', 'Chemistry', 'Earth and atmospheric sciences', 'Electronics', 'Engineering', 'Mathematics and statistics', 'Physics'], ['physical science engineering', 'aerospace', 'archaeology new', 'astronomy', 'chemistry', 'earth atmospheric science', 'electronics', 'engineering', 'mathematics statistic', 'physic']]"
v0_087_swarnajayanti_fellowships_scheme_2018_19,engineering,"[['J.2'], ['PHYSICAL SCIENCES AND ENGINEERING', 'Aerospace', 'Archaeology (NEW)', 'Astronomy', 'Chemistry', 'Earth and atmospheric sciences', 'Electronics', 'Engineering', 'Mathematics and statistics', 'Physics'], ['physical science engineering', 'aerospace', 'archaeology new', 'astronomy', 'chemistry', 'earth atmospheric science', 'electronics', 'engineering', 'mathematics statistic', 'physic']]"
v0_088_dst_overseas_visiting_fellowship_admissions,general,"[['C.5.0', 'B.7.0', 'I.1.0', 'D.4.0', 'F.0', 'K.8.0', 'C.2.0', 'D.2.0', 'I.5.0', 'F.1.0', 'A.0', 'D.0', 'I.4.0', 'C.0', 'H.4.0', 'B.6.0', 'G.1.0', 'K.6.0', 'B.2.0', 'I.2.0', 'B.4.0', 'D.1.0', 'B.1.0', 'K.5.0', 'K.7.0', 'B.3.0', 'I.0', 'F.2.0', 'C.1.0', 'K.0', 'I.6.0', 'H.2.0', 'F.3.0', 'K.4.0', 'I.3.0', 'G.2.0', 'B.5.0', 'H.5.0', 'F.4.0', 'I.7.0', 'G.0', 'J.0', 'H.3.0', 'B.0', 'E.0', 'H.0', 'H.1.0', 'D.3.0', 'K.3.0'], ['General', 'General', 'General', 'General', 'GENERAL', 'General', 'Games', 'General', 'Data communications', 'Open Systems Interconnection reference model (OSI)', 'Security and protection (e.g., firewalls) (REVISED)', 'General (K.5.1)', 'Protection mechanisms', 'Standards', 'General', 'General', 'GENERAL', 'Biographies/autobiographies', 'Conference proceedings', 'General literary works (e.g., fiction, plays)', 'GENERAL', 'General', 'Image displays', 'Image processing software', 'GENERAL', 'Hardware/software interfaces', 'Instruction set design (e.g., RISC, CISC, VLIW) (REVISED)', 'Modeling of computer architecture (NEW)', 'System architectures', 'Systems specification methodology', 'General', 'General', 'General', 'Computer arithmetic', 'Conditioning (and ill-conditioning) (REVISED)', 'Error analysis', 'Interval arithmetic (NEW)', 'Multiple precision arithmetic (NEW)', 'Numerical algorithms', 'Parallel algorithms', 'Stability (and instability)', 'General', 'Economics', 'General', 'General', 'Cognitive simulation', 'Philosophical foundations', 'General', 'General', 'General', 'General', 'General', 'General', 'GENERAL', 'General', 'General', 'GENERAL', 'General', 'General', 'Security, integrity, and protection**', 'General', 'General', 'General', 'General', 'General', 'General', 'General', 'General', 'GENERAL', 'GENERAL', 'General', 'GENERAL', 'GENERAL', 'GENERAL', 'General', 'General', 'Standards', 'General'], ['general', 'general', 'general', 'general', 'general', 'general', 'game', 'general', 'data communication', 'open system interconnection reference model osi', 'security protection eg firewall revised', 'general', 'protection mechanism', 'standard', 'general', 'general', 'general', 'biographiesautobiographies', 'conference proceeding', 'general literary work eg fiction play', 'general', 'general', 'image display', 'image processing software', 'general', 'hardwaresoftware interface', 'instruction set design eg risc cisc vliw revised', 'modeling computer architecture new', 'system architecture', 'system specification methodology', 'general', 'general', 'general', 'computer arithmetic', 'conditioning illconditioning revised', 'error analysis', 'interval arithmetic new', 'multiple precision arithmetic new', 'numerical algorithm', 'parallel algorithm', 'stability instability', 'general', 'economics', 'general', 'general', 'cognitive simulation', 'philosophical foundation', 'general', 'general', 'general', 'general', 'general', 'general', 'general', 'general', 'general', 'general', 'general', 'general', 'security integrity protection', 'general', 'general', 'general', 'general', 'general', 'general', 'general', 'general', 'general', 'general', 'general', 'general', 'general', 'general', 'general', 'general', 'standard', 'general']]"
v0_089_sustainable__innovative_technologies_in_agricultureagro_tech_under_the_scheme_technology_development_programme,give,"[['H.5.2'], ['User Interfaces (D.2.2, H.1.2, I.3.6)', 'Auditory (non-speech) feedback (NEW)', 'Benchmarking (NEW)', 'Ergonomics', 'Evaluation/methodology', 'Graphical user interfaces (GUI) (NEW)', 'Haptic I/O (NEW)', 'Input devices and strategies (e.g., mouse, touchscreen)', 'Interaction styles (e.g., commands, menus, forms, direct manipulation)', 'Natural language (NEW)', 'Prototyping (NEW)', 'Screen design (e.g., text, graphics, color)', 'Standardization (NEW)', 'Style guides (NEW)', 'Theory and methods', 'Training, help, and documentation', 'User-centered design (NEW)', 'User interface management systems (UIMS)', 'Voice I/O (NEW)', 'Windowing systems'], ['user interface', 'auditory nonspeech feedback new', 'benchmarking new', 'ergonomics', 'evaluationmethodology', 'graphical user interface gui new', 'haptic io new', 'input device strategy eg mouse touchscreen', 'interaction style eg command menu form direct manipulation', 'natural language new', 'prototyping new', 'screen design eg text graphic color', 'standardization new', 'style guide new', 'theory method', 'training help documentation', 'usercentered design new', 'user interface management system uims', 'voice io new', 'windowing system']]"
v0_089_sustainable__innovative_technologies_in_agricultureagro_tech_under_the_scheme_technology_development_programme,supply chain,"[['K.1'], ['THE COMPUTER INDUSTRY', 'Markets', 'Standards', 'Statistics', 'Suppliers'], ['computer industry', 'market', 'standard', 'statistic', 'supplier']]"
v0_090_scheme_for_young_scientists_and_technologists,general,"[['C.5.0', 'B.7.0', 'I.1.0', 'D.4.0', 'F.0', 'K.8.0', 'C.2.0', 'D.2.0', 'I.5.0', 'F.1.0', 'A.0', 'D.0', 'I.4.0', 'C.0', 'H.4.0', 'B.6.0', 'G.1.0', 'K.6.0', 'B.2.0', 'I.2.0', 'B.4.0', 'D.1.0', 'B.1.0', 'K.5.0', 'K.7.0', 'B.3.0', 'I.0', 'F.2.0', 'C.1.0', 'K.0', 'I.6.0', 'H.2.0', 'F.3.0', 'K.4.0', 'I.3.0', 'G.2.0', 'B.5.0', 'H.5.0', 'F.4.0', 'I.7.0', 'G.0', 'J.0', 'H.3.0', 'B.0', 'E.0', 'H.0', 'H.1.0', 'D.3.0', 'K.3.0'], ['General', 'General', 'General', 'General', 'GENERAL', 'General', 'Games', 'General', 'Data communications', 'Open Systems Interconnection reference model (OSI)', 'Security and protection (e.g., firewalls) (REVISED)', 'General (K.5.1)', 'Protection mechanisms', 'Standards', 'General', 'General', 'GENERAL', 'Biographies/autobiographies', 'Conference proceedings', 'General literary works (e.g., fiction, plays)', 'GENERAL', 'General', 'Image displays', 'Image processing software', 'GENERAL', 'Hardware/software interfaces', 'Instruction set design (e.g., RISC, CISC, VLIW) (REVISED)', 'Modeling of computer architecture (NEW)', 'System architectures', 'Systems specification methodology', 'General', 'General', 'General', 'Computer arithmetic', 'Conditioning (and ill-conditioning) (REVISED)', 'Error analysis', 'Interval arithmetic (NEW)', 'Multiple precision arithmetic (NEW)', 'Numerical algorithms', 'Parallel algorithms', 'Stability (and instability)', 'General', 'Economics', 'General', 'General', 'Cognitive simulation', 'Philosophical foundations', 'General', 'General', 'General', 'General', 'General', 'General', 'GENERAL', 'General', 'General', 'GENERAL', 'General', 'General', 'Security, integrity, and protection**', 'General', 'General', 'General', 'General', 'General', 'General', 'General', 'General', 'GENERAL', 'GENERAL', 'General', 'GENERAL', 'GENERAL', 'GENERAL', 'General', 'General', 'Standards', 'General'], ['general', 'general', 'general', 'general', 'general', 'general', 'game', 'general', 'data communication', 'open system interconnection reference model osi', 'security protection eg firewall revised', 'general', 'protection mechanism', 'standard', 'general', 'general', 'general', 'biographiesautobiographies', 'conference proceeding', 'general literary work eg fiction play', 'general', 'general', 'image display', 'image processing software', 'general', 'hardwaresoftware interface', 'instruction set design eg risc cisc vliw revised', 'modeling computer architecture new', 'system architecture', 'system specification methodology', 'general', 'general', 'general', 'computer arithmetic', 'conditioning illconditioning revised', 'error analysis', 'interval arithmetic new', 'multiple precision arithmetic new', 'numerical algorithm', 'parallel algorithm', 'stability instability', 'general', 'economics', 'general', 'general', 'cognitive simulation', 'philosophical foundation', 'general', 'general', 'general', 'general', 'general', 'general', 'general', 'general', 'general', 'general', 'general', 'general', 'security integrity protection', 'general', 'general', 'general', 'general', 'general', 'general', 'general', 'general', 'general', 'general', 'general', 'general', 'general', 'general', 'general', 'general', 'standard', 'general']]"
v0_091_chord_nstmis_scheme_call_for_proposals_2018_19,collection,"[['H.3.7'], ['Digital Libraries (NEW)', 'Collection (NEW)', 'Dissemination (NEW)', 'Standards (NEW)', 'Systems issues (NEW)', 'User issues (NEW)'], ['digital library new', 'collection new', 'dissemination new', 'standard new', 'system issue new', 'user issue new']]"
v0_091_chord_nstmis_scheme_call_for_proposals_2018_19,material,"[['G.1.3'], ['Numerical Linear Algebra', 'Conditioning', 'Determinants**', 'Eigenvalues and eigenvectors (direct and iterative methods) (REVISED)', 'Error analysis', 'Linear systems (direct and iterative methods)', 'Matrix inversion', 'Pseudoinverses**', 'Singular value decomposition (NEW)', 'Sparse, structured, and very large systems (direct and iterative methods) (REVISED)'], ['numerical linear algebra', 'conditioning', 'determinant', 'eigenvalue eigenvectors direct iterative method revised', 'error analysis', 'linear system direct iterative method', 'matrix inversion', 'pseudoinverses', 'singular value decomposition new', 'sparse structured large system direct iterative method revised']]"
v0_091_chord_nstmis_scheme_call_for_proposals_2018_19,sponsor,"[['I.3.5'], ['Computational Geometry and Object Modeling', 'Boundary representations', 'Constructive solid geometry (CSG)**', 'Curve, surface, solid, and object representations', 'Geometric algorithms, languages, and systems', 'Hierarchy and geometric transformations', 'Modeling packages', 'Object hierarchies', 'Physically based modeling', 'Splines'], ['computational geometry object modeling', 'boundary representation', 'constructive solid geometry csg', 'curve surface solid object representation', 'geometric algorithm language system', 'hierarchy geometric transformation', 'modeling package', 'object hierarchy', 'physically based modeling', 'spline']]"
v0_092_call_for_proposals_under_dst_ic_impact_indo_canada_joint_research_programmes,advance,"[['B.7.1'], ['Types and Design Styles', 'Advanced technologies', 'Algorithms implemented in hardware', 'Gate arrays', 'Input/output circuits', 'Memory technologies', 'Microprocessors and microcomputers', 'Standard cells**', 'VLSI (very large scale integration)'], ['type design style', 'advanced technology', 'algorithm implemented hardware', 'gate array', 'inputoutput circuit', 'memory technology', 'microprocessor microcomputer', 'standard cell', 'vlsi large scale integration']]"
v0_092_call_for_proposals_under_dst_ic_impact_indo_canada_joint_research_programmes,asia,"[['J.2'], ['PHYSICAL SCIENCES AND ENGINEERING', 'Aerospace', 'Archaeology (NEW)', 'Astronomy', 'Chemistry', 'Earth and atmospheric sciences', 'Electronics', 'Engineering', 'Mathematics and statistics', 'Physics'], ['physical science engineering', 'aerospace', 'archaeology new', 'astronomy', 'chemistry', 'earth atmospheric science', 'electronics', 'engineering', 'mathematics statistic', 'physic']]"
v0_092_call_for_proposals_under_dst_ic_impact_indo_canada_joint_research_programmes,building,"[['B.5.3', 'B.4.5', 'B.6.2', 'B.7.3'], ['Reliability and Testing** (B.8)', 'Built-in tests**', 'Error-checking**', 'Redundant design**', 'Test generation**', 'Testability**', 'Reliability, Testing, and Fault-Tolerance** (B.8)', 'Built-in tests**', 'Diagnostics**', 'Error-checking**', 'Hardware reliability**', 'Redundant design**', 'Test generation**', 'Reliability and Testing** (B.8)', 'Built-in tests**', 'Error-checking**', 'Redundant design**', 'Test generation**', 'Testability**', 'Reliability and Testing** (B.8)', 'Built-in tests**', 'Error-checking**', 'Redundant design**', 'Test generation**', 'Testability**'], ['reliability testing', 'builtin test', 'errorchecking', 'redundant design', 'test generation', 'testability', 'reliability testing faulttolerance', 'builtin test', 'diagnostics', 'errorchecking', 'hardware reliability', 'redundant design', 'test generation', 'reliability testing', 'builtin test', 'errorchecking', 'redundant design', 'test generation', 'testability', 'reliability testing', 'builtin test', 'errorchecking', 'redundant design', 'test generation', 'testability']]"
v0_092_call_for_proposals_under_dst_ic_impact_indo_canada_joint_research_programmes,city,"[['C.0'], ['GENERAL', 'Hardware/software interfaces', 'Instruction set design (e.g., RISC, CISC, VLIW) (REVISED)', 'Modeling of computer architecture (NEW)', 'System architectures', 'Systems specification methodology'], ['general', 'hardwaresoftware interface', 'instruction set design eg risc cisc vliw revised', 'modeling computer architecture new', 'system architecture', 'system specification methodology']]"
v0_092_call_for_proposals_under_dst_ic_impact_indo_canada_joint_research_programmes,design,"[['B.5.1', 'D.2.10'], ['Design', 'Arithmetic and logic units', 'Control design', 'Data-path design', 'Memory design', 'Styles (e.g., parallel, pipeline, special-purpose)', 'Design** (D.2.2)', 'Methodologies**', 'Representation**'], ['design', 'arithmetic logic unit', 'control design', 'datapath design', 'memory design', 'style eg parallel pipeline specialpurpose', 'design', 'methodology', 'representation']]"
v0_092_call_for_proposals_under_dst_ic_impact_indo_canada_joint_research_programmes,efficiency,"[['H.3.4'], ['Systems and Software', 'Current awareness systems (selective dissemination of information--SDI)**', 'Distributed systems (NEW)', 'Information networks', 'Performance evaluation (efficiency and effectiveness) (NEW)', 'Question-answering (fact retrieval) systems**', 'User profiles and alert services (NEW)'], ['system software', 'current awareness system selective dissemination informationsdi', 'distributed system new', 'information network', 'performance evaluation efficiency effectiveness new', 'questionanswering fact retrieval system', 'user profile alert service new']]"
v0_092_call_for_proposals_under_dst_ic_impact_indo_canada_joint_research_programmes,energy consumption,"[['I.4.3', 'D.2.7'], ['Enhancement', 'Filtering', 'Geometric correction', 'Grayscale manipulation', 'Registration', 'Sharpening and deblurring**', 'Smoothing', 'Distribution, Maintenance, and Enhancement (REVISED)', 'Corrections**', 'Documentation', 'Enhancement**', 'Extensibility**', 'Portability', 'Restructuring, reverse engineering, and reengineering (REVISED)', 'Version control'], ['enhancement', 'filtering', 'geometric correction', 'grayscale manipulation', 'registration', 'sharpening deblurring', 'smoothing', 'distribution maintenance enhancement revised', 'correction', 'documentation', 'enhancement', 'extensibility', 'portability', 'restructuring reverse engineering reengineering revised', 'version control']]"
v0_092_call_for_proposals_under_dst_ic_impact_indo_canada_joint_research_programmes,environment,"[['I.6.7'], ['Simulation Support Systems', 'Environments'], ['simulation support system', 'environment']]"
v0_092_call_for_proposals_under_dst_ic_impact_indo_canada_joint_research_programmes,material,"[['G.1.3'], ['Numerical Linear Algebra', 'Conditioning', 'Determinants**', 'Eigenvalues and eigenvectors (direct and iterative methods) (REVISED)', 'Error analysis', 'Linear systems (direct and iterative methods)', 'Matrix inversion', 'Pseudoinverses**', 'Singular value decomposition (NEW)', 'Sparse, structured, and very large systems (direct and iterative methods) (REVISED)'], ['numerical linear algebra', 'conditioning', 'determinant', 'eigenvalue eigenvectors direct iterative method revised', 'error analysis', 'linear system direct iterative method', 'matrix inversion', 'pseudoinverses', 'singular value decomposition new', 'sparse structured large system direct iterative method revised']]"
v0_092_call_for_proposals_under_dst_ic_impact_indo_canada_joint_research_programmes,percent,"[['I.2.10'], ['Vision and Scene Understanding (I.4.8, I.5)', '3D/stereo scene analysis (NEW)', 'Architecture and control structures**', 'Intensity, color, photometry, and thresholding', 'Modeling and recovery of physical attributes', 'Motion', 'Perceptual reasoning', 'Representations, data structures, and transforms', 'Shape', 'Texture', 'Video analysis (NEW)'], ['vision scene understanding', 'scene analysis new', 'architecture control structure', 'intensity color photometry thresholding', 'modeling recovery physical attribute', 'motion', 'perceptual reasoning', 'representation data structure transforms', 'shape', 'texture', 'video analysis new']]"
v0_092_call_for_proposals_under_dst_ic_impact_indo_canada_joint_research_programmes,population,"[['D.2.7'], ['Distribution, Maintenance, and Enhancement (REVISED)', 'Corrections**', 'Documentation', 'Enhancement**', 'Extensibility**', 'Portability', 'Restructuring, reverse engineering, and reengineering (REVISED)', 'Version control'], ['distribution maintenance enhancement revised', 'correction', 'documentation', 'enhancement', 'extensibility', 'portability', 'restructuring reverse engineering reengineering revised', 'version control']]"
v0_092_call_for_proposals_under_dst_ic_impact_indo_canada_joint_research_programmes,smart city,"[['C.3'], ['SPECIAL-PURPOSE AND APPLICATION-BASED SYSTEMS (J.7)', 'Microprocessor/microcomputer applications', 'Process control systems', 'Real-time and embedded systems (REVISED)', 'Signal processing systems', 'Smartcards (NEW)'], ['specialpurpose applicationbased system', 'microprocessormicrocomputer application', 'process control system', 'realtime embedded system revised', 'signal processing system', 'smartcards new']]"
v0_092_call_for_proposals_under_dst_ic_impact_indo_canada_joint_research_programmes,urban,"[['H.5.2'], ['User Interfaces (D.2.2, H.1.2, I.3.6)', 'Auditory (non-speech) feedback (NEW)', 'Benchmarking (NEW)', 'Ergonomics', 'Evaluation/methodology', 'Graphical user interfaces (GUI) (NEW)', 'Haptic I/O (NEW)', 'Input devices and strategies (e.g., mouse, touchscreen)', 'Interaction styles (e.g., commands, menus, forms, direct manipulation)', 'Natural language (NEW)', 'Prototyping (NEW)', 'Screen design (e.g., text, graphics, color)', 'Standardization (NEW)', 'Style guides (NEW)', 'Theory and methods', 'Training, help, and documentation', 'User-centered design (NEW)', 'User interface management systems (UIMS)', 'Voice I/O (NEW)', 'Windowing systems'], ['user interface', 'auditory nonspeech feedback new', 'benchmarking new', 'ergonomics', 'evaluationmethodology', 'graphical user interface gui new', 'haptic io new', 'input device strategy eg mouse touchscreen', 'interaction style eg command menu form direct manipulation', 'natural language new', 'prototyping new', 'screen design eg text graphic color', 'standardization new', 'style guide new', 'theory method', 'training help documentation', 'usercentered design new', 'user interface management system uims', 'voice io new', 'windowing system']]"
v0_092_call_for_proposals_under_dst_ic_impact_indo_canada_joint_research_programmes,use,"[['H.3.7', 'H.5.4'], ['Digital Libraries (NEW)', 'Collection (NEW)', 'Dissemination (NEW)', 'Standards (NEW)', 'Systems issues (NEW)', 'User issues (NEW)', 'Hypertext/Hypermedia (I.7, J.7) (NEW)', 'Architectures (NEW)', 'Navigation (NEW)', 'Theory (NEW)', 'User issues (NEW)'], ['digital library new', 'collection new', 'dissemination new', 'standard new', 'system issue new', 'user issue new', 'hypertexthypermedia new', 'architecture new', 'navigation new', 'theory new', 'user issue new']]"
v0_092_call_for_proposals_under_dst_ic_impact_indo_canada_joint_research_programmes,waste,"[['G.1.2'], ['Approximation', 'Approximation of surfaces and contours (NEW)', 'Chebyshev approximation and theory', 'Elementary function approximation', 'Fast Fourier transforms (FFT) (NEW)', 'Least squares approximation', 'Linear approximation', 'Minimax approximation and algorithms', 'Nonlinear approximation', 'Rational approximation', 'Special function approximations (NEW)', 'Spline and piecewise polynomial approximation', 'Wavelets and fractals (NEW)'], ['approximation', 'approximation surface contour new', 'chebyshev approximation theory', 'elementary function approximation', 'fast fourier transforms fft new', 'least square approximation', 'linear approximation', 'minimax approximation algorithm', 'nonlinear approximation', 'rational approximation', 'special function approximation new', 'spline piecewise polynomial approximation', 'wavelet fractal new']]"
v0_093_2019_brics_calls_for_proposals_for_multilateral_rd_projects,disaster,"[['H.5.1'], ['Multimedia Information Systems', 'Animations', 'Artificial, augmented, and virtual realities (REVISED)', 'Audio input/output', 'Evaluation/methodology', 'Hypertext navigation and maps**', 'Video (e.g., tape, disk, DVI)'], ['multimedia information system', 'animation', 'artificial augmented virtual reality revised', 'audio inputoutput', 'evaluationmethodology', 'hypertext navigation map', 'video eg tape disk dvi']]"
v0_093_2019_brics_calls_for_proposals_for_multilateral_rd_projects,efficiency,"[['H.3.4'], ['Systems and Software', 'Current awareness systems (selective dissemination of information--SDI)**', 'Distributed systems (NEW)', 'Information networks', 'Performance evaluation (efficiency and effectiveness) (NEW)', 'Question-answering (fact retrieval) systems**', 'User profiles and alert services (NEW)'], ['system software', 'current awareness system selective dissemination informationsdi', 'distributed system new', 'information network', 'performance evaluation efficiency effectiveness new', 'questionanswering fact retrieval system', 'user profile alert service new']]"
v0_093_2019_brics_calls_for_proposals_for_multilateral_rd_projects,material,"[['G.1.3'], ['Numerical Linear Algebra', 'Conditioning', 'Determinants**', 'Eigenvalues and eigenvectors (direct and iterative methods) (REVISED)', 'Error analysis', 'Linear systems (direct and iterative methods)', 'Matrix inversion', 'Pseudoinverses**', 'Singular value decomposition (NEW)', 'Sparse, structured, and very large systems (direct and iterative methods) (REVISED)'], ['numerical linear algebra', 'conditioning', 'determinant', 'eigenvalue eigenvectors direct iterative method revised', 'error analysis', 'linear system direct iterative method', 'matrix inversion', 'pseudoinverses', 'singular value decomposition new', 'sparse structured large system direct iterative method revised']]"
v0_094_global_cooling_prize,demand,"[['E.3'], ['DATA ENCRYPTION', 'Code breaking (NEW)', 'Data encryption standard (DES)**', 'Public key cryptosystems', 'Standards (e.g., DES, PGP, RSA) (NEW)'], ['data encryption', 'code breaking new', 'data encryption standard de', 'public key cryptosystems', 'standard eg de pgp rsa new']]"
v0_094_global_cooling_prize,environment,"[['I.6.7'], ['Simulation Support Systems', 'Environments'], ['simulation support system', 'environment']]"
v0_094_global_cooling_prize,global warming,"[['G.1.6'], ['Optimization', 'Constrained optimization', 'Convex programming (NEW)', 'Global optimization (NEW)', 'Gradient methods', 'Integer programming', 'Least squares methods', 'Linear programming', 'Nonlinear programming', 'Quadratic programming methods (NEW)', 'Simulated annealing (NEW)', 'Stochastic programming (NEW)', 'Unconstrained optimization (NEW)'], ['optimization', 'constrained optimization', 'convex programming new', 'global optimization new', 'gradient method', 'integer programming', 'least square method', 'linear programming', 'nonlinear programming', 'quadratic programming method new', 'simulated annealing new', 'stochastic programming new', 'unconstrained optimization new']]"
v0_094_global_cooling_prize,threat,"[['D.4.1'], ['Process Management', 'Concurrency', 'Deadlocks', 'Multiprocessing/multiprogramming/multitasking (REVISED)', 'Mutual exclusion', 'Scheduling', 'Synchronization', 'Threads (NEW)'], ['process management', 'concurrency', 'deadlock', 'multiprocessingmultiprogrammingmultitasking revised', 'mutual exclusion', 'scheduling', 'synchronization', 'thread new']]"
v0_094_global_cooling_prize,urbanization,"[['H.5.2'], ['User Interfaces (D.2.2, H.1.2, I.3.6)', 'Auditory (non-speech) feedback (NEW)', 'Benchmarking (NEW)', 'Ergonomics', 'Evaluation/methodology', 'Graphical user interfaces (GUI) (NEW)', 'Haptic I/O (NEW)', 'Input devices and strategies (e.g., mouse, touchscreen)', 'Interaction styles (e.g., commands, menus, forms, direct manipulation)', 'Natural language (NEW)', 'Prototyping (NEW)', 'Screen design (e.g., text, graphics, color)', 'Standardization (NEW)', 'Style guides (NEW)', 'Theory and methods', 'Training, help, and documentation', 'User-centered design (NEW)', 'User interface management systems (UIMS)', 'Voice I/O (NEW)', 'Windowing systems'], ['user interface', 'auditory nonspeech feedback new', 'benchmarking new', 'ergonomics', 'evaluationmethodology', 'graphical user interface gui new', 'haptic io new', 'input device strategy eg mouse touchscreen', 'interaction style eg command menu form direct manipulation', 'natural language new', 'prototyping new', 'screen design eg text graphic color', 'standardization new', 'style guide new', 'theory method', 'training help documentation', 'usercentered design new', 'user interface management system uims', 'voice io new', 'windowing system']]"
v0_095_wti_call_2019_research_technology_innovation_on_nexus_of_water_with_energy_food_and_health,agricultural,"[['C.2.1', 'C.2.5'], ['Network Architecture and Design', 'Asynchronous Transfer Mode (ATM) (NEW)', 'Centralized networks**', 'Circuit-switching networks', 'Distributed networks', 'Frame relay networks (NEW)', 'ISDN (Integrated Services Digital Network)', 'Network communications', 'Network topology', 'Packet-switching networks (REVISED)', 'Store and forward networks', 'Wireless communication (NEW)', 'Local and Wide-Area Networks (REVISED)', 'Access schemes', 'Buses'], ['network architecture design', 'asynchronous transfer mode atm new', 'centralized network', 'circuitswitching network', 'distributed network', 'frame relay network new', 'isdn integrated service digital network', 'network communication', 'network topology', 'packetswitching network revised', 'store forward network', 'wireless communication new', 'local widearea network revised', 'access scheme', 'bus']]"
v0_095_wti_call_2019_research_technology_innovation_on_nexus_of_water_with_energy_food_and_health,demand,"[['E.3'], ['DATA ENCRYPTION', 'Code breaking (NEW)', 'Data encryption standard (DES)**', 'Public key cryptosystems', 'Standards (e.g., DES, PGP, RSA) (NEW)'], ['data encryption', 'code breaking new', 'data encryption standard de', 'public key cryptosystems', 'standard eg de pgp rsa new']]"
v0_095_wti_call_2019_research_technology_innovation_on_nexus_of_water_with_energy_food_and_health,efficiency,"[['H.3.4'], ['Systems and Software', 'Current awareness systems (selective dissemination of information--SDI)**', 'Distributed systems (NEW)', 'Information networks', 'Performance evaluation (efficiency and effectiveness) (NEW)', 'Question-answering (fact retrieval) systems**', 'User profiles and alert services (NEW)'], ['system software', 'current awareness system selective dissemination informationsdi', 'distributed system new', 'information network', 'performance evaluation efficiency effectiveness new', 'questionanswering fact retrieval system', 'user profile alert service new']]"
v0_095_wti_call_2019_research_technology_innovation_on_nexus_of_water_with_energy_food_and_health,lab,"[['I.2.1', 'J.1'], ['Applications and Expert Systems (H.4, J)', 'Cartography', 'Games', 'Industrial automation', 'Law', 'Medicine and science', 'Natural language interfaces', 'Office automation', 'ADMINISTRATIVE DATA PROCESSING', 'Business', 'Education', 'Financial (e.g., EFTS)', 'Government', 'Law', 'Manufacturing', 'Marketing', 'Military'], ['application expert system', 'cartography', 'game', 'industrial automation', 'law', 'medicine science', 'natural language interface', 'office automation', 'administrative data processing', 'business', 'education', 'financial eg eft', 'government', 'law', 'manufacturing', 'marketing', 'military']]"
v0_095_wti_call_2019_research_technology_innovation_on_nexus_of_water_with_energy_food_and_health,use,"[['H.3.7', 'H.5.4'], ['Digital Libraries (NEW)', 'Collection (NEW)', 'Dissemination (NEW)', 'Standards (NEW)', 'Systems issues (NEW)', 'User issues (NEW)', 'Hypertext/Hypermedia (I.7, J.7) (NEW)', 'Architectures (NEW)', 'Navigation (NEW)', 'Theory (NEW)', 'User issues (NEW)'], ['digital library new', 'collection new', 'dissemination new', 'standard new', 'system issue new', 'user issue new', 'hypertexthypermedia new', 'architecture new', 'navigation new', 'theory new', 'user issue new']]"
v0_095_wti_call_2019_research_technology_innovation_on_nexus_of_water_with_energy_food_and_health,waste,"[['G.1.2'], ['Approximation', 'Approximation of surfaces and contours (NEW)', 'Chebyshev approximation and theory', 'Elementary function approximation', 'Fast Fourier transforms (FFT) (NEW)', 'Least squares approximation', 'Linear approximation', 'Minimax approximation and algorithms', 'Nonlinear approximation', 'Rational approximation', 'Special function approximations (NEW)', 'Spline and piecewise polynomial approximation', 'Wavelets and fractals (NEW)'], ['approximation', 'approximation surface contour new', 'chebyshev approximation theory', 'elementary function approximation', 'fast fourier transforms fft new', 'least square approximation', 'linear approximation', 'minimax approximation algorithm', 'nonlinear approximation', 'rational approximation', 'special function approximation new', 'spline piecewise polynomial approximation', 'wavelet fractal new']]"
v0_096_ukieri_dst_partnership_development_workshops,british,"[['C.2.5'], ['Local and Wide-Area Networks (REVISED)', 'Access schemes', 'Buses'], ['local widearea network revised', 'access scheme', 'bus']]"
v0_097_call_for_joint_project_proposals_2019___india_czech_bilateral_scientific_and_technological_cooperation,material,"[['G.1.3'], ['Numerical Linear Algebra', 'Conditioning', 'Determinants**', 'Eigenvalues and eigenvectors (direct and iterative methods) (REVISED)', 'Error analysis', 'Linear systems (direct and iterative methods)', 'Matrix inversion', 'Pseudoinverses**', 'Singular value decomposition (NEW)', 'Sparse, structured, and very large systems (direct and iterative methods) (REVISED)'], ['numerical linear algebra', 'conditioning', 'determinant', 'eigenvalue eigenvectors direct iterative method revised', 'error analysis', 'linear system direct iterative method', 'matrix inversion', 'pseudoinverses', 'singular value decomposition new', 'sparse structured large system direct iterative method revised']]"
v0_098_call_for_india_ethiopia_innovation__technology_commercialization_programme_ieitcp,animal,"[['I.3.7', 'I.6.8'], ['Three-Dimensional Graphics and Realism', 'Animation', 'Color, shading, shadowing, and texture', 'Fractals', 'Hidden line/surface removal', 'Radiosity', 'Raytracing', 'Virtual reality', 'Visible line/surface algorithms', 'Types of Simulation', 'Animation', 'Combined', 'Continuous', 'Discrete event', 'Distributed', 'Gaming', 'Monte Carlo', 'Parallel', 'Visual'], ['threedimensional graphic realism', 'animation', 'color shading shadowing texture', 'fractal', 'hidden linesurface removal', 'radiosity', 'raytracing', 'virtual reality', 'visible linesurface algorithm', 'type simulation', 'animation', 'combined', 'continuous', 'discrete event', 'distributed', 'gaming', 'monte carlo', 'parallel', 'visual']]"
v0_098_call_for_india_ethiopia_innovation__technology_commercialization_programme_ieitcp,environment,"[['I.6.7'], ['Simulation Support Systems', 'Environments'], ['simulation support system', 'environment']]"
v0_098_call_for_india_ethiopia_innovation__technology_commercialization_programme_ieitcp,initial,"[['G.1.7'], ['Ordinary Differential Equations', 'Boundary value problems', 'Chaotic systems (NEW)', 'Convergence and stability', 'Differential-algebraic equations (NEW)', 'Error analysis', 'Finite difference methods (NEW)', 'Initial value problems', 'Multistep and multivalue methods (REVISED)', 'One-step (single step) methods (REVISED)', 'Stiff equations'], ['ordinary differential equation', 'boundary value problem', 'chaotic system new', 'convergence stability', 'differentialalgebraic equation new', 'error analysis', 'finite difference method new', 'initial value problem', 'multistep multivalue method revised', 'onestep single step method revised', 'stiff equation']]"
v0_099_call_for_proposal_of_nidhi_prayas_program,general,"[['C.5.0', 'B.7.0', 'I.1.0', 'D.4.0', 'F.0', 'K.8.0', 'C.2.0', 'D.2.0', 'I.5.0', 'F.1.0', 'A.0', 'D.0', 'I.4.0', 'C.0', 'H.4.0', 'B.6.0', 'G.1.0', 'K.6.0', 'B.2.0', 'I.2.0', 'B.4.0', 'D.1.0', 'B.1.0', 'K.5.0', 'K.7.0', 'B.3.0', 'I.0', 'F.2.0', 'C.1.0', 'K.0', 'I.6.0', 'H.2.0', 'F.3.0', 'K.4.0', 'I.3.0', 'G.2.0', 'B.5.0', 'H.5.0', 'F.4.0', 'I.7.0', 'G.0', 'J.0', 'H.3.0', 'B.0', 'E.0', 'H.0', 'H.1.0', 'D.3.0', 'K.3.0'], ['General', 'General', 'General', 'General', 'GENERAL', 'General', 'Games', 'General', 'Data communications', 'Open Systems Interconnection reference model (OSI)', 'Security and protection (e.g., firewalls) (REVISED)', 'General (K.5.1)', 'Protection mechanisms', 'Standards', 'General', 'General', 'GENERAL', 'Biographies/autobiographies', 'Conference proceedings', 'General literary works (e.g., fiction, plays)', 'GENERAL', 'General', 'Image displays', 'Image processing software', 'GENERAL', 'Hardware/software interfaces', 'Instruction set design (e.g., RISC, CISC, VLIW) (REVISED)', 'Modeling of computer architecture (NEW)', 'System architectures', 'Systems specification methodology', 'General', 'General', 'General', 'Computer arithmetic', 'Conditioning (and ill-conditioning) (REVISED)', 'Error analysis', 'Interval arithmetic (NEW)', 'Multiple precision arithmetic (NEW)', 'Numerical algorithms', 'Parallel algorithms', 'Stability (and instability)', 'General', 'Economics', 'General', 'General', 'Cognitive simulation', 'Philosophical foundations', 'General', 'General', 'General', 'General', 'General', 'General', 'GENERAL', 'General', 'General', 'GENERAL', 'General', 'General', 'Security, integrity, and protection**', 'General', 'General', 'General', 'General', 'General', 'General', 'General', 'General', 'GENERAL', 'GENERAL', 'General', 'GENERAL', 'GENERAL', 'GENERAL', 'General', 'General', 'Standards', 'General'], ['general', 'general', 'general', 'general', 'general', 'general', 'game', 'general', 'data communication', 'open system interconnection reference model osi', 'security protection eg firewall revised', 'general', 'protection mechanism', 'standard', 'general', 'general', 'general', 'biographiesautobiographies', 'conference proceeding', 'general literary work eg fiction play', 'general', 'general', 'image display', 'image processing software', 'general', 'hardwaresoftware interface', 'instruction set design eg risc cisc vliw revised', 'modeling computer architecture new', 'system architecture', 'system specification methodology', 'general', 'general', 'general', 'computer arithmetic', 'conditioning illconditioning revised', 'error analysis', 'interval arithmetic new', 'multiple precision arithmetic new', 'numerical algorithm', 'parallel algorithm', 'stability instability', 'general', 'economics', 'general', 'general', 'cognitive simulation', 'philosophical foundation', 'general', 'general', 'general', 'general', 'general', 'general', 'general', 'general', 'general', 'general', 'general', 'general', 'security integrity protection', 'general', 'general', 'general', 'general', 'general', 'general', 'general', 'general', 'general', 'general', 'general', 'general', 'general', 'general', 'general', 'general', 'standard', 'general']]"
v0_100_indo__poland_joint_research_programme_call_for_proposals_2019,agricultural,"[['C.2.1', 'C.2.5'], ['Network Architecture and Design', 'Asynchronous Transfer Mode (ATM) (NEW)', 'Centralized networks**', 'Circuit-switching networks', 'Distributed networks', 'Frame relay networks (NEW)', 'ISDN (Integrated Services Digital Network)', 'Network communications', 'Network topology', 'Packet-switching networks (REVISED)', 'Store and forward networks', 'Wireless communication (NEW)', 'Local and Wide-Area Networks (REVISED)', 'Access schemes', 'Buses'], ['network architecture design', 'asynchronous transfer mode atm new', 'centralized network', 'circuitswitching network', 'distributed network', 'frame relay network new', 'isdn integrated service digital network', 'network communication', 'network topology', 'packetswitching network revised', 'store forward network', 'wireless communication new', 'local widearea network revised', 'access scheme', 'bus']]"
v0_100_indo__poland_joint_research_programme_call_for_proposals_2019,engineering,"[['J.2'], ['PHYSICAL SCIENCES AND ENGINEERING', 'Aerospace', 'Archaeology (NEW)', 'Astronomy', 'Chemistry', 'Earth and atmospheric sciences', 'Electronics', 'Engineering', 'Mathematics and statistics', 'Physics'], ['physical science engineering', 'aerospace', 'archaeology new', 'astronomy', 'chemistry', 'earth atmospheric science', 'electronics', 'engineering', 'mathematics statistic', 'physic']]"
