,researcher_name,skills
0,"Agostinelli, Forest","{'deep learning', 'bioinformatics', 'artificial intelligence', 'reinforcement learning', 'search'}"
1,"Ahmad, Iftikhar","{'previous position senior scientist', 'wide bandgap', 'aluminum content', 'sensor electronic technology', 'computer simulation device', 'position senior', 'previous position', 'universityresearch growth', 'ph texas', 'photonic device', 'inc ph', 'boron nitride gallium oxide', 'sensor electronic', 'tech universityresearch', 'boron nitride', 'growth study', 'inc ph texas tech universityresearch growth study ultra wide bandgap semiconductor including high aluminum content algan', 'ultra wide', 'semiconductor including', 'electronic photonic', 'gallium oxide', 'content algan', 'texas tech', 'fabrication novel high power electronic photonic device', 'including high', 'simulation device', 'bandgap semiconductor', 'computer simulation', 'senior scientist', 'high power', 'electronic technology', 'fabrication novel', 'power electronic', 'high aluminum', 'study ultra', 'nitride gallium', 'novel high'}"
2,"Alexeev, Oleg S.","{'understanding structure', 'property supported', 'structure active', 'supported metal', 'reaction intermediate', 'including tpd', 'catalytic property', 'metal support', 'property metal', 'novosibirsk', 'program pursued', 'boreskov institute', 'intermediate associated', 'structure metal', 'structure active site', 'uv visible', 'place sequence', 'surface goal', 'application combination', 'cluster support', 'data used', 'associated active', 'elementary reaction', 'russiam', 'method characterization', 'xrd', 'catalyst surface', 'site catalyst', 'hrtem', 'condition catalysis', 'involving adsorbed', 'used characterize active site catalyst adsorbed specie actual condition catalysis considerable information gained technique along chemisorption catalytic data used establish dependence catalytic property metal cluster particle size', 'institute catalysis', 'influence promoter structure catalytic property supported metal cluster aggregate objective program pursued application combination various experimental method characterization catalytic material spectroscopic technique', 'catalyst adsorbed', 'reaction involving', 'characterization catalytic', 'actual condition', 'spectroscopic technique', 'cluster particle', 'adsorbed reactant', 'metal cluster', 'structure catalytic', 'russiacatalytic process', 'ftir', 'characterize active', 'information gained', 'goal focused', 'exafs', 'tpr', 'objective program', 'establish dependence', 'pursued application', 'used characterize', 'sequence elementary', 'specie actual', 'chemisorption catalytic', 'adsorbed specie', 'dependence catalytic', 'aggregate objective', 'structure metal support interface', 'surface take', 'catalysis considerable', 'material spectroscopic', 'combination various', 'russiacatalytic process surface take place sequence elementary reaction involving adsorbed reactant', 'catalytic material', 'focused fundamental', 'reaction intermediate associated active site catalyst surface goal focused fundamental understanding structure metal support interface', 'xps', 'active site', 'gained technique', 'considerable information', 'influence promoter', 'boreskov institute catalysis', 'structure metal cluster support', 'fundamental understanding', 'various experimental', 'support interface', 'experimental method', 'ph', 'catalytic data', 'along chemisorption', 'take place', 'novosibirsk state', 'cluster aggregate', 'product', 'technique along', 'used establish', 'particle size', 'process surface', 'promoter structure'}"
3,"Ali, Mohammod","{'cyber system', 'engineering usc', 'system directorate', 'directorate engineering', 'british columbia', 'ali professor', 'main streetcolumbia', 'working program', 'engineering prof', 'electrical engineering', 'engineering bangladesh', 'ph degree', 'usc july', 'department electrical', 'dhaka received sc ph degree electrical engineering', 'swearingenroom main streetcolumbia', 'electronic engineering', 'program director', 'assignment division', 'foundation nsf', 'ha working', 'intergovernmental personnel', 'cyber system directorate engineering prof ali received sc electrical electronic engineering bangladesh engineering technology', 'professor department', 'bangladesh engineering', 'engineering technology', 'communication', 'national science', 'science foundation', 'act assignment', 'prof ali', 'dhaka received', 'sc electrical', 'ali received', 'ipa intergovernmental', 'received sc', 'director national', 'swearingenroom main', 'personnel act', 'electrical electronic', 'degree electrical', 'sc mohammod ali professor department electrical engineering usc july', 'respectively victoria', 'sc mohammod', 'sc ph', 'mohammod ali', 'division electrical', 'ha working program director national science foundation nsf ipa intergovernmental personnel act assignment division electrical', 'canada', 'nsf ipa'}"
4,"Ammal, Salai C.","{'india', 'cv dr', 'dr ammal', 'ammal pdfph', 'bharathidasan', 'cv dr ammal pdfph'}"
5,"Bakos, Jason D. ","{'performance computing', 'computer architecture', 'embedded system', 'high performance', 'high performance computing', 'heterogeneous computing', 'reconfigurable computing'}"
6,"Banerjee, Sourav ","{'metamaterials', 'ultrasonics', 'acoustic', 'wave propagation', 'biomedical'}"
7,"Bayat, Mahmoud","{'structural health', 'probabilistic analysis', 'health monitoring', 'nonlinear vibration', 'machine learning', 'structural health monitoring', 'earthquake eng'}"
8,"Bayoumi, Abdel-Moez E. ","{'hewlett packard', 'aerospace center', 'associate dean corporate relation professor mechanical biomedical engineering prior joining usc', 'project manager hewlett packard company', 'actively involved', 'tribology', 'relation professor', 'national science', 'behavior material', 'industry ha', 'condition based', 'wa professor', 'manager hewlett', 'manufacturing process', 'year teaching', 'activity focused', 'packard company', 'mechanical system', 'life prediction', 'bayoumi ha', 'director mcnair', 'nuclear aerospace', 'foundation various', 'aerospace engineering', 'condition based maintenance', 'mechanical behavior', 'biomedical', 'sc bayoumi ha year teaching', 'diagnosis prognosis life prediction mechanical system', 'science foundation', 'department defense', 'ha actively', 'health monitoring', 'mechanical biomedical', 'mcnair aerospace', 'department energy', 'director center', 'director center predictive maintenance', 'engineering north', 'associate dean', 'mechanical aerospace', 'ha year', 'journal conference', 'diagnosis prognosis', 'corporate relation', 'north state', 'various industry', 'dr bayoumi', 'material engineering', 'prognosis life', 'main streetroom', 'experience currently', 'predictive maintenance', 'funding department', 'biomedical engineering', 'industry experience', 'engineering activity', 'based maintenance', 'ha received', 'health monitoring system', 'monitoring system', 'digital transformation dr bayoumi ha received funding department defense', 'dean corporate', 'involved developing', 'state ha', 'prediction mechanical', 'developing strong', 'engineering washington', 'digital transformation', 'professor mechanical', 'published journal', 'washington state', 'conference paper', 'sc bayoumi', 'program mechanical', 'center predictive', 'focused mechanical', 'national science foundation various industry ha published journal conference paper', 'strong program', 'engineering prior', 'received funding', 'joining usc', 'prior joining', 'currently director', 'wa professor mechanical aerospace engineering north state', 'project manager', 'professor mechanical material engineering washington state ha actively involved developing strong program mechanical', 'mechanical material', 'transformation dr', 'nuclear aerospace engineering activity focused mechanical behavior material', 'ha published', 'industry experience currently director mcnair aerospace center'}"
9,"Benigni, Andrea","{'sc', 'main streetcolumbia', 'swearingenroom main', 'swearingenroom main streetcolumbia'}"
10,"Berge, Nicole D.","{'waste treatment', 'specific area', 'recovery waste', 'thermochemical conversion', 'main street', 'leachate treatment', 'room berge focus improving understanding physical', 'promote sustainable', 'personal care product endocrine disrupting compound bioreactor landfill thermochemical conversion municipal solid waste increasing energy yield waste stream resource recovery waste stream leachate treatment process development subsequent evaluation innovative groundwater remediation technology', 'added product', 'compound bioreactor', 'remediation technology', 'care product', 'groundwater remediation', 'energy generation', 'increasing energy', 'chemical', 'process manipulated', 'manipulated promote', 'technique lead', 'bioreactor landfill', 'solid waste', 'sustainable waste', 'conversion municipal', 'endocrine disrupting', 'fate disposed', 'area exploration', 'waste increasing', 'production specific', 'disrupting compound', 'energy yield', 'value added product production specific area exploration fate disposed nanomaterials', 'focus improving', 'yield waste', 'resource recovery', 'municipal solid', 'waste stream', 'biological process', 'biological process manipulated promote sustainable waste treatment technique lead carbon sequestration', 'treatment technique', 'product production', 'lead carbon', 'understanding physical', 'room berge', 'disposed nanomaterials', 'improving understanding', 'pharmaceutical', 'personal care', 'value added', 'innovative groundwater', 'development subsequent', 'berge focus', 'landfill thermochemical', 'stream leachate', 'evaluation innovative', 'process development', 'treatment process', 'subsequent evaluation', 'product endocrine', 'carbon sequestration', 'exploration fate', 'stream resource'}"
11,"Besmann, Theodore  M.","{'fuel waste', 'nuclear fuel', 'waste material', 'nuclear fuel waste material'}"
12,"Bischoff, Jeff ","{'passive mechanic', 'modeling growth', 'constitutive evolution', 'bischoff biomedical', 'theoretical framework', 'framework modeling', 'hypertrophic scar', 'mechanic soft', 'analysis structural', 'theoretical framework modeling growth tissue', 'soft tissue', 'dr bischoff', 'evolution artificial', 'testing modeling', 'structural constitutive', 'analysis structural constitutive evolution artificial tissue scaffolding', 'dr bischoff biomedical engineering', 'constitutive testing', 'tissue scaffolding', 'modeling hypertrophic', 'growth tissue', 'biomedical engineering', 'artificial tissue', 'passive mechanic soft tissue', 'constitutive testing modeling hypertrophic scar'}"
13,"Blanchette, James  Otto","{'design instructive', 'geometry culture', 'cell enhance', 'cell cell', 'signaling three', 'orally extending', 'brougham cook', 'following transplantation', 'chemotherapeutics administered', 'proper function', 'main streetcolumbia', 'engineering specific', 'transplantation mesenchymal', 'hypoxic signaling', 'spectrum chemotherapeutics', 'vascularization skiles', 'responsive delivery', 'three dimensional', 'extending proper', 'cell following', 'developing responsive', 'pancreatic islet', 'delivery system', 'induction pre', 'angiogenic behavior', 'tissue engineering', 'administered orally', 'cell instructive', 'impact induction', 'room main streetcolumbia', 'function pancreatic', 'system expand', 'skiles l', 'differentially impact', 'expand spectrum', 'material tracking', 'transplantation genetic', 'islet cell', 'area design', 'cell aggregate', 'room main', 'genetic engineering', 'pre angiogenic', 'aggregate transplantation', 'spheroid geometry', 'engineering design', 'specific project', 'brougham cook blanchette asc spheroid geometry culture oxygenation differentially impact induction pre angiogenic behavior endothelial cell cell transplantation', 'instructive material', 'blanchette asc', 'culture oxygenation', 'sc fall', 'sc fall area design cell instructive material', 'behavior endothelial', 'delivery therapeutic tissue engineering specific project developing responsive delivery system expand spectrum chemotherapeutics administered orally extending proper function pancreatic islet cell following transplantation genetic engineering design instructive hydrogel material tracking hypoxic signaling three dimensional cell aggregate transplantation mesenchymal stem cell enhance vascularization skiles l', 'delivery therapeutic', 'dimensional cell', 'hanna', 'stem cell', 'asc spheroid', 'tracking hypoxic', 'rucker', 'tipton', 'cook blanchette', 'instructive hydrogel', 'design cell', 'project developing', 'endothelial cell', 'enhance vascularization', 'oxygenation differentially', 'cell transplantation', 'hydrogel material', 'therapeutic tissue', 'fall area', 'mesenchymal stem'}"
14,"Boltin, Nicholas D.","{'supervised unsupervised', 'artificial neural', 'article press', 'valafar application dimensional reduction artificial neural network improve emergency department triage chemical mass casualty incident article press boltin', 'developing decision', 'algorithm using', 'informatic tool', 'latest software', 'information data', 'technique many', 'predictive modeling', 'mobile decision', 'technique including', 'area one', 'using latest', 'improve emergency', 'two broad', 'machine learning', 'statistical analysis', 'tool created', 'design evaluate', 'information science computer science focus categorized two broad area one', 'development human', 'decision support', 'deploy sophisticated', 'edit initial', 'science computer', 'statistic', 'focus categorized', 'boltin focus', 'valafar mobile', 'including data', 'supervised unsupervised machine learning', 'sophisticated algorithm', 'unsupervised machine', 'dimensional reduction', 'data science', 'system healthcare', 'valafar mobile decision support tool emergency department mass casualty incident edit initial study jmir mhealth uhealth', 'field employ', 'culley jm', 'interdisciplinary field', 'dr boltin', 'categorized two', 'press boltin', 'healthcare industry', 'human computer', 'valdes', 'science interdisciplinary', 'science focus', 'reduction artificial', 'software development', 'employ technique', 'many discipline', 'created deploy', 'department triage', 'casualty incident', 'dimension reduction', 'information science', 'discipline mathematics', 'focus developing', 'neural network', 'data utilizing', 'study jmir', 'interaction boltin', 'tool emergency', 'broad area', 'industry data', 'valafar application', 'mhealth uhealth', 'culley', 'incident edit', 'network improve', 'translational informatic', 'application dimensional', 'chemical mass', 'utilizing analytical', 'well predictive modeling two', 'mass casualty', 'design evaluate translational informatic tool created deploy sophisticated algorithm using latest software development human computer interaction boltin', 'support system', 'glean information data utilizing analytical technique including data mining', 'support tool', 'emergency department', 'triage chemical', 'data mining', 'modeling two', 'analytical technique', 'department mass', 'incident article', 'computer interaction', 'well predictive', 'dr boltin focus developing decision support system healthcare industry data science interdisciplinary field employ technique many discipline mathematics', 'glean information', 'initial study', 'computer science', 'evaluate translational', 'jmir mhealth'}"
15,"Booth, Kristen","{'power electronics', 'power electronics reliability', 'power grid', 'transformer optimization', 'electronics reliability', 'medium frequency transformer optimization', 'frequency transformer', 'medium frequency', 'grid resiliency', 'power grid resiliency'}"
16,"Brookshire, Robert G., Ph.D.","{'performance journal', 'north texas', 'robert brookshire', 'journal past president organizational system association editor information technology', 'brookshire professor', 'assembly street', 'learning', 'legislative study quarterly', 'technology department', 'system association', 'european journal operational', 'science computer', 'columbia', 'itec record', 'record managementitec', 'european journal', 'sc robert brookshire professor integrated information technology department college engineering computing', 'past president', 'college engineering', 'innovation assembly', 'article appeared journal computer information system', 'master health', 'study quarterly', 'taught new', 'james madison co author using microcomputer sage publication', 'journal itec', 'mainframe systemsitec', 'journal operational', 'james madison', 'linux programming', 'integrated information', 'sc director', 'virginia', 'innovation assembly street', 'department college', 'president organizational', 'sc robert', 'byte', 'ha taught', 'social science', 'computer information', 'editor information', 'health information', 'texas state', 'using microcomputer', 'managementitec mainframe', 'madison co', 'organizational system', 'appeared journal', 'co author', 'information system', 'legislative study', 'systemsitec linux', 'performance journal itec record managementitec mainframe systemsitec linux programming administration', 'north texas state', 'journal computer', 'programming administration', 'social science computer review', 'computer review', 'technology program', 'professor integrated', 'journal past', 'new york', 'author using', 'suite', 'director master', 'sc director master health information technology program ha taught new york', 'microcomputer sage', 'sage publication', 'program ha', 'article appeared', 'engineering computing', 'association editor', 'information technology'}"
17,"Broughton, Earnie","{'responsibility gathering', 'best practice', 'development team', 'requirement consortium', 'supervises daily', 'addition writing', 'earnie lead', 'test bed', 'private industry', 'developing plan', 'ship system', 'design project', 'programming professional', 'lead software', 'stakeholder navy', 'student programming', 'requirement developing', 'bed vtb', 'activity development', 'software developer', 'private industry requirement developing plan integrating requirement consortium education', 'mentoring student', 'professional development', 'supervises daily activity development team project', 'developer virtual', 'practice responsibility', 'writing code', 'smart ship', 'project addition', 'vtb smart', 'virtual test', 'including mentoring', 'industry requirement', 'plan integrating', 'daily activity', 'integrating requirement', 'development best', 'consortium education', 'earnie lead software developer virtual test bed vtb smart ship system design project addition writing code', 'system design', 'gathering stakeholder', 'esrdc consortium', 'team project', 'including mentoring student programming professional development best practice responsibility gathering stakeholder navy'}"
18,"Buell, Duncan A.","{'auditing election', 'computing machine', 'computer architecture', 'ha part', 'cc directed', 'recent work', 'professor buell', 'done string', 'often multiprecision', 'renewal columbia', 'writing pedagogy', 'problem custom', 'state digital', 'accuracy ida', 'problem process', 'whose application', 'performing computation', 'co supervising work ward one app', 'one often need substantial parallelism', 'urban renewal', 'one class', 'role evicting', 'architecture oriented', 'total certified', 'integer arithmetic', 'devised bit', 'point computation', 'class problem', 'engaged analysis', 'ha electronic', 'neighborhood adjacent', 'bit bit', 'application programmed', 'compute element', 'one neighborhood', 'traditional computer', 'essay linguistic', 'critical interactive iphone urban renewal columbia sc role evicting resident ward one neighborhood adjacent', 'past included', 'vote total', 'image processing computation', 'computation normally', 'normally perform', 'linguistic characteristic', 'arithmetic often', 'interactive iphone', 'sufficient accuracy', 'discrete mathematics', 'problem computational', 'discovering problem', 'broad class', 'often sufficient', 'analysis first', 'team auditing', 'bit bit arithmetic often sufficient accuracy ida cc directed splash project building custom computing machine used xilinx fpgas compute element whose application programmed vhdl', 'evicting resident', 'building custom', 'processing computation', 'digital humanity', 'number theory', 'certified state', 'work ha', 'part team', 'theory fast', 'custom computing', 'columbia sc', 'election data', 'multiprecision arithmetic', 'necessary another', 'fast integer', 'discrete mathematics text string processing', 'first year', 'necessary another broad class problem custom computing machine devised bit oriented computation done string processing', 'need substantial', 'problem number', 'element whose', 'image processing', 'critical interactive', 'floating point', 'one app', 'buell past', 'co supervising', 'traditional computer architecture oriented toward floating point computation normally perform significantly reduced efficiency one class problem computational problem number theory fast integer arithmetic', 'project building', 'reduced efficiency', 'splash project', 'toward floating', 'bit oriented', 'voting system', 'ida cc', 'computational problem', 'architecture performing', 'system digital', 'absence data', 'machine used', 'sc role', 'another broad', 'english essay', 'one often', 'lead uncounted', 'characteristic improvement', 'data support', 'computation done', 'efficiency one', 'uncounted vote', 'iphone urban', 'improvement writing', 'xilinx fpgas', 'engaged analysis first year english essay linguistic characteristic improvement writing pedagogy professor buell past included algorithm architecture performing computation', 'pedagogy professor', 'algorithm architecture', 'data discovering', 'directed splash', 'often need', 'year english', 'resident ward', 'often multiprecision arithmetic', 'professor buell recent work ha electronic voting system digital humanity ha part team auditing election data discovering problem process lead uncounted vote absence data support vote total certified state digital humanity', 'text string', 'significantly reduced', 'programmed vhdl', 'included algorithm', 'mathematics text', 'used xilinx', 'electronic voting', 'fpgas compute', 'machine devised', 'vote absence', 'ward one', 'buell recent', 'process lead', 'oriented toward', 'substantial parallelism', 'supervising work', 'work ward', 'string processing', 'bit arithmetic', 'oriented computation', 'support vote', 'perform significantly', 'humanity ha'}"
19,"Caicedo, Juan","{'society civil', 'earthquake engineering structural control dr caicedo member american society civil engineer', 'earthquake engineering', 'member american', 'brown jr', 'american society', 'engineering simulation', 'area structural', 'dynamic numerical', 'infrastructure lab', 'structural health monitoring', 'caicedo member', 'network earthquake', 'lab website', 'engineering emphasis', 'visit structural', 'project publication', 'jr network', 'dr caicedo area specialization structural engineering emphasis structural dynamic numerical experimental area structural dynamic', 'engineering structural', 'experimental area', 'numerical experimental', 'publication visit', 'experimental mechanic', 'dr caicedo', 'control dr', 'structural engineering', 'earthquake engineering institute', 'engineering educator', 'complete list', 'list project', 'specialization structural', 'structural dynamic', 'intelligent infrastructure', 'civil engineer', 'structural control', 'society engineering', 'dynamic intelligent', 'engineering institute', 'area specialization', 'george brown', 'educator complete', 'health monitoring', 'mechanic american', 'model updating', 'george brown jr network earthquake engineering simulation', 'emphasis structural', 'society experimental', 'structural health', 'caicedo area', 'society experimental mechanic american society engineering educator complete list project publication visit structural dynamic intelligent infrastructure lab website'}"
20,"Carrilho, Leo ","{'process phenomenon', 'nuclear fuel', 'design pwr', 'dr leo carrilho modeling simulation process phenomenon structural thermal hydraulic design pwr nuclear fuel core component', 'pwr nuclear', 'using fea', 'carrilho modeling', 'leo carrilho', 'modeling simulation', 'cfd method', 'structural thermal', 'core component', 'phenomenon structural', 'using fea cfd method', 'fea cfd', 'simulation process', 'thermal hydraulic', 'dr leo', 'hydraulic design', 'fuel core'}"
21,"Carver, Wayne","{'cardiovascular performance', 'others cell', 'composed contractile', 'correlated heart', 'myocardial fibrosis', 'bldg room', 'seen alcohol', 'increased accumulation', 'cell others', 'myocardial infarction', 'heart produced', 'non muscle', 'particularly interested', 'fibroblast behavior', 'accumulation extracellular', 'organization extracellular', 'affect cardiovascular', 'commonly associated', 'focused understanding', 'matrix fibrosis', 'elaborate extracellular', 'road columbia', 'disease instance', 'produced largely', 'carver lab', 'animal model', 'garner ferry', 'wall heart', 'stiffer myocardium', 'cardiovascular disease', 'matrix heart', 'including fibroblast', 'matrix change', 'function extracellular', 'regulated heart', 'chronic exposure', 'school medicine bldg room garner ferry road columbia', 'cardiac fibroblast', 'alcohol seen', 'alters heart function extracellular matrix heart produced largely cardiac fibroblast dr carver lab focused understanding fibroblast behavior gene expression regulated heart particularly interested chronic exposure alcohol seen alcohol abuse result myocardial fibrosis cell culture animal model used examine regulation fibroblast cardiovascular disease', 'result myocardial', 'fibrosis cell', 'excessive accumulation', 'endothelial cell others cell interconnected supported elaborate extracellular matrix change density organization extracellular matrix known affect cardiovascular performance correlated heart disease instance', 'understanding fibroblast', 'known affect', 'performance correlated', 'exposure alcohol', 'extracellular matrix', 'ventricular wall', 'cell type', 'culture animal', 'supported elaborate', 'used examine', 'hypertension myocardial', 'cell culture', 'medicine bldg', 'cell non', 'alters heart', 'fibrosis commonly', 'fibroblast cardiovascular', 'behavior gene', 'gene expression', 'largely cardiac', 'regulation fibroblast', 'heart particularly', 'room garner', 'model used', 'ferry road', 'school medicine', 'alcohol abuse', 'infarction increased', 'sc ventricular wall heart composed contractile muscle cell non muscle cell type including fibroblast', 'heart composed', 'change density', 'associated hypertension', 'type including', 'result stiffer', 'density organization', 'fibroblast dr', 'muscle cell', 'abuse result', 'contractile muscle', 'lab focused', 'interested chronic', 'heart function', 'dr carver', 'sc ventricular', 'seen fibrosis', 'expression regulated', 'interconnected supported', 'examine regulation', 'matrix known', 'cell interconnected', 'fibrosis result', 'matrix seen', 'excessive accumulation extracellular matrix fibrosis commonly associated hypertension myocardial infarction increased accumulation extracellular matrix seen fibrosis result stiffer myocardium', 'heart disease', 'endothelial cell'}"
22,"Chandrashekhar, MVS","{'chemistry', 'graphene', 'sic', 'plasmonics', 'epitaxy'}"
23,"Chao, Yuh J. ","{'yinbiao niffenegger', 'shell axial', 'perfect cylindrical', 'solid structure', 'welding modeling residual stress distortion', 'biomechanics nanomechanics', 'chao theoretical', 'stress distortion', 'fatigue material', 'system cao', 'asme journal', 'journal solid', 'yuh', 'asme journal pressure vessel technology', 'fracture fatigue', 'assessment specimen', 'experimental numerical', 'theoretical experimental', 'durability pem fuel cell system cao', 'tested uniaxial', 'fuel cell', 'international journal solid structure', 'specimen tested', 'markus chao', 'cell system', 'study failure', 'yupeng qian', 'chao yuh', 'durability pem', 'mechanic material', 'loading condition', 'experimental study', 'biaxial loading', 'vol', 'failure criterion', 'buckling quasi perfect cylindrical shell axial compression combined experimental numerical investigation', 'june wang', 'combined experimental', 'pem fuel', 'buckling quasi', 'uniaxial biaxial', 'international journal', 'impact mechanic', 'wang bo', 'fracture fatigue material structure', 'chen bingquan', 'journal pressure', 'material structure', 'numerical investigation', 'vessel technology', 'xiangtao', 'compression combined', 'material characterization', 'june wang bo', 'constraint assessment', 'zhu shiyang', 'dr chao', 'modeling residual', 'characterization failure', 'quasi perfect', 'dukaifan', 'bi xiangju', 'welding modeling', 'pressure vessel', 'axial compression', 'guian', 'impact mechanic material characterization failure criterion', 'residual stress', 'hao peng', 'cylindrical shell', 'constraint assessment specimen tested uniaxial biaxial loading condition', 'dr chao theoretical experimental study failure'}"
24,"Chaudhry, Hanif","{'hydraulic engineering', 'water resource engineering', 'hydraulic transient', 'resource engineering', 'water resource'}"
25,"Chen, Fanglin (Frank)","{'conducting ceramic', 'chen synthesis', 'oxide fuel', 'energy conversion', 'composition', 'structure property relationship', 'conversion storage', 'separation membrane', 'ionic electronic', 'property relationship', 'electrolysis cell', 'fuel cell', 'dr chen synthesis characterization material energy conversion storage', 'synthesis characterization', 'gas separation membrane', 'ionic electronic conducting ceramic', 'gas separation', 'solid oxide fuel cell', 'characterization material', 'dr chen', 'solid oxide', 'oxide electrolysis', 'structure property', 'solid oxide electrolysis cell', 'catalysis electrocatalysis', 'material energy', 'electronic conducting'}"
26,"Chen, Yinchao","{'sc', 'main streetcolumbia', 'swearingenroom main', 'swearingenroom main streetcolumbia'}"
27,"Chen, Yuche","{'data sensing analytics', 'data sensing', 'emerging technology', 'aiaugmented simulation', 'sensing analytics'}"
28,"Cheng, Xu","{'paper main', 'kit germany', 'published paper', 'cheng ha', 'master student', 'nuclear system', 'hydraulics nuclear', 'innovative nuclear', 'give lecture', 'ha year', 'kit sjtu', 'sjtu china', 'phd student', 'nuclear safety', 'prof cheng ha year experience year teaching experience currently professor karlsruhe institute technology kit germany shanghai jiao tong sjtu china', 'ha supervised', 'teaching experience', 'undergraduate master', 'director division innovative nuclear system kit ha supervised supervising phd student kit sjtu give lecture undergraduate master student ha published paper main field nuclear thermal hydraulics nuclear safety', 'germany shanghai', 'lecture undergraduate', 'karlsruhe institute', 'thermal hydraulics', 'technology kit', 'field nuclear', 'kit ha', 'tong sjtu', 'experience year', 'student kit', 'supervised supervising', 'experience currently', 'shanghai jiao', 'year teaching', 'year experience', 'student ha', 'professor karlsruhe', 'director division', 'currently professor', 'sjtu give', 'institute technology', 'system kit', 'division innovative', 'supervising phd', 'main field', 'prof cheng', 'ha published', 'jiao tong', 'nuclear thermal'}"
29,"Cole, Casey","{'computational biology', 'bioinformatics'}"
30,"Coman, Paul","{'thermodynamics', 'liion safety'}"
31,"Crichigno, Jorge","{'iot security', 'programmable switch', 'science dmz'}"
32,"Cui, Taixing","{'japan', 'bldg room', 'ehime school', 'room garner', 'fourth military', 'sc', 'r china', 'military medical', 'fourth military medical', 'school medicine bldg room garner ferry road columbia', 'molecular medicine', 'garner ferry', 'ferry road', 'road columbia', 'medicine bldg', 'ehime school medicine', 'school medicine'}"
33,"De Backer, Wout","{'fused deposition modeling', 'additive manufacturing', 'deposition modeling', 'fused deposition', 'printing'}"
34,"Deng, Xiaomin ","{'molecular dynamic', 'modeling simulation', 'finite element', 'manufacturing process', 'molecular dynamic simulation', 'process simulation', 'manufacturing process simulation', 'solid mechanic', 'dynamic simulation'}"
35,"Devereux, Emily","{'administration leadership', 'capacity reputation', 'administrative capacity', 'resource dependency', 'leadership experience', 'ranking perceived', 'bias federal', 'goal identify', 'review enables', 'funding sponsor', 'ha concentrated', 'contributes perceived', 'development', 'economic development', 'administration focused national ranking perceived bias funding review process based administrative capacity reputation goal identify contributes perceived bias federal foundation agency review enables institution signal competitiveness funding sponsor based principal agent resource dependency theory', 'experience ha', 'strategic growth', 'concentrated strategic', 'identify contributes', 'principal agent', 'administration focused', 'federal foundation', 'past year', 'focused national', 'enables institution', 'sponsor based', 'year administration', 'institution signal', 'past year administration leadership experience ha concentrated strategic growth', 'student growth', 'dependency theory', 'bias funding', 'competitiveness funding', 'strategic planning', 'based administrative', 'funding review', 'agent resource', 'signal competitiveness', 'administration community', 'reputation goal', 'national ranking', 'agency review', 'administrator year', 'perceived bias', 'review process', 'community economic', 'process based', 'senior administrator', 'based principal', 'foundation agency', 'senior administrator year administration community economic development'}"
36,"Dillon, Anthony L","{'within private', 'sc dillon director internship department integrated information technology clinical instructor undergraduate graduate program within iit mhit program ha worked within private public sector related educational technology brings numerous business partnership relationship', 'partnership relationship', 'internship department', 'assembly street', 'dillon director', 'private public', 'related educational', 'sector related', 'undergraduate graduate', 'public sector', 'numerous business', 'technology clinical', 'innovation assembly', 'worked within', 'instructor undergraduate', 'sc dillon', 'integrated information', 'innovation assembly street', 'department integrated', 'iit mhit', 'brings numerous', 'technology brings', 'within iit', 'program within', 'director internship', 'ha worked', 'suite', 'mhit program', 'business partnership', 'program ha', 'clinical instructor', 'educational technology', 'graduate program', 'information technology'}"
37,"Dougal, Roger A.","{'level advanced', 'center grid', 'advanced power', 'seek insert', 'virtual prototyping', 'supervises dozen', 'capacity oversees usc activity related new power generation', 'several post', 'post doctoral', 'hybrid power source', 'also site', 'comprehensive simulation', 'currently supervises', 'prof dougal ha overseen development virtual test bed software', 'control dr dougal currently supervises dozen graduate student', 'joint project', 'utility power', 'number undergraduate researcher', 'bed software', 'member school', 'industry cooperative', 'cooperative center', 'wide range', 'realize smart', 'power electronic', 'nsf sponsored', 'multidisciplinary dynamic', 'dozen graduate', 'dr dougal', 'distribution technology ship', 'sponsorship office naval', 'main street', 'dougal member', 'sponsored industry', 'dougal ha', 'dougal currently', 'school prof', 'several post doctoral scholar faculty', 'ship development', 'electronic system', 'insert greater', 'simulation virtual', 'department dr', 'engineering department', 'board director', 'electronics also', 'member board', 'electronics utility', 'navy ship', 'dougal also', 'system environment', 'sc dougal lead power energy system group', 'arkansas seek', 'swearingenroom main', 'activity member', 'director electric', 'encompasses wide', 'distribution technology', 'smart grid', 'system navy', 'system group', 'better realize', 'coordination activity member school prof dougal also site director new nsf sponsored industry cooperative center grid connected advanced power electronic system grape joint project usc arkansas seek insert greater level advanced power electronics utility power grid better realize smart grid since', 'study electric', 'doctoral scholar', 'dynamic system', 'usc arkansas', 'test bed', 'swearingenroom main street columbia', 'also encompasses', 'focus power', 'across number', 'environment applied', 'coordination activity', 'overseen development', 'power grid', 'sc dougal', 'new power', 'power generation', 'electric system', 'prof dougal', 'graduate student', 'electric ship', 'technology across', 'system grape', 'electrochemical power source', 'principally focus', 'associated technology', 'grape joint', 'technology ship', 'capacity oversees', 'ha overseen', 'development consortium', 'undergraduate researcher', 'power electronics', 'lead power', 'principally focus power electronics also encompasses wide range associated technology across number engineering department dr dougal member board director electric ship development consortium esrdc', 'grid better', 'connected advanced', 'grid since', 'project usc', 'processing', 'greater level', 'director new', 'new nsf', 'number engineering', 'applied study', 'prototyping environment', 'usc activity', 'hybrid power', 'power energy', 'street columbia', 'oversees usc', 'number undergraduate', 'control dr', 'site director', 'related new', 'environment multidisciplinary', 'comprehensive simulation virtual prototyping environment multidisciplinary dynamic system environment applied study electric system navy ship', 'consortium esrdc', 'grid connected', 'electrochemical power', 'dougal lead', 'activity related', 'virtual test', 'energy system', 'office naval', 'range associated', 'power source', 'scholar faculty', 'development virtual', 'sponsorship office'}"
38,"Downey, Austin","{'health monitoring', 'structural health monitoring', 'realtime system', 'structural health'}"
39,"Dryer, Frederick  L. ","{'kinetics relevant', 'hazardous waste', 'transportation stationary', 'reduction net', 'metal component', 'emission generation abatement petroleum derived fuel', 'interaction including', 'alternative fuel', 'dr dryer', 'oil combustion', 'related ignition', 'sulfur ash', 'fuel oil', 'phase gas', 'heavy fuel oil combustion property non petroleum derived alternative fuel', 'gravity environment', 'space air', 'combustion related', 'conversion related', 'petroleum derived', 'ash metal', 'particulate emission', 'heavy fuel', 'ground transportation', 'chemical kinetics', 'address energy', 'security reduction', 'fuel hazardous', 'sulfur ash metal component effect stationary energy conversion', 'generation abatement', 'stationary power', 'burning phenomenon', 'pollutant mitigation', 'net carbon', 'diesel', 'emission interaction', 'science heat', 'including gasoline', 'fossil renewable energy conversion related ground transportation stationary power generation', 'well pollutant', 'main street', 'chemical kinetics relevant space air breathing propulsion', 'related ground', 'production', 'aerosol particulate', 'internal combustion', 'earth micro', 'emission internal', 'combustion property', 'related issue', 'year application', 'material emission', 'chemical processing', 'dryer ha', 'current chemistry', 'heat transfer', 'concern fire', 'combustion engine', 'safety dr', 'interaction related', 'relevant space', 'particle burning', 'nitrogen oxide', 'material related', 'abatement petroleum', 'non petroleum', 'environment solid', 'pollutant concern', 'application driven', 'chemical kinetic property', 'fossil renewable', 'aerosol particulate emission interaction including chlorine', 'fire safety dr dryer current chemistry chemical kinetics fuel hazardous waste material related ignition', 'emission well', 'chemical kinetic', 'combustion related pollutant mitigation', 'gas turbine', 'ha year', 'kinetics fuel', 'physical chemistry', 'dryer current', 'fundamental experience', 'related pollutant', 'safety related', 'effect stationary', 'kinetic property', 'experience thermal', 'phase interaction', 'emission generation', 'air breathing', 'chemistry chemical', 'power generation', 'micro gravity', 'phenomenon nano', 'sc dryer', 'combustion', 'thermal science', 'fluid dynamic', 'stationary energy', 'issue earth', 'gas phase', 'renewable energy', 'incineration', 'ability address', 'cycle emission', 'energy conversion', 'fire safety', 'sc dryer ha year application driven fundamental experience thermal science heat transfer', 'energy security', 'ability address energy security reduction net carbon cycle emission well pollutant concern fire safety related issue earth micro gravity environment solid phase gas phase interaction related particle burning phenomenon nano catalyst material emission internal combustion engine', 'catalyst material', 'breathing propulsion', 'property non', 'rm carolinacolumbia', 'nano catalyst', 'related particle', 'component effect', 'driven fundamental', 'including hydrocarbon', 'solid phase', 'waste material', 'derived fuel', 'carbon cycle', 'including chlorine', 'derived alternative'}"
40,"Eastman, Caroline M. ","{'also working', 'colleague problem', 'algorithm information', 'eastman focus', 'useful correct', 'search interface', 'undergraduate site', 'interface user', 'effective efficient', 'professor eastman', 'information retrieval', 'organization search', 'spectrum problem', 'work area', 'database security', 'broad spectrum', 'interaction ha', 'user interaction', 'bowles nsf', 'easily quickly', 'file organization', 'efficient file organization search interface user interaction ha also working colleague problem database security pi co director professor bowles nsf experience undergraduate site', 'experience undergraduate', 'want information', 'professor eastman focus effective efficient algorithm information retrieval want information', 'ha also', 'security pi', 'working colleague', 'co director', 'quickly find', 'addressed broad', 'easily quickly find useful correct find work area ha addressed broad spectrum problem', 'efficient file', 'director professor', 'ha addressed', 'problem database', 'professor bowles', 'efficient algorithm', 'find work', 'retrieval want', 'area ha', 'correct find', 'find useful', 'pi co', 'nsf experience', 'focus effective'}"
41,"Eberth, John F.","{'biomechanics', 'biomedical engineering', 'mechanobiology', 'cardiovascular'}"
42,"Ebner, Armin D.","{'field separation', 'major emphasis', 'gradient magnetic', 'well rapid', 'potential hgms', 'collection otherwise', 'assist magnetic', 'rapid detoxification', 'restenosis', 'size low', 'catholic chile', 'field become', 'consists use', 'particle small', 'low magnetism', 'chile', 'used assist', 'technique used', 'technique consists', 'control well', 'particular emphasis', 'major application', 'drug targeting', 'separation hgms', 'enough collect', 'gradient large', 'use fine', 'ebner major application magnetic field separation', 'ferromagnetic element', 'magnetism collection', 'collection manipulation', 'collection manipulation magnetic particle fluid medium', 'principle technique', 'fine ferromagnetic', 'otherwise realized', 'particular emphasis use high gradient magnetic separation hgms principle technique consists use fine ferromagnetic element result application external magnetic field become energized create magnetic gradient large enough collect particle small size low magnetism collection otherwise realized today major emphasis potential hgms found medical area technique used assist magnetic drug targeting cancer treatment', 'collect particle', 'element result', 'external magnetic', 'hgms principle', 'energized create', 'ebner major', 'ph', 'use high', 'large enough', 'area technique', 'magnetic particle', 'application magnetic', 'high gradient', 'realized today', 'medical area', 'cancer treatment', 'embolization control well rapid detoxification', 'magnetic field', 'magnetic separation', 'fluid medium', 'found medical', 'magnetic drug', 'result application', 'create magnetic', 'emphasis potential', 'manipulation magnetic', 'today major', 'embolization control', 'hgms found', 'emphasis use', 'become energized', 'particle fluid', 'magnetic gradient', 'small size', 'application external', 'targeting cancer'}"
43,"Eslambolchi Moghadam, Sara","{'natural product', 'drug discovery', 'wound healing', 'medicinal plant'}"
44,"Fan, Daping","{'dynamic function', 'condition macrophage', 'tumor associated macrophage tam advanced tumor', 'lipid deposit', 'bldg room', 'rupture vulnerable', 'form vicious', 'vulnerable atherosclerotic', 'component tumor', 'whose interaction malignant cell determines aggressiveness tumor myeloid cell tme mainly myeloid derived suppressor cell mdscs', 'microenvironment tme', 'inflammatory response', 'chronic inflammatory', 'cell determines', 'sc rupture', 'unusual metabolic profile', 'laboratory develop', 'united state', 'signal network', 'promote atherogenesis', 'restoring macrophage', 'homeostasis controlling', 'tumor microenvironment', 'sc rupture vulnerable atherosclerotic plaque resulting thrombosis direct cause heart attack stroke', 'toll like', 'understanding signal', 'metabolic profile', 'signaling network', 'tlr ligand', 'disease chronic', 'abundance cytokine', 'unusual metabolic', 'developed country', 'thrombosis direct', 'well dominant', 'macrophage foam', 'plaque resulting', 'cell major', 'focused understanding', 'advanced tumor', 'resulting thrombosis', 'due unique', 'road columbia', 'disrupt vicious', 'goal laboratory', 'macrophage inflammation', 'many developed', 'cholesterol homeostasis', 'garner ferry', 'strategy disrupt', 'tme including', 'response form', 'cytokine chemokines', 'machine atherogenesis', 'inflammatory condition', 'improve cancer', 'chemokines toll', 'school medicine bldg room garner ferry road columbia', 'network developing', 'malignant cell', 'tme mainly', 'killer united', 'major cell', 'cell tme', 'macrophage tam', 'cause heart', 'cholesterol sink', 'tumor associated', 'derived suppressor', 'network tune', 'cycle promote', 'macrophage cholesterol', 'strategy manipulate', 'sink well', 'progression focused', 'inflammation myeloid', 'state many', 'dominant inflammation', 'atherosclerosis lipid', 'mainly myeloid', 'including hypoxia', 'macrophage primary', 'atherogenesis goal', 'foam cell', 'complex signaling', 'myeloid derived', 'tumor myeloid', 'suppressor cell', 'cancer progression', 'cell mdscs', 'primary cholesterol', 'cell favor', 'medicine bldg', 'interaction malignant', 'atherogenesis macrophage', 'manipulate improve', 'promote regression', 'vicious cycle', 'heart attack', 'like receptor', 'associated macrophage', 'aggressiveness tumor', 'abundance cytokine chemokines toll like receptor tlr ligand', 'unique feature', 'room garner', 'cell component', 'complex signaling network tune dynamic function myeloid cell favor cancer progression focused understanding signal network developing strategy manipulate improve cancer treatment', 'formation inflammatory', 'deposit disease', 'develop strategy', 'myeloid cell', 'whose interaction', 'ferry road', 'school medicine', 'attack stroke', 'due unique feature tme including hypoxia', 'atherosclerotic plaque', 'determines aggressiveness', 'cell formation', 'country atherosclerosis', 'receptor tlr', 'tam advanced', 'inflammation machine', 'function myeloid', 'tune dynamic', 'controlling macrophage', 'cancer treatment', 'feature tme', 'killer united state many developed country atherosclerosis lipid deposit disease chronic inflammatory condition macrophage primary cholesterol sink well dominant inflammation machine atherogenesis macrophage foam cell formation inflammatory response form vicious cycle promote atherogenesis goal laboratory develop strategy disrupt vicious cycle promote regression atherosclerotic plaque restoring macrophage cholesterol homeostasis controlling macrophage inflammation myeloid cell major cell component tumor microenvironment tme', 'plaque restoring', 'direct cause', 'favor cancer', 'developing strategy', 'regression atherosclerotic', 'dendritic cell'}"
45,"Farkas, Csilla ",{'information security'}
46,"Farouk, Tanvir   I.","{'multiphysics modeling', 'energy', 'thermalfluid science', 'plasma', 'combustion'}"
47,"Fenner, Stephen A. ","{'foundation computing', 'especially quantum', 'quantum computing', 'core theoretical', 'computing information', 'professor fenner core theoretical foundation computing computability computational complexity', 'professor fenner', 'fenner core', 'computational complexity', 'theoretical foundation', 'computing computability', 'especially quantum computing information', 'computability computational'}"
48,"Fiedler, Kirk","{'computer science', 'business'}"
49,"Flora, Joseph","{'dr flora', 'process water', 'quality engineering', 'molecular modeling', 'process water quality engineering', 'computer modeling water quality engineering process', 'flora main', 'computer modeling', 'water quality', 'dr flora main molecular modeling environmental reaction', 'modeling water', 'engineering process', 'main molecular', 'environmental reaction', 'modeling environmental'}"
50,"Gadala-Maria, Francis","{'engineering centerroom', 'sc', 'engineering centerroom main streetcolumbia', 'main streetcolumbia', 'stanford', 'centerroom main'}"
51,"Gassman, Sarah","{'geotechnical', 'engineering', 'civil'}"
52,"Gatzke, Edward P.","{'easily directly', 'productivity estimation', 'bio process', 'including parallel', 'nonlinear characteristic', 'control', 'method application', 'discrete value', 'moving horizon', 'ongoing effort', 'chemical process', 'characteristic variety', 'dynamic nonlinear', 'reduce product', 'optimization efficient operation chemical process requires fundamental understanding dynamic nonlinear characteristic variety controller formulation developed reduce product variability improve productivity estimation diagnostic method used develop process information easily directly acquired instrumentation recently', 'process modeling', 'room main', 'parallel nonconvex', 'information easily', 'value proposed', 'approximation parallel', 'nonseparable mixed', 'solution constrained', 'product variability', 'area particulate', 'instrumentation recently', 'main street', 'process information', 'efficient operation', 'problem ongoing', 'effort mixed', 'gatzke area', 'constrained mixed', 'formulation involving', 'sc gatzke area process modeling', 'application require', 'method used', 'value taking', 'large scale', 'new moving horizon formulation involving unknown value taking discrete value proposed application require online solution constrained mixed integer optimization problem ongoing effort parallel programming effort mixed integer optimization', 'acquired instrumentation', 'integer outer', 'nonconvex branch', 'including parallel nonconvex nonseparable mixed integer outer approximation parallel nonconvex branch reduce method application area particulate processing', 'proposed application', 'room main street columbia', 'online solution', 'unknown value', 'optimization problem', 'taking discrete', 'area process', 'mixed integer', 'large scale system', 'formulation developed', 'understanding dynamic', 'develop process', 'require online', 'nonconvex nonseparable', 'application area', 'involving unknown', 'directly acquired', 'controller formulation', 'reduce method', 'scale system', 'diagnostic method', 'parallel programming', 'branch reduce', 'particulate processing', 'outer approximation', 'sc gatzke', 'street columbia', 'variability improve', 'developed reduce', 'operation chemical', 'fundamental understanding', 'variety controller', 'process requires', 'improve productivity', 'effort parallel', 'new moving', 'integer optimization', 'horizon formulation', 'requires fundamental', 'estimation diagnostic', 'used develop', 'programming effort', 'optimization efficient'}"
53,"Gerdes, Jr., John H.","{'one dealign measurement coke temperature', 'california riverside', 'sc', 'assembly street', 'vanderbilt ha', 'john gerdes', 'pa eng', 'currently associate', 'ph information system vanderbilt ha taught ohio state', 'professor department', 'integrated information', 'ph information', 'associate editor', 'nashville', 'one development new public key certificate support user privacy currently associate editor electronic commerce telecommunication system', 'dealign measurement', 'taught ohio', 'decision support system', 'system vanderbilt', 'mechanical engineering', 'hold b', 'user privacy', 'electronic commerce', 'communication acm', 'decision support', 'key certificate', 'coke temperature', 'two patent', 'innovation assembly street', 'site development', 'ha taught', 'c teach', 'measurement coke', 'b eng', 'teach software', 'management dr', 'ohio state', 'lehigh', 'web site development', 'journal ha', 'appeared communication', 'shanghai', 'support user', 'china article', 'bethlehem', 'china article appeared communication acm', 'columbia', 'ha authored', 'software development', 'certificate support', 'database management', 'vanderbilt', 'public key', 'authored two', 'gerdes associate', 'telecommunication system', 'tenn', 'c teach software development', 'computer science vanderbilt', 'department integrated', 'science vanderbilt', 'jia tong', 'new public', 'database management dr gerdes hold b eng mechanical engineering cornell', 'one development', 'dr john gerdes associate professor department integrated information', 'associate professor', 'dr john', 'suite', 'web site', 'development new', 'gerdes hold', 'journal ha authored two patent', 'innovation assembly', 'dr gerdes', 'support system', 'editor electronic', 'transaction iie', 'engineering cornell', 'eng mechanical', 'tenn b', 'cornell', 'information system', 'commerce telecommunication', 'ithaca', 'computer science', 'one dealign', 'article appeared', 'privacy currently'}"
54,"Gholizadeh, Sona","{'engineering education', 'system analysis', 'higher education'}"
55,"Gibbons, Joseph H.","{'pittsburgh', 'ph'}"
56,"Ginn, Herbert L.","{'sc carolinamississippi state', 'main street', 'sc carolinamississippi', 'street columbia', 'carolinamississippi state', 'swearingenroom main street columbia', 'swearingenroom main'}"
57,"Giurgiutiu (Jurjutzu), Victor","{'book book', 'asme associate', 'giurgiutiu ha', 'journal article', 'society mechanical', 'book chapter', 'several book', 'fellow royal', 'american society', 'paper fellow', 'structural health monitoring', 'multi physic applied mechanic topic dr giurgiutiu ha published several book book chapter many journal article conference paper fellow royal aeronautical society raes american society mechanical engineer asme associate editor aeronautical journal raes', 'mechatronics', 'journal raes', 'applied mechanic', 'many journal', 'published several', 'chapter many', 'raes american', 'giurgiutiu span', 'conference paper', 'topic dr', 'mechanic topic', 'engineer asme', 'associate editor', 'active material', 'span active', 'physic applied', 'smart structure', 'editor aeronautical', 'mechanical engineer', 'society raes', 'dr giurgiutiu span active material', 'health monitoring', 'multi physic', 'royal aeronautical', 'aeronautical society', 'dr giurgiutiu', 'article conference', 'aeronautical journal', 'ha published', 'structural health'}"
58,"Glenn Jr., Odell","{'present passion', 'oil cfd', 'approach potentially', 'assay wa', 'wa investigated', 'investigated present', 'allergen bound', 'involved development', 'bound dry', 'investigating new', 'protein involved', 'dust particle', 'reduce potency', 'cfd modeling', 'asthma trigger', 'unique way', 'dry ice', 'fundamental aspect', 'core fundamental', 'dry dust', 'modeling elisa', 'indoor environment', 'trigger produced', 'particle home', 'along engineering', 'development approach', 'new unique', 'essential oil cfd modeling elisa assay wa investigated present passion education along engineering education investigating new unique way teach undergraduate core fundamental key educator student', 'essential oil', 'novel technology', 'passion education', 'technology abatement', 'aspect novel', 'allergenic protein', 'way teach', 'using dry', 'education along', 'education investigating', 'undergraduate core', 'elisa assay', 'produced indoor', 'environment allergen', 'effectiveness using', 'educator student', 'fundamental key', 'key educator', 'engineering education', 'fundamental aspect novel technology abatement allergenic protein involved development approach potentially reduce potency asthma trigger produced indoor environment allergen bound dry dust particle home effectiveness using dry ice', 'potentially reduce', 'home effectiveness', 'potency asthma', 'abatement allergenic', 'teach undergraduate'}"
59,"Goharian, Erfan","{'integrated water', 'resource management', 'hydroinformatics', 'system analysis', 'water resource', 'integrated water resource management'}"
60,"Gower, R. Michael","{'immunoengineering', 'biomaterials'}"
61,"Gray, Joshua","{'component characterization', 'committee member', 'mentoring role', 'engineering laboratory', 'serving laboratory', 'entrepreneurial start', 'worked area', 'used nuclear', 'background ranging', 'profit social', 'currently co', 'professor working', 'educational role', 'cell application', 'social work', 'diverse background', 'experienced engineer', 'material compatibility', 'member adjunct', 'corrosion susceptibility', 'laboratory manager', 'graduate school', 'founder nonprofit', 'hydrogen storage', 'adjunct professor', 'susceptibility high', 'nuclear fuel', 'hydrogen storage fuel cell application', 'currently co founder nonprofit area recovery substance use disorder', 'mentor thesis', 'serving laboratory manager instructor chemistry department state supported liberal art experience primarily involves application electrochemical engineering localized corrosion sustainable energy application worked area material compatibility corrosion susceptibility high temperature heat transfer fluid solar energy', 'supported liberal', 'sustainable energy', 'chemistry department', 'localized corrosion', 'instructor chemistry', 'community based', 'heat transfer', 'engineering localized', 'role range', 'application electrochemical', 'temperature heat', 'range experience', 'several start', 'manager instructor', 'storage fuel', 'compatibility corrosion', 'solar energy', 'teaching assistant', 'transfer fluid', 'high temperature', 'laboratory system', 'involves application', 'development environment', 'experience primarily', 'cell hydrogen', 'electrochemical engineering', 'area fuel', 'educational instruction', 'fuel cell', 'art experience', 'battery component', 'thesis committee', 'nonprofit area', 'serving mentor', 'liberal art', 'school chemical', 'national laboratory', 'experience teaching', 'use disorder', 'ups community', 'primarily involves', 'energy application', 'ups area', 'start ups', 'experienced engineer diverse background ranging educational instruction mentoring role', 'process used', 'work educational', 'serving mentor thesis committee member adjunct professor working national laboratory system', 'co founder', 'characterization participated', 'assistant graduate', 'fluid solar', 'participated several', 'instruction mentoring', 'based non', 'alternative separation', 'development alternative', 'chemical engineering', 'storage technology', 'development alternative separation process used nuclear fuel', 'separation process', 'recovery substance', 'state supported', 'extensive experience', 'substance use', 'engineer diverse', 'extensive experience development environment', 'department state', 'entrepreneurial start ups community based non profit social work educational role range experience teaching assistant graduate school chemical engineering laboratory', 'corrosion sustainable', 'experience development', 'application worked', 'area recovery', 'area material', 'working national', 'ranging educational', 'battery component characterization participated several start ups area fuel cell hydrogen storage technology', 'non profit'}"
62,"Gross, Andrew J.","{'calibration material', 'data calibration', 'nanoscale constituent', 'material includes', 'dr gross center mechanical property material includes design', 'especially nanoscale', 'gross center', 'characterization architected material', 'includes design', 'dr gross', 'center mechanical', 'constituent well', 'field experimental', 'mechanical property', 'well use', 'architected material', 'characterization architected', 'use full', 'property material', 'full field', 'material model', 'fabrication', 'experimental data', 'especially nanoscale constituent well use full field experimental data calibration material model'}"
63,"Gumina, Sharon","{'analyst', 'version developer using various tool including sql developer oracle visual studio palo alto network authorized cybersecurity academy instructor', 'various tool', 'suite office', 'alto network', 'developer oracle', 'assembly street', 'sc year experience developer', 'innovation center assembly street', 'palo alto', 'educator information', 'sc year', 'switching ccna', 'operation routing', 'studio palo', 'technology cisco', 'instructor cyber', 'sql developer', 'cisco academy', 'office columbia', 'security operation', 'oracle visual', 'routing switching', 'suite office columbia', 'including sql', 'developer using', 'version developer', 'year experience', 'authorized cybersecurity', 'tool including', 'cyber security', 'using various', 'experience developer', 'center assembly', 'innovation center', 'cybersecurity academy', 'network authorized', 'ccna ccna', 'academy instructor', 'visual studio', 'educator information technology cisco academy instructor cyber security operation routing switching ccna ccna', 'information technology'}"
64,"Gürdal, Zafer ","{'multidisciplinary design', 'structural multidisciplinary', 'structural multidisciplinary design'}"
65,"Haj-Hariri, Hossein ","{'applied mathematics', 'thermal management', 'fluid mechanic'}"
66,"Harik, Ramy","{'dassault aviation funded student several agency recipient outstanding young educator award pi tau sigma honor society dr harik chair ace', 'international conference', 'computer aided', 'mainly teach', 'course computer', 'sigma honor', 'design application', 'engineering resident', 'sc department', 'ace ace technical symposium aerospace conference exhibition wa chair plm international conference held columbia', 'agency recipient', 'researcher mcnair', 'manufacturing engineering', 'manufacturing education', 'automated manufacturing', 'associate editor', 'award pi', 'technical symposium', 'department commerce', 'education join', 'traditional emergent', 'chair plm', 'conducting automated fiber placement education join mechanical engineering master science', 'editor computer', 'mechanical engineering', 'engineering doctor', 'plm international', 'harik associate', 'society dr', 'innovation currently', 'aided manufacturing', 'visiting scientist', 'student several', 'industrial mechanical', 'harik textbook', 'held columbia', 'technology master', 'funded student', 'nasa langley', 'educator award', 'ace technical', 'ha million', 'harik chair', 'textbook manufacturing', 'cam dr', 'science industrial', 'pi tau', 'exhibition wa', 'ace ace', 'million usd', 'resident researcher', 'journal ha', 'design cad', 'doctor philosophy', 'sc department commerce', 'manufacturing topic', 'placement education', 'join mechanical', 'outstanding young', 'fiber placement', 'mcnair center', 'dr harik', 'engineering technology', 'wa chair', 'automated manufacturing engineering technology master science industrial mechanical engineering doctor philosophy mainly teach course computer aided design cad', 'emergent manufacturing', 'international journal', 'manufacturing computer', 'conference held', 'conference exhibition', 'faculty member', 'application international', 'nasa', 'department mechanical', 'center aerospace', 'funding boeing', 'featuring traditional', 'fokker aerostructures', 'young educator', 'master science', 'automated fiber', 'dr harik textbook manufacturing education featuring traditional emergent manufacturing topic', 'recipient outstanding', 'currently visiting', 'education featuring', 'chair ace', 'honor society', 'engineering master', 'dassault aviation', 'scientist nasa', 'usd funding', 'member department', 'fulbright scholar', 'aerospace conference', 'aided design', 'faculty member department mechanical engineering resident researcher mcnair center aerospace innovation currently visiting scientist nasa langley', 'teach course', 'manufacturing cam', 'tau sigma', 'manufacturing computer aided manufacturing cam dr harik associate editor computer aided design application international journal ha million usd funding boeing', 'symposium aerospace', 'aviation funded', 'several agency', 'aerospace innovation', 'philosophy mainly', 'conducting automated'}"
67,"Henrich, Silke","{'biomedical catawba', 'biomedical catawba stroom', 'catawba stroom'}"
68,"Heyden, Andreas","{'multiscale modeling', 'uncertainty quantification', 'biomass catalysis', 'computational catalysis', 'electrocatalysis'}"
69,"Hikmet, Neset","{'health information', 'health informatics', 'health information technology', 'information system', 'information technology'}"
70,"Hoque, Shamia","{'sustainable technology', 'healthy building', 'transportation environment', 'metamodel'}"
71,"Hu, Jianjun","{'deep learning', 'bioinformatics', 'evolutionary computation', 'machine learning', 'material informatics'}"
72,"Hu, Ming","{'thermal transport', 'novel energy', 'particular low', 'interfacial heat transfer advanced thermal management', 'interfacial heat', 'particular low dimensional material nanostructures', 'dr hu', 'modeling simulation', 'multiphysics modeling', 'transfer advanced', 'thermal management', 'dr hu modeling simulation micro nano scale thermal transport novel energy system', 'energy transport', 'transport novel', 'process full', 'complex energy', 'list publication', 'low dimensional', 'scale thermal', 'multi scale', 'heat transfer', 'transport process', 'micro nano', 'scale multiphysics', 'dimensional material', 'energy system', 'energy nanotechnology', 'nano scale', 'material nanostructures', 'modeling complex', 'full list', 'simulation micro', 'hu modeling', 'advanced thermal', 'multi scale multiphysics modeling complex energy transport process full list publication'}"
73,"Huang, Chin-Tser","{'protocol design', 'network protocol design verification', 'design verification', 'distributed system', 'network protocol', 'network security'}"
74,"Huang, Kevin ","{'gas membrane', 'fuel cell', 'battery', 'electrochemistry', 'modeling'}"
75,"Huang, Xinyu ","{'coating', 'durability', 'composite', 'fuel cell'}"
76,"Huhns, Michael N.","{'serviceoriented computing', 'ontology', 'distributed computing', 'multiagent system', 'computer vision'}"
77,"Humphries, Wilfred Kenneth","{'service engineering', 'deep shallow', 'effect blasting', 'employee location', 'earth pressure', 'geotechnical consultant', 'retaining wall', 'humphries service', 'award honor', 'ha received numerous award honor including order palmetto highest honor', 'engineering community', 'numerous award', 'wall present', 'practice soil', 'asce nspe', 'honor including', 'blasting structure', 'rank fellow asce nspe', 'service award', 'highest honor', 'humphries serf', 'including order', 'among others', 'order palmetto', 'shallow foundation', 'engineer year', 'flexible pavement', 'professional practice soil dynamic', 'teaching', 'retaining wall present', 'public service', 'dr humphries serf senior geotechnical consultant terracon consultant', 'government employee', 'city recognition', 'effect blasting structure', 'consultant terracon', 'recognition dr', 'employee year', 'serf senior', 'fellow asce', 'soil dynamic', 'rank fellow', 'area', 'national engineering', 'deep shallow foundation', 'government employee year', 'palmetto highest', 'engineering firm', 'firm approximately', 'public service award', 'employee location city recognition dr humphries service engineering community', 'soil stabilization', 'terracon consultant', 'inc', 'ha received', 'letalier cup', 'professional practice', 'location city', 'lateral earth', 'dr humphries', 'national engineering firm approximately', 'received numerous', 'lateral earth pressure', 'senior geotechnical'}"
78,"Huray, Paul G.","{'sc', 'main streetcolumbia', 'swearingenroom main', 'swearingenroom main streetcolumbia'}"
79,"Huynh, Nathan","{'freight', 'drayage', 'port operation', 'health care', 'logistics'}"
80,"Imran, Jasim","{'turbidity current', 'sediment transport', 'unsteady free', 'unsteady free surface flow', 'free surface', 'numerical experimental modeling', 'mass gravity', 'gravity flow', 'numerical experimental', 'mass gravity flow', 'surface flow', 'experimental modeling'}"
81,"Jabbari, Esmaiel","{'tissue engineering', 'biomaterials', 'protein delivery'}"
82,"Jabbarzadeh, Ehsan","{'development biomaterials', 'parallel effort', 'vascular tissue', 'nanotube array', 'sc overarching', 'theme robust', 'mathematical model', 'modeling environmental', 'microenvironments based', 'construct single', 'tissue engineering', 'event linked', 'effort construct', 'proliferation differentiation investigation lab revolve around cell sense distinctive type mechanical', 'inflammatory response', 'environmental effect', 'carbon nanotube', 'room main', 'characteristic natural', 'understanding modeling', 'property investigation', 'integrate generate', 'differentiation investigation', 'implanted biomaterials', 'signaling output', 'development engineering', 'response work', 'current pharmaceutical', 'blanchette', 'main street', 'engineering tissue', 'signaling event', 'biochemical morphological', 'cell migration', 'proliferation differentiation', 'single cell', 'generate appropriate', 'associated cell', 'model intercellular', 'cell based', 'laboratory actively', 'commitment addition', 'bone vascular', 'cell sense', 'cue integrate', 'complemented parallel', 'key characteristic', 'room main street columbia', 'linked signaling', 'press', 'effect stem', 'overarching theme', 'tissue understanding', 'sc overarching theme robust design engineering tissue understanding modeling environmental effect stem cell differentiation tissue remodeling development engineering microenvironments based carbon nanotube array finely controllable biophysical biochemical property investigation molecular mechanism associated cell migration', 'extracellular matrix', 'engineering yanez', 'intercellular signaling', 'based mathematical', 'tissue remodeling', 'natural compound', 'recapitulate key', 'output associated', 'laboratory actively pursuing development biomaterials recapitulate key characteristic natural extracellular matrix application bone vascular tissue engineering yanez', 'appropriate response', 'application bone', 'molecular mechanism', 'finely controllable', 'using natural', 'actively pursuing', 'mechanism associated', 'robust design', 'investigation molecular', 'differentiation tissue', 'biomaterials recapitulate', 'natural extracellular', 'pharmaceutical design', 'around cell', 'matrix application', 'response implanted', 'array finely', 'based carbon', 'revolve around', 'jabbarzadeh', 'modulation inflammatory response implanted biomaterials using natural compound', 'cell differentiation', 'biophysical biochemical', 'biomaterials using', 'work complemented', 'modulation inflammatory', 'remodeling development', 'morphological cue', 'street columbia', 'distinctive type', 'associated fate', 'lab revolve', 'biochemical morphological cue integrate generate appropriate response work complemented parallel effort construct single cell based mathematical model intercellular signaling event linked signaling output associated fate commitment addition', 'biochemical property', 'design engineering', 'controllable biophysical', 'current pharmaceutical design', 'fate commitment', 'investigation lab', 'stem cell', 'pursuing development', 'engineering microenvironments', 'sense distinctive', 'type mechanical'}"
83,"Jalilvand, Golareh","{'contribution field', 'circuit ic', 'uofsc received', 'oxide fuel', 'green paradigm', 'dr golareh jalilvand assistant professor chemical engineering department uofsc received sc', 'optimization via', 'electroplating technique', 'packaging micro', 'thin film', 'reliability lab', 'collaboration department', 'microstructure optimization', 'worked silicon glass via tsv tgv based integration', 'faculty course', 'tsv tgv', 'dr golareh', 'learning method', 'recognized several', 'reliability solder', 'dr jalilvand', 'nano electronics', 'machine learning', 'assistant professor', 'field thin', 'relationship interconnects', 'film integrated', 'property relationship', 'working microstructure', 'currently working microstructure optimization via unique electroplating technique enhance reliability ic interconnects', 'sc ph material science engineering prior joining uofsc faculty course ph', 'thermo mechanical reliability solder joint', 'fabrication reliability', 'microstructure property', 'new interconnect', 'thermo mechanical', 'novel material interconnection', 'engineering department', 'via tsv', 'heterogeneous integration', 'national international', 'micro nano', 'interconnect material', 'worked silicon', 'several national', 'cell energy', 'department uofsc', 'sc ph', 'based integration', 'novel material', 'jalilvand microstructure', 'unique electroplating', 'material science', 'international platform', 'currently working', 'developed collaboration', 'jalilvand assistant', 'heterogeneous integration packaging micro nano electronics dr jalilvand contribution field thin film integrated microelectronics ha recognized several national international platform prior microelectronics', 'silicon glass', 'focused thin', 'ic interconnects', 'assistant microelectronics', 'professor chemical', 'lab central', 'technique enhance', 'film solid', 'wa graduate assistant microelectronics fabrication reliability lab central florida', 'microelectronics ha', 'fuel cell', 'microelectronics fabrication', 'solder joint', 'material dr', 'mechanical reliability', 'engineering uofsc', 'uofsc faculty', 'tgv based', 'received sc', 'ic assisted', 'method developed', 'golareh jalilvand', 'conversion green', 'glass via', 'central florida', 'focused thin film solid oxide fuel cell energy conversion green paradigm', 'course ph', 'enhance reliability', 'energy conversion', 'electronics dr', 'jalilvand contribution', 'ph material', 'studied new', 'wa graduate', 'science engineering', 'interconnects integrated', 'prior microelectronics', 'chemical engineering', 'platform prior', 'material interconnection', 'department computer', 'integrated microelectronics', 'via unique', 'integrated circuit', 'studied new interconnect material dr jalilvand microstructure property relationship interconnects integrated circuit ic assisted machine learning method developed collaboration department computer science engineering uofsc', 'engineering prior', 'assisted machine', 'reliability ic', 'prior joining', 'solid oxide', 'integration packaging', 'joining uofsc', 'graduate assistant', 'computer science', 'ha recognized'}"
84,"Jamshidi, Pooyan ","{'artificial intelligence', 'adversarial machine learning', 'computer system', 'adversarial machine', 'machine learning system', 'autonomic computing', 'machine learning', 'learning system'}"
85,"Kanapala, Neema ","{'neema kanapala', 'teach various', 'neema kanapala teach various undergraduate course', 'kanapala teach', 'undergraduate course', 'various undergraduate'}"
86,"Karakalos, Stavros G.","{'sims situ', 'intermediate lower', 'heterogeneous catalytic', 'interaction catalyst', 'interaction catalyst reactant interaction lead new intermediate lower activation energy end', 'lower activation', 'importance group', 'photoelectron spectroscopy', 'system important', 'electronic change', 'catalyst surface', 'catalytic treatment', 'interaction lead', 'information derived', 'solid material', 'violet photoelectron', 'vacuum situ', 'programmed desorption', 'model catalyst', 'spectroscopy ups', 'goal catalyst', 'ray induced auger electron spectroscopy xaes', 'spectroscopy xaes', 'order draw', 'model system', 'mechanism various', 'understanding reaction', 'mass spectroscopy', 'catalytic process', 'catalyst increase', 'safe conclusion', 'energetic pathway', 'secondary ion mass spectroscopy sims situ catalytic treatment', 'high vacuum', 'synchrotron radiation', 'property outermost', 'atomic layer', 'ultra high', 'achieved creating', 'derived study', 'activation energy', 'reaction mechanism', 'temperature programmed', 'change reaction', 'ion mass', 'catalyst reactant', 'undergo structural', 'nap xps', 'situ study', 'ray induced', 'ray synchrotron', 'increase rate', 'important order', 'study model', 'various heterogeneous', 'temperature programmed desorption tpd', 'group use', 'energy end', 'electronic property', 'electron spectroscopy', 'ultra violet', 'efficient technique', 'spectroscopy xps', 'structural electronic', 'composition electronic', 'process fundamental', 'catalyst necessity', 'rate reaction', 'outermost atomic', 'tprs', 'ultra violet photoelectron spectroscopy ups', 'layer solid', 'fundamental importance', 'understanding reaction mechanism various heterogeneous catalytic process fundamental importance group main goal catalyst increase rate reaction achieved creating new energetic pathway reaction', 'new energetic', 'desorption tpd', 'situ catalytic', 'surface undergo', 'draw safe', 'secondary ion', 'srpes', 'reaction use', 'group main', 'main goal', 'composition electronic property outermost atomic layer solid material', 'use ray', 'new intermediate', 'conclusion important', 'technique ultra', 'necessity group', 'study catalyst', 'use efficient', 'creating new', 'reaction achieved', 'study model system important order draw safe conclusion important information derived study model catalyst surface undergo structural electronic change reaction use efficient technique ultra high vacuum situ study catalyst necessity group use ray synchrotron radiation photoelectron spectroscopy xps', 'lead new', 'spectroscopy sims', 'radiation photoelectron', 'important information', 'auger electron', 'pathway reaction', 'determine structure', 'reactant interaction', 'induced auger'}"
87,"Karakchi, Rasha","{'fpga overlay', 'heterogeneous computing', 'specialpurpose processor', 'data analytics'}"
88,"Khan, Asif","{'sc', 'main streetcolumbia', 'swearingenroom main', 'swearingenroom main streetcolumbia'}"
89,"Khan, Jamil   A.","{'temperature distribution machining', 'melting casting', 'micro channel', 'computational experimental fluid dynamic related contaminant transport room', 'channel heat', 'distribution machining', 'change solidification', 'transfer porous', 'phase change', 'cfd analysis', 'welding', 'analysis ic', 'thermodynamic analysis ic engine', 'heat transfer porous medium', 'combustion process', 'ic engine', 'khan modeling', 'thermodynamic analysis', 'computational experimental', 'process etc', 'fluid flow', 'dr khan modeling manufacturing process', 'solidification melting', 'contaminant transport', 'heat transfer', 'analysis combustion', 'manufacturing process', 'micro channel heat transfer', 'transport room', 'experimental fluid', 'cfd analysis combustion process etc', 'flow phase', 'related contaminant', 'heat transfer fluid flow phase change solidification melting casting', 'dr khan', 'fluid dynamic', 'porous medium', 'transfer fluid', 'modeling manufacturing', 'temperature distribution', 'dynamic related'}"
90,"Kidane, Addis ","{'dynamic behavior', 'dynamic behavior material', 'digital image', 'image correlation', 'digital image correlation', 'behavior material', 'multifunctional material'}"
91,"Knight, Travis W.","{'advanced nuclear', 'nuclear fuel', 'fuel material', 'alternative us', 'alternative us nuclear power including hydrogen', 'us nuclear', 'nuclear power', 'dr knight area advanced nuclear fuel material', 'area advanced', 'including hydrogen', 'power propulsion', 'space nuclear power propulsion', 'power including', 'knight area', 'space nuclear', 'dr knight', 'nuclear safeguard', 'fuel cycle', 'nuclear fuel cycle'}"
92,"Koppel, Tarmo","{'decision support', 'thing iot', 'assessment risk', 'internet thing iot', 'smart workplace', 'assistant chatbots', 'tarmo koppel', 'remote sensing', 'sensor network', 'ai application', 'virtual assistant', 'threat assessment', 'health safety monitoring', 'topic ai', 'koppel topic', 'tarmo koppel topic ai application business virtual assistant chatbots', 'productivity enhancement', 'health safety', 'internet thing', 'industry', 'application business', 'threat assessment risk management', 'safety monitoring', 'business virtual', 'risk management', 'smart manufacturing'}"
93,"Lauterbach, Jochen","{'conversion', 'heterogeneous catalysis', 'ammonia decomposition synthesis', 'decomposition synthesis', 'ammonia decomposition', 'machine learning', 'highthroughput screening'}"
94,"Lee, Dongkyu","{'nanostructured oxide', 'oxide electrocatalysis', 'energy application'}"
95,"Lessner , Susan M.","{'patient elevated', 'greenville hospital', 'factor plaque', 'identify patient', 'rupture leading', 'new blood', 'focus vascular', 'bldg room', 'loading environment', 'intraplaque angiogenesis', 'biomechanics atherosclerosis', 'endarterectomy specimen', 'faculty mechanical', 'blood vessel', 'elevated risk', 'emphasis mechanical failure plaque rupture intraplaque angiogenesis atherosclerotic plaque rupture leading cause acute cardiovascular event heart attack stroke evidence suggests plaque rupture result adverse interaction biomechanical biological factor focus understanding interplay type factor', 'reduce incidence', 'vascular biology', 'particularly interested', 'rupture arterial', 'mechanical engineering', 'model human', 'experimental computational', 'method identify', 'tissue failure', 'sc lessner', 'mechanical failure', 'order develop method reduce incidence plaque rupture biological side', 'angiogenesis atherosclerotic', 'approach understand', 'specimen examine', 'road columbia', 'together vascular surgeon greenville hospital', 'risk acute', 'material failure', 'garner ferry', 'leading cause', 'micromechanics arterial', 'interaction biomechanical', 'examine relationship', 'biomechanical biological', 'play major', 'study micromechanics', 'arterial dissection', 'school medicine bldg room garner ferry road columbia', 'expression biomechanics', 'mouse model', 'develop method', 'vessel growth', 'palmetto health', 'vascular surgeon', 'type factor', 'lessner work', 'syndrome material', 'particularly interested intraplaque angiogenesis', 'new blood vessel growth', 'use transgenic', 'matrix organization', 'biomechanics front', 'interplay type', 'event heart', 'aim develop', 'focus understanding', 'mechano sensitive', 'engineering uofsc', 'rupture biological', 'incidence plaque', 'transgenic mouse', 'medicine bldg', 'rupture result', 'together vascular', 'interested intraplaque', 'plaque rupture', 'method reduce', 'heart attack', 'cardiovascular syndrome', 'gene expression', 'destabilizing factor plaque progression use transgenic mouse model human endarterectomy specimen examine relationship mechanical loading environment', 'failure plaque', 'suggests plaque', 'understanding interplay', 'work focus', 'musc', 'room garner', 'sensitive gene', 'rupture intraplaque', 'aim develop method identify patient elevated risk acute cardiovascular syndrome material failure play major role use experimental computational approach understand artery wall failure mechanism collaborate faculty mechanical engineering uofsc', 'emphasis mechanical', 'evidence suggests', 'order develop', 'biological factor', 'failure mechanism', 'plaque progression', 'ferry road', 'school medicine', 'attack stroke', 'cardiovascular event', 'artery wall', 'cause acute', 'sc lessner work focus vascular biology biomechanics atherosclerosis', 'atherosclerotic plaque', 'stroke evidence', 'relationship mechanical', 'biology biomechanics', 'understand artery', 'mechanical loading', 'progression use', 'collaborate faculty', 'factor focus', 'arterial tissue', 'major role', 'use experimental', 'mechano sensitive gene expression biomechanics front', 'role use', 'result adverse', 'biological side', 'human endarterectomy', 'surgeon greenville', 'mechanism collaborate', 'failure play', 'wall failure', 'acute cardiovascular', 'adverse interaction', 'destabilizing factor', 'computational approach', 'study micromechanics arterial tissue failure plaque rupture arterial dissection'}"
96,"Lewis, Jeremy ","{'lewis teach', 'jeremy lewis', 'teach various', 'undergraduate course', 'jeremy lewis teach various undergraduate course', 'various undergraduate'}"
97,"Li, Chen ","{'phase transport', 'dr li micro nano scale two phase heat flow physic', 'developing verifying', 'prediction', 'heat flow', 'basic developing', 'theory towards', 'transport behavior', 'scale two', 'behavior application', 'modeling aim', 'control modeling', 'application theory', 'flow physic', 'towards controlling', 'micro nano', 'verifying theory', 'flow micro', 'two phase', 'li micro', 'control modeling aim basic developing verifying theory two phase transport behavior application theory towards controlling two phase heat flow micro nano scale', 'nano scale', 'dr li', 'theory two', 'phase heat', 'controlling two', 'aim basic'}"
98,"Liu, Chang","{'validate assay', 'lipid bilayers', 'technology rapid', 'microfluidics based', 'transmission project', 'ha focused', 'assay performance', 'generic biosensing', 'biosensing platform', 'study biomolecule', 'diagnosis treatment', 'development drug', 'excellent candidate', 'novel proteomics', 'study inform', 'protein', 'developing nanostructure', 'circulating biomarkers', 'kinetics biomolecules', 'focused isolation', 'rapid diagnosis', 'cancer patient', 'based tool', 'resistance study', 'setting nanopores', 'enable early', 'diagnostics resource', 'phenotypic state', 'g tuberculosis', 'dimensional fluidity', 'based technology', 'project develop', 'detection active', 'nanopore technology', 'treatment regimen', 'biomarkers biosensors', 'lipid protein', 'similar two', 'state cell', 'biomarkers inside', 'monitoring low', 'risk assessment', 'protein peptide', 'clinical translation', 'component cell', 'contain molecular', 'diagnostic prognostic', 'enable personalized', 'nanostructures indicate', 'quantitation single', 'prognostic biomarkers', 'show increased', 'ultrasensitive quantitation', 'engineered contain', 'goal project', 'project point', 'point care', 'lipid bilayer', 'reflect phenotypic', 'plasmon resonance', 'single protein', 'abundantly secrete', 'maternal fetal', 'mimic bacteria', 'future clinical', 'drug resistance', 'level similar', 'molecular component', 'potential application', 'clinician validate', 'nanopores capable', 'signal nanostructures', 'thus permit', 'tool fundamental', 'assay using', 'develop portable', 'project translational', 'biochemical study', 'disease g', 'work ha', 'low abundance', 'biomarkers work', 'active tuberculosis', 'possess similar', 'readily engineered contain specific lipid protein lspr signal nanostructures indicate binding kinetics biomolecules lipid bilayers', 'candidate diagnostic', 'composed lipid', 'patient project', 'monitoring infectious', 'high burden', 'genomics biomarkers', 'translational biomarkers', 'increased ev', 'nanostructures covered', 'rna dna fragment reflect phenotypic state cell origin biomolecules excellent candidate diagnostic prognostic biomarkers work ha focused isolation circulating ev using nanomaterials microfluidics based technology', 'application drug', 'readily engineered', 'working clinician validate assay performance detection active tuberculosis risk assessment hiv maternal fetal transmission project translational biomarkers biosensors enable personalized medicine cell type abundantly secrete extracellular vesicle ev', 'bacteria cell', 'including tumor', 'project point care diagnostics resource limited setting nanopores capable ultrasensitive quantitation single protein peptide', 'hiv resource limited high burden area future clinical translation', 'portable vitro', 'rna dna', 'similar cell', 'detection personalized', 'biomarkers goal', 'secrete extracellular', 'cell type', 'inside enable', 'bilayers mimic', 'fetal transmission', 'ev using', 'biomolecule interaction', 'vitro diagnostics', 'permit monitoring', 'drug development', 'inform medical', 'hiv resource', 'tuberculosis risk', 'biomolecules excellent', 'cell usually', 'circulating ev', 'indicate binding', 'origin biomolecules', 'including tumor cell usually show increased ev secretion level similar cell', 'care diagnostics', 'diagnostics assay', 'performance detection', 'lipid', 'extracellular vesicle', 'proteomics genomics', 'identification novel proteomics genomics biomarkers inside enable early detection personalized treatment regimen cancer patient project nanostructure based tool fundamental biochemical study generic biosensing platform fundamental biochemical study inform medical pharmaceutical developing nanostructure based localized surface plasmon resonance lspr biosensors study biomolecule interaction nanostructures covered lipid bilayers mimic bacteria cell membrane', 'using nanomaterials', 'cell origin', 'biosensors enable', 'burden area', 'binding kinetics', 'abundance circulating', 'usually show', 'protein lspr', 'tumor cell', 'medicine cell', 'covered lipid', 'infectious disease', 'fundamental biochemical', 'contain specific', 'bilayer contain', 'lspr biosensors', 'ev secretion', 'limited setting', 'based localized', 'pharmaceutical developing', 'cell membrane', 'personalized medicine', 'limited high', 'potential application drug development drug resistance study', 'working clinician', 'interaction nanostructures', 'two dimensional', 'using nanopore', 'assessment hiv', 'resonance lspr', 'secretion level', 'fragment reflect', 'personalized treatment', 'project nanostructure', 'area future', 'platform fundamental', 'type abundantly', 'ev composed', 'thus permit monitoring low abundance circulating biomarkers goal project develop portable vitro diagnostics assay using nanopore technology rapid diagnosis treatment monitoring infectious disease g tuberculosis', 'nanostructure based', 'medical pharmaceutical', 'ev composed lipid bilayer contain molecular component cell', 'localized surface', 'nanomaterials microfluidics', 'dna fragment', 'early detection', 'biosensors study', 'biomolecules lipid', 'treatment monitoring', 'capable ultrasensitive', 'resource limited', 'possess similar two dimensional fluidity', 'identification novel', 'surface plasmon', 'study generic', 'isolation circulating', 'regimen cancer', 'lspr signal', 'vesicle ev', 'specific lipid', 'hiv maternal'}"
99,"Loiselle, Val","{'management disposal', 'professor loiselle nuclear engineering', 'loiselle nuclear', 'metal recycle', 'emphasis waste', 'epa pond', 'pond closure', 'closure metal', 'nuclear engineering', 'waste management', 'emphasis waste management disposal epa pond closure metal recycle manufacturing', 'disposal epa', 'recycle manufacturing', 'environmental remediation', 'professor loiselle'}"
100,"Luo, Lannan ","{'deep learning', 'sofware system security', 'programming language', 'system security', 'sofware system', 'software engineering', 'mobile security'}"
101,"Lyons, Jed ","{'engineer state', 'outstanding faculty', 'committee member', 'helped create wide center teaching excellence', 'educational foundation', 'lyon directs', 'division chair', 'served mechanical', 'professor department', 'material jed', 'mungo undergraduate', 'ha served chair executive committee member division lyon ha also served mechanical engineering division asee executive committee member', 'ha also', 'funded implementation', 'first faculty', 'distinguished professor', 'project ha', 'advanced full professor served mechanical engineering undergraduate director', 'lyon work engineering educator ha recognized georgia tech outstanding young alumnus award uofsc award michael mungo undergraduate teaching award', 'recognized georgia', 'retention', 'graduation activity provides college oversight academic program level', 'member engineering', 'litman distinguished professor award', 'educational foundation award outstanding faculty service lyon registered professional engineer state', 'jed lyon', 'mechanical engineering', 'wa founding', 'asee executive', 'area mechanical', 'mentored assistant', 'engineering georgia', 'oversight academic', 'assistant professor', 'wide center', 'senior associate dean academic affair', 'teaching award', 'resource assessment', 'award uofsc', 'academic resource', 'american society', 'provides college', 'part college communication marketing team includes engineering education engineering material jed lyon received phd mechanical engineering georgia institute technology', 'engineering division', 'teaching fellow teacher researcher addition asee fellow status', 'undergraduate teaching', 'division chair lyon scholarship area mechanical engineering engineering education includes funded implementation project ha mentored assistant', 'education engineering', 'georgia institute', 'professor served', 'service lyon', 'part college', 'dean lyon', 'asee fellow', 'professor award', 'division lyon', 'implementation project', 'teaching fellow', 'alumnus award', 'bedenbach distinguished service award', 'academic program', 'college oversight', 'received phd', 'undergraduate director', 'researcher addition', 'faculty service', 'helped create', 'engineering material', 'institute technology', 'teaching assistant', 'program chair', 'registered professional', 'directs outreach activity', 'faculty director', 'engineering computing', 'tech outstanding', 'create wide', 'lyon work', 'associate dean', 'founding member', 'outstanding young', 'ha mentored', 'computing promoted', 'graduation activity', 'manages academic', 'lyon ha', 'foundation award', 'service award', 'lyon wa', 'director lyon', 'promoted senior', 'also served', 'college communication', 'appointed associate', 'uofsc award', 'chair executive', 'engineering undergraduate', 'directs undergraduate', 'secretary', 'educator ha', 'served first faculty director lyon wa appointed associate dean academic affair college engineering computing promoted senior associate dean lyon wa elected fellow american society engineering education asee wa founding member engineering division asee', 'department mechanical', 'professional engineer', 'lyon scholarship', 'georgia tech', 'teaching excellence', 'scholarship area', 'center teaching', 'dr lyon directs undergraduate recruitment', 'phd mechanical', 'award outstanding', 'academic affair', 'young alumnus', 'elected fellow', 'engineering engineering', 'senior associate', 'fellow teacher', 'member division', 'full professor', 'fellow american', 'addition asee', 'team includes', 'dean academic', 'marketing team', 'distinguished service', 'assessment service', 'executive committee', 'outreach activity', 'college engineering', 'wa appointed', 'joined assistant professor department mechanical engineering', 'asee wa', 'includes funded', 'award michael', 'affair college', 'michael mungo', 'education includes', 'program level', 'chair lyon', 'served first', 'undergraduate recruitment', 'directs outreach', 'lyon received', 'advanced full', 'engineering educator', 'education asee', 'ha served', 'work engineering', 'division asee', 'litman distinguished', 'society engineering', 'served chair', 'teacher researcher', 'manages academic resource assessment service', 'joined assistant', 'wa elected', 'engineering education', 'fellow status', 'activity provides', 'dr lyon', 'bedenbach distinguished', 'lyon registered', 'includes engineering', 'ha recognized', 'communication marketing'}"
102,"Mandal, Krishna","{'sc', 'main streetcolumbia', 'swearingenroom main', 'swearingenroom main streetcolumbia'}"
103,"Matolak, David","{'sc', 'main streetcolumbia', 'swearingenroom main', 'swearingenroom main streetcolumbia'}"
104,"Matta, Fabio","{'structure hazard', 'standard technology', 'quality dwelling', 'constructed facility', 'multi functional', 'facility corrosion', 'matta team', 'national institute', 'ranging affordable high quality earth masonry advanced cement polymer matrix composite', 'structural performance', 'masonry advanced', 'emphasis extreme', 'quality earth', 'matrix composite', 'strengthening repair', 'high quality', 'concrete structure', 'dr matta team conduct experimental theoretical construction material structural performance', 'assessment constructed', 'advanced cement', 'reinforcement cement', 'concrete load', 'load testing', 'science foundation', 'national science', 'team conduct', 'structure multi', 'cement composite', 'multi scale', 'area affordable', 'hazard mitigation', 'corrosion steel', 'national institute standard technology', 'cement polymer', 'earth masonry', 'structure sponsor', 'affordable high', 'mitigation strengthening', 'polymer matrix', 'steel concrete', 'composite concrete', 'construction material', 'monitoring assessment', 'dwelling structure', 'extreme stressor', 'institute standard', 'conduct experimental', 'material structural', 'industry', 'emphasis extreme stressor area affordable high quality dwelling structure hazard mitigation strengthening repair civil structure multi scale multi functional reinforcement cement composite concrete load testing', 'ranging affordable', 'stressor area', 'civil structure', 'functional reinforcement', 'dr matta', 'repair civil', 'scale multi', 'experimental theoretical', 'theoretical construction', 'department energy', 'monitoring assessment constructed facility corrosion steel concrete structure sponsor national science foundation', 'sponsor national'}"
105,"Matthews, Catherine","{'instructor csce class', 'instructor csce', 'csce class'}"
106,"Matthews, Manton M","{'natural language processing', 'natural language', 'security', 'graph theory', 'language processing'}"
107,"Matthews, Michael A.","{'improvement ac', 'carbonix llc', 'hazard dr', 'reaction water', 'mike matthew', 'texas joined', 'chair industrial', 'improved understanding', 'society american', 'application supercritical', 'matthew founded', 'ha focused', 'storage medium', 'focused development', 'aid three', 'doe ha', 'underway group', 'application funding', 'state reaction', 'project related', 'broad field', 'currently serf', 'synthetic natural', 'serf committee', 'borohydride addition', 'chemical hydride', 'science aimed', 'utilization reaction', 'institute chemical', 'ha raised', 'hydrogen storage', 'grant niehs', 'first deal', 'matthew obtained', 'major thrust', 'field thermodynamics', 'application pem fuel cell funding nsf doe ha led expanded understanding role deliquescence reaction water vapor sodium borohydride addition', 'sterilization disinfection', 'biomedical imaging', 'reaction product', 'led expanded', 'sodium borohydride', 'national institute', 'chemistry ha', 'professor mike matthew obtained ph texas joined teach conduct broad field thermodynamics', 'founded carbonix', 'hydration state', 'dioxide biomedical', 'funding national', 'nsf doe', 'raised funding', 'division american', 'indoor allergenic', 'approximately journal', 'cell funding', 'chair industrial engineering chemistry division american chemical society ac currently serf committee environmental improvement ac fellow american chemical society american institute chemical engineer two major thrust underway group first deal application supercritical carbon dioxide biomedical application funding national institute biomedical imaging bioengineering ha focused development novel technology sterilization disinfection synthetic natural biomaterials funding national institute environmental health science aimed abatement indoor allergenic protein respiratory hazard dr matthew founded carbonix llc aid three sbir grant niehs second thrust utilization chemical hydride hydrogen storage medium', 'conduct broad', 'chemistry division', 'bioengineering ha', 'allergenic protein', 'institute biomedical', 'vapor sodium', 'environmental health', 'hydride hydrogen', 'deliquescence reaction', 'industrial engineering', 'understanding role', 'american institute', 'improved understanding hydration state reaction product important decreasing total water utilization reaction', 'engineer two', 'understanding hydration', 'application pem', 'disinfection synthetic', 'three sbir', 'thrust utilization', 'niehs second', 'chemical society', 'associate dean', 'health science', 'project related hydrogen storage chemical hydride', 'ac fellow', 'utilization chemical', 'environmental improvement', 'green chemistry ha raised funding ha published approximately journal paper ha served department chair', 'american chemical', 'fuel cell', 'protein respiratory', 'funding ha', 'llc aid', 'expanded understanding', 'funding nsf', 'paper ha', 'teach conduct', 'dr matthew', 'thrust underway', 'pem fuel', 'water vapor', 'decreasing total', 'society ac', 'joined teach', 'biomedical engineering', 'group first', 'abatement indoor', 'journal paper', 'ha led', 'second thrust', 'carbon dioxide', 'two major', 'served department', 'important decreasing', 'respiratory hazard', 'deal application', 'fellow american', 'chemical engineer', 'biomaterials funding', 'technology sterilization', 'related hydrogen', 'department chair', 'published approximately', 'total water', 'professor mike', 'ph texas', 'imaging bioengineering', 'aimed abatement', 'product important', 'development novel', 'supercritical carbon', 'ac currently', 'biomedical application', 'obtained ph', 'role deliquescence', 'novel technology', 'natural biomaterials', 'ha served', 'institute environmental', 'water utilization', 'sbir grant', 'engineering chemistry', 'green chemistry', 'storage chemical', 'committee environmental', 'ha published'}"
108,"McAnally, A. Steve","{'wastewater treatment', 'heavy metal', 'constructed wetland application industrial municipal wastewater treatment education reform civil environmental engineering', 'cost portable', 'focus water', 'dr mcanally focus water wastewater treatment', 'portable water', 'recent project', 'corrosion control', 'treatment education', 'reform civil', 'environmental engineering', 'dr mcanally', 'industrial municipal', 'civil environmental', 'water production', 'unit area', 'education reform', 'mcanally focus', 'application developing', 'metal removal', 'water wastewater', 'application industrial', 'removal corrosion', 'industrial waste minimization', 'particularly appropriate technology application developing community recent project optimization study potable water production using low cost portable water treatment unit area water treatment heavy metal removal corrosion control', 'technology application', 'optimization study', 'treatment heavy', 'production using', 'study potable', 'water treatment', 'treatment unit', 'constructed wetland', 'municipal wastewater', 'potable water', 'project optimization', 'using low', 'developing community', 'industrial waste', 'appropriate technology', 'area water', 'waste minimization', 'particularly appropriate', 'wetland application', 'low cost', 'community recent'}"
109,"McCants, Dale ","{'nanofluids heat', 'fluid dynamic', 'electronics thermal', 'computational fluid', 'dynamic heat', 'dr mccants nanofluids heat transfer mechanic', 'heat transfer', 'experimental computational', 'dr mccants', 'transfer mechanic', 'thermal management', 'mccants nanofluids', 'electronics thermal management', 'experimental computational fluid dynamic heat transfer'}"
110,"McNeill, Stephen ","{'experimental mechanic reverse engineering', 'mechanic reverse', 'mcneill computer', 'dr mcneill', 'microprocessor', 'digital image', 'image correlation', 'reverse engineering', 'dr mcneill computer vision', 'digital image correlation', 'computer vision', 'experimental mechanic'}"
111,"Meekins, Benjamin H.","{'hydrogen generation', 'photoelectrochemistry', 'solar energy', 'state electrochemistry', 'electrochemistry', 'solid state electrochemistry', 'solid state'}"
112,"Mobli, Mostafa","{'analyze wide', 'discharge simulation', 'transfer application', 'analysis glow', 'transfer focused', 'involving reactive', 'solution problem', 'numerical solution', 'method simulate', 'simulate phase', 'phase change', 'discharge show', 'temperature analysis', 'scale used', 'focused developing', 'previously developed', 'developed method', 'used various', 'problem involving', 'cooling industry', 'application specially', 'specially focused', 'numerical method', 'flow heat', 'reactive flow', 'method applying', 'fluid flow', 'interested numerical', 'applying previously', 'heat transfer', 'micro nano', 'developing new', 'interested numerical solution problem involving reactive flow heat transfer focused developing new numerical method applying previously developed method analyze wide range fluid flow heat transfer application specially focused continuous method simulate phase change micro nano scale used various cooling industry', 'method analyze', 'glow discharge', 'range fluid', 'wide range', 'focused continuous', 'continuous method', 'thermal analysis glow discharge show importance accurate temperature analysis glow discharge simulation', 'nano scale', 'various cooling', 'show importance', 'importance accurate', 'accurate temperature', 'thermal analysis', 'change micro', 'new numerical'}"
113,"Monnier, John R.","{'great opportunity', 'salt addition', 'reducing agent', 'two high', 'surface site', 'sc', 'catalyst support', 'wisconsin milwaukee', 'whereby controlled', 'chemical reaction', 'ed industrially', 'ensure formation', 'particle metal', 'onto catalyst', 'reaction used', 'transformation hydrocarbon', 'catalytic site', 'deposition secondary', 'metal solution', 'single pas', 'several industrial company', 'industrial company', 'heterogeneous catalysis', 'characterization evaluation', 'metal support', 'project currently', 'ed industrially relevant process applied wide range metal prepared large number bimetallic catalyst using electroless deposition supported carbon', 'funded nsf', 'impossible ensure', 'pressure batch', 'pt rh tested electrocatalysts pem fuel cell', 'silica supported composition ag pt', 'reaction pathway', 'centerroom main', 'catalyst afford', 'introducing bifunctionality active surface placing different catalytic metal contiguous proximity bimetallic catalyst synthesis often carried either simultaneous co impregnation metal salt onto catalyst support successive step metal salt addition either preparative method', 'metallic surface', 'pt pd', 'functional olefin', 'preparative method', 'isolated crystallite', 'synthesis novel', 'ag pt', 'used deposit', 'bimetallic particle', 'catalytic system', 'relevant process', 'formation isolated', 'supported carbon', 'catalytic metal', 'wide range', 'using electroless', 'metal salt', 'focus heterogeneous', 'catalyst surface', 'metal contiguous', 'reaction selective', 'higher value', 'difficult correlate', 'pt rh', 'doe', 'nature activated', 'site ha', 'active surface', 'impregnation metal', 'reactor project', 'hydrogenation multi', 'bifunctionality active', 'plug flow', 'pt co', 'correlate catalyst', 'chemical higher', 'metal prepared', 'activated reducing', 'ensemble catalytic', 'placing different', 'process may', 'metal onto', 'reaction conducted', 'surface ensemble', 'rational catalyst', 'controlled chemical', 'metal catalyst', 'engineering centerroom main streetcolumbia', 'either simultaneous', 'range metal', 'selective epoxidation', 'different catalytic', 'reactor six', 'ranging rational catalyst design synthesis characterization evaluation current design synthesis novel bimetallic catalyst selective transformation hydrocarbon higher value chemical higher output pem fuel cell bimetallic catalyst afford great opportunity changing performance', 'current design', 'selective oxidation biomass molecule glycerol', 'depending nature activated metal site reducing agent principle', 'virtually impossible', 'formation separate', 'industrially relevant', 'surface formation', 'group focus', 'catalyst composition', 'tested electrocatalysts', 'successive step', 'conducted either', 'catalyst design', 'novel bimetallic', 'agent process', 'higher output', 'formation bimetallic', 'hydrocarbon higher', 'deposition ed', 'electrocatalysts pem', 'currently funded', 'metallic particle', 'activated metal', 'selective hydrogenation', 'output pem', 'proximity bimetallic', 'characterize catalytic', 'catalyst synthesis', 'process applied', 'pre existing', 'onto pre', 'pas plug', 'olefin reaction', 'selective oxidation', 'multi functional', 'doe occur', 'deposit metal', 'selective hydrogenation multi functional olefin reaction conducted either automated', 'pd evaluated', 'catalytic deposition', 'biomass molecule', 'six two', 'high pressure', 'catalyst selective', 'selected reaction', 'group focus heterogeneous catalysis', 'addition either', 'deposition metal', 'whereby controlled chemical reaction used deposit metal salt onto catalytic metal site ha activated reducing agent process may either catalytic deposition metal salt metal solution onto pre existing metal metal support autocatalytic deposition metal salt metal onto reduced', 'selective deposition', 'either changing catalyst surface ensemble catalytic site permit selected reaction pathway', 'fuel cell', 'au pd', 'either changing', 'composition ag', 'large number', 'separate metallic', 'single pas plug flow reactor six two high pressure batch stirred tank reactor project currently funded nsf', 'value chemical', 'electronic property', 'synthesis often', 'electroless deposition', 'synthesis characterization', 'ha activated', 'onto metallic', 'formation separate metallic particle metal doe occur thus', 'surface placing', 'pem fuel', 'composition laboratory', 'metal site', 'prepared large', 'us electroless', 'ed result', 'site permit', 'stirred tank', 'salt onto', 'introducing bifunctionality', 'either preparative', 'tank reactor', 'even difficult correlate catalyst performance bimetallic catalyst composition laboratory us electroless deposition ed', 'number bimetallic', 'difficult characterize catalytic system', 'catalytic surface', 'onto catalytic', 'secondary metal', 'particle rather', 'oxidation biomass', 'crystallite secondary', 'afford great', 'opportunity changing', 'cu pd evaluated traditional catalytic reaction selective epoxidation olefin', 'cell bimetallic', 'supported composition', 'support perhaps', 'cu pd', 'carried either', 'virtually impossible ensure formation bimetallic particle rather', 'result selective', 'evaluated traditional', 'catalytic reaction', 'evaluation current', 'changing performance', 'main streetcolumbia', 'silica supported', 'molecule glycerol', 'support successive', 'traditional catalytic', 'epoxidation olefin', 'changing catalyst', 'engineering centerroom', 'salt metal', 'perhaps importantly', 'contiguous proximity', 'applied wide', 'metal doe', 'modifying electronic', 'existing metal', 'difficult characterize', 'onto reduced', 'catalyst performance', 'deposition supported', 'batch stirred', 'deposited metal metal', 'property catalytic', 'simultaneous co', 'rh tested', 'occur thus', 'flow reactor', 'selective transformation', 'often carried', 'agent principle', 'ed result selective deposition secondary metal onto metallic surface formation isolated crystallite secondary metal catalyst support perhaps importantly', 'step metal', 'ranging rational', 'catalyst using', 'metal metal', 'autocatalytic deposition', 'permit selected', 'deposited metal', 'several industrial', 'depending nature', 'support autocatalytic', 'modifying electronic property catalytic surface site', 'even difficult', 'bimetallic catalyst', 'may either', 'st ambrose', 'co impregnation', 'either automated', 'either catalytic', 'site reducing', 'performance bimetallic', 'solution onto', 'laboratory us', 'design synthesis'}"
114,"Morehouse, Jeff ","{'ground coupled', 'dr morehouse', 'investigated broad', 'control project', 'student investigated', 'cell power', 'storage system', 'phase change', 'ha long', 'hvac control', 'fuel cell', 'application humid', 'humid climate', 'broad range', 'heat pump', 'evaporative system', 'pump phase', 'dr morehouse student investigated broad range thermodynamic heat engine application', 'coupled heat', 'change storage', 'thermodynamic heat', 'conventional hvac', 'project evaporative', 'ranging space based fuel cell power system ground coupled heat pump phase change storage system dr morehouse ha long associated solar energy system design analysis currently involved conventional hvac control project evaporative system application humid climate', 'based fuel', 'system dr', 'power system', 'range thermodynamic', 'morehouse student', 'long associated', 'energy system', 'design analysis', 'heat engine', 'currently involved', 'system ground', 'involved conventional', 'analysis currently', 'system application', 'morehouse ha', 'system design', 'ranging space', 'solar energy', 'space based', 'engine application', 'associated solar'}"
115,"Moss, Melissa Ann","{'approach alzheimer', 'microscopy furthermore', 'stimulation neuronal', 'myriad biophysical', 'seek determine', 'disease focus', 'dynamic light', 'effect assist', 'static dynamic light scattering', 'kb activation', 'western blotting', 'process identify', 'correlating change', 'cellular effect', 'inflammatory response', 'associated neuronal', 'aggregation cellular', 'product affect', 'change ab', 'inhibition aggregation', 'technique including', 'focus understand', 'interested ab stimulation neuronal apoptosis endothelial inflammatory response', 'biophysical technique', 'effective therapeutic', 'electron microscopy', 'atomic force microscopy furthermore', 'apoptosis endothelial', 'fluorescence spectroscopy', 'focus involvement', 'plaque composed', 'emerged one', 'brain associated', 'ha emerged', 'interested ab', 'cerebrovasculature may', 'neuronal loss', 'design effective', 'senile plaque', 'assist effort', 'protein aggregation', 'nf kb', 'inhibitor attenuate', 'agent alzheimer', 'perpetuate stoke', 'involvement protein', 'determine various', 'aggregation ha', 'understand aggregation', 'hallmark alzheimer', 'static dynamic', 'deposit yield', 'composed primarily', 'neuronal apoptosis', 'sc moss focus involvement protein aggregation alzheimer disease one hallmark alzheimer disease senile plaque accumulate brain associated neuronal loss cerebrovasculature may perpetuate stoke plaque composed primarily amyloid protein aggregate fibril deposit yield plaque consequently', 'atomic force', 'disease therapy', 'moss focus', 'including chromatography', 'inhibition aggregation ha emerged one therapeutic approach alzheimer disease focus understand aggregation process identify characterize inhibitor attenuate aggregation utilize myriad biophysical technique including chromatography', 'attenuate aggregation', 'identify characterize', 'including nf kb activation correlating change ab aggregation cellular effect assist effort design effective therapeutic agent alzheimer disease therapy', 'cell particular', 'vascular cell', 'ab aggregation', 'main streetroom', 'primarily amyloid', 'including nf', 'one therapeutic', 'force microscopy', 'amyloid protein', 'protein aggregate', 'affect neuronal', 'loss cerebrovasculature', 'effort design', 'stoke plaque', 'sc moss', 'aggregation utilize', 'aggregate fibril', 'ab stimulation', 'therapeutic approach', 'disease one', 'endothelial inflammatory', 'fibril deposit', 'therapeutic agent', 'one hallmark', 'disease senile', 'dot blotting', 'plaque consequently', 'accumulate brain', 'plaque accumulate', 'neuronal vascular', 'various aggregation', 'activation correlating', 'seek determine various aggregation product affect neuronal vascular cell particular', 'utilize myriad', 'alzheimer disease', 'may perpetuate', 'characterize inhibitor', 'aggregation alzheimer', 'aggregation process', 'yield plaque', 'light scattering', 'aggregation product'}"
116,"Mullen, Robert L","{'st columbia', 'sc tr pm pm', 'room main', 'room main st columbia', 'tr pm', 'pm pm', 'sc tr', 'main st'}"
117,"Mustain, William E","{'synthesis', 'electrochemical engineering', 'battery', 'electrocatalysis'}"
118,"Nelakuditi, Srihari","{'wireless networking', 'mobile computing', 'computer networking'}"
119,"Nezhad, Cyrus Riahi","{'numerical analysis', 'sc', 'gas engine driven air conditioning gedac heating cooling', 'tower optimal', 'water gas', 'high liquid', 'innovative combination', 'conditioning gedac', 'experimental numerical', 'heterogeneous catalysis', 'drop electro coalescence application biofuel production', 'electro mixing', 'air conditioning', 'utilizing experimental', 'mechanic utilizing', 'exhaust emission', 'heterogeneous catalyst', 'liquid flow', 'biofuel production', 'application nano', 'waste treatment', 'main street', 'using water', 'flow breached', 'application flow', 'catalysis separation', 'drop electro', 'gedac heating', 'emission control', 'catalyst hydrogen', 'street room', 'analysis application', 'automotive exhaust', 'main street room', 'waste water', 'compound application', 'application biofuel', 'enhanced electric', 'high liquid flow packed tower optimal gas liquid phase interaction', 'application nano catalyst hydrogen production using water gas shift reaction', 'hydraulic fluid mechanic utilizing experimental numerical analysis application flow breached levee levee closure', 'based innovative', 'coalescence application', 'riahi nezhad broad area specialization based innovative combination fluid mechanic', 'optimal gas', 'levee closure', 'shift reaction', 'engine driven', 'synthesis characterization', 'heating cooling', 'phase interaction', 'oxidative destruction', 'electric field', 'production using', 'including electro', 'riahi nezhad', 'breached levee', 'broad area', 'characterization mesoporous', 'hydraulic fluid', 'separation enhanced', 'nezhad broad', 'packed tower', 'mesoporous heterogeneous', 'fluid mechanic', 'gas shift', 'gas liquid', 'radioactive waste treatment', 'hydrogen production', 'gas engine', 'driven air', 'flow packed', 'volatile organic', 'nano catalyst', 'specialization based', 'destruction volatile', 'water treatment', 'combination fluid', 'electro coalescence', 'application automotive', 'radioactive waste', 'tannery waste water treatment', 'organic compound', 'area specialization', 'heterogeneous catalysis separation enhanced electric field including electro mixing', 'synthesis characterization mesoporous heterogeneous catalyst oxidative destruction volatile organic compound application automotive exhaust emission control', 'tannery waste', 'liquid phase', 'catalyst oxidative', 'separation science', 'levee levee', 'field including'}"
120,"O'Kane, Jason",{'robotics'}
121,"O'Reilly, James","{'teach various', 'reilly teach', 'james reilly', 'undergraduate course', 'james reilly teach various undergraduate course', 'various undergraduate'}"
122,"Ortiz-Hernandez, Ivelisse","{'ortiz hernandez background involves study heterogeneous catalytic system reaction condition involves development characterization new catalytic material application environmental alternate energy system also interested use analytical instrumentation technique characterization material study chemical reaction experience involves teaching developing new curriculum area chemical engineering chemical technology', 'hernandez background', 'new curriculum', 'chemical technology', 'catalytic material', 'chemical reaction', 'engineering chemical', 'reaction condition', 'condition involves', 'heterogeneous catalytic', 'alternate energy', 'analytical instrumentation', 'involves study', 'ortiz hernandez', 'environmental alternate', 'technique characterization', 'also interested', 'involves development', 'involves teaching', 'ch', 'application environmental', 'material study', 'chemical engineering', 'area chemical', 'characterization new', 'ph', 'development characterization', 'system also', 'use analytical', 'developing new', 'study chemical', 'characterization material', 'instrumentation technique', 'catalytic system', 'study heterogeneous', 'reaction experience', 'experience involves', 'energy system', 'puerto rico', 'system reaction', 'interested use', 'curriculum area', 'new catalytic', 'material application', 'background involves', 'teaching developing'}"
123,"Pain, Christopher C.","{'development application', 'dr pain professor department earth science engineering imperial college london icl', 'climate system', 'original author', 'book chapter', 'resolution linear non linear equation', 'core numerical', 'council grant', 'group amcg', 'phase flow', 'engineering fluid', 'oceanography geophysical', 'including parallel', 'multiphase flow', 'professor department', 'coupled fluid', 'amcg specialises', 'inverse modelling', 'dynamic code', 'linear dynamic', 'using adjoint', 'transient coastal', 'priori error measure mesh adaptivity', 'technique earth', 'seismic inversion', 'scientist amcg', 'discretization technique', 'coastal flow', 'key proposal', 'adjoint method', 'linear equation', 'grouping icl', 'measure mesh', 'authored journal', 'leading modelling', 'innovative world', 'method ocean', 'modelling discrete', 'excellence award', 'world leading', 'flow using', 'graduated phd student completed industry council grant', 'engineering biomedical science group ha core numerical method ocean', 'applied computation', 'imaging', 'engineering biomedical', 'radiation transport', 'non linear', 'fluidity foundation', 'parallel computational', 'academic general', 'engineering imperial', 'author general', 'solid modelling', 'general purpose', 'multi phase', 'head applied', 'wa honored', 'phd student', 'description differential', 'anisotropic electrical', 'resolution linear', 'element method', 'computation modelling', 'largest grouping', 'forward neural', 'ha included', 'honored imperial', 'graduated phd', 'fluid including', 'general computational', 'cratering wa', 'science group', 'ocean modelling', 'application innovative', 'atmosphere climate', 'feed forward', 'error measure', 'modelling technique', 'group ha', 'geometry original', 'code fluidity', 'including multi', 'atmosphere climate system', 'method ha', 'numerical shape', 'foundation majority', 'recognition world leading dr pain academic general computational fluid dynamic including multi phase flow', 'priori error', 'oceanography geophysical fluid dynamic', 'leading dr', 'earth science', 'fluid solid', 'comprises active', 'impact cratering wa honored imperial college london winning excellence award', 'modelling group', 'dynamic including', 'solution technique', 'nuclear safety', 'purpose parallel', 'ha authored', 'including parallel solution technique', 'biomedical science', 'largest grouping icl comprises active scientist amcg specialises development application innovative world leading modelling technique earth', 'pain academic', 'engineering fluid including multiphase flow', 'uk also head applied computation modelling group amcg', 'uk also', 'parallel solution', 'numerical', 'electrical inversion', 'coupled fluid solid modelling discrete element method', 'turbulence modelling', 'neural network', 'mesh adaptive', 'dr pain', 'neutral particle', 'journal publication', 'completed industry', 'recurrent feed forward neural network', 'shape description', 'department earth', 'fluid dynamic', 'computational fluid', 'london icl', 'discrete element', 'imperial college', 'specialises development', 'recognition world', 'feature inverse', 'optimisation', 'modelling feature', 'college london', 'impact cratering', 'student completed', 'non linear dynamic', 'majority activity', 'ha core', 'winning excellence', 'also head', 'modelling ha', 'neutral particle radiation transport', 'seismic inversion inversion transient coastal flow using adjoint method ha authored journal publication', 'inversion method', 'phase ocean', 'science engineering', 'patent', 'industry council', 'included anisotropic', 'mesh adaptivity', 'numerical method', 'icl comprises', 'inversion inversion', 'recurrent feed', 'london winning', 'activity key', 'geophysical fluid', 'mesh adaptive multi phase ocean modelling feature inverse modelling ha included anisotropic electrical inversion', 'adaptive multi', 'particle radiation', 'numerical shape description differential geometry original author general purpose parallel computational fluid dynamic code fluidity foundation majority activity key proposal', 'linear non', 'differential geometry', 'including multiphase', 'inversion transient', 'pain professor', 'active scientist'}"
124,"Patel, Chandrashekhar","{'muscle cell', 'regulation vascular', 'bldg room', 'vascular endothelial', 'smooth muscle', 'sc patel', 'molecular regulation', 'school medicine bldg room garner ferry road columbia', 'garner ferry', 'ferry road', 'road columbia', 'sc patel molecular regulation vascular endothelial smooth muscle cell', 'endothelial smooth', 'medicine bldg', 'patel molecular', 'room garner', 'school medicine'}"
125,"Paul, Titan C.","{'dr paul', 'building environment', 'transfer moisture', 'energy storage', 'phase change', 'problem building', 'heat transfer moisture migration problem building environment', 'storage liquid', 'liquid solar', 'heat mass', 'transfer phase', 'solar technology', 'thermal management', 'heat transfer phase change', 'numerical method', 'management microelectronics', 'transfer problem', 'includes energy', 'mass transfer', 'heat transfer', 'thermal management microelectronics', 'dr paul includes energy storage liquid solar technology', 'moisture migration', 'numerical method conjugate heat mass transfer problem', 'migration problem', 'method conjugate', 'conjugate heat', 'paul includes'}"
126,"Peters, Wally ","{'dr peter', 'system study', 'dr peter complex system study design', 'peter complex', 'study design', 'complex system'}"
127,"Plante, Portia","{'portia plante', 'teach various', 'plante teach', 'portia plante teach various undergraduate course', 'undergraduate course', 'various undergraduate'}"
128,"Popov, Branko N.","{'macedonia', 'engineering centerroom', 'croatia', 'sc dr popovpopov readership worldwideph', 'popovpopov readership', 'sc dr', 'engineering centerroom main streetcolumbia', 'dr popovpopov', 'main streetcolumbia', 'readership worldwideph', 'kiril metodij', 'centerroom main', 'skopje', 'illinois', 'zagreb'}"
129,"Potts, Jay","{'damon', 'hoffman', 'accomplished process', 'bldg room', 'cardiac malformation', 'myriad congenital', 'foundation future', 'sc prevalence', 'cell dev', 'extreme sociological', 'goodwin', 'malformation place', 'lineage pathway', 'av valve', 'canal responsible', 'mj', 'progenitor cell', 'cell transformation', 'septum accomplished', 'heart particular', 'mm', 'formed critical', 'road columbia', 'critical building', 'therapeutic measure', 'transformation understanding', 'atrioventricular canal', 'garner ferry', 'production av', 'personal burden', 'valve membranous', 'jd', 'school medicine bldg room garner ferry road columbia', 'portion interventricular', 'brook', 'potts', 'rl periostin', 'av av', 'measure norris', 'defect majority', 'epithelial mesenchymal', 'interventricular septum', 'canal av', 'rr', 'future therapeutic', 'region known', 'hart', 'medicine bldg', 'tan', 'known epithelial', 'mesenchymal cell', 'place extreme', 'room garner', 'canal formed', 'ra', 'yost', 'ferry road', 'pathway atrioventricular', 'markwald', 'school medicine', 'early heart', 'understanding early', 'responsible production', 'congenital cardiac', 'sc prevalence congenital cardiac malformation place extreme sociological personal burden myriad congenital cardiac defect majority involve region known atrioventricular canal av av canal responsible production av valve membranous portion interventricular septum accomplished process known epithelial mesenchymal cell transformation understanding early heart particular av canal formed critical building foundation future therapeutic measure norris', 'cardiac defect', 'promotes fibroblastic', 'junor', 'atrioventricular valve', 'sociological personal', 'involve region', 'membranous portion', 'periostin promotes', 'burden myriad', 'valve progenitor', 'majority involve', 'particular av', 'dev dyn', 'process known', 'fibroblastic lineage', 'av canal', 'rl periostin promotes fibroblastic lineage pathway atrioventricular valve progenitor cell dev dyn', 'building foundation', 'known atrioventricular', 'prevalence congenital'}"
130,"Qian, Yu","{'currently serving', 'transit track', 'rail transportation', 'qian ha', 'focusing heavy', 'simulation currently', 'committee member', 'serving committee', 'geotechnics railroad', 'railroad infrastructure', 'dr yu qian ha working transportation geotechnics railroad infrastructure related', 'discrete element simulation currently serving committee member three trb committee', 'ha working', 'infrastructure related', 'dr yu', 'geosynthetics', 'member three', 'trb committee', 'pavement', 'speed rail', 'transportation geotechnics', 'arema committee', 'heavy haul', 'working transportation', 'element simulation', 'high speed rail', 'mainly focusing heavy haul transit track structure', 'track structure', 'asce rail', 'mainly focusing', 'yu qian', 'high speed', 'two arema committee', 'discrete element', 'three trb', 'two arema', 'asce rail transportation committee', 'haul transit', 'transportation committee'}"
131,"Ranson, Bill ","{'application technology', 'vision application', 'measurement system', 'mathematical modeling mechanical system measurement system life prediction application technology learning system', 'scale invariant', 'system life', 'system measurement', 'computer vision', 'ranson scale', 'modeling mechanical', 'dr ranson', 'mathematical modeling', 'prediction application', 'learning system', 'technology learning', 'invariant computer', 'dr ranson scale invariant computer vision application measurement mechanical system', 'application measurement', 'mechanical system', 'measurement mechanical', 'life prediction'}"
132,"Regalbuto, John R.","{'engineering centerroom', 'sc', 'engineering centerroom main streetcolumbia', 'main streetcolumbia', 'notre dame', 'centerroom main'}"
133,"Regan, Elizabeth A.","{'sc', 'system management', 'assembly street', 'kentucky medical', 'neky rhio', 'professor arnold', 'chair health', 'morehead state', 'extension center', 'professor health', 'integrated information', 'donna smith', 'also serf', 'appointed national', 'founding member first board chair rhio also serf regional extension center eastern kentucky dr regan served five year coordinating council kentucky state health information exchange faculty kentucky medical school rural physician leadership program wa recently appointed national himss innovation committee', 'health system', 'arnold school', 'adjunct professor', 'also adjunct', 'five year', 'served five', 'two year', 'health prior', 'connecticutm', 'usc july', 'information exchange', 'chair department', 'wa recently', 'eastern kentucky', 'innovation assembly street', 'technology also', 'program wa', 'elmer donna', 'served chair department information system', 'board director', 'serf regional', 'recently appointed', 'management two', 'college business', 'organization neky', 'kentucky', 'regional health', 'information technology', 'information organization', 'regan chair', 'exchange faculty', 'physician leadership', 'founding member', 'technology associate', 'himss innovation', 'regan served', 'coordinating council', 'member first', 'medical school', 'connecticutdr elizabeth', 'faculty kentucky', 'national himss', 'rhio also', 'innovation committee', 'department integrated', 'kentucky dr', 'health information', 'first board', 'year serf', 'elmer donna smith endowed chair health system management two year serf board director northeast kentucky regional health information organization neky rhio', 'leadership program', 'year', 'serf board', 'northeast kentucky', 'public health', 'associate professor', 'suite', 'center eastern', 'elizabeth regan', 'connecticutdr elizabeth regan chair department integrated information technology associate professor health information technology also adjunct professor arnold school public health prior joining usc july', 'endowed chair', 'kentucky regional', 'council kentucky', 'school rural', 'innovation assembly', 'smith endowed', 'director northeast', 'chair rhio', 'kentucky state', 'board chair', 'dr regan', 'state health', 'rural physician', 'information system', 'department information', 'joining usc', 'served chair', 'prior joining', 'year coordinating', 'regional extension', 'school public'}"
134,"Reifsnider, Kenneth ","{'reifsnider durability', 'long term', 'damage tolerance strength life relationship material system performance life prognosis', 'relationship material', 'material state change', 'life prognosis', 'system performance', 'dr reifsnider durability', 'aging', 'fuel cell', 'long term behavior fuel cell science engineering', 'dr reifsnider', 'science engineering', 'cell science', 'damage tolerance', 'state change', 'tolerance strength', 'behavior fuel', 'performance life', 'term behavior', 'life relationship', 'material system', 'strength life', 'material state'}"
135,"Rekleitis, Ioannis","{'marine robotics', 'cooperative localization', 'perception', 'slam', 'coverage'}"
136,"Reynolds, Tony ","{'stir welding', 'fractographic analysis', 'micro mechanic', 'reynolds friction', 'experimental micro', 'quantitative fractographic', 'dr reynolds friction stir welding', 'friction stir', 'dr reynolds', 'quantitative fractographic analysis', 'fatigue fracture', 'experimental micro mechanic'}"
137,"Rhodes, Curtis ","{'fluid dynamic', 'dr rhodes', 'aided design', 'computational fluid', 'dr rhodes computer aided design', 'computer aided', 'engineering manufacturing', 'computational fluid dynamic', 'rhodes computer'}"
138,"Ritter, James A.","{'magnetic drug', 'adsorption', 'drug targeting', 'magnetic drug targeting', 'electrochemistry', 'material', 'separation'}"
139,"Rizos, Dimitris","{'analysis multi', 'hybrid method', 'modeling emphasis', 'high performance', 'soil structure', 'wave propagation', 'performance material', 'computational method', 'multi phase', 'fem', 'ii analysis', 'soil interaction', 'expertise area', 'transient analysis', 'area structural', 'etc iii', 'emphasis railway', 'problem wave', 'bridge engineering', 'method problem', 'highway infrastructure', 'design freight', 'railway infrastructure', 'phase medium', 'area structural mechanic emphasis railway highway infrastructure', 'rail system', 'hybrid method problem wave propagation', 'structure interaction', 'analysis design', 'passenger high', 'emphasis development', 'mechanic emphasis', 'transient analysis multi phase medium', 'military bridge', 'infrastructure bridge', 'train rail', 'civilian military bridge dr rizos expertise area structural mechanic modeling emphasis development implementation computational method bem', 'track', 'civilian military', 'military application', 'material civilian', 'etc iii bridge engineering high performance material civilian military application', 'rizos expertise', 'method bem', 'speed rail', 'structural mechanic', 'structural dynamic', 'railway highway', 'development implementation', 'train rail trackbed soil interaction problem ii analysis design freight', 'dr rizos', 'passenger high speed railway infrastructure bridge', 'engineering high', 'problem ii', 'mechanic modeling', 'rail trackbed', 'high speed', 'soil structure interaction', 'tunnel', 'iii bridge', 'interaction problem', 'speed railway', 'bridge dr', 'implementation computational', 'dem', 'high speed rail system', 'trackbed soil'}"
140,"Roberts, Elwyn","{'nuclear reactor', 'robert material', 'manufacturing concurrent', 'dr robert material performance nuclear reactor', 'product design', 'performance nuclear', 'manufacturing concurrent engineering', 'dr robert', 'material performance', 'concurrent engineering'}"
141,"Roberts, Kenneth L","{'fluid transport', 'catalysis', 'nanomaterials', 'transport property', 'fluid transport property'}"
142,"Rocheleau, David ","{'dynamic mechanism', 'prosthetic device', 'computer aided', 'design epicyclic', 'work optimizing', 'overall design', 'company wide', 'modeled using', 'robot prosthetic device', 'ha also', 'epicyclic gear', 'ha machine', 'done work', 'ensure long', 'software analysis', 'also performed dr rocheleau hold several patent', 'area product', 'robot prosthetic', 'design issue', 'design group', 'issue involving', 'variety computer', 'plant pem', 'wide area', 'work modeling', 'gear train', 'work ha', 'new product', 'also done', 'pro engineer', 'life reduced', 'using pro', 'group ha', 'aided engineering', 'machine design', 'concept modeled', 'medium size', 'component design', 'also performed', 'engineering tool', 'several patent', 'fuel cell', 'primarily new product innovation device', 'ha done', 'performed dr', 'cell system', 'helping small', 'tool group', 'pem fuel', 'noise work', 'design machine', 'performed variety', 'modeling balance', 'engineer design', 'balance plant', 'size company', 'machine component', 'train ensure', 'analysis performed', 'innovation device', 'primarily new', 'optimizing design', 'hold several', 'dr rocheleau', 'issue design', 'design software', 'product design', 'long life', 'rocheleau hold', 'done helping', 'dr rocheleau group ha machine design machine component design group ha done work optimizing design epicyclic gear train ensure long life reduced noise work ha also done helping small medium size company wide area product design issue design concept modeled using pro engineer design software analysis performed variety computer aided engineering tool group ha done work modeling balance plant pem fuel cell system overall design issue involving kinematic dynamic mechanism', 'rocheleau group', 'kinematic dynamic', 'product innovation', 'small medium', 'reduced noise', 'involving kinematic', 'design concept', 'system overall'}"
143,"Rose, John R. ","{'machine intelligence', 'area bioinformatics', 'advanced concept', 'director sc', 'received nsf', 'chemistry conducted', 'nsf equivalent', 'computational chemistry conducted funded nsf', 'novo peptide', 'computational chemistry', 'german nsf', 'bmft german nsf equivalent', 'bmft german', 'multiagent system', 'normative reasoning', 'computational science area bioinformatics', 'fellow wa', 'sc inbre', 'inbre bioinformatics', 'focus group', 'de novo', 'alexander von', 'funding support', 'sequencing recently', 'dai multiagent system', 'alexander von humboldt foundation', 'humboldt foundation', 'normative reasoning planning', 'formerly director', 'computational science', 'funded nsf', 'ieee author', 'new focus', 'peptide sequencing', 'nasa institute', 'technical paper', 'education nasa', 'commission higher', 'nih', 'conducted funded', 'nasa', 'von humboldt', 'author technical', 'group de', 'well commission higher education nasa institute advanced concept niac fellow wa formerly director sc inbre bioinformatics core major new focus group de novo peptide sequencing recently received nsf funding support effort', 'dai multiagent', 'recently received', 'concept niac', 'major new', 'currently member ieee author technical paper bioinformatics', 'member ieee', 'well commission', 'bioinformatics core', 'science area', 'reasoning planning', 'higher education', 'core major', 'nsf funding', 'paper bioinformatics', 'niac fellow', 'institute advanced', 'wa formerly', 'support effort', 'dod onr', 'currently member'}"
144,"Sabalowsky, Andrew","{'specifically relate', 'expertise anaerobic', 'biofuel production', 'wind turbine', 'product recently', 'anaerobic process', 'prior expertise', 'sabalowsky prior', 'energy technology', 'hydrogen production', 'bioremediation hazardous', 'dr sabalowsky prior expertise anaerobic process', 'microbial fuel', 'fuel cell', 'wave attenuation', 'xenobiotic molecule', 'methane hydrogen', 'micro wind turbine', 'ha methane', 'centered fluid', 'micro wind', 'solar chimney', 'fluid flow', 'technology centered', 'specifically relate bioremediation hazardous xenobiotic molecule biofuel production', 'ha methane hydrogen production', 'molecule biofuel', 'hazardous xenobiotic', 'renewable energy', 'relate bioremediation', 'fermentable product recently', 'dr sabalowsky', 'renewable energy technology centered fluid flow', 'fermentable product', 'microbial fuel cell'}"
145,"Sadati, Monirosadat (Sanaz)","{'complex environment', 'anisotropic component', 'engineer responsive', 'real time', 'microswimmers bacteria', 'ability convert', 'soft material', 'study structure', 'response external', 'tissue engineering', 'broad range', 'bacteria ability', 'architectural feature', 'drug loading', 'lab pursue', 'phd', 'approach study', 'name many', 'natural microswimmers', 'component capable', 'move complex', 'external stimulus', 'water remediation name many application', 'bottom approach', 'design autonomous', 'envisioned broad', 'range application', 'real time structure rheology', 'micromotors move complex environment explore micro rheology microswimmers complex environment design autonomous micromachines navigate efficiently realistic condition operation', 'responsive material', 'biosensing common feature among natural microswimmers bacteria ability convert energy motion regulate self propulsion response external stimulus inspired biomechanics nature', 'assistant professor', 'chicago', 'autonomous micromachines', 'propulsion artificial', 'artificial micromotors', 'micromotors developed', 'sadati lab', 'rheology microswimmers', 'harvard', 'pursue bottom', 'directed motion', 'developed transduce', 'efficiently realistic', 'feature designed', 'structure rheology', 'local energy', 'drug delivery', 'controlled cargo transport', 'postdoctoral associate', 'systematic study', 'energy directed', 'unique architectural', 'micromotors move', 'material science', 'self assembly soft material', 'tunable macroscopic property systematic study self assembly', 'regulate self', 'artificial active micromotors developed transduce local energy directed motion propulsion artificial micromotors envisioned broad range application drug loading', 'micromotors envisioned', 'designed broad', 'vicinity cell', 'water remediation', 'application drug', 'eth zurich', 'self propulsion', 'time structure', 'emphasis anisotropic', 'biomechanics nature', 'active micromotors', 'capable leading', 'application including', 'explore micro', 'motion propulsion', 'common feature', 'topological defect', 'many application', 'environment design', 'environment explore', 'realistic condition', 'dynamic', 'artificial active', 'assembly soft', 'condition operation', 'january postdoctoral associate', 'feature among', 'remediation name', 'january postdoctoral', 'biosensing common', 'actuation', 'release vicinity', 'sadati lab pursue bottom approach study structure', 'leading new', 'among natural', 'material unique', 'controlled release vicinity cell', 'property systematic', 'microswimmers complex', 'transduce local', 'micromachines navigate', 'study self', 'navigate efficiently', 'micro rheology', 'stimulus inspired', 'controlled release', 'macroscopic property', 'cargo transport', 'polymer engineering', 'emphasis anisotropic component capable leading new', 'energy motion', 'motion regulate', 'amirkabir technology', 'including tissue', 'engineer responsive material unique architectural feature designed broad range application including tissue engineering', 'tunable macroscopic', 'self assembly', 'inspired biomechanics', 'convert energy', 'controlled cargo', 'propulsion response'}"
146,"Sahin, Alphan ","{'wireless communication', 'signal processing'}"
147,"Santi, Enrico","{'smallest size minimal weight current modeling', 'power semiconductor', 'involved development', 'thing use', 'electricity needed run thing use everyday processed', 'swearingenroom main streetcolumbia', 'simulation electrical', 'electronics thanks', 'delivered maximum efficiency', 'come contact power electronics thanks power electronics', 'based tool', 'make hole', 'system power', 'cook microwave', 'loop simulation', 'device particular', 'maximum efficiency', 'acsl', 'simulation based tool rapid prototyping power system power electronic device test bed support input multiple simulation language spice', 'power electronic', 'physic based modeling power semiconductor device particular involved development virtual test bed', 'sc santi', 'think drive', 'physic based', 'type telephone', 'electrical power', 'particular involved', 'contact power', 'device test', 'santi long', 'rapid prototyping', 'needed run', 'drive car', 'power system', 'swearingenroom main', 'simulation advanced', 'delivered maximum', 'cordless drill', 'simulation language', 'semiconductor device', 'smallest size', 'saber', 'electricity needed', 'language spice', 'long term', 'based modeling', 'control simulation', 'tool rapid', 'multiple simulation', 'thanks power', 'test bed', 'etc hardware loop simulation electrical system', 'electronic device', 'hardware loop', 'area power', 'distribution system', 'may interaction', 'simulation based', 'input multiple', 'hole cordless', 'etc hardware', 'electrical system', 'support input', 'talk type telephone', 'electronics think', 'electronics may', 'come contact', 'make hole cordless drill', 'listen stereo', 'power electronics', 'use computer', 'use everyday', 'prototyping power', 'sc santi long term area power electronics may interaction power electronics think drive car', 'minimal weight', 'main streetcolumbia', 'current modeling', 'modeling power', 'advanced electrical', 'weight current', 'term area', 'run thing', 'control simulation advanced electrical power distribution system', 'filtered', 'virtual test', 'talk type', 'bed support', 'interaction power', 'power distribution', 'everyday processed', 'development virtual', 'size minimal'}"
148,"Sasanakul, Inthuorn",{'geotechnical engineering'}
149,"Schooley, Benjamin","{'design science', 'health', 'health informatics'}"
150,"Shazly, Tarek ","{'environment mechanosensitive', 'providing basis engineering vascular tissue substitute publication area impactful term providing data model previously understudied yet critical region circulatory system', 'sealant performance', 'safe introduction', 'distinct way', 'erodible scaffold', 'approach needed', 'native engineered', 'predictive computational', 'enhance adhesion', 'vesselsthe identification', 'material design', 'biocompatibility power', 'substitute publication', 'vascular tissue', 'ha focused', 'two distinct', 'typically requiring consideration hemodynamics', 'material biocompatibility', 'mediated vascular', 'focused development', 'strategy facilitate', 'critical region', 'vessel variation', 'soft tissue', 'area characterization', 'system surgical', 'complexity face', 'face rapid', 'clearly explain', 'implanted polymeric', 'mechanism action', 'cell normal', 'compromising material', 'generalized across', 'tissuesmy early', 'soft tissuesmy', 'data model', 'specific phenomenon', 'impacted field', 'technologiesendovascular technology', 'continuum mechanical', 'endovascular technology', 'eluting stent', 'kinetics accommodate', 'risk new', 'typically requiring', 'sealant application', 'facilitate continued', 'material system', 'tissue essential', 'region circulatory', 'without compromising', 'providing data', 'thus potential', 'phenomenon exploited', 'experimental theoretical', 'technology meet', 'disease state', 'focused understanding', 'nearly require', 'tissue specific', 'strategy enhance', 'technology drug', 'polymeric material', 'accommodate inherent', 'line inquiry', 'surgical sealant', 'enhanced matrix', 'technology safe', 'adhesion strength', 'provided initial', 'previously understudied', 'consideration hemodynamics', 'based computational', 'work ha focused development finite element based computational model design deployment strategy facilitate continued advancement endovascular technology safe introduction clinical practice area experimental theoretical biomechanical study native engineered blood vesselsthe identification constitutive mechanical model vascular tissue essential quantifying local environment mechanosensitive vascular cell normal disease state', 'finite element', 'basis engineering', 'constitutive mechanical', 'past year', 'strength without', 'agency begun', 'principle explain', 'balloon steadily', 'introduction clinical', 'work ha', 'model vascular', 'evolved past', 'across material', 'regulatory agency begun expect nearly require predictive computational model clearly explain mechanism action potential risk new technology meet field demand', 'rapid device', 'model clearly', 'design deployment', 'construct exhibit', 'related publication established novel design strategy enhance adhesion strength without compromising material biocompatibility power strategy generalized across material system surgical sealant application area characterization', 'steadily evolved', 'initial demonstration', 'drug eluting', 'related publication', 'modeling endovascular', 'interaction implanted', 'term providing', 'emergent device', 'way first', 'yet critical', 'matrix elaboration', 'demonstration adhesion', 'variation geometry', 'advancement endovascular', 'impactful term', 'applying continuum mechanical principle explain intra vessel variation geometry', 'potential vascular', 'expect nearly', 'publication established', 'work wa', 'continued advancement', 'material soft', 'drug coated balloon steadily evolved past year multidisciplinary approach needed design', 'interaction purpose', 'tissue engineered', 'provided initial demonstration adhesion tissue specific phenomenon exploited advanced material design second', 'drug coated', 'theoretical biomechanical', 'identification constitutive', 'engineering vascular', 'publication emerged', 'requiring consideration', 'established novel', 'local environment', 'applying continuum', 'clinical practice', 'tissue remodeling', 'deployment strategy', 'practice area', 'optimizing surgical', 'endovascular technologiesendovascular', 'development finite', 'coated balloon', 'action potential', 'understanding mechanically', 'explain mechanism', 'exploited advanced', 'essential quantifying', 'model design', 'engineered construct', 'begun expect', 'design strategy', 'advanced material', 'strategy generalized', 'require predictive', 'assessment', 'application area', 'vascular cell', 'mechanical principle', 'explain intra', 'computational model', 'biomechanical study', 'evaluate emergent', 'area impactful', 'element based', 'understudied yet', 'area experimental', 'device degradation erosion kinetics accommodate inherent complexity face rapid device development', 'performance publication', 'novel design', 'tissue material', 'adhesion tissue', 'field demand', 'needed design', 'introducing tissue', 'composition', 'area interaction', 'early work', 'multidisciplinary approach', 'evaluate emergent device', 'optimize', 'material mechanic', 'understanding soft', 'circulatory system', 'inherent complexity', 'area interaction implanted polymeric material soft tissuesmy early work wa focused understanding soft tissue material interaction purpose optimizing surgical sealant performance publication emerged line inquiry impacted field two distinct way first', 'meet field', 'study native', 'device development', 'model previously', 'property', 'wa focused', 'inquiry impacted', 'publication area', 'potential risk', 'power strategy', 'intra vessel', 'degradation erosion', 'device degradation', 'quantifying local', 'elaboration thus', 'tissue substitute', 'normal disease', 'drug pharmacokinetics', 'exhibit enhanced', 'mechanosensitive vascular', 'engineered blood', 'new technology', 'understanding mechanically mediated vascular tissue remodeling', 'regulatory agency', 'vascular substitute', 'material interaction', 'field two', 'blood vesselsthe', 'purpose optimizing', 'erosion kinetics', 'emerged line', 'design second', 'introducing tissue engineered construct exhibit enhanced matrix elaboration thus potential vascular substitute', 'providing basis', 'modeling endovascular technologiesendovascular technology drug eluting stent', 'year multidisciplinary', 'mechanically mediated', 'mechanical model'}"
151,"Shepherd, Jeremiah","{'csce course', 'shepherd teach', 'jj shepherd teach csce course', 'teach csce', 'jj shepherd'}"
152,"Sheth, Amit","{'semantic cognitive', 'big smart', 'cognitive perceptual', 'artificial intelligence', 'perceptual comput', 'knowledgeinfused learning', 'smart data', 'knowledge graph', 'big smart data', 'semantic cognitive perceptual comput'}"
153,"Shimpalee, Sirivatch","{'dimensional modeling', 'sc', 'horizon main streetcolumbia', 'shimpalee current', 'system particularly', 'main streetcolumbia', 'current area', 'energy including', 'including fuel', 'energy storage', 'shimpalee current area renewable energy including fuel cell', 'columbia', 'high temperature thermal system', 'use multi', 'physic inside', 'complex system', 'transport phenomenon', 'fuel cell', 'multi dimensional', 'expertise use', 'temperature thermal', 'inside complex', 'bioenergy expertise use multi scale multi dimensional modeling combine electrochemistry understand physic inside complex system particularly transport phenomenon', 'thailand', 'thermal system', 'multi scale', 'combine electrochemistry', 'understand physic', 'chiang mai', 'modeling combine', 'electrochemistry understand', 'area renewable', 'renewable energy', 'bradley', 'bioenergy expertise', 'scale multi', 'particularly transport', 'high temperature', 'horizon main'}"
154,"Simin, Grigory","{'sc', 'main streetcolumbia', 'swearingenroom main', 'swearingenroom main streetcolumbia'}"
155,"Smoak, Wilson","{'capstone design', 'recently intel', 'wilson smoak instructor coordinator capstone design course', 'engineering department', 'successful career', 'digital electronics', 'design course', 'smoak instructor', 'instructor coordinator', 'career design', 'following successful career design digital electronics', 'following successful', 'electrical engineering', 'elct electrical engineering department', 'wilson smoak', 'coordinator capstone', 'elct electrical', 'design digital'}"
156,"Sockalingam, Subramani ","{'computational mechanic', 'composite', 'finite element', 'finite element analysis', 'element analysis', 'experimental mechanic'}"
157,"Spinale, Frank G.","{'cardiovascular scientist', 'reviewed publication', 'translational center', 'failure patient', 'cardiovascular remodeling', 'particular focus', 'clinical study', 'including american', 'phd', 'effort thematic', 'grant develop', 'clinical study ha working advance understanding potential treatment major cause heart failure patient also entrepreneur patent nih small business technology transfer grant develop microdialysis microfluidics delivery system cardiac surgery additionally', 'translational effort', 'biotechnology company', 'study ha', 'cardiology ha', 'peer reviewed', 'potential treatment', 'publication leading', 'renowned cardiovascular', 'thematic area', 'spinale serf', 'ha peer', 'pioneered various', 'various pharmaceutical', 'cardiac working', 'advance understanding', 'internationally renowned cardiovascular scientist', 'various project', 'translational', 'prestigious scientific', 'board seven', 'entrepreneur patent', 'cardiovascular journal', 'ha pioneered', 'remodeling particular', 'small business', 'focus upon', 'consultant various', 'transfer grant', 'delivery system', 'treatment major', 'develop microdialysis', 'internationally renowned', 'american college', 'upon heart', 'working advance', 'cardiovascular translational', 'understanding potential', 'som va', 'two decade', 'directed translational', 'professional society', 'past two decade mechanistic', 'cause heart', 'invited present', 'collaborate department', 'cause death', 'present nationally', 'faculty som', 'leading cardiovascular', 'scientific meeting', 'congress conference', 'ha working', 'conference dr', 'death disability', 'nih small', 'main cause death disability', 'american heart', 'project cardiac', 'ha pioneered various project cardiac working collaborate department faculty som va', 'md', 'fellow several', 'nationally internationally', 'also entrepreneur', 'congress conference dr spinale director cardiovascular translational center', 'area cardiovascular', 'microfluidics delivery', 'technology transfer', 'business technology', 'dr spinale serf ditorial board seven prestigious scientific journal consultant various pharmaceutical company biotechnology company credit', 'serf ditorial', 'pharmaceutical company', 'also ha peer reviewed publication leading cardiovascular journal fellow several professional society', 'heart failure', 'scientific journal', 'patent nih', 'journal fellow', 'major scientific', 'main cause', 'microdialysis microfluidics', 'ha directed', 'decade mechanistic', 'ha invited', 'working collaborate', 'internationally major', 'past two', 'including american heart association american college cardiology ha invited present nationally internationally major scientific meeting', 'journal consultant', 'ditorial board', 'seven prestigious', 'spinale director', 'surgery additionally', 'college cardiology', 'director cardiovascular', 'major cause', 'cardiac surgery', 'also ha', 'francis spinale', 'heart association', 'patient also', 'system cardiac', 'department faculty', 'dr spinale', 'company biotechnology', 'association american', 'company credit', 'ha directed translational effort thematic area cardiovascular remodeling particular focus upon heart failure', 'several professional'}"
158,"Srivastava, Biplav","{'health', 'city water', 'artificial intelligence', 'traffic', 'smarter city water', 'service', 'smarter city'}"
159,"Stanford, Thomas G.","{'engineering centerroom', 'sc', 'engineering centerroom main streetcolumbia', 'main streetcolumbia', 'math', 'michigan', 'centerroom main'}"
160,"Stiffler, Nick",{'robotics'}
161,"Sudarshan, Tangali S.","{'sc sudarshan', 'sc sudarshan specialization', 'sudarshan specialization', 'main streetcolumbia', 'swearingenroom main', 'swearingenroom main streetcolumbia'}"
162,"Summers, Bill ","{'co chaired', 'establish plan', 'develop industrial', 'hydrogen vehicle', 'program analyze', 'summer manager', 'hybrid hydrogen', 'involved development', 'developing first', 'commercial code', 'mathematical model', 'within hydrogen', 'dr summer principal investigator three year study assess feasibility nuclear hydrogen production doe office nuclear energy', 'ha westinghouse', 'hydride container', 'plan nuclear', 'project management', 'managed project', 'also co', 'advanced energy', 'annual hydrogen', 'cell vehicle', 'summer also', 'project develop', 'storage bed', 'help establish', 'dr summer', 'ha extensive', 'system ha', 'focused hydrogen', 'commercial service', 'recently served', 'hydrogen storage', 'feasibility nuclear', 'chaired national', 'three year', 'savannah river', 'first annual', 'chairman national', 'summer principal', 'production doe', 'enhancement currently', 'managed fuel', 'served chairman', 'dr summer involved development hydrogen storage material associated technology involves engineering hydrogen storage bed development mathematical model analyze bed performance', 'year study', 'technology center', 'major national meeting focused hydrogen storage dr summer also co chaired national workshop help establish plan nuclear hydrogen production doe ne', 'development project', 'engineering hydrogen', 'investigator three', 'assess feasibility', 'chairman first', 'vehicle commercial', 'including heat transfer enhancement currently chairman national working group developing first commercial code standard metal hydride container hydrogen storage dr summer also member site representative national hydrogen association', 'including year', 'river company', 'hydride storage', 'storage system', 'nuclear hydrogen', 'involves engineering', 'major national', 'onboard metal', 'storage workshop', 'nuclear energy', 'srtc ha', 'technology involves', 'science technology doe ne addition program management', 'development world', 'development hydrogen', 'analyze bed', 'bed development', 'technology doe', 'doe office', 'board director', 'analyze develop', 'largest onboard', 'heat transfer', 'national hydrogen', 'new product', 'system dr', 'state hydrogen', 'including year experience field advanced energy system ha westinghouse savannah river company wsrc since dr summer ha led numerous program analyze develop emerging technology wa program manager development world first hybrid hydrogen electric transit bus bus wa first hydrogen vehicle commercial service', 'oit industry', 'year experience', 'transit bus', 'hydrogen program', 'code standard', 'srtc fuel', 'storage also', 'field advanced', 'funded doe', 'company wsrc', 'cell mining', 'world first', 'also organized', 'experience new', 'emerging technology', 'standard metal', 'storage dr', 'addition program', 'summer involved', 'develop emerging', 'bed performance', 'national meeting', 'hydrogen electric', 'wa first', 'industry future', 'science technology', 'principal investigator', 'project funded', 'technology laboratory', 'institute board', 'savannah river technology center srtc ha extensive experience new product development project management', 'model analyze', 'fuel cell', 'world largest', 'first commercial', 'currently chairman', 'storage material', 'transfer enhancement', 'vehicle project', 'dr summer manager hydrogen program within hydrogen technology laboratory', 'program currently', 'member site', 'vehicle using', 'workshop help', 'experience field', 'site representative', 'program within', 'westinghouse savannah', 'manager development', 'first hydrogen', 'associated technology', 'hydrogen association', 'product development', 'led numerous', 'wa program', 'program manager', 'using solid', 'represents srtc', 'development mathematical', 'organized managed', 'ha led', 'solid state', 'center srtc', 'including heat', 'cell propulsion', 'metal hydride', 'river technology', 'bus bus', 'utilized world largest onboard metal hydride storage system dr summer also organized managed project develop industrial fuel cell vehicle using solid state hydrogen storage also managed fuel cell mining vehicle project funded doe oit industry future program currently', 'group developing', 'represents srtc fuel cell propulsion institute board director', 'meeting focused', 'hydrogen production', 'manager hydrogen', 'hydrogen technology', 'industrial fuel', 'office nuclear', 'numerous program', 'future program', 'study assess', 'doe oit', 'charter member', 'summer ha', 'program management', 'wsrc since', 'national working', 'electric transit', 'mining vehicle', 'container hydrogen', 'working group', 'extensive experience', 'since dr', 'national workshop', 'first hybrid', 'propulsion institute', 'also member', 'material associated', 'member recently', 'also managed', 'energy system', 'bus wa', 'representative national', 'technology wa', 'charter member recently served chairman first annual hydrogen storage workshop', 'utilized world', 'ne addition', 'doe ne'}"
163,"Sur, Sanjib ","{'millimeterwave', 'mobile computing', 'terahertz', 'wireless networking'}"
164,"Sutton, Michael","{'finite element modeling cracked body', 'integral method', 'image processing', 'cracked body', 'plastic fracture mechanic', 'sutton coherent', 'element modeling', 'incoherent optic', 'finite element', 'method experimental', 'digital image', 'boundary valve problem', 'dr sutton coherent incoherent optic application', 'computer vision', 'experimental mechanic', 'fracture mechanic', 'boundary valve', 'application integral method experimental mechanic', 'coherent incoherent', 'application integral', 'valve problem', 'modeling cracked', 'optic application', 'digital image processing', 'plastic fracture', 'dr sutton'}"
165,"Taheri-Qazvini, Nader ","{'hybrid material', 'polymer science', 'glassy dynamic', 'material', 'soft matter'}"
166,"Tan, Wenbin",{'vascular biology'}
167,"Tang, Chuanbing","{'polymer', 'biomaterials'}"
168,"Tang, Jijun","{'algorithm', 'computational biology', 'game'}"
169,"Thatcher, Matt E. ","{'technology focus', 'software patent', 'social cost', 'four theme', 'theme value', 'cost information', 'policy design', 'impact information', 'focus four', 'software patent policy design', 'offshoring', 'examines strategic', 'social cost information privacy', 'economic impact', 'strategic economic', 'examines strategic economic impact information technology focus four theme value', 'information privacy', 'patent policy', 'information technology'}"
170,"Tong, Yan","{'computer interaction', 'tong focus', 'professor tong', 'focus computer', 'including limited', 'pattern recognition', 'professor tong focus computer vision pattern recognition especially human computer interaction including limited', 'recognition especially', 'vision pattern', 'especially human', 'human computer', 'computer vision', 'interaction including'}"
171,"Tooren, Michel  van","{'dr van tooren design automation', 'alternative aircraft concept', 'road vehicle', 'knowledge based engineering', 'aircraft fuselage', 'based engineering', 'knowledge based', 'van tooren', 'aircraft certification', 'system engineering', 'tooren design', 'alternative aircraft', 'system engineering road vehicle aerodynamics', 'design automation', 'composite aircraft', 'engineering road', 'composite aircraft fuselage', 'aircraft concept', 'dr van', 'vehicle aerodynamics'}"
172,"Uline, Mark J.","{'thermodynamics', 'biophysics', 'statistical mechanic', 'nucleation', 'soft matter'}"
173,"Valafar, Homayoun","{'neural information processing', 'bioinformatics', 'artificial intelligence', 'information processing', 'computational biology', 'machine learning', 'neural information'}"
174,"Valtorta, Marco",{'artificial intelligence'}
175,"Van Brunt, Vincent","{'polytechnic', 'carnegie mellon', 'ph', 'tennessee'}"
176,"Vargas, Juan","{'engineering department', 'adjunct professor', 'dr vargas', 'dr vargas adjunct professor computer science engineering department', 'computer science', 'science engineering', 'professor computer', 'vargas adjunct'}"
177,"Vidal, Jose M. ","{'agentbased modeling', 'artificial intelligence', 'distributed system', 'multiagent system'}"
178,"Viparelli, Enrica","{'associate professor', 'environmental engineering', 'present associate', 'civil environmental engineering', 'present associate professor', 'assistant professor', 'columbia', 'civil environmental'}"
179,"Vitzilaios, Nikolaos (Nikos)","{'system uas', 'perception autonomous navigation mobile robot', 'navigation mobile', 'dr vitzilaios broad area autonomous unmanned system robotics', 'mobile robot', 'mechatronics', 'operational autonomy', 'field robotics', 'perception autonomous', 'automation', 'autonomous navigation', 'unmanned aircraft system uas', 'area autonomous', 'unmanned aircraft', 'intelligent system', 'system robotics', 'aircraft system', 'unmanned system', 'autonomous unmanned', 'robot team', 'broad area', 'dr vitzilaios', 'vitzilaios broad', 'control system', 'machine learning'}"
180,"Vogt, Thomas","{'chemistry', 'physic', 'material science'}"
181,"Wang, Guiren","{'cancer detection', 'labonachip', 'turbulence mixing', 'micronanofluidics', 'superresolution imaging'}"
182,"Wang, Guoan","{'sc', 'main streetcolumbia', 'swearingenroom main', 'swearingenroom main streetcolumbia'}"
183,"Wang, Song","{'computer vision', 'image processing', 'machine learning'}"
184,"Wang, Xiaofeng","{'sc', 'main streetcolumbia', 'swearingenroom main', 'swearingenroom main streetcolumbia'}"
185,"Wang, Yi","{'adaptive model integration massive real time data analytics', 'closed form', 'modeling closed', 'reduced order', 'alvarez', 'intelligencel lee', 'bone marrow', 'green computing visualization system engineering microfluidics nanofluidics', 'high fidelity multiphysics cfd fem analysis reduced order modeling closed form modeling real time simulation', 'curriculum vitae', 'real time', 'level simulation', 'prabhakarpandiana', 'curriculum vitae pdf imsel labdr wang computational data enabled science engineering cd application multiphysics multiscale system engineering', 'spiral inertial', 'pant j klarmannc', 'process control', 'control data', 'label free', 'computing visualization', 'vitae pdf', 'model integration', 'uncertainty quantification', 'label free mesenchymal stem cell enrichment bone marrow spiral inertial microfluidics', 'system engineering', 'high fidelity', 'fem analysis', 'free mesenchymal', 'including fluid', 'additive manufacturing', 'trade space exploration', 'specific focus', 'system design', 'data driven', 'machine learning', 'j garsona', 'computational data', 'modeling real', 'multiphysics multiscale', 'marrow spiral', 'time data', 'surrogate modeling', 'control synthesis', 'cd application', 'large scale system level simulation', 'lai', 'physic based', 'fidelity multiphysics', 'driven multi', 'system level', 'space exploration', 'adaptive modeling', 'long term goal towards engineering intelligencel lee', 'among others', 'discovery', 'model development', 'including engineering', 'including model', 'engineering intelligencel', 'multiscale system', 'large scale', 'adaptive model', 'labdr wang', 'multi fidelity', 'including model development', 'engineering data', 'j klarmannc', 'green computing', 'multidisciplinary analysis', 'among others specific focus physic based adaptive modeling', 'analysis optimization', 'long term', 'engineering cd', 'pant j', 'term goal', 'others specific', 'analysis reduced', 'visualization system', 'goal towards', 'multiphysics cfd', 'wang computational', 'inertial microfluidics', 'energy management', 'thermal energy', 'form modeling', 'pdf imsel', 'data analytics', 'cell enrichment', 'process control data driven multi fidelity surrogate modeling multidisciplinary analysis optimization', 'order modeling', 'cfd fem', 'integration massive', 'including engineering data mining', 'scale system', 'parameter estimation', 'rosanoa', 'imsel labdr', 'analytical method', 'application multiphysics', 'experimentation', 'thermal energy management', 'wang', 'enrichment bone', 'trade space', 'time simulation', 'microfluidics nanofluidics', 'data enabled', 'mesenchymal stem', 'hardware development', 'focus physic', 'structural interaction', 'science engineering', 'enabled science', 'data mining', 'based adaptive', 'massive real', 'management', 'towards engineering', 'engineering microfluidics', 'stem cell', 'fidelity surrogate', 'modeling multidisciplinary', 'fluid structural', 'including fluid structural interaction'}"
186,"Wei, Xiaojun","{'functional nanoparticles', 'biomedical engineering', 'nanopore', 'biosensor'}"
187,"Wells, James R.","{'pathway tumor', 'attention biomarkers', 'purpose study', 'positive hpv', 'clinical cancer', 'infection freshly', 'american european', 'school medicineva campusbld garner ferry rdprofessor well clinical focus analysis hpv infection freshly resected tissue specimen purpose study determine presence', 'squamous cell', 'ferry rdprofessor', 'hnscc tumor', 'campusbld garner', 'tumor specimen', 'neck clinical', 'particular attention biomarkers pathway may different hpv positive hpv negative cancer', 'specific pathway', 'predict gene', 'efficacy recurrent', 'school medicineva', 'biomarkers predict', 'freshly resected', 'gene therapy', 'recurrent squamous', 'garner ferry', 'particular attention', 'pathway may', 'carcinoma head', 'hpv hnscc', 'medicineva campusbld', 'patient biomarkers', 'biomarkers pathway', 'investigate marker', 'hpv infection', 'study determine', 'tumor development', 'different hpv', 'rdprofessor well', 'expression type hpv hnscc tumor specimen investigate marker specific pathway tumor development', 'tissue specimen', 'specimen purpose', 'analysis hpv', 'negative cancer', 'may different', 'european american', 'cancer dec', 'specimen investigate', 'determine presence', 'type hpv', 'expression type', 'hpv positive', 'african american european american patient biomarkers predict gene therapy efficacy recurrent squamous cell carcinoma head neck clinical cancer dec', 'well clinical', 'marker specific', 'hpv negative', 'american patient', 'therapy efficacy', 'head neck', 'focus analysis', 'resected tissue', 'african american', 'cell carcinoma', 'clinical focus'}"
188,"White, Ralph E.","{'california berkeley', 'dr whiteph', 'cv dr whiteph', 'cv dr'}"
189,"Williams, Christopher","{'catalysis solid', 'reflection infrared', 'oxide supported', 'development application', 'deposition allow', 'interface catalysis', 'carried liquid', 'particular focus studying solid liquid catalytic interface catalysis carried liquid phase important application fine chemical pharmaceutical production', 'byproduct biodiesel', 'reduction carbon', 'composition nanoscale', 'spectroscopic method', 'acid selective', 'material prepared', 'acid acid', 'particular focus', 'heterogeneous catalysis', 'condition e', 'catalyst reaction', 'focus studying', 'williams group', 'level understanding', 'ester hydrocarbon', 'solid liquid', 'mechanism govern', 'protocol development', 'national science', 'centerroom main', 'electrocatalytic reduction', 'molecular level', 'nanoparticle catalyst', 'group surface', 'area heterogeneous', 'govern function', 'understanding critical', 'catalysis carried', 'application fine', 'infrared atr', 'biomass derived', 'frequency spectroscopy', 'spectroscopy sers', 'prepared either', 'phase high', 'catalyst surface', 'primary involves', 'heterogeneous catalyst', 'major byproduct biodiesel production hydrodeoxygenation biomass derived organic acid acid ester hydrocarbon fuel electrocatalytic reduction carbon dioxide hydrocarbon catalyst investigation involve polycrystalline transition metal oxide supported mono bimetallic nanoparticle catalyst latter material prepared either traditional catalyst synthesis method novel protocol development g', 'technique development', 'reaction system', 'development group', 'size composition', 'situ operando', 'synthesis method', 'catalytic interface', 'critical wish', 'involve polycrystalline', 'ketoesters alkenoic', 'specific technique', 'ir spectroscopy', 'adsorption catalysis', 'hydrogenation alpha', 'major byproduct', 'organic acid', 'involves development', 'engineering centerroom main streetcolumbia', 'gas pressure', 'metal oxide', 'science foundation', 'variety industrial', 'vibrational spectroscopic', 'industrially relevant', 'study adsorption', 'approach allows', 'solid catalyst', 'derived organic', 'attenuated total', 'investigation involve', 'transition metal', 'allow control', 'funded national', 'hydrocarbon fuel', 'traditional catalyst', 'phase important', 'currently funded', 'sc williams', 'temperature specific', 'sum frequency', 'catalyst synthesis', 'variety industrial source', 'sfs information', 'dioxide hydrocarbon', 'application situ', 'selective oxidation', 'total reflection', 'attenuated total reflection infrared atr ir spectroscopy', 'catalysis surface', 'operando surface', 'specific application', 'bimetallic nanoparticle', 'important application', 'atr ir', 'fuel electrocatalytic', 'industrial source', 'fuel biorenewable', 'especially glycerol', 'production hydrodeoxygenation', 'surface industrially', 'latter material', 'electroless deposition', 'method study', 'catalytic mechanism', 'enhanced raman', 'new fuel', 'rationally design', 'pharmaceutical production', 'condition understanding', 'method novel', 'wish rationally', 'develop molecular', 'fine chemical', 'control size', 'future current', 'chemical pharmaceutical', 'surface vibrational', 'catalyst specific', 'catalyst latter', 'nanoscale williams', 'allows develop', 'design catalyst', 'including especially', 'liquid phase high gas pressure temperature specific technique development group surface enhanced raman spectroscopy sers', 'development g', 'understanding catalytic', 'enantioselective hydrogenation', 'either traditional', 'high gas', 'carbon dioxide', 'acid ester', 'metal nano', 'reaction condition', 'main streetcolumbia', 'group currently', 'biorenewable resource', 'spectroscopy sfs', 'production new fuel biorenewable resource primary involves development application situ operando surface vibrational spectroscopic method study adsorption catalysis solid catalyst surface industrially relevant reaction condition e', 'information obtained', 'engineering centerroom', 'dendrimer metal nano composite', 'novel protocol', 'supported mono', 'surface enhanced', 'electroless deposition allow control size composition nanoscale williams group currently funded national science foundation', 'catalyst investigation', 'relevant reaction', 'including especially glycerol', 'nano composite', 'current reaction', 'application future', 'system enantioselective', 'liquid catalytic', 'hydrocarbon catalyst', 'sc williams group area heterogeneous catalysis surface science', 'hydrodeoxygenation biomass', 'sum frequency spectroscopy sfs information obtained approach allows develop molecular level understanding catalytic mechanism govern function heterogeneous catalyst reaction condition understanding critical wish rationally design catalyst specific application future current reaction system enantioselective hydrogenation alpha ketoesters alkenoic acid selective oxidation alcohol', 'dendrimer metal', 'oxidation alcohol', 'alpha ketoesters', 'alkenoic acid', 'polycrystalline transition', 'obtained approach', 'mono bimetallic', 'production new', 'group area', 'liquid phase', 'pressure temperature', 'biodiesel production', 'resource primary', 'function heterogeneous', 'studying solid', 'surface science', 'raman spectroscopy'}"
190,"Won, Sang Hee","{'fuel', 'chemical kinetics', 'flame', 'propulsion', 'combustion'}"
191,"Wu, Dezhi","{'health', 'ux design', 'data analytics', 'humancomputer interaction', 'big data', 'behavioral information security', 'ai', 'big data analytics', 'behavioral information', 'interaction ux', 'information security', 'humancomputer interaction ux design'}"
192,"Xu, Songhua","{'artificial intelligence', 'mining patent', 'health cancer informatics artificial intelligence', 'intelligent software', 'including personalization', 'including medical', 'informatics artificial', 'information retrieval', 'interactive technique', 'law computer', 'songhua xu', 'cancer informatics', 'property law', 'health cancer', 'recommender system', 'recommender system text image mining patent informatics intelligent software practitioner intellectual property law computer graphic interactive technique multimedia visualization visual analytics intelligent user interface', 'analytics intelligent', 'songhua xu area health information technology', 'practitioner intellectual', 'health information', 'software practitioner', 'technique multimedia', 'image mining', 'multimedia visualization', 'patent informatics', 'system text', 'informatics intelligent', 'xu area', 'text image', 'knowledge management', 'graphic interactive', 'intellectual property', 'area health', 'visualization visual', 'visual analytics', 'user interface', 'computer graphic', 'information technology', 'intelligent user'}"
193,"Xue, Xingjian (Chris) ","{'oxide fuel', 'energy conversion', 'reliability durability', 'separation membrane', 'conversion storage', 'structural material', 'electrolysis cell', 'transport phenomenon', 'functional structural', 'fuel cell', 'dr xue solid oxide fuel cell', 'durability functional', 'gas separation membrane', 'material electrochemical', 'reliability durability functional structural material', 'gas separation', 'dr xue', 'xue solid', 'transport phenomenon electrochemical kinetics', 'phenomenon electrochemical', 'solid oxide', 'oxide electrolysis', 'solid oxide electrolysis cell', 'electrochemical energy', 'electrochemical kinetics', 'material electrochemical energy conversion storage'}"
194,"Yoon, Yeomin","{'adsorption', 'membrane filtration', 'water treatment', 'sonodegradation', 'nanotechnology'}"
195,"Yu, Lingyu ","{'ultrasonics', 'vibration', 'health monitoring', 'structural health monitoring', 'structural health'}"
196,"Yuan, Lang","{'solidification', 'additive manufacturing', 'discrete element', 'element modelling', 'discrete element modelling', 'microstructure modelling'}"
197,"Zand, Ramtin","{'computer architecture', 'zand involve', 'adaptive computer', 'reconfigurable adaptive', 'emerging nanoscale', 'low power', 'low power reliability aware vlsi circuit', 'vlsi circuit', 'dr zand', 'power reliability', 'including spintronic', 'neuromorphic computing', 'design machine', 'electronics including', 'reconfigurable adaptive computer architecture', 'reliability aware', 'hardware design', 'spintronic device', 'nanoscale electronics', 'emerging nanoscale electronics including spintronic device', 'involve hardware', 'aware vlsi', 'dr zand involve hardware design machine learning system', 'machine learning', 'learning system'}"
198,"Zhang, Bin","{'sc', 'main streetcolumbia', 'swearingenroom main', 'swearingenroom main streetcolumbia'}"
199,"Zhang, Qi","{'diverse context end', 'long term', 'artificial intelligence', 'ai system', 'retain power', 'reliable', 'term goal', 'develop analyze', 'algorithm uncertain', 'power flexibility', 'analyze decision', 'decision making', 'build safe', 'dynamic environment', 'context end', 'learning long', 'making algorithm', 'develop analyze decision making algorithm uncertain', 'goal build', 'intelligence reinforcement', 'artificial intelligence reinforcement learning long term goal build safe', 'flexibility handle', 'trustworthy ai system retain power flexibility handle complex', 'handle complex', 'diverse context', 'trustworthy ai', 'system retain', 'reinforcement learning'}"
200,"Zhou, Caizhi","{'stir welding', 'mechanical metallurgy', 'multiscale modeling', 'crystal plasticity', 'friction stir welding', 'friction stir', 'dislocation dynamic'}"
201,"Ziehl, Paul","{'paul ziehl', 'sponsored joint', 'serf understand', 'mechanical civil', 'main street', 'associate dean', 'investigator four', 'college professor', 'management joint', 'principal investigator', 'environmental engineering', 'analytics development', 'joint venture', 'enterprise college', 'civil environmental', 'professor structural', 'college engineering', 'four year', 'engineering dr', 'sc paul', 'served principal', 'structural engineering', 'ziehl ha', 'deployed wireless', 'sc paul ziehl associate dean college engineering computing', 'engineering department', 'nist sponsored', 'development commercially', 'ziehl associate', 'experience management', 'ha served', 'understand align', 'wireless structural', 'collaborator ha', 'ha experience', 'involving multiple', 'structural prognosis', 'dr ziehl', 'multiple industrial', 'department mechanical', 'align capability', 'year nist', 'engineering main', 'dean college', 'commercially deployed', 'project involving', 'capability faculty', 'venture project', 'prognosis system', 'suite', 'engineering main street', 'faculty enterprise', 'industrial collaborator', 'edge analytics', 'engineering computing', 'serf understand align capability faculty enterprise college professor structural engineering department mechanical civil environmental engineering dr ziehl ha experience management joint venture project involving multiple industrial collaborator ha served principal investigator four year nist sponsored joint venture project edge analytics development commercially deployed wireless structural prognosis system', 'project edge'}"
