,researcher_name,skills
0,"Agostinelli, Forest","{'reinforcement learning', 'artificial intelligence', 'deep learning', 'search', 'bioinformatics'}"
1,"Ahmad, Iftikhar","{'electronic technology', 'tech universityresearch', 'inc ph', 'fabrication novel high power electronic photonic device', 'universityresearch growth', 'previous position', 'content algan', 'novel high', 'computer simulation', 'nitride gallium', 'ph texas', 'senior scientist', 'bandgap semiconductor', 'growth study', 'study ultra', 'high aluminum', 'gallium oxide', 'fabrication novel', 'boron nitride', 'semiconductor including', 'computer simulation device', 'previous position senior scientist', 'simulation device', 'boron nitride gallium oxide', 'including high', 'wide bandgap', 'electronic photonic', 'inc ph texas tech universityresearch growth study ultra wide bandgap semiconductor including high aluminum content algan', 'sensor electronic', 'photonic device', 'ultra wide', 'power electronic', 'high power', 'texas tech', 'aluminum content', 'position senior', 'sensor electronic technology'}"
2,"Alexeev, Oleg S.","{'novosibirsk state', 'actual condition', 'focused fundamental', 'process surface', 'fundamental understanding', 'supported metal', 'reaction intermediate associated active site catalyst surface goal focused fundamental understanding structure metal support interface', 'spectroscopic technique', 'goal focused', 'support interface', 'considerable information', 'russiacatalytic process surface take place sequence elementary reaction involving adsorbed reactant', 'adsorbed reactant', 'metal support', 'experimental method', 'xps', 'ph', 'used characterize active site catalyst adsorbed specie actual condition catalysis considerable information gained technique along chemisorption catalytic data used establish dependence catalytic property metal cluster particle size', 'dependence catalytic', 'cluster support', 'boreskov institute catalysis', 'characterization catalytic', 'property metal', 'xrd', 'metal cluster', 'pursued application', 'promoter structure', 'material spectroscopic', 'adsorbed specie', 'involving adsorbed', 'associated active', 'along chemisorption', 'hrtem', 'site catalyst', 'catalytic property', 'aggregate objective', 'place sequence', 'uv visible', 'catalytic data', 'surface goal', 'particle size', 'elementary reaction', 'cluster particle', 'technique along', 'exafs', 'application combination', 'used characterize', 'method characterization', 'influence promoter', 'property supported', 'product', 'tpr', 'boreskov institute', 'catalysis considerable', 'data used', 'intermediate associated', 'cluster aggregate', 'catalyst adsorbed', 'understanding structure', 'specie actual', 'used establish', 'structure active site', 'structure metal', 'establish dependence', 'structure metal cluster support', 'condition catalysis', 'information gained', 'surface take', 'program pursued', 'various experimental', 'novosibirsk', 'sequence elementary', 'reaction involving', 'objective program', 'institute catalysis', 'structure catalytic', 'combination various', 'structure active', 'characterize active', 'catalyst surface', 'including tpd', 'catalytic material', 'active site', 'russiacatalytic process', 'ftir', 'structure metal support interface', 'gained technique', 'russiam', 'reaction intermediate', 'chemisorption catalytic', 'take place', 'influence promoter structure catalytic property supported metal cluster aggregate objective program pursued application combination various experimental method characterization catalytic material spectroscopic technique'}"
3,"Ali, Mohammod","{'electrical electronic', 'electrical engineering', 'foundation nsf', 'assignment division', 'ali received', 'nsf ipa', 'science foundation', 'sc ph', 'ph degree', 'intergovernmental personnel', 'prof ali', 'respectively victoria', 'electronic engineering', 'communication', 'working program', 'directorate engineering', 'swearingenroom main streetcolumbia', 'national science', 'director national', 'dhaka received', 'dhaka received sc ph degree electrical engineering', 'received sc', 'act assignment', 'main streetcolumbia', 'division electrical', 'program director', 'ha working program director national science foundation nsf ipa intergovernmental personnel act assignment division electrical', 'ipa intergovernmental', 'cyber system directorate engineering prof ali received sc electrical electronic engineering bangladesh engineering technology', 'bangladesh engineering', 'degree electrical', 'sc mohammod ali professor department electrical engineering usc july', 'engineering bangladesh', 'swearingenroom main', 'mohammod ali', 'ha working', 'engineering usc', 'sc mohammod', 'personnel act', 'system directorate', 'professor department', 'engineering prof', 'british columbia', 'usc july', 'canada', 'department electrical', 'sc electrical', 'engineering technology', 'cyber system', 'ali professor'}"
4,"Ammal, Salai C.","{'cv dr', 'bharathidasan', 'ammal pdfph', 'cv dr ammal pdfph', 'india', 'dr ammal'}"
5,"Bakos, Jason D. ","{'reconfigurable computing', 'high performance', 'performance computing', 'embedded system', 'computer architecture', 'high performance computing', 'heterogeneous computing'}"
6,"Banerjee, Sourav ","{'acoustic', 'biomedical', 'wave propagation', 'metamaterials', 'ultrasonics'}"
7,"Bayat, Mahmoud","{'machine learning', 'probabilistic analysis', 'nonlinear vibration', 'structural health monitoring', 'structural health', 'health monitoring', 'earthquake eng'}"
8,"Bayoumi, Abdel-Moez E. ","{'digital transformation dr bayoumi ha received funding department defense', 'behavior material', 'tribology', 'center predictive', 'aerospace engineering', 'ha year', 'mcnair aerospace', 'conference paper', 'relation professor', 'activity focused', 'program mechanical', 'monitoring system', 'national science', 'mechanical biomedical', 'national science foundation various industry ha published journal conference paper', 'prognosis life', 'joining usc', 'condition based maintenance', 'associate dean corporate relation professor mechanical biomedical engineering prior joining usc', 'year teaching', 'hewlett packard', 'director mcnair', 'dr bayoumi', 'department defense', 'aerospace center', 'digital transformation', 'ha received', 'received funding', 'nuclear aerospace', 'sc bayoumi ha year teaching', 'material engineering', 'strong program', 'engineering activity', 'transformation dr', 'diagnosis prognosis life prediction mechanical system', 'health monitoring system', 'mechanical material', 'manufacturing process', 'project manager', 'mechanical system', 'director center', 'engineering washington', 'professor mechanical material engineering washington state ha actively involved developing strong program mechanical', 'corporate relation', 'involved developing', 'based maintenance', 'developing strong', 'industry ha', 'prior joining', 'various industry', 'biomedical engineering', 'journal conference', 'diagnosis prognosis', 'packard company', 'north state', 'project manager hewlett packard company', 'state ha', 'nuclear aerospace engineering activity focused mechanical behavior material', 'focused mechanical', 'engineering prior', 'director center predictive maintenance', 'mechanical aerospace', 'prediction mechanical', 'condition based', 'industry experience currently director mcnair aerospace center', 'science foundation', 'engineering north', 'ha published', 'health monitoring', 'dean corporate', 'life prediction', 'main streetroom', 'manager hewlett', 'funding department', 'wa professor', 'actively involved', 'biomedical', 'professor mechanical', 'mechanical behavior', 'currently director', 'ha actively', 'industry experience', 'washington state', 'predictive maintenance', 'wa professor mechanical aerospace engineering north state', 'department energy', 'foundation various', 'sc bayoumi', 'associate dean', 'published journal', 'experience currently', 'bayoumi ha'}"
9,"Benigni, Andrea","{'main streetcolumbia', 'swearingenroom main streetcolumbia', 'sc', 'swearingenroom main'}"
10,"Berge, Nicole D.","{'room berge focus improving understanding physical', 'added product', 'carbon sequestration', 'energy yield', 'remediation technology', 'chemical', 'main street', 'value added', 'lead carbon', 'subsequent evaluation', 'production specific', 'development subsequent', 'conversion municipal', 'disposed nanomaterials', 'technique lead', 'landfill thermochemical', 'bioreactor landfill', 'thermochemical conversion', 'manipulated promote', 'yield waste', 'stream resource', 'stream leachate', 'evaluation innovative', 'pharmaceutical', 'disrupting compound', 'care product', 'process development', 'resource recovery', 'room berge', 'biological process', 'waste stream', 'berge focus', 'personal care product endocrine disrupting compound bioreactor landfill thermochemical conversion municipal solid waste increasing energy yield waste stream resource recovery waste stream leachate treatment process development subsequent evaluation innovative groundwater remediation technology', 'improving understanding', 'specific area', 'process manipulated', 'innovative groundwater', 'energy generation', 'endocrine disrupting', 'treatment technique', 'increasing energy', 'compound bioreactor', 'personal care', 'waste increasing', 'focus improving', 'sustainable waste', 'promote sustainable', 'area exploration', 'groundwater remediation', 'municipal solid', 'understanding physical', 'fate disposed', 'treatment process', 'product endocrine', 'solid waste', 'recovery waste', 'leachate treatment', 'waste treatment', 'biological process manipulated promote sustainable waste treatment technique lead carbon sequestration', 'value added product production specific area exploration fate disposed nanomaterials', 'exploration fate', 'product production'}"
11,"Besmann, Theodore  M.","{'waste material', 'nuclear fuel', 'fuel waste', 'nuclear fuel waste material'}"
12,"Bischoff, Jeff ","{'constitutive testing modeling hypertrophic scar', 'analysis structural', 'soft tissue', 'growth tissue', 'passive mechanic', 'testing modeling', 'tissue scaffolding', 'dr bischoff', 'framework modeling', 'biomedical engineering', 'bischoff biomedical', 'dr bischoff biomedical engineering', 'artificial tissue', 'constitutive evolution', 'modeling hypertrophic', 'structural constitutive', 'analysis structural constitutive evolution artificial tissue scaffolding', 'mechanic soft', 'passive mechanic soft tissue', 'constitutive testing', 'theoretical framework modeling growth tissue', 'hypertrophic scar', 'evolution artificial', 'theoretical framework', 'modeling growth'}"
13,"Blanchette, James  Otto","{'cell aggregate', 'following transplantation', 'hydrogel material', 'behavior endothelial', 'fall area', 'instructive material', 'spheroid geometry', 'chemotherapeutics administered', 'sc fall', 'transplantation mesenchymal', 'vascularization skiles', 'spectrum chemotherapeutics', 'genetic engineering', 'room main streetcolumbia', 'hanna', 'three dimensional', 'cell transplantation', 'responsive delivery', 'asc spheroid', 'function pancreatic', 'cell enhance', 'design cell', 'expand spectrum', 'material tracking', 'room main', 'induction pre', 'design instructive', 'cell cell', 'instructive hydrogel', 'administered orally', 'pancreatic islet', 'engineering specific', 'delivery therapeutic tissue engineering specific project developing responsive delivery system expand spectrum chemotherapeutics administered orally extending proper function pancreatic islet cell following transplantation genetic engineering design instructive hydrogel material tracking hypoxic signaling three dimensional cell aggregate transplantation mesenchymal stem cell enhance vascularization skiles l', 'transplantation genetic', 'specific project', 'enhance vascularization', 'rucker', 'aggregate transplantation', 'main streetcolumbia', 'geometry culture', 'brougham cook', 'impact induction', 'therapeutic tissue', 'delivery therapeutic', 'system expand', 'proper function', 'differentially impact', 'angiogenic behavior', 'extending proper', 'cell following', 'blanchette asc', 'endothelial cell', 'sc fall area design cell instructive material', 'cell instructive', 'delivery system', 'project developing', 'islet cell', 'engineering design', 'tracking hypoxic', 'pre angiogenic', 'orally extending', 'dimensional cell', 'mesenchymal stem', 'brougham cook blanchette asc spheroid geometry culture oxygenation differentially impact induction pre angiogenic behavior endothelial cell cell transplantation', 'cook blanchette', 'oxygenation differentially', 'hypoxic signaling', 'stem cell', 'signaling three', 'tipton', 'developing responsive', 'area design', 'skiles l', 'tissue engineering', 'culture oxygenation'}"
14,"Boltin, Nicholas D.","{'network improve', 'science computer', 'interaction boltin', 'artificial neural', 'science focus', 'industry data', 'field employ', 'supervised unsupervised machine learning', 'information data', 'analytical technique', 'application dimensional', 'technique including', 'evaluate translational', 'culley jm', 'supervised unsupervised', 'chemical mass', 'study jmir', 'press boltin', 'incident edit', 'employ technique', 'focus categorized', 'valdes', 'well predictive', 'support tool', 'neural network', 'jmir mhealth', 'department mass', 'emergency department', 'incident article', 'valafar mobile decision support tool emergency department mass casualty incident edit initial study jmir mhealth uhealth', 'information science computer science focus categorized two broad area one', 'statistical analysis', 'well predictive modeling two', 'statistic', 'broad area', 'sophisticated algorithm', 'predictive modeling', 'tool created', 'categorized two', 'machine learning', 'science interdisciplinary', 'article press', 'culley', 'healthcare industry', 'tool emergency', 'valafar application', 'mobile decision', 'many discipline', 'data mining', 'data utilizing', 'latest software', 'informatic tool', 'unsupervised machine', 'valafar mobile', 'dimensional reduction', 'valafar application dimensional reduction artificial neural network improve emergency department triage chemical mass casualty incident article press boltin', 'system healthcare', 'using latest', 'data science', 'created deploy', 'dimension reduction', 'improve emergency', 'algorithm using', 'technique many', 'development human', 'area one', 'human computer', 'design evaluate translational informatic tool created deploy sophisticated algorithm using latest software development human computer interaction boltin', 'focus developing', 'translational informatic', 'design evaluate', 'casualty incident', 'including data', 'initial study', 'interdisciplinary field', 'decision support', 'modeling two', 'developing decision', 'software development', 'discipline mathematics', 'support system', 'computer science', 'utilizing analytical', 'department triage', 'boltin focus', 'information science', 'glean information', 'deploy sophisticated', 'two broad', 'glean information data utilizing analytical technique including data mining', 'triage chemical', 'reduction artificial', 'computer interaction', 'edit initial', 'mass casualty', 'dr boltin focus developing decision support system healthcare industry data science interdisciplinary field employ technique many discipline mathematics', 'mhealth uhealth', 'dr boltin'}"
15,"Booth, Kristen","{'transformer optimization', 'medium frequency', 'medium frequency transformer optimization', 'power grid', 'electronics reliability', 'grid resiliency', 'frequency transformer', 'power electronics', 'power grid resiliency', 'power electronics reliability'}"
16,"Brookshire, Robert G., Ph.D.","{'article appeared journal computer information system', 'article appeared', 'director master', 'appeared journal', 'science computer', 'madison co', 'suite', 'computer information', 'north texas', 'information technology', 'technology program', 'president organizational', 'managementitec mainframe', 'byte', 'new york', 'journal computer', 'james madison', 'journal past president organizational system association editor information technology', 'european journal', 'texas state', 'sage publication', 'college engineering', 'legislative study', 'past president', 'sc director', 'mainframe systemsitec', 'robert brookshire', 'information system', 'james madison co author using microcomputer sage publication', 'study quarterly', 'system association', 'organizational system', 'systemsitec linux', 'programming administration', 'european journal operational', 'association editor', 'editor information', 'performance journal', 'linux programming', 'co author', 'legislative study quarterly', 'journal operational', 'record managementitec', 'virginia', 'engineering computing', 'microcomputer sage', 'north texas state', 'social science computer review', 'integrated information', 'taught new', 'health information', 'professor integrated', 'computer review', 'master health', 'innovation assembly', 'brookshire professor', 'ha taught', 'columbia', 'journal past', 'journal itec', 'assembly street', 'sc robert brookshire professor integrated information technology department college engineering computing', 'program ha', 'department college', 'using microcomputer', 'learning', 'social science', 'technology department', 'sc robert', 'itec record', 'innovation assembly street', 'author using', 'sc director master health information technology program ha taught new york', 'performance journal itec record managementitec mainframe systemsitec linux programming administration'}"
17,"Broughton, Earnie","{'vtb smart', 'developer virtual', 'practice responsibility', 'plan integrating', 'design project', 'responsibility gathering', 'test bed', 'stakeholder navy', 'best practice', 'addition writing', 'virtual test', 'earnie lead', 'integrating requirement', 'including mentoring student programming professional development best practice responsibility gathering stakeholder navy', 'mentoring student', 'activity development', 'industry requirement', 'including mentoring', 'requirement developing', 'ship system', 'private industry requirement developing plan integrating requirement consortium education', 'supervises daily activity development team project', 'lead software', 'daily activity', 'development team', 'gathering stakeholder', 'software developer', 'requirement consortium', 'system design', 'developing plan', 'team project', 'writing code', 'student programming', 'esrdc consortium', 'development best', 'private industry', 'professional development', 'programming professional', 'bed vtb', 'smart ship', 'supervises daily', 'earnie lead software developer virtual test bed vtb smart ship system design project addition writing code', 'project addition', 'consortium education'}"
18,"Buell, Duncan A.","{'election data', 'digital humanity', 'data support', 'broad class', 'algorithm architecture', 'ida cc', 'efficiency one', 'oriented computation', 'custom computing', 'fpgas compute', 'computer architecture', 'state digital', 'discrete mathematics text string processing', 'one app', 'multiprecision arithmetic', 'work ward', 'devised bit', 'neighborhood adjacent', 'architecture performing', 'floating point', 'data discovering', 'toward floating', 'xilinx fpgas', 'sc role', 'buell recent', 'performing computation', 'system digital', 'ward one', 'reduced efficiency', 'urban renewal', 'engaged analysis first year english essay linguistic characteristic improvement writing pedagogy professor buell past included algorithm architecture performing computation', 'characteristic improvement', 'processing computation', 'team auditing', 'compute element', 'discrete mathematics', 'problem process', 'significantly reduced', 'absence data', 'problem custom', 'one often', 'pedagogy professor', 'oriented toward', 'necessary another', 'image processing', 'arithmetic often', 'renewal columbia', 'programmed vhdl', 'vote absence', 'critical interactive', 'discovering problem', 'ha electronic', 'done string', 'architecture oriented', 'bit bit arithmetic often sufficient accuracy ida cc directed splash project building custom computing machine used xilinx fpgas compute element whose application programmed vhdl', 'class problem', 'part team', 'interactive iphone', 'columbia sc', 'building custom', 'process lead', 'support vote', 'analysis first', 'essay linguistic', 'humanity ha', 'image processing computation', 'past included', 'resident ward', 'point computation', 'directed splash', 'professor buell recent work ha electronic voting system digital humanity ha part team auditing election data discovering problem process lead uncounted vote absence data support vote total certified state digital humanity', 'cc directed', 'english essay', 'bit bit', 'application programmed', 'computational problem', 'critical interactive iphone urban renewal columbia sc role evicting resident ward one neighborhood adjacent', 'necessary another broad class problem custom computing machine devised bit oriented computation done string processing', 'one neighborhood', 'text string', 'number theory', 'auditing election', 'included algorithm', 'machine devised', 'writing pedagogy', 'uncounted vote', 'machine used', 'engaged analysis', 'fast integer', 'need substantial', 'electronic voting', 'problem number', 'role evicting', 'often need', 'computing machine', 'certified state', 'linguistic characteristic', 'project building', 'element whose', 'computation normally', 'year english', 'one class', 'iphone urban', 'first year', 'mathematics text', 'substantial parallelism', 'normally perform', 'traditional computer', 'bit arithmetic', 'recent work', 'vote total', 'total certified', 'computation done', 'co supervising work ward one app', 'evicting resident', 'supervising work', 'traditional computer architecture oriented toward floating point computation normally perform significantly reduced efficiency one class problem computational problem number theory fast integer arithmetic', 'often multiprecision', 'string processing', 'professor buell', 'perform significantly', 'ha part', 'buell past', 'another broad', 'lead uncounted', 'one often need substantial parallelism', 'co supervising', 'improvement writing', 'problem computational', 'whose application', 'voting system', 'used xilinx', 'bit oriented', 'often sufficient', 'accuracy ida', 'often multiprecision arithmetic', 'integer arithmetic', 'work ha', 'splash project', 'sufficient accuracy', 'theory fast'}"
19,"Caicedo, Juan","{'complete list', 'experimental mechanic', 'dr caicedo area specialization structural engineering emphasis structural dynamic numerical experimental area structural dynamic', 'society engineering', 'health monitoring', 'structural health', 'dynamic numerical', 'model updating', 'earthquake engineering structural control dr caicedo member american society civil engineer', 'society experimental mechanic american society engineering educator complete list project publication visit structural dynamic intelligent infrastructure lab website', 'area structural', 'project publication', 'emphasis structural', 'list project', 'area specialization', 'structural control', 'educator complete', 'engineering emphasis', 'visit structural', 'lab website', 'numerical experimental', 'earthquake engineering', 'network earthquake', 'engineering educator', 'publication visit', 'control dr', 'engineering structural', 'brown jr', 'infrastructure lab', 'structural dynamic', 'earthquake engineering institute', 'dynamic intelligent', 'civil engineer', 'engineering simulation', 'intelligent infrastructure', 'engineering institute', 'society civil', 'specialization structural', 'caicedo area', 'member american', 'dr caicedo', 'experimental area', 'structural health monitoring', 'caicedo member', 'society experimental', 'mechanic american', 'jr network', 'structural engineering', 'george brown', 'george brown jr network earthquake engineering simulation', 'american society'}"
20,"Carrilho, Leo ","{'design pwr', 'structural thermal', 'core component', 'simulation process', 'nuclear fuel', 'fuel core', 'hydraulic design', 'carrilho modeling', 'dr leo', 'leo carrilho', 'using fea cfd method', 'cfd method', 'using fea', 'fea cfd', 'dr leo carrilho modeling simulation process phenomenon structural thermal hydraulic design pwr nuclear fuel core component', 'pwr nuclear', 'modeling simulation', 'thermal hydraulic', 'process phenomenon', 'phenomenon structural'}"
21,"Carver, Wayne","{'matrix heart', 'seen alcohol', 'non muscle', 'abuse result', 'result myocardial', 'elaborate extracellular', 'alcohol seen', 'largely cardiac', 'myocardial fibrosis', 'road columbia', 'composed contractile', 'myocardial infarction', 'room garner', 'contractile muscle', 'infarction increased', 'cardiovascular performance', 'known affect', 'chronic exposure', 'ferry road', 'stiffer myocardium', 'interconnected supported', 'examine regulation', 'dr carver', 'function extracellular', 'lab focused', 'fibroblast cardiovascular', 'performance correlated', 'affect cardiovascular', 'fibrosis result', 'density organization', 'focused understanding', 'associated hypertension', 'school medicine', 'commonly associated', 'ventricular wall', 'matrix seen', 'cell non', 'heart produced', 'sc ventricular', 'cell others', 'extracellular matrix', 'behavior gene', 'type including', 'organization extracellular', 'fibroblast behavior', 'regulated heart', 'including fibroblast', 'change density', 'culture animal', 'accumulation extracellular', 'bldg room', 'understanding fibroblast', 'fibroblast dr', 'medicine bldg', 'seen fibrosis', 'heart function', 'used examine', 'matrix change', 'cell culture', 'supported elaborate', 'exposure alcohol', 'heart composed', 'hypertension myocardial', 'carver lab', 'animal model', 'garner ferry', 'heart disease', 'produced largely', 'fibrosis cell', 'regulation fibroblast', 'alters heart function extracellular matrix heart produced largely cardiac fibroblast dr carver lab focused understanding fibroblast behavior gene expression regulated heart particularly interested chronic exposure alcohol seen alcohol abuse result myocardial fibrosis cell culture animal model used examine regulation fibroblast cardiovascular disease', 'cardiovascular disease', 'matrix known', 'alters heart', 'others cell', 'disease instance', 'excessive accumulation', 'fibrosis commonly', 'school medicine bldg room garner ferry road columbia', 'heart particularly', 'cell interconnected', 'expression regulated', 'interested chronic', 'alcohol abuse', 'result stiffer', 'matrix fibrosis', 'cell type', 'increased accumulation', 'particularly interested', 'correlated heart', 'cardiac fibroblast', 'endothelial cell', 'model used', 'gene expression', 'sc ventricular wall heart composed contractile muscle cell non muscle cell type including fibroblast', 'wall heart', 'excessive accumulation extracellular matrix fibrosis commonly associated hypertension myocardial infarction increased accumulation extracellular matrix seen fibrosis result stiffer myocardium', 'muscle cell', 'endothelial cell others cell interconnected supported elaborate extracellular matrix change density organization extracellular matrix known affect cardiovascular performance correlated heart disease instance'}"
22,"Chandrashekhar, MVS","{'epitaxy', 'sic', 'plasmonics', 'chemistry', 'graphene'}"
23,"Chao, Yuh J. ","{'fracture fatigue material structure', 'constraint assessment specimen tested uniaxial biaxial loading condition', 'failure criterion', 'fracture fatigue', 'hao peng', 'durability pem', 'uniaxial biaxial', 'axial compression', 'yupeng qian', 'constraint assessment', 'theoretical experimental', 'combined experimental', 'system cao', 'solid structure', 'experimental numerical', 'biomechanics nanomechanics', 'stress distortion', 'chao theoretical', 'bi xiangju', 'yinbiao niffenegger', 'asme journal pressure vessel technology', 'cell system', 'tested uniaxial', 'pem fuel', 'impact mechanic material characterization failure criterion', 'durability pem fuel cell system cao', 'material structure', 'june wang', 'chen bingquan', 'zhu shiyang', 'vessel technology', 'wang bo', 'quasi perfect', 'perfect cylindrical', 'vol', 'asme journal', 'specimen tested', 'dr chao', 'international journal solid structure', 'yuh', 'impact mechanic', 'journal pressure', 'journal solid', 'shell axial', 'dukaifan', 'modeling residual', 'fatigue material', 'compression combined', 'june wang bo', 'buckling quasi', 'dr chao theoretical experimental study failure', 'material characterization', 'assessment specimen', 'markus chao', 'buckling quasi perfect cylindrical shell axial compression combined experimental numerical investigation', 'biaxial loading', 'welding modeling residual stress distortion', 'guian', 'characterization failure', 'study failure', 'international journal', 'cylindrical shell', 'residual stress', 'mechanic material', 'xiangtao', 'chao yuh', 'experimental study', 'numerical investigation', 'loading condition', 'welding modeling', 'fuel cell', 'pressure vessel'}"
24,"Chaudhry, Hanif","{'hydraulic engineering', 'water resource engineering', 'water resource', 'resource engineering', 'hydraulic transient'}"
25,"Chen, Fanglin (Frank)","{'solid oxide', 'solid oxide electrolysis cell', 'structure property', 'oxide fuel', 'chen synthesis', 'property relationship', 'oxide electrolysis', 'electronic conducting', 'dr chen', 'dr chen synthesis characterization material energy conversion storage', 'ionic electronic', 'solid oxide fuel cell', 'synthesis characterization', 'ionic electronic conducting ceramic', 'catalysis electrocatalysis', 'gas separation', 'conversion storage', 'material energy', 'energy conversion', 'characterization material', 'structure property relationship', 'gas separation membrane', 'electrolysis cell', 'composition', 'separation membrane', 'conducting ceramic', 'fuel cell'}"
26,"Chen, Yinchao","{'main streetcolumbia', 'swearingenroom main streetcolumbia', 'sc', 'swearingenroom main'}"
27,"Chen, Yuche","{'data sensing analytics', 'data sensing', 'sensing analytics', 'aiaugmented simulation', 'emerging technology'}"
28,"Cheng, Xu","{'kit sjtu', 'prof cheng', 'published paper', 'sjtu china', 'ha published', 'ha year', 'sjtu give', 'student kit', 'director division', 'currently professor', 'technology kit', 'cheng ha', 'student ha', 'director division innovative nuclear system kit ha supervised supervising phd student kit sjtu give lecture undergraduate master student ha published paper main field nuclear thermal hydraulics nuclear safety', 'teaching experience', 'ha supervised', 'master student', 'jiao tong', 'nuclear safety', 'division innovative', 'thermal hydraulics', 'hydraulics nuclear', 'main field', 'shanghai jiao', 'tong sjtu', 'innovative nuclear', 'prof cheng ha year experience year teaching experience currently professor karlsruhe institute technology kit germany shanghai jiao tong sjtu china', 'kit germany', 'system kit', 'karlsruhe institute', 'supervised supervising', 'paper main', 'field nuclear', 'nuclear thermal', 'nuclear system', 'give lecture', 'undergraduate master', 'experience year', 'kit ha', 'year teaching', 'supervising phd', 'lecture undergraduate', 'experience currently', 'germany shanghai', 'phd student', 'institute technology', 'year experience', 'professor karlsruhe'}"
29,"Cole, Casey","{'bioinformatics', 'computational biology'}"
30,"Coman, Paul","{'thermodynamics', 'liion safety'}"
31,"Crichigno, Jorge","{'science dmz', 'programmable switch', 'iot security'}"
32,"Cui, Taixing","{'road columbia', 'school medicine', 'garner ferry', 'ehime school', 'fourth military', 'molecular medicine', 'bldg room', 'room garner', 'r china', 'sc', 'japan', 'ehime school medicine', 'ferry road', 'fourth military medical', 'medicine bldg', 'school medicine bldg room garner ferry road columbia', 'military medical'}"
33,"De Backer, Wout","{'fused deposition', 'fused deposition modeling', 'printing', 'additive manufacturing', 'deposition modeling'}"
34,"Deng, Xiaomin ","{'process simulation', 'manufacturing process', 'molecular dynamic simulation', 'modeling simulation', 'solid mechanic', 'dynamic simulation', 'molecular dynamic', 'finite element', 'manufacturing process simulation'}"
35,"Devereux, Emily","{'development', 'foundation agency', 'institution signal', 'experience ha', 'senior administrator', 'reputation goal', 'federal foundation', 'signal competitiveness', 'year administration', 'sponsor based', 'senior administrator year administration community economic development', 'strategic planning', 'student growth', 'national ranking', 'perceived bias', 'goal identify', 'funding review', 'review enables', 'ha concentrated', 'competitiveness funding', 'funding sponsor', 'agent resource', 'contributes perceived', 'resource dependency', 'ranking perceived', 'administrator year', 'past year administration leadership experience ha concentrated strategic growth', 'concentrated strategic', 'enables institution', 'dependency theory', 'administration community', 'strategic growth', 'leadership experience', 'bias funding', 'administration leadership', 'review process', 'community economic', 'based principal', 'past year', 'bias federal', 'administration focused national ranking perceived bias funding review process based administrative capacity reputation goal identify contributes perceived bias federal foundation agency review enables institution signal competitiveness funding sponsor based principal agent resource dependency theory', 'focused national', 'process based', 'principal agent', 'agency review', 'administration focused', 'economic development', 'capacity reputation', 'based administrative', 'identify contributes', 'administrative capacity'}"
36,"Dillon, Anthony L","{'numerous business', 'worked within', 'suite', 'information technology', 'internship department', 'graduate program', 'sc dillon', 'undergraduate graduate', 'private public', 'technology brings', 'sc dillon director internship department integrated information technology clinical instructor undergraduate graduate program within iit mhit program ha worked within private public sector related educational technology brings numerous business partnership relationship', 'technology clinical', 'director internship', 'ha worked', 'public sector', 'instructor undergraduate', 'department integrated', 'dillon director', 'related educational', 'integrated information', 'program within', 'clinical instructor', 'within iit', 'mhit program', 'innovation assembly', 'within private', 'business partnership', 'assembly street', 'program ha', 'iit mhit', 'educational technology', 'brings numerous', 'partnership relationship', 'innovation assembly street', 'sector related'}"
37,"Dougal, Roger A.","{'control dr dougal currently supervises dozen graduate student', 'activity member', 'comprehensive simulation', 'insert greater', 'dougal ha', 'better realize', 'development consortium', 'member school', 'sponsorship office', 'hybrid power source', 'several post doctoral scholar faculty', 'test bed', 'post doctoral', 'technology ship', 'grid better', 'realize smart', 'virtual prototyping', 'doctoral scholar', 'principally focus power electronics also encompasses wide range associated technology across number engineering department dr dougal member board director electric ship development consortium esrdc', 'system group', 'seek insert', 'sc dougal lead power energy system group', 'several post', 'dougal also', 'overseen development', 'graduate student', 'coordination activity', 'across number', 'oversees usc', 'encompasses wide', 'principally focus', 'related new', 'director electric', 'power electronic', 'dynamic system', 'distribution technology', 'director new', 'dr dougal', 'applied study', 'system grape', 'sponsorship office naval', 'consortium esrdc', 'sponsored industry', 'scholar faculty', 'prof dougal', 'energy system', 'virtual test', 'simulation virtual', 'multidisciplinary dynamic', 'new nsf', 'dougal member', 'coordination activity member school prof dougal also site director new nsf sponsored industry cooperative center grid connected advanced power electronic system grape joint project usc arkansas seek insert greater level advanced power electronics utility power grid better realize smart grid since', 'currently supervises', 'greater level', 'supervises dozen', 'navy ship', 'system environment', 'cooperative center', 'grid since', 'lead power', 'environment multidisciplinary', 'range associated', 'usc activity', 'electric system', 'power source', 'site director', 'environment applied', 'dougal lead', 'associated technology', 'connected advanced', 'ha overseen', 'nsf sponsored', 'activity related', 'processing', 'main street', 'electronics utility', 'also encompasses', 'board director', 'arkansas seek', 'engineering department', 'street columbia', 'electrochemical power', 'power electronics', 'number undergraduate researcher', 'power generation', 'comprehensive simulation virtual prototyping environment multidisciplinary dynamic system environment applied study electric system navy ship', 'wide range', 'advanced power', 'level advanced', 'bed software', 'capacity oversees usc activity related new power generation', 'hybrid power', 'new power', 'ship development', 'swearingenroom main', 'number engineering', 'dougal currently', 'center grid', 'joint project', 'project usc', 'electronics also', 'utility power', 'industry cooperative', 'grid connected', 'sc dougal', 'system navy', 'office naval', 'power energy', 'focus power', 'department dr', 'usc arkansas', 'study electric', 'member board', 'electrochemical power source', 'technology across', 'prototyping environment', 'swearingenroom main street columbia', 'grape joint', 'distribution technology ship', 'control dr', 'electric ship', 'undergraduate researcher', 'smart grid', 'development virtual', 'dozen graduate', 'school prof', 'prof dougal ha overseen development virtual test bed software', 'also site', 'number undergraduate', 'electronic system', 'capacity oversees', 'power grid'}"
38,"Downey, Austin","{'health monitoring', 'structural health monitoring', 'structural health', 'realtime system'}"
39,"Dryer, Frederick  L. ","{'dr dryer', 'kinetics fuel', 'sc dryer', 'ha year', 'relevant space', 'space air', 'particle burning', 'fire safety dr dryer current chemistry chemical kinetics fuel hazardous waste material related ignition', 'sulfur ash metal component effect stationary energy conversion', 'kinetics relevant', 'incineration', 'application driven', 'transportation stationary', 'environment solid', 'emission generation', 'renewable energy', 'security reduction', 'related pollutant', 'derived alternative', 'effect stationary', 'science heat', 'ability address', 'ash metal', 'internal combustion', 'earth micro', 'micro gravity', 'non petroleum', 'phase interaction', 'chemical kinetics', 'fuel hazardous', 'conversion related', 'chemical kinetics relevant space air breathing propulsion', 'heavy fuel', 'including gasoline', 'fossil renewable energy conversion related ground transportation stationary power generation', 'fire safety', 'combustion property', 'phase gas', 'sc dryer ha year application driven fundamental experience thermal science heat transfer', 'stationary power', 'nano catalyst', 'fundamental experience', 'driven fundamental', 'fuel oil', 'related issue', 'dryer ha', 'breathing propulsion', 'chemical kinetic property', 'fluid dynamic', 'material related', 'aerosol particulate', 'combustion engine', 'chemistry chemical', 'energy conversion', 'gravity environment', 'interaction including', 'concern fire', 'oil combustion', 'including chlorine', 'safety related', 'energy security', 'safety dr', 'emission internal', 'phenomenon nano', 'main street', 'combustion', 'ability address energy security reduction net carbon cycle emission well pollutant concern fire safety related issue earth micro gravity environment solid phase gas phase interaction related particle burning phenomenon nano catalyst material emission internal combustion engine', 'material emission', 'kinetic property', 'reduction net', 'waste material', 'property non', 'heat transfer', 'chemical processing', 'related ignition', 'related ground', 'alternative fuel', 'year application', 'chemical kinetic', 'petroleum derived', 'power generation', 'interaction related', 'emission well', 'emission interaction', 'address energy', 'carbon cycle', 'pollutant mitigation', 'production', 'combustion related pollutant mitigation', 'solid phase', 'catalyst material', 'ground transportation', 'nitrogen oxide', 'including hydrocarbon', 'experience thermal', 'pollutant concern', 'gas turbine', 'component effect', 'current chemistry', 'net carbon', 'stationary energy', 'thermal science', 'dryer current', 'air breathing', 'gas phase', 'related particle', 'fossil renewable', 'rm carolinacolumbia', 'aerosol particulate emission interaction including chlorine', 'well pollutant', 'diesel', 'derived fuel', 'issue earth', 'generation abatement', 'physical chemistry', 'cycle emission', 'particulate emission', 'sulfur ash', 'emission generation abatement petroleum derived fuel', 'hazardous waste', 'abatement petroleum', 'metal component', 'heavy fuel oil combustion property non petroleum derived alternative fuel', 'combustion related', 'burning phenomenon'}"
40,"Eastman, Caroline M. ","{'information retrieval', 'professor eastman focus effective efficient algorithm information retrieval want information', 'organization search', 'broad spectrum', 'work area', 'correct find', 'security pi', 'director professor', 'professor eastman', 'interaction ha', 'find work', 'want information', 'useful correct', 'ha addressed', 'professor bowles', 'interface user', 'focus effective', 'addressed broad', 'quickly find', 'ha also', 'problem database', 'co director', 'pi co', 'effective efficient', 'find useful', 'search interface', 'colleague problem', 'experience undergraduate', 'algorithm information', 'efficient algorithm', 'easily quickly find useful correct find work area ha addressed broad spectrum problem', 'retrieval want', 'file organization', 'efficient file organization search interface user interaction ha also working colleague problem database security pi co director professor bowles nsf experience undergraduate site', 'eastman focus', 'also working', 'working colleague', 'undergraduate site', 'easily quickly', 'user interaction', 'efficient file', 'nsf experience', 'area ha', 'database security', 'spectrum problem', 'bowles nsf'}"
41,"Eberth, John F.","{'mechanobiology', 'cardiovascular', 'biomechanics', 'biomedical engineering'}"
42,"Ebner, Armin D.","{'small size', 'magnetic drug', 'ebner major application magnetic field separation', 'hgms found', 'manipulation magnetic', 'collect particle', 'particle fluid', 'use high', 'application external', 'otherwise realized', 'external magnetic', 'particle small', 'used assist', 'principle technique', 'high gradient', 'cancer treatment', 'embolization control', 'energized create', 'collection manipulation magnetic particle fluid medium', 'magnetic field', 'catholic chile', 'hgms principle', 'magnetism collection', 'fluid medium', 'emphasis use', 'application magnetic', 'separation hgms', 'gradient magnetic', 'magnetic particle', 'create magnetic', 'gradient large', 'low magnetism', 'chile', 'collection otherwise', 'realized today', 'area technique', 'control well', 'well rapid', 'major emphasis', 'assist magnetic', 'ebner major', 'emphasis potential', 'drug targeting', 'large enough', 'found medical', 'field separation', 'particular emphasis use high gradient magnetic separation hgms principle technique consists use fine ferromagnetic element result application external magnetic field become energized create magnetic gradient large enough collect particle small size low magnetism collection otherwise realized today major emphasis potential hgms found medical area technique used assist magnetic drug targeting cancer treatment', 'collection manipulation', 'ferromagnetic element', 'enough collect', 'use fine', 'rapid detoxification', 'embolization control well rapid detoxification', 'become energized', 'particular emphasis', 'medical area', 'fine ferromagnetic', 'targeting cancer', 'technique used', 'result application', 'element result', 'major application', 'magnetic separation', 'magnetic gradient', 'size low', 'technique consists', 'consists use', 'ph', 'today major', 'potential hgms', 'field become', 'restenosis'}"
43,"Eslambolchi Moghadam, Sara","{'drug discovery', 'natural product', 'medicinal plant', 'wound healing'}"
44,"Fan, Daping","{'macrophage cholesterol', 'inflammation machine', 'atherosclerotic plaque', 'inflammatory response', 'improve cancer', 'major cell', 'vicious cycle', 'abundance cytokine chemokines toll like receptor tlr ligand', 'condition macrophage', 'machine atherogenesis', 'atherogenesis macrophage', 'develop strategy', 'cholesterol homeostasis', 'killer united state many developed country atherosclerosis lipid deposit disease chronic inflammatory condition macrophage primary cholesterol sink well dominant inflammation machine atherogenesis macrophage foam cell formation inflammatory response form vicious cycle promote atherogenesis goal laboratory develop strategy disrupt vicious cycle promote regression atherosclerotic plaque restoring macrophage cholesterol homeostasis controlling macrophage inflammation myeloid cell major cell component tumor microenvironment tme', 'road columbia', 'whose interaction', 'room garner', 'tumor associated', 'aggressiveness tumor', 'inflammation myeloid', 'unique feature', 'response form', 'homeostasis controlling', 'chronic inflammatory', 'mainly myeloid', 'plaque resulting', 'primary cholesterol', 'tumor associated macrophage tam advanced tumor', 'progression focused', 'tme mainly', 'atherogenesis goal', 'determines aggressiveness', 'tam advanced', 'ferry road', 'due unique', 'tumor myeloid', 'sc rupture vulnerable atherosclerotic plaque resulting thrombosis direct cause heart attack stroke', 'network developing', 'derived suppressor', 'whose interaction malignant cell determines aggressiveness tumor myeloid cell tme mainly myeloid derived suppressor cell mdscs', 'toll like', 'cycle promote', 'focused understanding', 'macrophage tam', 'direct cause', 'school medicine', 'complex signaling', 'goal laboratory', 'regression atherosclerotic', 'chemokines toll', 'tlr ligand', 'metabolic profile', 'cancer progression', 'resulting thrombosis', 'strategy disrupt', 'function myeloid', 'macrophage inflammation', 'unusual metabolic profile', 'myeloid cell', 'network tune', 'tumor microenvironment', 'tme including', 'myeloid derived', 'macrophage primary', 'suppressor cell', 'bldg room', 'lipid deposit', 'cell tme', 'medicine bldg', 'rupture vulnerable', 'microenvironment tme', 'dominant inflammation', 'cell component', 'restoring macrophage', 'receptor tlr', 'well dominant', 'advanced tumor', 'understanding signal', 'country atherosclerosis', 'cell formation', 'promote atherogenesis', 'developing strategy', 'cell determines', 'due unique feature tme including hypoxia', 'including hypoxia', 'attack stroke', 'favor cancer', 'garner ferry', 'deposit disease', 'controlling macrophage', 'state many', 'inflammatory condition', 'complex signaling network tune dynamic function myeloid cell favor cancer progression focused understanding signal network developing strategy manipulate improve cancer treatment', 'macrophage foam', 'sink well', 'foam cell', 'cause heart', 'form vicious', 'unusual metabolic', 'manipulate improve', 'atherosclerosis lipid', 'many developed', 'cell favor', 'interaction malignant', 'abundance cytokine', 'heart attack', 'formation inflammatory', 'cell major', 'dynamic function', 'strategy manipulate', 'cancer treatment', 'plaque restoring', 'school medicine bldg room garner ferry road columbia', 'developed country', 'malignant cell', 'associated macrophage', 'dendritic cell', 'united state', 'cytokine chemokines', 'tune dynamic', 'promote regression', 'vulnerable atherosclerotic', 'killer united', 'like receptor', 'disrupt vicious', 'cell mdscs', 'signal network', 'thrombosis direct', 'cholesterol sink', 'feature tme', 'sc rupture', 'signaling network', 'disease chronic', 'laboratory develop', 'component tumor'}"
45,"Farkas, Csilla ",{'information security'}
46,"Farouk, Tanvir   I.","{'energy', 'combustion', 'multiphysics modeling', 'plasma', 'thermalfluid science'}"
47,"Fenner, Stephen A. ","{'especially quantum computing information', 'professor fenner core theoretical foundation computing computability computational complexity', 'computability computational', 'professor fenner', 'core theoretical', 'foundation computing', 'computing computability', 'fenner core', 'quantum computing', 'computational complexity', 'theoretical foundation', 'computing information', 'especially quantum'}"
48,"Fiedler, Kirk","{'business', 'computer science'}"
49,"Flora, Joseph","{'process water quality engineering', 'modeling environmental', 'modeling water', 'water quality', 'main molecular', 'process water', 'environmental reaction', 'dr flora main molecular modeling environmental reaction', 'computer modeling water quality engineering process', 'dr flora', 'molecular modeling', 'computer modeling', 'engineering process', 'flora main', 'quality engineering'}"
50,"Gadala-Maria, Francis","{'engineering centerroom', 'main streetcolumbia', 'centerroom main', 'sc', 'engineering centerroom main streetcolumbia', 'stanford'}"
51,"Gassman, Sarah","{'civil', 'geotechnical', 'engineering'}"
52,"Gatzke, Edward P.","{'product variability', 'value taking', 'nonconvex nonseparable', 'integer optimization', 'ongoing effort', 'new moving', 'discrete value', 'gatzke area', 'fundamental understanding', 'online solution', 'large scale system', 'improve productivity', 'process modeling', 'room main street columbia', 'effort parallel', 'new moving horizon formulation involving unknown value taking discrete value proposed application require online solution constrained mixed integer optimization problem ongoing effort parallel programming effort mixed integer optimization', 'requires fundamental', 'nonlinear characteristic', 'optimization efficient operation chemical process requires fundamental understanding dynamic nonlinear characteristic variety controller formulation developed reduce product variability improve productivity estimation diagnostic method used develop process information easily directly acquired instrumentation recently', 'scale system', 'reduce product', 'process requires', 'application area', 'sc gatzke area process modeling', 'easily directly', 'mixed integer', 'large scale', 'involving unknown', 'require online', 'characteristic variety', 'method application', 'bio process', 'estimation diagnostic', 'efficient operation', 'problem ongoing', 'formulation developed', 'instrumentation recently', 'constrained mixed', 'control', 'formulation involving', 'process information', 'operation chemical', 'main street', 'parallel nonconvex', 'variety controller', 'diagnostic method', 'approximation parallel', 'room main', 'reduce method', 'street columbia', 'integer outer', 'effort mixed', 'productivity estimation', 'sc gatzke', 'directly acquired', 'acquired instrumentation', 'particulate processing', 'parallel programming', 'used develop', 'value proposed', 'branch reduce', 'nonseparable mixed', 'optimization problem', 'optimization efficient', 'developed reduce', 'area particulate', 'develop process', 'method used', 'variability improve', 'application require', 'unknown value', 'including parallel nonconvex nonseparable mixed integer outer approximation parallel nonconvex branch reduce method application area particulate processing', 'including parallel', 'understanding dynamic', 'outer approximation', 'area process', 'controller formulation', 'solution constrained', 'proposed application', 'programming effort', 'dynamic nonlinear', 'chemical process', 'nonconvex branch', 'moving horizon', 'taking discrete', 'information easily', 'horizon formulation'}"
53,"Gerdes, Jr., John H.","{'article appeared', 'taught ohio', 'dealign measurement', 'one dealign measurement coke temperature', 'john gerdes', 'engineering cornell', 'nashville', 'one development new public key certificate support user privacy currently associate editor electronic commerce telecommunication system', 'pa eng', 'coke temperature', 'information system', 'one development', 'system vanderbilt', 'key certificate', 'department integrated', 'integrated information', 'journal ha', 'associate editor', 'commerce telecommunication', 'innovation assembly', 'measurement coke', 'public key', 'columbia', 'ph information system vanderbilt ha taught ohio state', 'assembly street', 'ha authored', 'appeared communication', 'innovation assembly street', 'transaction iie', 'ithaca', 'database management', 'new public', 'computer science vanderbilt', 'c teach', 'ohio state', 'china article appeared communication acm', 'user privacy', 'cornell', 'telecommunication system', 'ph information', 'b eng', 'dr gerdes', 'professor department', 'c teach software development', 'privacy currently', 'editor electronic', 'suite', 'hold b', 'dr john', 'associate professor', 'communication acm', 'certificate support', 'authored two', 'two patent', 'china article', 'journal ha authored two patent', 'teach software', 'bethlehem', 'decision support system', 'database management dr gerdes hold b eng mechanical engineering cornell', 'management dr', 'gerdes hold', 'development new', 'currently associate', 'science vanderbilt', 'eng mechanical', 'dr john gerdes associate professor department integrated information', 'tenn b', 'shanghai', 'gerdes associate', 'mechanical engineering', 'decision support', 'web site', 'sc', 'tenn', 'vanderbilt', 'software development', 'computer science', 'support system', 'electronic commerce', 'vanderbilt ha', 'site development', 'one dealign', 'ha taught', 'california riverside', 'support user', 'lehigh', 'jia tong', 'web site development'}"
54,"Gholizadeh, Sona","{'higher education', 'system analysis', 'engineering education'}"
55,"Gibbons, Joseph H.","{'pittsburgh', 'ph'}"
56,"Ginn, Herbert L.","{'carolinamississippi state', 'sc carolinamississippi state', 'main street', 'sc carolinamississippi', 'street columbia', 'swearingenroom main', 'swearingenroom main street columbia'}"
57,"Giurgiutiu (Jurjutzu), Victor","{'society mechanical', 'several book', 'smart structure', 'chapter many', 'dr giurgiutiu', 'mechanic topic', 'ha published', 'editor aeronautical', 'dr giurgiutiu span active material', 'health monitoring', 'fellow royal', 'structural health', 'journal raes', 'applied mechanic', 'active material', 'asme associate', 'conference paper', 'book chapter', 'giurgiutiu ha', 'journal article', 'raes american', 'physic applied', 'engineer asme', 'published several', 'book book', 'mechanical engineer', 'royal aeronautical', 'society raes', 'american society', 'multi physic', 'multi physic applied mechanic topic dr giurgiutiu ha published several book book chapter many journal article conference paper fellow royal aeronautical society raes american society mechanical engineer asme associate editor aeronautical journal raes', 'article conference', 'giurgiutiu span', 'many journal', 'associate editor', 'span active', 'paper fellow', 'structural health monitoring', 'topic dr', 'aeronautical society', 'aeronautical journal', 'mechatronics'}"
58,"Glenn Jr., Odell","{'effectiveness using', 'dry dust', 'asthma trigger', 'produced indoor', 'oil cfd', 'fundamental aspect', 'bound dry', 'unique way', 'education along', 'dry ice', 'passion education', 'undergraduate core', 'fundamental aspect novel technology abatement allergenic protein involved development approach potentially reduce potency asthma trigger produced indoor environment allergen bound dry dust particle home effectiveness using dry ice', 'essential oil cfd modeling elisa assay wa investigated present passion education along engineering education investigating new unique way teach undergraduate core fundamental key educator student', 'environment allergen', 'modeling elisa', 'technology abatement', 'way teach', 'present passion', 'education investigating', 'potency asthma', 'home effectiveness', 'abatement allergenic', 'teach undergraduate', 'aspect novel', 'protein involved', 'engineering education', 'allergenic protein', 'reduce potency', 'wa investigated', 'elisa assay', 'educator student', 'potentially reduce', 'investigating new', 'fundamental key', 'key educator', 'using dry', 'novel technology', 'involved development', 'development approach', 'approach potentially', 'along engineering', 'indoor environment', 'dust particle', 'trigger produced', 'particle home', 'essential oil', 'cfd modeling', 'investigated present', 'new unique', 'allergen bound', 'core fundamental', 'assay wa'}"
59,"Goharian, Erfan","{'system analysis', 'integrated water', 'water resource', 'integrated water resource management', 'hydroinformatics', 'resource management'}"
60,"Gower, R. Michael","{'immunoengineering', 'biomaterials'}"
61,"Gray, Joshua","{'range experience', 'chemical engineering', 'used nuclear', 'hydrogen storage', 'participated several', 'localized corrosion', 'department state', 'involves application', 'extensive experience', 'experienced engineer diverse background ranging educational instruction mentoring role', 'experience primarily', 'hydrogen storage fuel cell application', 'application electrochemical', 'serving laboratory manager instructor chemistry department state supported liberal art experience primarily involves application electrochemical engineering localized corrosion sustainable energy application worked area material compatibility corrosion susceptibility high temperature heat transfer fluid solar energy', 'state supported', 'instructor chemistry', 'manager instructor', 'engineering localized', 'area material', 'serving laboratory', 'development alternative separation process used nuclear fuel', 'ups area', 'mentor thesis', 'entrepreneurial start ups community based non profit social work educational role range experience teaching assistant graduate school chemical engineering laboratory', 'component characterization', 'several start', 'social work', 'school chemical', 'cell application', 'temperature heat', 'ups community', 'development environment', 'community based', 'substance use', 'experience teaching', 'non profit', 'entrepreneurial start', 'supported liberal', 'ranging educational', 'solar energy', 'corrosion sustainable', 'nonprofit area', 'laboratory manager', 'work educational', 'material compatibility', 'worked area', 'susceptibility high', 'educational role', 'serving mentor', 'mentoring role', 'currently co founder nonprofit area recovery substance use disorder', 'development alternative', 'area fuel', 'battery component characterization participated several start ups area fuel cell hydrogen storage technology', 'cell hydrogen', 'experience development', 'fuel cell', 'sustainable energy', 'based non', 'co founder', 'diverse background', 'experienced engineer', 'fluid solar', 'nuclear fuel', 'national laboratory', 'heat transfer', 'corrosion susceptibility', 'adjunct professor', 'energy application', 'working national', 'background ranging', 'liberal art', 'alternative separation', 'application worked', 'battery component', 'area recovery', 'transfer fluid', 'member adjunct', 'founder nonprofit', 'chemistry department', 'start ups', 'graduate school', 'serving mentor thesis committee member adjunct professor working national laboratory system', 'compatibility corrosion', 'extensive experience development environment', 'storage technology', 'profit social', 'professor working', 'primarily involves', 'thesis committee', 'currently co', 'storage fuel', 'role range', 'laboratory system', 'teaching assistant', 'separation process', 'use disorder', 'engineering laboratory', 'instruction mentoring', 'committee member', 'process used', 'recovery substance', 'art experience', 'characterization participated', 'electrochemical engineering', 'engineer diverse', 'assistant graduate', 'high temperature', 'educational instruction'}"
62,"Gross, Andrew J.","{'dr gross center mechanical property material includes design', 'center mechanical', 'fabrication', 'calibration material', 'use full', 'full field', 'nanoscale constituent', 'material model', 'especially nanoscale', 'includes design', 'mechanical property', 'data calibration', 'dr gross', 'characterization architected material', 'field experimental', 'architected material', 'experimental data', 'gross center', 'constituent well', 'material includes', 'characterization architected', 'especially nanoscale constituent well use full field experimental data calibration material model', 'property material', 'well use'}"
63,"Gumina, Sharon","{'sc year experience developer', 'using various', 'version developer', 'oracle visual', 'studio palo', 'information technology', 'educator information', 'security operation', 'version developer using various tool including sql developer oracle visual studio palo alto network authorized cybersecurity academy instructor', 'technology cisco', 'innovation center', 'developer using', 'center assembly', 'cyber security', 'visual studio', 'instructor cyber', 'tool including', 'developer oracle', 'routing switching', 'sql developer', 'alto network', 'analyst', 'innovation center assembly street', 'network authorized', 'including sql', 'operation routing', 'various tool', 'experience developer', 'sc year', 'office columbia', 'ccna ccna', 'academy instructor', 'assembly street', 'suite office', 'palo alto', 'educator information technology cisco academy instructor cyber security operation routing switching ccna ccna', 'authorized cybersecurity', 'cisco academy', 'cybersecurity academy', 'switching ccna', 'year experience', 'suite office columbia'}"
64,"Gürdal, Zafer ","{'multidisciplinary design', 'structural multidisciplinary', 'structural multidisciplinary design'}"
65,"Haj-Hariri, Hossein ","{'fluid mechanic', 'applied mathematics', 'thermal management'}"
66,"Harik, Ramy","{'conference exhibition', 'sc department', 'million usd', 'harik textbook', 'honor society', 'department mechanical', 'educator award', 'held columbia', 'dr harik textbook manufacturing education featuring traditional emergent manufacturing topic', 'usd funding', 'placement education', 'tau sigma', 'scientist nasa', 'researcher mcnair', 'emergent manufacturing', 'recipient outstanding', 'exhibition wa', 'master science', 'computer aided', 'nasa langley', 'member department', 'journal ha', 'society dr', 'associate editor', 'teach course', 'cam dr', 'textbook manufacturing', 'outstanding young', 'visiting scientist', 'funded student', 'editor computer', 'innovation currently', 'manufacturing computer', 'harik associate', 'harik chair', 'chair ace', 'fokker aerostructures', 'ace ace', 'student several', 'fulbright scholar', 'faculty member', 'funding boeing', 'several agency', 'dassault aviation', 'design application', 'nasa', 'industrial mechanical', 'automated fiber', 'engineering master', 'doctor philosophy', 'fiber placement', 'manufacturing computer aided manufacturing cam dr harik associate editor computer aided design application international journal ha million usd funding boeing', 'manufacturing cam', 'mainly teach', 'aided design', 'sc department commerce', 'currently visiting', 'ace technical', 'wa chair', 'featuring traditional', 'education join', 'design cad', 'faculty member department mechanical engineering resident researcher mcnair center aerospace innovation currently visiting scientist nasa langley', 'traditional emergent', 'mcnair center', 'join mechanical', 'course computer', 'manufacturing engineering', 'aviation funded', 'technical symposium', 'conference held', 'science industrial', 'automated manufacturing', 'international conference', 'ha million', 'symposium aerospace', 'application international', 'resident researcher', 'technology master', 'agency recipient', 'conducting automated', 'education featuring', 'manufacturing topic', 'sigma honor', 'engineering resident', 'mechanical engineering', 'award pi', 'aided manufacturing', 'plm international', 'engineering doctor', 'conducting automated fiber placement education join mechanical engineering master science', 'young educator', 'department commerce', 'chair plm', 'manufacturing education', 'ace ace technical symposium aerospace conference exhibition wa chair plm international conference held columbia', 'center aerospace', 'automated manufacturing engineering technology master science industrial mechanical engineering doctor philosophy mainly teach course computer aided design cad', 'dassault aviation funded student several agency recipient outstanding young educator award pi tau sigma honor society dr harik chair ace', 'aerospace innovation', 'international journal', 'philosophy mainly', 'pi tau', 'engineering technology', 'aerospace conference', 'dr harik'}"
67,"Henrich, Silke","{'catawba stroom', 'biomedical catawba', 'biomedical catawba stroom'}"
68,"Heyden, Andreas","{'multiscale modeling', 'biomass catalysis', 'uncertainty quantification', 'electrocatalysis', 'computational catalysis'}"
69,"Hikmet, Neset","{'health informatics', 'health information technology', 'information system', 'information technology', 'health information'}"
70,"Hoque, Shamia","{'metamodel', 'healthy building', 'transportation environment', 'sustainable technology'}"
71,"Hu, Jianjun","{'machine learning', 'deep learning', 'evolutionary computation', 'material informatics', 'bioinformatics'}"
72,"Hu, Ming","{'novel energy', 'energy system', 'interfacial heat transfer advanced thermal management', 'energy nanotechnology', 'thermal management', 'modeling complex', 'transport process', 'process full', 'scale multiphysics', 'simulation micro', 'particular low dimensional material nanostructures', 'heat transfer', 'scale thermal', 'micro nano', 'interfacial heat', 'dimensional material', 'multi scale multiphysics modeling complex energy transport process full list publication', 'multi scale', 'dr hu', 'hu modeling', 'multiphysics modeling', 'particular low', 'dr hu modeling simulation micro nano scale thermal transport novel energy system', 'nano scale', 'material nanostructures', 'energy transport', 'full list', 'low dimensional', 'modeling simulation', 'thermal transport', 'transfer advanced', 'transport novel', 'list publication', 'complex energy', 'advanced thermal'}"
73,"Huang, Chin-Tser","{'protocol design', 'network protocol design verification', 'distributed system', 'design verification', 'network security', 'network protocol'}"
74,"Huang, Kevin ","{'modeling', 'gas membrane', 'battery', 'electrochemistry', 'fuel cell'}"
75,"Huang, Xinyu ","{'composite', 'coating', 'durability', 'fuel cell'}"
76,"Huhns, Michael N.","{'ontology', 'distributed computing', 'multiagent system', 'serviceoriented computing', 'computer vision'}"
77,"Humphries, Wilfred Kenneth","{'practice soil', 'employee location city recognition dr humphries service engineering community', 'service engineering', 'engineering community', 'professional practice soil dynamic', 'national engineering firm approximately', 'serf senior', 'inc', 'letalier cup', 'wall present', 'award honor', 'service award', 'earth pressure', 'retaining wall', 'order palmetto', 'effect blasting structure', 'professional practice', 'soil stabilization', 'ha received', 'flexible pavement', 'national engineering', 'effect blasting', 'among others', 'lateral earth', 'consultant terracon', 'humphries service', 'employee year', 'honor including', 'public service', 'shallow foundation', 'asce nspe', 'recognition dr', 'public service award', 'rank fellow asce nspe', 'blasting structure', 'area', 'teaching', 'geotechnical consultant', 'palmetto highest', 'senior geotechnical', 'firm approximately', 'fellow asce', 'engineering firm', 'engineer year', 'terracon consultant', 'received numerous', 'humphries serf', 'rank fellow', 'dr humphries serf senior geotechnical consultant terracon consultant', 'soil dynamic', 'employee location', 'including order', 'deep shallow', 'retaining wall present', 'deep shallow foundation', 'location city', 'city recognition', 'numerous award', 'highest honor', 'dr humphries', 'ha received numerous award honor including order palmetto highest honor', 'government employee', 'lateral earth pressure', 'government employee year'}"
78,"Huray, Paul G.","{'main streetcolumbia', 'swearingenroom main streetcolumbia', 'sc', 'swearingenroom main'}"
79,"Huynh, Nathan","{'port operation', 'freight', 'logistics', 'drayage', 'health care'}"
80,"Imran, Jasim","{'free surface', 'experimental modeling', 'turbidity current', 'unsteady free', 'unsteady free surface flow', 'mass gravity flow', 'surface flow', 'mass gravity', 'numerical experimental modeling', 'gravity flow', 'sediment transport', 'numerical experimental'}"
81,"Jabbari, Esmaiel","{'protein delivery', 'tissue engineering', 'biomaterials'}"
82,"Jabbarzadeh, Ehsan","{'inflammatory response', 'type mechanical', 'nanotube array', 'signaling event', 'actively pursuing', 'controllable biophysical', 'biochemical morphological cue integrate generate appropriate response work complemented parallel effort construct single cell based mathematical model intercellular signaling event linked signaling output associated fate commitment addition', 'intercellular signaling', 'around cell', 'pharmaceutical design', 'vascular tissue', 'linked signaling', 'commitment addition', 'key characteristic', 'room main street columbia', 'construct single', 'overarching theme', 'remodeling development', 'matrix application', 'effort construct', 'generate appropriate', 'implanted biomaterials', 'cell differentiation', 'lab revolve', 'finely controllable', 'cell migration', 'sc overarching theme robust design engineering tissue understanding modeling environmental effect stem cell differentiation tissue remodeling development engineering microenvironments based carbon nanotube array finely controllable biophysical biochemical property investigation molecular mechanism associated cell migration', 'natural compound', 'investigation molecular', 'modeling environmental', 'revolve around', 'array finely', 'signaling output', 'press', 'effect stem', 'single cell', 'modulation inflammatory response implanted biomaterials using natural compound', 'extracellular matrix', 'sc overarching', 'parallel effort', 'differentiation tissue', 'understanding modeling', 'appropriate response', 'engineering yanez', 'model intercellular', 'tissue remodeling', 'laboratory actively', 'biochemical morphological', 'work complemented', 'biochemical property', 'bone vascular', 'cell based', 'morphological cue', 'current pharmaceutical design', 'blanchette', 'main street', 'theme robust', 'associated fate', 'application bone', 'modulation inflammatory', 'using natural', 'development engineering', 'natural extracellular', 'mechanism associated', 'room main', 'street columbia', 'property investigation', 'biomaterials using', 'integrate generate', 'output associated', 'based mathematical', 'development biomaterials', 'biomaterials recapitulate', 'distinctive type', 'environmental effect', 'mathematical model', 'complemented parallel', 'microenvironments based', 'proliferation differentiation investigation lab revolve around cell sense distinctive type mechanical', 'cell sense', 'associated cell', 'engineering microenvironments', 'sense distinctive', 'stem cell', 'response implanted', 'based carbon', 'response work', 'robust design', 'tissue engineering', 'recapitulate key', 'engineering tissue', 'tissue understanding', 'carbon nanotube', 'design engineering', 'laboratory actively pursuing development biomaterials recapitulate key characteristic natural extracellular matrix application bone vascular tissue engineering yanez', 'current pharmaceutical', 'characteristic natural', 'molecular mechanism', 'differentiation investigation', 'fate commitment', 'proliferation differentiation', 'biophysical biochemical', 'pursuing development', 'jabbarzadeh', 'cue integrate', 'event linked', 'investigation lab'}"
83,"Jalilvand, Golareh","{'solid oxide', 'studied new interconnect material dr jalilvand microstructure property relationship interconnects integrated circuit ic assisted machine learning method developed collaboration department computer science engineering uofsc', 'chemical engineering', 'studied new', 'jalilvand assistant', 'interconnect material', 'interconnects integrated', 'recognized several', 'national international', 'ic interconnects', 'relationship interconnects', 'worked silicon', 'platform prior', 'wa graduate assistant microelectronics fabrication reliability lab central florida', 'material science', 'engineering uofsc', 'uofsc faculty', 'faculty course', 'lab central', 'electronics dr', 'reliability solder', 'integrated circuit', 'fabrication reliability', 'thermo mechanical reliability solder joint', 'graduate assistant', 'solder joint', 'optimization via', 'oxide fuel', 'focused thin', 'central florida', 'assistant microelectronics', 'course ph', 'thermo mechanical', 'dr golareh jalilvand assistant professor chemical engineering department uofsc received sc', 'jalilvand microstructure', 'micro nano', 'several national', 'uofsc received', 'international platform', 'professor chemical', 'tsv tgv', 'joining uofsc', 'currently working microstructure optimization via unique electroplating technique enhance reliability ic interconnects', 'science engineering', 'film integrated', 'nano electronics', 'developed collaboration', 'energy conversion', 'prior microelectronics', 'reliability ic', 'integration packaging', 'machine learning', 'reliability lab', 'fuel cell', 'dr golareh', 'novel material', 'cell energy', 'microstructure property', 'film solid', 'microelectronics ha', 'heterogeneous integration packaging micro nano electronics dr jalilvand contribution field thin film integrated microelectronics ha recognized several national international platform prior microelectronics', 'learning method', 'prior joining', 'working microstructure', 'tgv based', 'engineering department', 'department uofsc', 'currently working', 'silicon glass', 'via unique', 'technique enhance', 'integrated microelectronics', 'ph material', 'received sc', 'circuit ic', 'assisted machine', 'worked silicon glass via tsv tgv based integration', 'jalilvand contribution', 'material interconnection', 'microstructure optimization', 'dr jalilvand', 'green paradigm', 'ha recognized', 'packaging micro', 'engineering prior', 'wa graduate', 'thin film', 'heterogeneous integration', 'contribution field', 'golareh jalilvand', 'sc ph', 'department computer', 'conversion green', 'glass via', 'property relationship', 'ic assisted', 'sc ph material science engineering prior joining uofsc faculty course ph', 'microelectronics fabrication', 'focused thin film solid oxide fuel cell energy conversion green paradigm', 'new interconnect', 'computer science', 'method developed', 'assistant professor', 'via tsv', 'electroplating technique', 'material dr', 'enhance reliability', 'unique electroplating', 'mechanical reliability', 'collaboration department', 'based integration', 'field thin', 'novel material interconnection'}"
84,"Jamshidi, Pooyan ","{'adversarial machine learning', 'artificial intelligence', 'machine learning', 'autonomic computing', 'learning system', 'machine learning system', 'computer system', 'adversarial machine'}"
85,"Kanapala, Neema ","{'neema kanapala', 'kanapala teach', 'neema kanapala teach various undergraduate course', 'teach various', 'undergraduate course', 'various undergraduate'}"
86,"Karakalos, Stavros G.","{'reaction use', 'order draw', 'increase rate', 'main goal', 'nap xps', 'secondary ion', 'various heterogeneous', 'srpes', 'important order', 'structural electronic', 'lead new', 'conclusion important', 'programmed desorption', 'ray induced', 'undergo structural', 'model system', 'interaction catalyst reactant interaction lead new intermediate lower activation energy end', 'process fundamental', 'catalyst increase', 'reactant interaction', 'reaction achieved', 'draw safe', 'spectroscopy xaes', 'heterogeneous catalytic', 'composition electronic property outermost atomic layer solid material', 'energy end', 'solid material', 'understanding reaction', 'important information', 'new energetic', 'ion mass', 'system important', 'situ catalytic', 'high vacuum', 'understanding reaction mechanism various heterogeneous catalytic process fundamental importance group main goal catalyst increase rate reaction achieved creating new energetic pathway reaction', 'ultra violet photoelectron spectroscopy ups', 'study catalyst', 'energetic pathway', 'electronic property', 'group main', 'necessity group', 'new intermediate', 'auger electron', 'reaction mechanism', 'interaction catalyst', 'mechanism various', 'interaction lead', 'temperature programmed', 'outermost atomic', 'synchrotron radiation', 'property outermost', 'secondary ion mass spectroscopy sims situ catalytic treatment', 'model catalyst', 'use efficient', 'study model', 'ray synchrotron', 'creating new', 'electron spectroscopy', 'efficient technique', 'catalytic treatment', 'photoelectron spectroscopy', 'surface undergo', 'violet photoelectron', 'ray induced auger electron spectroscopy xaes', 'importance group', 'ultra violet', 'temperature programmed desorption tpd', 'intermediate lower', 'safe conclusion', 'fundamental importance', 'achieved creating', 'electronic change', 'goal catalyst', 'catalyst reactant', 'catalyst necessity', 'use ray', 'change reaction', 'vacuum situ', 'sims situ', 'layer solid', 'catalyst surface', 'spectroscopy xps', 'radiation photoelectron', 'group use', 'spectroscopy ups', 'technique ultra', 'spectroscopy sims', 'catalytic process', 'activation energy', 'atomic layer', 'lower activation', 'rate reaction', 'situ study', 'desorption tpd', 'pathway reaction', 'derived study', 'tprs', 'induced auger', 'study model system important order draw safe conclusion important information derived study model catalyst surface undergo structural electronic change reaction use efficient technique ultra high vacuum situ study catalyst necessity group use ray synchrotron radiation photoelectron spectroscopy xps', 'determine structure', 'ultra high', 'information derived', 'mass spectroscopy', 'composition electronic'}"
87,"Karakchi, Rasha","{'heterogeneous computing', 'specialpurpose processor', 'fpga overlay', 'data analytics'}"
88,"Khan, Asif","{'main streetcolumbia', 'swearingenroom main streetcolumbia', 'sc', 'swearingenroom main'}"
89,"Khan, Jamil   A.","{'dr khan modeling manufacturing process', 'micro channel heat transfer', 'fluid flow', 'solidification melting', 'flow phase', 'cfd analysis', 'cfd analysis combustion process etc', 'temperature distribution machining', 'process etc', 'thermodynamic analysis', 'dynamic related', 'change solidification', 'experimental fluid', 'porous medium', 'ic engine', 'distribution machining', 'heat transfer', 'channel heat', 'heat transfer porous medium', 'dr khan', 'khan modeling', 'computational experimental fluid dynamic related contaminant transport room', 'thermodynamic analysis ic engine', 'computational experimental', 'analysis combustion', 'manufacturing process', 'temperature distribution', 'contaminant transport', 'melting casting', 'modeling manufacturing', 'fluid dynamic', 'related contaminant', 'micro channel', 'analysis ic', 'transfer porous', 'heat transfer fluid flow phase change solidification melting casting', 'transfer fluid', 'transport room', 'phase change', 'combustion process', 'welding'}"
90,"Kidane, Addis ","{'dynamic behavior material', 'image correlation', 'multifunctional material', 'digital image', 'behavior material', 'dynamic behavior', 'digital image correlation'}"
91,"Knight, Travis W.","{'area advanced', 'space nuclear power propulsion', 'nuclear power', 'nuclear fuel cycle', 'nuclear fuel', 'advanced nuclear', 'space nuclear', 'fuel material', 'us nuclear', 'dr knight area advanced nuclear fuel material', 'power including', 'fuel cycle', 'dr knight', 'knight area', 'nuclear safeguard', 'power propulsion', 'alternative us', 'including hydrogen', 'alternative us nuclear power including hydrogen'}"
92,"Koppel, Tarmo","{'risk management', 'tarmo koppel topic ai application business virtual assistant chatbots', 'thing iot', 'assistant chatbots', 'decision support', 'koppel topic', 'health safety', 'assessment risk', 'topic ai', 'industry', 'ai application', 'business virtual', 'internet thing iot', 'productivity enhancement', 'safety monitoring', 'remote sensing', 'smart workplace', 'sensor network', 'health safety monitoring', 'internet thing', 'threat assessment', 'smart manufacturing', 'tarmo koppel', 'threat assessment risk management', 'application business', 'virtual assistant'}"
93,"Lauterbach, Jochen","{'machine learning', 'ammonia decomposition synthesis', 'ammonia decomposition', 'highthroughput screening', 'heterogeneous catalysis', 'decomposition synthesis', 'conversion'}"
94,"Lee, Dongkyu","{'oxide electrocatalysis', 'energy application', 'nanostructured oxide'}"
95,"Lessner , Susan M.","{'loading environment', 'atherosclerotic plaque', 'method reduce', 'failure plaque', 'biology biomechanics', 'acute cardiovascular', 'blood vessel', 'mechano sensitive', 'failure mechanism', 'road columbia', 'arterial dissection', 'approach understand', 'cardiovascular event', 'interplay type', 'particularly interested intraplaque angiogenesis', 'room garner', 'micromechanics arterial', 'adverse interaction', 'factor plaque', 'greenville hospital', 'surgeon greenville', 'examine relationship', 'computational approach', 'sensitive gene', 'rupture arterial', 'risk acute', 'musc', 'engineering uofsc', 'ferry road', 'suggests plaque', 'play major', 'endarterectomy specimen', 'vascular biology', 'result adverse', 'work focus', 'failure play', 'school medicine', 'experimental computational', 'progression use', 'mechano sensitive gene expression biomechanics front', 'palmetto health', 'sc lessner', 'arterial tissue', 'role use', 'order develop method reduce incidence plaque rupture biological side', 'collaborate faculty', 'understanding interplay', 'vascular surgeon', 'tissue failure', 'reduce incidence', 'model human', 'matrix organization', 'develop method', 'rupture intraplaque', 'mechanical failure', 'wall failure', 'interaction biomechanical', 'aim develop', 'intraplaque angiogenesis', 'elevated risk', 'aim develop method identify patient elevated risk acute cardiovascular syndrome material failure play major role use experimental computational approach understand artery wall failure mechanism collaborate faculty mechanical engineering uofsc', 'biological side', 'identify patient', 'interested intraplaque', 'biomechanical biological', 'bldg room', 'incidence plaque', 'emphasis mechanical failure plaque rupture intraplaque angiogenesis atherosclerotic plaque rupture leading cause acute cardiovascular event heart attack stroke evidence suggests plaque rupture result adverse interaction biomechanical biological factor focus understanding interplay type factor', 'medicine bldg', 'plaque progression', 'mouse model', 'together vascular surgeon greenville hospital', 'study micromechanics arterial tissue failure plaque rupture arterial dissection', 'cause acute', 'biomechanics front', 'method identify', 'use transgenic', 'factor focus', 'mechanism collaborate', 'biological factor', 'study micromechanics', 'leading cause', 'attack stroke', 'order develop', 'garner ferry', 'use experimental', 'focus vascular', 'understand artery', 'specimen examine', 'new blood vessel growth', 'event heart', 'new blood', 'together vascular', 'sc lessner work focus vascular biology biomechanics atherosclerosis', 'evidence suggests', 'heart attack', 'lessner work', 'patient elevated', 'biomechanics atherosclerosis', 'vessel growth', 'mechanical engineering', 'stroke evidence', 'school medicine bldg room garner ferry road columbia', 'faculty mechanical', 'plaque rupture', 'human endarterectomy', 'rupture biological', 'destabilizing factor', 'artery wall', 'particularly interested', 'transgenic mouse', 'rupture leading', 'focus understanding', 'material failure', 'cardiovascular syndrome', 'angiogenesis atherosclerotic', 'major role', 'gene expression', 'mechanical loading', 'emphasis mechanical', 'syndrome material', 'relationship mechanical', 'expression biomechanics', 'destabilizing factor plaque progression use transgenic mouse model human endarterectomy specimen examine relationship mechanical loading environment', 'type factor', 'rupture result'}"
96,"Lewis, Jeremy ","{'jeremy lewis', 'teach various', 'undergraduate course', 'lewis teach', 'various undergraduate', 'jeremy lewis teach various undergraduate course'}"
97,"Li, Chen ","{'dr li', 'developing verifying', 'behavior application', 'scale two', 'controlling two', 'verifying theory', 'dr li micro nano scale two phase heat flow physic', 'modeling aim', 'prediction', 'phase transport', 'micro nano', 'towards controlling', 'transport behavior', 'application theory', 'phase heat', 'nano scale', 'aim basic', 'control modeling aim basic developing verifying theory two phase transport behavior application theory towards controlling two phase heat flow micro nano scale', 'two phase', 'heat flow', 'theory two', 'flow micro', 'control modeling', 'li micro', 'flow physic', 'theory towards', 'basic developing'}"
98,"Liu, Chang","{'nanostructures indicate', 'potential application drug development drug resistance study', 'project point care diagnostics resource limited setting nanopores capable ultrasensitive quantitation single protein peptide', 'fetal transmission', 'ev composed lipid bilayer contain molecular component cell', 'treatment monitoring', 'nanopores capable', 'type abundantly', 'candidate diagnostic', 'binding kinetics', 'biosensors enable', 'contain molecular', 'study generic', 'mimic bacteria', 'thus permit', 'platform fundamental', 'protein lspr', 'engineered contain', 'lspr signal', 'kinetics biomolecules', 'biomolecules lipid', 'signal nanostructures', 'potential application', 'medical pharmaceutical', 'single protein', 'level similar', 'circulating biomarkers', 'point care', 'patient project', 'medicine cell', 'bilayers mimic', 'based localized', 'resource limited', 'usually show', 'project develop', 'state cell', 'resonance lspr', 'composed lipid', 'technology rapid', 'performance detection', 'biomarkers biosensors', 'origin biomolecules', 'project nanostructure', 'surface plasmon', 'readily engineered contain specific lipid protein lspr signal nanostructures indicate binding kinetics biomolecules lipid bilayers', 'goal project', 'nanostructures covered', 'generic biosensing', 'dna fragment', 'microfluidics based', 'bacteria cell', 'disease g', 'identification novel', 'two dimensional', 'project point', 'limited setting', 'diagnostics assay', 'using nanopore', 'area future', 'assessment hiv', 'cell usually', 'future clinical', 'focused isolation', 'ev using', 'permit monitoring', 'genomics biomarkers', 'tuberculosis risk', 'lipid bilayers', 'dimensional fluidity', 'lipid bilayer', 'quantitation single', 'validate assay', 'maternal fetal', 'protein', 'high burden', 'personalized treatment', 'lipid', 'localized surface', 'cancer patient', 'diagnostics resource', 'detection active', 'lipid protein', 'novel proteomics', 'pharmaceutical developing', 'personalized medicine', 'burden area', 'rapid diagnosis', 'ev secretion', 'excellent candidate', 'using nanomaterials', 'portable vitro', 'including tumor cell usually show increased ev secretion level similar cell', 'low abundance', 'hiv maternal', 'bilayer contain', 'biosensing platform', 'thus permit monitoring low abundance circulating biomarkers goal project develop portable vitro diagnostics assay using nanopore technology rapid diagnosis treatment monitoring infectious disease g tuberculosis', 'cell origin', 'g tuberculosis', 'regimen cancer', 'development drug', 'develop portable', 'abundantly secrete', 'identification novel proteomics genomics biomarkers inside enable early detection personalized treatment regimen cancer patient project nanostructure based tool fundamental biochemical study generic biosensing platform fundamental biochemical study inform medical pharmaceutical developing nanostructure based localized surface plasmon resonance lspr biosensors study biomolecule interaction nanostructures covered lipid bilayers mimic bacteria cell membrane', 'increased ev', 'similar two', 'tool fundamental', 'setting nanopores', 'ultrasensitive quantitation', 'developing nanostructure', 'similar cell', 'clinical translation', 'biochemical study', 'secrete extracellular', 'based tool', 'ha focused', 'covered lipid', 'limited high', 'specific lipid', 'monitoring low', 'nanopore technology', 'reflect phenotypic', 'hiv resource', 'nanomaterials microfluidics', 'infectious disease', 'application drug', 'interaction nanostructures', 'show increased', 'indicate binding', 'plasmon resonance', 'treatment regimen', 'working clinician', 'translational biomarkers', 'prognostic biomarkers', 'risk assessment', 'fundamental biochemical', 'biomarkers goal', 'nanostructure based', 'biomarkers work', 'hiv resource limited high burden area future clinical translation', 'capable ultrasensitive', 'isolation circulating', 'biomarkers inside', 'study inform', 'diagnosis treatment', 'project translational', 'lspr biosensors', 'protein peptide', 'working clinician validate assay performance detection active tuberculosis risk assessment hiv maternal fetal transmission project translational biomarkers biosensors enable personalized medicine cell type abundantly secrete extracellular vesicle ev', 'fragment reflect', 'readily engineered', 'biosensors study', 'including tumor', 'transmission project', 'inside enable', 'secretion level', 'contain specific', 'inform medical', 'enable early', 'possess similar two dimensional fluidity', 'vitro diagnostics', 'vesicle ev', 'care diagnostics', 'resistance study', 'rna dna fragment reflect phenotypic state cell origin biomolecules excellent candidate diagnostic prognostic biomarkers work ha focused isolation circulating ev using nanomaterials microfluidics based technology', 'molecular component', 'early detection', 'diagnostic prognostic', 'enable personalized', 'assay using', 'rna dna', 'drug resistance', 'study biomolecule', 'active tuberculosis', 'clinician validate', 'cell type', 'proteomics genomics', 'tumor cell', 'circulating ev', 'component cell', 'possess similar', 'biomolecules excellent', 'detection personalized', 'abundance circulating', 'monitoring infectious', 'based technology', 'cell membrane', 'drug development', 'extracellular vesicle', 'biomolecule interaction', 'assay performance', 'work ha', 'phenotypic state', 'ev composed'}"
99,"Loiselle, Val","{'pond closure', 'epa pond', 'emphasis waste management disposal epa pond closure metal recycle manufacturing', 'professor loiselle nuclear engineering', 'recycle manufacturing', 'emphasis waste', 'disposal epa', 'environmental remediation', 'loiselle nuclear', 'metal recycle', 'professor loiselle', 'nuclear engineering', 'management disposal', 'closure metal', 'waste management'}"
100,"Luo, Lannan ","{'sofware system security', 'software engineering', 'sofware system', 'system security', 'deep learning', 'programming language', 'mobile security'}"
101,"Lyons, Jed ","{'senior associate dean academic affair', 'mentored assistant', 'asee executive', 'funded implementation', 'division asee', 'division lyon', 'researcher addition', 'jed lyon', 'department mechanical', 'recognized georgia', 'asee fellow', 'served first faculty director lyon wa appointed associate dean academic affair college engineering computing promoted senior associate dean lyon wa elected fellow american society engineering education asee wa founding member engineering division asee', 'foundation award', 'promoted senior', 'michael mungo', 'resource assessment', 'part college communication marketing team includes engineering education engineering material jed lyon received phd mechanical engineering georgia institute technology', 'lyon scholarship', 'graduation activity provides college oversight academic program level', 'engineering education', 'asee wa', 'member division', 'engineering educator', 'professor served', 'faculty service', 'activity provides', 'lyon received', 'service lyon', 'executive committee', 'outstanding young', 'undergraduate recruitment', 'institute technology', 'college oversight', 'lyon work engineering educator ha recognized georgia tech outstanding young alumnus award uofsc award michael mungo undergraduate teaching award', 'directs outreach activity', 'director lyon', 'society engineering', 'service award', 'lyon ha', 'engineering engineering', 'distinguished professor', 'georgia tech', 'first faculty', 'work engineering', 'member engineering', 'alumnus award', 'wide center', 'addition asee', 'engineering georgia', 'joined assistant', 'chair lyon', 'engineering division', 'create wide', 'lyon wa', 'dean academic', 'professional engineer', 'material jed', 'program chair', 'teaching award', 'engineering undergraduate', 'professor department', 'award michael', 'college communication', 'also served', 'teaching fellow', 'appointed associate', 'dean lyon', 'undergraduate teaching', 'undergraduate director', 'engineer state', 'professor award', 'scholarship area', 'academic resource', 'college engineering', 'education engineering', 'lyon directs', 'retention', 'includes engineering', 'helped create', 'dr lyon directs undergraduate recruitment', 'team includes', 'education includes', 'ha served', 'academic affair', 'educational foundation award outstanding faculty service lyon registered professional engineer state', 'fellow status', 'wa founding', 'educational foundation', 'fellow american', 'award outstanding', 'affair college', 'engineering computing', 'award uofsc', 'outstanding faculty', 'dr lyon', 'litman distinguished', 'ha recognized', 'teaching excellence', 'senior associate', 'assessment service', 'project ha', 'registered professional', 'tech outstanding', 'educator ha', 'academic program', 'litman distinguished professor award', 'program level', 'engineering material', 'division chair', 'lyon work', 'american society', 'graduation activity', 'wa elected', 'teacher researcher', 'wa appointed', 'bedenbach distinguished', 'young alumnus', 'mechanical engineering', 'implementation project', 'center teaching', 'ha mentored', 'bedenbach distinguished service award', 'teaching fellow teacher researcher addition asee fellow status', 'outreach activity', 'education asee', 'chair executive', 'full professor', 'advanced full professor served mechanical engineering undergraduate director', 'includes funded', 'phd mechanical', 'manages academic', 'ha also', 'mungo undergraduate', 'teaching assistant', 'marketing team', 'georgia institute', 'area mechanical', 'joined assistant professor department mechanical engineering', 'lyon registered', 'oversight academic', 'elected fellow', 'uofsc award', 'ha served chair executive committee member division lyon ha also served mechanical engineering division asee executive committee member', 'division chair lyon scholarship area mechanical engineering engineering education includes funded implementation project ha mentored assistant', 'helped create wide center teaching excellence', 'communication marketing', 'served chair', 'directs outreach', 'founding member', 'committee member', 'assistant professor', 'received phd', 'manages academic resource assessment service', 'provides college', 'served mechanical', 'distinguished service', 'faculty director', 'computing promoted', 'fellow teacher', 'associate dean', 'part college', 'served first', 'advanced full', 'secretary', 'directs undergraduate'}"
102,"Mandal, Krishna","{'main streetcolumbia', 'swearingenroom main streetcolumbia', 'sc', 'swearingenroom main'}"
103,"Matolak, David","{'main streetcolumbia', 'swearingenroom main streetcolumbia', 'sc', 'swearingenroom main'}"
104,"Matta, Fabio","{'polymer matrix', 'quality earth', 'structure sponsor', 'structure hazard', 'national institute standard technology', 'facility corrosion', 'theoretical construction', 'stressor area', 'area affordable', 'steel concrete', 'matrix composite', 'assessment constructed', 'dr matta', 'national science', 'strengthening repair', 'material structural', 'matta team', 'structure multi', 'industry', 'multi scale', 'affordable high', 'concrete structure', 'sponsor national', 'team conduct', 'construction material', 'advanced cement', 'load testing', 'multi functional', 'scale multi', 'functional reinforcement', 'experimental theoretical', 'ranging affordable', 'structural performance', 'standard technology', 'composite concrete', 'department energy', 'hazard mitigation', 'monitoring assessment constructed facility corrosion steel concrete structure sponsor national science foundation', 'cement polymer', 'high quality', 'dwelling structure', 'earth masonry', 'corrosion steel', 'dr matta team conduct experimental theoretical construction material structural performance', 'ranging affordable high quality earth masonry advanced cement polymer matrix composite', 'emphasis extreme', 'civil structure', 'national institute', 'institute standard', 'masonry advanced', 'constructed facility', 'reinforcement cement', 'cement composite', 'emphasis extreme stressor area affordable high quality dwelling structure hazard mitigation strengthening repair civil structure multi scale multi functional reinforcement cement composite concrete load testing', 'extreme stressor', 'mitigation strengthening', 'repair civil', 'conduct experimental', 'concrete load', 'quality dwelling', 'monitoring assessment', 'science foundation'}"
105,"Matthews, Catherine","{'csce class', 'instructor csce', 'instructor csce class'}"
106,"Matthews, Manton M","{'language processing', 'security', 'natural language processing', 'natural language', 'graph theory'}"
107,"Matthews, Michael A.","{'role deliquescence', 'borohydride addition', 'underway group', 'society ac', 'hydrogen storage', 'carbonix llc', 'ph texas', 'environmental health', 'doe ha', 'understanding hydration', 'reaction water', 'matthew obtained', 'approximately journal', 'ha led', 'two major', 'grant niehs', 'application pem fuel cell funding nsf doe ha led expanded understanding role deliquescence reaction water vapor sodium borohydride addition', 'founded carbonix', 'joined teach', 'environmental improvement', 'professor mike', 'focused development', 'engineer two', 'texas joined', 'expanded understanding', 'funding nsf', 'storage chemical', 'state reaction', 'field thermodynamics', 'chair industrial engineering chemistry division american chemical society ac currently serf committee environmental improvement ac fellow american chemical society american institute chemical engineer two major thrust underway group first deal application supercritical carbon dioxide biomedical application funding national institute biomedical imaging bioengineering ha focused development novel technology sterilization disinfection synthetic natural biomaterials funding national institute environmental health science aimed abatement indoor allergenic protein respiratory hazard dr matthew founded carbonix llc aid three sbir grant niehs second thrust utilization chemical hydride hydrogen storage medium', 'science aimed', 'professor mike matthew obtained ph texas joined teach conduct broad field thermodynamics', 'protein respiratory', 'development novel', 'pem fuel', 'institute environmental', 'ac currently', 'american chemical', 'institute chemical', 'dioxide biomedical', 'carbon dioxide', 'biomaterials funding', 'niehs second', 'utilization chemical', 'dr matthew', 'engineering chemistry', 'project related hydrogen storage chemical hydride', 'thrust underway', 'group first', 'application supercritical', 'biomedical imaging', 'technology sterilization', 'funding ha', 'paper ha', 'utilization reaction', 'deliquescence reaction', 'ha raised', 'mike matthew', 'fuel cell', 'ac fellow', 'ha focused', 'product important', 'chemical hydride', 'understanding role', 'hydride hydrogen', 'disinfection synthetic', 'improved understanding', 'project related', 'biomedical engineering', 'broad field', 'currently serf', 'storage medium', 'sbir grant', 'serf committee', 'deal application', 'institute biomedical', 'ha served', 'vapor sodium', 'allergenic protein', 'fellow american', 'teach conduct', 'society american', 'health science', 'conduct broad', 'biomedical application', 'reaction product', 'bioengineering ha', 'natural biomaterials', 'improved understanding hydration state reaction product important decreasing total water utilization reaction', 'llc aid', 'funding national', 'aid three', 'sterilization disinfection', 'chemical society', 'synthetic natural', 'served department', 'hydration state', 'department chair', 'ha published', 'application funding', 'application pem', 'chemistry division', 'water vapor', 'indoor allergenic', 'hazard dr', 'published approximately', 'led expanded', 'three sbir', 'matthew founded', 'journal paper', 'chemical engineer', 'thrust utilization', 'chemistry ha', 'nsf doe', 'major thrust', 'raised funding', 'related hydrogen', 'sodium borohydride', 'cell funding', 'green chemistry', 'imaging bioengineering', 'american institute', 'second thrust', 'aimed abatement', 'obtained ph', 'novel technology', 'first deal', 'improvement ac', 'chair industrial', 'abatement indoor', 'associate dean', 'industrial engineering', 'national institute', 'total water', 'green chemistry ha raised funding ha published approximately journal paper ha served department chair', 'respiratory hazard', 'decreasing total', 'division american', 'committee environmental', 'important decreasing', 'water utilization', 'supercritical carbon'}"
108,"McAnally, A. Steve","{'project optimization', 'water production', 'developing community', 'focus water', 'cost portable', 'industrial municipal', 'water treatment', 'using low', 'waste minimization', 'treatment heavy', 'mcanally focus', 'wastewater treatment', 'dr mcanally focus water wastewater treatment', 'reform civil', 'heavy metal', 'environmental engineering', 'particularly appropriate', 'potable water', 'constructed wetland', 'education reform', 'particularly appropriate technology application developing community recent project optimization study potable water production using low cost portable water treatment unit area water treatment heavy metal removal corrosion control', 'treatment education', 'community recent', 'low cost', 'dr mcanally', 'appropriate technology', 'constructed wetland application industrial municipal wastewater treatment education reform civil environmental engineering', 'corrosion control', 'industrial waste', 'recent project', 'application developing', 'application industrial', 'civil environmental', 'optimization study', 'water wastewater', 'metal removal', 'treatment unit', 'industrial waste minimization', 'wetland application', 'municipal wastewater', 'removal corrosion', 'study potable', 'portable water', 'production using', 'technology application', 'area water', 'unit area'}"
109,"McCants, Dale ","{'computational fluid', 'experimental computational', 'dynamic heat', 'nanofluids heat', 'dr mccants', 'experimental computational fluid dynamic heat transfer', 'heat transfer', 'dr mccants nanofluids heat transfer mechanic', 'electronics thermal management', 'mccants nanofluids', 'transfer mechanic', 'fluid dynamic', 'thermal management', 'electronics thermal'}"
110,"McNeill, Stephen ","{'image correlation', 'mechanic reverse', 'digital image', 'experimental mechanic', 'dr mcneill computer vision', 'microprocessor', 'digital image correlation', 'reverse engineering', 'experimental mechanic reverse engineering', 'mcneill computer', 'computer vision', 'dr mcneill'}"
111,"Meekins, Benjamin H.","{'state electrochemistry', 'hydrogen generation', 'solid state', 'photoelectrochemistry', 'electrochemistry', 'solar energy', 'solid state electrochemistry'}"
112,"Mobli, Mostafa","{'previously developed', 'cooling industry', 'thermal analysis', 'glow discharge', 'importance accurate', 'flow heat', 'simulate phase', 'temperature analysis', 'numerical solution', 'transfer focused', 'interested numerical', 'developed method', 'fluid flow', 'used various', 'scale used', 'application specially', 'analysis glow', 'various cooling', 'change micro', 'interested numerical solution problem involving reactive flow heat transfer focused developing new numerical method applying previously developed method analyze wide range fluid flow heat transfer application specially focused continuous method simulate phase change micro nano scale used various cooling industry', 'method simulate', 'accurate temperature', 'heat transfer', 'micro nano', 'specially focused', 'involving reactive', 'developing new', 'transfer application', 'thermal analysis glow discharge show importance accurate temperature analysis glow discharge simulation', 'numerical method', 'wide range', 'method analyze', 'focused continuous', 'continuous method', 'focused developing', 'nano scale', 'discharge simulation', 'range fluid', 'solution problem', 'discharge show', 'new numerical', 'problem involving', 'analyze wide', 'phase change', 'reactive flow', 'show importance', 'applying previously', 'method applying'}"
113,"Monnier, John R.","{'large number', 'industrially relevant', 'catalyst design', 'even difficult correlate catalyst performance bimetallic catalyst composition laboratory us electroless deposition ed', 'current design', 'composition ag', 'either automated', 'carried either', 'metal doe', 'selective oxidation', 'higher output', 'ed result selective deposition secondary metal onto metallic surface formation isolated crystallite secondary metal catalyst support perhaps importantly', 'industrial company', 'isolated crystallite', 'reaction conducted', 'chemical higher', 'catalytic deposition', 'site ha', 'ag pt', 'particle rather', 'surface formation', 'laboratory us', 'pre existing', 'wisconsin milwaukee', 'surface placing', 'applied wide', 'preparative method', 'difficult characterize', 'multi functional', 'flow reactor', 'process may', 'nature activated', 'transformation hydrocarbon', 'metal support', 'biomass molecule', 'catalyst synthesis', 'tank reactor', 'metal site', 'group focus heterogeneous catalysis', 'catalyst selective', 'several industrial', 'reaction pathway', 'either simultaneous', 'introducing bifunctionality active surface placing different catalytic metal contiguous proximity bimetallic catalyst synthesis often carried either simultaneous co impregnation metal salt onto catalyst support successive step metal salt addition either preparative method', 'pt co', 'silica supported', 'chemical reaction', 'metal solution', 'reactor six', 'successive step', 'characterization evaluation', 'support perhaps', 'reactor project', 'metal catalyst', 'selective deposition', 'reaction selective', 'molecule glycerol', 'hydrocarbon higher', 'opportunity changing', 'performance bimetallic', 'difficult correlate', 'heterogeneous catalysis', 'catalyst afford', 'metal salt', 'salt onto', 'either catalytic', 'selective hydrogenation', 'crystallite secondary', 'engineering centerroom', 'even difficult', 'used deposit', 'rational catalyst', 'pem fuel', 'impregnation metal', 'deposition supported', 'design synthesis', 'currently funded', 'perhaps importantly', 'supported carbon', 'electronic property', 'higher value', 'ensemble catalytic', 'controlled chemical', 'bimetallic particle', 'prepared large', 'support successive', 'deposited metal', 'selective transformation', 'step metal', 'salt metal', 'depending nature', 'virtually impossible', 'selective oxidation biomass molecule glycerol', 'several industrial company', 'introducing bifunctionality', 'deposited metal metal', 'often carried', 'number bimetallic', 'difficult characterize catalytic system', 'au pd', 'bimetallic catalyst', 'characterize catalytic', 'group focus', 'formation bimetallic', 'metallic surface', 'high pressure', 'changing catalyst', 'fuel cell', 'catalytic metal', 'metal metal', 'secondary metal', 'electrocatalysts pem', 'salt addition', 'evaluated traditional', 'catalytic reaction', 'catalytic system', 'conducted either', 'range metal', 'olefin reaction', 'modifying electronic property catalytic surface site', 'activated metal', 'solution onto', 'cell bimetallic', 'plug flow', 'relevant process', 'value chemical', 'pt rh', 'doe', 'composition laboratory', 'either changing', 'ed result', 'metal prepared', 'changing performance', 'deposition secondary', 'activated reducing', 'stirred tank', 'electroless deposition', 'wide range', 'rh tested', 'synthesis characterization', 'catalyst support', 'agent principle', 'support autocatalytic', 'selective epoxidation', 'pd evaluated', 'single pas plug flow reactor six two high pressure batch stirred tank reactor project currently funded nsf', 'may either', 'supported composition', 'epoxidation olefin', 'pt rh tested electrocatalysts pem fuel cell', 'pas plug', 'catalytic surface', 'ensure formation', 'either changing catalyst surface ensemble catalytic site permit selected reaction pathway', 'catalytic site', 'whereby controlled', 'synthesis often', 'pressure batch', 'funded nsf', 'synthesis novel', 'property catalytic', 'addition either', 'traditional catalytic', 'hydrogenation multi', 'cu pd evaluated traditional catalytic reaction selective epoxidation olefin', 'two high', 'placing different', 'permit selected', 'ed industrially', 'site reducing', 'deposition metal', 'process applied', 'us electroless', 'tested electrocatalysts', 'whereby controlled chemical reaction used deposit metal salt onto catalytic metal site ha activated reducing agent process may either catalytic deposition metal salt metal solution onto pre existing metal metal support autocatalytic deposition metal salt metal onto reduced', 'doe occur', 'formation isolated', 'occur thus', 'onto metallic', 'output pem', 'centerroom main', 'functional olefin', 'either preparative', 'afford great', 'simultaneous co', 'novel bimetallic', 'onto catalyst', 'pt pd', 'metallic particle', 'catalyst surface', 'impossible ensure', 'proximity bimetallic', 'focus heterogeneous', 'silica supported composition ag pt', 'autocatalytic deposition', 'using electroless', 'virtually impossible ensure formation bimetallic particle rather', 'different catalytic', 'six two', 'surface ensemble', 'st ambrose', 'active surface', 'formation separate', 'sc', 'depending nature activated metal site reducing agent principle', 'engineering centerroom main streetcolumbia', 'existing metal', 'cu pd', 'particle metal', 'selective hydrogenation multi functional olefin reaction conducted either automated', 'main streetcolumbia', 'separate metallic', 'ed industrially relevant process applied wide range metal prepared large number bimetallic catalyst using electroless deposition supported carbon', 'catalyst composition', 'deposition ed', 'catalyst performance', 'metal onto', 'evaluation current', 'deposit metal', 'project currently', 'batch stirred', 'site permit', 'contiguous proximity', 'onto pre', 'result selective', 'reaction used', 'ha activated', 'onto reduced', 'metal contiguous', 'onto catalytic', 'oxidation biomass', 'ranging rational catalyst design synthesis characterization evaluation current design synthesis novel bimetallic catalyst selective transformation hydrocarbon higher value chemical higher output pem fuel cell bimetallic catalyst afford great opportunity changing performance', 'co impregnation', 'modifying electronic', 'ranging rational', 'formation separate metallic particle metal doe occur thus', 'great opportunity', 'surface site', 'selected reaction', 'agent process', 'reducing agent', 'catalyst using', 'correlate catalyst', 'bifunctionality active', 'single pas'}"
114,"Morehouse, Jeff ","{'morehouse ha', 'application humid', 'range thermodynamic', 'energy system', 'dr morehouse', 'cell power', 'student investigated', 'project evaporative', 'engine application', 'solar energy', 'involved conventional', 'ground coupled', 'system ground', 'ranging space', 'evaporative system', 'thermodynamic heat', 'heat engine', 'analysis currently', 'broad range', 'associated solar', 'based fuel', 'heat pump', 'dr morehouse student investigated broad range thermodynamic heat engine application', 'pump phase', 'storage system', 'long associated', 'system design', 'hvac control', 'coupled heat', 'control project', 'space based', 'currently involved', 'system application', 'humid climate', 'ranging space based fuel cell power system ground coupled heat pump phase change storage system dr morehouse ha long associated solar energy system design analysis currently involved conventional hvac control project evaporative system application humid climate', 'conventional hvac', 'ha long', 'change storage', 'power system', 'design analysis', 'phase change', 'morehouse student', 'investigated broad', 'system dr', 'fuel cell'}"
115,"Moss, Melissa Ann","{'yield plaque', 'inflammatory response', 'process identify', 'senile plaque', 'plaque composed', 'various aggregation', 'dot blotting', 'vascular cell', 'static dynamic light scattering', 'inhibition aggregation', 'activation correlating', 'protein aggregate', 'focus involvement', 'plaque consequently', 'technique including', 'perpetuate stoke', 'microscopy furthermore', 'light scattering', 'utilize myriad', 'interested ab stimulation neuronal apoptosis endothelial inflammatory response', 'aggregation ha', 'may perpetuate', 'approach alzheimer', 'disease one', 'neuronal vascular', 'protein aggregation', 'focus understand', 'loss cerebrovasculature', 'aggregate fibril', 'including chromatography', 'disease senile', 'fibril deposit', 'sc moss focus involvement protein aggregation alzheimer disease one hallmark alzheimer disease senile plaque accumulate brain associated neuronal loss cerebrovasculature may perpetuate stoke plaque composed primarily amyloid protein aggregate fibril deposit yield plaque consequently', 'amyloid protein', 'ab stimulation', 'sc moss', 'atomic force microscopy furthermore', 'one therapeutic', 'deposit yield', 'disease focus', 'stimulation neuronal', 'characterize inhibitor', 'determine various', 'associated neuronal', 'involvement protein', 'therapeutic agent', 'effort design', 'composed primarily', 'aggregation utilize', 'aggregation cellular', 'aggregation process', 'cell particular', 'neuronal apoptosis', 'therapeutic approach', 'one hallmark', 'stoke plaque', 'affect neuronal', 'nf kb', 'emerged one', 'brain associated', 'myriad biophysical', 'neuronal loss', 'seek determine', 'correlating change', 'force microscopy', 'ab aggregation', 'seek determine various aggregation product affect neuronal vascular cell particular', 'aggregation product', 'inhibitor attenuate', 'biophysical technique', 'disease therapy', 'alzheimer disease', 'electron microscopy', 'understand aggregation', 'product affect', 'identify characterize', 'western blotting', 'attenuate aggregation', 'assist effort', 'static dynamic', 'primarily amyloid', 'including nf', 'cerebrovasculature may', 'interested ab', 'moss focus', 'main streetroom', 'kb activation', 'effective therapeutic', 'hallmark alzheimer', 'inhibition aggregation ha emerged one therapeutic approach alzheimer disease focus understand aggregation process identify characterize inhibitor attenuate aggregation utilize myriad biophysical technique including chromatography', 'dynamic light', 'fluorescence spectroscopy', 'endothelial inflammatory', 'plaque accumulate', 'agent alzheimer', 'aggregation alzheimer', 'cellular effect', 'including nf kb activation correlating change ab aggregation cellular effect assist effort design effective therapeutic agent alzheimer disease therapy', 'effect assist', 'design effective', 'ha emerged', 'atomic force', 'change ab', 'apoptosis endothelial', 'accumulate brain'}"
116,"Mullen, Robert L","{'room main st columbia', 'sc tr', 'tr pm', 'room main', 'sc tr pm pm', 'pm pm', 'st columbia', 'main st'}"
117,"Mustain, William E","{'electrocatalysis', 'battery', 'synthesis', 'electrochemical engineering'}"
118,"Nelakuditi, Srihari","{'wireless networking', 'computer networking', 'mobile computing'}"
119,"Nezhad, Cyrus Riahi","{'specialization based', 'separation science', 'utilizing experimental', 'experimental numerical', 'fluid mechanic', 'liquid flow', 'water gas', 'based innovative', 'characterization mesoporous', 'area specialization', 'shift reaction', 'combination fluid', 'high liquid', 'heating cooling', 'optimal gas', 'radioactive waste', 'exhaust emission', 'production using', 'hydrogen production', 'numerical analysis', 'phase interaction', 'heterogeneous catalysis separation enhanced electric field including electro mixing', 'conditioning gedac', 'electro coalescence', 'application nano catalyst hydrogen production using water gas shift reaction', 'heterogeneous catalysis', 'enhanced electric', 'broad area', 'organic compound', 'automotive exhaust', 'nano catalyst', 'waste water', 'hydraulic fluid mechanic utilizing experimental numerical analysis application flow breached levee levee closure', 'tower optimal', 'field including', 'radioactive waste treatment', 'volatile organic', 'including electro', 'gas engine', 'gas shift', 'using water', 'compound application', 'main street room', 'main street', 'mesoporous heterogeneous', 'coalescence application', 'drop electro coalescence application biofuel production', 'riahi nezhad', 'catalysis separation', 'packed tower', 'separation enhanced', 'application nano', 'tannery waste', 'application biofuel', 'synthesis characterization', 'electro mixing', 'analysis application', 'high liquid flow packed tower optimal gas liquid phase interaction', 'biofuel production', 'destruction volatile', 'levee closure', 'flow breached', 'liquid phase', 'emission control', 'catalyst oxidative', 'mechanic utilizing', 'waste treatment', 'drop electro', 'application automotive', 'water treatment', 'street room', 'riahi nezhad broad area specialization based innovative combination fluid mechanic', 'levee levee', 'gedac heating', 'air conditioning', 'innovative combination', 'gas liquid', 'flow packed', 'breached levee', 'electric field', 'heterogeneous catalyst', 'sc', 'tannery waste water treatment', 'catalyst hydrogen', 'oxidative destruction', 'hydraulic fluid', 'gas engine driven air conditioning gedac heating cooling', 'driven air', 'nezhad broad', 'synthesis characterization mesoporous heterogeneous catalyst oxidative destruction volatile organic compound application automotive exhaust emission control', 'engine driven', 'application flow'}"
120,"O'Kane, Jason",{'robotics'}
121,"O'Reilly, James","{'reilly teach', 'james reilly', 'teach various', 'undergraduate course', 'various undergraduate', 'james reilly teach various undergraduate course'}"
122,"Ortiz-Hernandez, Ivelisse","{'interested use', 'background involves', 'analytical instrumentation', 'system reaction', 'new catalytic', 'teaching developing', 'involves development', 'ortiz hernandez background involves study heterogeneous catalytic system reaction condition involves development characterization new catalytic material application environmental alternate energy system also interested use analytical instrumentation technique characterization material study chemical reaction experience involves teaching developing new curriculum area chemical engineering chemical technology', 'chemical engineering', 'curriculum area', 'heterogeneous catalytic', 'area chemical', 'catalytic system', 'energy system', 'engineering chemical', 'catalytic material', 'hernandez background', 'development characterization', 'experience involves', 'use analytical', 'technique characterization', 'chemical technology', 'system also', 'developing new', 'material study', 'involves teaching', 'study heterogeneous', 'application environmental', 'also interested', 'condition involves', 'reaction experience', 'reaction condition', 'ortiz hernandez', 'study chemical', 'characterization material', 'puerto rico', 'characterization new', 'new curriculum', 'alternate energy', 'material application', 'involves study', 'ph', 'instrumentation technique', 'environmental alternate', 'ch', 'chemical reaction'}"
123,"Pain, Christopher C.","{'leading modelling', 'non linear', 'patent', 'modelling technique', 'mesh adaptivity', 'graduated phd student completed industry council grant', 'dr pain professor department earth science engineering imperial college london icl', 'fluidity foundation', 'fluid solid', 'parallel solution', 'pain professor', 'author general', 'mesh adaptive', 'student completed', 'recurrent feed forward neural network', 'london winning', 'council grant', 'description differential', 'electrical inversion', 'dynamic including', 'oceanography geophysical', 'solution technique', 'amcg specialises', 'measure mesh', 'applied computation', 'geometry original', 'journal publication', 'method ha', 'leading dr', 'key proposal', 'discrete element', 'honored imperial', 'dr pain', 'ha authored', 'optimisation', 'feature inverse', 'general computational', 'atmosphere climate', 'neural network', 'pain academic', 'inversion transient', 'method ocean', 'mesh adaptive multi phase ocean modelling feature inverse modelling ha included anisotropic electrical inversion', 'cratering wa', 'computation modelling', 'specialises development', 'oceanography geophysical fluid dynamic', 'general purpose', 'turbulence modelling', 'recurrent feed', 'graduated phd', 'phase ocean', 'book chapter', 'industry council', 'shape description', 'neutral particle', 'coupled fluid', 'department earth', 'parallel computational', 'adjoint method', 'london icl', 'excellence award', 'ocean modelling', 'atmosphere climate system', 'foundation majority', 'completed industry', 'feed forward', 'including parallel solution technique', 'seismic inversion inversion transient coastal flow using adjoint method ha authored journal publication', 'science engineering', 'comprises active', 'modelling ha', 'head applied', 'engineering imperial', 'group amcg', 'winning excellence', 'fluid dynamic', 'forward neural', 'error measure', 'phase flow', 'grouping icl', 'modelling discrete', 'imaging', 'computational fluid', 'largest grouping', 'particle radiation', 'engineering biomedical', 'ha included', 'professor department', 'linear non', 'coastal flow', 'academic general', 'active scientist', 'resolution linear', 'also head', 'core numerical', 'modelling group', 'innovative world', 'numerical shape', 'element method', 'imperial college', 'original author', 'included anisotropic', 'recognition world leading dr pain academic general computational fluid dynamic including multi phase flow', 'inverse modelling', 'activity key', 'group ha', 'engineering fluid including multiphase flow', 'modelling feature', 'largest grouping icl comprises active scientist amcg specialises development application innovative world leading modelling technique earth', 'radiation transport', 'linear dynamic', 'scientist amcg', 'technique earth', 'wa honored', 'nuclear safety', 'recognition world', 'priori error measure mesh adaptivity', 'neutral particle radiation transport', 'including multi', 'multiphase flow', 'fluid including', 'climate system', 'engineering biomedical science group ha core numerical method ocean', 'anisotropic electrical', 'impact cratering wa honored imperial college london winning excellence award', 'linear equation', 'application innovative', 'phd student', 'biomedical science', 'engineering fluid', 'adaptive multi', 'development application', 'flow using', 'discretization technique', 'numerical shape description differential geometry original author general purpose parallel computational fluid dynamic code fluidity foundation majority activity key proposal', 'including parallel', 'coupled fluid solid modelling discrete element method', 'geophysical fluid', 'impact cratering', 'seismic inversion', 'transient coastal', 'earth science', 'including multiphase', 'uk also head applied computation modelling group amcg', 'inversion method', 'priori error', 'numerical', 'numerical method', 'non linear dynamic', 'majority activity', 'science group', 'differential geometry', 'uk also', 'college london', 'icl comprises', 'solid modelling', 'inversion inversion', 'authored journal', 'ha core', 'multi phase', 'dynamic code', 'code fluidity', 'resolution linear non linear equation', 'using adjoint', 'purpose parallel', 'world leading'}"
124,"Patel, Chandrashekhar","{'road columbia', 'school medicine', 'garner ferry', 'bldg room', 'room garner', 'sc patel', 'molecular regulation', 'endothelial smooth', 'regulation vascular', 'vascular endothelial', 'sc patel molecular regulation vascular endothelial smooth muscle cell', 'ferry road', 'smooth muscle', 'muscle cell', 'medicine bldg', 'patel molecular', 'school medicine bldg room garner ferry road columbia'}"
125,"Paul, Titan C.","{'thermal management microelectronics', 'storage liquid', 'heat transfer phase change', 'problem building', 'transfer problem', 'liquid solar', 'thermal management', 'building environment', 'heat transfer moisture migration problem building environment', 'solar technology', 'heat transfer', 'mass transfer', 'includes energy', 'numerical method', 'energy storage', 'conjugate heat', 'dr paul', 'moisture migration', 'transfer phase', 'dr paul includes energy storage liquid solar technology', 'phase change', 'transfer moisture', 'heat mass', 'numerical method conjugate heat mass transfer problem', 'management microelectronics', 'migration problem', 'method conjugate', 'paul includes'}"
126,"Peters, Wally ","{'complex system', 'system study', 'dr peter', 'study design', 'dr peter complex system study design', 'peter complex'}"
127,"Plante, Portia","{'plante teach', 'portia plante', 'teach various', 'undergraduate course', 'various undergraduate', 'portia plante teach various undergraduate course'}"
128,"Popov, Branko N.","{'engineering centerroom', 'main streetcolumbia', 'croatia', 'sc dr popovpopov readership worldwideph', 'skopje', 'centerroom main', 'sc dr', 'macedonia', 'dr popovpopov', 'illinois', 'zagreb', 'kiril metodij', 'engineering centerroom main streetcolumbia', 'popovpopov readership', 'readership worldwideph'}"
129,"Potts, Jay","{'lineage pathway', 'involve region', 'road columbia', 'sc prevalence congenital cardiac malformation place extreme sociological personal burden myriad congenital cardiac defect majority involve region known atrioventricular canal av av canal responsible production av valve membranous portion interventricular septum accomplished process known epithelial mesenchymal cell transformation understanding early heart particular av canal formed critical building foundation future therapeutic measure norris', 'myriad congenital', 'room garner', 'valve progenitor', 'interventricular septum', 'mesenchymal cell', 'understanding early', 'fibroblastic lineage', 'hoffman', 'ferry road', 'ra', 'cardiac defect', 'pathway atrioventricular', 'known epithelial', 'atrioventricular valve', 'school medicine', 'tan', 'therapeutic measure', 'canal av', 'defect majority', 'membranous portion', 'promotes fibroblastic', 'critical building', 'early heart', 'known atrioventricular', 'potts', 'portion interventricular', 'future therapeutic', 'av av', 'progenitor cell', 'junor', 'rr', 'epithelial mesenchymal', 'yost', 'bldg room', 'cell transformation', 'canal responsible', 'medicine bldg', 'periostin promotes', 'extreme sociological', 'hart', 'goodwin', 'transformation understanding', 'heart particular', 'building foundation', 'place extreme', 'mj', 'av valve', 'atrioventricular canal', 'formed critical', 'measure norris', 'valve membranous', 'mm', 'garner ferry', 'rl periostin promotes fibroblastic lineage pathway atrioventricular valve progenitor cell dev dyn', 'region known', 'damon', 'prevalence congenital', 'burden myriad', 'foundation future', 'majority involve', 'dev dyn', 'cell dev', 'congenital cardiac', 'cardiac malformation', 'av canal', 'school medicine bldg room garner ferry road columbia', 'malformation place', 'markwald', 'process known', 'responsible production', 'accomplished process', 'brook', 'particular av', 'sc prevalence', 'jd', 'personal burden', 'sociological personal', 'septum accomplished', 'rl periostin', 'canal formed', 'production av'}"
130,"Qian, Yu","{'dr yu qian ha working transportation geotechnics railroad infrastructure related', 'haul transit', 'infrastructure related', 'simulation currently', 'discrete element simulation currently serving committee member three trb committee', 'qian ha', 'high speed rail', 'heavy haul', 'yu qian', 'serving committee', 'pavement', 'working transportation', 'rail transportation', 'geosynthetics', 'currently serving', 'two arema committee', 'trb committee', 'dr yu', 'transportation geotechnics', 'high speed', 'two arema', 'arema committee', 'railroad infrastructure', 'committee member', 'mainly focusing heavy haul transit track structure', 'three trb', 'focusing heavy', 'transit track', 'ha working', 'discrete element', 'transportation committee', 'track structure', 'element simulation', 'mainly focusing', 'asce rail transportation committee', 'geotechnics railroad', 'member three', 'speed rail', 'asce rail'}"
131,"Ranson, Bill ","{'scale invariant', 'system life', 'measurement mechanical', 'life prediction', 'prediction application', 'modeling mechanical', 'mathematical modeling mechanical system measurement system life prediction application technology learning system', 'ranson scale', 'learning system', 'application measurement', 'measurement system', 'mechanical system', 'dr ranson scale invariant computer vision application measurement mechanical system', 'dr ranson', 'technology learning', 'system measurement', 'application technology', 'invariant computer', 'vision application', 'computer vision', 'mathematical modeling'}"
132,"Regalbuto, John R.","{'notre dame', 'engineering centerroom', 'main streetcolumbia', 'centerroom main', 'sc', 'engineering centerroom main streetcolumbia'}"
133,"Regan, Elizabeth A.","{'health system', 'national himss', 'recently appointed', 'elmer donna', 'technology also', 'organization neky', 'himss innovation', 'regan served', 'chair health', 'kentucky state', 'school public', 'information system', 'professor health', 'medical school', 'joining usc', 'department integrated', 'state health', 'integrated information', 'member first', 'neky rhio', 'innovation assembly', 'assembly street', 'director northeast', 'kentucky regional', 'served five', 'innovation assembly street', 'connecticutdr elizabeth regan chair department integrated information technology associate professor health information technology also adjunct professor arnold school public health prior joining usc july', 'year coordinating', 'eastern kentucky', 'regional health', 'year', 'technology associate', 'serf board', 'information technology', 'kentucky dr', 'appointed national', 'arnold school', 'extension center', 'two year', 'dr regan', 'school rural', 'system management', 'board chair', 'department information', 'year serf', 'rhio also', 'health prior', 'usc july', 'chair rhio', 'center eastern', 'elmer donna smith endowed chair health system management two year serf board director northeast kentucky regional health information organization neky rhio', 'suite', 'northeast kentucky', 'program wa', 'public health', 'council kentucky', 'board director', 'prior joining', 'associate professor', 'elizabeth regan', 'wa recently', 'connecticutdr elizabeth', 'information organization', 'morehead state', 'adjunct professor', 'exchange faculty', 'endowed chair', 'chair department', 'health information', 'leadership program', 'physician leadership', 'connecticutm', 'innovation committee', 'faculty kentucky', 'kentucky medical', 'coordinating council', 'served chair department information system', 'professor arnold', 'smith endowed', 'serf regional', 'also adjunct', 'sc', 'college business', 'founding member first board chair rhio also serf regional extension center eastern kentucky dr regan served five year coordinating council kentucky state health information exchange faculty kentucky medical school rural physician leadership program wa recently appointed national himss innovation committee', 'regional extension', 'served chair', 'regan chair', 'rural physician', 'founding member', 'also serf', 'management two', 'donna smith', 'first board', 'five year', 'kentucky', 'information exchange'}"
134,"Reifsnider, Kenneth ","{'long term behavior fuel cell science engineering', 'material state change', 'term behavior', 'state change', 'life relationship', 'long term', 'cell science', 'material state', 'behavior fuel', 'system performance', 'material system', 'reifsnider durability', 'strength life', 'tolerance strength', 'dr reifsnider durability', 'damage tolerance', 'science engineering', 'damage tolerance strength life relationship material system performance life prognosis', 'dr reifsnider', 'relationship material', 'performance life', 'life prognosis', 'aging', 'fuel cell'}"
135,"Rekleitis, Ioannis","{'perception', 'marine robotics', 'cooperative localization', 'slam', 'coverage'}"
136,"Reynolds, Tony ","{'quantitative fractographic analysis', 'dr reynolds', 'experimental micro mechanic', 'dr reynolds friction stir welding', 'friction stir', 'experimental micro', 'stir welding', 'micro mechanic', 'reynolds friction', 'fatigue fracture', 'quantitative fractographic', 'fractographic analysis'}"
137,"Rhodes, Curtis ","{'computational fluid', 'computer aided', 'dr rhodes', 'engineering manufacturing', 'rhodes computer', 'computational fluid dynamic', 'aided design', 'fluid dynamic', 'dr rhodes computer aided design'}"
138,"Ritter, James A.","{'magnetic drug', 'material', 'adsorption', 'separation', 'electrochemistry', 'magnetic drug targeting', 'drug targeting'}"
139,"Rizos, Dimitris","{'railway highway', 'tunnel', 'soil structure', 'expertise area', 'analysis multi', 'phase medium', 'passenger high speed railway infrastructure bridge', 'hybrid method', 'iii bridge', 'modeling emphasis', 'civilian military bridge dr rizos expertise area structural mechanic modeling emphasis development implementation computational method bem', 'mechanic modeling', 'highway infrastructure', 'civilian military', 'structure interaction', 'performance material', 'rail system', 'rizos expertise', 'passenger high', 'fem', 'track', 'area structural', 'trackbed soil', 'problem ii', 'dem', 'material civilian', 'method problem', 'bridge dr', 'high performance', 'emphasis development', 'ii analysis', 'interaction problem', 'infrastructure bridge', 'bridge engineering', 'structural mechanic', 'method bem', 'high speed', 'rail trackbed', 'mechanic emphasis', 'military bridge', 'engineering high', 'structural dynamic', 'transient analysis', 'problem wave', 'analysis design', 'design freight', 'area structural mechanic emphasis railway highway infrastructure', 'soil structure interaction', 'implementation computational', 'train rail trackbed soil interaction problem ii analysis design freight', 'transient analysis multi phase medium', 'etc iii bridge engineering high performance material civilian military application', 'multi phase', 'high speed rail system', 'development implementation', 'dr rizos', 'computational method', 'emphasis railway', 'hybrid method problem wave propagation', 'train rail', 'etc iii', 'soil interaction', 'railway infrastructure', 'military application', 'wave propagation', 'speed rail', 'speed railway'}"
140,"Roberts, Elwyn","{'material performance', 'manufacturing concurrent engineering', 'manufacturing concurrent', 'dr robert', 'robert material', 'nuclear reactor', 'concurrent engineering', 'performance nuclear', 'product design', 'dr robert material performance nuclear reactor'}"
141,"Roberts, Kenneth L","{'catalysis', 'transport property', 'fluid transport property', 'nanomaterials', 'fluid transport'}"
142,"Rocheleau, David ","{'company wide', 'kinematic dynamic', 'noise work', 'aided engineering', 'work ha', 'ensure long', 'helping small', 'software analysis', 'design machine', 'involving kinematic', 'done helping', 'work optimizing', 'rocheleau group', 'issue design', 'hold several', 'issue involving', 'area product', 'computer aided', 'size company', 'concept modeled', 'gear train', 'reduced noise', 'also performed dr rocheleau hold several patent', 'design concept', 'tool group', 'dynamic mechanism', 'design epicyclic', 'long life', 'wide area', 'robot prosthetic', 'cell system', 'ha done', 'pem fuel', 'epicyclic gear', 'performed dr', 'balance plant', 'also performed', 'train ensure', 'overall design', 'done work', 'primarily new product innovation device', 'product design', 'several patent', 'modeling balance', 'fuel cell', 'medium size', 'design group', 'new product', 'primarily new', 'component design', 'life reduced', 'small medium', 'plant pem', 'group ha', 'rocheleau hold', 'performed variety', 'ha machine', 'using pro', 'design software', 'optimizing design', 'dr rocheleau group ha machine design machine component design group ha done work optimizing design epicyclic gear train ensure long life reduced noise work ha also done helping small medium size company wide area product design issue design concept modeled using pro engineer design software analysis performed variety computer aided engineering tool group ha done work modeling balance plant pem fuel cell system overall design issue involving kinematic dynamic mechanism', 'prosthetic device', 'also done', 'innovation device', 'engineering tool', 'robot prosthetic device', 'analysis performed', 'work modeling', 'dr rocheleau', 'engineer design', 'product innovation', 'ha also', 'machine component', 'machine design', 'system overall', 'design issue', 'pro engineer', 'variety computer', 'modeled using'}"
143,"Rose, John R. ","{'dai multiagent system', 'computational science', 'von humboldt', 'director sc', 'peptide sequencing', 'novo peptide', 'new focus', 'computational science area bioinformatics', 'author technical', 'well commission', 'group de', 'fellow wa', 'computational chemistry conducted funded nsf', 'focus group', 'reasoning planning', 'nsf equivalent', 'chemistry conducted', 'paper bioinformatics', 'ieee author', 'education nasa', 'technical paper', 'major new', 'formerly director', 'conducted funded', 'wa formerly', 'nasa', 'dod onr', 'concept niac', 'well commission higher education nasa institute advanced concept niac fellow wa formerly director sc inbre bioinformatics core major new focus group de novo peptide sequencing recently received nsf funding support effort', 'currently member ieee author technical paper bioinformatics', 'inbre bioinformatics', 'received nsf', 'bmft german nsf equivalent', 'funding support', 'member ieee', 'currently member', 'normative reasoning', 'multiagent system', 'normative reasoning planning', 'de novo', 'alexander von humboldt foundation', 'advanced concept', 'alexander von', 'higher education', 'nsf funding', 'machine intelligence', 'bmft german', 'dai multiagent', 'humboldt foundation', 'sc inbre', 'bioinformatics core', 'funded nsf', 'recently received', 'german nsf', 'nasa institute', 'institute advanced', 'commission higher', 'support effort', 'area bioinformatics', 'sequencing recently', 'niac fellow', 'computational chemistry', 'nih', 'science area', 'core major'}"
144,"Sabalowsky, Andrew","{'ha methane hydrogen production', 'xenobiotic molecule', 'expertise anaerobic', 'wave attenuation', 'fluid flow', 'prior expertise', 'anaerobic process', 'specifically relate bioremediation hazardous xenobiotic molecule biofuel production', 'sabalowsky prior', 'technology centered', 'microbial fuel cell', 'microbial fuel', 'solar chimney', 'specifically relate', 'renewable energy technology centered fluid flow', 'micro wind', 'relate bioremediation', 'dr sabalowsky prior expertise anaerobic process', 'product recently', 'fermentable product', 'centered fluid', 'biofuel production', 'renewable energy', 'molecule biofuel', 'ha methane', 'wind turbine', 'fermentable product recently', 'dr sabalowsky', 'energy technology', 'methane hydrogen', 'micro wind turbine', 'hazardous xenobiotic', 'hydrogen production', 'fuel cell', 'bioremediation hazardous'}"
145,"Sadati, Monirosadat (Sanaz)","{'inspired biomechanics', 'study self', 'water remediation name many application', 'sadati lab', 'response external', 'phd', 'emphasis anisotropic component capable leading new', 'name many', 'controlled release vicinity cell', 'pursue bottom', 'external stimulus', 'controlled cargo transport', 'realistic condition', 'biosensing common', 'active micromotors', 'harvard', 'application including', 'efficiently realistic', 'broad range', 'motion propulsion', 'micro rheology', 'material science', 'dynamic', 'cargo transport', 'many application', 'regulate self', 'transduce local', 'microswimmers complex', 'energy directed', 'time structure', 'water remediation', 'artificial active', 'engineer responsive material unique architectural feature designed broad range application including tissue engineering', 'chicago', 'bottom approach', 'feature designed', 'including tissue', 'stimulus inspired', 'move complex', 'ability convert', 'biomechanics nature', 'property systematic', 'rheology microswimmers', 'controlled cargo', 'actuation', 'polymer engineering', 'real time structure rheology', 'common feature', 'systematic study', 'macroscopic property', 'artificial active micromotors developed transduce local energy directed motion propulsion artificial micromotors envisioned broad range application drug loading', 'directed motion', 'convert energy', 'local energy', 'propulsion artificial', 'eth zurich', 'drug delivery', 'drug loading', 'environment explore', 'tunable macroscopic', 'january postdoctoral associate', 'propulsion response', 'architectural feature', 'self propulsion', 'component capable', 'controlled release', 'leading new', 'energy motion', 'lab pursue', 'micromotors move', 'release vicinity', 'micromachines navigate', 'assembly soft', 'developed transduce', 'application drug', 'among natural', 'feature among', 'motion regulate', 'engineer responsive', 'microswimmers bacteria', 'topological defect', 'postdoctoral associate', 'tunable macroscopic property systematic study self assembly', 'unique architectural', 'self assembly soft material', 'approach study', 'navigate efficiently', 'range application', 'autonomous micromachines', 'self assembly', 'tissue engineering', 'explore micro', 'capable leading', 'bacteria ability', 'envisioned broad', 'structure rheology', 'emphasis anisotropic', 'sadati lab pursue bottom approach study structure', 'micromotors developed', 'material unique', 'amirkabir technology', 'biosensing common feature among natural microswimmers bacteria ability convert energy motion regulate self propulsion response external stimulus inspired biomechanics nature', 'environment design', 'vicinity cell', 'soft material', 'anisotropic component', 'designed broad', 'january postdoctoral', 'complex environment', 'responsive material', 'micromotors move complex environment explore micro rheology microswimmers complex environment design autonomous micromachines navigate efficiently realistic condition operation', 'assistant professor', 'design autonomous', 'natural microswimmers', 'condition operation', 'study structure', 'micromotors envisioned', 'real time', 'artificial micromotors', 'remediation name'}"
146,"Sahin, Alphan ","{'signal processing', 'wireless communication'}"
147,"Santi, Enrico","{'come contact power electronics thanks power electronics', 'delivered maximum', 'delivered maximum efficiency', 'based modeling', 'electronic device', 'modeling power', 'come contact', 'test bed', 'tool rapid', 'electrical system', 'swearingenroom main streetcolumbia', 'advanced electrical', 'use everyday', 'physic based', 'interaction power', 'power electronic', 'thanks power', 'control simulation advanced electrical power distribution system', 'loop simulation', 'etc hardware loop simulation electrical system', 'contact power', 'power distribution', 'make hole cordless drill', 'bed support', 'simulation advanced', 'saber', 'santi long', 'current modeling', 'simulation based tool rapid prototyping power system power electronic device test bed support input multiple simulation language spice', 'virtual test', 'talk type telephone', 'minimal weight', 'size minimal', 'run thing', 'etc hardware', 'hole cordless', 'distribution system', 'area power', 'control simulation', 'language spice', 'acsl', 'smallest size minimal weight current modeling', 'simulation electrical', 'filtered', 'weight current', 'thing use', 'electrical power', 'based tool', 'particular involved', 'smallest size', 'device particular', 'electronics may', 'electronics thanks', 'power electronics', 'system power', 'talk type', 'simulation based', 'cook microwave', 'make hole', 'electronics think', 'involved development', 'swearingenroom main', 'power system', 'physic based modeling power semiconductor device particular involved development virtual test bed', 'simulation language', 'hardware loop', 'sc santi', 'needed run', 'semiconductor device', 'power semiconductor', 'support input', 'multiple simulation', 'prototyping power', 'may interaction', 'long term', 'think drive', 'everyday processed', 'cordless drill', 'sc santi long term area power electronics may interaction power electronics think drive car', 'input multiple', 'drive car', 'use computer', 'type telephone', 'electricity needed run thing use everyday processed', 'main streetcolumbia', 'rapid prototyping', 'development virtual', 'electricity needed', 'listen stereo', 'maximum efficiency', 'term area', 'device test'}"
148,"Sasanakul, Inthuorn",{'geotechnical engineering'}
149,"Schooley, Benjamin","{'health informatics', 'design science', 'health'}"
150,"Shazly, Tarek ","{'predictive computational', 'area experimental', 'new technology', 'device degradation', 'inherent complexity', 'mechanical model', 'local environment', 'explain intra', 'soft tissue', 'specific phenomenon', 'impactful term', 'engineered blood', 'native engineered', 'mechanically mediated', 'model design', 'steadily evolved', 'model clearly', 'disease state', 'development finite', 'engineering vascular', 'needed design', 'require predictive', 'safe introduction', 'publication area', 'providing data', 'risk new', 'vascular tissue', 'enhance adhesion', 'vascular cell', 'strength without', 'applying continuum', 'engineered construct', 'tissue material', 'continued advancement', 'data model', 'tissuesmy early', 'tissue specific', 'quantifying local', 'implanted polymeric', 'novel design', 'power strategy', 'requiring consideration', 'understudied yet', 'wa focused', 'study native', 'focused development', 'device degradation erosion kinetics accommodate inherent complexity face rapid device development', 'material design', 'modeling endovascular', 'erosion kinetics', 'compromising material', 'typically requiring', 'modeling endovascular technologiesendovascular technology drug eluting stent', 'tissue engineered', 'sealant application', 'providing basis', 'critical region', 'focused understanding', 'technology drug', 'face rapid', 'action potential', 'previously understudied', 'computational model', 'continuum mechanical', 'construct exhibit', 'application area', 'area interaction implanted polymeric material soft tissuesmy early work wa focused understanding soft tissue material interaction purpose optimizing surgical sealant performance publication emerged line inquiry impacted field two distinct way first', 'interaction implanted', 'sealant performance', 'identification constitutive', 'purpose optimizing', 'degradation erosion', 'introduction clinical', 'evaluate emergent device', 'understanding mechanically', 'based computational', 'work ha focused development finite element based computational model design deployment strategy facilitate continued advancement endovascular technology safe introduction clinical practice area experimental theoretical biomechanical study native engineered blood vesselsthe identification constitutive mechanical model vascular tissue essential quantifying local environment mechanosensitive vascular cell normal disease state', 'material interaction', 'impacted field', 'performance publication', 'established novel', 'complexity face', 'cell normal', 'material biocompatibility', 'optimize', 'material system', 'clinical practice', 'drug coated balloon steadily evolved past year multidisciplinary approach needed design', 'vessel variation', 'kinetics accommodate', 'drug coated', 'without compromising', 'circulatory system', 'experimental theoretical', 'related publication established novel design strategy enhance adhesion strength without compromising material biocompatibility power strategy generalized across material system surgical sealant application area characterization', 'distinct way', 'facilitate continued', 'emergent device', 'tissue remodeling', 'interaction purpose', 'endovascular technology', 'basis engineering', 'drug eluting', 'rapid device', 'understanding mechanically mediated vascular tissue remodeling', 'exhibit enhanced', 'tissue substitute', 'strategy facilitate', 'material mechanic', 'understanding soft', 'generalized across', 'erodible scaffold', 'variation geometry', 'nearly require', 'across material', 'provided initial', 'technology safe', 'strategy generalized', 'tissue essential', 'accommodate inherent', 'introducing tissue', 'design strategy', 'typically requiring consideration hemodynamics', 'regulatory agency', 'clearly explain', 'field two', 'way first', 'year multidisciplinary', 'material soft', 'area impactful', 'ha focused', 'emerged line', 'expect nearly', 'advanced material', 'provided initial demonstration adhesion tissue specific phenomenon exploited advanced material design second', 'deployment strategy', 'strategy enhance', 'device development', 'environment mechanosensitive', 'potential risk', 'polymeric material', 'soft tissuesmy', 'phenomenon exploited', 'design deployment', 'system surgical', 'related publication', 'adhesion strength', 'term providing', 'property', 'explain mechanism', 'publication emerged', 'area characterization', 'normal disease', 'two distinct', 'begun expect', 'biomechanical study', 'model previously', 'consideration hemodynamics', 'vesselsthe identification', 'past year', 'introducing tissue engineered construct exhibit enhanced matrix elaboration thus potential vascular substitute', 'eluting stent', 'essential quantifying', 'evolved past', 'early work', 'demonstration adhesion', 'matrix elaboration', 'element based', 'yet critical', 'composition', 'intra vessel', 'mediated vascular', 'line inquiry', 'providing basis engineering vascular tissue substitute publication area impactful term providing data model previously understudied yet critical region circulatory system', 'drug pharmacokinetics', 'multidisciplinary approach', 'approach needed', 'practice area', 'agency begun', 'optimizing surgical', 'endovascular technologiesendovascular', 'enhanced matrix', 'meet field', 'thus potential', 'model vascular', 'adhesion tissue', 'elaboration thus', 'assessment', 'initial demonstration', 'surgical sealant', 'region circulatory', 'vascular substitute', 'constitutive mechanical', 'publication established', 'coated balloon', 'field demand', 'substitute publication', 'area interaction', 'technologiesendovascular technology', 'finite element', 'applying continuum mechanical principle explain intra vessel variation geometry', 'principle explain', 'mechanism action', 'technology meet', 'regulatory agency begun expect nearly require predictive computational model clearly explain mechanism action potential risk new technology meet field demand', 'advancement endovascular', 'theoretical biomechanical', 'inquiry impacted', 'exploited advanced', 'mechanical principle', 'work wa', 'evaluate emergent', 'potential vascular', 'design second', 'balloon steadily', 'blood vesselsthe', 'work ha', 'biocompatibility power', 'mechanosensitive vascular'}"
151,"Shepherd, Jeremiah","{'shepherd teach', 'csce course', 'teach csce', 'jj shepherd teach csce course', 'jj shepherd'}"
152,"Sheth, Amit","{'knowledgeinfused learning', 'semantic cognitive perceptual comput', 'artificial intelligence', 'knowledge graph', 'perceptual comput', 'smart data', 'big smart data', 'semantic cognitive', 'big smart', 'cognitive perceptual'}"
153,"Shimpalee, Sirivatch","{'particularly transport', 'temperature thermal', 'multi dimensional', 'area renewable', 'energy including', 'bradley', 'expertise use', 'complex system', 'shimpalee current', 'current area', 'horizon main', 'thermal system', 'sc', 'dimensional modeling', 'multi scale', 'main streetcolumbia', 'horizon main streetcolumbia', 'system particularly', 'including fuel', 'energy storage', 'scale multi', 'combine electrochemistry', 'transport phenomenon', 'use multi', 'renewable energy', 'shimpalee current area renewable energy including fuel cell', 'bioenergy expertise use multi scale multi dimensional modeling combine electrochemistry understand physic inside complex system particularly transport phenomenon', 'high temperature thermal system', 'electrochemistry understand', 'columbia', 'modeling combine', 'physic inside', 'bioenergy expertise', 'understand physic', 'chiang mai', 'inside complex', 'thailand', 'high temperature', 'fuel cell'}"
154,"Simin, Grigory","{'main streetcolumbia', 'swearingenroom main streetcolumbia', 'sc', 'swearingenroom main'}"
155,"Smoak, Wilson","{'recently intel', 'instructor coordinator', 'smoak instructor', 'electrical engineering', 'successful career', 'design course', 'following successful', 'capstone design', 'career design', 'elct electrical', 'design digital', 'digital electronics', 'coordinator capstone', 'engineering department', 'wilson smoak', 'elct electrical engineering department', 'following successful career design digital electronics', 'wilson smoak instructor coordinator capstone design course'}"
156,"Sockalingam, Subramani ","{'composite', 'experimental mechanic', 'computational mechanic', 'finite element', 'element analysis', 'finite element analysis'}"
157,"Spinale, Frank G.","{'nih small', 'american heart', 'phd', 'nationally internationally', 'peer reviewed', 'understanding potential', 'microfluidics delivery', 'reviewed publication', 'cardiovascular translational', 'md', 'directed translational', 'technology transfer', 'grant develop', 'remodeling particular', 'renowned cardiovascular', 'advance understanding', 'pioneered various', 'patient also', 'business technology', 'working collaborate', 'several professional', 'francis spinale', 'delivery system', 'association american', 'ha pioneered various project cardiac working collaborate department faculty som va', 'particular focus', 'consultant various', 'professional society', 'main cause death disability', 'microdialysis microfluidics', 'company credit', 'area cardiovascular', 'two decade', 'cardiac surgery', 'invited present', 'fellow several', 'various pharmaceutical', 'heart association', 'translational center', 'clinical study ha working advance understanding potential treatment major cause heart failure patient also entrepreneur patent nih small business technology transfer grant develop microdialysis microfluidics delivery system cardiac surgery additionally', 'collaborate department', 'major cause', 'journal consultant', 'also ha', 'biotechnology company', 'study ha', 'cause death', 'including american heart association american college cardiology ha invited present nationally internationally major scientific meeting', 'upon heart', 'congress conference', 'past two', 'ha pioneered', 'prestigious scientific', 'death disability', 'seven prestigious', 'leading cardiovascular', 'cardiology ha', 'past two decade mechanistic', 'also entrepreneur', 'various project', 'also ha peer reviewed publication leading cardiovascular journal fellow several professional society', 'working advance', 'cardiovascular journal', 'decade mechanistic', 'ditorial board', 'system cardiac', 'conference dr', 'cardiovascular remodeling', 'potential treatment', 'department faculty', 'company biotechnology', 'faculty som', 'translational', 'spinale director', 'director cardiovascular', 'patent nih', 'failure patient', 'small business', 'translational effort', 'ha directed translational effort thematic area cardiovascular remodeling particular focus upon heart failure', 'surgery additionally', 'including american', 'som va', 'college cardiology', 'ha working', 'cause heart', 'ha directed', 'board seven', 'serf ditorial', 'internationally renowned', 'focus upon', 'congress conference dr spinale director cardiovascular translational center', 'treatment major', 'ha peer', 'thematic area', 'internationally renowned cardiovascular scientist', 'develop microdialysis', 'cardiovascular scientist', 'heart failure', 'dr spinale serf ditorial board seven prestigious scientific journal consultant various pharmaceutical company biotechnology company credit', 'transfer grant', 'publication leading', 'journal fellow', 'spinale serf', 'dr spinale', 'clinical study', 'present nationally', 'entrepreneur patent', 'cardiac working', 'ha invited', 'main cause', 'major scientific', 'pharmaceutical company', 'scientific meeting', 'project cardiac', 'effort thematic', 'scientific journal', 'american college', 'internationally major'}"
158,"Srivastava, Biplav","{'smarter city', 'artificial intelligence', 'smarter city water', 'city water', 'service', 'traffic', 'health'}"
159,"Stanford, Thomas G.","{'engineering centerroom', 'main streetcolumbia', 'math', 'centerroom main', 'sc', 'engineering centerroom main streetcolumbia', 'michigan'}"
160,"Stiffler, Nick",{'robotics'}
161,"Sudarshan, Tangali S.","{'main streetcolumbia', 'sc sudarshan', 'sc sudarshan specialization', 'swearingenroom main streetcolumbia', 'sudarshan specialization', 'swearingenroom main'}"
162,"Summers, Bill ","{'addition program', 'annual hydrogen', 'program analyze', 'utilized world largest onboard metal hydride storage system dr summer also organized managed project develop industrial fuel cell vehicle using solid state hydrogen storage also managed fuel cell mining vehicle project funded doe oit industry future program currently', 'hydrogen storage', 'recently served', 'national workshop', 'served chairman', 'standard metal', 'extensive experience', 'oit industry', 'doe oit', 'also member', 'ha led', 'nuclear energy', 'meeting focused', 'hydride storage', 'help establish', 'first hydrogen', 'vehicle commercial', 'charter member', 'world largest', 'also managed', 'industry future', 'focused hydrogen', 'project develop', 'manager hydrogen', 'plan nuclear', 'technology wa', 'first commercial', 'material associated', 'commercial service', 'hydrogen electric', 'technology center', 'technology involves', 'largest onboard', 'principal investigator', 'analyze develop', 'involves engineering', 'vehicle project', 'member recently', 'river company', 'storage workshop', 'hydrogen production', 'world first', 'container hydrogen', 'first annual', 'transfer enhancement', 'transit bus', 'summer also', 'storage bed', 'led numerous', 'develop industrial', 'program management', 'since dr', 'energy system', 'hybrid hydrogen', 'enhancement currently', 'vehicle using', 'hydrogen vehicle', 'major national', 'cell propulsion', 'chairman first', 'study assess', 'dr summer involved development hydrogen storage material associated technology involves engineering hydrogen storage bed development mathematical model analyze bed performance', 'development world', 'engineering hydrogen', 'member site', 'propulsion institute', 'bus bus', 'first hybrid', 'storage dr', 'site representative', 'field advanced', 'program within', 'investigator three', 'using solid', 'bus wa', 'industrial fuel', 'establish plan', 'including year', 'ha westinghouse', 'summer principal', 'commercial code', 'solid state', 'wa program', 'science technology doe ne addition program management', 'national working', 'associated technology', 'storage material', 'system dr', 'utilized world', 'including heat', 'including heat transfer enhancement currently chairman national working group developing first commercial code standard metal hydride container hydrogen storage dr summer also member site representative national hydrogen association', 'fuel cell', 'hydrogen association', 'center srtc', 'cell vehicle', 'development mathematical', 'funded doe', 'code standard', 'workshop help', 'new product', 'model analyze', 'national hydrogen', 'bed performance', 'experience field', 'development project', 'board director', 'representative national', 'doe office', 'ne addition', 'science technology', 'hydride container', 'dr summer', 'heat transfer', 'mining vehicle', 'nuclear hydrogen', 'year study', 'dr summer principal investigator three year study assess feasibility nuclear hydrogen production doe office nuclear energy', 'technology doe', 'also co', 'storage system', 'development hydrogen', 'numerous program', 'hydrogen technology', 'summer ha', 'hydrogen program', 'involved development', 'managed project', 'mathematical model', 'system ha', 'developing first', 'experience new', 'institute board', 'analyze bed', 'national meeting', 'srtc ha', 'assess feasibility', 'managed fuel', 'represents srtc fuel cell propulsion institute board director', 'river technology', 'office nuclear', 'represents srtc', 'electric transit', 'wa first', 'including year experience field advanced energy system ha westinghouse savannah river company wsrc since dr summer ha led numerous program analyze develop emerging technology wa program manager development world first hybrid hydrogen electric transit bus bus wa first hydrogen vehicle commercial service', 'charter member recently served chairman first annual hydrogen storage workshop', 'organized managed', 'manager development', 'cell mining', 'bed development', 'project funded', 'savannah river', 'wsrc since', 'metal hydride', 'three year', 'chairman national', 'major national meeting focused hydrogen storage dr summer also co chaired national workshop help establish plan nuclear hydrogen production doe ne', 'feasibility nuclear', 'develop emerging', 'savannah river technology center srtc ha extensive experience new product development project management', 'chaired national', 'co chaired', 'summer manager', 'dr summer manager hydrogen program within hydrogen technology laboratory', 'project management', 'within hydrogen', 'emerging technology', 'also organized', 'advanced energy', 'group developing', 'production doe', 'westinghouse savannah', 'technology laboratory', 'summer involved', 'onboard metal', 'program manager', 'currently chairman', 'program currently', 'ha extensive', 'state hydrogen', 'product development', 'storage also', 'future program', 'working group', 'company wsrc', 'doe ne', 'year experience', 'srtc fuel'}"
163,"Sur, Sanjib ","{'terahertz', 'wireless networking', 'millimeterwave', 'mobile computing'}"
164,"Sutton, Michael","{'application integral', 'experimental mechanic', 'modeling cracked', 'method experimental', 'integral method', 'fracture mechanic', 'application integral method experimental mechanic', 'element modeling', 'image processing', 'cracked body', 'finite element', 'dr sutton coherent incoherent optic application', 'coherent incoherent', 'digital image', 'valve problem', 'sutton coherent', 'plastic fracture mechanic', 'dr sutton', 'boundary valve', 'optic application', 'finite element modeling cracked body', 'incoherent optic', 'plastic fracture', 'boundary valve problem', 'computer vision', 'digital image processing'}"
165,"Taheri-Qazvini, Nader ","{'glassy dynamic', 'material', 'polymer science', 'hybrid material', 'soft matter'}"
166,"Tan, Wenbin",{'vascular biology'}
167,"Tang, Chuanbing","{'polymer', 'biomaterials'}"
168,"Tang, Jijun","{'game', 'algorithm', 'computational biology'}"
169,"Thatcher, Matt E. ","{'examines strategic economic impact information technology focus four theme value', 'policy design', 'information technology', 'cost information', 'economic impact', 'technology focus', 'patent policy', 'social cost', 'strategic economic', 'focus four', 'offshoring', 'four theme', 'impact information', 'social cost information privacy', 'theme value', 'software patent', 'examines strategic', 'information privacy', 'software patent policy design'}"
170,"Tong, Yan","{'interaction including', 'vision pattern', 'professor tong focus computer vision pattern recognition especially human computer interaction including limited', 'especially human', 'recognition especially', 'human computer', 'tong focus', 'including limited', 'professor tong', 'computer interaction', 'pattern recognition', 'computer vision', 'focus computer'}"
171,"Tooren, Michel  van","{'alternative aircraft concept', 'engineering road', 'road vehicle', 'knowledge based engineering', 'system engineering road vehicle aerodynamics', 'vehicle aerodynamics', 'design automation', 'system engineering', 'tooren design', 'aircraft concept', 'knowledge based', 'based engineering', 'alternative aircraft', 'van tooren', 'composite aircraft', 'dr van tooren design automation', 'aircraft fuselage', 'dr van', 'composite aircraft fuselage', 'aircraft certification'}"
172,"Uline, Mark J.","{'nucleation', 'thermodynamics', 'statistical mechanic', 'biophysics', 'soft matter'}"
173,"Valafar, Homayoun","{'artificial intelligence', 'machine learning', 'neural information', 'computational biology', 'information processing', 'neural information processing', 'bioinformatics'}"
174,"Valtorta, Marco",{'artificial intelligence'}
175,"Van Brunt, Vincent","{'carnegie mellon', 'tennessee', 'ph', 'polytechnic'}"
176,"Vargas, Juan","{'dr vargas adjunct professor computer science engineering department', 'science engineering', 'computer science', 'dr vargas', 'vargas adjunct', 'professor computer', 'adjunct professor', 'engineering department'}"
177,"Vidal, Jose M. ","{'artificial intelligence', 'distributed system', 'multiagent system', 'agentbased modeling'}"
178,"Viparelli, Enrica","{'present associate', 'columbia', 'environmental engineering', 'civil environmental', 'present associate professor', 'assistant professor', 'associate professor', 'civil environmental engineering'}"
179,"Vitzilaios, Nikolaos (Nikos)","{'perception autonomous navigation mobile robot', 'autonomous navigation', 'area autonomous', 'automation', 'intelligent system', 'vitzilaios broad', 'dr vitzilaios', 'aircraft system', 'broad area', 'operational autonomy', 'autonomous unmanned', 'field robotics', 'system robotics', 'perception autonomous', 'mobile robot', 'unmanned aircraft system uas', 'machine learning', 'robot team', 'unmanned aircraft', 'unmanned system', 'system uas', 'navigation mobile', 'dr vitzilaios broad area autonomous unmanned system robotics', 'control system', 'mechatronics'}"
180,"Vogt, Thomas","{'physic', 'material science', 'chemistry'}"
181,"Wang, Guiren","{'labonachip', 'turbulence mixing', 'cancer detection', 'superresolution imaging', 'micronanofluidics'}"
182,"Wang, Guoan","{'main streetcolumbia', 'swearingenroom main streetcolumbia', 'sc', 'swearingenroom main'}"
183,"Wang, Song","{'machine learning', 'computer vision', 'image processing'}"
184,"Wang, Xiaofeng","{'main streetcolumbia', 'swearingenroom main streetcolumbia', 'sc', 'swearingenroom main'}"
185,"Wang, Yi","{'multiphysics multiscale', 'reduced order', 'engineering intelligencel', 'term goal', 'cell enrichment', 'discovery', 'vitae pdf', 'system engineering', 'high fidelity', 'including model', 'pant j klarmannc', 'analysis optimization', 'control data', 'modeling multidisciplinary', 'physic based', 'cfd fem', 'parameter estimation', 'spiral inertial', 'multi fidelity', 'wang', 'curriculum vitae pdf imsel labdr wang computational data enabled science engineering cd application multiphysics multiscale system engineering', 'free mesenchymal', 'lai', 'data driven', 'goal towards', 'scale system', 'pdf imsel', 'specific focus', 'rosanoa', 'structural interaction', 'process control', 'j klarmannc', 'trade space exploration', 'space exploration', 'integration massive', 'pant j', 'modeling real', 'control synthesis', 'microfluidics nanofluidics', 'label free', 'curriculum vitae', 'large scale', 'fidelity surrogate', 'system level', 'time data', 'green computing visualization system engineering microfluidics nanofluidics', 'j garsona', 'order modeling', 'model development', 'trade space', 'time simulation', 'hardware development', 'science engineering', 'visualization system', 'high fidelity multiphysics cfd fem analysis reduced order modeling closed form modeling real time simulation', 'towards engineering', 'model integration', 'including engineering', 'machine learning', 'mesenchymal stem', 'based adaptive', 'marrow spiral', 'imsel labdr', 'large scale system level simulation', 'label free mesenchymal stem cell enrichment bone marrow spiral inertial microfluidics', 'computational data', 'including fluid', 'cd application', 'fidelity multiphysics', 'data mining', 'enabled science', 'experimentation', 'among others specific focus physic based adaptive modeling', 'analysis reduced', 'green computing', 'surrogate modeling', 'process control data driven multi fidelity surrogate modeling multidisciplinary analysis optimization', 'intelligencel lee', 'data enabled', 'enrichment bone', 'including fluid structural interaction', 'additive manufacturing', 'multidisciplinary analysis', 'modeling closed', 'data analytics', 'thermal energy management', 'analytical method', 'form modeling', 'level simulation', 'including engineering data mining', 'inertial microfluidics', 'labdr wang', 'prabhakarpandiana', 'stem cell', 'adaptive model', 'application multiphysics', 'multiphysics cfd', 'adaptive modeling', 'adaptive model integration massive real time data analytics', 'long term', 'energy management', 'among others', 'wang computational', 'uncertainty quantification', 'computing visualization', 'engineering microfluidics', 'massive real', 'thermal energy', 'fem analysis', 'engineering cd', 'alvarez', 'system design', 'driven multi', 'bone marrow', 'closed form', 'management', 'engineering data', 'including model development', 'long term goal towards engineering intelligencel lee', 'real time', 'others specific', 'fluid structural', 'focus physic', 'multiscale system'}"
186,"Wei, Xiaojun","{'biosensor', 'biomedical engineering', 'functional nanoparticles', 'nanopore'}"
187,"Wells, James R.","{'african american european american patient biomarkers predict gene therapy efficacy recurrent squamous cell carcinoma head neck clinical cancer dec', 'investigate marker', 'expression type', 'specimen purpose', 'tissue specimen', 'african american', 'head neck', 'negative cancer', 'predict gene', 'campusbld garner', 'biomarkers pathway', 'patient biomarkers', 'specimen investigate', 'different hpv', 'american european', 'hnscc tumor', 'gene therapy', 'resected tissue', 'recurrent squamous', 'rdprofessor well', 'study determine', 'school medicineva', 'well clinical', 'tumor specimen', 'neck clinical', 'clinical cancer', 'cancer dec', 'garner ferry', 'may different', 'specific pathway', 'clinical focus', 'pathway tumor', 'european american', 'hpv positive', 'american patient', 'efficacy recurrent', 'particular attention', 'carcinoma head', 'marker specific', 'analysis hpv', 'cell carcinoma', 'hpv infection', 'biomarkers predict', 'focus analysis', 'determine presence', 'medicineva campusbld', 'attention biomarkers', 'squamous cell', 'particular attention biomarkers pathway may different hpv positive hpv negative cancer', 'hpv negative', 'school medicineva campusbld garner ferry rdprofessor well clinical focus analysis hpv infection freshly resected tissue specimen purpose study determine presence', 'therapy efficacy', 'expression type hpv hnscc tumor specimen investigate marker specific pathway tumor development', 'positive hpv', 'type hpv', 'tumor development', 'ferry rdprofessor', 'hpv hnscc', 'infection freshly', 'purpose study', 'freshly resected', 'pathway may'}"
188,"White, Ralph E.","{'dr whiteph', 'cv dr', 'california berkeley', 'cv dr whiteph'}"
189,"Williams, Christopher","{'funded national', 'surface vibrational', 'involves development', 'industrially relevant', 'dioxide hydrocarbon', 'critical wish', 'raman spectroscopy', 'specific technique', 'biomass derived', 'spectroscopy sers', 'selective oxidation', 'situ operando', 'especially glycerol', 'condition e', 'method novel', 'technique development', 'important application', 'catalysis solid', 'total reflection', 'carried liquid', 'application fine', 'solid catalyst', 'rationally design', 'national science', 'variety industrial source', 'pressure temperature', 'develop molecular', 'application future', 'hydrogenation alpha', 'supported mono', 'chemical pharmaceutical', 'spectroscopic method', 'alkenoic acid', 'frequency spectroscopy', 'focus studying', 'reaction condition', 'mono bimetallic', 'liquid phase high gas pressure temperature specific technique development group surface enhanced raman spectroscopy sers', 'catalyst synthesis', 'current reaction', 'area heterogeneous', 'particular focus', 'ester hydrocarbon', 'particular focus studying solid liquid catalytic interface catalysis carried liquid phase important application fine chemical pharmaceutical production', 'transition metal', 'attenuated total reflection infrared atr ir spectroscopy', 'surface industrially', 'catalyst specific', 'major byproduct biodiesel production hydrodeoxygenation biomass derived organic acid acid ester hydrocarbon fuel electrocatalytic reduction carbon dioxide hydrocarbon catalyst investigation involve polycrystalline transition metal oxide supported mono bimetallic nanoparticle catalyst latter material prepared either traditional catalyst synthesis method novel protocol development g', 'reaction system', 'bimetallic nanoparticle', 'interface catalysis', 'composition nanoscale', 'resource primary', 'electroless deposition allow control size composition nanoscale williams group currently funded national science foundation', 'ir spectroscopy', 'acid selective', 'material prepared', 'solid liquid', 'nanoscale williams', 'heterogeneous catalysis', 'atr ir', 'hydrodeoxygenation biomass', 'including especially glycerol', 'engineering centerroom', 'involve polycrystalline', 'major byproduct', 'hydrocarbon catalyst', 'fine chemical', 'ketoesters alkenoic', 'studying solid', 'currently funded', 'investigation involve', 'vibrational spectroscopic', 'allows develop', 'obtained approach', 'alpha ketoesters', 'attenuated total', 'traditional catalyst', 'carbon dioxide', 'catalysis surface', 'future current', 'biorenewable resource', 'prepared either', 'development group', 'sc williams group area heterogeneous catalysis surface science', 'fuel electrocatalytic', 'control size', 'including especially', 'electrocatalytic reduction', 'sfs information', 'development g', 'condition understanding', 'dendrimer metal', 'nano composite', 'new fuel', 'high gas', 'spectroscopy sfs', 'organic acid', 'catalyst investigation', 'group area', 'application situ', 'method study', 'infrared atr', 'byproduct biodiesel', 'novel protocol', 'understanding catalytic', 'gas pressure', 'liquid catalytic', 'approach allows', 'study adsorption', 'system enantioselective', 'variety industrial', 'primary involves', 'temperature specific', 'enantioselective hydrogenation', 'deposition allow', 'either traditional', 'wish rationally', 'industrial source', 'catalyst latter', 'adsorption catalysis', 'fuel biorenewable', 'information obtained', 'operando surface', 'oxidation alcohol', 'williams group', 'pharmaceutical production', 'catalytic mechanism', 'specific application', 'electroless deposition', 'phase important', 'catalyst reaction', 'enhanced raman', 'acid ester', 'understanding critical', 'reflection infrared', 'production new', 'surface enhanced', 'sc williams', 'derived organic', 'allow control', 'liquid phase', 'molecular level', 'level understanding', 'biodiesel production', 'development application', 'science foundation', 'centerroom main', 'sum frequency', 'reduction carbon', 'synthesis method', 'catalysis carried', 'group currently', 'sum frequency spectroscopy sfs information obtained approach allows develop molecular level understanding catalytic mechanism govern function heterogeneous catalyst reaction condition understanding critical wish rationally design catalyst specific application future current reaction system enantioselective hydrogenation alpha ketoesters alkenoic acid selective oxidation alcohol', 'catalyst surface', 'nanoparticle catalyst', 'dendrimer metal nano composite', 'function heterogeneous', 'catalytic interface', 'metal nano', 'heterogeneous catalyst', 'protocol development', 'engineering centerroom main streetcolumbia', 'surface science', 'main streetcolumbia', 'size composition', 'metal oxide', 'govern function', 'latter material', 'polycrystalline transition', 'relevant reaction', 'mechanism govern', 'oxide supported', 'phase high', 'production new fuel biorenewable resource primary involves development application situ operando surface vibrational spectroscopic method study adsorption catalysis solid catalyst surface industrially relevant reaction condition e', 'design catalyst', 'acid acid', 'group surface', 'production hydrodeoxygenation', 'hydrocarbon fuel'}"
190,"Won, Sang Hee","{'chemical kinetics', 'propulsion', 'combustion', 'flame', 'fuel'}"
191,"Wu, Dezhi","{'interaction ux', 'humancomputer interaction ux design', 'ux design', 'humancomputer interaction', 'behavioral information security', 'big data analytics', 'information security', 'data analytics', 'health', 'behavioral information', 'big data', 'ai'}"
192,"Xu, Songhua","{'information retrieval', 'mining patent', 'visual analytics', 'information technology', 'health cancer', 'property law', 'including medical', 'technique multimedia', 'songhua xu area health information technology', 'area health', 'user interface', 'recommender system text image mining patent informatics intelligent software practitioner intellectual property law computer graphic interactive technique multimedia visualization visual analytics intelligent user interface', 'recommender system', 'including personalization', 'health cancer informatics artificial intelligence', 'intellectual property', 'analytics intelligent', 'visualization visual', 'intelligent user', 'graphic interactive', 'image mining', 'practitioner intellectual', 'text image', 'system text', 'xu area', 'health information', 'knowledge management', 'multimedia visualization', 'artificial intelligence', 'songhua xu', 'patent informatics', 'law computer', 'informatics intelligent', 'interactive technique', 'informatics artificial', 'cancer informatics', 'intelligent software', 'software practitioner', 'computer graphic'}"
193,"Xue, Xingjian (Chris) ","{'solid oxide', 'solid oxide electrolysis cell', 'oxide fuel', 'electrochemical energy', 'reliability durability functional structural material', 'oxide electrolysis', 'xue solid', 'dr xue', 'structural material', 'material electrochemical energy conversion storage', 'material electrochemical', 'reliability durability', 'transport phenomenon', 'transport phenomenon electrochemical kinetics', 'phenomenon electrochemical', 'gas separation', 'energy conversion', 'conversion storage', 'electrochemical kinetics', 'gas separation membrane', 'electrolysis cell', 'durability functional', 'dr xue solid oxide fuel cell', 'separation membrane', 'fuel cell', 'functional structural'}"
194,"Yoon, Yeomin","{'sonodegradation', 'adsorption', 'membrane filtration', 'water treatment', 'nanotechnology'}"
195,"Yu, Lingyu ","{'health monitoring', 'structural health monitoring', 'structural health', 'vibration', 'ultrasonics'}"
196,"Yuan, Lang","{'discrete element modelling', 'discrete element', 'solidification', 'element modelling', 'additive manufacturing', 'microstructure modelling'}"
197,"Zand, Ramtin","{'hardware design', 'emerging nanoscale electronics including spintronic device', 'adaptive computer', 'dr zand', 'reconfigurable adaptive', 'spintronic device', 'aware vlsi', 'low power', 'reconfigurable adaptive computer architecture', 'design machine', 'power reliability', 'learning system', 'computer architecture', 'nanoscale electronics', 'reliability aware', 'electronics including', 'emerging nanoscale', 'including spintronic', 'machine learning', 'vlsi circuit', 'zand involve', 'dr zand involve hardware design machine learning system', 'low power reliability aware vlsi circuit', 'involve hardware', 'neuromorphic computing'}"
198,"Zhang, Bin","{'main streetcolumbia', 'swearingenroom main streetcolumbia', 'sc', 'swearingenroom main'}"
199,"Zhang, Qi","{'goal build', 'term goal', 'develop analyze decision making algorithm uncertain', 'reliable', 'long term', 'build safe', 'reinforcement learning', 'intelligence reinforcement', 'analyze decision', 'trustworthy ai system retain power flexibility handle complex', 'handle complex', 'ai system', 'dynamic environment', 'trustworthy ai', 'artificial intelligence reinforcement learning long term goal build safe', 'flexibility handle', 'diverse context end', 'power flexibility', 'context end', 'diverse context', 'artificial intelligence', 'system retain', 'develop analyze', 'learning long', 'decision making', 'algorithm uncertain', 'making algorithm', 'retain power'}"
200,"Zhou, Caizhi","{'dislocation dynamic', 'mechanical metallurgy', 'multiscale modeling', 'crystal plasticity', 'friction stir', 'friction stir welding', 'stir welding'}"
201,"Ziehl, Paul","{'edge analytics', 'main street', 'suite', 'paul ziehl', 'management joint', 'industrial collaborator', 'department mechanical', 'mechanical civil', 'experience management', 'engineering department', 'ha experience', 'year nist', 'wireless structural', 'engineering main street', 'capability faculty', 'environmental engineering', 'college engineering', 'prognosis system', 'understand align', 'multiple industrial', 'serf understand', 'faculty enterprise', 'structural prognosis', 'serf understand align capability faculty enterprise college professor structural engineering department mechanical civil environmental engineering dr ziehl ha experience management joint venture project involving multiple industrial collaborator ha served principal investigator four year nist sponsored joint venture project edge analytics development commercially deployed wireless structural prognosis system', 'project involving', 'ziehl associate', 'dean college', 'project edge', 'four year', 'investigator four', 'ha served', 'analytics development', 'development commercially', 'joint venture', 'college professor', 'collaborator ha', 'dr ziehl', 'engineering computing', 'served principal', 'civil environmental', 'nist sponsored', 'professor structural', 'sc paul ziehl associate dean college engineering computing', 'sc paul', 'involving multiple', 'align capability', 'associate dean', 'deployed wireless', 'enterprise college', 'principal investigator', 'ziehl ha', 'sponsored joint', 'venture project', 'engineering main', 'engineering dr', 'structural engineering', 'commercially deployed'}"
