nsf_proposal_links_v0,researcher,pseudo_skills
v0_001_2nd_call_for_proposal_for_dst_sti_policy_fellowship_programme,Arindam Biswas,"['application', 'area', 'challenge', 'country', 'decade', 'department', 'development', 'india', 'potential', 'result', 'role']"
v0_001_2nd_call_for_proposal_for_dst_sti_policy_fellowship_programme,Avlokita Agrawal,"['application', 'country', 'department', 'development', 'importance', 'india', 'major', 'potential', 'process', 'solution']"
v0_001_2nd_call_for_proposal_for_dst_sti_policy_fellowship_programme,Gaurav Raheja,"['application', 'area', 'challenge', 'department', 'development', 'india', 'result', 'solution']"
v0_001_2nd_call_for_proposal_for_dst_sti_policy_fellowship_programme,Harshit Sosan Lakra,[]
v0_001_2nd_call_for_proposal_for_dst_sti_policy_fellowship_programme,Mahua Mukherjee,"['application', 'decade', 'department', 'development', 'india', 'process', 'solution']"
v0_001_2nd_call_for_proposal_for_dst_sti_policy_fellowship_programme,Prabhjot Singh Chani,"['application', 'challenge', 'country', 'department', 'development', 'importance', 'india', 'major', 'range', 'solution']"
v0_001_2nd_call_for_proposal_for_dst_sti_policy_fellowship_programme,E Rajasekar,"['area', 'country', 'decade', 'importance', 'major', 'number', 'objective', 'result', 'role', 'solution']"
v0_001_2nd_call_for_proposal_for_dst_sti_policy_fellowship_programme,Ram Sateesh Pasupuleti,"['application', 'area', 'challenge', 'importance', 'major', 'number', 'objective', 'potential', 'role', 'solution']"
v0_001_2nd_call_for_proposal_for_dst_sti_policy_fellowship_programme,Saptarshi Kolay,"['application', 'area', 'challenge', 'development', 'importance', 'process', 'range', 'result', 'role', 'world']"
v0_001_2nd_call_for_proposal_for_dst_sti_policy_fellowship_programme,Shubhajit Sadhukhan,"['application', 'area', 'country', 'department', 'development', 'importance', 'number', 'potential', 'process', 'role']"
v0_001_2nd_call_for_proposal_for_dst_sti_policy_fellowship_programme,Smriti Saraswat,"['application', 'decade', 'department', 'development', 'importance', 'india', 'number', 'potential', 'process', 'range', 'result', 'solution']"
v0_001_2nd_call_for_proposal_for_dst_sti_policy_fellowship_programme,Sonal Atreya,"['application', 'area', 'challenge', 'country', 'decade', 'importance', 'major', 'number', 'process', 'result', 'role', 'solution', 'world']"
v0_001_2nd_call_for_proposal_for_dst_sti_policy_fellowship_programme,Tina Pujara,"['application', 'decade', 'importance', 'major', 'potential', 'range', 'solution', 'world']"
v0_001_2nd_call_for_proposal_for_dst_sti_policy_fellowship_programme,Uttam Kumar Roy,"['application', 'department', 'importance', 'major', 'process', 'result', 'role']"
v0_001_2nd_call_for_proposal_for_dst_sti_policy_fellowship_programme,V Devadas,"['application', 'area', 'decade', 'department', 'development', 'importance', 'range', 'result', 'solution', 'world']"
v0_001_2nd_call_for_proposal_for_dst_sti_policy_fellowship_programme,Jaydev Dabas,"['application', 'area', 'importance', 'major', 'process', 'result', 'role', 'solution', 'world']"
v0_001_2nd_call_for_proposal_for_dst_sti_policy_fellowship_programme,Millie Pant,"['application', 'area', 'decade', 'department', 'development', 'objective', 'potential', 'process', 'range']"
v0_001_2nd_call_for_proposal_for_dst_sti_policy_fellowship_programme,Rajan Arora,"['application', 'country', 'department', 'major', 'solution', 'world']"
v0_001_2nd_call_for_proposal_for_dst_sti_policy_fellowship_programme,Ashwani Kumar Sharma,"['area', 'decade', 'department', 'development', 'india', 'major', 'potential', 'process', 'role']"
v0_001_2nd_call_for_proposal_for_dst_sti_policy_fellowship_programme,Bijan Choudhury,"['application', 'area', 'decade', 'department', 'development', 'importance', 'india', 'potential', 'role', 'solution']"
v0_001_2nd_call_for_proposal_for_dst_sti_policy_fellowship_programme,Debabrata Sircar,"['application', 'country', 'decade', 'importance', 'objective', 'potential', 'process']"
v0_001_2nd_call_for_proposal_for_dst_sti_policy_fellowship_programme,Deepak Sharma,"['application', 'area', 'challenge', 'country', 'decade', 'department', 'major', 'number', 'objective', 'process', 'solution']"
v0_001_2nd_call_for_proposal_for_dst_sti_policy_fellowship_programme,P Gopinath,"['application', 'challenge', 'department', 'development', 'importance', 'range']"
v0_001_2nd_call_for_proposal_for_dst_sti_policy_fellowship_programme,Harsh Chauhan,"['application', 'area', 'country', 'decade', 'department', 'development', 'india', 'potential', 'process', 'role']"
v0_001_2nd_call_for_proposal_for_dst_sti_policy_fellowship_programme,Srinivas Kiran Ambatipudi,['potential']
v0_001_2nd_call_for_proposal_for_dst_sti_policy_fellowship_programme,Krishna Mohan Poluri,"['area', 'decade', 'department', 'development', 'importance', 'potential', 'range', 'result']"
v0_001_2nd_call_for_proposal_for_dst_sti_policy_fellowship_programme,Maya S.Nair,"['application', 'challenge', 'country', 'importance', 'major', 'potential', 'process', 'range']"
v0_001_2nd_call_for_proposal_for_dst_sti_policy_fellowship_programme,N K Navani,"['decade', 'department', 'development', 'importance', 'potential', 'process', 'range', 'role']"
v0_001_2nd_call_for_proposal_for_dst_sti_policy_fellowship_programme,Partha Roy,"['application', 'area', 'challenge', 'decade', 'department', 'development', 'potential', 'range', 'role', 'solution']"
v0_001_2nd_call_for_proposal_for_dst_sti_policy_fellowship_programme,Poonam Choudhary,"['application', 'challenge', 'department', 'major', 'objective', 'potential', 'process', 'range', 'solution']"
v0_001_2nd_call_for_proposal_for_dst_sti_policy_fellowship_programme,Prabhat Kumar Mandal,"['application', 'challenge', 'decade', 'department', 'development', 'importance', 'major', 'objective', 'potential', 'process', 'solution']"
v0_001_2nd_call_for_proposal_for_dst_sti_policy_fellowship_programme,Pranita P Sarangi,"['area', 'process', 'role']"
v0_001_2nd_call_for_proposal_for_dst_sti_policy_fellowship_programme,Pravindra Kumar,"['application', 'area', 'decade', 'department', 'development', 'importance', 'major', 'potential', 'result', 'role', 'solution']"
v0_001_2nd_call_for_proposal_for_dst_sti_policy_fellowship_programme,Prince Tiwari,"['application', 'area', 'challenge', 'department', 'importance', 'major', 'number', 'process', 'range', 'role', 'world']"
v0_001_2nd_call_for_proposal_for_dst_sti_policy_fellowship_programme,R. P. Singh,"['application', 'area', 'decade', 'department', 'development', 'major', 'number', 'potential', 'world']"
v0_001_2nd_call_for_proposal_for_dst_sti_policy_fellowship_programme,Ramasare Prasad,"['application', 'area', 'country', 'department', 'development', 'major', 'potential', 'process', 'result', 'solution']"
v0_001_2nd_call_for_proposal_for_dst_sti_policy_fellowship_programme,Ranjana Pathania,"['application', 'decade', 'department', 'development', 'importance', 'number', 'potential', 'range', 'solution']"
v0_001_2nd_call_for_proposal_for_dst_sti_policy_fellowship_programme,Sanjoy Ghosh,"['application', 'challenge', 'country', 'department', 'importance', 'objective', 'potential', 'process', 'solution']"
v0_001_2nd_call_for_proposal_for_dst_sti_policy_fellowship_programme,Saugata Hazra,"['department', 'development', 'importance', 'potential']"
v0_001_2nd_call_for_proposal_for_dst_sti_policy_fellowship_programme,Shailly Tomar,"['application', 'decade', 'department', 'development', 'potential', 'process', 'solution']"
v0_001_2nd_call_for_proposal_for_dst_sti_policy_fellowship_programme,Shri Ram Yadav,"['application', 'department', 'importance', 'potential', 'range', 'world']"
v0_001_2nd_call_for_proposal_for_dst_sti_policy_fellowship_programme,Soma Rohatgi,"['application', 'area', 'decade', 'development', 'importance', 'major', 'potential', 'range', 'result', 'world']"
v0_001_2nd_call_for_proposal_for_dst_sti_policy_fellowship_programme,Sachin Suresh Tiwari,"['application', 'area', 'challenge', 'country', 'decade', 'department', 'india', 'objective', 'potential', 'process', 'range', 'role', 'solution', 'world']"
v0_001_2nd_call_for_proposal_for_dst_sti_policy_fellowship_programme,Jitin Singla,"['application', 'area', 'importance', 'number', 'process', 'range', 'solution', 'world']"
v0_001_2nd_call_for_proposal_for_dst_sti_policy_fellowship_programme,Rajesh Kumar,"['application', 'area', 'decade', 'department', 'development', 'india', 'major', 'potential', 'process', 'range', 'solution', 'world']"
v0_001_2nd_call_for_proposal_for_dst_sti_policy_fellowship_programme,Akhil Upadhyay,"['challenge', 'country', 'department', 'importance', 'number', 'process', 'range', 'solution']"
v0_002_dst_daad_germany_joint_call_for_proposal_2017,Arindam Biswas,"['application', 'department', 'india', 'result', 'support']"
v0_002_dst_daad_germany_joint_call_for_proposal_2017,Avlokita Agrawal,"['application', 'department', 'india', 'major', 'support']"
v0_002_dst_daad_germany_joint_call_for_proposal_2017,Gaurav Raheja,"['application', 'department', 'financial support', 'india', 'result', 'support']"
v0_002_dst_daad_germany_joint_call_for_proposal_2017,Harshit Sosan Lakra,[]
v0_002_dst_daad_germany_joint_call_for_proposal_2017,Mahua Mukherjee,"['application', 'department', 'india', 'support']"
v0_002_dst_daad_germany_joint_call_for_proposal_2017,Prabhjot Singh Chani,"['application', 'department', 'india', 'major', 'support', 'young researcher']"
v0_002_dst_daad_germany_joint_call_for_proposal_2017,E Rajasekar,"['major', 'number', 'objective', 'result', 'support']"
v0_002_dst_daad_germany_joint_call_for_proposal_2017,Ram Sateesh Pasupuleti,"['application', 'financial support', 'major', 'number', 'objective', 'support']"
v0_002_dst_daad_germany_joint_call_for_proposal_2017,Saptarshi Kolay,"['application', 'financial support', 'result', 'support', 'young researcher']"
v0_002_dst_daad_germany_joint_call_for_proposal_2017,Shubhajit Sadhukhan,"['application', 'department', 'number', 'support']"
v0_002_dst_daad_germany_joint_call_for_proposal_2017,Smriti Saraswat,"['application', 'department', 'financial support', 'india', 'number', 'result']"
v0_002_dst_daad_germany_joint_call_for_proposal_2017,Sonal Atreya,"['application', 'financial support', 'major', 'number', 'result', 'support']"
v0_002_dst_daad_germany_joint_call_for_proposal_2017,Tina Pujara,"['application', 'financial support', 'major']"
v0_002_dst_daad_germany_joint_call_for_proposal_2017,Uttam Kumar Roy,"['application', 'department', 'financial support', 'major', 'result', 'support', 'young researcher']"
v0_002_dst_daad_germany_joint_call_for_proposal_2017,V Devadas,"['application', 'department', 'result']"
v0_002_dst_daad_germany_joint_call_for_proposal_2017,Jaydev Dabas,"['application', 'major', 'result', 'support']"
v0_002_dst_daad_germany_joint_call_for_proposal_2017,Millie Pant,"['application', 'department', 'financial support', 'objective', 'support']"
v0_002_dst_daad_germany_joint_call_for_proposal_2017,Rajan Arora,"['application', 'department', 'major', 'support']"
v0_002_dst_daad_germany_joint_call_for_proposal_2017,Ashwani Kumar Sharma,"['department', 'financial support', 'india', 'major']"
v0_002_dst_daad_germany_joint_call_for_proposal_2017,Bijan Choudhury,"['application', 'department', 'financial support', 'india']"
v0_002_dst_daad_germany_joint_call_for_proposal_2017,Debabrata Sircar,"['application', 'financial support', 'objective', 'support', 'young researcher']"
v0_002_dst_daad_germany_joint_call_for_proposal_2017,Deepak Sharma,"['application', 'department', 'financial support', 'major', 'number', 'objective']"
v0_002_dst_daad_germany_joint_call_for_proposal_2017,P Gopinath,"['application', 'department', 'young researcher']"
v0_002_dst_daad_germany_joint_call_for_proposal_2017,Harsh Chauhan,"['application', 'department', 'india', 'support', 'young researcher']"
v0_002_dst_daad_germany_joint_call_for_proposal_2017,Srinivas Kiran Ambatipudi,[]
v0_002_dst_daad_germany_joint_call_for_proposal_2017,Krishna Mohan Poluri,"['department', 'result']"
v0_002_dst_daad_germany_joint_call_for_proposal_2017,Maya S.Nair,"['application', 'major', 'support', 'young researcher']"
v0_002_dst_daad_germany_joint_call_for_proposal_2017,N K Navani,"['department', 'financial support', 'support']"
v0_002_dst_daad_germany_joint_call_for_proposal_2017,Partha Roy,"['application', 'department', 'support']"
v0_002_dst_daad_germany_joint_call_for_proposal_2017,Poonam Choudhary,"['application', 'department', 'financial support', 'major', 'objective']"
v0_002_dst_daad_germany_joint_call_for_proposal_2017,Prabhat Kumar Mandal,"['application', 'department', 'major', 'objective']"
v0_002_dst_daad_germany_joint_call_for_proposal_2017,Pranita P Sarangi,[]
v0_002_dst_daad_germany_joint_call_for_proposal_2017,Pravindra Kumar,"['application', 'department', 'major', 'result']"
v0_002_dst_daad_germany_joint_call_for_proposal_2017,Prince Tiwari,"['application', 'department', 'financial support', 'major', 'number']"
v0_002_dst_daad_germany_joint_call_for_proposal_2017,R. P. Singh,"['application', 'department', 'financial support', 'major', 'number', 'support']"
v0_002_dst_daad_germany_joint_call_for_proposal_2017,Ramasare Prasad,"['application', 'department', 'financial support', 'major', 'result']"
v0_002_dst_daad_germany_joint_call_for_proposal_2017,Ranjana Pathania,"['application', 'department', 'financial support', 'number']"
v0_002_dst_daad_germany_joint_call_for_proposal_2017,Sanjoy Ghosh,"['application', 'department', 'financial support', 'objective']"
v0_002_dst_daad_germany_joint_call_for_proposal_2017,Saugata Hazra,"['department', 'financial support']"
v0_002_dst_daad_germany_joint_call_for_proposal_2017,Shailly Tomar,"['application', 'department']"
v0_002_dst_daad_germany_joint_call_for_proposal_2017,Shri Ram Yadav,"['application', 'department']"
v0_002_dst_daad_germany_joint_call_for_proposal_2017,Soma Rohatgi,"['application', 'major', 'result']"
v0_002_dst_daad_germany_joint_call_for_proposal_2017,Sachin Suresh Tiwari,"['application', 'department', 'india', 'objective', 'young researcher']"
v0_002_dst_daad_germany_joint_call_for_proposal_2017,Jitin Singla,"['application', 'financial support', 'number', 'support']"
v0_002_dst_daad_germany_joint_call_for_proposal_2017,Rajesh Kumar,"['application', 'department', 'india', 'major']"
v0_002_dst_daad_germany_joint_call_for_proposal_2017,Akhil Upadhyay,"['department', 'number']"
v0_003_call_for_applications_under_the_second_phase_of_the_national_geospatial_chair_professor_scheme,Arindam Biswas,"['application', 'area', 'building', 'capacity building', 'decade', 'demand', 'department', 'development', 'india', 'institute', 'professor', 'resource', 'year']"
v0_003_call_for_applications_under_the_second_phase_of_the_national_geospatial_chair_professor_scheme,Avlokita Agrawal,"['application', 'building', 'capacity building', 'department', 'development', 'importance', 'india', 'institute', 'resource', 'system']"
v0_003_call_for_applications_under_the_second_phase_of_the_national_geospatial_chair_professor_scheme,Gaurav Raheja,"['application', 'area', 'department', 'development', 'field', 'india', 'institute', 'professor', 'resource']"
v0_003_call_for_applications_under_the_second_phase_of_the_national_geospatial_chair_professor_scheme,Harshit Sosan Lakra,['professor']
v0_003_call_for_applications_under_the_second_phase_of_the_national_geospatial_chair_professor_scheme,Mahua Mukherjee,"['application', 'building', 'decade', 'demand', 'department', 'development', 'india', 'institute', 'level', 'professor', 'system']"
v0_003_call_for_applications_under_the_second_phase_of_the_national_geospatial_chair_professor_scheme,Prabhjot Singh Chani,"['application', 'department', 'development', 'importance', 'india', 'institute', 'professor']"
v0_003_call_for_applications_under_the_second_phase_of_the_national_geospatial_chair_professor_scheme,E Rajasekar,"['area', 'building', 'capacity building', 'decade', 'demand', 'importance', 'objective', 'professor', 'resource', 'year']"
v0_003_call_for_applications_under_the_second_phase_of_the_national_geospatial_chair_professor_scheme,Ram Sateesh Pasupuleti,"['application', 'area', 'importance', 'institute', 'objective', 'professor', 'system', 'year']"
v0_003_call_for_applications_under_the_second_phase_of_the_national_geospatial_chair_professor_scheme,Saptarshi Kolay,"['application', 'area', 'building', 'capacity building', 'demand', 'development', 'importance', 'institute', 'professor', 'resource', 'year']"
v0_003_call_for_applications_under_the_second_phase_of_the_national_geospatial_chair_professor_scheme,Shubhajit Sadhukhan,"['application', 'area', 'demand', 'department', 'development', 'importance', 'level', 'resource']"
v0_003_call_for_applications_under_the_second_phase_of_the_national_geospatial_chair_professor_scheme,Smriti Saraswat,"['application', 'building', 'capacity building', 'decade', 'demand', 'department', 'development', 'importance', 'india', 'level', 'professor', 'resource']"
v0_003_call_for_applications_under_the_second_phase_of_the_national_geospatial_chair_professor_scheme,Sonal Atreya,"['application', 'area', 'decade', 'demand', 'importance', 'institute', 'resource', 'system']"
v0_003_call_for_applications_under_the_second_phase_of_the_national_geospatial_chair_professor_scheme,Tina Pujara,"['application', 'decade', 'importance', 'system']"
v0_003_call_for_applications_under_the_second_phase_of_the_national_geospatial_chair_professor_scheme,Uttam Kumar Roy,"['application', 'building', 'capacity building', 'department', 'importance', 'professor', 'resource']"
v0_003_call_for_applications_under_the_second_phase_of_the_national_geospatial_chair_professor_scheme,V Devadas,"['application', 'area', 'decade', 'demand', 'department', 'development', 'importance', 'professor', 'resource', 'system', 'year']"
v0_003_call_for_applications_under_the_second_phase_of_the_national_geospatial_chair_professor_scheme,Jaydev Dabas,"['application', 'area', 'importance', 'institute']"
v0_003_call_for_applications_under_the_second_phase_of_the_national_geospatial_chair_professor_scheme,Millie Pant,"['application', 'area', 'decade', 'demand', 'department', 'development', 'objective', 'professor']"
v0_003_call_for_applications_under_the_second_phase_of_the_national_geospatial_chair_professor_scheme,Rajan Arora,"['application', 'department', 'field']"
v0_003_call_for_applications_under_the_second_phase_of_the_national_geospatial_chair_professor_scheme,Ashwani Kumar Sharma,"['area', 'decade', 'demand', 'department', 'development', 'india', 'professor', 'system']"
v0_003_call_for_applications_under_the_second_phase_of_the_national_geospatial_chair_professor_scheme,Bijan Choudhury,"['application', 'area', 'decade', 'demand', 'department', 'development', 'importance', 'india', 'institute', 'year']"
v0_003_call_for_applications_under_the_second_phase_of_the_national_geospatial_chair_professor_scheme,Debabrata Sircar,"['application', 'decade', 'demand', 'importance', 'institute', 'objective', 'resource', 'system']"
v0_003_call_for_applications_under_the_second_phase_of_the_national_geospatial_chair_professor_scheme,Deepak Sharma,"['application', 'area', 'capacity building', 'decade', 'department', 'institute', 'objective', 'resource']"
v0_003_call_for_applications_under_the_second_phase_of_the_national_geospatial_chair_professor_scheme,P Gopinath,"['application', 'department', 'development', 'importance', 'system']"
v0_003_call_for_applications_under_the_second_phase_of_the_national_geospatial_chair_professor_scheme,Harsh Chauhan,"['application', 'area', 'decade', 'demand', 'department', 'development', 'field', 'india', 'institute', 'professor', 'year']"
v0_003_call_for_applications_under_the_second_phase_of_the_national_geospatial_chair_professor_scheme,Srinivas Kiran Ambatipudi,[]
v0_003_call_for_applications_under_the_second_phase_of_the_national_geospatial_chair_professor_scheme,Krishna Mohan Poluri,"['area', 'decade', 'demand', 'department', 'development', 'field', 'importance', 'professor', 'resource', 'system', 'year']"
v0_003_call_for_applications_under_the_second_phase_of_the_national_geospatial_chair_professor_scheme,Maya S.Nair,"['application', 'demand', 'importance', 'resource']"
v0_003_call_for_applications_under_the_second_phase_of_the_national_geospatial_chair_professor_scheme,N K Navani,"['decade', 'demand', 'department', 'development', 'importance', 'professor']"
v0_003_call_for_applications_under_the_second_phase_of_the_national_geospatial_chair_professor_scheme,Partha Roy,"['application', 'area', 'decade', 'demand', 'department', 'development', 'institute', 'year']"
v0_003_call_for_applications_under_the_second_phase_of_the_national_geospatial_chair_professor_scheme,Poonam Choudhary,"['application', 'demand', 'department', 'objective', 'professor', 'resource']"
v0_003_call_for_applications_under_the_second_phase_of_the_national_geospatial_chair_professor_scheme,Prabhat Kumar Mandal,"['application', 'decade', 'department', 'development', 'importance', 'level', 'objective', 'resource', 'system']"
v0_003_call_for_applications_under_the_second_phase_of_the_national_geospatial_chair_professor_scheme,Pranita P Sarangi,"['area', 'institute', 'professor', 'resource', 'year']"
v0_003_call_for_applications_under_the_second_phase_of_the_national_geospatial_chair_professor_scheme,Pravindra Kumar,"['application', 'area', 'decade', 'demand', 'department', 'development', 'importance', 'professor', 'system']"
v0_003_call_for_applications_under_the_second_phase_of_the_national_geospatial_chair_professor_scheme,Prince Tiwari,"['application', 'area', 'department', 'importance', 'institute', 'professor', 'system']"
v0_003_call_for_applications_under_the_second_phase_of_the_national_geospatial_chair_professor_scheme,R. P. Singh,"['application', 'area', 'decade', 'demand', 'department', 'development', 'field', 'institute', 'level', 'professor', 'year']"
v0_003_call_for_applications_under_the_second_phase_of_the_national_geospatial_chair_professor_scheme,Ramasare Prasad,"['application', 'area', 'department', 'development', 'institute']"
v0_003_call_for_applications_under_the_second_phase_of_the_national_geospatial_chair_professor_scheme,Ranjana Pathania,"['application', 'decade', 'department', 'development', 'importance', 'institute', 'level']"
v0_003_call_for_applications_under_the_second_phase_of_the_national_geospatial_chair_professor_scheme,Sanjoy Ghosh,"['application', 'department', 'field', 'importance', 'level', 'objective']"
v0_003_call_for_applications_under_the_second_phase_of_the_national_geospatial_chair_professor_scheme,Saugata Hazra,"['department', 'development', 'field', 'importance', 'level', 'resource', 'system']"
v0_003_call_for_applications_under_the_second_phase_of_the_national_geospatial_chair_professor_scheme,Shailly Tomar,"['application', 'decade', 'demand', 'department', 'development', 'professor', 'resource']"
v0_003_call_for_applications_under_the_second_phase_of_the_national_geospatial_chair_professor_scheme,Shri Ram Yadav,"['application', 'department', 'importance', 'institute', 'system']"
v0_003_call_for_applications_under_the_second_phase_of_the_national_geospatial_chair_professor_scheme,Soma Rohatgi,"['application', 'area', 'decade', 'development', 'importance', 'professor', 'resource']"
v0_003_call_for_applications_under_the_second_phase_of_the_national_geospatial_chair_professor_scheme,Sachin Suresh Tiwari,"['application', 'area', 'decade', 'demand', 'department', 'india', 'objective', 'professor', 'resource', 'year']"
v0_003_call_for_applications_under_the_second_phase_of_the_national_geospatial_chair_professor_scheme,Jitin Singla,"['application', 'area', 'importance']"
v0_003_call_for_applications_under_the_second_phase_of_the_national_geospatial_chair_professor_scheme,Rajesh Kumar,"['application', 'area', 'decade', 'demand', 'department', 'development', 'field', 'india', 'institute', 'professor', 'resource', 'year']"
v0_003_call_for_applications_under_the_second_phase_of_the_national_geospatial_chair_professor_scheme,Akhil Upadhyay,"['building', 'capacity building', 'department', 'importance', 'professor', 'resource']"
v0_004_advertisement_for_submission_of_research_proposal_under_cognitive_science_research_initiative,Arindam Biswas,"['application', 'area', 'department', 'design', 'development', 'software', 'study']"
v0_004_advertisement_for_submission_of_research_proposal_under_cognitive_science_research_initiative,Avlokita Agrawal,"['application', 'computer science', 'department', 'development', 'major', 'process', 'study']"
v0_004_advertisement_for_submission_of_research_proposal_under_cognitive_science_research_initiative,Gaurav Raheja,"['application', 'area', 'artificial intelligence', 'department', 'design', 'development', 'field', 'software', 'study']"
v0_004_advertisement_for_submission_of_research_proposal_under_cognitive_science_research_initiative,Harshit Sosan Lakra,[]
v0_004_advertisement_for_submission_of_research_proposal_under_cognitive_science_research_initiative,Mahua Mukherjee,"['application', 'artificial intelligence', 'computer science', 'department', 'design', 'development', 'process', 'study']"
v0_004_advertisement_for_submission_of_research_proposal_under_cognitive_science_research_initiative,Prabhjot Singh Chani,"['application', 'computer science', 'department', 'development', 'major']"
v0_004_advertisement_for_submission_of_research_proposal_under_cognitive_science_research_initiative,E Rajasekar,"['area', 'computer science', 'design', 'major', 'software']"
v0_004_advertisement_for_submission_of_research_proposal_under_cognitive_science_research_initiative,Ram Sateesh Pasupuleti,"['application', 'area', 'artificial intelligence', 'computer science', 'major', 'software', 'work']"
v0_004_advertisement_for_submission_of_research_proposal_under_cognitive_science_research_initiative,Saptarshi Kolay,"['application', 'area', 'artificial intelligence', 'computer science', 'design', 'development', 'form', 'process', 'software', 'work']"
v0_004_advertisement_for_submission_of_research_proposal_under_cognitive_science_research_initiative,Shubhajit Sadhukhan,"['application', 'area', 'department', 'development', 'process', 'software', 'work']"
v0_004_advertisement_for_submission_of_research_proposal_under_cognitive_science_research_initiative,Smriti Saraswat,"['application', 'department', 'development', 'process', 'work']"
v0_004_advertisement_for_submission_of_research_proposal_under_cognitive_science_research_initiative,Sonal Atreya,"['application', 'area', 'artificial intelligence', 'form', 'major', 'process', 'software', 'work']"
v0_004_advertisement_for_submission_of_research_proposal_under_cognitive_science_research_initiative,Tina Pujara,"['application', 'artificial intelligence', 'computer science', 'design', 'major']"
v0_004_advertisement_for_submission_of_research_proposal_under_cognitive_science_research_initiative,Uttam Kumar Roy,"['application', 'artificial intelligence', 'department', 'design', 'major', 'process', 'software', 'work']"
v0_004_advertisement_for_submission_of_research_proposal_under_cognitive_science_research_initiative,V Devadas,"['application', 'area', 'department', 'design', 'development', 'form', 'study', 'work']"
v0_004_advertisement_for_submission_of_research_proposal_under_cognitive_science_research_initiative,Jaydev Dabas,"['application', 'area', 'artificial intelligence', 'design', 'form', 'major', 'process', 'work']"
v0_004_advertisement_for_submission_of_research_proposal_under_cognitive_science_research_initiative,Millie Pant,"['application', 'area', 'artificial intelligence', 'computer science', 'department', 'development', 'process', 'study']"
v0_004_advertisement_for_submission_of_research_proposal_under_cognitive_science_research_initiative,Rajan Arora,"['application', 'artificial intelligence', 'department', 'field', 'form', 'major', 'software', 'work']"
v0_004_advertisement_for_submission_of_research_proposal_under_cognitive_science_research_initiative,Ashwani Kumar Sharma,"['area', 'department', 'design', 'development', 'major', 'process', 'software']"
v0_004_advertisement_for_submission_of_research_proposal_under_cognitive_science_research_initiative,Bijan Choudhury,"['application', 'area', 'computer science', 'department', 'design', 'development', 'software', 'work']"
v0_004_advertisement_for_submission_of_research_proposal_under_cognitive_science_research_initiative,Debabrata Sircar,"['application', 'artificial intelligence', 'computer science', 'process', 'software', 'study']"
v0_004_advertisement_for_submission_of_research_proposal_under_cognitive_science_research_initiative,Deepak Sharma,"['application', 'area', 'artificial intelligence', 'department', 'major', 'process', 'study']"
v0_004_advertisement_for_submission_of_research_proposal_under_cognitive_science_research_initiative,P Gopinath,"['application', 'department', 'development']"
v0_004_advertisement_for_submission_of_research_proposal_under_cognitive_science_research_initiative,Harsh Chauhan,"['application', 'area', 'department', 'development', 'field', 'process', 'study']"
v0_004_advertisement_for_submission_of_research_proposal_under_cognitive_science_research_initiative,Srinivas Kiran Ambatipudi,[]
v0_004_advertisement_for_submission_of_research_proposal_under_cognitive_science_research_initiative,Krishna Mohan Poluri,"['area', 'artificial intelligence', 'department', 'design', 'development', 'field']"
v0_004_advertisement_for_submission_of_research_proposal_under_cognitive_science_research_initiative,Maya S.Nair,"['application', 'computer science', 'form', 'major', 'process', 'software', 'work']"
v0_004_advertisement_for_submission_of_research_proposal_under_cognitive_science_research_initiative,N K Navani,"['computer science', 'department', 'development', 'process']"
v0_004_advertisement_for_submission_of_research_proposal_under_cognitive_science_research_initiative,Partha Roy,"['application', 'area', 'computer science', 'department', 'design', 'development']"
v0_004_advertisement_for_submission_of_research_proposal_under_cognitive_science_research_initiative,Poonam Choudhary,"['application', 'computer science', 'department', 'design', 'major', 'process', 'study', 'work']"
v0_004_advertisement_for_submission_of_research_proposal_under_cognitive_science_research_initiative,Prabhat Kumar Mandal,"['application', 'computer science', 'department', 'development', 'major', 'process']"
v0_004_advertisement_for_submission_of_research_proposal_under_cognitive_science_research_initiative,Pranita P Sarangi,"['area', 'process', 'software']"
v0_004_advertisement_for_submission_of_research_proposal_under_cognitive_science_research_initiative,Pravindra Kumar,"['application', 'area', 'department', 'development', 'major', 'software', 'study']"
v0_004_advertisement_for_submission_of_research_proposal_under_cognitive_science_research_initiative,Prince Tiwari,"['application', 'area', 'artificial intelligence', 'computer science', 'department', 'design', 'major', 'process', 'software']"
v0_004_advertisement_for_submission_of_research_proposal_under_cognitive_science_research_initiative,R. P. Singh,"['application', 'area', 'department', 'design', 'development', 'field', 'form', 'major', 'work']"
v0_004_advertisement_for_submission_of_research_proposal_under_cognitive_science_research_initiative,Ramasare Prasad,"['application', 'area', 'artificial intelligence', 'computer science', 'department', 'development', 'major', 'process', 'study']"
v0_004_advertisement_for_submission_of_research_proposal_under_cognitive_science_research_initiative,Ranjana Pathania,"['application', 'artificial intelligence', 'computer science', 'department', 'design', 'development', 'software']"
v0_004_advertisement_for_submission_of_research_proposal_under_cognitive_science_research_initiative,Sanjoy Ghosh,"['application', 'computer science', 'department', 'field', 'process', 'study']"
v0_004_advertisement_for_submission_of_research_proposal_under_cognitive_science_research_initiative,Saugata Hazra,"['artificial intelligence', 'computer science', 'department', 'design', 'development', 'field', 'study']"
v0_004_advertisement_for_submission_of_research_proposal_under_cognitive_science_research_initiative,Shailly Tomar,"['application', 'department', 'development', 'process', 'software']"
v0_004_advertisement_for_submission_of_research_proposal_under_cognitive_science_research_initiative,Shri Ram Yadav,"['application', 'computer science', 'department', 'form', 'work']"
v0_004_advertisement_for_submission_of_research_proposal_under_cognitive_science_research_initiative,Soma Rohatgi,"['application', 'area', 'artificial intelligence', 'computer science', 'development', 'major', 'work']"
v0_004_advertisement_for_submission_of_research_proposal_under_cognitive_science_research_initiative,Sachin Suresh Tiwari,"['application', 'area', 'artificial intelligence', 'department', 'form', 'process', 'work']"
v0_004_advertisement_for_submission_of_research_proposal_under_cognitive_science_research_initiative,Jitin Singla,"['application', 'area', 'artificial intelligence', 'computer science', 'process', 'work']"
v0_004_advertisement_for_submission_of_research_proposal_under_cognitive_science_research_initiative,Rajesh Kumar,"['application', 'area', 'computer science', 'department', 'design', 'development', 'field', 'major', 'process', 'software', 'study']"
v0_004_advertisement_for_submission_of_research_proposal_under_cognitive_science_research_initiative,Akhil Upadhyay,"['computer science', 'department', 'design', 'process', 'study']"
v0_005_invites_science_and_technology_project_proposals___ministry_of_mines,Arindam Biswas,"['application', 'area', 'aspect', 'department', 'development', 'india', 'institute', 'land', 'material', 'resource', 'year']"
v0_005_invites_science_and_technology_project_proposals___ministry_of_mines,Avlokita Agrawal,"['application', 'aspect', 'department', 'development', 'impact', 'india', 'input', 'institute', 'land', 'process', 'resource', 'system']"
v0_005_invites_science_and_technology_project_proposals___ministry_of_mines,Gaurav Raheja,"['application', 'area', 'aspect', 'department', 'development', 'india', 'institute', 'land', 'resource']"
v0_005_invites_science_and_technology_project_proposals___ministry_of_mines,Harshit Sosan Lakra,[]
v0_005_invites_science_and_technology_project_proposals___ministry_of_mines,Mahua Mukherjee,"['application', 'aspect', 'department', 'development', 'india', 'institute', 'land', 'material', 'process', 'product', 'system']"
v0_005_invites_science_and_technology_project_proposals___ministry_of_mines,Prabhjot Singh Chani,"['application', 'aspect', 'department', 'development', 'efficiency', 'india', 'institute']"
v0_005_invites_science_and_technology_project_proposals___ministry_of_mines,E Rajasekar,"['area', 'aspect', 'impact', 'input', 'material', 'resource', 'year']"
v0_005_invites_science_and_technology_project_proposals___ministry_of_mines,Ram Sateesh Pasupuleti,"['application', 'area', 'input', 'institute', 'material', 'system', 'year']"
v0_005_invites_science_and_technology_project_proposals___ministry_of_mines,Saptarshi Kolay,"['application', 'area', 'aspect', 'development', 'institute', 'land', 'material', 'process', 'product', 'resource', 'year']"
v0_005_invites_science_and_technology_project_proposals___ministry_of_mines,Shubhajit Sadhukhan,"['application', 'area', 'department', 'development', 'impact', 'material', 'process', 'product', 'resource']"
v0_005_invites_science_and_technology_project_proposals___ministry_of_mines,Smriti Saraswat,"['application', 'department', 'development', 'india', 'process', 'resource']"
v0_005_invites_science_and_technology_project_proposals___ministry_of_mines,Sonal Atreya,"['application', 'area', 'aspect', 'impact', 'institute', 'material', 'process', 'resource', 'system']"
v0_005_invites_science_and_technology_project_proposals___ministry_of_mines,Tina Pujara,"['application', 'impact', 'system']"
v0_005_invites_science_and_technology_project_proposals___ministry_of_mines,Uttam Kumar Roy,"['application', 'department', 'material', 'process', 'product', 'resource']"
v0_005_invites_science_and_technology_project_proposals___ministry_of_mines,V Devadas,"['application', 'area', 'aspect', 'department', 'development', 'impact', 'resource', 'system', 'year']"
v0_005_invites_science_and_technology_project_proposals___ministry_of_mines,Jaydev Dabas,"['application', 'area', 'aspect', 'efficiency', 'institute', 'process']"
v0_005_invites_science_and_technology_project_proposals___ministry_of_mines,Millie Pant,"['application', 'area', 'aspect', 'department', 'development', 'efficiency', 'input', 'material', 'process']"
v0_005_invites_science_and_technology_project_proposals___ministry_of_mines,Rajan Arora,"['application', 'aspect', 'department']"
v0_005_invites_science_and_technology_project_proposals___ministry_of_mines,Ashwani Kumar Sharma,"['area', 'department', 'development', 'india', 'material', 'process', 'product', 'system']"
v0_005_invites_science_and_technology_project_proposals___ministry_of_mines,Bijan Choudhury,"['application', 'area', 'department', 'development', 'impact', 'india', 'input', 'institute', 'material', 'product', 'year']"
v0_005_invites_science_and_technology_project_proposals___ministry_of_mines,Debabrata Sircar,"['application', 'aspect', 'institute', 'land', 'material', 'process', 'product', 'resource', 'system']"
v0_005_invites_science_and_technology_project_proposals___ministry_of_mines,Deepak Sharma,"['application', 'area', 'department', 'institute', 'material', 'process', 'product', 'resource']"
v0_005_invites_science_and_technology_project_proposals___ministry_of_mines,P Gopinath,"['application', 'department', 'development', 'impact', 'material', 'system']"
v0_005_invites_science_and_technology_project_proposals___ministry_of_mines,Harsh Chauhan,"['application', 'area', 'aspect', 'department', 'development', 'india', 'input', 'institute', 'process', 'year']"
v0_005_invites_science_and_technology_project_proposals___ministry_of_mines,Srinivas Kiran Ambatipudi,['land']
v0_005_invites_science_and_technology_project_proposals___ministry_of_mines,Krishna Mohan Poluri,"['area', 'department', 'development', 'material', 'resource', 'system', 'year']"
v0_005_invites_science_and_technology_project_proposals___ministry_of_mines,Maya S.Nair,"['application', 'aspect', 'impact', 'land', 'process', 'product', 'resource']"
v0_005_invites_science_and_technology_project_proposals___ministry_of_mines,N K Navani,"['aspect', 'department', 'development', 'land', 'material', 'process']"
v0_005_invites_science_and_technology_project_proposals___ministry_of_mines,Partha Roy,"['application', 'area', 'aspect', 'department', 'development', 'impact', 'input', 'institute', 'land', 'year']"
v0_005_invites_science_and_technology_project_proposals___ministry_of_mines,Poonam Choudhary,"['application', 'department', 'material', 'process', 'product', 'resource']"
v0_005_invites_science_and_technology_project_proposals___ministry_of_mines,Prabhat Kumar Mandal,"['application', 'aspect', 'department', 'development', 'process', 'product', 'resource', 'system']"
v0_005_invites_science_and_technology_project_proposals___ministry_of_mines,Pranita P Sarangi,"['area', 'institute', 'material', 'process', 'resource', 'year']"
v0_005_invites_science_and_technology_project_proposals___ministry_of_mines,Pravindra Kumar,"['application', 'area', 'department', 'development', 'system']"
v0_005_invites_science_and_technology_project_proposals___ministry_of_mines,Prince Tiwari,"['application', 'area', 'department', 'efficiency', 'institute', 'material', 'process', 'system']"
v0_005_invites_science_and_technology_project_proposals___ministry_of_mines,R. P. Singh,"['application', 'area', 'department', 'development', 'input', 'institute', 'land', 'material', 'year']"
v0_005_invites_science_and_technology_project_proposals___ministry_of_mines,Ramasare Prasad,"['application', 'area', 'department', 'development', 'input', 'institute', 'material', 'process', 'product']"
v0_005_invites_science_and_technology_project_proposals___ministry_of_mines,Ranjana Pathania,"['application', 'department', 'development', 'efficiency', 'input', 'institute', 'material', 'product']"
v0_005_invites_science_and_technology_project_proposals___ministry_of_mines,Sanjoy Ghosh,"['application', 'department', 'impact', 'material', 'process', 'product']"
v0_005_invites_science_and_technology_project_proposals___ministry_of_mines,Saugata Hazra,"['department', 'development', 'material', 'resource', 'system']"
v0_005_invites_science_and_technology_project_proposals___ministry_of_mines,Shailly Tomar,"['application', 'department', 'development', 'land', 'material', 'process', 'resource']"
v0_005_invites_science_and_technology_project_proposals___ministry_of_mines,Shri Ram Yadav,"['application', 'department', 'impact', 'input', 'institute', 'product', 'system']"
v0_005_invites_science_and_technology_project_proposals___ministry_of_mines,Soma Rohatgi,"['application', 'area', 'aspect', 'development', 'efficiency', 'impact', 'material', 'resource']"
v0_005_invites_science_and_technology_project_proposals___ministry_of_mines,Sachin Suresh Tiwari,"['application', 'area', 'department', 'efficiency', 'india', 'input', 'land', 'process', 'product', 'resource', 'year']"
v0_005_invites_science_and_technology_project_proposals___ministry_of_mines,Jitin Singla,"['application', 'area', 'process']"
v0_005_invites_science_and_technology_project_proposals___ministry_of_mines,Rajesh Kumar,"['application', 'area', 'aspect', 'department', 'development', 'efficiency', 'india', 'input', 'institute', 'land', 'material', 'process', 'product', 'resource', 'year']"
v0_005_invites_science_and_technology_project_proposals___ministry_of_mines,Akhil Upadhyay,"['department', 'efficiency', 'process', 'resource']"
v0_006_call_for_proposals_under_india_republic_of_korea_joint_programme_of_cooperation,Arindam Biswas,"['application', 'area', 'country', 'department', 'foundation', 'india', 'potential']"
v0_006_call_for_proposals_under_india_republic_of_korea_joint_programme_of_cooperation,Avlokita Agrawal,"['application', 'country', 'department', 'foundation', 'future', 'india', 'potential', 'procedure']"
v0_006_call_for_proposals_under_india_republic_of_korea_joint_programme_of_cooperation,Gaurav Raheja,"['application', 'area', 'department', 'foundation', 'future', 'india']"
v0_006_call_for_proposals_under_india_republic_of_korea_joint_programme_of_cooperation,Harshit Sosan Lakra,[]
v0_006_call_for_proposals_under_india_republic_of_korea_joint_programme_of_cooperation,Mahua Mukherjee,"['application', 'department', 'foundation', 'india', 'procedure']"
v0_006_call_for_proposals_under_india_republic_of_korea_joint_programme_of_cooperation,Prabhjot Singh Chani,"['application', 'country', 'department', 'india']"
v0_006_call_for_proposals_under_india_republic_of_korea_joint_programme_of_cooperation,E Rajasekar,"['area', 'country', 'foundation', 'future']"
v0_006_call_for_proposals_under_india_republic_of_korea_joint_programme_of_cooperation,Ram Sateesh Pasupuleti,"['application', 'area', 'foundation', 'future', 'potential', 'procedure']"
v0_006_call_for_proposals_under_india_republic_of_korea_joint_programme_of_cooperation,Saptarshi Kolay,"['application', 'area', 'foundation', 'procedure']"
v0_006_call_for_proposals_under_india_republic_of_korea_joint_programme_of_cooperation,Shubhajit Sadhukhan,"['application', 'area', 'country', 'department', 'foundation', 'future', 'potential', 'procedure']"
v0_006_call_for_proposals_under_india_republic_of_korea_joint_programme_of_cooperation,Smriti Saraswat,"['application', 'department', 'foundation', 'india', 'potential', 'procedure']"
v0_006_call_for_proposals_under_india_republic_of_korea_joint_programme_of_cooperation,Sonal Atreya,"['application', 'area', 'country', 'foundation', 'future', 'procedure']"
v0_006_call_for_proposals_under_india_republic_of_korea_joint_programme_of_cooperation,Tina Pujara,"['application', 'foundation', 'potential', 'procedure']"
v0_006_call_for_proposals_under_india_republic_of_korea_joint_programme_of_cooperation,Uttam Kumar Roy,"['application', 'department', 'foundation', 'procedure']"
v0_006_call_for_proposals_under_india_republic_of_korea_joint_programme_of_cooperation,V Devadas,"['application', 'area', 'department', 'foundation', 'future']"
v0_006_call_for_proposals_under_india_republic_of_korea_joint_programme_of_cooperation,Jaydev Dabas,"['application', 'area', 'foundation']"
v0_006_call_for_proposals_under_india_republic_of_korea_joint_programme_of_cooperation,Millie Pant,"['application', 'area', 'department', 'foundation', 'potential']"
v0_006_call_for_proposals_under_india_republic_of_korea_joint_programme_of_cooperation,Rajan Arora,"['application', 'country', 'department', 'foundation']"
v0_006_call_for_proposals_under_india_republic_of_korea_joint_programme_of_cooperation,Ashwani Kumar Sharma,"['area', 'department', 'foundation', 'future', 'india', 'potential', 'procedure']"
v0_006_call_for_proposals_under_india_republic_of_korea_joint_programme_of_cooperation,Bijan Choudhury,"['application', 'area', 'department', 'foundation', 'india', 'potential']"
v0_006_call_for_proposals_under_india_republic_of_korea_joint_programme_of_cooperation,Debabrata Sircar,"['application', 'country', 'foundation', 'potential', 'procedure']"
v0_006_call_for_proposals_under_india_republic_of_korea_joint_programme_of_cooperation,Deepak Sharma,"['application', 'area', 'country', 'department', 'foundation']"
v0_006_call_for_proposals_under_india_republic_of_korea_joint_programme_of_cooperation,P Gopinath,"['application', 'department']"
v0_006_call_for_proposals_under_india_republic_of_korea_joint_programme_of_cooperation,Harsh Chauhan,"['application', 'area', 'country', 'department', 'foundation', 'india', 'potential', 'procedure']"
v0_006_call_for_proposals_under_india_republic_of_korea_joint_programme_of_cooperation,Srinivas Kiran Ambatipudi,['potential']
v0_006_call_for_proposals_under_india_republic_of_korea_joint_programme_of_cooperation,Krishna Mohan Poluri,"['area', 'department', 'potential', 'procedure']"
v0_006_call_for_proposals_under_india_republic_of_korea_joint_programme_of_cooperation,Maya S.Nair,"['application', 'country', 'foundation', 'future', 'potential']"
v0_006_call_for_proposals_under_india_republic_of_korea_joint_programme_of_cooperation,N K Navani,"['department', 'foundation', 'potential', 'procedure']"
v0_006_call_for_proposals_under_india_republic_of_korea_joint_programme_of_cooperation,Partha Roy,"['application', 'area', 'department', 'foundation', 'potential']"
v0_006_call_for_proposals_under_india_republic_of_korea_joint_programme_of_cooperation,Poonam Choudhary,"['application', 'department', 'foundation', 'future', 'potential']"
v0_006_call_for_proposals_under_india_republic_of_korea_joint_programme_of_cooperation,Prabhat Kumar Mandal,"['application', 'department', 'foundation', 'potential', 'procedure']"
v0_006_call_for_proposals_under_india_republic_of_korea_joint_programme_of_cooperation,Pranita P Sarangi,"['area', 'procedure']"
v0_006_call_for_proposals_under_india_republic_of_korea_joint_programme_of_cooperation,Pravindra Kumar,"['application', 'area', 'department', 'foundation', 'future', 'potential']"
v0_006_call_for_proposals_under_india_republic_of_korea_joint_programme_of_cooperation,Prince Tiwari,"['application', 'area', 'department']"
v0_006_call_for_proposals_under_india_republic_of_korea_joint_programme_of_cooperation,R. P. Singh,"['application', 'area', 'department', 'foundation', 'future', 'potential']"
v0_006_call_for_proposals_under_india_republic_of_korea_joint_programme_of_cooperation,Ramasare Prasad,"['application', 'area', 'country', 'department', 'foundation', 'future', 'potential', 'procedure']"
v0_006_call_for_proposals_under_india_republic_of_korea_joint_programme_of_cooperation,Ranjana Pathania,"['application', 'department', 'potential', 'procedure']"
v0_006_call_for_proposals_under_india_republic_of_korea_joint_programme_of_cooperation,Sanjoy Ghosh,"['application', 'country', 'department', 'foundation', 'potential', 'procedure']"
v0_006_call_for_proposals_under_india_republic_of_korea_joint_programme_of_cooperation,Saugata Hazra,"['department', 'foundation', 'potential', 'procedure']"
v0_006_call_for_proposals_under_india_republic_of_korea_joint_programme_of_cooperation,Shailly Tomar,"['application', 'department', 'potential', 'procedure']"
v0_006_call_for_proposals_under_india_republic_of_korea_joint_programme_of_cooperation,Shri Ram Yadav,"['application', 'department', 'foundation', 'potential', 'procedure']"
v0_006_call_for_proposals_under_india_republic_of_korea_joint_programme_of_cooperation,Soma Rohatgi,"['application', 'area', 'foundation', 'potential']"
v0_006_call_for_proposals_under_india_republic_of_korea_joint_programme_of_cooperation,Sachin Suresh Tiwari,"['application', 'area', 'country', 'department', 'foundation', 'future', 'india', 'potential', 'procedure']"
v0_006_call_for_proposals_under_india_republic_of_korea_joint_programme_of_cooperation,Jitin Singla,"['application', 'area', 'foundation']"
v0_006_call_for_proposals_under_india_republic_of_korea_joint_programme_of_cooperation,Rajesh Kumar,"['application', 'area', 'department', 'foundation', 'future', 'india', 'potential', 'procedure']"
v0_006_call_for_proposals_under_india_republic_of_korea_joint_programme_of_cooperation,Akhil Upadhyay,"['country', 'department', 'foundation', 'procedure']"
v0_007_india___korea_joint_network_centre___call_for_proposals___last_date___august_16_2017,Arindam Biswas,"['area', 'country', 'department', 'india', 'interaction', 'material', 'opportunity', 'outcome', 'paper', 'potential', 'student', 'year']"
v0_007_india___korea_joint_network_centre___call_for_proposals___last_date___august_16_2017,Avlokita Agrawal,"['centre', 'country', 'department', 'future', 'india', 'interaction', 'outcome', 'paper', 'potential', 'process', 'student']"
v0_007_india___korea_joint_network_centre___call_for_proposals___last_date___august_16_2017,Gaurav Raheja,"['area', 'department', 'future', 'india', 'interaction', 'paper']"
v0_007_india___korea_joint_network_centre___call_for_proposals___last_date___august_16_2017,Harshit Sosan Lakra,['outcome']
v0_007_india___korea_joint_network_centre___call_for_proposals___last_date___august_16_2017,Mahua Mukherjee,"['centre', 'department', 'india', 'interaction', 'material', 'opportunity', 'paper', 'process', 'student']"
v0_007_india___korea_joint_network_centre___call_for_proposals___last_date___august_16_2017,Prabhjot Singh Chani,"['country', 'department', 'india', 'interaction', 'paper']"
v0_007_india___korea_joint_network_centre___call_for_proposals___last_date___august_16_2017,E Rajasekar,"['area', 'country', 'future', 'interaction', 'material', 'objective', 'paper', 'year']"
v0_007_india___korea_joint_network_centre___call_for_proposals___last_date___august_16_2017,Ram Sateesh Pasupuleti,"['area', 'centre', 'future', 'interaction', 'material', 'objective', 'opportunity', 'paper', 'potential', 'year']"
v0_007_india___korea_joint_network_centre___call_for_proposals___last_date___august_16_2017,Saptarshi Kolay,"['area', 'centre', 'interaction', 'material', 'opportunity', 'paper', 'process', 'student', 'year']"
v0_007_india___korea_joint_network_centre___call_for_proposals___last_date___august_16_2017,Shubhajit Sadhukhan,"['area', 'centre', 'country', 'department', 'future', 'interaction', 'material', 'opportunity', 'potential', 'process']"
v0_007_india___korea_joint_network_centre___call_for_proposals___last_date___august_16_2017,Smriti Saraswat,"['centre', 'department', 'india', 'interaction', 'outcome', 'potential', 'process']"
v0_007_india___korea_joint_network_centre___call_for_proposals___last_date___august_16_2017,Sonal Atreya,"['area', 'centre', 'country', 'future', 'interaction', 'material', 'paper', 'process', 'student']"
v0_007_india___korea_joint_network_centre___call_for_proposals___last_date___august_16_2017,Tina Pujara,"['centre', 'interaction', 'outcome', 'potential', 'student']"
v0_007_india___korea_joint_network_centre___call_for_proposals___last_date___august_16_2017,Uttam Kumar Roy,"['department', 'material', 'opportunity', 'outcome', 'paper', 'process']"
v0_007_india___korea_joint_network_centre___call_for_proposals___last_date___august_16_2017,V Devadas,"['area', 'centre', 'department', 'future', 'interaction', 'opportunity', 'paper', 'year']"
v0_007_india___korea_joint_network_centre___call_for_proposals___last_date___august_16_2017,Jaydev Dabas,"['area', 'interaction', 'outcome', 'paper', 'process', 'student']"
v0_007_india___korea_joint_network_centre___call_for_proposals___last_date___august_16_2017,Millie Pant,"['area', 'department', 'interaction', 'material', 'objective', 'paper', 'potential', 'process', 'student']"
v0_007_india___korea_joint_network_centre___call_for_proposals___last_date___august_16_2017,Rajan Arora,"['country', 'department', 'interaction', 'paper', 'student']"
v0_007_india___korea_joint_network_centre___call_for_proposals___last_date___august_16_2017,Ashwani Kumar Sharma,"['area', 'department', 'future', 'india', 'interaction', 'material', 'paper', 'potential', 'process']"
v0_007_india___korea_joint_network_centre___call_for_proposals___last_date___august_16_2017,Bijan Choudhury,"['area', 'centre', 'department', 'india', 'interaction', 'material', 'opportunity', 'potential', 'student', 'year']"
v0_007_india___korea_joint_network_centre___call_for_proposals___last_date___august_16_2017,Debabrata Sircar,"['country', 'interaction', 'material', 'objective', 'opportunity', 'paper', 'potential', 'process', 'student']"
v0_007_india___korea_joint_network_centre___call_for_proposals___last_date___august_16_2017,Deepak Sharma,"['area', 'country', 'department', 'interaction', 'material', 'objective', 'process', 'student']"
v0_007_india___korea_joint_network_centre___call_for_proposals___last_date___august_16_2017,P Gopinath,"['department', 'material']"
v0_007_india___korea_joint_network_centre___call_for_proposals___last_date___august_16_2017,Harsh Chauhan,"['area', 'centre', 'country', 'department', 'india', 'interaction', 'opportunity', 'paper', 'potential', 'process', 'student', 'year']"
v0_007_india___korea_joint_network_centre___call_for_proposals___last_date___august_16_2017,Srinivas Kiran Ambatipudi,['potential']
v0_007_india___korea_joint_network_centre___call_for_proposals___last_date___august_16_2017,Krishna Mohan Poluri,"['area', 'centre', 'department', 'interaction', 'material', 'outcome', 'potential', 'year']"
v0_007_india___korea_joint_network_centre___call_for_proposals___last_date___august_16_2017,Maya S.Nair,"['country', 'future', 'interaction', 'opportunity', 'paper', 'potential', 'process']"
v0_007_india___korea_joint_network_centre___call_for_proposals___last_date___august_16_2017,N K Navani,"['department', 'interaction', 'material', 'paper', 'potential', 'process']"
v0_007_india___korea_joint_network_centre___call_for_proposals___last_date___august_16_2017,Partha Roy,"['area', 'centre', 'department', 'interaction', 'outcome', 'paper', 'potential', 'year']"
v0_007_india___korea_joint_network_centre___call_for_proposals___last_date___august_16_2017,Poonam Choudhary,"['department', 'future', 'interaction', 'material', 'objective', 'opportunity', 'potential', 'process', 'student']"
v0_007_india___korea_joint_network_centre___call_for_proposals___last_date___august_16_2017,Prabhat Kumar Mandal,"['centre', 'department', 'interaction', 'objective', 'paper', 'potential', 'process']"
v0_007_india___korea_joint_network_centre___call_for_proposals___last_date___august_16_2017,Pranita P Sarangi,"['area', 'material', 'process', 'year']"
v0_007_india___korea_joint_network_centre___call_for_proposals___last_date___august_16_2017,Pravindra Kumar,"['area', 'department', 'future', 'interaction', 'paper', 'potential']"
v0_007_india___korea_joint_network_centre___call_for_proposals___last_date___august_16_2017,Prince Tiwari,"['area', 'department', 'interaction', 'material', 'outcome', 'process', 'student']"
v0_007_india___korea_joint_network_centre___call_for_proposals___last_date___august_16_2017,R. P. Singh,"['area', 'department', 'future', 'interaction', 'material', 'opportunity', 'paper', 'potential', 'student', 'year']"
v0_007_india___korea_joint_network_centre___call_for_proposals___last_date___august_16_2017,Ramasare Prasad,"['area', 'centre', 'country', 'department', 'future', 'interaction', 'material', 'paper', 'potential', 'process', 'student']"
v0_007_india___korea_joint_network_centre___call_for_proposals___last_date___august_16_2017,Ranjana Pathania,"['department', 'interaction', 'material', 'potential']"
v0_007_india___korea_joint_network_centre___call_for_proposals___last_date___august_16_2017,Sanjoy Ghosh,"['country', 'department', 'interaction', 'material', 'objective', 'potential', 'process']"
v0_007_india___korea_joint_network_centre___call_for_proposals___last_date___august_16_2017,Saugata Hazra,"['centre', 'department', 'interaction', 'material', 'opportunity', 'potential', 'student']"
v0_007_india___korea_joint_network_centre___call_for_proposals___last_date___august_16_2017,Shailly Tomar,"['department', 'interaction', 'material', 'paper', 'potential', 'process']"
v0_007_india___korea_joint_network_centre___call_for_proposals___last_date___august_16_2017,Shri Ram Yadav,"['centre', 'department', 'interaction', 'potential', 'student']"
v0_007_india___korea_joint_network_centre___call_for_proposals___last_date___august_16_2017,Soma Rohatgi,"['area', 'interaction', 'material', 'potential']"
v0_007_india___korea_joint_network_centre___call_for_proposals___last_date___august_16_2017,Sachin Suresh Tiwari,"['area', 'centre', 'country', 'department', 'future', 'india', 'interaction', 'objective', 'opportunity', 'potential', 'process', 'student', 'year']"
v0_007_india___korea_joint_network_centre___call_for_proposals___last_date___august_16_2017,Jitin Singla,"['area', 'interaction', 'paper', 'process']"
v0_007_india___korea_joint_network_centre___call_for_proposals___last_date___august_16_2017,Rajesh Kumar,"['area', 'centre', 'department', 'future', 'india', 'interaction', 'material', 'paper', 'potential', 'process', 'student', 'year']"
v0_007_india___korea_joint_network_centre___call_for_proposals___last_date___august_16_2017,Akhil Upadhyay,"['centre', 'country', 'department', 'interaction', 'process']"
v0_008_bhaskara_advanced_solar_energy_base_fellowship__2017,Arindam Biswas,[]
v0_008_bhaskara_advanced_solar_energy_base_fellowship__2017,Avlokita Agrawal,[]
v0_008_bhaskara_advanced_solar_energy_base_fellowship__2017,Gaurav Raheja,[]
v0_008_bhaskara_advanced_solar_energy_base_fellowship__2017,Harshit Sosan Lakra,[]
v0_008_bhaskara_advanced_solar_energy_base_fellowship__2017,Mahua Mukherjee,['general']
v0_008_bhaskara_advanced_solar_energy_base_fellowship__2017,Prabhjot Singh Chani,['general']
v0_008_bhaskara_advanced_solar_energy_base_fellowship__2017,E Rajasekar,[]
v0_008_bhaskara_advanced_solar_energy_base_fellowship__2017,Ram Sateesh Pasupuleti,['general']
v0_008_bhaskara_advanced_solar_energy_base_fellowship__2017,Saptarshi Kolay,[]
v0_008_bhaskara_advanced_solar_energy_base_fellowship__2017,Shubhajit Sadhukhan,['general']
v0_008_bhaskara_advanced_solar_energy_base_fellowship__2017,Smriti Saraswat,[]
v0_008_bhaskara_advanced_solar_energy_base_fellowship__2017,Sonal Atreya,[]
v0_008_bhaskara_advanced_solar_energy_base_fellowship__2017,Tina Pujara,['general']
v0_008_bhaskara_advanced_solar_energy_base_fellowship__2017,Uttam Kumar Roy,['general']
v0_008_bhaskara_advanced_solar_energy_base_fellowship__2017,V Devadas,[]
v0_008_bhaskara_advanced_solar_energy_base_fellowship__2017,Jaydev Dabas,['general']
v0_008_bhaskara_advanced_solar_energy_base_fellowship__2017,Millie Pant,[]
v0_008_bhaskara_advanced_solar_energy_base_fellowship__2017,Rajan Arora,[]
v0_008_bhaskara_advanced_solar_energy_base_fellowship__2017,Ashwani Kumar Sharma,['general']
v0_008_bhaskara_advanced_solar_energy_base_fellowship__2017,Bijan Choudhury,['general']
v0_008_bhaskara_advanced_solar_energy_base_fellowship__2017,Debabrata Sircar,['general']
v0_008_bhaskara_advanced_solar_energy_base_fellowship__2017,Deepak Sharma,['general']
v0_008_bhaskara_advanced_solar_energy_base_fellowship__2017,P Gopinath,[]
v0_008_bhaskara_advanced_solar_energy_base_fellowship__2017,Harsh Chauhan,[]
v0_008_bhaskara_advanced_solar_energy_base_fellowship__2017,Srinivas Kiran Ambatipudi,[]
v0_008_bhaskara_advanced_solar_energy_base_fellowship__2017,Krishna Mohan Poluri,['general']
v0_008_bhaskara_advanced_solar_energy_base_fellowship__2017,Maya S.Nair,[]
v0_008_bhaskara_advanced_solar_energy_base_fellowship__2017,N K Navani,['general']
v0_008_bhaskara_advanced_solar_energy_base_fellowship__2017,Partha Roy,[]
v0_008_bhaskara_advanced_solar_energy_base_fellowship__2017,Poonam Choudhary,['general']
v0_008_bhaskara_advanced_solar_energy_base_fellowship__2017,Prabhat Kumar Mandal,[]
v0_008_bhaskara_advanced_solar_energy_base_fellowship__2017,Pranita P Sarangi,[]
v0_008_bhaskara_advanced_solar_energy_base_fellowship__2017,Pravindra Kumar,[]
v0_008_bhaskara_advanced_solar_energy_base_fellowship__2017,Prince Tiwari,[]
v0_008_bhaskara_advanced_solar_energy_base_fellowship__2017,R. P. Singh,['general']
v0_008_bhaskara_advanced_solar_energy_base_fellowship__2017,Ramasare Prasad,[]
v0_008_bhaskara_advanced_solar_energy_base_fellowship__2017,Ranjana Pathania,['general']
v0_008_bhaskara_advanced_solar_energy_base_fellowship__2017,Sanjoy Ghosh,['general']
v0_008_bhaskara_advanced_solar_energy_base_fellowship__2017,Saugata Hazra,['general']
v0_008_bhaskara_advanced_solar_energy_base_fellowship__2017,Shailly Tomar,[]
v0_008_bhaskara_advanced_solar_energy_base_fellowship__2017,Shri Ram Yadav,[]
v0_008_bhaskara_advanced_solar_energy_base_fellowship__2017,Soma Rohatgi,['general']
v0_008_bhaskara_advanced_solar_energy_base_fellowship__2017,Sachin Suresh Tiwari,['general']
v0_008_bhaskara_advanced_solar_energy_base_fellowship__2017,Jitin Singla,[]
v0_008_bhaskara_advanced_solar_energy_base_fellowship__2017,Rajesh Kumar,[]
v0_008_bhaskara_advanced_solar_energy_base_fellowship__2017,Akhil Upadhyay,['general']
v0_009_building_energy_efficiency_higher_and_advanced_network_bhavan_fellowships__2017,Arindam Biswas,['building']
v0_009_building_energy_efficiency_higher_and_advanced_network_bhavan_fellowships__2017,Avlokita Agrawal,['building']
v0_009_building_energy_efficiency_higher_and_advanced_network_bhavan_fellowships__2017,Gaurav Raheja,[]
v0_009_building_energy_efficiency_higher_and_advanced_network_bhavan_fellowships__2017,Harshit Sosan Lakra,[]
v0_009_building_energy_efficiency_higher_and_advanced_network_bhavan_fellowships__2017,Mahua Mukherjee,['building']
v0_009_building_energy_efficiency_higher_and_advanced_network_bhavan_fellowships__2017,Prabhjot Singh Chani,['efficiency']
v0_009_building_energy_efficiency_higher_and_advanced_network_bhavan_fellowships__2017,E Rajasekar,['building']
v0_009_building_energy_efficiency_higher_and_advanced_network_bhavan_fellowships__2017,Ram Sateesh Pasupuleti,[]
v0_009_building_energy_efficiency_higher_and_advanced_network_bhavan_fellowships__2017,Saptarshi Kolay,['building']
v0_009_building_energy_efficiency_higher_and_advanced_network_bhavan_fellowships__2017,Shubhajit Sadhukhan,[]
v0_009_building_energy_efficiency_higher_and_advanced_network_bhavan_fellowships__2017,Smriti Saraswat,['building']
v0_009_building_energy_efficiency_higher_and_advanced_network_bhavan_fellowships__2017,Sonal Atreya,[]
v0_009_building_energy_efficiency_higher_and_advanced_network_bhavan_fellowships__2017,Tina Pujara,[]
v0_009_building_energy_efficiency_higher_and_advanced_network_bhavan_fellowships__2017,Uttam Kumar Roy,['building']
v0_009_building_energy_efficiency_higher_and_advanced_network_bhavan_fellowships__2017,V Devadas,[]
v0_009_building_energy_efficiency_higher_and_advanced_network_bhavan_fellowships__2017,Jaydev Dabas,['efficiency']
v0_009_building_energy_efficiency_higher_and_advanced_network_bhavan_fellowships__2017,Millie Pant,['efficiency']
v0_009_building_energy_efficiency_higher_and_advanced_network_bhavan_fellowships__2017,Rajan Arora,[]
v0_009_building_energy_efficiency_higher_and_advanced_network_bhavan_fellowships__2017,Ashwani Kumar Sharma,[]
v0_009_building_energy_efficiency_higher_and_advanced_network_bhavan_fellowships__2017,Bijan Choudhury,[]
v0_009_building_energy_efficiency_higher_and_advanced_network_bhavan_fellowships__2017,Debabrata Sircar,[]
v0_009_building_energy_efficiency_higher_and_advanced_network_bhavan_fellowships__2017,Deepak Sharma,[]
v0_009_building_energy_efficiency_higher_and_advanced_network_bhavan_fellowships__2017,P Gopinath,[]
v0_009_building_energy_efficiency_higher_and_advanced_network_bhavan_fellowships__2017,Harsh Chauhan,[]
v0_009_building_energy_efficiency_higher_and_advanced_network_bhavan_fellowships__2017,Srinivas Kiran Ambatipudi,[]
v0_009_building_energy_efficiency_higher_and_advanced_network_bhavan_fellowships__2017,Krishna Mohan Poluri,[]
v0_009_building_energy_efficiency_higher_and_advanced_network_bhavan_fellowships__2017,Maya S.Nair,[]
v0_009_building_energy_efficiency_higher_and_advanced_network_bhavan_fellowships__2017,N K Navani,[]
v0_009_building_energy_efficiency_higher_and_advanced_network_bhavan_fellowships__2017,Partha Roy,[]
v0_009_building_energy_efficiency_higher_and_advanced_network_bhavan_fellowships__2017,Poonam Choudhary,[]
v0_009_building_energy_efficiency_higher_and_advanced_network_bhavan_fellowships__2017,Prabhat Kumar Mandal,[]
v0_009_building_energy_efficiency_higher_and_advanced_network_bhavan_fellowships__2017,Pranita P Sarangi,[]
v0_009_building_energy_efficiency_higher_and_advanced_network_bhavan_fellowships__2017,Pravindra Kumar,[]
v0_009_building_energy_efficiency_higher_and_advanced_network_bhavan_fellowships__2017,Prince Tiwari,['efficiency']
v0_009_building_energy_efficiency_higher_and_advanced_network_bhavan_fellowships__2017,R. P. Singh,[]
v0_009_building_energy_efficiency_higher_and_advanced_network_bhavan_fellowships__2017,Ramasare Prasad,[]
v0_009_building_energy_efficiency_higher_and_advanced_network_bhavan_fellowships__2017,Ranjana Pathania,['efficiency']
v0_009_building_energy_efficiency_higher_and_advanced_network_bhavan_fellowships__2017,Sanjoy Ghosh,[]
v0_009_building_energy_efficiency_higher_and_advanced_network_bhavan_fellowships__2017,Saugata Hazra,[]
v0_009_building_energy_efficiency_higher_and_advanced_network_bhavan_fellowships__2017,Shailly Tomar,[]
v0_009_building_energy_efficiency_higher_and_advanced_network_bhavan_fellowships__2017,Shri Ram Yadav,[]
v0_009_building_energy_efficiency_higher_and_advanced_network_bhavan_fellowships__2017,Soma Rohatgi,['efficiency']
v0_009_building_energy_efficiency_higher_and_advanced_network_bhavan_fellowships__2017,Sachin Suresh Tiwari,['efficiency']
v0_009_building_energy_efficiency_higher_and_advanced_network_bhavan_fellowships__2017,Jitin Singla,[]
v0_009_building_energy_efficiency_higher_and_advanced_network_bhavan_fellowships__2017,Rajesh Kumar,['efficiency']
v0_009_building_energy_efficiency_higher_and_advanced_network_bhavan_fellowships__2017,Akhil Upadhyay,"['building', 'efficiency']"
v0_010_dst___rcn_norway_joint_call_on_ict_2017,Arindam Biswas,"['area', 'department', 'environment', 'india', 'result', 'support', 'year']"
v0_010_dst___rcn_norway_joint_call_on_ict_2017,Avlokita Agrawal,"['department', 'environment', 'india', 'support', 'system']"
v0_010_dst___rcn_norway_joint_call_on_ict_2017,Gaurav Raheja,"['area', 'department', 'environment', 'field', 'india', 'result', 'support']"
v0_010_dst___rcn_norway_joint_call_on_ict_2017,Harshit Sosan Lakra,[]
v0_010_dst___rcn_norway_joint_call_on_ict_2017,Mahua Mukherjee,"['department', 'environment', 'india', 'support', 'system']"
v0_010_dst___rcn_norway_joint_call_on_ict_2017,Prabhjot Singh Chani,"['department', 'environment', 'india', 'ongoing', 'support']"
v0_010_dst___rcn_norway_joint_call_on_ict_2017,E Rajasekar,"['area', 'objective', 'result', 'support', 'year']"
v0_010_dst___rcn_norway_joint_call_on_ict_2017,Ram Sateesh Pasupuleti,"['area', 'objective', 'support', 'system', 'year']"
v0_010_dst___rcn_norway_joint_call_on_ict_2017,Saptarshi Kolay,"['area', 'ongoing', 'result', 'support', 'year']"
v0_010_dst___rcn_norway_joint_call_on_ict_2017,Shubhajit Sadhukhan,"['area', 'department', 'environment', 'support']"
v0_010_dst___rcn_norway_joint_call_on_ict_2017,Smriti Saraswat,"['department', 'environment', 'india', 'result']"
v0_010_dst___rcn_norway_joint_call_on_ict_2017,Sonal Atreya,"['area', 'result', 'support', 'system']"
v0_010_dst___rcn_norway_joint_call_on_ict_2017,Tina Pujara,['system']
v0_010_dst___rcn_norway_joint_call_on_ict_2017,Uttam Kumar Roy,"['department', 'environment', 'result', 'support']"
v0_010_dst___rcn_norway_joint_call_on_ict_2017,V Devadas,"['area', 'department', 'environment', 'result', 'system', 'year']"
v0_010_dst___rcn_norway_joint_call_on_ict_2017,Jaydev Dabas,"['area', 'result', 'support']"
v0_010_dst___rcn_norway_joint_call_on_ict_2017,Millie Pant,"['area', 'department', 'environment', 'objective', 'support']"
v0_010_dst___rcn_norway_joint_call_on_ict_2017,Rajan Arora,"['department', 'environment', 'field', 'support']"
v0_010_dst___rcn_norway_joint_call_on_ict_2017,Ashwani Kumar Sharma,"['area', 'department', 'environment', 'india', 'system']"
v0_010_dst___rcn_norway_joint_call_on_ict_2017,Bijan Choudhury,"['area', 'department', 'environment', 'india', 'year']"
v0_010_dst___rcn_norway_joint_call_on_ict_2017,Debabrata Sircar,"['objective', 'support', 'system']"
v0_010_dst___rcn_norway_joint_call_on_ict_2017,Deepak Sharma,"['area', 'department', 'objective', 'ongoing']"
v0_010_dst___rcn_norway_joint_call_on_ict_2017,P Gopinath,"['department', 'environment', 'system']"
v0_010_dst___rcn_norway_joint_call_on_ict_2017,Harsh Chauhan,"['area', 'department', 'environment', 'field', 'india', 'ongoing', 'support', 'year']"
v0_010_dst___rcn_norway_joint_call_on_ict_2017,Srinivas Kiran Ambatipudi,[]
v0_010_dst___rcn_norway_joint_call_on_ict_2017,Krishna Mohan Poluri,"['area', 'department', 'environment', 'field', 'result', 'system', 'year']"
v0_010_dst___rcn_norway_joint_call_on_ict_2017,Maya S.Nair,['support']
v0_010_dst___rcn_norway_joint_call_on_ict_2017,N K Navani,"['department', 'environment', 'support']"
v0_010_dst___rcn_norway_joint_call_on_ict_2017,Partha Roy,"['area', 'department', 'environment', 'support', 'year']"
v0_010_dst___rcn_norway_joint_call_on_ict_2017,Poonam Choudhary,"['department', 'environment', 'objective']"
v0_010_dst___rcn_norway_joint_call_on_ict_2017,Prabhat Kumar Mandal,"['department', 'environment', 'objective', 'ongoing', 'system']"
v0_010_dst___rcn_norway_joint_call_on_ict_2017,Pranita P Sarangi,"['area', 'year']"
v0_010_dst___rcn_norway_joint_call_on_ict_2017,Pravindra Kumar,"['area', 'department', 'environment', 'result', 'system']"
v0_010_dst___rcn_norway_joint_call_on_ict_2017,Prince Tiwari,"['area', 'department', 'system']"
v0_010_dst___rcn_norway_joint_call_on_ict_2017,R. P. Singh,"['area', 'department', 'field', 'ongoing', 'support', 'year']"
v0_010_dst___rcn_norway_joint_call_on_ict_2017,Ramasare Prasad,"['area', 'department', 'environment', 'result']"
v0_010_dst___rcn_norway_joint_call_on_ict_2017,Ranjana Pathania,"['department', 'environment']"
v0_010_dst___rcn_norway_joint_call_on_ict_2017,Sanjoy Ghosh,"['department', 'environment', 'field', 'objective']"
v0_010_dst___rcn_norway_joint_call_on_ict_2017,Saugata Hazra,"['department', 'environment', 'field', 'system']"
v0_010_dst___rcn_norway_joint_call_on_ict_2017,Shailly Tomar,"['department', 'environment', 'ongoing']"
v0_010_dst___rcn_norway_joint_call_on_ict_2017,Shri Ram Yadav,"['department', 'system']"
v0_010_dst___rcn_norway_joint_call_on_ict_2017,Soma Rohatgi,"['area', 'result']"
v0_010_dst___rcn_norway_joint_call_on_ict_2017,Sachin Suresh Tiwari,"['area', 'department', 'india', 'objective', 'year']"
v0_010_dst___rcn_norway_joint_call_on_ict_2017,Jitin Singla,"['area', 'support']"
v0_010_dst___rcn_norway_joint_call_on_ict_2017,Rajesh Kumar,"['area', 'department', 'environment', 'field', 'india', 'year']"
v0_010_dst___rcn_norway_joint_call_on_ict_2017,Akhil Upadhyay,"['department', 'environment']"
v0_011_call___india_japan_cooperative_science_programme_ijcsp,Arindam Biswas,"['application', 'area', 'department', 'fundamental', 'india', 'material', 'polymer', 'resource', 'support', 'synthesis']"
v0_011_call___india_japan_cooperative_science_programme_ijcsp,Avlokita Agrawal,"['application', 'department', 'fundamental', 'global warming', 'india', 'polymer', 'process', 'resource', 'support', 'synthesis', 'system']"
v0_011_call___india_japan_cooperative_science_programme_ijcsp,Gaurav Raheja,"['application', 'area', 'department', 'global warming', 'india', 'polymer', 'resource', 'support']"
v0_011_call___india_japan_cooperative_science_programme_ijcsp,Harshit Sosan Lakra,[]
v0_011_call___india_japan_cooperative_science_programme_ijcsp,Mahua Mukherjee,"['application', 'department', 'fundamental', 'global warming', 'india', 'material', 'polymer', 'process', 'support', 'system']"
v0_011_call___india_japan_cooperative_science_programme_ijcsp,Prabhjot Singh Chani,"['application', 'department', 'india', 'polymer', 'support']"
v0_011_call___india_japan_cooperative_science_programme_ijcsp,E Rajasekar,"['area', 'material', 'polymer', 'resource', 'support']"
v0_011_call___india_japan_cooperative_science_programme_ijcsp,Ram Sateesh Pasupuleti,"['application', 'area', 'material', 'support', 'synthesis', 'system']"
v0_011_call___india_japan_cooperative_science_programme_ijcsp,Saptarshi Kolay,"['application', 'area', 'material', 'polymer', 'process', 'resource', 'support']"
v0_011_call___india_japan_cooperative_science_programme_ijcsp,Shubhajit Sadhukhan,"['application', 'area', 'department', 'fundamental', 'material', 'polymer', 'process', 'resource', 'support']"
v0_011_call___india_japan_cooperative_science_programme_ijcsp,Smriti Saraswat,"['application', 'department', 'fundamental', 'india', 'process', 'resource']"
v0_011_call___india_japan_cooperative_science_programme_ijcsp,Sonal Atreya,"['application', 'area', 'material', 'polymer', 'process', 'resource', 'support', 'synthesis', 'system']"
v0_011_call___india_japan_cooperative_science_programme_ijcsp,Tina Pujara,"['application', 'system']"
v0_011_call___india_japan_cooperative_science_programme_ijcsp,Uttam Kumar Roy,"['application', 'department', 'fundamental', 'material', 'polymer', 'process', 'resource', 'support']"
v0_011_call___india_japan_cooperative_science_programme_ijcsp,V Devadas,"['application', 'area', 'department', 'resource', 'synthesis', 'system']"
v0_011_call___india_japan_cooperative_science_programme_ijcsp,Jaydev Dabas,"['application', 'area', 'fundamental', 'polymer', 'process', 'support']"
v0_011_call___india_japan_cooperative_science_programme_ijcsp,Millie Pant,"['application', 'area', 'department', 'fundamental', 'global warming', 'material', 'polymer', 'process', 'support']"
v0_011_call___india_japan_cooperative_science_programme_ijcsp,Rajan Arora,"['application', 'department', 'polymer', 'support']"
v0_011_call___india_japan_cooperative_science_programme_ijcsp,Ashwani Kumar Sharma,"['area', 'department', 'fundamental', 'global warming', 'india', 'material', 'process', 'system']"
v0_011_call___india_japan_cooperative_science_programme_ijcsp,Bijan Choudhury,"['application', 'area', 'department', 'fundamental', 'india', 'material', 'synthesis']"
v0_011_call___india_japan_cooperative_science_programme_ijcsp,Debabrata Sircar,"['application', 'global warming', 'material', 'polymer', 'process', 'resource', 'support', 'system']"
v0_011_call___india_japan_cooperative_science_programme_ijcsp,Deepak Sharma,"['application', 'area', 'department', 'material', 'process', 'resource', 'synthesis']"
v0_011_call___india_japan_cooperative_science_programme_ijcsp,P Gopinath,"['application', 'department', 'material', 'system']"
v0_011_call___india_japan_cooperative_science_programme_ijcsp,Harsh Chauhan,"['application', 'area', 'department', 'fundamental', 'india', 'polymer', 'process', 'support', 'synthesis']"
v0_011_call___india_japan_cooperative_science_programme_ijcsp,Srinivas Kiran Ambatipudi,[]
v0_011_call___india_japan_cooperative_science_programme_ijcsp,Krishna Mohan Poluri,"['area', 'department', 'fundamental', 'material', 'polymer', 'resource', 'system']"
v0_011_call___india_japan_cooperative_science_programme_ijcsp,Maya S.Nair,"['application', 'polymer', 'process', 'resource', 'support']"
v0_011_call___india_japan_cooperative_science_programme_ijcsp,N K Navani,"['department', 'fundamental', 'material', 'polymer', 'process', 'support', 'synthesis']"
v0_011_call___india_japan_cooperative_science_programme_ijcsp,Partha Roy,"['application', 'area', 'department', 'fundamental', 'polymer', 'support']"
v0_011_call___india_japan_cooperative_science_programme_ijcsp,Poonam Choudhary,"['application', 'department', 'fundamental', 'material', 'process', 'resource']"
v0_011_call___india_japan_cooperative_science_programme_ijcsp,Prabhat Kumar Mandal,"['application', 'department', 'fundamental', 'global warming', 'process', 'resource', 'system']"
v0_011_call___india_japan_cooperative_science_programme_ijcsp,Pranita P Sarangi,"['area', 'material', 'polymer', 'process', 'resource']"
v0_011_call___india_japan_cooperative_science_programme_ijcsp,Pravindra Kumar,"['application', 'area', 'department', 'fundamental', 'global warming', 'system']"
v0_011_call___india_japan_cooperative_science_programme_ijcsp,Prince Tiwari,"['application', 'area', 'department', 'global warming', 'material', 'polymer', 'process', 'system']"
v0_011_call___india_japan_cooperative_science_programme_ijcsp,R. P. Singh,"['application', 'area', 'department', 'fundamental', 'material', 'support']"
v0_011_call___india_japan_cooperative_science_programme_ijcsp,Ramasare Prasad,"['application', 'area', 'department', 'material', 'process']"
v0_011_call___india_japan_cooperative_science_programme_ijcsp,Ranjana Pathania,"['application', 'department', 'global warming', 'material']"
v0_011_call___india_japan_cooperative_science_programme_ijcsp,Sanjoy Ghosh,"['application', 'department', 'fundamental', 'material', 'process']"
v0_011_call___india_japan_cooperative_science_programme_ijcsp,Saugata Hazra,"['department', 'fundamental', 'global warming', 'material', 'resource', 'system']"
v0_011_call___india_japan_cooperative_science_programme_ijcsp,Shailly Tomar,"['application', 'department', 'fundamental', 'global warming', 'material', 'polymer', 'process', 'resource']"
v0_011_call___india_japan_cooperative_science_programme_ijcsp,Shri Ram Yadav,"['application', 'department', 'synthesis', 'system']"
v0_011_call___india_japan_cooperative_science_programme_ijcsp,Soma Rohatgi,"['application', 'area', 'global warming', 'material', 'resource']"
v0_011_call___india_japan_cooperative_science_programme_ijcsp,Sachin Suresh Tiwari,"['application', 'area', 'department', 'india', 'polymer', 'process', 'resource']"
v0_011_call___india_japan_cooperative_science_programme_ijcsp,Jitin Singla,"['application', 'area', 'fundamental', 'process', 'support']"
v0_011_call___india_japan_cooperative_science_programme_ijcsp,Rajesh Kumar,"['application', 'area', 'department', 'india', 'material', 'polymer', 'process', 'resource', 'synthesis']"
v0_011_call___india_japan_cooperative_science_programme_ijcsp,Akhil Upadhyay,"['department', 'fundamental', 'process', 'resource']"
v0_012_national_award_for_women_development_through_application_of_science__technology,Arindam Biswas,"['application', 'condition', 'department', 'design', 'development', 'india', 'purpose', 'year']"
v0_012_national_award_for_women_development_through_application_of_science__technology,Avlokita Agrawal,"['application', 'condition', 'department', 'development', 'india']"
v0_012_national_award_for_women_development_through_application_of_science__technology,Gaurav Raheja,"['application', 'department', 'design', 'development', 'india']"
v0_012_national_award_for_women_development_through_application_of_science__technology,Harshit Sosan Lakra,[]
v0_012_national_award_for_women_development_through_application_of_science__technology,Mahua Mukherjee,"['application', 'condition', 'department', 'design', 'development', 'india', 'level', 'purpose', 'woman']"
v0_012_national_award_for_women_development_through_application_of_science__technology,Prabhjot Singh Chani,"['application', 'condition', 'department', 'development', 'india', 'purpose']"
v0_012_national_award_for_women_development_through_application_of_science__technology,E Rajasekar,"['condition', 'design', 'year']"
v0_012_national_award_for_women_development_through_application_of_science__technology,Ram Sateesh Pasupuleti,"['application', 'condition', 'year']"
v0_012_national_award_for_women_development_through_application_of_science__technology,Saptarshi Kolay,"['application', 'condition', 'design', 'development', 'purpose', 'year']"
v0_012_national_award_for_women_development_through_application_of_science__technology,Shubhajit Sadhukhan,"['application', 'condition', 'department', 'development', 'level', 'purpose']"
v0_012_national_award_for_women_development_through_application_of_science__technology,Smriti Saraswat,"['application', 'condition', 'department', 'development', 'india', 'level', 'woman']"
v0_012_national_award_for_women_development_through_application_of_science__technology,Sonal Atreya,"['application', 'condition', 'purpose', 'woman']"
v0_012_national_award_for_women_development_through_application_of_science__technology,Tina Pujara,"['application', 'condition', 'design', 'woman']"
v0_012_national_award_for_women_development_through_application_of_science__technology,Uttam Kumar Roy,"['application', 'condition', 'department', 'design']"
v0_012_national_award_for_women_development_through_application_of_science__technology,V Devadas,"['application', 'condition', 'department', 'design', 'development', 'year']"
v0_012_national_award_for_women_development_through_application_of_science__technology,Jaydev Dabas,"['application', 'condition', 'design']"
v0_012_national_award_for_women_development_through_application_of_science__technology,Millie Pant,"['application', 'department', 'development']"
v0_012_national_award_for_women_development_through_application_of_science__technology,Rajan Arora,"['application', 'condition', 'department']"
v0_012_national_award_for_women_development_through_application_of_science__technology,Ashwani Kumar Sharma,"['department', 'design', 'development', 'india', 'purpose']"
v0_012_national_award_for_women_development_through_application_of_science__technology,Bijan Choudhury,"['application', 'condition', 'department', 'design', 'development', 'india', 'year']"
v0_012_national_award_for_women_development_through_application_of_science__technology,Debabrata Sircar,"['application', 'condition', 'purpose']"
v0_012_national_award_for_women_development_through_application_of_science__technology,Deepak Sharma,"['application', 'condition', 'department']"
v0_012_national_award_for_women_development_through_application_of_science__technology,P Gopinath,"['application', 'condition', 'department', 'development']"
v0_012_national_award_for_women_development_through_application_of_science__technology,Harsh Chauhan,"['application', 'condition', 'department', 'development', 'india', 'purpose', 'woman', 'year']"
v0_012_national_award_for_women_development_through_application_of_science__technology,Srinivas Kiran Ambatipudi,[]
v0_012_national_award_for_women_development_through_application_of_science__technology,Krishna Mohan Poluri,"['department', 'design', 'development', 'year']"
v0_012_national_award_for_women_development_through_application_of_science__technology,Maya S.Nair,"['application', 'condition', 'purpose']"
v0_012_national_award_for_women_development_through_application_of_science__technology,N K Navani,"['condition', 'department', 'development', 'purpose']"
v0_012_national_award_for_women_development_through_application_of_science__technology,Partha Roy,"['application', 'condition', 'department', 'design', 'development', 'woman', 'year']"
v0_012_national_award_for_women_development_through_application_of_science__technology,Poonam Choudhary,"['application', 'condition', 'department', 'design']"
v0_012_national_award_for_women_development_through_application_of_science__technology,Prabhat Kumar Mandal,"['application', 'condition', 'department', 'development', 'level']"
v0_012_national_award_for_women_development_through_application_of_science__technology,Pranita P Sarangi,"['purpose', 'year']"
v0_012_national_award_for_women_development_through_application_of_science__technology,Pravindra Kumar,"['application', 'department', 'development']"
v0_012_national_award_for_women_development_through_application_of_science__technology,Prince Tiwari,"['application', 'condition', 'department', 'design']"
v0_012_national_award_for_women_development_through_application_of_science__technology,R. P. Singh,"['application', 'condition', 'department', 'design', 'development', 'level', 'year']"
v0_012_national_award_for_women_development_through_application_of_science__technology,Ramasare Prasad,"['application', 'department', 'development']"
v0_012_national_award_for_women_development_through_application_of_science__technology,Ranjana Pathania,"['application', 'department', 'design', 'development', 'level']"
v0_012_national_award_for_women_development_through_application_of_science__technology,Sanjoy Ghosh,"['application', 'condition', 'department', 'level']"
v0_012_national_award_for_women_development_through_application_of_science__technology,Saugata Hazra,"['condition', 'department', 'design', 'development', 'level']"
v0_012_national_award_for_women_development_through_application_of_science__technology,Shailly Tomar,"['application', 'condition', 'department', 'development', 'purpose']"
v0_012_national_award_for_women_development_through_application_of_science__technology,Shri Ram Yadav,"['application', 'condition', 'department']"
v0_012_national_award_for_women_development_through_application_of_science__technology,Soma Rohatgi,"['application', 'condition', 'development']"
v0_012_national_award_for_women_development_through_application_of_science__technology,Sachin Suresh Tiwari,"['application', 'condition', 'department', 'india', 'purpose', 'woman', 'year']"
v0_012_national_award_for_women_development_through_application_of_science__technology,Jitin Singla,"['application', 'condition']"
v0_012_national_award_for_women_development_through_application_of_science__technology,Rajesh Kumar,"['application', 'condition', 'department', 'design', 'development', 'india', 'purpose', 'year']"
v0_012_national_award_for_women_development_through_application_of_science__technology,Akhil Upadhyay,"['condition', 'department', 'design', 'purpose']"
v0_013_national_awards_for_science__technology_communication_2017,Arindam Biswas,[]
v0_013_national_awards_for_science__technology_communication_2017,Avlokita Agrawal,[]
v0_013_national_awards_for_science__technology_communication_2017,Gaurav Raheja,[]
v0_013_national_awards_for_science__technology_communication_2017,Harshit Sosan Lakra,[]
v0_013_national_awards_for_science__technology_communication_2017,Mahua Mukherjee,['general']
v0_013_national_awards_for_science__technology_communication_2017,Prabhjot Singh Chani,['general']
v0_013_national_awards_for_science__technology_communication_2017,E Rajasekar,[]
v0_013_national_awards_for_science__technology_communication_2017,Ram Sateesh Pasupuleti,['general']
v0_013_national_awards_for_science__technology_communication_2017,Saptarshi Kolay,[]
v0_013_national_awards_for_science__technology_communication_2017,Shubhajit Sadhukhan,['general']
v0_013_national_awards_for_science__technology_communication_2017,Smriti Saraswat,[]
v0_013_national_awards_for_science__technology_communication_2017,Sonal Atreya,[]
v0_013_national_awards_for_science__technology_communication_2017,Tina Pujara,['general']
v0_013_national_awards_for_science__technology_communication_2017,Uttam Kumar Roy,['general']
v0_013_national_awards_for_science__technology_communication_2017,V Devadas,[]
v0_013_national_awards_for_science__technology_communication_2017,Jaydev Dabas,['general']
v0_013_national_awards_for_science__technology_communication_2017,Millie Pant,[]
v0_013_national_awards_for_science__technology_communication_2017,Rajan Arora,[]
v0_013_national_awards_for_science__technology_communication_2017,Ashwani Kumar Sharma,['general']
v0_013_national_awards_for_science__technology_communication_2017,Bijan Choudhury,['general']
v0_013_national_awards_for_science__technology_communication_2017,Debabrata Sircar,['general']
v0_013_national_awards_for_science__technology_communication_2017,Deepak Sharma,['general']
v0_013_national_awards_for_science__technology_communication_2017,P Gopinath,[]
v0_013_national_awards_for_science__technology_communication_2017,Harsh Chauhan,[]
v0_013_national_awards_for_science__technology_communication_2017,Srinivas Kiran Ambatipudi,[]
v0_013_national_awards_for_science__technology_communication_2017,Krishna Mohan Poluri,['general']
v0_013_national_awards_for_science__technology_communication_2017,Maya S.Nair,[]
v0_013_national_awards_for_science__technology_communication_2017,N K Navani,['general']
v0_013_national_awards_for_science__technology_communication_2017,Partha Roy,[]
v0_013_national_awards_for_science__technology_communication_2017,Poonam Choudhary,['general']
v0_013_national_awards_for_science__technology_communication_2017,Prabhat Kumar Mandal,[]
v0_013_national_awards_for_science__technology_communication_2017,Pranita P Sarangi,[]
v0_013_national_awards_for_science__technology_communication_2017,Pravindra Kumar,[]
v0_013_national_awards_for_science__technology_communication_2017,Prince Tiwari,[]
v0_013_national_awards_for_science__technology_communication_2017,R. P. Singh,['general']
v0_013_national_awards_for_science__technology_communication_2017,Ramasare Prasad,[]
v0_013_national_awards_for_science__technology_communication_2017,Ranjana Pathania,['general']
v0_013_national_awards_for_science__technology_communication_2017,Sanjoy Ghosh,['general']
v0_013_national_awards_for_science__technology_communication_2017,Saugata Hazra,['general']
v0_013_national_awards_for_science__technology_communication_2017,Shailly Tomar,[]
v0_013_national_awards_for_science__technology_communication_2017,Shri Ram Yadav,[]
v0_013_national_awards_for_science__technology_communication_2017,Soma Rohatgi,['general']
v0_013_national_awards_for_science__technology_communication_2017,Sachin Suresh Tiwari,['general']
v0_013_national_awards_for_science__technology_communication_2017,Jitin Singla,[]
v0_013_national_awards_for_science__technology_communication_2017,Rajesh Kumar,[]
v0_013_national_awards_for_science__technology_communication_2017,Akhil Upadhyay,['general']
v0_014_dst___ukieri_call_for_research_proposals_2017__18,Arindam Biswas,"['application', 'authority', 'india', 'purpose', 'reason']"
v0_014_dst___ukieri_call_for_research_proposals_2017__18,Avlokita Agrawal,"['advance', 'application', 'authority', 'conference', 'india']"
v0_014_dst___ukieri_call_for_research_proposals_2017__18,Gaurav Raheja,"['application', 'india', 'reason']"
v0_014_dst___ukieri_call_for_research_proposals_2017__18,Harshit Sosan Lakra,[]
v0_014_dst___ukieri_call_for_research_proposals_2017__18,Mahua Mukherjee,"['application', 'authority', 'india', 'purpose', 'reason']"
v0_014_dst___ukieri_call_for_research_proposals_2017__18,Prabhjot Singh Chani,"['advance', 'application', 'india', 'purpose']"
v0_014_dst___ukieri_call_for_research_proposals_2017__18,E Rajasekar,['reason']
v0_014_dst___ukieri_call_for_research_proposals_2017__18,Ram Sateesh Pasupuleti,"['application', 'authority', 'conference', 'reason']"
v0_014_dst___ukieri_call_for_research_proposals_2017__18,Saptarshi Kolay,"['application', 'authority', 'conference', 'purpose', 'reason']"
v0_014_dst___ukieri_call_for_research_proposals_2017__18,Shubhajit Sadhukhan,"['application', 'authority', 'conference', 'purpose']"
v0_014_dst___ukieri_call_for_research_proposals_2017__18,Smriti Saraswat,"['advance', 'application', 'conference', 'india', 'reason']"
v0_014_dst___ukieri_call_for_research_proposals_2017__18,Sonal Atreya,"['application', 'conference', 'purpose', 'reason']"
v0_014_dst___ukieri_call_for_research_proposals_2017__18,Tina Pujara,"['application', 'conference']"
v0_014_dst___ukieri_call_for_research_proposals_2017__18,Uttam Kumar Roy,"['advance', 'application', 'authority', 'reason']"
v0_014_dst___ukieri_call_for_research_proposals_2017__18,V Devadas,"['advance', 'application', 'authority', 'reason']"
v0_014_dst___ukieri_call_for_research_proposals_2017__18,Jaydev Dabas,"['application', 'conference']"
v0_014_dst___ukieri_call_for_research_proposals_2017__18,Millie Pant,"['application', 'authority']"
v0_014_dst___ukieri_call_for_research_proposals_2017__18,Rajan Arora,"['application', 'authority', 'conference', 'reason']"
v0_014_dst___ukieri_call_for_research_proposals_2017__18,Ashwani Kumar Sharma,"['authority', 'india', 'purpose']"
v0_014_dst___ukieri_call_for_research_proposals_2017__18,Bijan Choudhury,"['application', 'conference', 'india', 'reason']"
v0_014_dst___ukieri_call_for_research_proposals_2017__18,Debabrata Sircar,"['application', 'conference', 'purpose', 'reason']"
v0_014_dst___ukieri_call_for_research_proposals_2017__18,Deepak Sharma,"['application', 'reason']"
v0_014_dst___ukieri_call_for_research_proposals_2017__18,P Gopinath,"['advance', 'application', 'authority', 'conference', 'reason']"
v0_014_dst___ukieri_call_for_research_proposals_2017__18,Harsh Chauhan,"['application', 'authority', 'india', 'purpose', 'reason']"
v0_014_dst___ukieri_call_for_research_proposals_2017__18,Srinivas Kiran Ambatipudi,[]
v0_014_dst___ukieri_call_for_research_proposals_2017__18,Krishna Mohan Poluri,"['advance', 'authority', 'conference', 'reason']"
v0_014_dst___ukieri_call_for_research_proposals_2017__18,Maya S.Nair,"['application', 'authority', 'conference', 'purpose', 'reason']"
v0_014_dst___ukieri_call_for_research_proposals_2017__18,N K Navani,"['conference', 'purpose']"
v0_014_dst___ukieri_call_for_research_proposals_2017__18,Partha Roy,"['application', 'conference', 'reason']"
v0_014_dst___ukieri_call_for_research_proposals_2017__18,Poonam Choudhary,"['advance', 'application', 'authority', 'conference', 'reason']"
v0_014_dst___ukieri_call_for_research_proposals_2017__18,Prabhat Kumar Mandal,"['application', 'conference', 'reason']"
v0_014_dst___ukieri_call_for_research_proposals_2017__18,Pranita P Sarangi,"['purpose', 'reason']"
v0_014_dst___ukieri_call_for_research_proposals_2017__18,Pravindra Kumar,"['application', 'authority', 'reason']"
v0_014_dst___ukieri_call_for_research_proposals_2017__18,Prince Tiwari,"['application', 'authority', 'conference', 'reason']"
v0_014_dst___ukieri_call_for_research_proposals_2017__18,R. P. Singh,"['advance', 'application', 'authority', 'conference', 'reason']"
v0_014_dst___ukieri_call_for_research_proposals_2017__18,Ramasare Prasad,"['application', 'authority', 'reason']"
v0_014_dst___ukieri_call_for_research_proposals_2017__18,Ranjana Pathania,"['application', 'conference']"
v0_014_dst___ukieri_call_for_research_proposals_2017__18,Sanjoy Ghosh,"['application', 'conference', 'reason']"
v0_014_dst___ukieri_call_for_research_proposals_2017__18,Saugata Hazra,['conference']
v0_014_dst___ukieri_call_for_research_proposals_2017__18,Shailly Tomar,"['application', 'conference', 'purpose', 'reason']"
v0_014_dst___ukieri_call_for_research_proposals_2017__18,Shri Ram Yadav,"['application', 'conference']"
v0_014_dst___ukieri_call_for_research_proposals_2017__18,Soma Rohatgi,"['application', 'conference', 'reason']"
v0_014_dst___ukieri_call_for_research_proposals_2017__18,Sachin Suresh Tiwari,"['application', 'india', 'purpose', 'reason']"
v0_014_dst___ukieri_call_for_research_proposals_2017__18,Jitin Singla,"['advance', 'application', 'conference', 'reason']"
v0_014_dst___ukieri_call_for_research_proposals_2017__18,Rajesh Kumar,"['application', 'conference', 'india', 'purpose', 'reason']"
v0_014_dst___ukieri_call_for_research_proposals_2017__18,Akhil Upadhyay,"['advance', 'conference', 'purpose']"
v0_015_request_for_proposals_india_italy_industrial_rd,Arindam Biswas,"['application', 'department', 'development', 'india', 'industrial development', 'result', 'support']"
v0_015_request_for_proposals_india_italy_industrial_rd,Avlokita Agrawal,"['application', 'department', 'development', 'india', 'industrial development', 'process', 'support']"
v0_015_request_for_proposals_india_italy_industrial_rd,Gaurav Raheja,"['application', 'department', 'development', 'financial support', 'india', 'industrial development', 'result', 'support']"
v0_015_request_for_proposals_india_italy_industrial_rd,Harshit Sosan Lakra,[]
v0_015_request_for_proposals_india_italy_industrial_rd,Mahua Mukherjee,"['application', 'department', 'development', 'india', 'process', 'support']"
v0_015_request_for_proposals_india_italy_industrial_rd,Prabhjot Singh Chani,"['application', 'department', 'development', 'india', 'industrial development', 'support']"
v0_015_request_for_proposals_india_italy_industrial_rd,E Rajasekar,"['industrial development', 'result', 'support']"
v0_015_request_for_proposals_india_italy_industrial_rd,Ram Sateesh Pasupuleti,"['application', 'financial support', 'support']"
v0_015_request_for_proposals_india_italy_industrial_rd,Saptarshi Kolay,"['application', 'development', 'financial support', 'process', 'result', 'support']"
v0_015_request_for_proposals_india_italy_industrial_rd,Shubhajit Sadhukhan,"['application', 'department', 'development', 'industrial development', 'process', 'support']"
v0_015_request_for_proposals_india_italy_industrial_rd,Smriti Saraswat,"['application', 'department', 'development', 'financial support', 'india', 'process', 'result']"
v0_015_request_for_proposals_india_italy_industrial_rd,Sonal Atreya,"['application', 'financial support', 'process', 'result', 'support']"
v0_015_request_for_proposals_india_italy_industrial_rd,Tina Pujara,"['application', 'financial support']"
v0_015_request_for_proposals_india_italy_industrial_rd,Uttam Kumar Roy,"['application', 'department', 'financial support', 'process', 'result', 'support']"
v0_015_request_for_proposals_india_italy_industrial_rd,V Devadas,"['application', 'department', 'development', 'industrial development', 'result']"
v0_015_request_for_proposals_india_italy_industrial_rd,Jaydev Dabas,"['application', 'process', 'result', 'support']"
v0_015_request_for_proposals_india_italy_industrial_rd,Millie Pant,"['application', 'department', 'development', 'financial support', 'process', 'support']"
v0_015_request_for_proposals_india_italy_industrial_rd,Rajan Arora,"['application', 'department', 'industrial development', 'support']"
v0_015_request_for_proposals_india_italy_industrial_rd,Ashwani Kumar Sharma,"['department', 'development', 'financial support', 'india', 'process']"
v0_015_request_for_proposals_india_italy_industrial_rd,Bijan Choudhury,"['application', 'department', 'development', 'financial support', 'india', 'industrial development']"
v0_015_request_for_proposals_india_italy_industrial_rd,Debabrata Sircar,"['application', 'financial support', 'process', 'support']"
v0_015_request_for_proposals_india_italy_industrial_rd,Deepak Sharma,"['application', 'department', 'financial support', 'process']"
v0_015_request_for_proposals_india_italy_industrial_rd,P Gopinath,"['application', 'department', 'development', 'industrial development']"
v0_015_request_for_proposals_india_italy_industrial_rd,Harsh Chauhan,"['application', 'department', 'development', 'india', 'process', 'support']"
v0_015_request_for_proposals_india_italy_industrial_rd,Srinivas Kiran Ambatipudi,[]
v0_015_request_for_proposals_india_italy_industrial_rd,Krishna Mohan Poluri,"['department', 'development', 'result']"
v0_015_request_for_proposals_india_italy_industrial_rd,Maya S.Nair,"['application', 'process', 'support']"
v0_015_request_for_proposals_india_italy_industrial_rd,N K Navani,"['department', 'development', 'financial support', 'process', 'support']"
v0_015_request_for_proposals_india_italy_industrial_rd,Partha Roy,"['application', 'department', 'development', 'support']"
v0_015_request_for_proposals_india_italy_industrial_rd,Poonam Choudhary,"['application', 'department', 'financial support', 'industrial development', 'process']"
v0_015_request_for_proposals_india_italy_industrial_rd,Prabhat Kumar Mandal,"['application', 'department', 'development', 'industrial development', 'process']"
v0_015_request_for_proposals_india_italy_industrial_rd,Pranita P Sarangi,['process']
v0_015_request_for_proposals_india_italy_industrial_rd,Pravindra Kumar,"['application', 'department', 'development', 'result']"
v0_015_request_for_proposals_india_italy_industrial_rd,Prince Tiwari,"['application', 'department', 'financial support', 'process']"
v0_015_request_for_proposals_india_italy_industrial_rd,R. P. Singh,"['application', 'department', 'development', 'financial support', 'industrial development', 'support']"
v0_015_request_for_proposals_india_italy_industrial_rd,Ramasare Prasad,"['application', 'department', 'development', 'financial support', 'process', 'result']"
v0_015_request_for_proposals_india_italy_industrial_rd,Ranjana Pathania,"['application', 'department', 'development', 'financial support', 'industrial development']"
v0_015_request_for_proposals_india_italy_industrial_rd,Sanjoy Ghosh,"['application', 'department', 'financial support', 'industrial development', 'process']"
v0_015_request_for_proposals_india_italy_industrial_rd,Saugata Hazra,"['department', 'development', 'financial support', 'industrial development']"
v0_015_request_for_proposals_india_italy_industrial_rd,Shailly Tomar,"['application', 'department', 'development', 'process']"
v0_015_request_for_proposals_india_italy_industrial_rd,Shri Ram Yadav,"['application', 'department']"
v0_015_request_for_proposals_india_italy_industrial_rd,Soma Rohatgi,"['application', 'development', 'result']"
v0_015_request_for_proposals_india_italy_industrial_rd,Sachin Suresh Tiwari,"['application', 'department', 'india', 'process']"
v0_015_request_for_proposals_india_italy_industrial_rd,Jitin Singla,"['application', 'financial support', 'process', 'support']"
v0_015_request_for_proposals_india_italy_industrial_rd,Rajesh Kumar,"['application', 'department', 'development', 'india', 'industrial development', 'process']"
v0_015_request_for_proposals_india_italy_industrial_rd,Akhil Upadhyay,"['department', 'industrial development', 'process']"
v0_016_call_for_proposals_2017___indo_hungarian_joint_research,Arindam Biswas,"['application', 'area', 'country', 'department', 'development', 'expert', 'india', 'priority', 'support']"
v0_016_call_for_proposals_2017___indo_hungarian_joint_research,Avlokita Agrawal,"['application', 'country', 'department', 'development', 'expert', 'india', 'support']"
v0_016_call_for_proposals_2017___indo_hungarian_joint_research,Gaurav Raheja,"['application', 'area', 'department', 'development', 'expert', 'india', 'support']"
v0_016_call_for_proposals_2017___indo_hungarian_joint_research,Harshit Sosan Lakra,[]
v0_016_call_for_proposals_2017___indo_hungarian_joint_research,Mahua Mukherjee,"['application', 'department', 'development', 'expert', 'india', 'priority', 'support']"
v0_016_call_for_proposals_2017___indo_hungarian_joint_research,Prabhjot Singh Chani,"['application', 'country', 'department', 'development', 'expert', 'india', 'priority', 'support']"
v0_016_call_for_proposals_2017___indo_hungarian_joint_research,E Rajasekar,"['area', 'country', 'expert', 'priority', 'support']"
v0_016_call_for_proposals_2017___indo_hungarian_joint_research,Ram Sateesh Pasupuleti,"['application', 'area', 'priority', 'support']"
v0_016_call_for_proposals_2017___indo_hungarian_joint_research,Saptarshi Kolay,"['application', 'area', 'development', 'expert', 'priority', 'support']"
v0_016_call_for_proposals_2017___indo_hungarian_joint_research,Shubhajit Sadhukhan,"['application', 'area', 'country', 'department', 'development', 'expert', 'priority', 'support']"
v0_016_call_for_proposals_2017___indo_hungarian_joint_research,Smriti Saraswat,"['application', 'department', 'development', 'expert', 'india', 'priority']"
v0_016_call_for_proposals_2017___indo_hungarian_joint_research,Sonal Atreya,"['application', 'area', 'country', 'expert', 'priority', 'support']"
v0_016_call_for_proposals_2017___indo_hungarian_joint_research,Tina Pujara,['application']
v0_016_call_for_proposals_2017___indo_hungarian_joint_research,Uttam Kumar Roy,"['application', 'department', 'priority', 'support']"
v0_016_call_for_proposals_2017___indo_hungarian_joint_research,V Devadas,"['application', 'area', 'department', 'development', 'expert']"
v0_016_call_for_proposals_2017___indo_hungarian_joint_research,Jaydev Dabas,"['application', 'area', 'expert', 'support']"
v0_016_call_for_proposals_2017___indo_hungarian_joint_research,Millie Pant,"['application', 'area', 'department', 'development', 'expert', 'support']"
v0_016_call_for_proposals_2017___indo_hungarian_joint_research,Rajan Arora,"['application', 'country', 'department', 'expert', 'support']"
v0_016_call_for_proposals_2017___indo_hungarian_joint_research,Ashwani Kumar Sharma,"['area', 'department', 'development', 'expert', 'india']"
v0_016_call_for_proposals_2017___indo_hungarian_joint_research,Bijan Choudhury,"['application', 'area', 'department', 'development', 'expert', 'india', 'priority']"
v0_016_call_for_proposals_2017___indo_hungarian_joint_research,Debabrata Sircar,"['application', 'country', 'expert', 'priority', 'support']"
v0_016_call_for_proposals_2017___indo_hungarian_joint_research,Deepak Sharma,"['application', 'area', 'country', 'department']"
v0_016_call_for_proposals_2017___indo_hungarian_joint_research,P Gopinath,"['application', 'department', 'development']"
v0_016_call_for_proposals_2017___indo_hungarian_joint_research,Harsh Chauhan,"['application', 'area', 'country', 'department', 'development', 'expert', 'india', 'support']"
v0_016_call_for_proposals_2017___indo_hungarian_joint_research,Srinivas Kiran Ambatipudi,[]
v0_016_call_for_proposals_2017___indo_hungarian_joint_research,Krishna Mohan Poluri,"['area', 'department', 'development', 'expert']"
v0_016_call_for_proposals_2017___indo_hungarian_joint_research,Maya S.Nair,"['application', 'country', 'expert', 'priority', 'support']"
v0_016_call_for_proposals_2017___indo_hungarian_joint_research,N K Navani,"['department', 'development', 'expert', 'support']"
v0_016_call_for_proposals_2017___indo_hungarian_joint_research,Partha Roy,"['application', 'area', 'department', 'development', 'expert', 'priority', 'support']"
v0_016_call_for_proposals_2017___indo_hungarian_joint_research,Poonam Choudhary,"['application', 'department', 'priority']"
v0_016_call_for_proposals_2017___indo_hungarian_joint_research,Prabhat Kumar Mandal,"['application', 'department', 'development', 'expert']"
v0_016_call_for_proposals_2017___indo_hungarian_joint_research,Pranita P Sarangi,['area']
v0_016_call_for_proposals_2017___indo_hungarian_joint_research,Pravindra Kumar,"['application', 'area', 'department', 'development', 'expert']"
v0_016_call_for_proposals_2017___indo_hungarian_joint_research,Prince Tiwari,"['application', 'area', 'department', 'expert', 'priority']"
v0_016_call_for_proposals_2017___indo_hungarian_joint_research,R. P. Singh,"['application', 'area', 'department', 'development', 'priority', 'support']"
v0_016_call_for_proposals_2017___indo_hungarian_joint_research,Ramasare Prasad,"['application', 'area', 'country', 'department', 'development', 'priority']"
v0_016_call_for_proposals_2017___indo_hungarian_joint_research,Ranjana Pathania,"['application', 'department', 'development', 'expert']"
v0_016_call_for_proposals_2017___indo_hungarian_joint_research,Sanjoy Ghosh,"['application', 'country', 'department']"
v0_016_call_for_proposals_2017___indo_hungarian_joint_research,Saugata Hazra,"['department', 'development']"
v0_016_call_for_proposals_2017___indo_hungarian_joint_research,Shailly Tomar,"['application', 'department', 'development', 'expert']"
v0_016_call_for_proposals_2017___indo_hungarian_joint_research,Shri Ram Yadav,"['application', 'department']"
v0_016_call_for_proposals_2017___indo_hungarian_joint_research,Soma Rohatgi,"['application', 'area', 'development']"
v0_016_call_for_proposals_2017___indo_hungarian_joint_research,Sachin Suresh Tiwari,"['application', 'area', 'country', 'department', 'expert', 'india']"
v0_016_call_for_proposals_2017___indo_hungarian_joint_research,Jitin Singla,"['application', 'area', 'expert', 'support']"
v0_016_call_for_proposals_2017___indo_hungarian_joint_research,Rajesh Kumar,"['application', 'area', 'department', 'development', 'expert', 'india', 'priority']"
v0_016_call_for_proposals_2017___indo_hungarian_joint_research,Akhil Upadhyay,"['country', 'department']"
v0_017_indo_norway_joint_call_on_bio_economy,Arindam Biswas,"['application', 'area', 'department', 'india', 'land', 'result', 'year']"
v0_017_indo_norway_joint_call_on_bio_economy,Avlokita Agrawal,"['application', 'conference', 'department', 'india', 'land']"
v0_017_indo_norway_joint_call_on_bio_economy,Gaurav Raheja,"['application', 'area', 'department', 'field', 'india', 'land', 'result']"
v0_017_indo_norway_joint_call_on_bio_economy,Harshit Sosan Lakra,[]
v0_017_indo_norway_joint_call_on_bio_economy,Mahua Mukherjee,"['application', 'department', 'india', 'land']"
v0_017_indo_norway_joint_call_on_bio_economy,Prabhjot Singh Chani,"['application', 'department', 'india', 'ongoing']"
v0_017_indo_norway_joint_call_on_bio_economy,E Rajasekar,"['area', 'result', 'year']"
v0_017_indo_norway_joint_call_on_bio_economy,Ram Sateesh Pasupuleti,"['application', 'area', 'conference', 'year']"
v0_017_indo_norway_joint_call_on_bio_economy,Saptarshi Kolay,"['application', 'area', 'conference', 'land', 'ongoing', 'result', 'year']"
v0_017_indo_norway_joint_call_on_bio_economy,Shubhajit Sadhukhan,"['application', 'area', 'conference', 'department']"
v0_017_indo_norway_joint_call_on_bio_economy,Smriti Saraswat,"['application', 'conference', 'department', 'india', 'result']"
v0_017_indo_norway_joint_call_on_bio_economy,Sonal Atreya,"['application', 'area', 'conference', 'result']"
v0_017_indo_norway_joint_call_on_bio_economy,Tina Pujara,"['application', 'conference']"
v0_017_indo_norway_joint_call_on_bio_economy,Uttam Kumar Roy,"['application', 'department', 'result']"
v0_017_indo_norway_joint_call_on_bio_economy,V Devadas,"['application', 'area', 'department', 'result', 'year']"
v0_017_indo_norway_joint_call_on_bio_economy,Jaydev Dabas,"['application', 'area', 'conference', 'result']"
v0_017_indo_norway_joint_call_on_bio_economy,Millie Pant,"['application', 'area', 'department']"
v0_017_indo_norway_joint_call_on_bio_economy,Rajan Arora,"['application', 'conference', 'department', 'field']"
v0_017_indo_norway_joint_call_on_bio_economy,Ashwani Kumar Sharma,"['area', 'department', 'india']"
v0_017_indo_norway_joint_call_on_bio_economy,Bijan Choudhury,"['application', 'area', 'conference', 'department', 'india', 'year']"
v0_017_indo_norway_joint_call_on_bio_economy,Debabrata Sircar,"['application', 'conference', 'land']"
v0_017_indo_norway_joint_call_on_bio_economy,Deepak Sharma,"['application', 'area', 'department', 'ongoing']"
v0_017_indo_norway_joint_call_on_bio_economy,P Gopinath,"['application', 'conference', 'department']"
v0_017_indo_norway_joint_call_on_bio_economy,Harsh Chauhan,"['application', 'area', 'department', 'field', 'india', 'ongoing', 'year']"
v0_017_indo_norway_joint_call_on_bio_economy,Srinivas Kiran Ambatipudi,['land']
v0_017_indo_norway_joint_call_on_bio_economy,Krishna Mohan Poluri,"['area', 'conference', 'department', 'field', 'result', 'year']"
v0_017_indo_norway_joint_call_on_bio_economy,Maya S.Nair,"['application', 'conference', 'land']"
v0_017_indo_norway_joint_call_on_bio_economy,N K Navani,"['conference', 'department', 'land']"
v0_017_indo_norway_joint_call_on_bio_economy,Partha Roy,"['application', 'area', 'conference', 'department', 'land', 'year']"
v0_017_indo_norway_joint_call_on_bio_economy,Poonam Choudhary,"['application', 'conference', 'department']"
v0_017_indo_norway_joint_call_on_bio_economy,Prabhat Kumar Mandal,"['application', 'conference', 'department', 'ongoing']"
v0_017_indo_norway_joint_call_on_bio_economy,Pranita P Sarangi,"['area', 'year']"
v0_017_indo_norway_joint_call_on_bio_economy,Pravindra Kumar,"['application', 'area', 'department', 'result']"
v0_017_indo_norway_joint_call_on_bio_economy,Prince Tiwari,"['application', 'area', 'conference', 'department']"
v0_017_indo_norway_joint_call_on_bio_economy,R. P. Singh,"['application', 'area', 'conference', 'department', 'field', 'land', 'ongoing', 'year']"
v0_017_indo_norway_joint_call_on_bio_economy,Ramasare Prasad,"['application', 'area', 'department', 'result']"
v0_017_indo_norway_joint_call_on_bio_economy,Ranjana Pathania,"['application', 'conference', 'department']"
v0_017_indo_norway_joint_call_on_bio_economy,Sanjoy Ghosh,"['application', 'conference', 'department', 'field']"
v0_017_indo_norway_joint_call_on_bio_economy,Saugata Hazra,"['conference', 'department', 'field']"
v0_017_indo_norway_joint_call_on_bio_economy,Shailly Tomar,"['application', 'conference', 'department', 'land', 'ongoing']"
v0_017_indo_norway_joint_call_on_bio_economy,Shri Ram Yadav,"['application', 'conference', 'department']"
v0_017_indo_norway_joint_call_on_bio_economy,Soma Rohatgi,"['application', 'area', 'conference', 'result']"
v0_017_indo_norway_joint_call_on_bio_economy,Sachin Suresh Tiwari,"['application', 'area', 'department', 'india', 'land', 'year']"
v0_017_indo_norway_joint_call_on_bio_economy,Jitin Singla,"['application', 'area', 'conference']"
v0_017_indo_norway_joint_call_on_bio_economy,Rajesh Kumar,"['application', 'area', 'conference', 'department', 'field', 'india', 'land', 'year']"
v0_017_indo_norway_joint_call_on_bio_economy,Akhil Upadhyay,"['conference', 'department']"
v0_018_joint_call_between_india_and_austria_for_exchange_visits,Arindam Biswas,"['area', 'department', 'education institution', 'india', 'opportunity', 'student']"
v0_018_joint_call_between_india_and_austria_for_exchange_visits,Avlokita Agrawal,"['department', 'education institution', 'india', 'student']"
v0_018_joint_call_between_india_and_austria_for_exchange_visits,Gaurav Raheja,"['area', 'department', 'education institution', 'family', 'india']"
v0_018_joint_call_between_india_and_austria_for_exchange_visits,Harshit Sosan Lakra,[]
v0_018_joint_call_between_india_and_austria_for_exchange_visits,Mahua Mukherjee,"['department', 'education institution', 'india', 'opportunity', 'student']"
v0_018_joint_call_between_india_and_austria_for_exchange_visits,Prabhjot Singh Chani,"['department', 'education institution', 'india']"
v0_018_joint_call_between_india_and_austria_for_exchange_visits,E Rajasekar,"['area', 'education institution']"
v0_018_joint_call_between_india_and_austria_for_exchange_visits,Ram Sateesh Pasupuleti,"['area', 'education institution', 'opportunity']"
v0_018_joint_call_between_india_and_austria_for_exchange_visits,Saptarshi Kolay,"['area', 'education institution', 'opportunity', 'student']"
v0_018_joint_call_between_india_and_austria_for_exchange_visits,Shubhajit Sadhukhan,"['area', 'department', 'education institution', 'opportunity']"
v0_018_joint_call_between_india_and_austria_for_exchange_visits,Smriti Saraswat,"['department', 'india']"
v0_018_joint_call_between_india_and_austria_for_exchange_visits,Sonal Atreya,"['area', 'education institution', 'student']"
v0_018_joint_call_between_india_and_austria_for_exchange_visits,Tina Pujara,['student']
v0_018_joint_call_between_india_and_austria_for_exchange_visits,Uttam Kumar Roy,"['department', 'opportunity']"
v0_018_joint_call_between_india_and_austria_for_exchange_visits,V Devadas,"['area', 'department', 'opportunity']"
v0_018_joint_call_between_india_and_austria_for_exchange_visits,Jaydev Dabas,"['area', 'education institution', 'student']"
v0_018_joint_call_between_india_and_austria_for_exchange_visits,Millie Pant,"['area', 'department', 'education institution', 'student']"
v0_018_joint_call_between_india_and_austria_for_exchange_visits,Rajan Arora,"['department', 'education institution', 'family', 'student']"
v0_018_joint_call_between_india_and_austria_for_exchange_visits,Ashwani Kumar Sharma,"['area', 'department', 'education institution', 'family', 'india']"
v0_018_joint_call_between_india_and_austria_for_exchange_visits,Bijan Choudhury,"['area', 'department', 'education institution', 'india', 'opportunity', 'student']"
v0_018_joint_call_between_india_and_austria_for_exchange_visits,Debabrata Sircar,"['opportunity', 'student']"
v0_018_joint_call_between_india_and_austria_for_exchange_visits,Deepak Sharma,"['area', 'department', 'student']"
v0_018_joint_call_between_india_and_austria_for_exchange_visits,P Gopinath,"['department', 'family']"
v0_018_joint_call_between_india_and_austria_for_exchange_visits,Harsh Chauhan,"['area', 'department', 'education institution', 'family', 'india', 'opportunity', 'student']"
v0_018_joint_call_between_india_and_austria_for_exchange_visits,Srinivas Kiran Ambatipudi,[]
v0_018_joint_call_between_india_and_austria_for_exchange_visits,Krishna Mohan Poluri,"['area', 'department', 'family']"
v0_018_joint_call_between_india_and_austria_for_exchange_visits,Maya S.Nair,"['family', 'opportunity']"
v0_018_joint_call_between_india_and_austria_for_exchange_visits,N K Navani,"['department', 'family']"
v0_018_joint_call_between_india_and_austria_for_exchange_visits,Partha Roy,"['area', 'department']"
v0_018_joint_call_between_india_and_austria_for_exchange_visits,Poonam Choudhary,"['department', 'education institution', 'family', 'opportunity', 'student']"
v0_018_joint_call_between_india_and_austria_for_exchange_visits,Prabhat Kumar Mandal,"['department', 'education institution']"
v0_018_joint_call_between_india_and_austria_for_exchange_visits,Pranita P Sarangi,"['area', 'education institution', 'family']"
v0_018_joint_call_between_india_and_austria_for_exchange_visits,Pravindra Kumar,"['area', 'department', 'education institution', 'family']"
v0_018_joint_call_between_india_and_austria_for_exchange_visits,Prince Tiwari,"['area', 'department', 'student']"
v0_018_joint_call_between_india_and_austria_for_exchange_visits,R. P. Singh,"['area', 'department', 'family', 'opportunity', 'student']"
v0_018_joint_call_between_india_and_austria_for_exchange_visits,Ramasare Prasad,"['area', 'department', 'education institution', 'family', 'student']"
v0_018_joint_call_between_india_and_austria_for_exchange_visits,Ranjana Pathania,['department']
v0_018_joint_call_between_india_and_austria_for_exchange_visits,Sanjoy Ghosh,"['department', 'education institution']"
v0_018_joint_call_between_india_and_austria_for_exchange_visits,Saugata Hazra,"['department', 'family', 'opportunity', 'student']"
v0_018_joint_call_between_india_and_austria_for_exchange_visits,Shailly Tomar,"['department', 'family']"
v0_018_joint_call_between_india_and_austria_for_exchange_visits,Shri Ram Yadav,"['department', 'student']"
v0_018_joint_call_between_india_and_austria_for_exchange_visits,Soma Rohatgi,"['area', 'family']"
v0_018_joint_call_between_india_and_austria_for_exchange_visits,Sachin Suresh Tiwari,"['area', 'department', 'india', 'opportunity', 'student']"
v0_018_joint_call_between_india_and_austria_for_exchange_visits,Jitin Singla,['area']
v0_018_joint_call_between_india_and_austria_for_exchange_visits,Rajesh Kumar,"['area', 'department', 'education institution', 'family', 'india', 'student']"
v0_018_joint_call_between_india_and_austria_for_exchange_visits,Akhil Upadhyay,['department']
v0_019_dst_dfg_awards_for_participation_in_the_68th_meeting_of_nobel_laureates__students_lindau_germany,Arindam Biswas,"['application', 'area', 'aspect', 'department', 'foundation', 'institute', 'student', 'year']"
v0_019_dst_dfg_awards_for_participation_in_the_68th_meeting_of_nobel_laureates__students_lindau_germany,Avlokita Agrawal,"['application', 'aspect', 'department', 'foundation', 'importance', 'institute', 'major', 'student']"
v0_019_dst_dfg_awards_for_participation_in_the_68th_meeting_of_nobel_laureates__students_lindau_germany,Gaurav Raheja,"['application', 'area', 'aspect', 'department', 'field', 'foundation', 'institute']"
v0_019_dst_dfg_awards_for_participation_in_the_68th_meeting_of_nobel_laureates__students_lindau_germany,Harshit Sosan Lakra,[]
v0_019_dst_dfg_awards_for_participation_in_the_68th_meeting_of_nobel_laureates__students_lindau_germany,Mahua Mukherjee,"['application', 'aspect', 'department', 'foundation', 'institute', 'level', 'student']"
v0_019_dst_dfg_awards_for_participation_in_the_68th_meeting_of_nobel_laureates__students_lindau_germany,Prabhjot Singh Chani,"['application', 'aspect', 'department', 'importance', 'institute', 'major', 'young researcher']"
v0_019_dst_dfg_awards_for_participation_in_the_68th_meeting_of_nobel_laureates__students_lindau_germany,E Rajasekar,"['area', 'aspect', 'foundation', 'importance', 'major', 'year']"
v0_019_dst_dfg_awards_for_participation_in_the_68th_meeting_of_nobel_laureates__students_lindau_germany,Ram Sateesh Pasupuleti,"['application', 'area', 'foundation', 'importance', 'institute', 'major', 'year']"
v0_019_dst_dfg_awards_for_participation_in_the_68th_meeting_of_nobel_laureates__students_lindau_germany,Saptarshi Kolay,"['application', 'area', 'aspect', 'foundation', 'importance', 'institute', 'student', 'world', 'year', 'young researcher']"
v0_019_dst_dfg_awards_for_participation_in_the_68th_meeting_of_nobel_laureates__students_lindau_germany,Shubhajit Sadhukhan,"['application', 'area', 'department', 'foundation', 'importance', 'level']"
v0_019_dst_dfg_awards_for_participation_in_the_68th_meeting_of_nobel_laureates__students_lindau_germany,Smriti Saraswat,"['application', 'department', 'foundation', 'importance', 'level']"
v0_019_dst_dfg_awards_for_participation_in_the_68th_meeting_of_nobel_laureates__students_lindau_germany,Sonal Atreya,"['application', 'area', 'aspect', 'foundation', 'importance', 'institute', 'major', 'student', 'world']"
v0_019_dst_dfg_awards_for_participation_in_the_68th_meeting_of_nobel_laureates__students_lindau_germany,Tina Pujara,"['application', 'foundation', 'importance', 'major', 'student', 'world']"
v0_019_dst_dfg_awards_for_participation_in_the_68th_meeting_of_nobel_laureates__students_lindau_germany,Uttam Kumar Roy,"['application', 'department', 'foundation', 'importance', 'major', 'young researcher']"
v0_019_dst_dfg_awards_for_participation_in_the_68th_meeting_of_nobel_laureates__students_lindau_germany,V Devadas,"['application', 'area', 'aspect', 'department', 'foundation', 'importance', 'world', 'year']"
v0_019_dst_dfg_awards_for_participation_in_the_68th_meeting_of_nobel_laureates__students_lindau_germany,Jaydev Dabas,"['application', 'area', 'aspect', 'foundation', 'importance', 'institute', 'major', 'student', 'world']"
v0_019_dst_dfg_awards_for_participation_in_the_68th_meeting_of_nobel_laureates__students_lindau_germany,Millie Pant,"['application', 'area', 'aspect', 'department', 'foundation', 'student']"
v0_019_dst_dfg_awards_for_participation_in_the_68th_meeting_of_nobel_laureates__students_lindau_germany,Rajan Arora,"['application', 'aspect', 'department', 'field', 'foundation', 'major', 'student', 'world']"
v0_019_dst_dfg_awards_for_participation_in_the_68th_meeting_of_nobel_laureates__students_lindau_germany,Ashwani Kumar Sharma,"['area', 'department', 'foundation', 'major']"
v0_019_dst_dfg_awards_for_participation_in_the_68th_meeting_of_nobel_laureates__students_lindau_germany,Bijan Choudhury,"['application', 'area', 'department', 'foundation', 'importance', 'institute', 'student', 'year']"
v0_019_dst_dfg_awards_for_participation_in_the_68th_meeting_of_nobel_laureates__students_lindau_germany,Debabrata Sircar,"['application', 'aspect', 'foundation', 'importance', 'institute', 'student', 'young researcher']"
v0_019_dst_dfg_awards_for_participation_in_the_68th_meeting_of_nobel_laureates__students_lindau_germany,Deepak Sharma,"['application', 'area', 'department', 'foundation', 'institute', 'major', 'student']"
v0_019_dst_dfg_awards_for_participation_in_the_68th_meeting_of_nobel_laureates__students_lindau_germany,P Gopinath,"['application', 'department', 'importance', 'young researcher']"
v0_019_dst_dfg_awards_for_participation_in_the_68th_meeting_of_nobel_laureates__students_lindau_germany,Harsh Chauhan,"['application', 'area', 'aspect', 'department', 'field', 'foundation', 'institute', 'student', 'year', 'young researcher']"
v0_019_dst_dfg_awards_for_participation_in_the_68th_meeting_of_nobel_laureates__students_lindau_germany,Srinivas Kiran Ambatipudi,[]
v0_019_dst_dfg_awards_for_participation_in_the_68th_meeting_of_nobel_laureates__students_lindau_germany,Krishna Mohan Poluri,"['area', 'department', 'field', 'importance', 'year']"
v0_019_dst_dfg_awards_for_participation_in_the_68th_meeting_of_nobel_laureates__students_lindau_germany,Maya S.Nair,"['application', 'aspect', 'foundation', 'importance', 'major', 'young researcher']"
v0_019_dst_dfg_awards_for_participation_in_the_68th_meeting_of_nobel_laureates__students_lindau_germany,N K Navani,"['aspect', 'department', 'foundation', 'importance']"
v0_019_dst_dfg_awards_for_participation_in_the_68th_meeting_of_nobel_laureates__students_lindau_germany,Partha Roy,"['application', 'area', 'aspect', 'department', 'foundation', 'institute', 'year']"
v0_019_dst_dfg_awards_for_participation_in_the_68th_meeting_of_nobel_laureates__students_lindau_germany,Poonam Choudhary,"['application', 'department', 'foundation', 'major', 'student']"
v0_019_dst_dfg_awards_for_participation_in_the_68th_meeting_of_nobel_laureates__students_lindau_germany,Prabhat Kumar Mandal,"['application', 'aspect', 'department', 'foundation', 'importance', 'level', 'major']"
v0_019_dst_dfg_awards_for_participation_in_the_68th_meeting_of_nobel_laureates__students_lindau_germany,Pranita P Sarangi,"['area', 'institute', 'year']"
v0_019_dst_dfg_awards_for_participation_in_the_68th_meeting_of_nobel_laureates__students_lindau_germany,Pravindra Kumar,"['application', 'area', 'department', 'foundation', 'importance', 'major']"
v0_019_dst_dfg_awards_for_participation_in_the_68th_meeting_of_nobel_laureates__students_lindau_germany,Prince Tiwari,"['application', 'area', 'department', 'importance', 'institute', 'major', 'student', 'world']"
v0_019_dst_dfg_awards_for_participation_in_the_68th_meeting_of_nobel_laureates__students_lindau_germany,R. P. Singh,"['application', 'area', 'department', 'field', 'foundation', 'institute', 'level', 'major', 'student', 'world', 'year']"
v0_019_dst_dfg_awards_for_participation_in_the_68th_meeting_of_nobel_laureates__students_lindau_germany,Ramasare Prasad,"['application', 'area', 'department', 'foundation', 'institute', 'major', 'student']"
v0_019_dst_dfg_awards_for_participation_in_the_68th_meeting_of_nobel_laureates__students_lindau_germany,Ranjana Pathania,"['application', 'department', 'importance', 'institute', 'level']"
v0_019_dst_dfg_awards_for_participation_in_the_68th_meeting_of_nobel_laureates__students_lindau_germany,Sanjoy Ghosh,"['application', 'department', 'field', 'foundation', 'importance', 'level']"
v0_019_dst_dfg_awards_for_participation_in_the_68th_meeting_of_nobel_laureates__students_lindau_germany,Saugata Hazra,"['department', 'field', 'foundation', 'importance', 'level', 'student']"
v0_019_dst_dfg_awards_for_participation_in_the_68th_meeting_of_nobel_laureates__students_lindau_germany,Shailly Tomar,"['application', 'department']"
v0_019_dst_dfg_awards_for_participation_in_the_68th_meeting_of_nobel_laureates__students_lindau_germany,Shri Ram Yadav,"['application', 'department', 'foundation', 'importance', 'institute', 'student', 'world']"
v0_019_dst_dfg_awards_for_participation_in_the_68th_meeting_of_nobel_laureates__students_lindau_germany,Soma Rohatgi,"['application', 'area', 'aspect', 'foundation', 'importance', 'major', 'world']"
v0_019_dst_dfg_awards_for_participation_in_the_68th_meeting_of_nobel_laureates__students_lindau_germany,Sachin Suresh Tiwari,"['application', 'area', 'department', 'foundation', 'student', 'world', 'year', 'young researcher']"
v0_019_dst_dfg_awards_for_participation_in_the_68th_meeting_of_nobel_laureates__students_lindau_germany,Jitin Singla,"['application', 'area', 'foundation', 'importance', 'world']"
v0_019_dst_dfg_awards_for_participation_in_the_68th_meeting_of_nobel_laureates__students_lindau_germany,Rajesh Kumar,"['application', 'area', 'aspect', 'department', 'field', 'foundation', 'institute', 'major', 'student', 'world', 'year']"
v0_019_dst_dfg_awards_for_participation_in_the_68th_meeting_of_nobel_laureates__students_lindau_germany,Akhil Upadhyay,"['department', 'foundation', 'importance']"
v0_020_advertisement_for_call_for_proposal_for_dst_nrdms_summerwinter_schools_in_geospatial_st___2017___2019,Arindam Biswas,"['building', 'capacity building', 'challenge', 'decade', 'department', 'development', 'india', 'need', 'resource', 'support']"
v0_020_advertisement_for_call_for_proposal_for_dst_nrdms_summerwinter_schools_in_geospatial_st___2017___2019,Avlokita Agrawal,"['building', 'capacity building', 'department', 'development', 'india', 'need', 'process', 'resource', 'support', 'system']"
v0_020_advertisement_for_call_for_proposal_for_dst_nrdms_summerwinter_schools_in_geospatial_st___2017___2019,Gaurav Raheja,"['challenge', 'department', 'development', 'india', 'need', 'resource', 'support']"
v0_020_advertisement_for_call_for_proposal_for_dst_nrdms_summerwinter_schools_in_geospatial_st___2017___2019,Harshit Sosan Lakra,[]
v0_020_advertisement_for_call_for_proposal_for_dst_nrdms_summerwinter_schools_in_geospatial_st___2017___2019,Mahua Mukherjee,"['building', 'decade', 'department', 'development', 'india', 'level', 'process', 'support', 'system']"
v0_020_advertisement_for_call_for_proposal_for_dst_nrdms_summerwinter_schools_in_geospatial_st___2017___2019,Prabhjot Singh Chani,"['challenge', 'department', 'development', 'efficiency', 'india', 'ongoing', 'support']"
v0_020_advertisement_for_call_for_proposal_for_dst_nrdms_summerwinter_schools_in_geospatial_st___2017___2019,E Rajasekar,"['building', 'capacity building', 'decade', 'resource', 'support']"
v0_020_advertisement_for_call_for_proposal_for_dst_nrdms_summerwinter_schools_in_geospatial_st___2017___2019,Ram Sateesh Pasupuleti,"['challenge', 'support', 'system']"
v0_020_advertisement_for_call_for_proposal_for_dst_nrdms_summerwinter_schools_in_geospatial_st___2017___2019,Saptarshi Kolay,"['building', 'capacity building', 'challenge', 'development', 'ongoing', 'process', 'resource', 'support']"
v0_020_advertisement_for_call_for_proposal_for_dst_nrdms_summerwinter_schools_in_geospatial_st___2017___2019,Shubhajit Sadhukhan,"['department', 'development', 'level', 'process', 'resource', 'support']"
v0_020_advertisement_for_call_for_proposal_for_dst_nrdms_summerwinter_schools_in_geospatial_st___2017___2019,Smriti Saraswat,"['building', 'capacity building', 'decade', 'department', 'development', 'india', 'level', 'process', 'resource']"
v0_020_advertisement_for_call_for_proposal_for_dst_nrdms_summerwinter_schools_in_geospatial_st___2017___2019,Sonal Atreya,"['challenge', 'decade', 'process', 'resource', 'support', 'system']"
v0_020_advertisement_for_call_for_proposal_for_dst_nrdms_summerwinter_schools_in_geospatial_st___2017___2019,Tina Pujara,"['decade', 'system']"
v0_020_advertisement_for_call_for_proposal_for_dst_nrdms_summerwinter_schools_in_geospatial_st___2017___2019,Uttam Kumar Roy,"['building', 'capacity building', 'department', 'process', 'resource', 'support']"
v0_020_advertisement_for_call_for_proposal_for_dst_nrdms_summerwinter_schools_in_geospatial_st___2017___2019,V Devadas,"['decade', 'department', 'development', 'resource', 'system']"
v0_020_advertisement_for_call_for_proposal_for_dst_nrdms_summerwinter_schools_in_geospatial_st___2017___2019,Jaydev Dabas,"['efficiency', 'process', 'support']"
v0_020_advertisement_for_call_for_proposal_for_dst_nrdms_summerwinter_schools_in_geospatial_st___2017___2019,Millie Pant,"['decade', 'department', 'development', 'efficiency', 'process', 'support']"
v0_020_advertisement_for_call_for_proposal_for_dst_nrdms_summerwinter_schools_in_geospatial_st___2017___2019,Rajan Arora,"['department', 'support']"
v0_020_advertisement_for_call_for_proposal_for_dst_nrdms_summerwinter_schools_in_geospatial_st___2017___2019,Ashwani Kumar Sharma,"['decade', 'department', 'development', 'india', 'process', 'system']"
v0_020_advertisement_for_call_for_proposal_for_dst_nrdms_summerwinter_schools_in_geospatial_st___2017___2019,Bijan Choudhury,"['decade', 'department', 'development', 'india']"
v0_020_advertisement_for_call_for_proposal_for_dst_nrdms_summerwinter_schools_in_geospatial_st___2017___2019,Debabrata Sircar,"['decade', 'process', 'resource', 'support', 'system']"
v0_020_advertisement_for_call_for_proposal_for_dst_nrdms_summerwinter_schools_in_geospatial_st___2017___2019,Deepak Sharma,"['capacity building', 'challenge', 'decade', 'department', 'ongoing', 'process', 'resource']"
v0_020_advertisement_for_call_for_proposal_for_dst_nrdms_summerwinter_schools_in_geospatial_st___2017___2019,P Gopinath,"['challenge', 'department', 'development', 'system']"
v0_020_advertisement_for_call_for_proposal_for_dst_nrdms_summerwinter_schools_in_geospatial_st___2017___2019,Harsh Chauhan,"['decade', 'department', 'development', 'india', 'need', 'ongoing', 'process', 'support']"
v0_020_advertisement_for_call_for_proposal_for_dst_nrdms_summerwinter_schools_in_geospatial_st___2017___2019,Srinivas Kiran Ambatipudi,[]
v0_020_advertisement_for_call_for_proposal_for_dst_nrdms_summerwinter_schools_in_geospatial_st___2017___2019,Krishna Mohan Poluri,"['decade', 'department', 'development', 'need', 'resource', 'system']"
v0_020_advertisement_for_call_for_proposal_for_dst_nrdms_summerwinter_schools_in_geospatial_st___2017___2019,Maya S.Nair,"['challenge', 'need', 'process', 'resource', 'support']"
v0_020_advertisement_for_call_for_proposal_for_dst_nrdms_summerwinter_schools_in_geospatial_st___2017___2019,N K Navani,"['decade', 'department', 'development', 'process', 'support']"
v0_020_advertisement_for_call_for_proposal_for_dst_nrdms_summerwinter_schools_in_geospatial_st___2017___2019,Partha Roy,"['challenge', 'decade', 'department', 'development', 'support']"
v0_020_advertisement_for_call_for_proposal_for_dst_nrdms_summerwinter_schools_in_geospatial_st___2017___2019,Poonam Choudhary,"['challenge', 'department', 'process', 'resource']"
v0_020_advertisement_for_call_for_proposal_for_dst_nrdms_summerwinter_schools_in_geospatial_st___2017___2019,Prabhat Kumar Mandal,"['challenge', 'decade', 'department', 'development', 'level', 'ongoing', 'process', 'resource', 'system']"
v0_020_advertisement_for_call_for_proposal_for_dst_nrdms_summerwinter_schools_in_geospatial_st___2017___2019,Pranita P Sarangi,"['process', 'resource']"
v0_020_advertisement_for_call_for_proposal_for_dst_nrdms_summerwinter_schools_in_geospatial_st___2017___2019,Pravindra Kumar,"['decade', 'department', 'development', 'system']"
v0_020_advertisement_for_call_for_proposal_for_dst_nrdms_summerwinter_schools_in_geospatial_st___2017___2019,Prince Tiwari,"['challenge', 'department', 'efficiency', 'process', 'system']"
v0_020_advertisement_for_call_for_proposal_for_dst_nrdms_summerwinter_schools_in_geospatial_st___2017___2019,R. P. Singh,"['decade', 'department', 'development', 'level', 'ongoing', 'support']"
v0_020_advertisement_for_call_for_proposal_for_dst_nrdms_summerwinter_schools_in_geospatial_st___2017___2019,Ramasare Prasad,"['department', 'development', 'process']"
v0_020_advertisement_for_call_for_proposal_for_dst_nrdms_summerwinter_schools_in_geospatial_st___2017___2019,Ranjana Pathania,"['decade', 'department', 'development', 'efficiency', 'level']"
v0_020_advertisement_for_call_for_proposal_for_dst_nrdms_summerwinter_schools_in_geospatial_st___2017___2019,Sanjoy Ghosh,"['challenge', 'department', 'level', 'need', 'process']"
v0_020_advertisement_for_call_for_proposal_for_dst_nrdms_summerwinter_schools_in_geospatial_st___2017___2019,Saugata Hazra,"['department', 'development', 'level', 'resource', 'system']"
v0_020_advertisement_for_call_for_proposal_for_dst_nrdms_summerwinter_schools_in_geospatial_st___2017___2019,Shailly Tomar,"['decade', 'department', 'development', 'ongoing', 'process', 'resource']"
v0_020_advertisement_for_call_for_proposal_for_dst_nrdms_summerwinter_schools_in_geospatial_st___2017___2019,Shri Ram Yadav,"['department', 'system']"
v0_020_advertisement_for_call_for_proposal_for_dst_nrdms_summerwinter_schools_in_geospatial_st___2017___2019,Soma Rohatgi,"['decade', 'development', 'efficiency', 'need', 'resource']"
v0_020_advertisement_for_call_for_proposal_for_dst_nrdms_summerwinter_schools_in_geospatial_st___2017___2019,Sachin Suresh Tiwari,"['challenge', 'decade', 'department', 'efficiency', 'india', 'need', 'process', 'resource']"
v0_020_advertisement_for_call_for_proposal_for_dst_nrdms_summerwinter_schools_in_geospatial_st___2017___2019,Jitin Singla,"['process', 'support']"
v0_020_advertisement_for_call_for_proposal_for_dst_nrdms_summerwinter_schools_in_geospatial_st___2017___2019,Rajesh Kumar,"['decade', 'department', 'development', 'efficiency', 'india', 'process', 'resource']"
v0_020_advertisement_for_call_for_proposal_for_dst_nrdms_summerwinter_schools_in_geospatial_st___2017___2019,Akhil Upadhyay,"['building', 'capacity building', 'challenge', 'department', 'efficiency', 'process', 'resource']"
v0_021_call_for_proposals_in_basic_sciences_with_russia_russian_foundation_for_basic_research,Arindam Biswas,"['application', 'area', 'country', 'department', 'foundation', 'fundamental', 'india', 'institute', 'support', 'year']"
v0_021_call_for_proposals_in_basic_sciences_with_russia_russian_foundation_for_basic_research,Avlokita Agrawal,"['application', 'computer science', 'country', 'department', 'foundation', 'fundamental', 'india', 'institute', 'support']"
v0_021_call_for_proposals_in_basic_sciences_with_russia_russian_foundation_for_basic_research,Gaurav Raheja,"['application', 'area', 'department', 'foundation', 'india', 'institute', 'support']"
v0_021_call_for_proposals_in_basic_sciences_with_russia_russian_foundation_for_basic_research,Harshit Sosan Lakra,[]
v0_021_call_for_proposals_in_basic_sciences_with_russia_russian_foundation_for_basic_research,Mahua Mukherjee,"['application', 'computer science', 'department', 'foundation', 'fundamental', 'india', 'institute', 'support']"
v0_021_call_for_proposals_in_basic_sciences_with_russia_russian_foundation_for_basic_research,Prabhjot Singh Chani,"['application', 'computer science', 'country', 'department', 'india', 'institute', 'support']"
v0_021_call_for_proposals_in_basic_sciences_with_russia_russian_foundation_for_basic_research,E Rajasekar,"['area', 'computer science', 'country', 'foundation', 'support', 'year']"
v0_021_call_for_proposals_in_basic_sciences_with_russia_russian_foundation_for_basic_research,Ram Sateesh Pasupuleti,"['application', 'area', 'computer science', 'foundation', 'institute', 'support', 'year']"
v0_021_call_for_proposals_in_basic_sciences_with_russia_russian_foundation_for_basic_research,Saptarshi Kolay,"['application', 'area', 'computer science', 'form', 'foundation', 'institute', 'support', 'year']"
v0_021_call_for_proposals_in_basic_sciences_with_russia_russian_foundation_for_basic_research,Shubhajit Sadhukhan,"['application', 'area', 'country', 'department', 'foundation', 'fundamental', 'support']"
v0_021_call_for_proposals_in_basic_sciences_with_russia_russian_foundation_for_basic_research,Smriti Saraswat,"['application', 'department', 'foundation', 'fundamental', 'india']"
v0_021_call_for_proposals_in_basic_sciences_with_russia_russian_foundation_for_basic_research,Sonal Atreya,"['application', 'area', 'country', 'form', 'foundation', 'institute', 'support']"
v0_021_call_for_proposals_in_basic_sciences_with_russia_russian_foundation_for_basic_research,Tina Pujara,"['application', 'computer science', 'foundation']"
v0_021_call_for_proposals_in_basic_sciences_with_russia_russian_foundation_for_basic_research,Uttam Kumar Roy,"['application', 'department', 'foundation', 'fundamental', 'support']"
v0_021_call_for_proposals_in_basic_sciences_with_russia_russian_foundation_for_basic_research,V Devadas,"['application', 'area', 'department', 'form', 'foundation', 'year']"
v0_021_call_for_proposals_in_basic_sciences_with_russia_russian_foundation_for_basic_research,Jaydev Dabas,"['application', 'area', 'form', 'foundation', 'fundamental', 'institute', 'support']"
v0_021_call_for_proposals_in_basic_sciences_with_russia_russian_foundation_for_basic_research,Millie Pant,"['application', 'area', 'computer science', 'department', 'foundation', 'fundamental', 'support']"
v0_021_call_for_proposals_in_basic_sciences_with_russia_russian_foundation_for_basic_research,Rajan Arora,"['application', 'country', 'department', 'form', 'foundation', 'support']"
v0_021_call_for_proposals_in_basic_sciences_with_russia_russian_foundation_for_basic_research,Ashwani Kumar Sharma,"['area', 'department', 'foundation', 'fundamental', 'india']"
v0_021_call_for_proposals_in_basic_sciences_with_russia_russian_foundation_for_basic_research,Bijan Choudhury,"['application', 'area', 'computer science', 'department', 'foundation', 'fundamental', 'india', 'institute', 'year']"
v0_021_call_for_proposals_in_basic_sciences_with_russia_russian_foundation_for_basic_research,Debabrata Sircar,"['application', 'computer science', 'country', 'foundation', 'institute', 'support']"
v0_021_call_for_proposals_in_basic_sciences_with_russia_russian_foundation_for_basic_research,Deepak Sharma,"['application', 'area', 'country', 'department', 'foundation', 'institute']"
v0_021_call_for_proposals_in_basic_sciences_with_russia_russian_foundation_for_basic_research,P Gopinath,"['application', 'department']"
v0_021_call_for_proposals_in_basic_sciences_with_russia_russian_foundation_for_basic_research,Harsh Chauhan,"['application', 'area', 'country', 'department', 'foundation', 'fundamental', 'india', 'institute', 'support', 'year']"
v0_021_call_for_proposals_in_basic_sciences_with_russia_russian_foundation_for_basic_research,Srinivas Kiran Ambatipudi,[]
v0_021_call_for_proposals_in_basic_sciences_with_russia_russian_foundation_for_basic_research,Krishna Mohan Poluri,"['area', 'department', 'fundamental', 'year']"
v0_021_call_for_proposals_in_basic_sciences_with_russia_russian_foundation_for_basic_research,Maya S.Nair,"['application', 'computer science', 'country', 'form', 'foundation', 'support']"
v0_021_call_for_proposals_in_basic_sciences_with_russia_russian_foundation_for_basic_research,N K Navani,"['computer science', 'department', 'foundation', 'fundamental', 'support']"
v0_021_call_for_proposals_in_basic_sciences_with_russia_russian_foundation_for_basic_research,Partha Roy,"['application', 'area', 'computer science', 'department', 'foundation', 'fundamental', 'institute', 'support', 'year']"
v0_021_call_for_proposals_in_basic_sciences_with_russia_russian_foundation_for_basic_research,Poonam Choudhary,"['application', 'computer science', 'department', 'foundation', 'fundamental']"
v0_021_call_for_proposals_in_basic_sciences_with_russia_russian_foundation_for_basic_research,Prabhat Kumar Mandal,"['application', 'computer science', 'department', 'foundation', 'fundamental']"
v0_021_call_for_proposals_in_basic_sciences_with_russia_russian_foundation_for_basic_research,Pranita P Sarangi,"['area', 'institute', 'year']"
v0_021_call_for_proposals_in_basic_sciences_with_russia_russian_foundation_for_basic_research,Pravindra Kumar,"['application', 'area', 'department', 'foundation', 'fundamental']"
v0_021_call_for_proposals_in_basic_sciences_with_russia_russian_foundation_for_basic_research,Prince Tiwari,"['application', 'area', 'computer science', 'department', 'institute']"
v0_021_call_for_proposals_in_basic_sciences_with_russia_russian_foundation_for_basic_research,R. P. Singh,"['application', 'area', 'department', 'form', 'foundation', 'fundamental', 'institute', 'support', 'year']"
v0_021_call_for_proposals_in_basic_sciences_with_russia_russian_foundation_for_basic_research,Ramasare Prasad,"['application', 'area', 'computer science', 'country', 'department', 'foundation', 'institute']"
v0_021_call_for_proposals_in_basic_sciences_with_russia_russian_foundation_for_basic_research,Ranjana Pathania,"['application', 'computer science', 'department', 'institute']"
v0_021_call_for_proposals_in_basic_sciences_with_russia_russian_foundation_for_basic_research,Sanjoy Ghosh,"['application', 'computer science', 'country', 'department', 'foundation', 'fundamental']"
v0_021_call_for_proposals_in_basic_sciences_with_russia_russian_foundation_for_basic_research,Saugata Hazra,"['computer science', 'department', 'foundation', 'fundamental']"
v0_021_call_for_proposals_in_basic_sciences_with_russia_russian_foundation_for_basic_research,Shailly Tomar,"['application', 'department', 'fundamental']"
v0_021_call_for_proposals_in_basic_sciences_with_russia_russian_foundation_for_basic_research,Shri Ram Yadav,"['application', 'computer science', 'department', 'form', 'foundation', 'institute']"
v0_021_call_for_proposals_in_basic_sciences_with_russia_russian_foundation_for_basic_research,Soma Rohatgi,"['application', 'area', 'computer science', 'foundation']"
v0_021_call_for_proposals_in_basic_sciences_with_russia_russian_foundation_for_basic_research,Sachin Suresh Tiwari,"['application', 'area', 'country', 'department', 'form', 'foundation', 'india', 'year']"
v0_021_call_for_proposals_in_basic_sciences_with_russia_russian_foundation_for_basic_research,Jitin Singla,"['application', 'area', 'computer science', 'foundation', 'fundamental', 'support']"
v0_021_call_for_proposals_in_basic_sciences_with_russia_russian_foundation_for_basic_research,Rajesh Kumar,"['application', 'area', 'computer science', 'department', 'foundation', 'india', 'institute', 'year']"
v0_021_call_for_proposals_in_basic_sciences_with_russia_russian_foundation_for_basic_research,Akhil Upadhyay,"['computer science', 'country', 'department', 'foundation', 'fundamental']"
v0_022_funding_opportunity_announcement_foa_smart_grids,Arindam Biswas,"['building', 'challenge', 'city', 'condition', 'demand', 'design', 'development', 'india', 'large amount', 'limitation', 'opportunity', 'purpose', 'support']"
v0_022_funding_opportunity_announcement_foa_smart_grids,Avlokita Agrawal,"['building', 'condition', 'development', 'future', 'india', 'limitation', 'support', 'system']"
v0_022_funding_opportunity_announcement_foa_smart_grids,Gaurav Raheja,"['challenge', 'city', 'design', 'development', 'field', 'future', 'india', 'limitation', 'support']"
v0_022_funding_opportunity_announcement_foa_smart_grids,Harshit Sosan Lakra,[]
v0_022_funding_opportunity_announcement_foa_smart_grids,Mahua Mukherjee,"['building', 'city', 'condition', 'demand', 'design', 'development', 'india', 'limitation', 'opportunity', 'purpose', 'support', 'system']"
v0_022_funding_opportunity_announcement_foa_smart_grids,Prabhjot Singh Chani,"['challenge', 'city', 'condition', 'development', 'india', 'limitation', 'purpose', 'renewable source', 'support']"
v0_022_funding_opportunity_announcement_foa_smart_grids,E Rajasekar,"['building', 'condition', 'demand', 'design', 'future', 'immense', 'large amount', 'limitation', 'objective', 'renewable source', 'support']"
v0_022_funding_opportunity_announcement_foa_smart_grids,Ram Sateesh Pasupuleti,"['challenge', 'condition', 'future', 'large amount', 'limitation', 'objective', 'opportunity', 'renewable source', 'support', 'system']"
v0_022_funding_opportunity_announcement_foa_smart_grids,Saptarshi Kolay,"['building', 'challenge', 'condition', 'demand', 'design', 'development', 'large amount', 'limitation', 'opportunity', 'purpose', 'renewable source', 'support', 'use']"
v0_022_funding_opportunity_announcement_foa_smart_grids,Shubhajit Sadhukhan,"['city', 'condition', 'demand', 'development', 'future', 'large amount', 'limitation', 'opportunity', 'purpose', 'renewable source', 'support', 'use']"
v0_022_funding_opportunity_announcement_foa_smart_grids,Smriti Saraswat,"['building', 'condition', 'demand', 'development', 'india', 'limitation', 'renewable source', 'use']"
v0_022_funding_opportunity_announcement_foa_smart_grids,Sonal Atreya,"['challenge', 'city', 'condition', 'demand', 'future', 'large amount', 'limitation', 'purpose', 'support', 'system', 'use']"
v0_022_funding_opportunity_announcement_foa_smart_grids,Tina Pujara,"['condition', 'design', 'immense', 'large amount', 'limitation', 'system', 'use']"
v0_022_funding_opportunity_announcement_foa_smart_grids,Uttam Kumar Roy,"['building', 'condition', 'design', 'large amount', 'limitation', 'opportunity', 'renewable source', 'support']"
v0_022_funding_opportunity_announcement_foa_smart_grids,V Devadas,"['condition', 'demand', 'design', 'development', 'future', 'limitation', 'opportunity', 'system', 'use']"
v0_022_funding_opportunity_announcement_foa_smart_grids,Jaydev Dabas,"['condition', 'design', 'immense', 'limitation', 'support']"
v0_022_funding_opportunity_announcement_foa_smart_grids,Millie Pant,"['demand', 'development', 'large amount', 'limitation', 'objective', 'support']"
v0_022_funding_opportunity_announcement_foa_smart_grids,Rajan Arora,"['condition', 'field', 'limitation', 'support']"
v0_022_funding_opportunity_announcement_foa_smart_grids,Ashwani Kumar Sharma,"['demand', 'design', 'development', 'future', 'india', 'purpose', 'system']"
v0_022_funding_opportunity_announcement_foa_smart_grids,Bijan Choudhury,"['city', 'condition', 'demand', 'design', 'development', 'immense', 'india', 'large amount', 'limitation', 'opportunity']"
v0_022_funding_opportunity_announcement_foa_smart_grids,Debabrata Sircar,"['condition', 'demand', 'immense', 'limitation', 'objective', 'opportunity', 'purpose', 'support', 'system']"
v0_022_funding_opportunity_announcement_foa_smart_grids,Deepak Sharma,"['challenge', 'condition', 'large amount', 'limitation', 'objective']"
v0_022_funding_opportunity_announcement_foa_smart_grids,P Gopinath,"['challenge', 'condition', 'development', 'large amount', 'limitation', 'renewable source', 'system', 'use']"
v0_022_funding_opportunity_announcement_foa_smart_grids,Harsh Chauhan,"['city', 'condition', 'demand', 'development', 'field', 'india', 'large amount', 'limitation', 'opportunity', 'purpose', 'support', 'use']"
v0_022_funding_opportunity_announcement_foa_smart_grids,Srinivas Kiran Ambatipudi,[]
v0_022_funding_opportunity_announcement_foa_smart_grids,Krishna Mohan Poluri,"['demand', 'design', 'development', 'field', 'system']"
v0_022_funding_opportunity_announcement_foa_smart_grids,Maya S.Nair,"['challenge', 'condition', 'demand', 'future', 'limitation', 'opportunity', 'purpose', 'support']"
v0_022_funding_opportunity_announcement_foa_smart_grids,N K Navani,"['condition', 'demand', 'development', 'immense', 'large amount', 'limitation', 'purpose', 'support', 'use']"
v0_022_funding_opportunity_announcement_foa_smart_grids,Partha Roy,"['challenge', 'condition', 'demand', 'design', 'development', 'immense', 'large amount', 'limitation', 'support']"
v0_022_funding_opportunity_announcement_foa_smart_grids,Poonam Choudhary,"['challenge', 'city', 'condition', 'demand', 'design', 'future', 'limitation', 'objective', 'opportunity', 'use']"
v0_022_funding_opportunity_announcement_foa_smart_grids,Prabhat Kumar Mandal,"['challenge', 'condition', 'development', 'immense', 'large amount', 'limitation', 'objective', 'system']"
v0_022_funding_opportunity_announcement_foa_smart_grids,Pranita P Sarangi,"['large amount', 'purpose']"
v0_022_funding_opportunity_announcement_foa_smart_grids,Pravindra Kumar,"['city', 'demand', 'development', 'future', 'system', 'use']"
v0_022_funding_opportunity_announcement_foa_smart_grids,Prince Tiwari,"['challenge', 'city', 'condition', 'design', 'system', 'use']"
v0_022_funding_opportunity_announcement_foa_smart_grids,R. P. Singh,"['condition', 'demand', 'design', 'development', 'field', 'future', 'immense', 'large amount', 'limitation', 'opportunity', 'renewable source', 'support']"
v0_022_funding_opportunity_announcement_foa_smart_grids,Ramasare Prasad,"['city', 'development', 'future', 'large amount', 'limitation']"
v0_022_funding_opportunity_announcement_foa_smart_grids,Ranjana Pathania,"['design', 'development', 'immense']"
v0_022_funding_opportunity_announcement_foa_smart_grids,Sanjoy Ghosh,"['challenge', 'condition', 'field', 'limitation', 'objective', 'renewable source']"
v0_022_funding_opportunity_announcement_foa_smart_grids,Saugata Hazra,"['condition', 'design', 'development', 'field', 'immense', 'limitation', 'opportunity', 'renewable source', 'system']"
v0_022_funding_opportunity_announcement_foa_smart_grids,Shailly Tomar,"['condition', 'demand', 'development', 'purpose', 'renewable source']"
v0_022_funding_opportunity_announcement_foa_smart_grids,Shri Ram Yadav,"['condition', 'immense', 'limitation', 'system']"
v0_022_funding_opportunity_announcement_foa_smart_grids,Soma Rohatgi,"['condition', 'development', 'immense', 'limitation']"
v0_022_funding_opportunity_announcement_foa_smart_grids,Sachin Suresh Tiwari,"['challenge', 'city', 'condition', 'demand', 'future', 'india', 'limitation', 'objective', 'opportunity', 'purpose', 'renewable source', 'use']"
v0_022_funding_opportunity_announcement_foa_smart_grids,Jitin Singla,"['condition', 'limitation', 'support']"
v0_022_funding_opportunity_announcement_foa_smart_grids,Rajesh Kumar,"['city', 'condition', 'demand', 'design', 'development', 'field', 'future', 'india', 'large amount', 'limitation', 'purpose', 'renewable source']"
v0_022_funding_opportunity_announcement_foa_smart_grids,Akhil Upadhyay,"['building', 'challenge', 'city', 'condition', 'design', 'limitation', 'purpose', 'renewable source']"
v0_023_multi_institutional_centres_on_materials_for_energy_conservation_and_storage_platform_mecsp___2017,Arindam Biswas,"['application', 'area', 'department', 'development', 'india', 'material', 'potential', 'purpose', 'resource', 'support', 'year']"
v0_023_multi_institutional_centres_on_materials_for_energy_conservation_and_storage_platform_mecsp___2017,Avlokita Agrawal,"['application', 'centre', 'concept', 'department', 'development', 'india', 'potential', 'resource', 'support', 'system']"
v0_023_multi_institutional_centres_on_materials_for_energy_conservation_and_storage_platform_mecsp___2017,Gaurav Raheja,"['application', 'area', 'concept', 'department', 'development', 'india', 'resource', 'support']"
v0_023_multi_institutional_centres_on_materials_for_energy_conservation_and_storage_platform_mecsp___2017,Harshit Sosan Lakra,[]
v0_023_multi_institutional_centres_on_materials_for_energy_conservation_and_storage_platform_mecsp___2017,Mahua Mukherjee,"['application', 'centre', 'department', 'development', 'india', 'material', 'product', 'purpose', 'support', 'system']"
v0_023_multi_institutional_centres_on_materials_for_energy_conservation_and_storage_platform_mecsp___2017,Prabhjot Singh Chani,"['application', 'department', 'development', 'efficiency', 'india', 'purpose', 'support']"
v0_023_multi_institutional_centres_on_materials_for_energy_conservation_and_storage_platform_mecsp___2017,E Rajasekar,"['area', 'material', 'resource', 'support', 'year']"
v0_023_multi_institutional_centres_on_materials_for_energy_conservation_and_storage_platform_mecsp___2017,Ram Sateesh Pasupuleti,"['application', 'area', 'centre', 'concept', 'material', 'potential', 'support', 'system', 'work', 'year']"
v0_023_multi_institutional_centres_on_materials_for_energy_conservation_and_storage_platform_mecsp___2017,Saptarshi Kolay,"['application', 'area', 'centre', 'development', 'material', 'product', 'purpose', 'resource', 'support', 'use', 'work', 'year']"
v0_023_multi_institutional_centres_on_materials_for_energy_conservation_and_storage_platform_mecsp___2017,Shubhajit Sadhukhan,"['application', 'area', 'centre', 'concept', 'department', 'development', 'material', 'potential', 'product', 'purpose', 'resource', 'support', 'use', 'work']"
v0_023_multi_institutional_centres_on_materials_for_energy_conservation_and_storage_platform_mecsp___2017,Smriti Saraswat,"['application', 'centre', 'department', 'development', 'india', 'potential', 'resource', 'use', 'work']"
v0_023_multi_institutional_centres_on_materials_for_energy_conservation_and_storage_platform_mecsp___2017,Sonal Atreya,"['application', 'area', 'centre', 'material', 'purpose', 'resource', 'support', 'system', 'use', 'work']"
v0_023_multi_institutional_centres_on_materials_for_energy_conservation_and_storage_platform_mecsp___2017,Tina Pujara,"['application', 'centre', 'concept', 'potential', 'system', 'use']"
v0_023_multi_institutional_centres_on_materials_for_energy_conservation_and_storage_platform_mecsp___2017,Uttam Kumar Roy,"['application', 'department', 'material', 'product', 'resource', 'support', 'work']"
v0_023_multi_institutional_centres_on_materials_for_energy_conservation_and_storage_platform_mecsp___2017,V Devadas,"['application', 'area', 'centre', 'department', 'development', 'resource', 'system', 'use', 'work', 'year']"
v0_023_multi_institutional_centres_on_materials_for_energy_conservation_and_storage_platform_mecsp___2017,Jaydev Dabas,"['application', 'area', 'efficiency', 'support', 'work']"
v0_023_multi_institutional_centres_on_materials_for_energy_conservation_and_storage_platform_mecsp___2017,Millie Pant,"['application', 'area', 'concept', 'department', 'development', 'efficiency', 'material', 'potential', 'support']"
v0_023_multi_institutional_centres_on_materials_for_energy_conservation_and_storage_platform_mecsp___2017,Rajan Arora,"['application', 'department', 'support', 'work']"
v0_023_multi_institutional_centres_on_materials_for_energy_conservation_and_storage_platform_mecsp___2017,Ashwani Kumar Sharma,"['area', 'department', 'development', 'india', 'material', 'potential', 'product', 'purpose', 'system']"
v0_023_multi_institutional_centres_on_materials_for_energy_conservation_and_storage_platform_mecsp___2017,Bijan Choudhury,"['application', 'area', 'centre', 'department', 'development', 'india', 'material', 'potential', 'product', 'work', 'year']"
v0_023_multi_institutional_centres_on_materials_for_energy_conservation_and_storage_platform_mecsp___2017,Debabrata Sircar,"['application', 'material', 'potential', 'product', 'purpose', 'resource', 'support', 'system']"
v0_023_multi_institutional_centres_on_materials_for_energy_conservation_and_storage_platform_mecsp___2017,Deepak Sharma,"['application', 'area', 'concept', 'department', 'material', 'product', 'resource']"
v0_023_multi_institutional_centres_on_materials_for_energy_conservation_and_storage_platform_mecsp___2017,P Gopinath,"['application', 'department', 'development', 'material', 'system', 'use']"
v0_023_multi_institutional_centres_on_materials_for_energy_conservation_and_storage_platform_mecsp___2017,Harsh Chauhan,"['application', 'area', 'centre', 'concept', 'department', 'development', 'india', 'potential', 'purpose', 'support', 'use', 'year']"
v0_023_multi_institutional_centres_on_materials_for_energy_conservation_and_storage_platform_mecsp___2017,Srinivas Kiran Ambatipudi,['potential']
v0_023_multi_institutional_centres_on_materials_for_energy_conservation_and_storage_platform_mecsp___2017,Krishna Mohan Poluri,"['area', 'centre', 'department', 'development', 'material', 'potential', 'resource', 'system', 'year']"
v0_023_multi_institutional_centres_on_materials_for_energy_conservation_and_storage_platform_mecsp___2017,Maya S.Nair,"['application', 'potential', 'product', 'purpose', 'resource', 'support', 'work']"
v0_023_multi_institutional_centres_on_materials_for_energy_conservation_and_storage_platform_mecsp___2017,N K Navani,"['concept', 'department', 'development', 'material', 'potential', 'purpose', 'support', 'use']"
v0_023_multi_institutional_centres_on_materials_for_energy_conservation_and_storage_platform_mecsp___2017,Partha Roy,"['application', 'area', 'centre', 'department', 'development', 'potential', 'support', 'year']"
v0_023_multi_institutional_centres_on_materials_for_energy_conservation_and_storage_platform_mecsp___2017,Poonam Choudhary,"['application', 'department', 'material', 'potential', 'product', 'resource', 'use', 'work']"
v0_023_multi_institutional_centres_on_materials_for_energy_conservation_and_storage_platform_mecsp___2017,Prabhat Kumar Mandal,"['application', 'centre', 'concept', 'department', 'development', 'potential', 'product', 'resource', 'system']"
v0_023_multi_institutional_centres_on_materials_for_energy_conservation_and_storage_platform_mecsp___2017,Pranita P Sarangi,"['area', 'material', 'purpose', 'resource', 'year']"
v0_023_multi_institutional_centres_on_materials_for_energy_conservation_and_storage_platform_mecsp___2017,Pravindra Kumar,"['application', 'area', 'department', 'development', 'potential', 'system', 'use']"
v0_023_multi_institutional_centres_on_materials_for_energy_conservation_and_storage_platform_mecsp___2017,Prince Tiwari,"['application', 'area', 'concept', 'department', 'efficiency', 'material', 'system', 'use']"
v0_023_multi_institutional_centres_on_materials_for_energy_conservation_and_storage_platform_mecsp___2017,R. P. Singh,"['application', 'area', 'department', 'development', 'material', 'potential', 'support', 'work', 'year']"
v0_023_multi_institutional_centres_on_materials_for_energy_conservation_and_storage_platform_mecsp___2017,Ramasare Prasad,"['application', 'area', 'centre', 'department', 'development', 'material', 'potential', 'product']"
v0_023_multi_institutional_centres_on_materials_for_energy_conservation_and_storage_platform_mecsp___2017,Ranjana Pathania,"['application', 'department', 'development', 'efficiency', 'material', 'potential', 'product']"
v0_023_multi_institutional_centres_on_materials_for_energy_conservation_and_storage_platform_mecsp___2017,Sanjoy Ghosh,"['application', 'concept', 'department', 'material', 'potential', 'product']"
v0_023_multi_institutional_centres_on_materials_for_energy_conservation_and_storage_platform_mecsp___2017,Saugata Hazra,"['centre', 'department', 'development', 'material', 'potential', 'resource', 'system']"
v0_023_multi_institutional_centres_on_materials_for_energy_conservation_and_storage_platform_mecsp___2017,Shailly Tomar,"['application', 'concept', 'department', 'development', 'material', 'potential', 'purpose', 'resource']"
v0_023_multi_institutional_centres_on_materials_for_energy_conservation_and_storage_platform_mecsp___2017,Shri Ram Yadav,"['application', 'centre', 'concept', 'department', 'potential', 'product', 'system', 'work']"
v0_023_multi_institutional_centres_on_materials_for_energy_conservation_and_storage_platform_mecsp___2017,Soma Rohatgi,"['application', 'area', 'development', 'efficiency', 'material', 'potential', 'resource', 'work']"
v0_023_multi_institutional_centres_on_materials_for_energy_conservation_and_storage_platform_mecsp___2017,Sachin Suresh Tiwari,"['application', 'area', 'centre', 'department', 'efficiency', 'india', 'potential', 'product', 'purpose', 'resource', 'use', 'work', 'year']"
v0_023_multi_institutional_centres_on_materials_for_energy_conservation_and_storage_platform_mecsp___2017,Jitin Singla,"['application', 'area', 'concept', 'support', 'work']"
v0_023_multi_institutional_centres_on_materials_for_energy_conservation_and_storage_platform_mecsp___2017,Rajesh Kumar,"['application', 'area', 'centre', 'department', 'development', 'efficiency', 'india', 'material', 'potential', 'product', 'purpose', 'resource', 'year']"
v0_023_multi_institutional_centres_on_materials_for_energy_conservation_and_storage_platform_mecsp___2017,Akhil Upadhyay,"['centre', 'concept', 'department', 'efficiency', 'purpose', 'resource']"
v0_024_interdisciplinary_cyber_physical_systems_icps_division_detailed_call_for_proposals_cfp_on_quantum_information_science_and_technology_qust_programme,Arindam Biswas,"['area', 'department', 'development', 'india']"
v0_024_interdisciplinary_cyber_physical_systems_icps_division_detailed_call_for_proposals_cfp_on_quantum_information_science_and_technology_qust_programme,Avlokita Agrawal,"['century', 'computer science', 'department', 'development', 'future', 'huge', 'impact', 'india', 'information system', 'system', 'theory']"
v0_024_interdisciplinary_cyber_physical_systems_icps_division_detailed_call_for_proposals_cfp_on_quantum_information_science_and_technology_qust_programme,Gaurav Raheja,"['area', 'department', 'development', 'future', 'india', 'information technology']"
v0_024_interdisciplinary_cyber_physical_systems_icps_division_detailed_call_for_proposals_cfp_on_quantum_information_science_and_technology_qust_programme,Harshit Sosan Lakra,[]
v0_024_interdisciplinary_cyber_physical_systems_icps_division_detailed_call_for_proposals_cfp_on_quantum_information_science_and_technology_qust_programme,Mahua Mukherjee,"['century', 'computer science', 'department', 'development', 'india', 'information system', 'information technology', 'system']"
v0_024_interdisciplinary_cyber_physical_systems_icps_division_detailed_call_for_proposals_cfp_on_quantum_information_science_and_technology_qust_programme,Prabhjot Singh Chani,"['century', 'computer science', 'department', 'development', 'india', 'information system', 'information technology']"
v0_024_interdisciplinary_cyber_physical_systems_icps_division_detailed_call_for_proposals_cfp_on_quantum_information_science_and_technology_qust_programme,E Rajasekar,"['area', 'computer science', 'future', 'impact', 'magnetic resonance', 'objective', 'theory']"
v0_024_interdisciplinary_cyber_physical_systems_icps_division_detailed_call_for_proposals_cfp_on_quantum_information_science_and_technology_qust_programme,Ram Sateesh Pasupuleti,"['area', 'computer science', 'future', 'information system', 'objective', 'system', 'theory']"
v0_024_interdisciplinary_cyber_physical_systems_icps_division_detailed_call_for_proposals_cfp_on_quantum_information_science_and_technology_qust_programme,Saptarshi Kolay,"['area', 'computer science', 'development', 'huge', 'information system', 'information technology', 'theory']"
v0_024_interdisciplinary_cyber_physical_systems_icps_division_detailed_call_for_proposals_cfp_on_quantum_information_science_and_technology_qust_programme,Shubhajit Sadhukhan,"['area', 'century', 'department', 'development', 'future', 'impact', 'information system', 'information technology', 'theory']"
v0_024_interdisciplinary_cyber_physical_systems_icps_division_detailed_call_for_proposals_cfp_on_quantum_information_science_and_technology_qust_programme,Smriti Saraswat,"['department', 'development', 'huge', 'india', 'theory']"
v0_024_interdisciplinary_cyber_physical_systems_icps_division_detailed_call_for_proposals_cfp_on_quantum_information_science_and_technology_qust_programme,Sonal Atreya,"['area', 'century', 'future', 'impact', 'information system', 'information technology', 'magnetic resonance', 'system', 'theory']"
v0_024_interdisciplinary_cyber_physical_systems_icps_division_detailed_call_for_proposals_cfp_on_quantum_information_science_and_technology_qust_programme,Tina Pujara,"['computer science', 'impact', 'information system', 'magnetic resonance', 'system']"
v0_024_interdisciplinary_cyber_physical_systems_icps_division_detailed_call_for_proposals_cfp_on_quantum_information_science_and_technology_qust_programme,Uttam Kumar Roy,"['department', 'information technology']"
v0_024_interdisciplinary_cyber_physical_systems_icps_division_detailed_call_for_proposals_cfp_on_quantum_information_science_and_technology_qust_programme,V Devadas,"['area', 'department', 'development', 'future', 'impact', 'information system', 'information technology', 'system', 'theory']"
v0_024_interdisciplinary_cyber_physical_systems_icps_division_detailed_call_for_proposals_cfp_on_quantum_information_science_and_technology_qust_programme,Jaydev Dabas,"['area', 'information system', 'information technology']"
v0_024_interdisciplinary_cyber_physical_systems_icps_division_detailed_call_for_proposals_cfp_on_quantum_information_science_and_technology_qust_programme,Millie Pant,"['area', 'century', 'computer science', 'department', 'development', 'information system', 'objective']"
v0_024_interdisciplinary_cyber_physical_systems_icps_division_detailed_call_for_proposals_cfp_on_quantum_information_science_and_technology_qust_programme,Rajan Arora,"['department', 'information system', 'information technology', 'magnetic resonance', 'theory']"
v0_024_interdisciplinary_cyber_physical_systems_icps_division_detailed_call_for_proposals_cfp_on_quantum_information_science_and_technology_qust_programme,Ashwani Kumar Sharma,"['area', 'department', 'development', 'future', 'india', 'magnetic resonance', 'system', 'theory']"
v0_024_interdisciplinary_cyber_physical_systems_icps_division_detailed_call_for_proposals_cfp_on_quantum_information_science_and_technology_qust_programme,Bijan Choudhury,"['area', 'computer science', 'department', 'development', 'impact', 'india', 'information system', 'information technology', 'magnetic resonance']"
v0_024_interdisciplinary_cyber_physical_systems_icps_division_detailed_call_for_proposals_cfp_on_quantum_information_science_and_technology_qust_programme,Debabrata Sircar,"['century', 'computer science', 'information system', 'objective', 'system']"
v0_024_interdisciplinary_cyber_physical_systems_icps_division_detailed_call_for_proposals_cfp_on_quantum_information_science_and_technology_qust_programme,Deepak Sharma,"['area', 'century', 'department', 'information system', 'objective', 'theory']"
v0_024_interdisciplinary_cyber_physical_systems_icps_division_detailed_call_for_proposals_cfp_on_quantum_information_science_and_technology_qust_programme,P Gopinath,"['department', 'development', 'huge', 'impact', 'information system', 'information technology', 'magnetic resonance', 'system']"
v0_024_interdisciplinary_cyber_physical_systems_icps_division_detailed_call_for_proposals_cfp_on_quantum_information_science_and_technology_qust_programme,Harsh Chauhan,"['area', 'century', 'department', 'development', 'india', 'information system', 'information technology']"
v0_024_interdisciplinary_cyber_physical_systems_icps_division_detailed_call_for_proposals_cfp_on_quantum_information_science_and_technology_qust_programme,Srinivas Kiran Ambatipudi,[]
v0_024_interdisciplinary_cyber_physical_systems_icps_division_detailed_call_for_proposals_cfp_on_quantum_information_science_and_technology_qust_programme,Krishna Mohan Poluri,"['area', 'department', 'development', 'information technology', 'magnetic resonance', 'system']"
v0_024_interdisciplinary_cyber_physical_systems_icps_division_detailed_call_for_proposals_cfp_on_quantum_information_science_and_technology_qust_programme,Maya S.Nair,"['computer science', 'future', 'impact', 'information system', 'magnetic resonance', 'theory']"
v0_024_interdisciplinary_cyber_physical_systems_icps_division_detailed_call_for_proposals_cfp_on_quantum_information_science_and_technology_qust_programme,N K Navani,"['computer science', 'department', 'development', 'magnetic resonance']"
v0_024_interdisciplinary_cyber_physical_systems_icps_division_detailed_call_for_proposals_cfp_on_quantum_information_science_and_technology_qust_programme,Partha Roy,"['area', 'computer science', 'department', 'development', 'impact', 'information system', 'information technology']"
v0_024_interdisciplinary_cyber_physical_systems_icps_division_detailed_call_for_proposals_cfp_on_quantum_information_science_and_technology_qust_programme,Poonam Choudhary,"['century', 'computer science', 'department', 'future', 'information system', 'information technology', 'magnetic resonance', 'objective', 'theory']"
v0_024_interdisciplinary_cyber_physical_systems_icps_division_detailed_call_for_proposals_cfp_on_quantum_information_science_and_technology_qust_programme,Prabhat Kumar Mandal,"['century', 'computer science', 'department', 'development', 'information system', 'magnetic resonance', 'objective', 'system']"
v0_024_interdisciplinary_cyber_physical_systems_icps_division_detailed_call_for_proposals_cfp_on_quantum_information_science_and_technology_qust_programme,Pranita P Sarangi,['area']
v0_024_interdisciplinary_cyber_physical_systems_icps_division_detailed_call_for_proposals_cfp_on_quantum_information_science_and_technology_qust_programme,Pravindra Kumar,"['area', 'department', 'development', 'future', 'magnetic resonance', 'system', 'theory']"
v0_024_interdisciplinary_cyber_physical_systems_icps_division_detailed_call_for_proposals_cfp_on_quantum_information_science_and_technology_qust_programme,Prince Tiwari,"['area', 'computer science', 'department', 'information system', 'magnetic resonance', 'system']"
v0_024_interdisciplinary_cyber_physical_systems_icps_division_detailed_call_for_proposals_cfp_on_quantum_information_science_and_technology_qust_programme,R. P. Singh,"['area', 'department', 'development', 'future', 'magnetic resonance', 'theory']"
v0_024_interdisciplinary_cyber_physical_systems_icps_division_detailed_call_for_proposals_cfp_on_quantum_information_science_and_technology_qust_programme,Ramasare Prasad,"['area', 'century', 'computer science', 'department', 'development', 'future', 'information system', 'information technology', 'magnetic resonance', 'theory']"
v0_024_interdisciplinary_cyber_physical_systems_icps_division_detailed_call_for_proposals_cfp_on_quantum_information_science_and_technology_qust_programme,Ranjana Pathania,"['computer science', 'department', 'development', 'magnetic resonance']"
v0_024_interdisciplinary_cyber_physical_systems_icps_division_detailed_call_for_proposals_cfp_on_quantum_information_science_and_technology_qust_programme,Sanjoy Ghosh,"['century', 'computer science', 'department', 'impact', 'information system', 'information technology', 'objective']"
v0_024_interdisciplinary_cyber_physical_systems_icps_division_detailed_call_for_proposals_cfp_on_quantum_information_science_and_technology_qust_programme,Saugata Hazra,"['century', 'computer science', 'department', 'development', 'information system', 'magnetic resonance', 'system']"
v0_024_interdisciplinary_cyber_physical_systems_icps_division_detailed_call_for_proposals_cfp_on_quantum_information_science_and_technology_qust_programme,Shailly Tomar,"['department', 'development']"
v0_024_interdisciplinary_cyber_physical_systems_icps_division_detailed_call_for_proposals_cfp_on_quantum_information_science_and_technology_qust_programme,Shri Ram Yadav,"['century', 'computer science', 'department', 'impact', 'information system', 'system']"
v0_024_interdisciplinary_cyber_physical_systems_icps_division_detailed_call_for_proposals_cfp_on_quantum_information_science_and_technology_qust_programme,Soma Rohatgi,"['area', 'computer science', 'development', 'impact', 'information system']"
v0_024_interdisciplinary_cyber_physical_systems_icps_division_detailed_call_for_proposals_cfp_on_quantum_information_science_and_technology_qust_programme,Sachin Suresh Tiwari,"['area', 'department', 'future', 'india', 'magnetic resonance', 'objective']"
v0_024_interdisciplinary_cyber_physical_systems_icps_division_detailed_call_for_proposals_cfp_on_quantum_information_science_and_technology_qust_programme,Jitin Singla,"['area', 'computer science', 'information system', 'information technology', 'magnetic resonance']"
v0_024_interdisciplinary_cyber_physical_systems_icps_division_detailed_call_for_proposals_cfp_on_quantum_information_science_and_technology_qust_programme,Rajesh Kumar,"['area', 'century', 'computer science', 'department', 'development', 'future', 'huge', 'india', 'information technology', 'magnetic resonance']"
v0_024_interdisciplinary_cyber_physical_systems_icps_division_detailed_call_for_proposals_cfp_on_quantum_information_science_and_technology_qust_programme,Akhil Upadhyay,"['century', 'computer science', 'department', 'magnetic resonance']"
v0_025_dst_daad_joint_call_2017_recommended_projects,Arindam Biswas,"['assistant professor', 'civil engineering', 'india', 'india prof', 'institute', 'professor', 'rural']"
v0_025_dst_daad_joint_call_2017_recommended_projects,Avlokita Agrawal,"['architecture', 'centre', 'india', 'institute', 'lab']"
v0_025_dst_daad_joint_call_2017_recommended_projects,Gaurav Raheja,"['architecture', 'assistant professor', 'civil engineering', 'india', 'india prof', 'institute', 'professor', 'rural']"
v0_025_dst_daad_joint_call_2017_recommended_projects,Harshit Sosan Lakra,"['assistant professor', 'professor']"
v0_025_dst_daad_joint_call_2017_recommended_projects,Mahua Mukherjee,"['applied science', 'architecture', 'assistant professor', 'centre', 'india', 'india prof', 'institute', 'professor']"
v0_025_dst_daad_joint_call_2017_recommended_projects,Prabhjot Singh Chani,"['applied science', 'assistant professor', 'india', 'institute', 'lab', 'professor']"
v0_025_dst_daad_joint_call_2017_recommended_projects,E Rajasekar,"['architecture', 'civil engineering', 'professor']"
v0_025_dst_daad_joint_call_2017_recommended_projects,Ram Sateesh Pasupuleti,"['architecture', 'assistant professor', 'centre', 'india prof', 'institute', 'professor']"
v0_025_dst_daad_joint_call_2017_recommended_projects,Saptarshi Kolay,"['applied science', 'centre', 'form', 'institute', 'lab', 'professor']"
v0_025_dst_daad_joint_call_2017_recommended_projects,Shubhajit Sadhukhan,"['centre', 'india prof', 'rural']"
v0_025_dst_daad_joint_call_2017_recommended_projects,Smriti Saraswat,"['architecture', 'assistant professor', 'centre', 'india', 'india prof', 'professor', 'rural']"
v0_025_dst_daad_joint_call_2017_recommended_projects,Sonal Atreya,"['applied science', 'architecture', 'centre', 'civil engineering', 'form', 'institute']"
v0_025_dst_daad_joint_call_2017_recommended_projects,Tina Pujara,"['applied science', 'assistant professor', 'centre']"
v0_025_dst_daad_joint_call_2017_recommended_projects,Uttam Kumar Roy,"['applied science', 'architecture', 'professor', 'rural']"
v0_025_dst_daad_joint_call_2017_recommended_projects,V Devadas,"['applied science', 'centre', 'form', 'professor']"
v0_025_dst_daad_joint_call_2017_recommended_projects,Jaydev Dabas,"['applied science', 'form', 'institute', 'lab']"
v0_025_dst_daad_joint_call_2017_recommended_projects,Millie Pant,"['applied science', 'assistant professor', 'professor']"
v0_025_dst_daad_joint_call_2017_recommended_projects,Rajan Arora,"['applied science', 'form']"
v0_025_dst_daad_joint_call_2017_recommended_projects,Ashwani Kumar Sharma,"['assistant professor', 'india', 'lab', 'professor']"
v0_025_dst_daad_joint_call_2017_recommended_projects,Bijan Choudhury,"['assistant professor', 'centre', 'civil engineering', 'india', 'india prof', 'institute']"
v0_025_dst_daad_joint_call_2017_recommended_projects,Debabrata Sircar,"['applied science', 'institute']"
v0_025_dst_daad_joint_call_2017_recommended_projects,Deepak Sharma,"['assistant professor', 'india prof', 'institute']"
v0_025_dst_daad_joint_call_2017_recommended_projects,P Gopinath,['assistant professor']
v0_025_dst_daad_joint_call_2017_recommended_projects,Harsh Chauhan,"['centre', 'india', 'institute', 'professor']"
v0_025_dst_daad_joint_call_2017_recommended_projects,Srinivas Kiran Ambatipudi,['lab']
v0_025_dst_daad_joint_call_2017_recommended_projects,Krishna Mohan Poluri,"['architecture', 'assistant professor', 'centre', 'professor']"
v0_025_dst_daad_joint_call_2017_recommended_projects,Maya S.Nair,"['applied science', 'form', 'lab']"
v0_025_dst_daad_joint_call_2017_recommended_projects,N K Navani,"['lab', 'professor']"
v0_025_dst_daad_joint_call_2017_recommended_projects,Partha Roy,"['applied science', 'centre', 'india prof', 'institute']"
v0_025_dst_daad_joint_call_2017_recommended_projects,Poonam Choudhary,"['civil engineering', 'lab', 'professor']"
v0_025_dst_daad_joint_call_2017_recommended_projects,Prabhat Kumar Mandal,"['applied science', 'centre', 'civil engineering']"
v0_025_dst_daad_joint_call_2017_recommended_projects,Pranita P Sarangi,"['assistant professor', 'institute', 'professor']"
v0_025_dst_daad_joint_call_2017_recommended_projects,Pravindra Kumar,"['assistant professor', 'india prof', 'professor', 'rural']"
v0_025_dst_daad_joint_call_2017_recommended_projects,Prince Tiwari,"['assistant professor', 'civil engineering', 'india prof', 'institute', 'professor', 'rural']"
v0_025_dst_daad_joint_call_2017_recommended_projects,R. P. Singh,"['assistant professor', 'civil engineering', 'form', 'institute', 'professor']"
v0_025_dst_daad_joint_call_2017_recommended_projects,Ramasare Prasad,"['applied science', 'architecture', 'centre', 'institute']"
v0_025_dst_daad_joint_call_2017_recommended_projects,Ranjana Pathania,"['assistant professor', 'india prof', 'institute']"
v0_025_dst_daad_joint_call_2017_recommended_projects,Sanjoy Ghosh,"['applied science', 'architecture', 'civil engineering', 'india prof']"
v0_025_dst_daad_joint_call_2017_recommended_projects,Saugata Hazra,"['assistant professor', 'centre']"
v0_025_dst_daad_joint_call_2017_recommended_projects,Shailly Tomar,"['assistant professor', 'professor']"
v0_025_dst_daad_joint_call_2017_recommended_projects,Shri Ram Yadav,"['architecture', 'centre', 'form', 'institute']"
v0_025_dst_daad_joint_call_2017_recommended_projects,Soma Rohatgi,"['applied science', 'architecture', 'india prof', 'professor']"
v0_025_dst_daad_joint_call_2017_recommended_projects,Sachin Suresh Tiwari,"['centre', 'civil engineering', 'form', 'india', 'india prof', 'professor']"
v0_025_dst_daad_joint_call_2017_recommended_projects,Jitin Singla,"['assistant professor', 'india prof']"
v0_025_dst_daad_joint_call_2017_recommended_projects,Rajesh Kumar,"['architecture', 'assistant professor', 'centre', 'india', 'india prof', 'institute', 'professor']"
v0_025_dst_daad_joint_call_2017_recommended_projects,Akhil Upadhyay,"['architecture', 'assistant professor', 'centre', 'civil engineering', 'india prof', 'professor']"
v0_026_3rd_information__networking_event_eu_india_call_on_water,Arindam Biswas,"['building', 'challenge', 'department', 'event', 'india', 'need', 'opportunity', 'place', 'potential', 'role', 'support']"
v0_026_3rd_information__networking_event_eu_india_call_on_water,Avlokita Agrawal,"['building', 'department', 'india', 'lab', 'need', 'place', 'potential', 'support']"
v0_026_3rd_information__networking_event_eu_india_call_on_water,Gaurav Raheja,"['challenge', 'department', 'event', 'india', 'need', 'place', 'support']"
v0_026_3rd_information__networking_event_eu_india_call_on_water,Harshit Sosan Lakra,[]
v0_026_3rd_information__networking_event_eu_india_call_on_water,Mahua Mukherjee,"['building', 'department', 'event', 'india', 'opportunity', 'place', 'support']"
v0_026_3rd_information__networking_event_eu_india_call_on_water,Prabhjot Singh Chani,"['challenge', 'department', 'india', 'lab', 'place', 'support']"
v0_026_3rd_information__networking_event_eu_india_call_on_water,E Rajasekar,"['building', 'place', 'role', 'support']"
v0_026_3rd_information__networking_event_eu_india_call_on_water,Ram Sateesh Pasupuleti,"['challenge', 'opportunity', 'potential', 'role', 'support', 'work']"
v0_026_3rd_information__networking_event_eu_india_call_on_water,Saptarshi Kolay,"['building', 'challenge', 'lab', 'opportunity', 'role', 'support', 'work']"
v0_026_3rd_information__networking_event_eu_india_call_on_water,Shubhajit Sadhukhan,"['department', 'opportunity', 'potential', 'role', 'support', 'work']"
v0_026_3rd_information__networking_event_eu_india_call_on_water,Smriti Saraswat,"['building', 'department', 'event', 'india', 'potential', 'work']"
v0_026_3rd_information__networking_event_eu_india_call_on_water,Sonal Atreya,"['challenge', 'event', 'place', 'role', 'support', 'work']"
v0_026_3rd_information__networking_event_eu_india_call_on_water,Tina Pujara,"['place', 'potential']"
v0_026_3rd_information__networking_event_eu_india_call_on_water,Uttam Kumar Roy,"['building', 'department', 'opportunity', 'role', 'support', 'work']"
v0_026_3rd_information__networking_event_eu_india_call_on_water,V Devadas,"['department', 'opportunity', 'place', 'work']"
v0_026_3rd_information__networking_event_eu_india_call_on_water,Jaydev Dabas,"['lab', 'place', 'role', 'support', 'work']"
v0_026_3rd_information__networking_event_eu_india_call_on_water,Millie Pant,"['department', 'event', 'place', 'potential', 'support']"
v0_026_3rd_information__networking_event_eu_india_call_on_water,Rajan Arora,"['department', 'event', 'place', 'support', 'work']"
v0_026_3rd_information__networking_event_eu_india_call_on_water,Ashwani Kumar Sharma,"['department', 'event', 'india', 'lab', 'place', 'potential', 'role']"
v0_026_3rd_information__networking_event_eu_india_call_on_water,Bijan Choudhury,"['department', 'event', 'india', 'opportunity', 'potential', 'role', 'work']"
v0_026_3rd_information__networking_event_eu_india_call_on_water,Debabrata Sircar,"['opportunity', 'place', 'potential', 'support']"
v0_026_3rd_information__networking_event_eu_india_call_on_water,Deepak Sharma,"['challenge', 'department']"
v0_026_3rd_information__networking_event_eu_india_call_on_water,P Gopinath,"['challenge', 'department', 'event', 'place']"
v0_026_3rd_information__networking_event_eu_india_call_on_water,Harsh Chauhan,"['department', 'event', 'india', 'need', 'opportunity', 'place', 'potential', 'role', 'support']"
v0_026_3rd_information__networking_event_eu_india_call_on_water,Srinivas Kiran Ambatipudi,"['lab', 'place', 'potential']"
v0_026_3rd_information__networking_event_eu_india_call_on_water,Krishna Mohan Poluri,"['department', 'event', 'need', 'potential']"
v0_026_3rd_information__networking_event_eu_india_call_on_water,Maya S.Nair,"['challenge', 'lab', 'need', 'opportunity', 'place', 'potential', 'support', 'work']"
v0_026_3rd_information__networking_event_eu_india_call_on_water,N K Navani,"['department', 'event', 'lab', 'place', 'potential', 'role', 'support']"
v0_026_3rd_information__networking_event_eu_india_call_on_water,Partha Roy,"['challenge', 'department', 'event', 'place', 'potential', 'role', 'support']"
v0_026_3rd_information__networking_event_eu_india_call_on_water,Poonam Choudhary,"['challenge', 'department', 'lab', 'opportunity', 'place', 'potential', 'work']"
v0_026_3rd_information__networking_event_eu_india_call_on_water,Prabhat Kumar Mandal,"['challenge', 'department', 'event', 'place', 'potential']"
v0_026_3rd_information__networking_event_eu_india_call_on_water,Pranita P Sarangi,['role']
v0_026_3rd_information__networking_event_eu_india_call_on_water,Pravindra Kumar,"['department', 'event', 'place', 'potential', 'role']"
v0_026_3rd_information__networking_event_eu_india_call_on_water,Prince Tiwari,"['challenge', 'department', 'role']"
v0_026_3rd_information__networking_event_eu_india_call_on_water,R. P. Singh,"['department', 'event', 'opportunity', 'potential', 'support', 'work']"
v0_026_3rd_information__networking_event_eu_india_call_on_water,Ramasare Prasad,"['department', 'event', 'potential']"
v0_026_3rd_information__networking_event_eu_india_call_on_water,Ranjana Pathania,"['department', 'event', 'place', 'potential']"
v0_026_3rd_information__networking_event_eu_india_call_on_water,Sanjoy Ghosh,"['challenge', 'department', 'need', 'potential']"
v0_026_3rd_information__networking_event_eu_india_call_on_water,Saugata Hazra,"['department', 'opportunity', 'potential']"
v0_026_3rd_information__networking_event_eu_india_call_on_water,Shailly Tomar,"['department', 'event', 'place', 'potential']"
v0_026_3rd_information__networking_event_eu_india_call_on_water,Shri Ram Yadav,"['department', 'potential', 'work']"
v0_026_3rd_information__networking_event_eu_india_call_on_water,Soma Rohatgi,"['need', 'place', 'potential', 'work']"
v0_026_3rd_information__networking_event_eu_india_call_on_water,Sachin Suresh Tiwari,"['challenge', 'department', 'india', 'need', 'opportunity', 'place', 'potential', 'role', 'work']"
v0_026_3rd_information__networking_event_eu_india_call_on_water,Jitin Singla,"['place', 'support', 'work']"
v0_026_3rd_information__networking_event_eu_india_call_on_water,Rajesh Kumar,"['department', 'event', 'india', 'potential']"
v0_026_3rd_information__networking_event_eu_india_call_on_water,Akhil Upadhyay,"['building', 'challenge', 'department', 'event']"
v0_027_4th_information__networking_event_eu_india_call_on_water,Arindam Biswas,"['building', 'challenge', 'department', 'event', 'india', 'need', 'opportunity', 'potential', 'role', 'support']"
v0_027_4th_information__networking_event_eu_india_call_on_water,Avlokita Agrawal,"['building', 'department', 'india', 'lab', 'need', 'potential', 'support']"
v0_027_4th_information__networking_event_eu_india_call_on_water,Gaurav Raheja,"['challenge', 'department', 'event', 'india', 'need', 'support']"
v0_027_4th_information__networking_event_eu_india_call_on_water,Harshit Sosan Lakra,[]
v0_027_4th_information__networking_event_eu_india_call_on_water,Mahua Mukherjee,"['building', 'department', 'event', 'india', 'opportunity', 'support']"
v0_027_4th_information__networking_event_eu_india_call_on_water,Prabhjot Singh Chani,"['challenge', 'department', 'india', 'lab', 'support']"
v0_027_4th_information__networking_event_eu_india_call_on_water,E Rajasekar,"['building', 'role', 'support']"
v0_027_4th_information__networking_event_eu_india_call_on_water,Ram Sateesh Pasupuleti,"['challenge', 'opportunity', 'potential', 'role', 'support', 'work']"
v0_027_4th_information__networking_event_eu_india_call_on_water,Saptarshi Kolay,"['building', 'challenge', 'lab', 'opportunity', 'role', 'support', 'work']"
v0_027_4th_information__networking_event_eu_india_call_on_water,Shubhajit Sadhukhan,"['department', 'opportunity', 'potential', 'role', 'support', 'work']"
v0_027_4th_information__networking_event_eu_india_call_on_water,Smriti Saraswat,"['building', 'department', 'event', 'india', 'potential', 'work']"
v0_027_4th_information__networking_event_eu_india_call_on_water,Sonal Atreya,"['challenge', 'event', 'role', 'support', 'work']"
v0_027_4th_information__networking_event_eu_india_call_on_water,Tina Pujara,['potential']
v0_027_4th_information__networking_event_eu_india_call_on_water,Uttam Kumar Roy,"['building', 'department', 'opportunity', 'role', 'support', 'work']"
v0_027_4th_information__networking_event_eu_india_call_on_water,V Devadas,"['department', 'opportunity', 'work']"
v0_027_4th_information__networking_event_eu_india_call_on_water,Jaydev Dabas,"['lab', 'role', 'support', 'work']"
v0_027_4th_information__networking_event_eu_india_call_on_water,Millie Pant,"['department', 'event', 'potential', 'support']"
v0_027_4th_information__networking_event_eu_india_call_on_water,Rajan Arora,"['department', 'event', 'support', 'work']"
v0_027_4th_information__networking_event_eu_india_call_on_water,Ashwani Kumar Sharma,"['department', 'event', 'india', 'lab', 'potential', 'role']"
v0_027_4th_information__networking_event_eu_india_call_on_water,Bijan Choudhury,"['department', 'event', 'india', 'opportunity', 'potential', 'role', 'work']"
v0_027_4th_information__networking_event_eu_india_call_on_water,Debabrata Sircar,"['opportunity', 'potential', 'support']"
v0_027_4th_information__networking_event_eu_india_call_on_water,Deepak Sharma,"['challenge', 'department']"
v0_027_4th_information__networking_event_eu_india_call_on_water,P Gopinath,"['challenge', 'department', 'event']"
v0_027_4th_information__networking_event_eu_india_call_on_water,Harsh Chauhan,"['department', 'event', 'india', 'need', 'opportunity', 'potential', 'role', 'support']"
v0_027_4th_information__networking_event_eu_india_call_on_water,Srinivas Kiran Ambatipudi,"['lab', 'potential']"
v0_027_4th_information__networking_event_eu_india_call_on_water,Krishna Mohan Poluri,"['department', 'event', 'need', 'potential']"
v0_027_4th_information__networking_event_eu_india_call_on_water,Maya S.Nair,"['challenge', 'lab', 'need', 'opportunity', 'potential', 'support', 'work']"
v0_027_4th_information__networking_event_eu_india_call_on_water,N K Navani,"['department', 'event', 'lab', 'potential', 'role', 'support']"
v0_027_4th_information__networking_event_eu_india_call_on_water,Partha Roy,"['challenge', 'department', 'event', 'potential', 'role', 'support']"
v0_027_4th_information__networking_event_eu_india_call_on_water,Poonam Choudhary,"['challenge', 'department', 'lab', 'opportunity', 'potential', 'work']"
v0_027_4th_information__networking_event_eu_india_call_on_water,Prabhat Kumar Mandal,"['challenge', 'department', 'event', 'potential']"
v0_027_4th_information__networking_event_eu_india_call_on_water,Pranita P Sarangi,['role']
v0_027_4th_information__networking_event_eu_india_call_on_water,Pravindra Kumar,"['department', 'event', 'potential', 'role']"
v0_027_4th_information__networking_event_eu_india_call_on_water,Prince Tiwari,"['challenge', 'department', 'role']"
v0_027_4th_information__networking_event_eu_india_call_on_water,R. P. Singh,"['department', 'event', 'opportunity', 'potential', 'support', 'work']"
v0_027_4th_information__networking_event_eu_india_call_on_water,Ramasare Prasad,"['department', 'event', 'potential']"
v0_027_4th_information__networking_event_eu_india_call_on_water,Ranjana Pathania,"['department', 'event', 'potential']"
v0_027_4th_information__networking_event_eu_india_call_on_water,Sanjoy Ghosh,"['challenge', 'department', 'need', 'potential']"
v0_027_4th_information__networking_event_eu_india_call_on_water,Saugata Hazra,"['department', 'opportunity', 'potential']"
v0_027_4th_information__networking_event_eu_india_call_on_water,Shailly Tomar,"['department', 'event', 'potential']"
v0_027_4th_information__networking_event_eu_india_call_on_water,Shri Ram Yadav,"['department', 'potential', 'work']"
v0_027_4th_information__networking_event_eu_india_call_on_water,Soma Rohatgi,"['need', 'potential', 'work']"
v0_027_4th_information__networking_event_eu_india_call_on_water,Sachin Suresh Tiwari,"['challenge', 'department', 'india', 'need', 'opportunity', 'potential', 'role', 'work']"
v0_027_4th_information__networking_event_eu_india_call_on_water,Jitin Singla,"['support', 'work']"
v0_027_4th_information__networking_event_eu_india_call_on_water,Rajesh Kumar,"['department', 'event', 'india', 'potential']"
v0_027_4th_information__networking_event_eu_india_call_on_water,Akhil Upadhyay,"['building', 'challenge', 'department', 'event']"
v0_028_funding_opportunity_announcement_foa_off_grid_access_to_electricity,Arindam Biswas,"['application', 'challenge', 'condition', 'country', 'development', 'increase', 'india', 'opportunity', 'potential', 'priority', 'purpose', 'support']"
v0_028_funding_opportunity_announcement_foa_off_grid_access_to_electricity,Avlokita Agrawal,"['application', 'condition', 'country', 'development', 'increase', 'india', 'model', 'potential', 'solution', 'support', 'system']"
v0_028_funding_opportunity_announcement_foa_off_grid_access_to_electricity,Gaurav Raheja,"['alternative', 'application', 'challenge', 'development', 'india', 'solution', 'support']"
v0_028_funding_opportunity_announcement_foa_off_grid_access_to_electricity,Harshit Sosan Lakra,[]
v0_028_funding_opportunity_announcement_foa_off_grid_access_to_electricity,Mahua Mukherjee,"['alternative', 'application', 'condition', 'development', 'increase', 'india', 'level', 'opportunity', 'priority', 'purpose', 'solution', 'support', 'system']"
v0_028_funding_opportunity_announcement_foa_off_grid_access_to_electricity,Prabhjot Singh Chani,"['alternative', 'application', 'challenge', 'condition', 'country', 'development', 'increase', 'india', 'priority', 'purpose', 'solution', 'support']"
v0_028_funding_opportunity_announcement_foa_off_grid_access_to_electricity,E Rajasekar,"['alternative', 'condition', 'country', 'increase', 'objective', 'priority', 'solution', 'support']"
v0_028_funding_opportunity_announcement_foa_off_grid_access_to_electricity,Ram Sateesh Pasupuleti,"['application', 'challenge', 'condition', 'cost effectiveness', 'increase', 'objective', 'opportunity', 'potential', 'priority', 'solution', 'support', 'system']"
v0_028_funding_opportunity_announcement_foa_off_grid_access_to_electricity,Saptarshi Kolay,"['alternative', 'application', 'challenge', 'condition', 'cost effectiveness', 'development', 'increase', 'opportunity', 'priority', 'purpose', 'support']"
v0_028_funding_opportunity_announcement_foa_off_grid_access_to_electricity,Shubhajit Sadhukhan,"['application', 'condition', 'country', 'development', 'level', 'opportunity', 'potential', 'priority', 'purpose', 'support']"
v0_028_funding_opportunity_announcement_foa_off_grid_access_to_electricity,Smriti Saraswat,"['application', 'condition', 'cost effectiveness', 'development', 'increase', 'india', 'level', 'potential', 'priority', 'solution']"
v0_028_funding_opportunity_announcement_foa_off_grid_access_to_electricity,Sonal Atreya,"['alternative', 'application', 'challenge', 'condition', 'country', 'priority', 'purpose', 'solution', 'support', 'system']"
v0_028_funding_opportunity_announcement_foa_off_grid_access_to_electricity,Tina Pujara,"['alternative', 'application', 'condition', 'model', 'potential', 'solution', 'system']"
v0_028_funding_opportunity_announcement_foa_off_grid_access_to_electricity,Uttam Kumar Roy,"['application', 'condition', 'increase', 'opportunity', 'priority', 'support']"
v0_028_funding_opportunity_announcement_foa_off_grid_access_to_electricity,V Devadas,"['application', 'condition', 'development', 'increase', 'opportunity', 'solution', 'system']"
v0_028_funding_opportunity_announcement_foa_off_grid_access_to_electricity,Jaydev Dabas,"['alternative', 'application', 'condition', 'solution', 'support']"
v0_028_funding_opportunity_announcement_foa_off_grid_access_to_electricity,Millie Pant,"['alternative', 'application', 'cost effectiveness', 'development', 'objective', 'potential', 'support']"
v0_028_funding_opportunity_announcement_foa_off_grid_access_to_electricity,Rajan Arora,"['alternative', 'application', 'condition', 'country', 'model', 'solution', 'support']"
v0_028_funding_opportunity_announcement_foa_off_grid_access_to_electricity,Ashwani Kumar Sharma,"['alternative', 'development', 'increase', 'india', 'potential', 'purpose', 'system']"
v0_028_funding_opportunity_announcement_foa_off_grid_access_to_electricity,Bijan Choudhury,"['application', 'condition', 'development', 'increase', 'india', 'model', 'opportunity', 'potential', 'priority', 'solution']"
v0_028_funding_opportunity_announcement_foa_off_grid_access_to_electricity,Debabrata Sircar,"['alternative', 'application', 'condition', 'country', 'increase', 'objective', 'opportunity', 'potential', 'priority', 'purpose', 'support', 'system']"
v0_028_funding_opportunity_announcement_foa_off_grid_access_to_electricity,Deepak Sharma,"['application', 'challenge', 'condition', 'cost effectiveness', 'country', 'increase', 'model', 'objective', 'solution']"
v0_028_funding_opportunity_announcement_foa_off_grid_access_to_electricity,P Gopinath,"['application', 'challenge', 'condition', 'cost effectiveness', 'development', 'system']"
v0_028_funding_opportunity_announcement_foa_off_grid_access_to_electricity,Harsh Chauhan,"['alternative', 'application', 'condition', 'country', 'development', 'india', 'opportunity', 'potential', 'purpose', 'support']"
v0_028_funding_opportunity_announcement_foa_off_grid_access_to_electricity,Srinivas Kiran Ambatipudi,['potential']
v0_028_funding_opportunity_announcement_foa_off_grid_access_to_electricity,Krishna Mohan Poluri,"['alternative', 'development', 'potential', 'system']"
v0_028_funding_opportunity_announcement_foa_off_grid_access_to_electricity,Maya S.Nair,"['alternative', 'application', 'challenge', 'condition', 'country', 'opportunity', 'potential', 'priority', 'purpose', 'support']"
v0_028_funding_opportunity_announcement_foa_off_grid_access_to_electricity,N K Navani,"['alternative', 'condition', 'cost effectiveness', 'development', 'increase', 'potential', 'purpose', 'support']"
v0_028_funding_opportunity_announcement_foa_off_grid_access_to_electricity,Partha Roy,"['alternative', 'application', 'challenge', 'condition', 'development', 'increase', 'potential', 'priority', 'solution', 'support']"
v0_028_funding_opportunity_announcement_foa_off_grid_access_to_electricity,Poonam Choudhary,"['application', 'challenge', 'condition', 'cost effectiveness', 'objective', 'opportunity', 'potential', 'priority', 'solution']"
v0_028_funding_opportunity_announcement_foa_off_grid_access_to_electricity,Prabhat Kumar Mandal,"['alternative', 'application', 'challenge', 'condition', 'development', 'level', 'objective', 'potential', 'solution', 'system']"
v0_028_funding_opportunity_announcement_foa_off_grid_access_to_electricity,Pranita P Sarangi,"['increase', 'purpose']"
v0_028_funding_opportunity_announcement_foa_off_grid_access_to_electricity,Pravindra Kumar,"['application', 'development', 'model', 'potential', 'solution', 'system']"
v0_028_funding_opportunity_announcement_foa_off_grid_access_to_electricity,Prince Tiwari,"['application', 'challenge', 'condition', 'cost effectiveness', 'model', 'priority', 'system']"
v0_028_funding_opportunity_announcement_foa_off_grid_access_to_electricity,R. P. Singh,"['alternative', 'application', 'condition', 'cost effectiveness', 'development', 'increase', 'level', 'opportunity', 'potential', 'priority', 'support']"
v0_028_funding_opportunity_announcement_foa_off_grid_access_to_electricity,Ramasare Prasad,"['alternative', 'application', 'cost effectiveness', 'country', 'development', 'potential', 'priority', 'solution']"
v0_028_funding_opportunity_announcement_foa_off_grid_access_to_electricity,Ranjana Pathania,"['alternative', 'application', 'cost effectiveness', 'development', 'increase', 'level', 'potential', 'solution']"
v0_028_funding_opportunity_announcement_foa_off_grid_access_to_electricity,Sanjoy Ghosh,"['alternative', 'application', 'challenge', 'condition', 'cost effectiveness', 'country', 'increase', 'level', 'objective', 'potential', 'solution']"
v0_028_funding_opportunity_announcement_foa_off_grid_access_to_electricity,Saugata Hazra,"['alternative', 'condition', 'development', 'level', 'opportunity', 'potential', 'system']"
v0_028_funding_opportunity_announcement_foa_off_grid_access_to_electricity,Shailly Tomar,"['alternative', 'application', 'condition', 'development', 'potential', 'purpose', 'solution']"
v0_028_funding_opportunity_announcement_foa_off_grid_access_to_electricity,Shri Ram Yadav,"['alternative', 'application', 'condition', 'potential', 'system']"
v0_028_funding_opportunity_announcement_foa_off_grid_access_to_electricity,Soma Rohatgi,"['alternative', 'application', 'condition', 'cost effectiveness', 'development', 'increase', 'potential']"
v0_028_funding_opportunity_announcement_foa_off_grid_access_to_electricity,Sachin Suresh Tiwari,"['alternative', 'application', 'challenge', 'condition', 'cost effectiveness', 'country', 'increase', 'india', 'objective', 'opportunity', 'potential', 'purpose', 'solution']"
v0_028_funding_opportunity_announcement_foa_off_grid_access_to_electricity,Jitin Singla,"['alternative', 'application', 'condition', 'cost effectiveness', 'solution', 'support']"
v0_028_funding_opportunity_announcement_foa_off_grid_access_to_electricity,Rajesh Kumar,"['alternative', 'application', 'condition', 'cost effectiveness', 'development', 'increase', 'india', 'potential', 'priority', 'purpose', 'solution']"
v0_028_funding_opportunity_announcement_foa_off_grid_access_to_electricity,Akhil Upadhyay,"['alternative', 'challenge', 'condition', 'cost effectiveness', 'country', 'purpose', 'solution']"
v0_029_date_extended_upto_18th_january_2018_for_2017_brics_call_for_proposals_for_brics_multilateral_rd_projects,Arindam Biswas,"['area', 'country', 'department', 'development', 'disaster', 'foundation', 'india', 'material', 'priority', 'resource', 'support']"
v0_029_date_extended_upto_18th_january_2018_for_2017_brics_call_for_proposals_for_brics_multilateral_rd_projects,Avlokita Agrawal,"['country', 'department', 'development', 'foundation', 'india', 'major', 'resource', 'support']"
v0_029_date_extended_upto_18th_january_2018_for_2017_brics_call_for_proposals_for_brics_multilateral_rd_projects,Gaurav Raheja,"['area', 'department', 'development', 'foundation', 'india', 'information technology', 'resource', 'support']"
v0_029_date_extended_upto_18th_january_2018_for_2017_brics_call_for_proposals_for_brics_multilateral_rd_projects,Harshit Sosan Lakra,[]
v0_029_date_extended_upto_18th_january_2018_for_2017_brics_call_for_proposals_for_brics_multilateral_rd_projects,Mahua Mukherjee,"['department', 'development', 'disaster', 'foundation', 'india', 'information technology', 'material', 'priority', 'support']"
v0_029_date_extended_upto_18th_january_2018_for_2017_brics_call_for_proposals_for_brics_multilateral_rd_projects,Prabhjot Singh Chani,"['country', 'department', 'development', 'disaster', 'efficiency', 'india', 'information technology', 'major', 'priority', 'support']"
v0_029_date_extended_upto_18th_january_2018_for_2017_brics_call_for_proposals_for_brics_multilateral_rd_projects,E Rajasekar,"['area', 'country', 'disaster', 'foundation', 'major', 'material', 'priority', 'resource', 'support']"
v0_029_date_extended_upto_18th_january_2018_for_2017_brics_call_for_proposals_for_brics_multilateral_rd_projects,Ram Sateesh Pasupuleti,"['area', 'disaster', 'foundation', 'major', 'material', 'priority', 'support']"
v0_029_date_extended_upto_18th_january_2018_for_2017_brics_call_for_proposals_for_brics_multilateral_rd_projects,Saptarshi Kolay,"['area', 'development', 'disaster', 'foundation', 'information technology', 'material', 'priority', 'resource', 'support']"
v0_029_date_extended_upto_18th_january_2018_for_2017_brics_call_for_proposals_for_brics_multilateral_rd_projects,Shubhajit Sadhukhan,"['area', 'country', 'department', 'development', 'foundation', 'information technology', 'material', 'priority', 'resource', 'support']"
v0_029_date_extended_upto_18th_january_2018_for_2017_brics_call_for_proposals_for_brics_multilateral_rd_projects,Smriti Saraswat,"['department', 'development', 'foundation', 'india', 'priority', 'resource']"
v0_029_date_extended_upto_18th_january_2018_for_2017_brics_call_for_proposals_for_brics_multilateral_rd_projects,Sonal Atreya,"['area', 'country', 'disaster', 'foundation', 'information technology', 'major', 'material', 'priority', 'resource', 'support']"
v0_029_date_extended_upto_18th_january_2018_for_2017_brics_call_for_proposals_for_brics_multilateral_rd_projects,Tina Pujara,"['disaster', 'foundation', 'major']"
v0_029_date_extended_upto_18th_january_2018_for_2017_brics_call_for_proposals_for_brics_multilateral_rd_projects,Uttam Kumar Roy,"['department', 'foundation', 'information technology', 'major', 'material', 'priority', 'resource', 'support']"
v0_029_date_extended_upto_18th_january_2018_for_2017_brics_call_for_proposals_for_brics_multilateral_rd_projects,V Devadas,"['area', 'department', 'development', 'disaster', 'foundation', 'information technology', 'resource']"
v0_029_date_extended_upto_18th_january_2018_for_2017_brics_call_for_proposals_for_brics_multilateral_rd_projects,Jaydev Dabas,"['area', 'efficiency', 'foundation', 'information technology', 'major', 'support']"
v0_029_date_extended_upto_18th_january_2018_for_2017_brics_call_for_proposals_for_brics_multilateral_rd_projects,Millie Pant,"['area', 'department', 'development', 'efficiency', 'foundation', 'material', 'support']"
v0_029_date_extended_upto_18th_january_2018_for_2017_brics_call_for_proposals_for_brics_multilateral_rd_projects,Rajan Arora,"['country', 'department', 'foundation', 'information technology', 'major', 'support']"
v0_029_date_extended_upto_18th_january_2018_for_2017_brics_call_for_proposals_for_brics_multilateral_rd_projects,Ashwani Kumar Sharma,"['area', 'department', 'development', 'disaster', 'foundation', 'india', 'major', 'material']"
v0_029_date_extended_upto_18th_january_2018_for_2017_brics_call_for_proposals_for_brics_multilateral_rd_projects,Bijan Choudhury,"['area', 'department', 'development', 'disaster', 'foundation', 'india', 'information technology', 'material', 'priority']"
v0_029_date_extended_upto_18th_january_2018_for_2017_brics_call_for_proposals_for_brics_multilateral_rd_projects,Debabrata Sircar,"['country', 'disaster', 'foundation', 'material', 'priority', 'resource', 'support']"
v0_029_date_extended_upto_18th_january_2018_for_2017_brics_call_for_proposals_for_brics_multilateral_rd_projects,Deepak Sharma,"['area', 'country', 'department', 'disaster', 'foundation', 'major', 'material', 'resource']"
v0_029_date_extended_upto_18th_january_2018_for_2017_brics_call_for_proposals_for_brics_multilateral_rd_projects,P Gopinath,"['department', 'development', 'information technology', 'material']"
v0_029_date_extended_upto_18th_january_2018_for_2017_brics_call_for_proposals_for_brics_multilateral_rd_projects,Harsh Chauhan,"['area', 'country', 'department', 'development', 'disaster', 'foundation', 'india', 'information technology', 'support']"
v0_029_date_extended_upto_18th_january_2018_for_2017_brics_call_for_proposals_for_brics_multilateral_rd_projects,Srinivas Kiran Ambatipudi,[]
v0_029_date_extended_upto_18th_january_2018_for_2017_brics_call_for_proposals_for_brics_multilateral_rd_projects,Krishna Mohan Poluri,"['area', 'department', 'development', 'information technology', 'material', 'resource']"
v0_029_date_extended_upto_18th_january_2018_for_2017_brics_call_for_proposals_for_brics_multilateral_rd_projects,Maya S.Nair,"['country', 'foundation', 'major', 'priority', 'resource', 'support']"
v0_029_date_extended_upto_18th_january_2018_for_2017_brics_call_for_proposals_for_brics_multilateral_rd_projects,N K Navani,"['department', 'development', 'disaster', 'foundation', 'material', 'support']"
v0_029_date_extended_upto_18th_january_2018_for_2017_brics_call_for_proposals_for_brics_multilateral_rd_projects,Partha Roy,"['area', 'department', 'development', 'foundation', 'information technology', 'priority', 'support']"
v0_029_date_extended_upto_18th_january_2018_for_2017_brics_call_for_proposals_for_brics_multilateral_rd_projects,Poonam Choudhary,"['department', 'disaster', 'foundation', 'information technology', 'major', 'material', 'priority', 'resource']"
v0_029_date_extended_upto_18th_january_2018_for_2017_brics_call_for_proposals_for_brics_multilateral_rd_projects,Prabhat Kumar Mandal,"['department', 'development', 'disaster', 'foundation', 'major', 'resource']"
v0_029_date_extended_upto_18th_january_2018_for_2017_brics_call_for_proposals_for_brics_multilateral_rd_projects,Pranita P Sarangi,"['area', 'disaster', 'material', 'resource']"
v0_029_date_extended_upto_18th_january_2018_for_2017_brics_call_for_proposals_for_brics_multilateral_rd_projects,Pravindra Kumar,"['area', 'department', 'development', 'disaster', 'foundation', 'major']"
v0_029_date_extended_upto_18th_january_2018_for_2017_brics_call_for_proposals_for_brics_multilateral_rd_projects,Prince Tiwari,"['area', 'department', 'disaster', 'efficiency', 'major', 'material', 'priority']"
v0_029_date_extended_upto_18th_january_2018_for_2017_brics_call_for_proposals_for_brics_multilateral_rd_projects,R. P. Singh,"['area', 'department', 'development', 'foundation', 'major', 'material', 'priority', 'support']"
v0_029_date_extended_upto_18th_january_2018_for_2017_brics_call_for_proposals_for_brics_multilateral_rd_projects,Ramasare Prasad,"['area', 'country', 'department', 'development', 'disaster', 'foundation', 'information technology', 'major', 'material', 'priority']"
v0_029_date_extended_upto_18th_january_2018_for_2017_brics_call_for_proposals_for_brics_multilateral_rd_projects,Ranjana Pathania,"['department', 'development', 'efficiency', 'material']"
v0_029_date_extended_upto_18th_january_2018_for_2017_brics_call_for_proposals_for_brics_multilateral_rd_projects,Sanjoy Ghosh,"['country', 'department', 'disaster', 'foundation', 'information technology', 'material']"
v0_029_date_extended_upto_18th_january_2018_for_2017_brics_call_for_proposals_for_brics_multilateral_rd_projects,Saugata Hazra,"['department', 'development', 'disaster', 'foundation', 'material', 'resource']"
v0_029_date_extended_upto_18th_january_2018_for_2017_brics_call_for_proposals_for_brics_multilateral_rd_projects,Shailly Tomar,"['department', 'development', 'disaster', 'material', 'resource']"
v0_029_date_extended_upto_18th_january_2018_for_2017_brics_call_for_proposals_for_brics_multilateral_rd_projects,Shri Ram Yadav,"['department', 'foundation']"
v0_029_date_extended_upto_18th_january_2018_for_2017_brics_call_for_proposals_for_brics_multilateral_rd_projects,Soma Rohatgi,"['area', 'development', 'disaster', 'efficiency', 'foundation', 'major', 'material', 'resource']"
v0_029_date_extended_upto_18th_january_2018_for_2017_brics_call_for_proposals_for_brics_multilateral_rd_projects,Sachin Suresh Tiwari,"['area', 'country', 'department', 'disaster', 'efficiency', 'foundation', 'india', 'resource']"
v0_029_date_extended_upto_18th_january_2018_for_2017_brics_call_for_proposals_for_brics_multilateral_rd_projects,Jitin Singla,"['area', 'disaster', 'foundation', 'information technology', 'support']"
v0_029_date_extended_upto_18th_january_2018_for_2017_brics_call_for_proposals_for_brics_multilateral_rd_projects,Rajesh Kumar,"['area', 'department', 'development', 'efficiency', 'foundation', 'india', 'information technology', 'major', 'material', 'priority', 'resource']"
v0_029_date_extended_upto_18th_january_2018_for_2017_brics_call_for_proposals_for_brics_multilateral_rd_projects,Akhil Upadhyay,"['country', 'department', 'efficiency', 'foundation', 'resource']"
v0_030_call_for_concept_note_in_waste_management_technologies,Arindam Biswas,"['application', 'area', 'department', 'design', 'development', 'expert', 'india', 'institute', 'material', 'need', 'rural']"
v0_030_call_for_concept_note_in_waste_management_technologies,Avlokita Agrawal,"['application', 'concept', 'department', 'development', 'expert', 'india', 'institute', 'need']"
v0_030_call_for_concept_note_in_waste_management_technologies,Gaurav Raheja,"['alternative', 'application', 'area', 'concept', 'department', 'design', 'development', 'expert', 'india', 'institute', 'need', 'rural']"
v0_030_call_for_concept_note_in_waste_management_technologies,Harshit Sosan Lakra,[]
v0_030_call_for_concept_note_in_waste_management_technologies,Mahua Mukherjee,"['alternative', 'application', 'department', 'design', 'development', 'expert', 'india', 'institute', 'material', 'product']"
v0_030_call_for_concept_note_in_waste_management_technologies,Prabhjot Singh Chani,"['alternative', 'application', 'department', 'development', 'expert', 'india', 'institute']"
v0_030_call_for_concept_note_in_waste_management_technologies,E Rajasekar,"['alternative', 'area', 'design', 'expert', 'material']"
v0_030_call_for_concept_note_in_waste_management_technologies,Ram Sateesh Pasupuleti,"['application', 'area', 'concept', 'institute', 'material']"
v0_030_call_for_concept_note_in_waste_management_technologies,Saptarshi Kolay,"['alternative', 'application', 'area', 'design', 'development', 'expert', 'institute', 'material', 'product']"
v0_030_call_for_concept_note_in_waste_management_technologies,Shubhajit Sadhukhan,"['application', 'area', 'concept', 'department', 'development', 'expert', 'material', 'product', 'rural']"
v0_030_call_for_concept_note_in_waste_management_technologies,Smriti Saraswat,"['application', 'department', 'development', 'expert', 'india', 'rural']"
v0_030_call_for_concept_note_in_waste_management_technologies,Sonal Atreya,"['alternative', 'application', 'area', 'expert', 'institute', 'material']"
v0_030_call_for_concept_note_in_waste_management_technologies,Tina Pujara,"['alternative', 'application', 'concept', 'design']"
v0_030_call_for_concept_note_in_waste_management_technologies,Uttam Kumar Roy,"['application', 'department', 'design', 'material', 'product', 'rural']"
v0_030_call_for_concept_note_in_waste_management_technologies,V Devadas,"['application', 'area', 'department', 'design', 'development', 'expert']"
v0_030_call_for_concept_note_in_waste_management_technologies,Jaydev Dabas,"['alternative', 'application', 'area', 'design', 'expert', 'institute']"
v0_030_call_for_concept_note_in_waste_management_technologies,Millie Pant,"['alternative', 'application', 'area', 'concept', 'department', 'development', 'expert', 'material']"
v0_030_call_for_concept_note_in_waste_management_technologies,Rajan Arora,"['alternative', 'application', 'department', 'expert']"
v0_030_call_for_concept_note_in_waste_management_technologies,Ashwani Kumar Sharma,"['alternative', 'area', 'department', 'design', 'development', 'expert', 'india', 'material', 'product']"
v0_030_call_for_concept_note_in_waste_management_technologies,Bijan Choudhury,"['application', 'area', 'department', 'design', 'development', 'expert', 'india', 'institute', 'material', 'product']"
v0_030_call_for_concept_note_in_waste_management_technologies,Debabrata Sircar,"['alternative', 'application', 'expert', 'institute', 'material', 'product']"
v0_030_call_for_concept_note_in_waste_management_technologies,Deepak Sharma,"['application', 'area', 'concept', 'department', 'institute', 'material', 'product']"
v0_030_call_for_concept_note_in_waste_management_technologies,P Gopinath,"['application', 'department', 'development', 'material']"
v0_030_call_for_concept_note_in_waste_management_technologies,Harsh Chauhan,"['alternative', 'application', 'area', 'concept', 'department', 'development', 'expert', 'india', 'institute', 'need']"
v0_030_call_for_concept_note_in_waste_management_technologies,Srinivas Kiran Ambatipudi,[]
v0_030_call_for_concept_note_in_waste_management_technologies,Krishna Mohan Poluri,"['alternative', 'area', 'department', 'design', 'development', 'expert', 'material', 'need']"
v0_030_call_for_concept_note_in_waste_management_technologies,Maya S.Nair,"['alternative', 'application', 'expert', 'need', 'product']"
v0_030_call_for_concept_note_in_waste_management_technologies,N K Navani,"['alternative', 'concept', 'department', 'development', 'expert', 'material']"
v0_030_call_for_concept_note_in_waste_management_technologies,Partha Roy,"['alternative', 'application', 'area', 'department', 'design', 'development', 'expert', 'institute']"
v0_030_call_for_concept_note_in_waste_management_technologies,Poonam Choudhary,"['application', 'department', 'design', 'material', 'product']"
v0_030_call_for_concept_note_in_waste_management_technologies,Prabhat Kumar Mandal,"['alternative', 'application', 'concept', 'department', 'development', 'expert', 'product']"
v0_030_call_for_concept_note_in_waste_management_technologies,Pranita P Sarangi,"['area', 'institute', 'material']"
v0_030_call_for_concept_note_in_waste_management_technologies,Pravindra Kumar,"['application', 'area', 'department', 'development', 'expert', 'rural']"
v0_030_call_for_concept_note_in_waste_management_technologies,Prince Tiwari,"['application', 'area', 'concept', 'department', 'design', 'expert', 'institute', 'material', 'rural']"
v0_030_call_for_concept_note_in_waste_management_technologies,R. P. Singh,"['alternative', 'application', 'area', 'department', 'design', 'development', 'institute', 'material']"
v0_030_call_for_concept_note_in_waste_management_technologies,Ramasare Prasad,"['alternative', 'application', 'area', 'department', 'development', 'institute', 'material', 'product']"
v0_030_call_for_concept_note_in_waste_management_technologies,Ranjana Pathania,"['alternative', 'application', 'department', 'design', 'development', 'expert', 'institute', 'material', 'product']"
v0_030_call_for_concept_note_in_waste_management_technologies,Sanjoy Ghosh,"['alternative', 'application', 'concept', 'department', 'material', 'need', 'product']"
v0_030_call_for_concept_note_in_waste_management_technologies,Saugata Hazra,"['alternative', 'department', 'design', 'development', 'material']"
v0_030_call_for_concept_note_in_waste_management_technologies,Shailly Tomar,"['alternative', 'application', 'concept', 'department', 'development', 'expert', 'material']"
v0_030_call_for_concept_note_in_waste_management_technologies,Shri Ram Yadav,"['alternative', 'application', 'concept', 'department', 'institute', 'product']"
v0_030_call_for_concept_note_in_waste_management_technologies,Soma Rohatgi,"['alternative', 'application', 'area', 'development', 'material', 'need']"
v0_030_call_for_concept_note_in_waste_management_technologies,Sachin Suresh Tiwari,"['alternative', 'application', 'area', 'department', 'expert', 'india', 'need', 'product']"
v0_030_call_for_concept_note_in_waste_management_technologies,Jitin Singla,"['alternative', 'application', 'area', 'concept', 'expert']"
v0_030_call_for_concept_note_in_waste_management_technologies,Rajesh Kumar,"['alternative', 'application', 'area', 'department', 'design', 'development', 'expert', 'india', 'institute', 'material', 'product']"
v0_030_call_for_concept_note_in_waste_management_technologies,Akhil Upadhyay,"['alternative', 'concept', 'department', 'design']"
v0_031_2018_commonwealth_scholarship_in_the_united_kingdom,Arindam Biswas,"['application', 'degree', 'department', 'development', 'doctoral degree', 'india', 'master', 'resource', 'site', 'study', 'year']"
v0_031_2018_commonwealth_scholarship_in_the_united_kingdom,Avlokita Agrawal,"['application', 'department', 'development', 'doctoral degree', 'india', 'master', 'resource', 'study', 'system']"
v0_031_2018_commonwealth_scholarship_in_the_united_kingdom,Gaurav Raheja,"['application', 'degree', 'department', 'development', 'doctoral degree', 'india', 'master', 'master degree', 'resource', 'study']"
v0_031_2018_commonwealth_scholarship_in_the_united_kingdom,Harshit Sosan Lakra,['doctoral degree']
v0_031_2018_commonwealth_scholarship_in_the_united_kingdom,Mahua Mukherjee,"['application', 'department', 'development', 'doctoral degree', 'india', 'level', 'master', 'site', 'study', 'system']"
v0_031_2018_commonwealth_scholarship_in_the_united_kingdom,Prabhjot Singh Chani,"['application', 'department', 'development', 'doctoral degree', 'india', 'master', 'site']"
v0_031_2018_commonwealth_scholarship_in_the_united_kingdom,E Rajasekar,"['master', 'number', 'resource', 'site', 'year']"
v0_031_2018_commonwealth_scholarship_in_the_united_kingdom,Ram Sateesh Pasupuleti,"['application', 'master', 'master degree', 'number', 'system', 'year']"
v0_031_2018_commonwealth_scholarship_in_the_united_kingdom,Saptarshi Kolay,"['application', 'degree', 'development', 'master', 'resource', 'site', 'year']"
v0_031_2018_commonwealth_scholarship_in_the_united_kingdom,Shubhajit Sadhukhan,"['application', 'department', 'development', 'doctoral degree', 'level', 'master', 'number', 'resource']"
v0_031_2018_commonwealth_scholarship_in_the_united_kingdom,Smriti Saraswat,"['application', 'degree', 'department', 'development', 'india', 'level', 'master', 'number', 'resource']"
v0_031_2018_commonwealth_scholarship_in_the_united_kingdom,Sonal Atreya,"['application', 'degree', 'doctoral degree', 'master', 'master degree', 'number', 'phd', 'resource', 'site', 'system']"
v0_031_2018_commonwealth_scholarship_in_the_united_kingdom,Tina Pujara,"['application', 'degree', 'doctoral degree', 'master', 'master degree', 'system']"
v0_031_2018_commonwealth_scholarship_in_the_united_kingdom,Uttam Kumar Roy,"['application', 'department', 'doctoral degree', 'master', 'resource']"
v0_031_2018_commonwealth_scholarship_in_the_united_kingdom,V Devadas,"['application', 'department', 'development', 'master', 'resource', 'site', 'study', 'system', 'year']"
v0_031_2018_commonwealth_scholarship_in_the_united_kingdom,Jaydev Dabas,"['application', 'doctoral degree', 'master']"
v0_031_2018_commonwealth_scholarship_in_the_united_kingdom,Millie Pant,"['application', 'degree', 'department', 'development', 'doctoral degree', 'master', 'site', 'study']"
v0_031_2018_commonwealth_scholarship_in_the_united_kingdom,Rajan Arora,"['application', 'degree', 'department', 'master', 'phd']"
v0_031_2018_commonwealth_scholarship_in_the_united_kingdom,Ashwani Kumar Sharma,"['degree', 'department', 'development', 'india', 'master', 'site', 'system']"
v0_031_2018_commonwealth_scholarship_in_the_united_kingdom,Bijan Choudhury,"['application', 'degree', 'department', 'development', 'doctoral degree', 'india', 'master degree', 'site', 'year']"
v0_031_2018_commonwealth_scholarship_in_the_united_kingdom,Debabrata Sircar,"['application', 'master', 'resource', 'study', 'system']"
v0_031_2018_commonwealth_scholarship_in_the_united_kingdom,Deepak Sharma,"['application', 'degree', 'department', 'master degree', 'number', 'resource', 'study']"
v0_031_2018_commonwealth_scholarship_in_the_united_kingdom,P Gopinath,"['application', 'degree', 'department', 'development', 'doctoral degree', 'master degree', 'system']"
v0_031_2018_commonwealth_scholarship_in_the_united_kingdom,Harsh Chauhan,"['application', 'degree', 'department', 'development', 'doctoral degree', 'india', 'master', 'study', 'year']"
v0_031_2018_commonwealth_scholarship_in_the_united_kingdom,Srinivas Kiran Ambatipudi,[]
v0_031_2018_commonwealth_scholarship_in_the_united_kingdom,Krishna Mohan Poluri,"['degree', 'department', 'development', 'resource', 'site', 'system', 'year']"
v0_031_2018_commonwealth_scholarship_in_the_united_kingdom,Maya S.Nair,"['application', 'degree', 'doctoral degree', 'master', 'master degree', 'resource']"
v0_031_2018_commonwealth_scholarship_in_the_united_kingdom,N K Navani,"['degree', 'department', 'development', 'doctoral degree', 'master', 'master degree']"
v0_031_2018_commonwealth_scholarship_in_the_united_kingdom,Partha Roy,"['application', 'degree', 'department', 'development', 'doctoral degree', 'master', 'master degree', 'year']"
v0_031_2018_commonwealth_scholarship_in_the_united_kingdom,Poonam Choudhary,"['application', 'degree', 'department', 'doctoral degree', 'master', 'master degree', 'phd', 'resource', 'site', 'study']"
v0_031_2018_commonwealth_scholarship_in_the_united_kingdom,Prabhat Kumar Mandal,"['application', 'degree', 'department', 'development', 'level', 'resource', 'system']"
v0_031_2018_commonwealth_scholarship_in_the_united_kingdom,Pranita P Sarangi,"['degree', 'doctoral degree', 'master degree', 'resource', 'year']"
v0_031_2018_commonwealth_scholarship_in_the_united_kingdom,Pravindra Kumar,"['application', 'degree', 'department', 'development', 'master', 'site', 'study', 'system']"
v0_031_2018_commonwealth_scholarship_in_the_united_kingdom,Prince Tiwari,"['application', 'degree', 'department', 'doctoral degree', 'master', 'number', 'site', 'system']"
v0_031_2018_commonwealth_scholarship_in_the_united_kingdom,R. P. Singh,"['application', 'department', 'development', 'level', 'master', 'master degree', 'number', 'year']"
v0_031_2018_commonwealth_scholarship_in_the_united_kingdom,Ramasare Prasad,"['application', 'department', 'development', 'master', 'study']"
v0_031_2018_commonwealth_scholarship_in_the_united_kingdom,Ranjana Pathania,"['application', 'degree', 'department', 'development', 'doctoral degree', 'level', 'master', 'number']"
v0_031_2018_commonwealth_scholarship_in_the_united_kingdom,Sanjoy Ghosh,"['application', 'department', 'level', 'study']"
v0_031_2018_commonwealth_scholarship_in_the_united_kingdom,Saugata Hazra,"['degree', 'department', 'development', 'level', 'master', 'master degree', 'resource', 'study', 'system']"
v0_031_2018_commonwealth_scholarship_in_the_united_kingdom,Shailly Tomar,"['application', 'degree', 'department', 'development', 'master', 'master degree', 'resource']"
v0_031_2018_commonwealth_scholarship_in_the_united_kingdom,Shri Ram Yadav,"['application', 'department', 'master', 'system']"
v0_031_2018_commonwealth_scholarship_in_the_united_kingdom,Soma Rohatgi,"['application', 'degree', 'development', 'resource']"
v0_031_2018_commonwealth_scholarship_in_the_united_kingdom,Sachin Suresh Tiwari,"['application', 'department', 'doctoral degree', 'india', 'resource', 'site', 'year']"
v0_031_2018_commonwealth_scholarship_in_the_united_kingdom,Jitin Singla,"['application', 'degree', 'master', 'number']"
v0_031_2018_commonwealth_scholarship_in_the_united_kingdom,Rajesh Kumar,"['application', 'degree', 'department', 'development', 'doctoral degree', 'india', 'master degree', 'resource', 'study', 'year']"
v0_031_2018_commonwealth_scholarship_in_the_united_kingdom,Akhil Upadhyay,"['degree', 'department', 'doctoral degree', 'master degree', 'number', 'resource', 'study']"
v0_032_indo_german_science__technology_centre_igstc_announces_call_for_grant_applications_for_indo_german_r__d_partnership_on_research_projects_with_industrial_relevance,Arindam Biswas,"['application', 'area', 'building', 'country', 'design', 'india', 'institute', 'interaction', 'material', 'mean', 'result', 'step', 'strength', 'support']"
v0_032_indo_german_science__technology_centre_igstc_announces_call_for_grant_applications_for_indo_german_r__d_partnership_on_research_projects_with_industrial_relevance,Avlokita Agrawal,"['application', 'building', 'centre', 'country', 'india', 'institute', 'interaction', 'process', 'support']"
v0_032_indo_german_science__technology_centre_igstc_announces_call_for_grant_applications_for_indo_german_r__d_partnership_on_research_projects_with_industrial_relevance,Gaurav Raheja,"['application', 'area', 'design', 'india', 'institute', 'interaction', 'mean', 'process technology', 'result', 'support']"
v0_032_indo_german_science__technology_centre_igstc_announces_call_for_grant_applications_for_indo_german_r__d_partnership_on_research_projects_with_industrial_relevance,Harshit Sosan Lakra,[]
v0_032_indo_german_science__technology_centre_igstc_announces_call_for_grant_applications_for_indo_german_r__d_partnership_on_research_projects_with_industrial_relevance,Mahua Mukherjee,"['application', 'building', 'centre', 'design', 'india', 'institute', 'interaction', 'low cost', 'material', 'mean', 'process', 'product', 'step', 'support']"
v0_032_indo_german_science__technology_centre_igstc_announces_call_for_grant_applications_for_indo_german_r__d_partnership_on_research_projects_with_industrial_relevance,Prabhjot Singh Chani,"['application', 'country', 'india', 'institute', 'interaction', 'low cost', 'support']"
v0_032_indo_german_science__technology_centre_igstc_announces_call_for_grant_applications_for_indo_german_r__d_partnership_on_research_projects_with_industrial_relevance,E Rajasekar,"['area', 'building', 'country', 'design', 'interaction', 'material', 'mean', 'result', 'step', 'strength', 'support']"
v0_032_indo_german_science__technology_centre_igstc_announces_call_for_grant_applications_for_indo_german_r__d_partnership_on_research_projects_with_industrial_relevance,Ram Sateesh Pasupuleti,"['application', 'area', 'centre', 'institute', 'interaction', 'low cost', 'material', 'mean', 'process technology', 'support']"
v0_032_indo_german_science__technology_centre_igstc_announces_call_for_grant_applications_for_indo_german_r__d_partnership_on_research_projects_with_industrial_relevance,Saptarshi Kolay,"['application', 'area', 'building', 'centre', 'design', 'form', 'institute', 'interaction', 'low cost', 'material', 'mean', 'process', 'product', 'result', 'step', 'strength', 'support']"
v0_032_indo_german_science__technology_centre_igstc_announces_call_for_grant_applications_for_indo_german_r__d_partnership_on_research_projects_with_industrial_relevance,Shubhajit Sadhukhan,"['application', 'area', 'centre', 'country', 'interaction', 'material', 'process', 'process technology', 'product', 'support']"
v0_032_indo_german_science__technology_centre_igstc_announces_call_for_grant_applications_for_indo_german_r__d_partnership_on_research_projects_with_industrial_relevance,Smriti Saraswat,"['application', 'building', 'centre', 'india', 'interaction', 'mean', 'process', 'result']"
v0_032_indo_german_science__technology_centre_igstc_announces_call_for_grant_applications_for_indo_german_r__d_partnership_on_research_projects_with_industrial_relevance,Sonal Atreya,"['application', 'area', 'centre', 'country', 'form', 'institute', 'interaction', 'low cost', 'material', 'process', 'result', 'step', 'strength', 'support']"
v0_032_indo_german_science__technology_centre_igstc_announces_call_for_grant_applications_for_indo_german_r__d_partnership_on_research_projects_with_industrial_relevance,Tina Pujara,"['application', 'centre', 'design', 'interaction']"
v0_032_indo_german_science__technology_centre_igstc_announces_call_for_grant_applications_for_indo_german_r__d_partnership_on_research_projects_with_industrial_relevance,Uttam Kumar Roy,"['application', 'building', 'design', 'low cost', 'material', 'process', 'product', 'result', 'support']"
v0_032_indo_german_science__technology_centre_igstc_announces_call_for_grant_applications_for_indo_german_r__d_partnership_on_research_projects_with_industrial_relevance,V Devadas,"['application', 'area', 'centre', 'design', 'form', 'interaction', 'mean', 'result', 'step']"
v0_032_indo_german_science__technology_centre_igstc_announces_call_for_grant_applications_for_indo_german_r__d_partnership_on_research_projects_with_industrial_relevance,Jaydev Dabas,"['application', 'area', 'design', 'form', 'institute', 'interaction', 'process', 'result', 'support']"
v0_032_indo_german_science__technology_centre_igstc_announces_call_for_grant_applications_for_indo_german_r__d_partnership_on_research_projects_with_industrial_relevance,Millie Pant,"['application', 'area', 'interaction', 'material', 'mean', 'process', 'step', 'strength', 'support']"
v0_032_indo_german_science__technology_centre_igstc_announces_call_for_grant_applications_for_indo_german_r__d_partnership_on_research_projects_with_industrial_relevance,Rajan Arora,"['application', 'country', 'form', 'interaction', 'process technology', 'support']"
v0_032_indo_german_science__technology_centre_igstc_announces_call_for_grant_applications_for_indo_german_r__d_partnership_on_research_projects_with_industrial_relevance,Ashwani Kumar Sharma,"['area', 'design', 'india', 'interaction', 'material', 'mean', 'process', 'process technology', 'product', 'step']"
v0_032_indo_german_science__technology_centre_igstc_announces_call_for_grant_applications_for_indo_german_r__d_partnership_on_research_projects_with_industrial_relevance,Bijan Choudhury,"['application', 'area', 'centre', 'design', 'india', 'institute', 'interaction', 'low cost', 'material', 'mean', 'process technology', 'product', 'strength']"
v0_032_indo_german_science__technology_centre_igstc_announces_call_for_grant_applications_for_indo_german_r__d_partnership_on_research_projects_with_industrial_relevance,Debabrata Sircar,"['application', 'country', 'institute', 'interaction', 'low cost', 'material', 'process', 'product', 'support']"
v0_032_indo_german_science__technology_centre_igstc_announces_call_for_grant_applications_for_indo_german_r__d_partnership_on_research_projects_with_industrial_relevance,Deepak Sharma,"['application', 'area', 'country', 'institute', 'interaction', 'material', 'process', 'product']"
v0_032_indo_german_science__technology_centre_igstc_announces_call_for_grant_applications_for_indo_german_r__d_partnership_on_research_projects_with_industrial_relevance,P Gopinath,"['application', 'low cost', 'material', 'step', 'strength']"
v0_032_indo_german_science__technology_centre_igstc_announces_call_for_grant_applications_for_indo_german_r__d_partnership_on_research_projects_with_industrial_relevance,Harsh Chauhan,"['application', 'area', 'centre', 'country', 'india', 'institute', 'interaction', 'mean', 'process', 'support']"
v0_032_indo_german_science__technology_centre_igstc_announces_call_for_grant_applications_for_indo_german_r__d_partnership_on_research_projects_with_industrial_relevance,Srinivas Kiran Ambatipudi,[]
v0_032_indo_german_science__technology_centre_igstc_announces_call_for_grant_applications_for_indo_german_r__d_partnership_on_research_projects_with_industrial_relevance,Krishna Mohan Poluri,"['area', 'centre', 'design', 'interaction', 'material', 'mean', 'result']"
v0_032_indo_german_science__technology_centre_igstc_announces_call_for_grant_applications_for_indo_german_r__d_partnership_on_research_projects_with_industrial_relevance,Maya S.Nair,"['application', 'country', 'form', 'interaction', 'mean', 'process', 'product', 'support']"
v0_032_indo_german_science__technology_centre_igstc_announces_call_for_grant_applications_for_indo_german_r__d_partnership_on_research_projects_with_industrial_relevance,N K Navani,"['interaction', 'material', 'mean', 'process', 'support']"
v0_032_indo_german_science__technology_centre_igstc_announces_call_for_grant_applications_for_indo_german_r__d_partnership_on_research_projects_with_industrial_relevance,Partha Roy,"['application', 'area', 'centre', 'design', 'institute', 'interaction', 'mean', 'support']"
v0_032_indo_german_science__technology_centre_igstc_announces_call_for_grant_applications_for_indo_german_r__d_partnership_on_research_projects_with_industrial_relevance,Poonam Choudhary,"['application', 'design', 'interaction', 'low cost', 'material', 'process', 'process technology', 'product']"
v0_032_indo_german_science__technology_centre_igstc_announces_call_for_grant_applications_for_indo_german_r__d_partnership_on_research_projects_with_industrial_relevance,Prabhat Kumar Mandal,"['application', 'centre', 'interaction', 'process', 'product', 'strength']"
v0_032_indo_german_science__technology_centre_igstc_announces_call_for_grant_applications_for_indo_german_r__d_partnership_on_research_projects_with_industrial_relevance,Pranita P Sarangi,"['area', 'institute', 'material', 'mean', 'process', 'process technology']"
v0_032_indo_german_science__technology_centre_igstc_announces_call_for_grant_applications_for_indo_german_r__d_partnership_on_research_projects_with_industrial_relevance,Pravindra Kumar,"['application', 'area', 'interaction', 'result', 'step']"
v0_032_indo_german_science__technology_centre_igstc_announces_call_for_grant_applications_for_indo_german_r__d_partnership_on_research_projects_with_industrial_relevance,Prince Tiwari,"['application', 'area', 'design', 'institute', 'interaction', 'material', 'process', 'process technology', 'step', 'strength']"
v0_032_indo_german_science__technology_centre_igstc_announces_call_for_grant_applications_for_indo_german_r__d_partnership_on_research_projects_with_industrial_relevance,R. P. Singh,"['application', 'area', 'design', 'form', 'institute', 'interaction', 'material', 'mean', 'strength', 'support']"
v0_032_indo_german_science__technology_centre_igstc_announces_call_for_grant_applications_for_indo_german_r__d_partnership_on_research_projects_with_industrial_relevance,Ramasare Prasad,"['application', 'area', 'centre', 'country', 'institute', 'interaction', 'low cost', 'material', 'process', 'product', 'result', 'strength']"
v0_032_indo_german_science__technology_centre_igstc_announces_call_for_grant_applications_for_indo_german_r__d_partnership_on_research_projects_with_industrial_relevance,Ranjana Pathania,"['application', 'design', 'institute', 'interaction', 'material', 'process technology', 'product']"
v0_032_indo_german_science__technology_centre_igstc_announces_call_for_grant_applications_for_indo_german_r__d_partnership_on_research_projects_with_industrial_relevance,Sanjoy Ghosh,"['application', 'country', 'interaction', 'low cost', 'material', 'process', 'product', 'step']"
v0_032_indo_german_science__technology_centre_igstc_announces_call_for_grant_applications_for_indo_german_r__d_partnership_on_research_projects_with_industrial_relevance,Saugata Hazra,"['centre', 'design', 'interaction', 'material']"
v0_032_indo_german_science__technology_centre_igstc_announces_call_for_grant_applications_for_indo_german_r__d_partnership_on_research_projects_with_industrial_relevance,Shailly Tomar,"['application', 'interaction', 'material', 'process', 'process technology']"
v0_032_indo_german_science__technology_centre_igstc_announces_call_for_grant_applications_for_indo_german_r__d_partnership_on_research_projects_with_industrial_relevance,Shri Ram Yadav,"['application', 'centre', 'form', 'institute', 'interaction', 'low cost', 'product']"
v0_032_indo_german_science__technology_centre_igstc_announces_call_for_grant_applications_for_indo_german_r__d_partnership_on_research_projects_with_industrial_relevance,Soma Rohatgi,"['application', 'area', 'interaction', 'material', 'result']"
v0_032_indo_german_science__technology_centre_igstc_announces_call_for_grant_applications_for_indo_german_r__d_partnership_on_research_projects_with_industrial_relevance,Sachin Suresh Tiwari,"['application', 'area', 'centre', 'country', 'form', 'india', 'interaction', 'low cost', 'mean', 'process', 'product', 'step', 'strength']"
v0_032_indo_german_science__technology_centre_igstc_announces_call_for_grant_applications_for_indo_german_r__d_partnership_on_research_projects_with_industrial_relevance,Jitin Singla,"['application', 'area', 'interaction', 'mean', 'process', 'process technology', 'support']"
v0_032_indo_german_science__technology_centre_igstc_announces_call_for_grant_applications_for_indo_german_r__d_partnership_on_research_projects_with_industrial_relevance,Rajesh Kumar,"['application', 'area', 'centre', 'design', 'india', 'institute', 'interaction', 'material', 'process', 'process technology', 'product', 'strength']"
v0_032_indo_german_science__technology_centre_igstc_announces_call_for_grant_applications_for_indo_german_r__d_partnership_on_research_projects_with_industrial_relevance,Akhil Upadhyay,"['building', 'centre', 'country', 'design', 'interaction', 'process', 'strength']"
v0_033_call_for_proposals___2018_under_india___iran_bilateral_st_cooperation,Arindam Biswas,"['area', 'country', 'department', 'development', 'india', 'institute', 'priority']"
v0_033_call_for_proposals___2018_under_india___iran_bilateral_st_cooperation,Avlokita Agrawal,"['centre', 'country', 'department', 'development', 'india', 'institute']"
v0_033_call_for_proposals___2018_under_india___iran_bilateral_st_cooperation,Gaurav Raheja,"['area', 'department', 'development', 'india', 'institute']"
v0_033_call_for_proposals___2018_under_india___iran_bilateral_st_cooperation,Harshit Sosan Lakra,[]
v0_033_call_for_proposals___2018_under_india___iran_bilateral_st_cooperation,Mahua Mukherjee,"['centre', 'department', 'development', 'india', 'institute', 'priority']"
v0_033_call_for_proposals___2018_under_india___iran_bilateral_st_cooperation,Prabhjot Singh Chani,"['country', 'department', 'development', 'india', 'institute', 'member', 'priority']"
v0_033_call_for_proposals___2018_under_india___iran_bilateral_st_cooperation,E Rajasekar,"['area', 'country', 'objective', 'priority']"
v0_033_call_for_proposals___2018_under_india___iran_bilateral_st_cooperation,Ram Sateesh Pasupuleti,"['area', 'centre', 'institute', 'member', 'objective', 'priority']"
v0_033_call_for_proposals___2018_under_india___iran_bilateral_st_cooperation,Saptarshi Kolay,"['area', 'centre', 'development', 'institute', 'priority']"
v0_033_call_for_proposals___2018_under_india___iran_bilateral_st_cooperation,Shubhajit Sadhukhan,"['area', 'centre', 'country', 'department', 'development', 'member', 'priority']"
v0_033_call_for_proposals___2018_under_india___iran_bilateral_st_cooperation,Smriti Saraswat,"['centre', 'department', 'development', 'india', 'member', 'priority']"
v0_033_call_for_proposals___2018_under_india___iran_bilateral_st_cooperation,Sonal Atreya,"['area', 'centre', 'country', 'institute', 'member', 'priority']"
v0_033_call_for_proposals___2018_under_india___iran_bilateral_st_cooperation,Tina Pujara,['centre']
v0_033_call_for_proposals___2018_under_india___iran_bilateral_st_cooperation,Uttam Kumar Roy,"['department', 'priority']"
v0_033_call_for_proposals___2018_under_india___iran_bilateral_st_cooperation,V Devadas,"['area', 'centre', 'department', 'development']"
v0_033_call_for_proposals___2018_under_india___iran_bilateral_st_cooperation,Jaydev Dabas,"['area', 'institute']"
v0_033_call_for_proposals___2018_under_india___iran_bilateral_st_cooperation,Millie Pant,"['area', 'department', 'development', 'objective']"
v0_033_call_for_proposals___2018_under_india___iran_bilateral_st_cooperation,Rajan Arora,"['country', 'department', 'member']"
v0_033_call_for_proposals___2018_under_india___iran_bilateral_st_cooperation,Ashwani Kumar Sharma,"['area', 'department', 'development', 'india']"
v0_033_call_for_proposals___2018_under_india___iran_bilateral_st_cooperation,Bijan Choudhury,"['area', 'centre', 'department', 'development', 'india', 'institute', 'priority']"
v0_033_call_for_proposals___2018_under_india___iran_bilateral_st_cooperation,Debabrata Sircar,"['country', 'institute', 'objective', 'priority']"
v0_033_call_for_proposals___2018_under_india___iran_bilateral_st_cooperation,Deepak Sharma,"['area', 'country', 'department', 'institute', 'member', 'objective']"
v0_033_call_for_proposals___2018_under_india___iran_bilateral_st_cooperation,P Gopinath,"['department', 'development']"
v0_033_call_for_proposals___2018_under_india___iran_bilateral_st_cooperation,Harsh Chauhan,"['area', 'centre', 'country', 'department', 'development', 'india', 'institute']"
v0_033_call_for_proposals___2018_under_india___iran_bilateral_st_cooperation,Srinivas Kiran Ambatipudi,[]
v0_033_call_for_proposals___2018_under_india___iran_bilateral_st_cooperation,Krishna Mohan Poluri,"['area', 'centre', 'department', 'development']"
v0_033_call_for_proposals___2018_under_india___iran_bilateral_st_cooperation,Maya S.Nair,"['country', 'priority']"
v0_033_call_for_proposals___2018_under_india___iran_bilateral_st_cooperation,N K Navani,"['department', 'development']"
v0_033_call_for_proposals___2018_under_india___iran_bilateral_st_cooperation,Partha Roy,"['area', 'centre', 'department', 'development', 'institute', 'priority']"
v0_033_call_for_proposals___2018_under_india___iran_bilateral_st_cooperation,Poonam Choudhary,"['department', 'objective', 'priority']"
v0_033_call_for_proposals___2018_under_india___iran_bilateral_st_cooperation,Prabhat Kumar Mandal,"['centre', 'department', 'development', 'objective']"
v0_033_call_for_proposals___2018_under_india___iran_bilateral_st_cooperation,Pranita P Sarangi,"['area', 'institute']"
v0_033_call_for_proposals___2018_under_india___iran_bilateral_st_cooperation,Pravindra Kumar,"['area', 'department', 'development']"
v0_033_call_for_proposals___2018_under_india___iran_bilateral_st_cooperation,Prince Tiwari,"['area', 'department', 'institute', 'priority']"
v0_033_call_for_proposals___2018_under_india___iran_bilateral_st_cooperation,R. P. Singh,"['area', 'department', 'development', 'institute', 'priority']"
v0_033_call_for_proposals___2018_under_india___iran_bilateral_st_cooperation,Ramasare Prasad,"['area', 'centre', 'country', 'department', 'development', 'institute', 'priority']"
v0_033_call_for_proposals___2018_under_india___iran_bilateral_st_cooperation,Ranjana Pathania,"['department', 'development', 'institute', 'member']"
v0_033_call_for_proposals___2018_under_india___iran_bilateral_st_cooperation,Sanjoy Ghosh,"['country', 'department', 'objective']"
v0_033_call_for_proposals___2018_under_india___iran_bilateral_st_cooperation,Saugata Hazra,"['centre', 'department', 'development']"
v0_033_call_for_proposals___2018_under_india___iran_bilateral_st_cooperation,Shailly Tomar,"['department', 'development']"
v0_033_call_for_proposals___2018_under_india___iran_bilateral_st_cooperation,Shri Ram Yadav,"['centre', 'department', 'institute']"
v0_033_call_for_proposals___2018_under_india___iran_bilateral_st_cooperation,Soma Rohatgi,"['area', 'development']"
v0_033_call_for_proposals___2018_under_india___iran_bilateral_st_cooperation,Sachin Suresh Tiwari,"['area', 'centre', 'country', 'department', 'india', 'objective']"
v0_033_call_for_proposals___2018_under_india___iran_bilateral_st_cooperation,Jitin Singla,"['area', 'member']"
v0_033_call_for_proposals___2018_under_india___iran_bilateral_st_cooperation,Rajesh Kumar,"['area', 'centre', 'department', 'development', 'india', 'institute', 'priority']"
v0_033_call_for_proposals___2018_under_india___iran_bilateral_st_cooperation,Akhil Upadhyay,"['centre', 'country', 'department', 'member']"
v0_034_call_for_proposal_for_device_development_programme___2017,Arindam Biswas,"['application', 'area', 'country', 'department', 'development', 'disaster']"
v0_034_call_for_proposal_for_device_development_programme___2017,Avlokita Agrawal,"['application', 'country', 'department', 'development', 'system']"
v0_034_call_for_proposal_for_device_development_programme___2017,Gaurav Raheja,"['application', 'area', 'department', 'development']"
v0_034_call_for_proposal_for_device_development_programme___2017,Harshit Sosan Lakra,[]
v0_034_call_for_proposal_for_device_development_programme___2017,Mahua Mukherjee,"['application', 'department', 'development', 'disaster', 'disaster management', 'level', 'low cost', 'system']"
v0_034_call_for_proposal_for_device_development_programme___2017,Prabhjot Singh Chani,"['application', 'country', 'department', 'development', 'disaster', 'disaster management', 'low cost']"
v0_034_call_for_proposal_for_device_development_programme___2017,E Rajasekar,"['area', 'country', 'disaster']"
v0_034_call_for_proposal_for_device_development_programme___2017,Ram Sateesh Pasupuleti,"['application', 'area', 'disaster', 'disaster management', 'low cost', 'system']"
v0_034_call_for_proposal_for_device_development_programme___2017,Saptarshi Kolay,"['application', 'area', 'development', 'disaster', 'low cost']"
v0_034_call_for_proposal_for_device_development_programme___2017,Shubhajit Sadhukhan,"['application', 'area', 'country', 'department', 'development', 'disaster management', 'level']"
v0_034_call_for_proposal_for_device_development_programme___2017,Smriti Saraswat,"['application', 'department', 'development', 'level']"
v0_034_call_for_proposal_for_device_development_programme___2017,Sonal Atreya,"['application', 'area', 'country', 'disaster', 'disaster management', 'low cost', 'system']"
v0_034_call_for_proposal_for_device_development_programme___2017,Tina Pujara,"['application', 'disaster', 'system']"
v0_034_call_for_proposal_for_device_development_programme___2017,Uttam Kumar Roy,"['application', 'department', 'low cost']"
v0_034_call_for_proposal_for_device_development_programme___2017,V Devadas,"['application', 'area', 'department', 'development', 'disaster', 'system']"
v0_034_call_for_proposal_for_device_development_programme___2017,Jaydev Dabas,"['application', 'area']"
v0_034_call_for_proposal_for_device_development_programme___2017,Millie Pant,"['application', 'area', 'department', 'development', 'disaster management']"
v0_034_call_for_proposal_for_device_development_programme___2017,Rajan Arora,"['application', 'country', 'department']"
v0_034_call_for_proposal_for_device_development_programme___2017,Ashwani Kumar Sharma,"['area', 'department', 'development', 'disaster', 'disaster management', 'system']"
v0_034_call_for_proposal_for_device_development_programme___2017,Bijan Choudhury,"['application', 'area', 'department', 'development', 'disaster', 'low cost']"
v0_034_call_for_proposal_for_device_development_programme___2017,Debabrata Sircar,"['application', 'country', 'disaster', 'low cost', 'system']"
v0_034_call_for_proposal_for_device_development_programme___2017,Deepak Sharma,"['application', 'area', 'country', 'department', 'disaster', 'disaster management']"
v0_034_call_for_proposal_for_device_development_programme___2017,P Gopinath,"['application', 'department', 'development', 'low cost', 'system']"
v0_034_call_for_proposal_for_device_development_programme___2017,Harsh Chauhan,"['application', 'area', 'country', 'department', 'development', 'disaster', 'disaster management']"
v0_034_call_for_proposal_for_device_development_programme___2017,Srinivas Kiran Ambatipudi,[]
v0_034_call_for_proposal_for_device_development_programme___2017,Krishna Mohan Poluri,"['area', 'department', 'development', 'system']"
v0_034_call_for_proposal_for_device_development_programme___2017,Maya S.Nair,"['application', 'country', 'disaster management']"
v0_034_call_for_proposal_for_device_development_programme___2017,N K Navani,"['department', 'development', 'disaster']"
v0_034_call_for_proposal_for_device_development_programme___2017,Partha Roy,"['application', 'area', 'department', 'development', 'disaster management']"
v0_034_call_for_proposal_for_device_development_programme___2017,Poonam Choudhary,"['application', 'department', 'disaster', 'low cost']"
v0_034_call_for_proposal_for_device_development_programme___2017,Prabhat Kumar Mandal,"['application', 'department', 'development', 'disaster', 'disaster management', 'level', 'system']"
v0_034_call_for_proposal_for_device_development_programme___2017,Pranita P Sarangi,"['area', 'disaster']"
v0_034_call_for_proposal_for_device_development_programme___2017,Pravindra Kumar,"['application', 'area', 'department', 'development', 'disaster', 'system']"
v0_034_call_for_proposal_for_device_development_programme___2017,Prince Tiwari,"['application', 'area', 'department', 'disaster', 'system']"
v0_034_call_for_proposal_for_device_development_programme___2017,R. P. Singh,"['application', 'area', 'department', 'development', 'disaster management', 'level']"
v0_034_call_for_proposal_for_device_development_programme___2017,Ramasare Prasad,"['application', 'area', 'country', 'department', 'development', 'disaster', 'disaster management', 'low cost']"
v0_034_call_for_proposal_for_device_development_programme___2017,Ranjana Pathania,"['application', 'department', 'development', 'level']"
v0_034_call_for_proposal_for_device_development_programme___2017,Sanjoy Ghosh,"['application', 'country', 'department', 'disaster', 'level', 'low cost']"
v0_034_call_for_proposal_for_device_development_programme___2017,Saugata Hazra,"['department', 'development', 'disaster', 'level', 'system']"
v0_034_call_for_proposal_for_device_development_programme___2017,Shailly Tomar,"['application', 'department', 'development', 'disaster']"
v0_034_call_for_proposal_for_device_development_programme___2017,Shri Ram Yadav,"['application', 'department', 'low cost', 'system']"
v0_034_call_for_proposal_for_device_development_programme___2017,Soma Rohatgi,"['application', 'area', 'development', 'disaster', 'disaster management']"
v0_034_call_for_proposal_for_device_development_programme___2017,Sachin Suresh Tiwari,"['application', 'area', 'country', 'department', 'disaster', 'disaster management', 'low cost']"
v0_034_call_for_proposal_for_device_development_programme___2017,Jitin Singla,"['application', 'area', 'disaster']"
v0_034_call_for_proposal_for_device_development_programme___2017,Rajesh Kumar,"['application', 'area', 'department', 'development', 'disaster management']"
v0_034_call_for_proposal_for_device_development_programme___2017,Akhil Upadhyay,"['country', 'department']"
v0_035_call_for_proposal___science__heritage_research_initiativeshri,Arindam Biswas,"['challenge', 'decade', 'department', 'development', 'india', 'investigation', 'material', 'resource', 'role', 'study']"
v0_035_call_for_proposal___science__heritage_research_initiativeshri,Avlokita Agrawal,"['computer science', 'department', 'development', 'india', 'investigation', 'process', 'resource', 'study']"
v0_035_call_for_proposal___science__heritage_research_initiativeshri,Gaurav Raheja,"['challenge', 'department', 'development', 'india', 'investigation', 'resource', 'significance', 'study']"
v0_035_call_for_proposal___science__heritage_research_initiativeshri,Harshit Sosan Lakra,[]
v0_035_call_for_proposal___science__heritage_research_initiativeshri,Mahua Mukherjee,"['computer science', 'decade', 'department', 'development', 'india', 'investigation', 'material', 'process', 'significance', 'study']"
v0_035_call_for_proposal___science__heritage_research_initiativeshri,Prabhjot Singh Chani,"['challenge', 'computer science', 'department', 'development', 'india', 'range']"
v0_035_call_for_proposal___science__heritage_research_initiativeshri,E Rajasekar,"['computer science', 'decade', 'investigation', 'material', 'resource', 'role', 'significance']"
v0_035_call_for_proposal___science__heritage_research_initiativeshri,Ram Sateesh Pasupuleti,"['challenge', 'computer science', 'material', 'role', 'work']"
v0_035_call_for_proposal___science__heritage_research_initiativeshri,Saptarshi Kolay,"['challenge', 'computer science', 'development', 'investigation', 'material', 'process', 'range', 'resource', 'role', 'work']"
v0_035_call_for_proposal___science__heritage_research_initiativeshri,Shubhajit Sadhukhan,"['department', 'development', 'investigation', 'material', 'process', 'resource', 'role', 'work']"
v0_035_call_for_proposal___science__heritage_research_initiativeshri,Smriti Saraswat,"['decade', 'department', 'development', 'india', 'process', 'range', 'resource', 'significance', 'work']"
v0_035_call_for_proposal___science__heritage_research_initiativeshri,Sonal Atreya,"['challenge', 'decade', 'investigation', 'material', 'process', 'resource', 'role', 'significance', 'work']"
v0_035_call_for_proposal___science__heritage_research_initiativeshri,Tina Pujara,"['computer science', 'decade', 'investigation', 'range']"
v0_035_call_for_proposal___science__heritage_research_initiativeshri,Uttam Kumar Roy,"['department', 'material', 'process', 'resource', 'role', 'work']"
v0_035_call_for_proposal___science__heritage_research_initiativeshri,V Devadas,"['decade', 'department', 'development', 'investigation', 'range', 'resource', 'study', 'work']"
v0_035_call_for_proposal___science__heritage_research_initiativeshri,Jaydev Dabas,"['investigation', 'process', 'role', 'work']"
v0_035_call_for_proposal___science__heritage_research_initiativeshri,Millie Pant,"['computer science', 'decade', 'department', 'development', 'investigation', 'material', 'process', 'range', 'study']"
v0_035_call_for_proposal___science__heritage_research_initiativeshri,Rajan Arora,"['department', 'investigation', 'work']"
v0_035_call_for_proposal___science__heritage_research_initiativeshri,Ashwani Kumar Sharma,"['decade', 'department', 'development', 'india', 'material', 'process', 'role']"
v0_035_call_for_proposal___science__heritage_research_initiativeshri,Bijan Choudhury,"['computer science', 'decade', 'department', 'development', 'india', 'investigation', 'material', 'role', 'significance', 'work']"
v0_035_call_for_proposal___science__heritage_research_initiativeshri,Debabrata Sircar,"['computer science', 'decade', 'investigation', 'material', 'process', 'resource', 'significance', 'study']"
v0_035_call_for_proposal___science__heritage_research_initiativeshri,Deepak Sharma,"['challenge', 'decade', 'department', 'investigation', 'material', 'process', 'resource', 'study']"
v0_035_call_for_proposal___science__heritage_research_initiativeshri,P Gopinath,"['challenge', 'department', 'development', 'material', 'range']"
v0_035_call_for_proposal___science__heritage_research_initiativeshri,Harsh Chauhan,"['decade', 'department', 'development', 'india', 'investigation', 'process', 'role', 'study']"
v0_035_call_for_proposal___science__heritage_research_initiativeshri,Srinivas Kiran Ambatipudi,[]
v0_035_call_for_proposal___science__heritage_research_initiativeshri,Krishna Mohan Poluri,"['decade', 'department', 'development', 'investigation', 'material', 'range', 'resource', 'significance']"
v0_035_call_for_proposal___science__heritage_research_initiativeshri,Maya S.Nair,"['challenge', 'computer science', 'investigation', 'process', 'range', 'resource', 'work']"
v0_035_call_for_proposal___science__heritage_research_initiativeshri,N K Navani,"['computer science', 'decade', 'department', 'development', 'investigation', 'material', 'process', 'range', 'role']"
v0_035_call_for_proposal___science__heritage_research_initiativeshri,Partha Roy,"['challenge', 'computer science', 'decade', 'department', 'development', 'investigation', 'range', 'role', 'significance']"
v0_035_call_for_proposal___science__heritage_research_initiativeshri,Poonam Choudhary,"['challenge', 'computer science', 'department', 'investigation', 'material', 'process', 'range', 'resource', 'study', 'work']"
v0_035_call_for_proposal___science__heritage_research_initiativeshri,Prabhat Kumar Mandal,"['challenge', 'computer science', 'decade', 'department', 'development', 'investigation', 'process', 'resource']"
v0_035_call_for_proposal___science__heritage_research_initiativeshri,Pranita P Sarangi,"['material', 'process', 'resource', 'role']"
v0_035_call_for_proposal___science__heritage_research_initiativeshri,Pravindra Kumar,"['decade', 'department', 'development', 'role', 'study']"
v0_035_call_for_proposal___science__heritage_research_initiativeshri,Prince Tiwari,"['challenge', 'computer science', 'department', 'investigation', 'material', 'process', 'range', 'role']"
v0_035_call_for_proposal___science__heritage_research_initiativeshri,R. P. Singh,"['decade', 'department', 'development', 'investigation', 'material', 'work']"
v0_035_call_for_proposal___science__heritage_research_initiativeshri,Ramasare Prasad,"['computer science', 'department', 'development', 'investigation', 'material', 'process', 'study']"
v0_035_call_for_proposal___science__heritage_research_initiativeshri,Ranjana Pathania,"['computer science', 'decade', 'department', 'development', 'material', 'range']"
v0_035_call_for_proposal___science__heritage_research_initiativeshri,Sanjoy Ghosh,"['challenge', 'computer science', 'department', 'investigation', 'material', 'process', 'significance', 'study']"
v0_035_call_for_proposal___science__heritage_research_initiativeshri,Saugata Hazra,"['computer science', 'department', 'development', 'investigation', 'material', 'resource', 'significance', 'study']"
v0_035_call_for_proposal___science__heritage_research_initiativeshri,Shailly Tomar,"['decade', 'department', 'development', 'material', 'process', 'resource']"
v0_035_call_for_proposal___science__heritage_research_initiativeshri,Shri Ram Yadav,"['computer science', 'department', 'investigation', 'range', 'work']"
v0_035_call_for_proposal___science__heritage_research_initiativeshri,Soma Rohatgi,"['computer science', 'decade', 'development', 'investigation', 'material', 'range', 'resource', 'significance', 'work']"
v0_035_call_for_proposal___science__heritage_research_initiativeshri,Sachin Suresh Tiwari,"['challenge', 'decade', 'department', 'india', 'investigation', 'process', 'range', 'resource', 'role', 'work']"
v0_035_call_for_proposal___science__heritage_research_initiativeshri,Jitin Singla,"['computer science', 'investigation', 'process', 'range', 'work']"
v0_035_call_for_proposal___science__heritage_research_initiativeshri,Rajesh Kumar,"['computer science', 'decade', 'department', 'development', 'india', 'investigation', 'material', 'process', 'range', 'resource', 'significance', 'study']"
v0_035_call_for_proposal___science__heritage_research_initiativeshri,Akhil Upadhyay,"['challenge', 'computer science', 'department', 'investigation', 'process', 'range', 'resource', 'study']"
v0_036_indo___norway_joint_energy_call_2017,Arindam Biswas,"['application', 'area', 'department', 'increase', 'india', 'purpose', 'result', 'support']"
v0_036_indo___norway_joint_energy_call_2017,Avlokita Agrawal,"['application', 'department', 'increase', 'india', 'support', 'system']"
v0_036_indo___norway_joint_energy_call_2017,Gaurav Raheja,"['application', 'area', 'department', 'field', 'india', 'result', 'support']"
v0_036_indo___norway_joint_energy_call_2017,Harshit Sosan Lakra,[]
v0_036_indo___norway_joint_energy_call_2017,Mahua Mukherjee,"['application', 'department', 'increase', 'india', 'purpose', 'support', 'system']"
v0_036_indo___norway_joint_energy_call_2017,Prabhjot Singh Chani,"['application', 'department', 'increase', 'india', 'purpose', 'support']"
v0_036_indo___norway_joint_energy_call_2017,E Rajasekar,"['area', 'increase', 'result', 'support']"
v0_036_indo___norway_joint_energy_call_2017,Ram Sateesh Pasupuleti,"['application', 'area', 'increase', 'support', 'system']"
v0_036_indo___norway_joint_energy_call_2017,Saptarshi Kolay,"['application', 'area', 'increase', 'purpose', 'result', 'support']"
v0_036_indo___norway_joint_energy_call_2017,Shubhajit Sadhukhan,"['application', 'area', 'department', 'letter', 'purpose', 'support']"
v0_036_indo___norway_joint_energy_call_2017,Smriti Saraswat,"['application', 'department', 'increase', 'india', 'letter', 'result']"
v0_036_indo___norway_joint_energy_call_2017,Sonal Atreya,"['application', 'area', 'letter', 'purpose', 'result', 'support', 'system']"
v0_036_indo___norway_joint_energy_call_2017,Tina Pujara,"['application', 'system']"
v0_036_indo___norway_joint_energy_call_2017,Uttam Kumar Roy,"['application', 'department', 'increase', 'result', 'support']"
v0_036_indo___norway_joint_energy_call_2017,V Devadas,"['application', 'area', 'department', 'increase', 'result', 'system']"
v0_036_indo___norway_joint_energy_call_2017,Jaydev Dabas,"['application', 'area', 'result', 'support']"
v0_036_indo___norway_joint_energy_call_2017,Millie Pant,"['application', 'area', 'department', 'support']"
v0_036_indo___norway_joint_energy_call_2017,Rajan Arora,"['application', 'department', 'field', 'letter', 'support']"
v0_036_indo___norway_joint_energy_call_2017,Ashwani Kumar Sharma,"['area', 'department', 'increase', 'india', 'letter', 'purpose', 'system']"
v0_036_indo___norway_joint_energy_call_2017,Bijan Choudhury,"['application', 'area', 'department', 'increase', 'india']"
v0_036_indo___norway_joint_energy_call_2017,Debabrata Sircar,"['application', 'increase', 'purpose', 'support', 'system']"
v0_036_indo___norway_joint_energy_call_2017,Deepak Sharma,"['application', 'area', 'department', 'increase']"
v0_036_indo___norway_joint_energy_call_2017,P Gopinath,"['application', 'department', 'system']"
v0_036_indo___norway_joint_energy_call_2017,Harsh Chauhan,"['application', 'area', 'department', 'field', 'india', 'purpose', 'support']"
v0_036_indo___norway_joint_energy_call_2017,Srinivas Kiran Ambatipudi,[]
v0_036_indo___norway_joint_energy_call_2017,Krishna Mohan Poluri,"['area', 'department', 'field', 'result', 'system']"
v0_036_indo___norway_joint_energy_call_2017,Maya S.Nair,"['application', 'purpose', 'support']"
v0_036_indo___norway_joint_energy_call_2017,N K Navani,"['department', 'increase', 'purpose', 'support']"
v0_036_indo___norway_joint_energy_call_2017,Partha Roy,"['application', 'area', 'department', 'increase', 'support']"
v0_036_indo___norway_joint_energy_call_2017,Poonam Choudhary,"['application', 'department', 'letter']"
v0_036_indo___norway_joint_energy_call_2017,Prabhat Kumar Mandal,"['application', 'department', 'system']"
v0_036_indo___norway_joint_energy_call_2017,Pranita P Sarangi,"['area', 'increase', 'purpose']"
v0_036_indo___norway_joint_energy_call_2017,Pravindra Kumar,"['application', 'area', 'department', 'letter', 'result', 'system']"
v0_036_indo___norway_joint_energy_call_2017,Prince Tiwari,"['application', 'area', 'department', 'system']"
v0_036_indo___norway_joint_energy_call_2017,R. P. Singh,"['application', 'area', 'department', 'field', 'increase', 'letter', 'support']"
v0_036_indo___norway_joint_energy_call_2017,Ramasare Prasad,"['application', 'area', 'department', 'result']"
v0_036_indo___norway_joint_energy_call_2017,Ranjana Pathania,"['application', 'department', 'increase', 'letter']"
v0_036_indo___norway_joint_energy_call_2017,Sanjoy Ghosh,"['application', 'department', 'field', 'increase']"
v0_036_indo___norway_joint_energy_call_2017,Saugata Hazra,"['department', 'field', 'system']"
v0_036_indo___norway_joint_energy_call_2017,Shailly Tomar,"['application', 'department', 'letter', 'purpose']"
v0_036_indo___norway_joint_energy_call_2017,Shri Ram Yadav,"['application', 'department', 'system']"
v0_036_indo___norway_joint_energy_call_2017,Soma Rohatgi,"['application', 'area', 'increase', 'result']"
v0_036_indo___norway_joint_energy_call_2017,Sachin Suresh Tiwari,"['application', 'area', 'department', 'increase', 'india', 'purpose']"
v0_036_indo___norway_joint_energy_call_2017,Jitin Singla,"['application', 'area', 'letter', 'support']"
v0_036_indo___norway_joint_energy_call_2017,Rajesh Kumar,"['application', 'area', 'department', 'field', 'increase', 'india', 'purpose']"
v0_036_indo___norway_joint_energy_call_2017,Akhil Upadhyay,"['department', 'letter', 'purpose']"
v0_037_eu_india_water_cooperation_on_research_and_innovation_joint_call_for_proposals___2017__2018,Arindam Biswas,"['area', 'challenge', 'condition', 'department', 'india', 'priority', 'rural', 'support']"
v0_037_eu_india_water_cooperation_on_research_and_innovation_joint_call_for_proposals___2017__2018,Avlokita Agrawal,"['centre', 'condition', 'control system', 'department', 'india', 'solution', 'support', 'system']"
v0_037_eu_india_water_cooperation_on_research_and_innovation_joint_call_for_proposals___2017__2018,Gaurav Raheja,"['area', 'challenge', 'department', 'field', 'india', 'rural', 'solution', 'support']"
v0_037_eu_india_water_cooperation_on_research_and_innovation_joint_call_for_proposals___2017__2018,Harshit Sosan Lakra,[]
v0_037_eu_india_water_cooperation_on_research_and_innovation_joint_call_for_proposals___2017__2018,Mahua Mukherjee,"['centre', 'condition', 'control system', 'department', 'india', 'priority', 'solution', 'support', 'system']"
v0_037_eu_india_water_cooperation_on_research_and_innovation_joint_call_for_proposals___2017__2018,Prabhjot Singh Chani,"['challenge', 'condition', 'department', 'india', 'priority', 'solution', 'support']"
v0_037_eu_india_water_cooperation_on_research_and_innovation_joint_call_for_proposals___2017__2018,E Rajasekar,"['area', 'condition', 'control system', 'priority', 'solution', 'support']"
v0_037_eu_india_water_cooperation_on_research_and_innovation_joint_call_for_proposals___2017__2018,Ram Sateesh Pasupuleti,"['area', 'centre', 'challenge', 'condition', 'control system', 'priority', 'solution', 'support', 'system']"
v0_037_eu_india_water_cooperation_on_research_and_innovation_joint_call_for_proposals___2017__2018,Saptarshi Kolay,"['area', 'centre', 'challenge', 'condition', 'priority', 'support']"
v0_037_eu_india_water_cooperation_on_research_and_innovation_joint_call_for_proposals___2017__2018,Shubhajit Sadhukhan,"['area', 'centre', 'condition', 'control system', 'department', 'priority', 'rural', 'support']"
v0_037_eu_india_water_cooperation_on_research_and_innovation_joint_call_for_proposals___2017__2018,Smriti Saraswat,"['centre', 'condition', 'department', 'india', 'priority', 'rural', 'solution']"
v0_037_eu_india_water_cooperation_on_research_and_innovation_joint_call_for_proposals___2017__2018,Sonal Atreya,"['area', 'centre', 'challenge', 'condition', 'control system', 'priority', 'solution', 'support', 'system']"
v0_037_eu_india_water_cooperation_on_research_and_innovation_joint_call_for_proposals___2017__2018,Tina Pujara,"['centre', 'condition', 'solution', 'system']"
v0_037_eu_india_water_cooperation_on_research_and_innovation_joint_call_for_proposals___2017__2018,Uttam Kumar Roy,"['condition', 'department', 'priority', 'rural', 'support']"
v0_037_eu_india_water_cooperation_on_research_and_innovation_joint_call_for_proposals___2017__2018,V Devadas,"['area', 'centre', 'condition', 'control system', 'department', 'solution', 'system']"
v0_037_eu_india_water_cooperation_on_research_and_innovation_joint_call_for_proposals___2017__2018,Jaydev Dabas,"['area', 'condition', 'control system', 'solution', 'support']"
v0_037_eu_india_water_cooperation_on_research_and_innovation_joint_call_for_proposals___2017__2018,Millie Pant,"['area', 'department', 'support']"
v0_037_eu_india_water_cooperation_on_research_and_innovation_joint_call_for_proposals___2017__2018,Rajan Arora,"['condition', 'department', 'field', 'solution', 'support']"
v0_037_eu_india_water_cooperation_on_research_and_innovation_joint_call_for_proposals___2017__2018,Ashwani Kumar Sharma,"['area', 'department', 'india', 'system']"
v0_037_eu_india_water_cooperation_on_research_and_innovation_joint_call_for_proposals___2017__2018,Bijan Choudhury,"['area', 'centre', 'condition', 'department', 'india', 'priority', 'solution']"
v0_037_eu_india_water_cooperation_on_research_and_innovation_joint_call_for_proposals___2017__2018,Debabrata Sircar,"['condition', 'control system', 'priority', 'support', 'system']"
v0_037_eu_india_water_cooperation_on_research_and_innovation_joint_call_for_proposals___2017__2018,Deepak Sharma,"['area', 'challenge', 'condition', 'department', 'solution']"
v0_037_eu_india_water_cooperation_on_research_and_innovation_joint_call_for_proposals___2017__2018,P Gopinath,"['challenge', 'condition', 'control system', 'department', 'system']"
v0_037_eu_india_water_cooperation_on_research_and_innovation_joint_call_for_proposals___2017__2018,Harsh Chauhan,"['area', 'centre', 'condition', 'control system', 'department', 'field', 'india', 'support']"
v0_037_eu_india_water_cooperation_on_research_and_innovation_joint_call_for_proposals___2017__2018,Srinivas Kiran Ambatipudi,[]
v0_037_eu_india_water_cooperation_on_research_and_innovation_joint_call_for_proposals___2017__2018,Krishna Mohan Poluri,"['area', 'centre', 'department', 'field', 'system']"
v0_037_eu_india_water_cooperation_on_research_and_innovation_joint_call_for_proposals___2017__2018,Maya S.Nair,"['challenge', 'condition', 'priority', 'support']"
v0_037_eu_india_water_cooperation_on_research_and_innovation_joint_call_for_proposals___2017__2018,N K Navani,"['condition', 'department', 'support']"
v0_037_eu_india_water_cooperation_on_research_and_innovation_joint_call_for_proposals___2017__2018,Partha Roy,"['area', 'centre', 'challenge', 'condition', 'control system', 'department', 'priority', 'solution', 'support']"
v0_037_eu_india_water_cooperation_on_research_and_innovation_joint_call_for_proposals___2017__2018,Poonam Choudhary,"['challenge', 'condition', 'control system', 'department', 'priority', 'solution']"
v0_037_eu_india_water_cooperation_on_research_and_innovation_joint_call_for_proposals___2017__2018,Prabhat Kumar Mandal,"['centre', 'challenge', 'condition', 'control system', 'department', 'solution', 'system']"
v0_037_eu_india_water_cooperation_on_research_and_innovation_joint_call_for_proposals___2017__2018,Pranita P Sarangi,['area']
v0_037_eu_india_water_cooperation_on_research_and_innovation_joint_call_for_proposals___2017__2018,Pravindra Kumar,"['area', 'department', 'rural', 'solution', 'system']"
v0_037_eu_india_water_cooperation_on_research_and_innovation_joint_call_for_proposals___2017__2018,Prince Tiwari,"['area', 'challenge', 'condition', 'department', 'priority', 'rural', 'system']"
v0_037_eu_india_water_cooperation_on_research_and_innovation_joint_call_for_proposals___2017__2018,R. P. Singh,"['area', 'condition', 'control system', 'department', 'field', 'priority', 'support']"
v0_037_eu_india_water_cooperation_on_research_and_innovation_joint_call_for_proposals___2017__2018,Ramasare Prasad,"['area', 'centre', 'department', 'priority', 'solution']"
v0_037_eu_india_water_cooperation_on_research_and_innovation_joint_call_for_proposals___2017__2018,Ranjana Pathania,"['control system', 'department', 'solution']"
v0_037_eu_india_water_cooperation_on_research_and_innovation_joint_call_for_proposals___2017__2018,Sanjoy Ghosh,"['challenge', 'condition', 'control system', 'department', 'field', 'solution']"
v0_037_eu_india_water_cooperation_on_research_and_innovation_joint_call_for_proposals___2017__2018,Saugata Hazra,"['centre', 'condition', 'control system', 'department', 'field', 'system']"
v0_037_eu_india_water_cooperation_on_research_and_innovation_joint_call_for_proposals___2017__2018,Shailly Tomar,"['condition', 'department', 'solution']"
v0_037_eu_india_water_cooperation_on_research_and_innovation_joint_call_for_proposals___2017__2018,Shri Ram Yadav,"['centre', 'condition', 'control system', 'department', 'system']"
v0_037_eu_india_water_cooperation_on_research_and_innovation_joint_call_for_proposals___2017__2018,Soma Rohatgi,"['area', 'condition', 'control system']"
v0_037_eu_india_water_cooperation_on_research_and_innovation_joint_call_for_proposals___2017__2018,Sachin Suresh Tiwari,"['area', 'centre', 'challenge', 'condition', 'department', 'india', 'solution']"
v0_037_eu_india_water_cooperation_on_research_and_innovation_joint_call_for_proposals___2017__2018,Jitin Singla,"['area', 'condition', 'solution', 'support']"
v0_037_eu_india_water_cooperation_on_research_and_innovation_joint_call_for_proposals___2017__2018,Rajesh Kumar,"['area', 'centre', 'condition', 'department', 'field', 'india', 'priority', 'solution']"
v0_037_eu_india_water_cooperation_on_research_and_innovation_joint_call_for_proposals___2017__2018,Akhil Upadhyay,"['centre', 'challenge', 'condition', 'control system', 'department', 'solution']"
v0_038_scheme_for_young_scientists_and_technologists,Arindam Biswas,[]
v0_038_scheme_for_young_scientists_and_technologists,Avlokita Agrawal,[]
v0_038_scheme_for_young_scientists_and_technologists,Gaurav Raheja,[]
v0_038_scheme_for_young_scientists_and_technologists,Harshit Sosan Lakra,[]
v0_038_scheme_for_young_scientists_and_technologists,Mahua Mukherjee,['general']
v0_038_scheme_for_young_scientists_and_technologists,Prabhjot Singh Chani,['general']
v0_038_scheme_for_young_scientists_and_technologists,E Rajasekar,[]
v0_038_scheme_for_young_scientists_and_technologists,Ram Sateesh Pasupuleti,['general']
v0_038_scheme_for_young_scientists_and_technologists,Saptarshi Kolay,[]
v0_038_scheme_for_young_scientists_and_technologists,Shubhajit Sadhukhan,['general']
v0_038_scheme_for_young_scientists_and_technologists,Smriti Saraswat,[]
v0_038_scheme_for_young_scientists_and_technologists,Sonal Atreya,[]
v0_038_scheme_for_young_scientists_and_technologists,Tina Pujara,['general']
v0_038_scheme_for_young_scientists_and_technologists,Uttam Kumar Roy,['general']
v0_038_scheme_for_young_scientists_and_technologists,V Devadas,[]
v0_038_scheme_for_young_scientists_and_technologists,Jaydev Dabas,['general']
v0_038_scheme_for_young_scientists_and_technologists,Millie Pant,[]
v0_038_scheme_for_young_scientists_and_technologists,Rajan Arora,[]
v0_038_scheme_for_young_scientists_and_technologists,Ashwani Kumar Sharma,['general']
v0_038_scheme_for_young_scientists_and_technologists,Bijan Choudhury,['general']
v0_038_scheme_for_young_scientists_and_technologists,Debabrata Sircar,['general']
v0_038_scheme_for_young_scientists_and_technologists,Deepak Sharma,['general']
v0_038_scheme_for_young_scientists_and_technologists,P Gopinath,[]
v0_038_scheme_for_young_scientists_and_technologists,Harsh Chauhan,[]
v0_038_scheme_for_young_scientists_and_technologists,Srinivas Kiran Ambatipudi,[]
v0_038_scheme_for_young_scientists_and_technologists,Krishna Mohan Poluri,['general']
v0_038_scheme_for_young_scientists_and_technologists,Maya S.Nair,[]
v0_038_scheme_for_young_scientists_and_technologists,N K Navani,['general']
v0_038_scheme_for_young_scientists_and_technologists,Partha Roy,[]
v0_038_scheme_for_young_scientists_and_technologists,Poonam Choudhary,['general']
v0_038_scheme_for_young_scientists_and_technologists,Prabhat Kumar Mandal,[]
v0_038_scheme_for_young_scientists_and_technologists,Pranita P Sarangi,[]
v0_038_scheme_for_young_scientists_and_technologists,Pravindra Kumar,[]
v0_038_scheme_for_young_scientists_and_technologists,Prince Tiwari,[]
v0_038_scheme_for_young_scientists_and_technologists,R. P. Singh,['general']
v0_038_scheme_for_young_scientists_and_technologists,Ramasare Prasad,[]
v0_038_scheme_for_young_scientists_and_technologists,Ranjana Pathania,['general']
v0_038_scheme_for_young_scientists_and_technologists,Sanjoy Ghosh,['general']
v0_038_scheme_for_young_scientists_and_technologists,Saugata Hazra,['general']
v0_038_scheme_for_young_scientists_and_technologists,Shailly Tomar,[]
v0_038_scheme_for_young_scientists_and_technologists,Shri Ram Yadav,[]
v0_038_scheme_for_young_scientists_and_technologists,Soma Rohatgi,['general']
v0_038_scheme_for_young_scientists_and_technologists,Sachin Suresh Tiwari,['general']
v0_038_scheme_for_young_scientists_and_technologists,Jitin Singla,[]
v0_038_scheme_for_young_scientists_and_technologists,Rajesh Kumar,[]
v0_038_scheme_for_young_scientists_and_technologists,Akhil Upadhyay,['general']
v0_039_invites_rd_project_proposals_on_spatial_data_infrastructures_sdi_for_urban_governance_applications,Arindam Biswas,"['application', 'area', 'city', 'department', 'development', 'india', 'indian city', 'smart city', 'support']"
v0_039_invites_rd_project_proposals_on_spatial_data_infrastructures_sdi_for_urban_governance_applications,Avlokita Agrawal,"['application', 'concept', 'department', 'development', 'india', 'process', 'support', 'system']"
v0_039_invites_rd_project_proposals_on_spatial_data_infrastructures_sdi_for_urban_governance_applications,Gaurav Raheja,"['application', 'area', 'city', 'concept', 'department', 'development', 'india', 'indian city', 'smart city', 'support']"
v0_039_invites_rd_project_proposals_on_spatial_data_infrastructures_sdi_for_urban_governance_applications,Harshit Sosan Lakra,[]
v0_039_invites_rd_project_proposals_on_spatial_data_infrastructures_sdi_for_urban_governance_applications,Mahua Mukherjee,"['application', 'city', 'department', 'development', 'india', 'indian city', 'process', 'smart city', 'support', 'system']"
v0_039_invites_rd_project_proposals_on_spatial_data_infrastructures_sdi_for_urban_governance_applications,Prabhjot Singh Chani,"['application', 'city', 'department', 'development', 'india', 'indian city', 'smart city', 'support']"
v0_039_invites_rd_project_proposals_on_spatial_data_infrastructures_sdi_for_urban_governance_applications,E Rajasekar,"['area', 'smart city', 'support']"
v0_039_invites_rd_project_proposals_on_spatial_data_infrastructures_sdi_for_urban_governance_applications,Ram Sateesh Pasupuleti,"['application', 'area', 'concept', 'smart city', 'support', 'system']"
v0_039_invites_rd_project_proposals_on_spatial_data_infrastructures_sdi_for_urban_governance_applications,Saptarshi Kolay,"['application', 'area', 'development', 'indian city', 'process', 'smart city', 'support']"
v0_039_invites_rd_project_proposals_on_spatial_data_infrastructures_sdi_for_urban_governance_applications,Shubhajit Sadhukhan,"['application', 'area', 'city', 'concept', 'department', 'development', 'indian city', 'process', 'support']"
v0_039_invites_rd_project_proposals_on_spatial_data_infrastructures_sdi_for_urban_governance_applications,Smriti Saraswat,"['application', 'department', 'development', 'india', 'indian city', 'process']"
v0_039_invites_rd_project_proposals_on_spatial_data_infrastructures_sdi_for_urban_governance_applications,Sonal Atreya,"['application', 'area', 'city', 'indian city', 'process', 'support', 'system']"
v0_039_invites_rd_project_proposals_on_spatial_data_infrastructures_sdi_for_urban_governance_applications,Tina Pujara,"['application', 'concept', 'system']"
v0_039_invites_rd_project_proposals_on_spatial_data_infrastructures_sdi_for_urban_governance_applications,Uttam Kumar Roy,"['application', 'department', 'process', 'smart city', 'support']"
v0_039_invites_rd_project_proposals_on_spatial_data_infrastructures_sdi_for_urban_governance_applications,V Devadas,"['application', 'area', 'department', 'development', 'indian city', 'smart city', 'system']"
v0_039_invites_rd_project_proposals_on_spatial_data_infrastructures_sdi_for_urban_governance_applications,Jaydev Dabas,"['application', 'area', 'process', 'support']"
v0_039_invites_rd_project_proposals_on_spatial_data_infrastructures_sdi_for_urban_governance_applications,Millie Pant,"['application', 'area', 'concept', 'department', 'development', 'process', 'support']"
v0_039_invites_rd_project_proposals_on_spatial_data_infrastructures_sdi_for_urban_governance_applications,Rajan Arora,"['application', 'department', 'support']"
v0_039_invites_rd_project_proposals_on_spatial_data_infrastructures_sdi_for_urban_governance_applications,Ashwani Kumar Sharma,"['area', 'department', 'development', 'india', 'indian city', 'process', 'smart city', 'system']"
v0_039_invites_rd_project_proposals_on_spatial_data_infrastructures_sdi_for_urban_governance_applications,Bijan Choudhury,"['application', 'area', 'city', 'department', 'development', 'india', 'indian city', 'smart city']"
v0_039_invites_rd_project_proposals_on_spatial_data_infrastructures_sdi_for_urban_governance_applications,Debabrata Sircar,"['application', 'indian city', 'process', 'smart city', 'support', 'system']"
v0_039_invites_rd_project_proposals_on_spatial_data_infrastructures_sdi_for_urban_governance_applications,Deepak Sharma,"['application', 'area', 'concept', 'department', 'process']"
v0_039_invites_rd_project_proposals_on_spatial_data_infrastructures_sdi_for_urban_governance_applications,P Gopinath,"['application', 'department', 'development', 'indian city', 'smart city', 'system']"
v0_039_invites_rd_project_proposals_on_spatial_data_infrastructures_sdi_for_urban_governance_applications,Harsh Chauhan,"['application', 'area', 'city', 'concept', 'department', 'development', 'india', 'indian city', 'process', 'smart city', 'support']"
v0_039_invites_rd_project_proposals_on_spatial_data_infrastructures_sdi_for_urban_governance_applications,Srinivas Kiran Ambatipudi,[]
v0_039_invites_rd_project_proposals_on_spatial_data_infrastructures_sdi_for_urban_governance_applications,Krishna Mohan Poluri,"['area', 'department', 'development', 'system']"
v0_039_invites_rd_project_proposals_on_spatial_data_infrastructures_sdi_for_urban_governance_applications,Maya S.Nair,"['application', 'indian city', 'process', 'smart city', 'support']"
v0_039_invites_rd_project_proposals_on_spatial_data_infrastructures_sdi_for_urban_governance_applications,N K Navani,"['concept', 'department', 'development', 'process', 'support']"
v0_039_invites_rd_project_proposals_on_spatial_data_infrastructures_sdi_for_urban_governance_applications,Partha Roy,"['application', 'area', 'department', 'development', 'indian city', 'support']"
v0_039_invites_rd_project_proposals_on_spatial_data_infrastructures_sdi_for_urban_governance_applications,Poonam Choudhary,"['application', 'city', 'department', 'process', 'smart city']"
v0_039_invites_rd_project_proposals_on_spatial_data_infrastructures_sdi_for_urban_governance_applications,Prabhat Kumar Mandal,"['application', 'concept', 'department', 'development', 'process', 'smart city', 'system']"
v0_039_invites_rd_project_proposals_on_spatial_data_infrastructures_sdi_for_urban_governance_applications,Pranita P Sarangi,"['area', 'indian city', 'process']"
v0_039_invites_rd_project_proposals_on_spatial_data_infrastructures_sdi_for_urban_governance_applications,Pravindra Kumar,"['application', 'area', 'city', 'department', 'development', 'smart city', 'system']"
v0_039_invites_rd_project_proposals_on_spatial_data_infrastructures_sdi_for_urban_governance_applications,Prince Tiwari,"['application', 'area', 'city', 'concept', 'department', 'process', 'smart city', 'system']"
v0_039_invites_rd_project_proposals_on_spatial_data_infrastructures_sdi_for_urban_governance_applications,R. P. Singh,"['application', 'area', 'department', 'development', 'support']"
v0_039_invites_rd_project_proposals_on_spatial_data_infrastructures_sdi_for_urban_governance_applications,Ramasare Prasad,"['application', 'area', 'city', 'department', 'development', 'indian city', 'process', 'smart city']"
v0_039_invites_rd_project_proposals_on_spatial_data_infrastructures_sdi_for_urban_governance_applications,Ranjana Pathania,"['application', 'department', 'development']"
v0_039_invites_rd_project_proposals_on_spatial_data_infrastructures_sdi_for_urban_governance_applications,Sanjoy Ghosh,"['application', 'concept', 'department', 'indian city', 'process']"
v0_039_invites_rd_project_proposals_on_spatial_data_infrastructures_sdi_for_urban_governance_applications,Saugata Hazra,"['department', 'development', 'system']"
v0_039_invites_rd_project_proposals_on_spatial_data_infrastructures_sdi_for_urban_governance_applications,Shailly Tomar,"['application', 'concept', 'department', 'development', 'process']"
v0_039_invites_rd_project_proposals_on_spatial_data_infrastructures_sdi_for_urban_governance_applications,Shri Ram Yadav,"['application', 'concept', 'department', 'system']"
v0_039_invites_rd_project_proposals_on_spatial_data_infrastructures_sdi_for_urban_governance_applications,Soma Rohatgi,"['application', 'area', 'development', 'indian city', 'smart city']"
v0_039_invites_rd_project_proposals_on_spatial_data_infrastructures_sdi_for_urban_governance_applications,Sachin Suresh Tiwari,"['application', 'area', 'city', 'department', 'india', 'indian city', 'process']"
v0_039_invites_rd_project_proposals_on_spatial_data_infrastructures_sdi_for_urban_governance_applications,Jitin Singla,"['application', 'area', 'concept', 'indian city', 'process', 'support']"
v0_039_invites_rd_project_proposals_on_spatial_data_infrastructures_sdi_for_urban_governance_applications,Rajesh Kumar,"['application', 'area', 'city', 'department', 'development', 'india', 'process', 'smart city']"
v0_039_invites_rd_project_proposals_on_spatial_data_infrastructures_sdi_for_urban_governance_applications,Akhil Upadhyay,"['city', 'concept', 'department', 'process']"
v0_040_advertisement_for_the_swarnajayanti_fellowships_scheme_2017_18,Arindam Biswas,"['application', 'area', 'department', 'india', 'need', 'potential', 'support', 'year']"
v0_040_advertisement_for_the_swarnajayanti_fellowships_scheme_2017_18,Avlokita Agrawal,"['application', 'department', 'impact', 'india', 'need', 'potential', 'support']"
v0_040_advertisement_for_the_swarnajayanti_fellowships_scheme_2017_18,Gaurav Raheja,"['application', 'area', 'department', 'india', 'need', 'support']"
v0_040_advertisement_for_the_swarnajayanti_fellowships_scheme_2017_18,Harshit Sosan Lakra,[]
v0_040_advertisement_for_the_swarnajayanti_fellowships_scheme_2017_18,Mahua Mukherjee,"['application', 'department', 'india', 'support']"
v0_040_advertisement_for_the_swarnajayanti_fellowships_scheme_2017_18,Prabhjot Singh Chani,"['application', 'department', 'india', 'support']"
v0_040_advertisement_for_the_swarnajayanti_fellowships_scheme_2017_18,E Rajasekar,"['area', 'impact', 'number', 'support', 'year']"
v0_040_advertisement_for_the_swarnajayanti_fellowships_scheme_2017_18,Ram Sateesh Pasupuleti,"['application', 'area', 'number', 'potential', 'support', 'year']"
v0_040_advertisement_for_the_swarnajayanti_fellowships_scheme_2017_18,Saptarshi Kolay,"['application', 'area', 'support', 'year']"
v0_040_advertisement_for_the_swarnajayanti_fellowships_scheme_2017_18,Shubhajit Sadhukhan,"['application', 'area', 'department', 'impact', 'number', 'potential', 'support']"
v0_040_advertisement_for_the_swarnajayanti_fellowships_scheme_2017_18,Smriti Saraswat,"['application', 'department', 'india', 'number', 'potential']"
v0_040_advertisement_for_the_swarnajayanti_fellowships_scheme_2017_18,Sonal Atreya,"['application', 'area', 'impact', 'number', 'phd', 'support']"
v0_040_advertisement_for_the_swarnajayanti_fellowships_scheme_2017_18,Tina Pujara,"['application', 'impact', 'potential']"
v0_040_advertisement_for_the_swarnajayanti_fellowships_scheme_2017_18,Uttam Kumar Roy,"['application', 'department', 'support']"
v0_040_advertisement_for_the_swarnajayanti_fellowships_scheme_2017_18,V Devadas,"['application', 'area', 'department', 'impact', 'year']"
v0_040_advertisement_for_the_swarnajayanti_fellowships_scheme_2017_18,Jaydev Dabas,"['application', 'area', 'support']"
v0_040_advertisement_for_the_swarnajayanti_fellowships_scheme_2017_18,Millie Pant,"['application', 'area', 'department', 'potential', 'support']"
v0_040_advertisement_for_the_swarnajayanti_fellowships_scheme_2017_18,Rajan Arora,"['application', 'department', 'phd', 'support']"
v0_040_advertisement_for_the_swarnajayanti_fellowships_scheme_2017_18,Ashwani Kumar Sharma,"['area', 'department', 'india', 'potential']"
v0_040_advertisement_for_the_swarnajayanti_fellowships_scheme_2017_18,Bijan Choudhury,"['application', 'area', 'department', 'impact', 'india', 'potential', 'year']"
v0_040_advertisement_for_the_swarnajayanti_fellowships_scheme_2017_18,Debabrata Sircar,"['application', 'potential', 'support']"
v0_040_advertisement_for_the_swarnajayanti_fellowships_scheme_2017_18,Deepak Sharma,"['application', 'area', 'department', 'number']"
v0_040_advertisement_for_the_swarnajayanti_fellowships_scheme_2017_18,P Gopinath,"['application', 'department', 'impact']"
v0_040_advertisement_for_the_swarnajayanti_fellowships_scheme_2017_18,Harsh Chauhan,"['application', 'area', 'department', 'india', 'need', 'potential', 'support', 'year']"
v0_040_advertisement_for_the_swarnajayanti_fellowships_scheme_2017_18,Srinivas Kiran Ambatipudi,['potential']
v0_040_advertisement_for_the_swarnajayanti_fellowships_scheme_2017_18,Krishna Mohan Poluri,"['area', 'department', 'need', 'potential', 'year']"
v0_040_advertisement_for_the_swarnajayanti_fellowships_scheme_2017_18,Maya S.Nair,"['application', 'impact', 'need', 'potential', 'support']"
v0_040_advertisement_for_the_swarnajayanti_fellowships_scheme_2017_18,N K Navani,"['department', 'potential', 'support']"
v0_040_advertisement_for_the_swarnajayanti_fellowships_scheme_2017_18,Partha Roy,"['application', 'area', 'department', 'impact', 'potential', 'support', 'year']"
v0_040_advertisement_for_the_swarnajayanti_fellowships_scheme_2017_18,Poonam Choudhary,"['application', 'department', 'phd', 'potential']"
v0_040_advertisement_for_the_swarnajayanti_fellowships_scheme_2017_18,Prabhat Kumar Mandal,"['application', 'department', 'potential']"
v0_040_advertisement_for_the_swarnajayanti_fellowships_scheme_2017_18,Pranita P Sarangi,"['area', 'year']"
v0_040_advertisement_for_the_swarnajayanti_fellowships_scheme_2017_18,Pravindra Kumar,"['application', 'area', 'department', 'potential']"
v0_040_advertisement_for_the_swarnajayanti_fellowships_scheme_2017_18,Prince Tiwari,"['application', 'area', 'department', 'number']"
v0_040_advertisement_for_the_swarnajayanti_fellowships_scheme_2017_18,R. P. Singh,"['application', 'area', 'department', 'number', 'potential', 'support', 'year']"
v0_040_advertisement_for_the_swarnajayanti_fellowships_scheme_2017_18,Ramasare Prasad,"['application', 'area', 'department', 'potential']"
v0_040_advertisement_for_the_swarnajayanti_fellowships_scheme_2017_18,Ranjana Pathania,"['application', 'department', 'number', 'potential']"
v0_040_advertisement_for_the_swarnajayanti_fellowships_scheme_2017_18,Sanjoy Ghosh,"['application', 'department', 'impact', 'need', 'potential']"
v0_040_advertisement_for_the_swarnajayanti_fellowships_scheme_2017_18,Saugata Hazra,"['department', 'potential']"
v0_040_advertisement_for_the_swarnajayanti_fellowships_scheme_2017_18,Shailly Tomar,"['application', 'department', 'potential']"
v0_040_advertisement_for_the_swarnajayanti_fellowships_scheme_2017_18,Shri Ram Yadav,"['application', 'department', 'impact', 'potential']"
v0_040_advertisement_for_the_swarnajayanti_fellowships_scheme_2017_18,Soma Rohatgi,"['application', 'area', 'impact', 'need', 'potential']"
v0_040_advertisement_for_the_swarnajayanti_fellowships_scheme_2017_18,Sachin Suresh Tiwari,"['application', 'area', 'department', 'india', 'need', 'potential', 'year']"
v0_040_advertisement_for_the_swarnajayanti_fellowships_scheme_2017_18,Jitin Singla,"['application', 'area', 'number', 'support']"
v0_040_advertisement_for_the_swarnajayanti_fellowships_scheme_2017_18,Rajesh Kumar,"['application', 'area', 'department', 'india', 'potential', 'year']"
v0_040_advertisement_for_the_swarnajayanti_fellowships_scheme_2017_18,Akhil Upadhyay,"['department', 'number']"
v0_041_announcement_for_inviting_applications_for_participation_in_3rd_brics_young_scientist_conclave_durban_south_africa25_29_june_2018,Arindam Biswas,"['application', 'attention', 'challenge', 'country', 'declaration', 'department', 'edition', 'india', 'place', 'year']"
v0_041_announcement_for_inviting_applications_for_participation_in_3rd_brics_young_scientist_conclave_durban_south_africa25_29_june_2018,Avlokita Agrawal,"['application', 'country', 'declaration', 'department', 'edition', 'future', 'india', 'place']"
v0_041_announcement_for_inviting_applications_for_participation_in_3rd_brics_young_scientist_conclave_durban_south_africa25_29_june_2018,Gaurav Raheja,"['application', 'attention', 'challenge', 'declaration', 'department', 'edition', 'field', 'future', 'india', 'place']"
v0_041_announcement_for_inviting_applications_for_participation_in_3rd_brics_young_scientist_conclave_durban_south_africa25_29_june_2018,Harshit Sosan Lakra,['declaration']
v0_041_announcement_for_inviting_applications_for_participation_in_3rd_brics_young_scientist_conclave_durban_south_africa25_29_june_2018,Mahua Mukherjee,"['application', 'attention', 'declaration', 'department', 'edition', 'india', 'place']"
v0_041_announcement_for_inviting_applications_for_participation_in_3rd_brics_young_scientist_conclave_durban_south_africa25_29_june_2018,Prabhjot Singh Chani,"['application', 'challenge', 'country', 'declaration', 'department', 'edition', 'india', 'place']"
v0_041_announcement_for_inviting_applications_for_participation_in_3rd_brics_young_scientist_conclave_durban_south_africa25_29_june_2018,E Rajasekar,"['attention', 'country', 'declaration', 'edition', 'future', 'place', 'year']"
v0_041_announcement_for_inviting_applications_for_participation_in_3rd_brics_young_scientist_conclave_durban_south_africa25_29_june_2018,Ram Sateesh Pasupuleti,"['application', 'attention', 'challenge', 'declaration', 'edition', 'future', 'year']"
v0_041_announcement_for_inviting_applications_for_participation_in_3rd_brics_young_scientist_conclave_durban_south_africa25_29_june_2018,Saptarshi Kolay,"['application', 'challenge', 'declaration', 'edition', 'year']"
v0_041_announcement_for_inviting_applications_for_participation_in_3rd_brics_young_scientist_conclave_durban_south_africa25_29_june_2018,Shubhajit Sadhukhan,"['application', 'attention', 'country', 'declaration', 'department', 'edition', 'future']"
v0_041_announcement_for_inviting_applications_for_participation_in_3rd_brics_young_scientist_conclave_durban_south_africa25_29_june_2018,Smriti Saraswat,"['application', 'attention', 'declaration', 'department', 'edition', 'india']"
v0_041_announcement_for_inviting_applications_for_participation_in_3rd_brics_young_scientist_conclave_durban_south_africa25_29_june_2018,Sonal Atreya,"['application', 'attention', 'challenge', 'country', 'declaration', 'edition', 'future', 'place']"
v0_041_announcement_for_inviting_applications_for_participation_in_3rd_brics_young_scientist_conclave_durban_south_africa25_29_june_2018,Tina Pujara,"['application', 'attention', 'declaration', 'edition', 'place']"
v0_041_announcement_for_inviting_applications_for_participation_in_3rd_brics_young_scientist_conclave_durban_south_africa25_29_june_2018,Uttam Kumar Roy,"['application', 'attention', 'declaration', 'department', 'edition']"
v0_041_announcement_for_inviting_applications_for_participation_in_3rd_brics_young_scientist_conclave_durban_south_africa25_29_june_2018,V Devadas,"['application', 'attention', 'declaration', 'department', 'edition', 'future', 'place', 'year']"
v0_041_announcement_for_inviting_applications_for_participation_in_3rd_brics_young_scientist_conclave_durban_south_africa25_29_june_2018,Jaydev Dabas,"['application', 'attention', 'declaration', 'edition', 'place']"
v0_041_announcement_for_inviting_applications_for_participation_in_3rd_brics_young_scientist_conclave_durban_south_africa25_29_june_2018,Millie Pant,"['application', 'attention', 'declaration', 'department', 'edition', 'place']"
v0_041_announcement_for_inviting_applications_for_participation_in_3rd_brics_young_scientist_conclave_durban_south_africa25_29_june_2018,Rajan Arora,"['application', 'attention', 'country', 'declaration', 'department', 'edition', 'field', 'place']"
v0_041_announcement_for_inviting_applications_for_participation_in_3rd_brics_young_scientist_conclave_durban_south_africa25_29_june_2018,Ashwani Kumar Sharma,"['attention', 'declaration', 'department', 'future', 'india', 'place']"
v0_041_announcement_for_inviting_applications_for_participation_in_3rd_brics_young_scientist_conclave_durban_south_africa25_29_june_2018,Bijan Choudhury,"['application', 'attention', 'declaration', 'department', 'edition', 'india', 'year']"
v0_041_announcement_for_inviting_applications_for_participation_in_3rd_brics_young_scientist_conclave_durban_south_africa25_29_june_2018,Debabrata Sircar,"['application', 'attention', 'country', 'declaration', 'edition', 'place']"
v0_041_announcement_for_inviting_applications_for_participation_in_3rd_brics_young_scientist_conclave_durban_south_africa25_29_june_2018,Deepak Sharma,"['application', 'attention', 'challenge', 'country', 'declaration', 'department', 'edition']"
v0_041_announcement_for_inviting_applications_for_participation_in_3rd_brics_young_scientist_conclave_durban_south_africa25_29_june_2018,P Gopinath,"['application', 'challenge', 'department', 'edition', 'place']"
v0_041_announcement_for_inviting_applications_for_participation_in_3rd_brics_young_scientist_conclave_durban_south_africa25_29_june_2018,Harsh Chauhan,"['application', 'attention', 'country', 'declaration', 'department', 'edition', 'field', 'india', 'place', 'year']"
v0_041_announcement_for_inviting_applications_for_participation_in_3rd_brics_young_scientist_conclave_durban_south_africa25_29_june_2018,Srinivas Kiran Ambatipudi,['place']
v0_041_announcement_for_inviting_applications_for_participation_in_3rd_brics_young_scientist_conclave_durban_south_africa25_29_june_2018,Krishna Mohan Poluri,"['attention', 'declaration', 'department', 'field', 'year']"
v0_041_announcement_for_inviting_applications_for_participation_in_3rd_brics_young_scientist_conclave_durban_south_africa25_29_june_2018,Maya S.Nair,"['application', 'attention', 'challenge', 'country', 'declaration', 'edition', 'future', 'place']"
v0_041_announcement_for_inviting_applications_for_participation_in_3rd_brics_young_scientist_conclave_durban_south_africa25_29_june_2018,N K Navani,"['attention', 'declaration', 'department', 'place']"
v0_041_announcement_for_inviting_applications_for_participation_in_3rd_brics_young_scientist_conclave_durban_south_africa25_29_june_2018,Partha Roy,"['application', 'attention', 'challenge', 'declaration', 'department', 'edition', 'place', 'year']"
v0_041_announcement_for_inviting_applications_for_participation_in_3rd_brics_young_scientist_conclave_durban_south_africa25_29_june_2018,Poonam Choudhary,"['application', 'attention', 'challenge', 'declaration', 'department', 'edition', 'future', 'place']"
v0_041_announcement_for_inviting_applications_for_participation_in_3rd_brics_young_scientist_conclave_durban_south_africa25_29_june_2018,Prabhat Kumar Mandal,"['application', 'attention', 'challenge', 'declaration', 'department', 'edition', 'place']"
v0_041_announcement_for_inviting_applications_for_participation_in_3rd_brics_young_scientist_conclave_durban_south_africa25_29_june_2018,Pranita P Sarangi,['year']
v0_041_announcement_for_inviting_applications_for_participation_in_3rd_brics_young_scientist_conclave_durban_south_africa25_29_june_2018,Pravindra Kumar,"['application', 'attention', 'declaration', 'department', 'future', 'place']"
v0_041_announcement_for_inviting_applications_for_participation_in_3rd_brics_young_scientist_conclave_durban_south_africa25_29_june_2018,Prince Tiwari,"['application', 'challenge', 'department', 'edition']"
v0_041_announcement_for_inviting_applications_for_participation_in_3rd_brics_young_scientist_conclave_durban_south_africa25_29_june_2018,R. P. Singh,"['application', 'attention', 'declaration', 'department', 'edition', 'field', 'future', 'year']"
v0_041_announcement_for_inviting_applications_for_participation_in_3rd_brics_young_scientist_conclave_durban_south_africa25_29_june_2018,Ramasare Prasad,"['application', 'country', 'department', 'future']"
v0_041_announcement_for_inviting_applications_for_participation_in_3rd_brics_young_scientist_conclave_durban_south_africa25_29_june_2018,Ranjana Pathania,"['application', 'attention', 'declaration', 'department', 'edition', 'place']"
v0_041_announcement_for_inviting_applications_for_participation_in_3rd_brics_young_scientist_conclave_durban_south_africa25_29_june_2018,Sanjoy Ghosh,"['application', 'attention', 'challenge', 'country', 'declaration', 'department', 'edition', 'field']"
v0_041_announcement_for_inviting_applications_for_participation_in_3rd_brics_young_scientist_conclave_durban_south_africa25_29_june_2018,Saugata Hazra,"['attention', 'declaration', 'department', 'field']"
v0_041_announcement_for_inviting_applications_for_participation_in_3rd_brics_young_scientist_conclave_durban_south_africa25_29_june_2018,Shailly Tomar,"['application', 'attention', 'declaration', 'department', 'place']"
v0_041_announcement_for_inviting_applications_for_participation_in_3rd_brics_young_scientist_conclave_durban_south_africa25_29_june_2018,Shri Ram Yadav,"['application', 'attention', 'declaration', 'department', 'edition']"
v0_041_announcement_for_inviting_applications_for_participation_in_3rd_brics_young_scientist_conclave_durban_south_africa25_29_june_2018,Soma Rohatgi,"['application', 'attention', 'declaration', 'edition', 'place']"
v0_041_announcement_for_inviting_applications_for_participation_in_3rd_brics_young_scientist_conclave_durban_south_africa25_29_june_2018,Sachin Suresh Tiwari,"['application', 'attention', 'challenge', 'country', 'declaration', 'department', 'edition', 'future', 'india', 'place', 'year']"
v0_041_announcement_for_inviting_applications_for_participation_in_3rd_brics_young_scientist_conclave_durban_south_africa25_29_june_2018,Jitin Singla,"['application', 'attention', 'declaration', 'edition', 'place']"
v0_041_announcement_for_inviting_applications_for_participation_in_3rd_brics_young_scientist_conclave_durban_south_africa25_29_june_2018,Rajesh Kumar,"['application', 'attention', 'declaration', 'department', 'edition', 'field', 'future', 'india', 'year']"
v0_041_announcement_for_inviting_applications_for_participation_in_3rd_brics_young_scientist_conclave_durban_south_africa25_29_june_2018,Akhil Upadhyay,"['challenge', 'country', 'department']"
v0_042_ministry_of_mines___invites_science_and_technology_project_proposals,Arindam Biswas,[]
v0_042_ministry_of_mines___invites_science_and_technology_project_proposals,Avlokita Agrawal,[]
v0_042_ministry_of_mines___invites_science_and_technology_project_proposals,Gaurav Raheja,[]
v0_042_ministry_of_mines___invites_science_and_technology_project_proposals,Harshit Sosan Lakra,[]
v0_042_ministry_of_mines___invites_science_and_technology_project_proposals,Mahua Mukherjee,['general']
v0_042_ministry_of_mines___invites_science_and_technology_project_proposals,Prabhjot Singh Chani,['general']
v0_042_ministry_of_mines___invites_science_and_technology_project_proposals,E Rajasekar,[]
v0_042_ministry_of_mines___invites_science_and_technology_project_proposals,Ram Sateesh Pasupuleti,['general']
v0_042_ministry_of_mines___invites_science_and_technology_project_proposals,Saptarshi Kolay,[]
v0_042_ministry_of_mines___invites_science_and_technology_project_proposals,Shubhajit Sadhukhan,['general']
v0_042_ministry_of_mines___invites_science_and_technology_project_proposals,Smriti Saraswat,[]
v0_042_ministry_of_mines___invites_science_and_technology_project_proposals,Sonal Atreya,[]
v0_042_ministry_of_mines___invites_science_and_technology_project_proposals,Tina Pujara,['general']
v0_042_ministry_of_mines___invites_science_and_technology_project_proposals,Uttam Kumar Roy,['general']
v0_042_ministry_of_mines___invites_science_and_technology_project_proposals,V Devadas,[]
v0_042_ministry_of_mines___invites_science_and_technology_project_proposals,Jaydev Dabas,['general']
v0_042_ministry_of_mines___invites_science_and_technology_project_proposals,Millie Pant,[]
v0_042_ministry_of_mines___invites_science_and_technology_project_proposals,Rajan Arora,[]
v0_042_ministry_of_mines___invites_science_and_technology_project_proposals,Ashwani Kumar Sharma,['general']
v0_042_ministry_of_mines___invites_science_and_technology_project_proposals,Bijan Choudhury,['general']
v0_042_ministry_of_mines___invites_science_and_technology_project_proposals,Debabrata Sircar,['general']
v0_042_ministry_of_mines___invites_science_and_technology_project_proposals,Deepak Sharma,['general']
v0_042_ministry_of_mines___invites_science_and_technology_project_proposals,P Gopinath,[]
v0_042_ministry_of_mines___invites_science_and_technology_project_proposals,Harsh Chauhan,[]
v0_042_ministry_of_mines___invites_science_and_technology_project_proposals,Srinivas Kiran Ambatipudi,[]
v0_042_ministry_of_mines___invites_science_and_technology_project_proposals,Krishna Mohan Poluri,['general']
v0_042_ministry_of_mines___invites_science_and_technology_project_proposals,Maya S.Nair,[]
v0_042_ministry_of_mines___invites_science_and_technology_project_proposals,N K Navani,['general']
v0_042_ministry_of_mines___invites_science_and_technology_project_proposals,Partha Roy,[]
v0_042_ministry_of_mines___invites_science_and_technology_project_proposals,Poonam Choudhary,['general']
v0_042_ministry_of_mines___invites_science_and_technology_project_proposals,Prabhat Kumar Mandal,[]
v0_042_ministry_of_mines___invites_science_and_technology_project_proposals,Pranita P Sarangi,[]
v0_042_ministry_of_mines___invites_science_and_technology_project_proposals,Pravindra Kumar,[]
v0_042_ministry_of_mines___invites_science_and_technology_project_proposals,Prince Tiwari,[]
v0_042_ministry_of_mines___invites_science_and_technology_project_proposals,R. P. Singh,['general']
v0_042_ministry_of_mines___invites_science_and_technology_project_proposals,Ramasare Prasad,[]
v0_042_ministry_of_mines___invites_science_and_technology_project_proposals,Ranjana Pathania,['general']
v0_042_ministry_of_mines___invites_science_and_technology_project_proposals,Sanjoy Ghosh,['general']
v0_042_ministry_of_mines___invites_science_and_technology_project_proposals,Saugata Hazra,['general']
v0_042_ministry_of_mines___invites_science_and_technology_project_proposals,Shailly Tomar,[]
v0_042_ministry_of_mines___invites_science_and_technology_project_proposals,Shri Ram Yadav,[]
v0_042_ministry_of_mines___invites_science_and_technology_project_proposals,Soma Rohatgi,['general']
v0_042_ministry_of_mines___invites_science_and_technology_project_proposals,Sachin Suresh Tiwari,['general']
v0_042_ministry_of_mines___invites_science_and_technology_project_proposals,Jitin Singla,[]
v0_042_ministry_of_mines___invites_science_and_technology_project_proposals,Rajesh Kumar,[]
v0_042_ministry_of_mines___invites_science_and_technology_project_proposals,Akhil Upadhyay,['general']
v0_043_call_for_oriented_researchtechnology_development_proposals_on_materials_for_energy_storage_mes___2018,Arindam Biswas,"['area', 'challenge', 'condition', 'department', 'design', 'development', 'india', 'material', 'storage system', 'support']"
v0_043_call_for_oriented_researchtechnology_development_proposals_on_materials_for_energy_storage_mes___2018,Avlokita Agrawal,"['advance', 'condition', 'department', 'development', 'future', 'india', 'storage system', 'support', 'system']"
v0_043_call_for_oriented_researchtechnology_development_proposals_on_materials_for_energy_storage_mes___2018,Gaurav Raheja,"['alternative', 'area', 'challenge', 'department', 'design', 'development', 'future', 'india', 'support']"
v0_043_call_for_oriented_researchtechnology_development_proposals_on_materials_for_energy_storage_mes___2018,Harshit Sosan Lakra,['storage system']
v0_043_call_for_oriented_researchtechnology_development_proposals_on_materials_for_energy_storage_mes___2018,Mahua Mukherjee,"['alternative', 'condition', 'department', 'design', 'development', 'india', 'material', 'storage system', 'support', 'system']"
v0_043_call_for_oriented_researchtechnology_development_proposals_on_materials_for_energy_storage_mes___2018,Prabhjot Singh Chani,"['advance', 'alternative', 'challenge', 'condition', 'department', 'development', 'india', 'range', 'storage system', 'support']"
v0_043_call_for_oriented_researchtechnology_development_proposals_on_materials_for_energy_storage_mes___2018,E Rajasekar,"['alternative', 'area', 'condition', 'design', 'future', 'material', 'storage system', 'support']"
v0_043_call_for_oriented_researchtechnology_development_proposals_on_materials_for_energy_storage_mes___2018,Ram Sateesh Pasupuleti,"['area', 'challenge', 'condition', 'future', 'material', 'storage system', 'support', 'system']"
v0_043_call_for_oriented_researchtechnology_development_proposals_on_materials_for_energy_storage_mes___2018,Saptarshi Kolay,"['alternative', 'area', 'challenge', 'condition', 'design', 'development', 'material', 'range', 'support']"
v0_043_call_for_oriented_researchtechnology_development_proposals_on_materials_for_energy_storage_mes___2018,Shubhajit Sadhukhan,"['area', 'condition', 'department', 'development', 'future', 'material', 'support']"
v0_043_call_for_oriented_researchtechnology_development_proposals_on_materials_for_energy_storage_mes___2018,Smriti Saraswat,"['advance', 'condition', 'department', 'development', 'india', 'range']"
v0_043_call_for_oriented_researchtechnology_development_proposals_on_materials_for_energy_storage_mes___2018,Sonal Atreya,"['alternative', 'area', 'challenge', 'condition', 'future', 'material', 'storage system', 'support', 'system']"
v0_043_call_for_oriented_researchtechnology_development_proposals_on_materials_for_energy_storage_mes___2018,Tina Pujara,"['alternative', 'condition', 'design', 'range', 'storage system', 'system']"
v0_043_call_for_oriented_researchtechnology_development_proposals_on_materials_for_energy_storage_mes___2018,Uttam Kumar Roy,"['advance', 'condition', 'department', 'design', 'material', 'storage system', 'support']"
v0_043_call_for_oriented_researchtechnology_development_proposals_on_materials_for_energy_storage_mes___2018,V Devadas,"['advance', 'area', 'condition', 'department', 'design', 'development', 'future', 'range', 'storage system', 'system']"
v0_043_call_for_oriented_researchtechnology_development_proposals_on_materials_for_energy_storage_mes___2018,Jaydev Dabas,"['alternative', 'area', 'condition', 'design', 'storage system', 'support']"
v0_043_call_for_oriented_researchtechnology_development_proposals_on_materials_for_energy_storage_mes___2018,Millie Pant,"['alternative', 'area', 'department', 'development', 'material', 'range', 'support']"
v0_043_call_for_oriented_researchtechnology_development_proposals_on_materials_for_energy_storage_mes___2018,Rajan Arora,"['alternative', 'condition', 'department', 'support']"
v0_043_call_for_oriented_researchtechnology_development_proposals_on_materials_for_energy_storage_mes___2018,Ashwani Kumar Sharma,"['alternative', 'area', 'department', 'design', 'development', 'future', 'india', 'material', 'system']"
v0_043_call_for_oriented_researchtechnology_development_proposals_on_materials_for_energy_storage_mes___2018,Bijan Choudhury,"['area', 'condition', 'department', 'design', 'development', 'india', 'material']"
v0_043_call_for_oriented_researchtechnology_development_proposals_on_materials_for_energy_storage_mes___2018,Debabrata Sircar,"['alternative', 'condition', 'material', 'storage system', 'support', 'system']"
v0_043_call_for_oriented_researchtechnology_development_proposals_on_materials_for_energy_storage_mes___2018,Deepak Sharma,"['area', 'challenge', 'condition', 'department', 'material', 'storage system']"
v0_043_call_for_oriented_researchtechnology_development_proposals_on_materials_for_energy_storage_mes___2018,P Gopinath,"['advance', 'challenge', 'condition', 'department', 'development', 'material', 'range', 'storage system', 'system']"
v0_043_call_for_oriented_researchtechnology_development_proposals_on_materials_for_energy_storage_mes___2018,Harsh Chauhan,"['alternative', 'area', 'condition', 'department', 'development', 'india', 'support']"
v0_043_call_for_oriented_researchtechnology_development_proposals_on_materials_for_energy_storage_mes___2018,Srinivas Kiran Ambatipudi,[]
v0_043_call_for_oriented_researchtechnology_development_proposals_on_materials_for_energy_storage_mes___2018,Krishna Mohan Poluri,"['advance', 'alternative', 'area', 'department', 'design', 'development', 'material', 'range', 'system']"
v0_043_call_for_oriented_researchtechnology_development_proposals_on_materials_for_energy_storage_mes___2018,Maya S.Nair,"['alternative', 'challenge', 'condition', 'future', 'range', 'storage system', 'support']"
v0_043_call_for_oriented_researchtechnology_development_proposals_on_materials_for_energy_storage_mes___2018,N K Navani,"['alternative', 'condition', 'department', 'development', 'material', 'range', 'storage system', 'support']"
v0_043_call_for_oriented_researchtechnology_development_proposals_on_materials_for_energy_storage_mes___2018,Partha Roy,"['alternative', 'area', 'challenge', 'condition', 'department', 'design', 'development', 'range', 'storage system', 'support']"
v0_043_call_for_oriented_researchtechnology_development_proposals_on_materials_for_energy_storage_mes___2018,Poonam Choudhary,"['advance', 'challenge', 'condition', 'department', 'design', 'future', 'material', 'range']"
v0_043_call_for_oriented_researchtechnology_development_proposals_on_materials_for_energy_storage_mes___2018,Prabhat Kumar Mandal,"['alternative', 'challenge', 'condition', 'department', 'development', 'storage system', 'system']"
v0_043_call_for_oriented_researchtechnology_development_proposals_on_materials_for_energy_storage_mes___2018,Pranita P Sarangi,"['area', 'material']"
v0_043_call_for_oriented_researchtechnology_development_proposals_on_materials_for_energy_storage_mes___2018,Pravindra Kumar,"['area', 'department', 'development', 'future', 'system']"
v0_043_call_for_oriented_researchtechnology_development_proposals_on_materials_for_energy_storage_mes___2018,Prince Tiwari,"['area', 'challenge', 'condition', 'department', 'design', 'material', 'range', 'system']"
v0_043_call_for_oriented_researchtechnology_development_proposals_on_materials_for_energy_storage_mes___2018,R. P. Singh,"['advance', 'alternative', 'area', 'condition', 'department', 'design', 'development', 'future', 'material', 'support']"
v0_043_call_for_oriented_researchtechnology_development_proposals_on_materials_for_energy_storage_mes___2018,Ramasare Prasad,"['alternative', 'area', 'department', 'development', 'future', 'material', 'storage system']"
v0_043_call_for_oriented_researchtechnology_development_proposals_on_materials_for_energy_storage_mes___2018,Ranjana Pathania,"['alternative', 'department', 'design', 'development', 'material', 'range']"
v0_043_call_for_oriented_researchtechnology_development_proposals_on_materials_for_energy_storage_mes___2018,Sanjoy Ghosh,"['alternative', 'challenge', 'condition', 'department', 'material']"
v0_043_call_for_oriented_researchtechnology_development_proposals_on_materials_for_energy_storage_mes___2018,Saugata Hazra,"['alternative', 'condition', 'department', 'design', 'development', 'material', 'storage system', 'system']"
v0_043_call_for_oriented_researchtechnology_development_proposals_on_materials_for_energy_storage_mes___2018,Shailly Tomar,"['alternative', 'condition', 'department', 'development', 'material']"
v0_043_call_for_oriented_researchtechnology_development_proposals_on_materials_for_energy_storage_mes___2018,Shri Ram Yadav,"['alternative', 'condition', 'department', 'range', 'storage system', 'system']"
v0_043_call_for_oriented_researchtechnology_development_proposals_on_materials_for_energy_storage_mes___2018,Soma Rohatgi,"['alternative', 'area', 'condition', 'development', 'material', 'range', 'storage system']"
v0_043_call_for_oriented_researchtechnology_development_proposals_on_materials_for_energy_storage_mes___2018,Sachin Suresh Tiwari,"['alternative', 'area', 'challenge', 'condition', 'department', 'future', 'india', 'range']"
v0_043_call_for_oriented_researchtechnology_development_proposals_on_materials_for_energy_storage_mes___2018,Jitin Singla,"['advance', 'alternative', 'area', 'condition', 'range', 'support']"
v0_043_call_for_oriented_researchtechnology_development_proposals_on_materials_for_energy_storage_mes___2018,Rajesh Kumar,"['alternative', 'area', 'condition', 'department', 'design', 'development', 'future', 'india', 'material', 'range']"
v0_043_call_for_oriented_researchtechnology_development_proposals_on_materials_for_energy_storage_mes___2018,Akhil Upadhyay,"['advance', 'alternative', 'challenge', 'condition', 'department', 'design', 'range']"
v0_044_call_for_proposals_for_establishing_technology_enabling_centres_tec_in_university_system,Arindam Biswas,"['country', 'development', 'institute', 'interaction', 'outcome', 'resource', 'role', 'step', 'support', 'year']"
v0_044_call_for_proposals_for_establishing_technology_enabling_centres_tec_in_university_system,Avlokita Agrawal,"['centre', 'country', 'development', 'institute', 'interaction', 'outcome', 'process', 'resource', 'support', 'system']"
v0_044_call_for_proposals_for_establishing_technology_enabling_centres_tec_in_university_system,Gaurav Raheja,"['development', 'institute', 'interaction', 'resource', 'support']"
v0_044_call_for_proposals_for_establishing_technology_enabling_centres_tec_in_university_system,Harshit Sosan Lakra,['outcome']
v0_044_call_for_proposals_for_establishing_technology_enabling_centres_tec_in_university_system,Mahua Mukherjee,"['centre', 'development', 'institute', 'interaction', 'process', 'step', 'support', 'system']"
v0_044_call_for_proposals_for_establishing_technology_enabling_centres_tec_in_university_system,Prabhjot Singh Chani,"['country', 'development', 'institute', 'interaction', 'support']"
v0_044_call_for_proposals_for_establishing_technology_enabling_centres_tec_in_university_system,E Rajasekar,"['country', 'interaction', 'objective', 'resource', 'role', 'step', 'support', 'year']"
v0_044_call_for_proposals_for_establishing_technology_enabling_centres_tec_in_university_system,Ram Sateesh Pasupuleti,"['centre', 'institute', 'interaction', 'objective', 'role', 'support', 'system', 'year']"
v0_044_call_for_proposals_for_establishing_technology_enabling_centres_tec_in_university_system,Saptarshi Kolay,"['centre', 'development', 'institute', 'interaction', 'process', 'resource', 'role', 'step', 'support', 'year']"
v0_044_call_for_proposals_for_establishing_technology_enabling_centres_tec_in_university_system,Shubhajit Sadhukhan,"['centre', 'country', 'development', 'interaction', 'process', 'resource', 'role', 'support']"
v0_044_call_for_proposals_for_establishing_technology_enabling_centres_tec_in_university_system,Smriti Saraswat,"['centre', 'development', 'interaction', 'outcome', 'process', 'resource']"
v0_044_call_for_proposals_for_establishing_technology_enabling_centres_tec_in_university_system,Sonal Atreya,"['centre', 'country', 'institute', 'interaction', 'process', 'resource', 'role', 'step', 'support', 'system']"
v0_044_call_for_proposals_for_establishing_technology_enabling_centres_tec_in_university_system,Tina Pujara,"['centre', 'interaction', 'outcome', 'system']"
v0_044_call_for_proposals_for_establishing_technology_enabling_centres_tec_in_university_system,Uttam Kumar Roy,"['outcome', 'process', 'resource', 'role', 'support']"
v0_044_call_for_proposals_for_establishing_technology_enabling_centres_tec_in_university_system,V Devadas,"['centre', 'development', 'interaction', 'resource', 'step', 'system', 'year']"
v0_044_call_for_proposals_for_establishing_technology_enabling_centres_tec_in_university_system,Jaydev Dabas,"['institute', 'interaction', 'outcome', 'process', 'role', 'support']"
v0_044_call_for_proposals_for_establishing_technology_enabling_centres_tec_in_university_system,Millie Pant,"['development', 'interaction', 'objective', 'process', 'step', 'support']"
v0_044_call_for_proposals_for_establishing_technology_enabling_centres_tec_in_university_system,Rajan Arora,"['country', 'interaction', 'support']"
v0_044_call_for_proposals_for_establishing_technology_enabling_centres_tec_in_university_system,Ashwani Kumar Sharma,"['development', 'interaction', 'process', 'role', 'step', 'system']"
v0_044_call_for_proposals_for_establishing_technology_enabling_centres_tec_in_university_system,Bijan Choudhury,"['centre', 'development', 'institute', 'interaction', 'role', 'year']"
v0_044_call_for_proposals_for_establishing_technology_enabling_centres_tec_in_university_system,Debabrata Sircar,"['country', 'institute', 'interaction', 'objective', 'process', 'resource', 'support', 'system']"
v0_044_call_for_proposals_for_establishing_technology_enabling_centres_tec_in_university_system,Deepak Sharma,"['country', 'institute', 'interaction', 'objective', 'process', 'resource']"
v0_044_call_for_proposals_for_establishing_technology_enabling_centres_tec_in_university_system,P Gopinath,"['development', 'step', 'system']"
v0_044_call_for_proposals_for_establishing_technology_enabling_centres_tec_in_university_system,Harsh Chauhan,"['centre', 'country', 'development', 'institute', 'interaction', 'process', 'role', 'support', 'year']"
v0_044_call_for_proposals_for_establishing_technology_enabling_centres_tec_in_university_system,Srinivas Kiran Ambatipudi,[]
v0_044_call_for_proposals_for_establishing_technology_enabling_centres_tec_in_university_system,Krishna Mohan Poluri,"['centre', 'development', 'interaction', 'outcome', 'resource', 'system', 'year']"
v0_044_call_for_proposals_for_establishing_technology_enabling_centres_tec_in_university_system,Maya S.Nair,"['country', 'interaction', 'process', 'resource', 'support']"
v0_044_call_for_proposals_for_establishing_technology_enabling_centres_tec_in_university_system,N K Navani,"['development', 'interaction', 'process', 'role', 'support']"
v0_044_call_for_proposals_for_establishing_technology_enabling_centres_tec_in_university_system,Partha Roy,"['centre', 'development', 'institute', 'interaction', 'outcome', 'role', 'support', 'year']"
v0_044_call_for_proposals_for_establishing_technology_enabling_centres_tec_in_university_system,Poonam Choudhary,"['interaction', 'objective', 'process', 'resource']"
v0_044_call_for_proposals_for_establishing_technology_enabling_centres_tec_in_university_system,Prabhat Kumar Mandal,"['centre', 'development', 'interaction', 'objective', 'process', 'resource', 'system']"
v0_044_call_for_proposals_for_establishing_technology_enabling_centres_tec_in_university_system,Pranita P Sarangi,"['institute', 'process', 'resource', 'role', 'year']"
v0_044_call_for_proposals_for_establishing_technology_enabling_centres_tec_in_university_system,Pravindra Kumar,"['development', 'interaction', 'role', 'step', 'system']"
v0_044_call_for_proposals_for_establishing_technology_enabling_centres_tec_in_university_system,Prince Tiwari,"['institute', 'interaction', 'outcome', 'process', 'role', 'step', 'system']"
v0_044_call_for_proposals_for_establishing_technology_enabling_centres_tec_in_university_system,R. P. Singh,"['development', 'institute', 'interaction', 'support', 'year']"
v0_044_call_for_proposals_for_establishing_technology_enabling_centres_tec_in_university_system,Ramasare Prasad,"['centre', 'country', 'development', 'institute', 'interaction', 'process']"
v0_044_call_for_proposals_for_establishing_technology_enabling_centres_tec_in_university_system,Ranjana Pathania,"['development', 'institute', 'interaction']"
v0_044_call_for_proposals_for_establishing_technology_enabling_centres_tec_in_university_system,Sanjoy Ghosh,"['country', 'interaction', 'objective', 'process', 'step']"
v0_044_call_for_proposals_for_establishing_technology_enabling_centres_tec_in_university_system,Saugata Hazra,"['centre', 'development', 'interaction', 'resource', 'system']"
v0_044_call_for_proposals_for_establishing_technology_enabling_centres_tec_in_university_system,Shailly Tomar,"['development', 'interaction', 'process', 'resource']"
v0_044_call_for_proposals_for_establishing_technology_enabling_centres_tec_in_university_system,Shri Ram Yadav,"['centre', 'institute', 'interaction', 'system']"
v0_044_call_for_proposals_for_establishing_technology_enabling_centres_tec_in_university_system,Soma Rohatgi,"['development', 'interaction', 'resource']"
v0_044_call_for_proposals_for_establishing_technology_enabling_centres_tec_in_university_system,Sachin Suresh Tiwari,"['centre', 'country', 'interaction', 'objective', 'process', 'resource', 'role', 'step', 'year']"
v0_044_call_for_proposals_for_establishing_technology_enabling_centres_tec_in_university_system,Jitin Singla,"['interaction', 'process', 'support']"
v0_044_call_for_proposals_for_establishing_technology_enabling_centres_tec_in_university_system,Rajesh Kumar,"['centre', 'development', 'institute', 'interaction', 'process', 'resource', 'year']"
v0_044_call_for_proposals_for_establishing_technology_enabling_centres_tec_in_university_system,Akhil Upadhyay,"['centre', 'country', 'interaction', 'process', 'resource']"
v0_045_call_for_proposals_under_state_science_and_technology_sstp__2018_19___call_date_18042018_to_31052018,Arindam Biswas,"['application', 'area', 'challenge', 'country', 'demand', 'department', 'development', 'india', 'institute', 'need', 'resource', 'study', 'support']"
v0_045_call_for_proposals_under_state_science_and_technology_sstp__2018_19___call_date_18042018_to_31052018,Avlokita Agrawal,"['application', 'country', 'department', 'development', 'india', 'institute', 'lab', 'model', 'need', 'pilot scale', 'resource', 'solution', 'study', 'support', 'survey']"
v0_045_call_for_proposals_under_state_science_and_technology_sstp__2018_19___call_date_18042018_to_31052018,Gaurav Raheja,"['application', 'area', 'challenge', 'department', 'development', 'field', 'india', 'institute', 'need', 'pilot scale', 'resource', 'solution', 'study', 'support']"
v0_045_call_for_proposals_under_state_science_and_technology_sstp__2018_19___call_date_18042018_to_31052018,Harshit Sosan Lakra,[]
v0_045_call_for_proposals_under_state_science_and_technology_sstp__2018_19___call_date_18042018_to_31052018,Mahua Mukherjee,"['application', 'demand', 'department', 'development', 'india', 'institute', 'level', 'solution', 'study', 'support']"
v0_045_call_for_proposals_under_state_science_and_technology_sstp__2018_19___call_date_18042018_to_31052018,Prabhjot Singh Chani,"['application', 'challenge', 'country', 'department', 'development', 'india', 'institute', 'lab', 'solution', 'support']"
v0_045_call_for_proposals_under_state_science_and_technology_sstp__2018_19___call_date_18042018_to_31052018,E Rajasekar,"['area', 'country', 'demand', 'resource', 'solution', 'support']"
v0_045_call_for_proposals_under_state_science_and_technology_sstp__2018_19___call_date_18042018_to_31052018,Ram Sateesh Pasupuleti,"['application', 'area', 'challenge', 'institute', 'solution', 'support']"
v0_045_call_for_proposals_under_state_science_and_technology_sstp__2018_19___call_date_18042018_to_31052018,Saptarshi Kolay,"['application', 'area', 'challenge', 'demand', 'development', 'institute', 'lab', 'pilot scale', 'resource', 'support', 'survey']"
v0_045_call_for_proposals_under_state_science_and_technology_sstp__2018_19___call_date_18042018_to_31052018,Shubhajit Sadhukhan,"['application', 'area', 'country', 'demand', 'department', 'development', 'level', 'resource', 'support', 'survey']"
v0_045_call_for_proposals_under_state_science_and_technology_sstp__2018_19___call_date_18042018_to_31052018,Smriti Saraswat,"['application', 'demand', 'department', 'development', 'india', 'level', 'pilot scale', 'resource', 'solution', 'survey']"
v0_045_call_for_proposals_under_state_science_and_technology_sstp__2018_19___call_date_18042018_to_31052018,Sonal Atreya,"['application', 'area', 'challenge', 'country', 'demand', 'institute', 'pilot scale', 'resource', 'solution', 'support', 'survey']"
v0_045_call_for_proposals_under_state_science_and_technology_sstp__2018_19___call_date_18042018_to_31052018,Tina Pujara,"['application', 'model', 'pilot scale', 'solution']"
v0_045_call_for_proposals_under_state_science_and_technology_sstp__2018_19___call_date_18042018_to_31052018,Uttam Kumar Roy,"['application', 'department', 'resource', 'support', 'survey']"
v0_045_call_for_proposals_under_state_science_and_technology_sstp__2018_19___call_date_18042018_to_31052018,V Devadas,"['application', 'area', 'demand', 'department', 'development', 'resource', 'solution', 'study', 'survey']"
v0_045_call_for_proposals_under_state_science_and_technology_sstp__2018_19___call_date_18042018_to_31052018,Jaydev Dabas,"['application', 'area', 'institute', 'lab', 'pilot scale', 'solution', 'support']"
v0_045_call_for_proposals_under_state_science_and_technology_sstp__2018_19___call_date_18042018_to_31052018,Millie Pant,"['application', 'area', 'demand', 'department', 'development', 'pilot scale', 'study', 'support']"
v0_045_call_for_proposals_under_state_science_and_technology_sstp__2018_19___call_date_18042018_to_31052018,Rajan Arora,"['application', 'country', 'department', 'field', 'model', 'solution', 'support']"
v0_045_call_for_proposals_under_state_science_and_technology_sstp__2018_19___call_date_18042018_to_31052018,Ashwani Kumar Sharma,"['area', 'demand', 'department', 'development', 'india', 'lab']"
v0_045_call_for_proposals_under_state_science_and_technology_sstp__2018_19___call_date_18042018_to_31052018,Bijan Choudhury,"['application', 'area', 'demand', 'department', 'development', 'india', 'institute', 'model', 'pilot scale', 'solution']"
v0_045_call_for_proposals_under_state_science_and_technology_sstp__2018_19___call_date_18042018_to_31052018,Debabrata Sircar,"['application', 'country', 'demand', 'institute', 'pilot scale', 'resource', 'study', 'support', 'survey']"
v0_045_call_for_proposals_under_state_science_and_technology_sstp__2018_19___call_date_18042018_to_31052018,Deepak Sharma,"['application', 'area', 'challenge', 'country', 'department', 'institute', 'model', 'pilot scale', 'resource', 'solution', 'study', 'survey']"
v0_045_call_for_proposals_under_state_science_and_technology_sstp__2018_19___call_date_18042018_to_31052018,P Gopinath,"['application', 'challenge', 'department', 'development']"
v0_045_call_for_proposals_under_state_science_and_technology_sstp__2018_19___call_date_18042018_to_31052018,Harsh Chauhan,"['application', 'area', 'country', 'demand', 'department', 'development', 'field', 'india', 'institute', 'need', 'study', 'support', 'survey']"
v0_045_call_for_proposals_under_state_science_and_technology_sstp__2018_19___call_date_18042018_to_31052018,Srinivas Kiran Ambatipudi,['lab']
v0_045_call_for_proposals_under_state_science_and_technology_sstp__2018_19___call_date_18042018_to_31052018,Krishna Mohan Poluri,"['area', 'demand', 'department', 'development', 'field', 'need', 'pilot scale', 'resource']"
v0_045_call_for_proposals_under_state_science_and_technology_sstp__2018_19___call_date_18042018_to_31052018,Maya S.Nair,"['application', 'challenge', 'country', 'demand', 'lab', 'need', 'resource', 'support']"
v0_045_call_for_proposals_under_state_science_and_technology_sstp__2018_19___call_date_18042018_to_31052018,N K Navani,"['demand', 'department', 'development', 'lab', 'pilot scale', 'support']"
v0_045_call_for_proposals_under_state_science_and_technology_sstp__2018_19___call_date_18042018_to_31052018,Partha Roy,"['application', 'area', 'challenge', 'demand', 'department', 'development', 'institute', 'solution', 'support']"
v0_045_call_for_proposals_under_state_science_and_technology_sstp__2018_19___call_date_18042018_to_31052018,Poonam Choudhary,"['application', 'challenge', 'demand', 'department', 'lab', 'pilot scale', 'resource', 'solution', 'study', 'survey']"
v0_045_call_for_proposals_under_state_science_and_technology_sstp__2018_19___call_date_18042018_to_31052018,Prabhat Kumar Mandal,"['application', 'challenge', 'department', 'development', 'level', 'resource', 'solution']"
v0_045_call_for_proposals_under_state_science_and_technology_sstp__2018_19___call_date_18042018_to_31052018,Pranita P Sarangi,"['area', 'institute', 'resource']"
v0_045_call_for_proposals_under_state_science_and_technology_sstp__2018_19___call_date_18042018_to_31052018,Pravindra Kumar,"['application', 'area', 'demand', 'department', 'development', 'model', 'solution', 'study', 'survey']"
v0_045_call_for_proposals_under_state_science_and_technology_sstp__2018_19___call_date_18042018_to_31052018,Prince Tiwari,"['application', 'area', 'challenge', 'department', 'institute', 'model']"
v0_045_call_for_proposals_under_state_science_and_technology_sstp__2018_19___call_date_18042018_to_31052018,R. P. Singh,"['application', 'area', 'demand', 'department', 'development', 'field', 'institute', 'level', 'pilot scale', 'support']"
v0_045_call_for_proposals_under_state_science_and_technology_sstp__2018_19___call_date_18042018_to_31052018,Ramasare Prasad,"['application', 'area', 'country', 'department', 'development', 'institute', 'solution', 'study']"
v0_045_call_for_proposals_under_state_science_and_technology_sstp__2018_19___call_date_18042018_to_31052018,Ranjana Pathania,"['application', 'department', 'development', 'institute', 'level', 'pilot scale', 'solution']"
v0_045_call_for_proposals_under_state_science_and_technology_sstp__2018_19___call_date_18042018_to_31052018,Sanjoy Ghosh,"['application', 'challenge', 'country', 'department', 'field', 'level', 'need', 'solution', 'study']"
v0_045_call_for_proposals_under_state_science_and_technology_sstp__2018_19___call_date_18042018_to_31052018,Saugata Hazra,"['department', 'development', 'field', 'level', 'pilot scale', 'resource', 'study', 'survey']"
v0_045_call_for_proposals_under_state_science_and_technology_sstp__2018_19___call_date_18042018_to_31052018,Shailly Tomar,"['application', 'demand', 'department', 'development', 'resource', 'solution']"
v0_045_call_for_proposals_under_state_science_and_technology_sstp__2018_19___call_date_18042018_to_31052018,Shri Ram Yadav,"['application', 'department', 'institute']"
v0_045_call_for_proposals_under_state_science_and_technology_sstp__2018_19___call_date_18042018_to_31052018,Soma Rohatgi,"['application', 'area', 'development', 'need', 'resource']"
v0_045_call_for_proposals_under_state_science_and_technology_sstp__2018_19___call_date_18042018_to_31052018,Sachin Suresh Tiwari,"['application', 'area', 'challenge', 'country', 'demand', 'department', 'india', 'need', 'resource', 'solution']"
v0_045_call_for_proposals_under_state_science_and_technology_sstp__2018_19___call_date_18042018_to_31052018,Jitin Singla,"['application', 'area', 'solution', 'support']"
v0_045_call_for_proposals_under_state_science_and_technology_sstp__2018_19___call_date_18042018_to_31052018,Rajesh Kumar,"['application', 'area', 'demand', 'department', 'development', 'field', 'india', 'institute', 'resource', 'solution', 'study', 'survey']"
v0_045_call_for_proposals_under_state_science_and_technology_sstp__2018_19___call_date_18042018_to_31052018,Akhil Upadhyay,"['challenge', 'country', 'department', 'pilot scale', 'resource', 'solution', 'study']"
v0_046_call_for_proposals_for_biomedical_device_and_technology_development_bdtd_tdt_division,Arindam Biswas,"['area', 'department', 'design', 'development', 'facility', 'support', 'year']"
v0_046_call_for_proposals_for_biomedical_device_and_technology_development_bdtd_tdt_division,Avlokita Agrawal,"['department', 'development', 'pilot scale', 'support']"
v0_046_call_for_proposals_for_biomedical_device_and_technology_development_bdtd_tdt_division,Gaurav Raheja,"['area', 'department', 'design', 'development', 'facility', 'financial support', 'pilot scale', 'support']"
v0_046_call_for_proposals_for_biomedical_device_and_technology_development_bdtd_tdt_division,Harshit Sosan Lakra,[]
v0_046_call_for_proposals_for_biomedical_device_and_technology_development_bdtd_tdt_division,Mahua Mukherjee,"['department', 'design', 'development', 'product', 'support']"
v0_046_call_for_proposals_for_biomedical_device_and_technology_development_bdtd_tdt_division,Prabhjot Singh Chani,"['department', 'development', 'facility', 'support']"
v0_046_call_for_proposals_for_biomedical_device_and_technology_development_bdtd_tdt_division,E Rajasekar,"['area', 'design', 'number', 'support', 'year']"
v0_046_call_for_proposals_for_biomedical_device_and_technology_development_bdtd_tdt_division,Ram Sateesh Pasupuleti,"['area', 'facility', 'financial support', 'number', 'support', 'work', 'year']"
v0_046_call_for_proposals_for_biomedical_device_and_technology_development_bdtd_tdt_division,Saptarshi Kolay,"['area', 'design', 'development', 'financial support', 'pilot scale', 'product', 'support', 'work', 'year']"
v0_046_call_for_proposals_for_biomedical_device_and_technology_development_bdtd_tdt_division,Shubhajit Sadhukhan,"['area', 'department', 'development', 'facility', 'number', 'product', 'support', 'work']"
v0_046_call_for_proposals_for_biomedical_device_and_technology_development_bdtd_tdt_division,Smriti Saraswat,"['department', 'development', 'financial support', 'number', 'pilot scale', 'work']"
v0_046_call_for_proposals_for_biomedical_device_and_technology_development_bdtd_tdt_division,Sonal Atreya,"['area', 'financial support', 'number', 'pilot scale', 'support', 'work']"
v0_046_call_for_proposals_for_biomedical_device_and_technology_development_bdtd_tdt_division,Tina Pujara,"['design', 'financial support', 'pilot scale']"
v0_046_call_for_proposals_for_biomedical_device_and_technology_development_bdtd_tdt_division,Uttam Kumar Roy,"['department', 'design', 'facility', 'financial support', 'product', 'support', 'work']"
v0_046_call_for_proposals_for_biomedical_device_and_technology_development_bdtd_tdt_division,V Devadas,"['area', 'department', 'design', 'development', 'facility', 'work', 'year']"
v0_046_call_for_proposals_for_biomedical_device_and_technology_development_bdtd_tdt_division,Jaydev Dabas,"['area', 'design', 'facility', 'pilot scale', 'support', 'work']"
v0_046_call_for_proposals_for_biomedical_device_and_technology_development_bdtd_tdt_division,Millie Pant,"['area', 'department', 'development', 'financial support', 'pilot scale', 'support']"
v0_046_call_for_proposals_for_biomedical_device_and_technology_development_bdtd_tdt_division,Rajan Arora,"['department', 'facility', 'support', 'work']"
v0_046_call_for_proposals_for_biomedical_device_and_technology_development_bdtd_tdt_division,Ashwani Kumar Sharma,"['area', 'department', 'design', 'development', 'facility', 'financial support', 'product']"
v0_046_call_for_proposals_for_biomedical_device_and_technology_development_bdtd_tdt_division,Bijan Choudhury,"['area', 'department', 'design', 'development', 'financial support', 'pilot scale', 'product', 'work', 'year']"
v0_046_call_for_proposals_for_biomedical_device_and_technology_development_bdtd_tdt_division,Debabrata Sircar,"['financial support', 'pilot scale', 'product', 'support']"
v0_046_call_for_proposals_for_biomedical_device_and_technology_development_bdtd_tdt_division,Deepak Sharma,"['area', 'department', 'financial support', 'number', 'pilot scale', 'product']"
v0_046_call_for_proposals_for_biomedical_device_and_technology_development_bdtd_tdt_division,P Gopinath,"['department', 'development', 'facility']"
v0_046_call_for_proposals_for_biomedical_device_and_technology_development_bdtd_tdt_division,Harsh Chauhan,"['area', 'department', 'development', 'facility', 'support', 'year']"
v0_046_call_for_proposals_for_biomedical_device_and_technology_development_bdtd_tdt_division,Srinivas Kiran Ambatipudi,[]
v0_046_call_for_proposals_for_biomedical_device_and_technology_development_bdtd_tdt_division,Krishna Mohan Poluri,"['area', 'department', 'design', 'development', 'pilot scale', 'year']"
v0_046_call_for_proposals_for_biomedical_device_and_technology_development_bdtd_tdt_division,Maya S.Nair,"['facility', 'product', 'support', 'work']"
v0_046_call_for_proposals_for_biomedical_device_and_technology_development_bdtd_tdt_division,N K Navani,"['department', 'development', 'financial support', 'pilot scale', 'support']"
v0_046_call_for_proposals_for_biomedical_device_and_technology_development_bdtd_tdt_division,Partha Roy,"['area', 'department', 'design', 'development', 'support', 'year']"
v0_046_call_for_proposals_for_biomedical_device_and_technology_development_bdtd_tdt_division,Poonam Choudhary,"['department', 'design', 'facility', 'financial support', 'pilot scale', 'product', 'work']"
v0_046_call_for_proposals_for_biomedical_device_and_technology_development_bdtd_tdt_division,Prabhat Kumar Mandal,"['department', 'development', 'facility', 'product']"
v0_046_call_for_proposals_for_biomedical_device_and_technology_development_bdtd_tdt_division,Pranita P Sarangi,"['area', 'facility', 'year']"
v0_046_call_for_proposals_for_biomedical_device_and_technology_development_bdtd_tdt_division,Pravindra Kumar,"['area', 'department', 'development', 'facility']"
v0_046_call_for_proposals_for_biomedical_device_and_technology_development_bdtd_tdt_division,Prince Tiwari,"['area', 'department', 'design', 'facility', 'financial support', 'number']"
v0_046_call_for_proposals_for_biomedical_device_and_technology_development_bdtd_tdt_division,R. P. Singh,"['area', 'department', 'design', 'development', 'financial support', 'number', 'pilot scale', 'support', 'work', 'year']"
v0_046_call_for_proposals_for_biomedical_device_and_technology_development_bdtd_tdt_division,Ramasare Prasad,"['area', 'department', 'development', 'facility', 'financial support', 'product']"
v0_046_call_for_proposals_for_biomedical_device_and_technology_development_bdtd_tdt_division,Ranjana Pathania,"['department', 'design', 'development', 'financial support', 'number', 'pilot scale', 'product']"
v0_046_call_for_proposals_for_biomedical_device_and_technology_development_bdtd_tdt_division,Sanjoy Ghosh,"['department', 'financial support', 'product']"
v0_046_call_for_proposals_for_biomedical_device_and_technology_development_bdtd_tdt_division,Saugata Hazra,"['department', 'design', 'development', 'facility', 'financial support', 'pilot scale']"
v0_046_call_for_proposals_for_biomedical_device_and_technology_development_bdtd_tdt_division,Shailly Tomar,"['department', 'development']"
v0_046_call_for_proposals_for_biomedical_device_and_technology_development_bdtd_tdt_division,Shri Ram Yadav,"['department', 'product', 'work']"
v0_046_call_for_proposals_for_biomedical_device_and_technology_development_bdtd_tdt_division,Soma Rohatgi,"['area', 'development', 'facility', 'work']"
v0_046_call_for_proposals_for_biomedical_device_and_technology_development_bdtd_tdt_division,Sachin Suresh Tiwari,"['area', 'department', 'product', 'work', 'year']"
v0_046_call_for_proposals_for_biomedical_device_and_technology_development_bdtd_tdt_division,Jitin Singla,"['area', 'financial support', 'number', 'support', 'work']"
v0_046_call_for_proposals_for_biomedical_device_and_technology_development_bdtd_tdt_division,Rajesh Kumar,"['area', 'department', 'design', 'development', 'facility', 'product', 'year']"
v0_046_call_for_proposals_for_biomedical_device_and_technology_development_bdtd_tdt_division,Akhil Upadhyay,"['department', 'design', 'facility', 'number', 'pilot scale']"
v0_047_indo_canada_joint_call_for_proposals_improving_occupant_survivability_in_buildings_during_fires_using_innovations_in_structural_engineering_materials_science_and_cyber_physical_interfaces,Arindam Biswas,"['building', 'condition', 'country', 'design', 'environment', 'event', 'india', 'material', 'rapid urbanization', 'result', 'structural engineering', 'year']"
v0_047_indo_canada_joint_call_for_proposals_improving_occupant_survivability_in_buildings_during_fires_using_innovations_in_structural_engineering_materials_science_and_cyber_physical_interfaces,Avlokita Agrawal,"['building', 'condition', 'country', 'environment', 'impact', 'india', 'major', 'population', 'rapid urbanization', 'system']"
v0_047_indo_canada_joint_call_for_proposals_improving_occupant_survivability_in_buildings_during_fires_using_innovations_in_structural_engineering_materials_science_and_cyber_physical_interfaces,Gaurav Raheja,"['design', 'environment', 'event', 'india', 'population', 'rapid urbanization', 'result', 'structural engineering']"
v0_047_indo_canada_joint_call_for_proposals_improving_occupant_survivability_in_buildings_during_fires_using_innovations_in_structural_engineering_materials_science_and_cyber_physical_interfaces,Harshit Sosan Lakra,[]
v0_047_indo_canada_joint_call_for_proposals_improving_occupant_survivability_in_buildings_during_fires_using_innovations_in_structural_engineering_materials_science_and_cyber_physical_interfaces,Mahua Mukherjee,"['building', 'condition', 'design', 'environment', 'event', 'india', 'material', 'population', 'rapid urbanization', 'structural engineering', 'system']"
v0_047_indo_canada_joint_call_for_proposals_improving_occupant_survivability_in_buildings_during_fires_using_innovations_in_structural_engineering_materials_science_and_cyber_physical_interfaces,Prabhjot Singh Chani,"['condition', 'country', 'environment', 'india', 'major', 'population', 'structural engineering']"
v0_047_indo_canada_joint_call_for_proposals_improving_occupant_survivability_in_buildings_during_fires_using_innovations_in_structural_engineering_materials_science_and_cyber_physical_interfaces,E Rajasekar,"['building', 'condition', 'country', 'design', 'impact', 'major', 'material', 'result', 'year']"
v0_047_indo_canada_joint_call_for_proposals_improving_occupant_survivability_in_buildings_during_fires_using_innovations_in_structural_engineering_materials_science_and_cyber_physical_interfaces,Ram Sateesh Pasupuleti,"['condition', 'major', 'material', 'population', 'rapid urbanization', 'system', 'year']"
v0_047_indo_canada_joint_call_for_proposals_improving_occupant_survivability_in_buildings_during_fires_using_innovations_in_structural_engineering_materials_science_and_cyber_physical_interfaces,Saptarshi Kolay,"['building', 'condition', 'design', 'material', 'rapid urbanization', 'result', 'structural engineering', 'world', 'year']"
v0_047_indo_canada_joint_call_for_proposals_improving_occupant_survivability_in_buildings_during_fires_using_innovations_in_structural_engineering_materials_science_and_cyber_physical_interfaces,Shubhajit Sadhukhan,"['condition', 'country', 'environment', 'impact', 'material', 'population', 'rapid urbanization']"
v0_047_indo_canada_joint_call_for_proposals_improving_occupant_survivability_in_buildings_during_fires_using_innovations_in_structural_engineering_materials_science_and_cyber_physical_interfaces,Smriti Saraswat,"['building', 'condition', 'environment', 'event', 'india', 'population', 'result']"
v0_047_indo_canada_joint_call_for_proposals_improving_occupant_survivability_in_buildings_during_fires_using_innovations_in_structural_engineering_materials_science_and_cyber_physical_interfaces,Sonal Atreya,"['condition', 'country', 'event', 'impact', 'major', 'material', 'population', 'result', 'structural engineering', 'system', 'world']"
v0_047_indo_canada_joint_call_for_proposals_improving_occupant_survivability_in_buildings_during_fires_using_innovations_in_structural_engineering_materials_science_and_cyber_physical_interfaces,Tina Pujara,"['condition', 'design', 'impact', 'major', 'population', 'rapid urbanization', 'system', 'world']"
v0_047_indo_canada_joint_call_for_proposals_improving_occupant_survivability_in_buildings_during_fires_using_innovations_in_structural_engineering_materials_science_and_cyber_physical_interfaces,Uttam Kumar Roy,"['building', 'condition', 'design', 'environment', 'major', 'material', 'population', 'rapid urbanization', 'result']"
v0_047_indo_canada_joint_call_for_proposals_improving_occupant_survivability_in_buildings_during_fires_using_innovations_in_structural_engineering_materials_science_and_cyber_physical_interfaces,V Devadas,"['condition', 'design', 'environment', 'impact', 'population', 'rapid urbanization', 'result', 'system', 'world', 'year']"
v0_047_indo_canada_joint_call_for_proposals_improving_occupant_survivability_in_buildings_during_fires_using_innovations_in_structural_engineering_materials_science_and_cyber_physical_interfaces,Jaydev Dabas,"['condition', 'design', 'major', 'population', 'rapid urbanization', 'result', 'structural engineering', 'world']"
v0_047_indo_canada_joint_call_for_proposals_improving_occupant_survivability_in_buildings_during_fires_using_innovations_in_structural_engineering_materials_science_and_cyber_physical_interfaces,Millie Pant,"['environment', 'event', 'material', 'population', 'rapid urbanization']"
v0_047_indo_canada_joint_call_for_proposals_improving_occupant_survivability_in_buildings_during_fires_using_innovations_in_structural_engineering_materials_science_and_cyber_physical_interfaces,Rajan Arora,"['condition', 'country', 'environment', 'event', 'major', 'population', 'rapid urbanization', 'world']"
v0_047_indo_canada_joint_call_for_proposals_improving_occupant_survivability_in_buildings_during_fires_using_innovations_in_structural_engineering_materials_science_and_cyber_physical_interfaces,Ashwani Kumar Sharma,"['design', 'environment', 'event', 'india', 'major', 'material', 'population', 'system']"
v0_047_indo_canada_joint_call_for_proposals_improving_occupant_survivability_in_buildings_during_fires_using_innovations_in_structural_engineering_materials_science_and_cyber_physical_interfaces,Bijan Choudhury,"['condition', 'design', 'environment', 'event', 'impact', 'india', 'material', 'rapid urbanization', 'structural engineering', 'year']"
v0_047_indo_canada_joint_call_for_proposals_improving_occupant_survivability_in_buildings_during_fires_using_innovations_in_structural_engineering_materials_science_and_cyber_physical_interfaces,Debabrata Sircar,"['condition', 'country', 'material', 'population', 'rapid urbanization', 'system']"
v0_047_indo_canada_joint_call_for_proposals_improving_occupant_survivability_in_buildings_during_fires_using_innovations_in_structural_engineering_materials_science_and_cyber_physical_interfaces,Deepak Sharma,"['condition', 'country', 'major', 'material', 'population', 'rapid urbanization', 'structural engineering']"
v0_047_indo_canada_joint_call_for_proposals_improving_occupant_survivability_in_buildings_during_fires_using_innovations_in_structural_engineering_materials_science_and_cyber_physical_interfaces,P Gopinath,"['condition', 'environment', 'event', 'impact', 'material', 'population', 'rapid urbanization', 'structural engineering', 'system']"
v0_047_indo_canada_joint_call_for_proposals_improving_occupant_survivability_in_buildings_during_fires_using_innovations_in_structural_engineering_materials_science_and_cyber_physical_interfaces,Harsh Chauhan,"['condition', 'country', 'environment', 'event', 'india', 'population', 'rapid urbanization', 'year']"
v0_047_indo_canada_joint_call_for_proposals_improving_occupant_survivability_in_buildings_during_fires_using_innovations_in_structural_engineering_materials_science_and_cyber_physical_interfaces,Srinivas Kiran Ambatipudi,[]
v0_047_indo_canada_joint_call_for_proposals_improving_occupant_survivability_in_buildings_during_fires_using_innovations_in_structural_engineering_materials_science_and_cyber_physical_interfaces,Krishna Mohan Poluri,"['design', 'environment', 'event', 'material', 'result', 'structural engineering', 'system', 'year']"
v0_047_indo_canada_joint_call_for_proposals_improving_occupant_survivability_in_buildings_during_fires_using_innovations_in_structural_engineering_materials_science_and_cyber_physical_interfaces,Maya S.Nair,"['condition', 'country', 'impact', 'major', 'population']"
v0_047_indo_canada_joint_call_for_proposals_improving_occupant_survivability_in_buildings_during_fires_using_innovations_in_structural_engineering_materials_science_and_cyber_physical_interfaces,N K Navani,"['condition', 'environment', 'event', 'material', 'population', 'rapid urbanization']"
v0_047_indo_canada_joint_call_for_proposals_improving_occupant_survivability_in_buildings_during_fires_using_innovations_in_structural_engineering_materials_science_and_cyber_physical_interfaces,Partha Roy,"['condition', 'design', 'environment', 'event', 'impact', 'population', 'year']"
v0_047_indo_canada_joint_call_for_proposals_improving_occupant_survivability_in_buildings_during_fires_using_innovations_in_structural_engineering_materials_science_and_cyber_physical_interfaces,Poonam Choudhary,"['condition', 'design', 'environment', 'major', 'material', 'population', 'structural engineering']"
v0_047_indo_canada_joint_call_for_proposals_improving_occupant_survivability_in_buildings_during_fires_using_innovations_in_structural_engineering_materials_science_and_cyber_physical_interfaces,Prabhat Kumar Mandal,"['condition', 'environment', 'event', 'major', 'population', 'rapid urbanization', 'structural engineering', 'system']"
v0_047_indo_canada_joint_call_for_proposals_improving_occupant_survivability_in_buildings_during_fires_using_innovations_in_structural_engineering_materials_science_and_cyber_physical_interfaces,Pranita P Sarangi,"['material', 'rapid urbanization', 'year']"
v0_047_indo_canada_joint_call_for_proposals_improving_occupant_survivability_in_buildings_during_fires_using_innovations_in_structural_engineering_materials_science_and_cyber_physical_interfaces,Pravindra Kumar,"['environment', 'event', 'major', 'population', 'result', 'system']"
v0_047_indo_canada_joint_call_for_proposals_improving_occupant_survivability_in_buildings_during_fires_using_innovations_in_structural_engineering_materials_science_and_cyber_physical_interfaces,Prince Tiwari,"['condition', 'design', 'major', 'material', 'rapid urbanization', 'structural engineering', 'system', 'world']"
v0_047_indo_canada_joint_call_for_proposals_improving_occupant_survivability_in_buildings_during_fires_using_innovations_in_structural_engineering_materials_science_and_cyber_physical_interfaces,R. P. Singh,"['condition', 'design', 'event', 'major', 'material', 'rapid urbanization', 'structural engineering', 'world', 'year']"
v0_047_indo_canada_joint_call_for_proposals_improving_occupant_survivability_in_buildings_during_fires_using_innovations_in_structural_engineering_materials_science_and_cyber_physical_interfaces,Ramasare Prasad,"['country', 'environment', 'event', 'major', 'material', 'population', 'result']"
v0_047_indo_canada_joint_call_for_proposals_improving_occupant_survivability_in_buildings_during_fires_using_innovations_in_structural_engineering_materials_science_and_cyber_physical_interfaces,Ranjana Pathania,"['design', 'environment', 'event', 'material', 'population']"
v0_047_indo_canada_joint_call_for_proposals_improving_occupant_survivability_in_buildings_during_fires_using_innovations_in_structural_engineering_materials_science_and_cyber_physical_interfaces,Sanjoy Ghosh,"['condition', 'country', 'environment', 'impact', 'material', 'population', 'rapid urbanization', 'structural engineering']"
v0_047_indo_canada_joint_call_for_proposals_improving_occupant_survivability_in_buildings_during_fires_using_innovations_in_structural_engineering_materials_science_and_cyber_physical_interfaces,Saugata Hazra,"['condition', 'design', 'environment', 'material', 'system']"
v0_047_indo_canada_joint_call_for_proposals_improving_occupant_survivability_in_buildings_during_fires_using_innovations_in_structural_engineering_materials_science_and_cyber_physical_interfaces,Shailly Tomar,"['condition', 'environment', 'event', 'material', 'rapid urbanization']"
v0_047_indo_canada_joint_call_for_proposals_improving_occupant_survivability_in_buildings_during_fires_using_innovations_in_structural_engineering_materials_science_and_cyber_physical_interfaces,Shri Ram Yadav,"['condition', 'impact', 'population', 'rapid urbanization', 'structural engineering', 'system', 'world']"
v0_047_indo_canada_joint_call_for_proposals_improving_occupant_survivability_in_buildings_during_fires_using_innovations_in_structural_engineering_materials_science_and_cyber_physical_interfaces,Soma Rohatgi,"['condition', 'impact', 'major', 'material', 'result', 'world']"
v0_047_indo_canada_joint_call_for_proposals_improving_occupant_survivability_in_buildings_during_fires_using_innovations_in_structural_engineering_materials_science_and_cyber_physical_interfaces,Sachin Suresh Tiwari,"['condition', 'country', 'india', 'population', 'structural engineering', 'world', 'year']"
v0_047_indo_canada_joint_call_for_proposals_improving_occupant_survivability_in_buildings_during_fires_using_innovations_in_structural_engineering_materials_science_and_cyber_physical_interfaces,Jitin Singla,"['condition', 'population', 'world']"
v0_047_indo_canada_joint_call_for_proposals_improving_occupant_survivability_in_buildings_during_fires_using_innovations_in_structural_engineering_materials_science_and_cyber_physical_interfaces,Rajesh Kumar,"['condition', 'design', 'environment', 'event', 'india', 'major', 'material', 'population', 'rapid urbanization', 'structural engineering', 'world', 'year']"
v0_047_indo_canada_joint_call_for_proposals_improving_occupant_survivability_in_buildings_during_fires_using_innovations_in_structural_engineering_materials_science_and_cyber_physical_interfaces,Akhil Upadhyay,"['building', 'condition', 'country', 'design', 'environment', 'event', 'structural engineering']"
v0_048_call_for_oriented_research__technology_development_proposals_on_hydrogen_and_fuel_cell_hfc___2018,Arindam Biswas,"['application', 'challenge', 'department', 'design', 'development', 'different type', 'environment', 'increase', 'india', 'support', 'synthesis']"
v0_048_call_for_oriented_research__technology_development_proposals_on_hydrogen_and_fuel_cell_hfc___2018,Avlokita Agrawal,"['advance', 'application', 'department', 'development', 'environment', 'increase', 'india', 'support', 'synthesis', 'system']"
v0_048_call_for_oriented_research__technology_development_proposals_on_hydrogen_and_fuel_cell_hfc___2018,Gaurav Raheja,"['application', 'challenge', 'department', 'design', 'development', 'different type', 'environment', 'india', 'support']"
v0_048_call_for_oriented_research__technology_development_proposals_on_hydrogen_and_fuel_cell_hfc___2018,Harshit Sosan Lakra,[]
v0_048_call_for_oriented_research__technology_development_proposals_on_hydrogen_and_fuel_cell_hfc___2018,Mahua Mukherjee,"['application', 'department', 'design', 'development', 'different type', 'environment', 'increase', 'india', 'level', 'support', 'system']"
v0_048_call_for_oriented_research__technology_development_proposals_on_hydrogen_and_fuel_cell_hfc___2018,Prabhjot Singh Chani,"['advance', 'application', 'challenge', 'department', 'development', 'different type', 'efficiency', 'environment', 'increase', 'india', 'renewable source', 'support']"
v0_048_call_for_oriented_research__technology_development_proposals_on_hydrogen_and_fuel_cell_hfc___2018,E Rajasekar,"['design', 'different type', 'increase', 'renewable source', 'support']"
v0_048_call_for_oriented_research__technology_development_proposals_on_hydrogen_and_fuel_cell_hfc___2018,Ram Sateesh Pasupuleti,"['application', 'challenge', 'different type', 'increase', 'renewable source', 'support', 'synthesis', 'system']"
v0_048_call_for_oriented_research__technology_development_proposals_on_hydrogen_and_fuel_cell_hfc___2018,Saptarshi Kolay,"['application', 'challenge', 'design', 'development', 'increase', 'renewable source', 'support']"
v0_048_call_for_oriented_research__technology_development_proposals_on_hydrogen_and_fuel_cell_hfc___2018,Shubhajit Sadhukhan,"['application', 'department', 'development', 'environment', 'level', 'renewable source', 'support']"
v0_048_call_for_oriented_research__technology_development_proposals_on_hydrogen_and_fuel_cell_hfc___2018,Smriti Saraswat,"['advance', 'application', 'department', 'development', 'different type', 'environment', 'increase', 'india', 'level', 'renewable source']"
v0_048_call_for_oriented_research__technology_development_proposals_on_hydrogen_and_fuel_cell_hfc___2018,Sonal Atreya,"['application', 'challenge', 'different type', 'support', 'synthesis', 'system']"
v0_048_call_for_oriented_research__technology_development_proposals_on_hydrogen_and_fuel_cell_hfc___2018,Tina Pujara,"['application', 'design', 'system']"
v0_048_call_for_oriented_research__technology_development_proposals_on_hydrogen_and_fuel_cell_hfc___2018,Uttam Kumar Roy,"['advance', 'application', 'department', 'design', 'environment', 'increase', 'renewable source', 'support']"
v0_048_call_for_oriented_research__technology_development_proposals_on_hydrogen_and_fuel_cell_hfc___2018,V Devadas,"['advance', 'application', 'department', 'design', 'development', 'environment', 'increase', 'synthesis', 'system']"
v0_048_call_for_oriented_research__technology_development_proposals_on_hydrogen_and_fuel_cell_hfc___2018,Jaydev Dabas,"['application', 'design', 'different type', 'efficiency', 'support']"
v0_048_call_for_oriented_research__technology_development_proposals_on_hydrogen_and_fuel_cell_hfc___2018,Millie Pant,"['application', 'department', 'development', 'different type', 'efficiency', 'environment', 'support']"
v0_048_call_for_oriented_research__technology_development_proposals_on_hydrogen_and_fuel_cell_hfc___2018,Rajan Arora,"['application', 'department', 'different type', 'environment', 'support']"
v0_048_call_for_oriented_research__technology_development_proposals_on_hydrogen_and_fuel_cell_hfc___2018,Ashwani Kumar Sharma,"['department', 'design', 'development', 'different type', 'environment', 'increase', 'india', 'system']"
v0_048_call_for_oriented_research__technology_development_proposals_on_hydrogen_and_fuel_cell_hfc___2018,Bijan Choudhury,"['application', 'department', 'design', 'development', 'different type', 'environment', 'increase', 'india', 'synthesis']"
v0_048_call_for_oriented_research__technology_development_proposals_on_hydrogen_and_fuel_cell_hfc___2018,Debabrata Sircar,"['application', 'increase', 'support', 'system']"
v0_048_call_for_oriented_research__technology_development_proposals_on_hydrogen_and_fuel_cell_hfc___2018,Deepak Sharma,"['application', 'challenge', 'department', 'different type', 'increase', 'synthesis']"
v0_048_call_for_oriented_research__technology_development_proposals_on_hydrogen_and_fuel_cell_hfc___2018,P Gopinath,"['advance', 'application', 'challenge', 'department', 'development', 'environment', 'renewable source', 'system']"
v0_048_call_for_oriented_research__technology_development_proposals_on_hydrogen_and_fuel_cell_hfc___2018,Harsh Chauhan,"['application', 'department', 'development', 'different type', 'environment', 'india', 'support', 'synthesis']"
v0_048_call_for_oriented_research__technology_development_proposals_on_hydrogen_and_fuel_cell_hfc___2018,Srinivas Kiran Ambatipudi,[]
v0_048_call_for_oriented_research__technology_development_proposals_on_hydrogen_and_fuel_cell_hfc___2018,Krishna Mohan Poluri,"['advance', 'department', 'design', 'development', 'different type', 'environment', 'system']"
v0_048_call_for_oriented_research__technology_development_proposals_on_hydrogen_and_fuel_cell_hfc___2018,Maya S.Nair,"['application', 'challenge', 'different type', 'support']"
v0_048_call_for_oriented_research__technology_development_proposals_on_hydrogen_and_fuel_cell_hfc___2018,N K Navani,"['department', 'development', 'different type', 'environment', 'increase', 'support', 'synthesis']"
v0_048_call_for_oriented_research__technology_development_proposals_on_hydrogen_and_fuel_cell_hfc___2018,Partha Roy,"['application', 'challenge', 'department', 'design', 'development', 'different type', 'environment', 'increase', 'support']"
v0_048_call_for_oriented_research__technology_development_proposals_on_hydrogen_and_fuel_cell_hfc___2018,Poonam Choudhary,"['advance', 'application', 'challenge', 'department', 'design', 'different type', 'environment']"
v0_048_call_for_oriented_research__technology_development_proposals_on_hydrogen_and_fuel_cell_hfc___2018,Prabhat Kumar Mandal,"['application', 'challenge', 'department', 'development', 'different type', 'environment', 'level', 'system']"
v0_048_call_for_oriented_research__technology_development_proposals_on_hydrogen_and_fuel_cell_hfc___2018,Pranita P Sarangi,['increase']
v0_048_call_for_oriented_research__technology_development_proposals_on_hydrogen_and_fuel_cell_hfc___2018,Pravindra Kumar,"['application', 'department', 'development', 'different type', 'environment', 'system']"
v0_048_call_for_oriented_research__technology_development_proposals_on_hydrogen_and_fuel_cell_hfc___2018,Prince Tiwari,"['application', 'challenge', 'department', 'design', 'different type', 'efficiency', 'system']"
v0_048_call_for_oriented_research__technology_development_proposals_on_hydrogen_and_fuel_cell_hfc___2018,R. P. Singh,"['advance', 'application', 'department', 'design', 'development', 'different type', 'increase', 'level', 'renewable source', 'support']"
v0_048_call_for_oriented_research__technology_development_proposals_on_hydrogen_and_fuel_cell_hfc___2018,Ramasare Prasad,"['application', 'department', 'development', 'different type', 'environment']"
v0_048_call_for_oriented_research__technology_development_proposals_on_hydrogen_and_fuel_cell_hfc___2018,Ranjana Pathania,"['application', 'department', 'design', 'development', 'efficiency', 'environment', 'increase', 'level']"
v0_048_call_for_oriented_research__technology_development_proposals_on_hydrogen_and_fuel_cell_hfc___2018,Sanjoy Ghosh,"['application', 'challenge', 'department', 'different type', 'environment', 'increase', 'level', 'renewable source']"
v0_048_call_for_oriented_research__technology_development_proposals_on_hydrogen_and_fuel_cell_hfc___2018,Saugata Hazra,"['department', 'design', 'development', 'different type', 'environment', 'level', 'renewable source', 'system']"
v0_048_call_for_oriented_research__technology_development_proposals_on_hydrogen_and_fuel_cell_hfc___2018,Shailly Tomar,"['application', 'department', 'development', 'different type', 'environment', 'renewable source']"
v0_048_call_for_oriented_research__technology_development_proposals_on_hydrogen_and_fuel_cell_hfc___2018,Shri Ram Yadav,"['application', 'department', 'synthesis', 'system']"
v0_048_call_for_oriented_research__technology_development_proposals_on_hydrogen_and_fuel_cell_hfc___2018,Soma Rohatgi,"['application', 'development', 'efficiency', 'increase']"
v0_048_call_for_oriented_research__technology_development_proposals_on_hydrogen_and_fuel_cell_hfc___2018,Sachin Suresh Tiwari,"['application', 'challenge', 'department', 'different type', 'efficiency', 'increase', 'india', 'renewable source']"
v0_048_call_for_oriented_research__technology_development_proposals_on_hydrogen_and_fuel_cell_hfc___2018,Jitin Singla,"['advance', 'application', 'different type', 'support']"
v0_048_call_for_oriented_research__technology_development_proposals_on_hydrogen_and_fuel_cell_hfc___2018,Rajesh Kumar,"['application', 'department', 'design', 'development', 'different type', 'efficiency', 'environment', 'increase', 'india', 'renewable source', 'synthesis']"
v0_048_call_for_oriented_research__technology_development_proposals_on_hydrogen_and_fuel_cell_hfc___2018,Akhil Upadhyay,"['advance', 'challenge', 'department', 'design', 'different type', 'efficiency', 'environment', 'renewable source']"
v0_049_initiative_in_coordinated_programme_for_arid_semi_arid_and_cold_desert_regionsasacoder,Arindam Biswas,[]
v0_049_initiative_in_coordinated_programme_for_arid_semi_arid_and_cold_desert_regionsasacoder,Avlokita Agrawal,[]
v0_049_initiative_in_coordinated_programme_for_arid_semi_arid_and_cold_desert_regionsasacoder,Gaurav Raheja,[]
v0_049_initiative_in_coordinated_programme_for_arid_semi_arid_and_cold_desert_regionsasacoder,Harshit Sosan Lakra,[]
v0_049_initiative_in_coordinated_programme_for_arid_semi_arid_and_cold_desert_regionsasacoder,Mahua Mukherjee,['general']
v0_049_initiative_in_coordinated_programme_for_arid_semi_arid_and_cold_desert_regionsasacoder,Prabhjot Singh Chani,['general']
v0_049_initiative_in_coordinated_programme_for_arid_semi_arid_and_cold_desert_regionsasacoder,E Rajasekar,[]
v0_049_initiative_in_coordinated_programme_for_arid_semi_arid_and_cold_desert_regionsasacoder,Ram Sateesh Pasupuleti,['general']
v0_049_initiative_in_coordinated_programme_for_arid_semi_arid_and_cold_desert_regionsasacoder,Saptarshi Kolay,[]
v0_049_initiative_in_coordinated_programme_for_arid_semi_arid_and_cold_desert_regionsasacoder,Shubhajit Sadhukhan,['general']
v0_049_initiative_in_coordinated_programme_for_arid_semi_arid_and_cold_desert_regionsasacoder,Smriti Saraswat,[]
v0_049_initiative_in_coordinated_programme_for_arid_semi_arid_and_cold_desert_regionsasacoder,Sonal Atreya,[]
v0_049_initiative_in_coordinated_programme_for_arid_semi_arid_and_cold_desert_regionsasacoder,Tina Pujara,['general']
v0_049_initiative_in_coordinated_programme_for_arid_semi_arid_and_cold_desert_regionsasacoder,Uttam Kumar Roy,['general']
v0_049_initiative_in_coordinated_programme_for_arid_semi_arid_and_cold_desert_regionsasacoder,V Devadas,[]
v0_049_initiative_in_coordinated_programme_for_arid_semi_arid_and_cold_desert_regionsasacoder,Jaydev Dabas,['general']
v0_049_initiative_in_coordinated_programme_for_arid_semi_arid_and_cold_desert_regionsasacoder,Millie Pant,[]
v0_049_initiative_in_coordinated_programme_for_arid_semi_arid_and_cold_desert_regionsasacoder,Rajan Arora,[]
v0_049_initiative_in_coordinated_programme_for_arid_semi_arid_and_cold_desert_regionsasacoder,Ashwani Kumar Sharma,['general']
v0_049_initiative_in_coordinated_programme_for_arid_semi_arid_and_cold_desert_regionsasacoder,Bijan Choudhury,['general']
v0_049_initiative_in_coordinated_programme_for_arid_semi_arid_and_cold_desert_regionsasacoder,Debabrata Sircar,['general']
v0_049_initiative_in_coordinated_programme_for_arid_semi_arid_and_cold_desert_regionsasacoder,Deepak Sharma,['general']
v0_049_initiative_in_coordinated_programme_for_arid_semi_arid_and_cold_desert_regionsasacoder,P Gopinath,[]
v0_049_initiative_in_coordinated_programme_for_arid_semi_arid_and_cold_desert_regionsasacoder,Harsh Chauhan,[]
v0_049_initiative_in_coordinated_programme_for_arid_semi_arid_and_cold_desert_regionsasacoder,Srinivas Kiran Ambatipudi,[]
v0_049_initiative_in_coordinated_programme_for_arid_semi_arid_and_cold_desert_regionsasacoder,Krishna Mohan Poluri,['general']
v0_049_initiative_in_coordinated_programme_for_arid_semi_arid_and_cold_desert_regionsasacoder,Maya S.Nair,[]
v0_049_initiative_in_coordinated_programme_for_arid_semi_arid_and_cold_desert_regionsasacoder,N K Navani,['general']
v0_049_initiative_in_coordinated_programme_for_arid_semi_arid_and_cold_desert_regionsasacoder,Partha Roy,[]
v0_049_initiative_in_coordinated_programme_for_arid_semi_arid_and_cold_desert_regionsasacoder,Poonam Choudhary,['general']
v0_049_initiative_in_coordinated_programme_for_arid_semi_arid_and_cold_desert_regionsasacoder,Prabhat Kumar Mandal,[]
v0_049_initiative_in_coordinated_programme_for_arid_semi_arid_and_cold_desert_regionsasacoder,Pranita P Sarangi,[]
v0_049_initiative_in_coordinated_programme_for_arid_semi_arid_and_cold_desert_regionsasacoder,Pravindra Kumar,[]
v0_049_initiative_in_coordinated_programme_for_arid_semi_arid_and_cold_desert_regionsasacoder,Prince Tiwari,[]
v0_049_initiative_in_coordinated_programme_for_arid_semi_arid_and_cold_desert_regionsasacoder,R. P. Singh,['general']
v0_049_initiative_in_coordinated_programme_for_arid_semi_arid_and_cold_desert_regionsasacoder,Ramasare Prasad,[]
v0_049_initiative_in_coordinated_programme_for_arid_semi_arid_and_cold_desert_regionsasacoder,Ranjana Pathania,['general']
v0_049_initiative_in_coordinated_programme_for_arid_semi_arid_and_cold_desert_regionsasacoder,Sanjoy Ghosh,['general']
v0_049_initiative_in_coordinated_programme_for_arid_semi_arid_and_cold_desert_regionsasacoder,Saugata Hazra,['general']
v0_049_initiative_in_coordinated_programme_for_arid_semi_arid_and_cold_desert_regionsasacoder,Shailly Tomar,[]
v0_049_initiative_in_coordinated_programme_for_arid_semi_arid_and_cold_desert_regionsasacoder,Shri Ram Yadav,[]
v0_049_initiative_in_coordinated_programme_for_arid_semi_arid_and_cold_desert_regionsasacoder,Soma Rohatgi,['general']
v0_049_initiative_in_coordinated_programme_for_arid_semi_arid_and_cold_desert_regionsasacoder,Sachin Suresh Tiwari,['general']
v0_049_initiative_in_coordinated_programme_for_arid_semi_arid_and_cold_desert_regionsasacoder,Jitin Singla,[]
v0_049_initiative_in_coordinated_programme_for_arid_semi_arid_and_cold_desert_regionsasacoder,Rajesh Kumar,[]
v0_049_initiative_in_coordinated_programme_for_arid_semi_arid_and_cold_desert_regionsasacoder,Akhil Upadhyay,['general']
v0_050_india___thailand_joint_call_for_proposals,Arindam Biswas,"['application', 'area', 'department', 'development', 'india', 'institute', 'priority', 'urban development', 'year']"
v0_050_india___thailand_joint_call_for_proposals,Avlokita Agrawal,"['application', 'centre', 'department', 'development', 'india', 'institute', 'urban development']"
v0_050_india___thailand_joint_call_for_proposals,Gaurav Raheja,"['application', 'area', 'department', 'development', 'field', 'india', 'institute']"
v0_050_india___thailand_joint_call_for_proposals,Harshit Sosan Lakra,[]
v0_050_india___thailand_joint_call_for_proposals,Mahua Mukherjee,"['application', 'centre', 'department', 'development', 'india', 'institute', 'priority']"
v0_050_india___thailand_joint_call_for_proposals,Prabhjot Singh Chani,"['application', 'department', 'development', 'india', 'institute', 'priority', 'urban development']"
v0_050_india___thailand_joint_call_for_proposals,E Rajasekar,"['area', 'priority', 'year']"
v0_050_india___thailand_joint_call_for_proposals,Ram Sateesh Pasupuleti,"['application', 'area', 'centre', 'institute', 'priority', 'year']"
v0_050_india___thailand_joint_call_for_proposals,Saptarshi Kolay,"['application', 'area', 'centre', 'development', 'institute', 'priority', 'urban development', 'year']"
v0_050_india___thailand_joint_call_for_proposals,Shubhajit Sadhukhan,"['application', 'area', 'centre', 'department', 'development', 'priority', 'urban development']"
v0_050_india___thailand_joint_call_for_proposals,Smriti Saraswat,"['application', 'centre', 'department', 'development', 'india', 'priority', 'urban development']"
v0_050_india___thailand_joint_call_for_proposals,Sonal Atreya,"['application', 'area', 'centre', 'institute', 'priority']"
v0_050_india___thailand_joint_call_for_proposals,Tina Pujara,"['application', 'centre', 'urban development']"
v0_050_india___thailand_joint_call_for_proposals,Uttam Kumar Roy,"['application', 'department', 'priority', 'urban development']"
v0_050_india___thailand_joint_call_for_proposals,V Devadas,"['application', 'area', 'centre', 'department', 'development', 'urban development', 'year']"
v0_050_india___thailand_joint_call_for_proposals,Jaydev Dabas,"['application', 'area', 'institute']"
v0_050_india___thailand_joint_call_for_proposals,Millie Pant,"['application', 'area', 'department', 'development', 'urban development']"
v0_050_india___thailand_joint_call_for_proposals,Rajan Arora,"['application', 'department', 'field']"
v0_050_india___thailand_joint_call_for_proposals,Ashwani Kumar Sharma,"['area', 'department', 'development', 'india', 'urban development']"
v0_050_india___thailand_joint_call_for_proposals,Bijan Choudhury,"['application', 'area', 'centre', 'department', 'development', 'india', 'institute', 'priority', 'urban development', 'year']"
v0_050_india___thailand_joint_call_for_proposals,Debabrata Sircar,"['application', 'institute', 'priority', 'urban development']"
v0_050_india___thailand_joint_call_for_proposals,Deepak Sharma,"['application', 'area', 'department', 'institute']"
v0_050_india___thailand_joint_call_for_proposals,P Gopinath,"['application', 'department', 'development', 'urban development']"
v0_050_india___thailand_joint_call_for_proposals,Harsh Chauhan,"['application', 'area', 'centre', 'department', 'development', 'field', 'india', 'institute', 'urban development', 'year']"
v0_050_india___thailand_joint_call_for_proposals,Srinivas Kiran Ambatipudi,[]
v0_050_india___thailand_joint_call_for_proposals,Krishna Mohan Poluri,"['area', 'centre', 'department', 'development', 'field', 'urban development', 'year']"
v0_050_india___thailand_joint_call_for_proposals,Maya S.Nair,"['application', 'priority']"
v0_050_india___thailand_joint_call_for_proposals,N K Navani,"['department', 'development', 'urban development']"
v0_050_india___thailand_joint_call_for_proposals,Partha Roy,"['application', 'area', 'centre', 'department', 'development', 'institute', 'priority', 'urban development', 'year']"
v0_050_india___thailand_joint_call_for_proposals,Poonam Choudhary,"['application', 'department', 'priority', 'urban development']"
v0_050_india___thailand_joint_call_for_proposals,Prabhat Kumar Mandal,"['application', 'centre', 'department', 'development', 'urban development']"
v0_050_india___thailand_joint_call_for_proposals,Pranita P Sarangi,"['area', 'institute', 'year']"
v0_050_india___thailand_joint_call_for_proposals,Pravindra Kumar,"['application', 'area', 'department', 'development', 'urban development']"
v0_050_india___thailand_joint_call_for_proposals,Prince Tiwari,"['application', 'area', 'department', 'institute', 'priority']"
v0_050_india___thailand_joint_call_for_proposals,R. P. Singh,"['application', 'area', 'department', 'development', 'field', 'institute', 'priority', 'year']"
v0_050_india___thailand_joint_call_for_proposals,Ramasare Prasad,"['application', 'area', 'centre', 'department', 'development', 'institute', 'priority']"
v0_050_india___thailand_joint_call_for_proposals,Ranjana Pathania,"['application', 'department', 'development', 'institute', 'urban development']"
v0_050_india___thailand_joint_call_for_proposals,Sanjoy Ghosh,"['application', 'department', 'field']"
v0_050_india___thailand_joint_call_for_proposals,Saugata Hazra,"['centre', 'department', 'development', 'field']"
v0_050_india___thailand_joint_call_for_proposals,Shailly Tomar,"['application', 'department', 'development', 'urban development']"
v0_050_india___thailand_joint_call_for_proposals,Shri Ram Yadav,"['application', 'centre', 'department', 'institute']"
v0_050_india___thailand_joint_call_for_proposals,Soma Rohatgi,"['application', 'area', 'development']"
v0_050_india___thailand_joint_call_for_proposals,Sachin Suresh Tiwari,"['application', 'area', 'centre', 'department', 'india', 'year']"
v0_050_india___thailand_joint_call_for_proposals,Jitin Singla,"['application', 'area']"
v0_050_india___thailand_joint_call_for_proposals,Rajesh Kumar,"['application', 'area', 'centre', 'department', 'development', 'field', 'india', 'institute', 'priority', 'year']"
v0_050_india___thailand_joint_call_for_proposals,Akhil Upadhyay,"['centre', 'department', 'urban development']"
v0_051_dst_science_technology_and_innovation_policy_fellowships,Arindam Biswas,"['application', 'area', 'country', 'decade', 'department', 'development', 'opportunity', 'resource', 'result', 'role']"
v0_051_dst_science_technology_and_innovation_policy_fellowships,Avlokita Agrawal,"['application', 'country', 'department', 'development', 'importance', 'input', 'major', 'process', 'resource']"
v0_051_dst_science_technology_and_innovation_policy_fellowships,Gaurav Raheja,"['application', 'area', 'department', 'development', 'resource', 'result']"
v0_051_dst_science_technology_and_innovation_policy_fellowships,Harshit Sosan Lakra,[]
v0_051_dst_science_technology_and_innovation_policy_fellowships,Mahua Mukherjee,"['application', 'decade', 'department', 'development', 'opportunity', 'process']"
v0_051_dst_science_technology_and_innovation_policy_fellowships,Prabhjot Singh Chani,"['application', 'country', 'department', 'development', 'importance', 'major']"
v0_051_dst_science_technology_and_innovation_policy_fellowships,E Rajasekar,"['area', 'country', 'decade', 'importance', 'input', 'major', 'number', 'objective', 'resource', 'result', 'role']"
v0_051_dst_science_technology_and_innovation_policy_fellowships,Ram Sateesh Pasupuleti,"['application', 'area', 'importance', 'input', 'major', 'number', 'objective', 'opportunity', 'role', 'work']"
v0_051_dst_science_technology_and_innovation_policy_fellowships,Saptarshi Kolay,"['application', 'area', 'development', 'importance', 'opportunity', 'process', 'resource', 'result', 'role', 'work', 'world']"
v0_051_dst_science_technology_and_innovation_policy_fellowships,Shubhajit Sadhukhan,"['application', 'area', 'country', 'department', 'development', 'importance', 'number', 'opportunity', 'process', 'resource', 'role', 'work']"
v0_051_dst_science_technology_and_innovation_policy_fellowships,Smriti Saraswat,"['application', 'decade', 'department', 'development', 'importance', 'number', 'process', 'resource', 'result', 'work']"
v0_051_dst_science_technology_and_innovation_policy_fellowships,Sonal Atreya,"['application', 'area', 'country', 'decade', 'importance', 'major', 'number', 'process', 'resource', 'result', 'role', 'work', 'world']"
v0_051_dst_science_technology_and_innovation_policy_fellowships,Tina Pujara,"['application', 'decade', 'importance', 'major', 'world']"
v0_051_dst_science_technology_and_innovation_policy_fellowships,Uttam Kumar Roy,"['application', 'department', 'importance', 'major', 'opportunity', 'process', 'resource', 'result', 'role', 'work']"
v0_051_dst_science_technology_and_innovation_policy_fellowships,V Devadas,"['application', 'area', 'decade', 'department', 'development', 'importance', 'opportunity', 'resource', 'result', 'work', 'world']"
v0_051_dst_science_technology_and_innovation_policy_fellowships,Jaydev Dabas,"['application', 'area', 'importance', 'major', 'process', 'result', 'role', 'work', 'world']"
v0_051_dst_science_technology_and_innovation_policy_fellowships,Millie Pant,"['application', 'area', 'decade', 'department', 'development', 'input', 'objective', 'process']"
v0_051_dst_science_technology_and_innovation_policy_fellowships,Rajan Arora,"['application', 'country', 'department', 'major', 'work', 'world']"
v0_051_dst_science_technology_and_innovation_policy_fellowships,Ashwani Kumar Sharma,"['area', 'decade', 'department', 'development', 'major', 'process', 'role']"
v0_051_dst_science_technology_and_innovation_policy_fellowships,Bijan Choudhury,"['application', 'area', 'decade', 'department', 'development', 'importance', 'input', 'opportunity', 'role', 'work']"
v0_051_dst_science_technology_and_innovation_policy_fellowships,Debabrata Sircar,"['application', 'country', 'decade', 'importance', 'objective', 'opportunity', 'process', 'resource']"
v0_051_dst_science_technology_and_innovation_policy_fellowships,Deepak Sharma,"['application', 'area', 'country', 'decade', 'department', 'major', 'number', 'objective', 'process', 'resource']"
v0_051_dst_science_technology_and_innovation_policy_fellowships,P Gopinath,"['application', 'department', 'development', 'importance']"
v0_051_dst_science_technology_and_innovation_policy_fellowships,Harsh Chauhan,"['application', 'area', 'country', 'decade', 'department', 'development', 'input', 'opportunity', 'process', 'role']"
v0_051_dst_science_technology_and_innovation_policy_fellowships,Srinivas Kiran Ambatipudi,[]
v0_051_dst_science_technology_and_innovation_policy_fellowships,Krishna Mohan Poluri,"['area', 'decade', 'department', 'development', 'importance', 'resource', 'result']"
v0_051_dst_science_technology_and_innovation_policy_fellowships,Maya S.Nair,"['application', 'country', 'importance', 'major', 'opportunity', 'process', 'resource', 'work']"
v0_051_dst_science_technology_and_innovation_policy_fellowships,N K Navani,"['decade', 'department', 'development', 'importance', 'process', 'role']"
v0_051_dst_science_technology_and_innovation_policy_fellowships,Partha Roy,"['application', 'area', 'decade', 'department', 'development', 'input', 'role']"
v0_051_dst_science_technology_and_innovation_policy_fellowships,Poonam Choudhary,"['application', 'department', 'major', 'objective', 'opportunity', 'process', 'resource', 'work']"
v0_051_dst_science_technology_and_innovation_policy_fellowships,Prabhat Kumar Mandal,"['application', 'decade', 'department', 'development', 'importance', 'major', 'objective', 'process', 'resource']"
v0_051_dst_science_technology_and_innovation_policy_fellowships,Pranita P Sarangi,"['area', 'process', 'resource', 'role']"
v0_051_dst_science_technology_and_innovation_policy_fellowships,Pravindra Kumar,"['application', 'area', 'decade', 'department', 'development', 'importance', 'major', 'result', 'role']"
v0_051_dst_science_technology_and_innovation_policy_fellowships,Prince Tiwari,"['application', 'area', 'department', 'importance', 'major', 'number', 'process', 'role', 'world']"
v0_051_dst_science_technology_and_innovation_policy_fellowships,R. P. Singh,"['application', 'area', 'decade', 'department', 'development', 'input', 'major', 'number', 'opportunity', 'work', 'world']"
v0_051_dst_science_technology_and_innovation_policy_fellowships,Ramasare Prasad,"['application', 'area', 'country', 'department', 'development', 'input', 'major', 'process', 'result']"
v0_051_dst_science_technology_and_innovation_policy_fellowships,Ranjana Pathania,"['application', 'decade', 'department', 'development', 'importance', 'input', 'number']"
v0_051_dst_science_technology_and_innovation_policy_fellowships,Sanjoy Ghosh,"['application', 'country', 'department', 'importance', 'objective', 'process']"
v0_051_dst_science_technology_and_innovation_policy_fellowships,Saugata Hazra,"['department', 'development', 'importance', 'opportunity', 'resource']"
v0_051_dst_science_technology_and_innovation_policy_fellowships,Shailly Tomar,"['application', 'decade', 'department', 'development', 'process', 'resource']"
v0_051_dst_science_technology_and_innovation_policy_fellowships,Shri Ram Yadav,"['application', 'department', 'importance', 'input', 'work', 'world']"
v0_051_dst_science_technology_and_innovation_policy_fellowships,Soma Rohatgi,"['application', 'area', 'decade', 'development', 'importance', 'major', 'resource', 'result', 'work', 'world']"
v0_051_dst_science_technology_and_innovation_policy_fellowships,Sachin Suresh Tiwari,"['application', 'area', 'country', 'decade', 'department', 'input', 'objective', 'opportunity', 'process', 'resource', 'role', 'work', 'world']"
v0_051_dst_science_technology_and_innovation_policy_fellowships,Jitin Singla,"['application', 'area', 'importance', 'number', 'process', 'work', 'world']"
v0_051_dst_science_technology_and_innovation_policy_fellowships,Rajesh Kumar,"['application', 'area', 'decade', 'department', 'development', 'input', 'major', 'process', 'resource', 'world']"
v0_051_dst_science_technology_and_innovation_policy_fellowships,Akhil Upadhyay,"['country', 'department', 'importance', 'number', 'process', 'resource']"
v0_052_dst_daad_2018_call_for_personal_exchanges_between_india_and_germany,Arindam Biswas,"['application', 'department', 'india', 'result', 'support']"
v0_052_dst_daad_2018_call_for_personal_exchanges_between_india_and_germany,Avlokita Agrawal,"['application', 'department', 'india', 'major', 'support']"
v0_052_dst_daad_2018_call_for_personal_exchanges_between_india_and_germany,Gaurav Raheja,"['application', 'department', 'financial support', 'india', 'result', 'support']"
v0_052_dst_daad_2018_call_for_personal_exchanges_between_india_and_germany,Harshit Sosan Lakra,[]
v0_052_dst_daad_2018_call_for_personal_exchanges_between_india_and_germany,Mahua Mukherjee,"['application', 'department', 'india', 'support']"
v0_052_dst_daad_2018_call_for_personal_exchanges_between_india_and_germany,Prabhjot Singh Chani,"['application', 'department', 'india', 'major', 'support', 'young researcher']"
v0_052_dst_daad_2018_call_for_personal_exchanges_between_india_and_germany,E Rajasekar,"['major', 'number', 'objective', 'result', 'support']"
v0_052_dst_daad_2018_call_for_personal_exchanges_between_india_and_germany,Ram Sateesh Pasupuleti,"['application', 'financial support', 'major', 'number', 'objective', 'support']"
v0_052_dst_daad_2018_call_for_personal_exchanges_between_india_and_germany,Saptarshi Kolay,"['application', 'financial support', 'result', 'support', 'young researcher']"
v0_052_dst_daad_2018_call_for_personal_exchanges_between_india_and_germany,Shubhajit Sadhukhan,"['application', 'department', 'number', 'support']"
v0_052_dst_daad_2018_call_for_personal_exchanges_between_india_and_germany,Smriti Saraswat,"['application', 'department', 'financial support', 'india', 'number', 'result']"
v0_052_dst_daad_2018_call_for_personal_exchanges_between_india_and_germany,Sonal Atreya,"['application', 'financial support', 'major', 'number', 'result', 'support']"
v0_052_dst_daad_2018_call_for_personal_exchanges_between_india_and_germany,Tina Pujara,"['application', 'financial support', 'major']"
v0_052_dst_daad_2018_call_for_personal_exchanges_between_india_and_germany,Uttam Kumar Roy,"['application', 'department', 'financial support', 'major', 'result', 'support', 'young researcher']"
v0_052_dst_daad_2018_call_for_personal_exchanges_between_india_and_germany,V Devadas,"['application', 'department', 'result']"
v0_052_dst_daad_2018_call_for_personal_exchanges_between_india_and_germany,Jaydev Dabas,"['application', 'major', 'result', 'support']"
v0_052_dst_daad_2018_call_for_personal_exchanges_between_india_and_germany,Millie Pant,"['application', 'department', 'financial support', 'objective', 'support']"
v0_052_dst_daad_2018_call_for_personal_exchanges_between_india_and_germany,Rajan Arora,"['application', 'department', 'major', 'support']"
v0_052_dst_daad_2018_call_for_personal_exchanges_between_india_and_germany,Ashwani Kumar Sharma,"['department', 'financial support', 'india', 'major']"
v0_052_dst_daad_2018_call_for_personal_exchanges_between_india_and_germany,Bijan Choudhury,"['application', 'department', 'financial support', 'india']"
v0_052_dst_daad_2018_call_for_personal_exchanges_between_india_and_germany,Debabrata Sircar,"['application', 'financial support', 'objective', 'support', 'young researcher']"
v0_052_dst_daad_2018_call_for_personal_exchanges_between_india_and_germany,Deepak Sharma,"['application', 'department', 'financial support', 'major', 'number', 'objective']"
v0_052_dst_daad_2018_call_for_personal_exchanges_between_india_and_germany,P Gopinath,"['application', 'department', 'young researcher']"
v0_052_dst_daad_2018_call_for_personal_exchanges_between_india_and_germany,Harsh Chauhan,"['application', 'department', 'india', 'support', 'young researcher']"
v0_052_dst_daad_2018_call_for_personal_exchanges_between_india_and_germany,Srinivas Kiran Ambatipudi,[]
v0_052_dst_daad_2018_call_for_personal_exchanges_between_india_and_germany,Krishna Mohan Poluri,"['department', 'result']"
v0_052_dst_daad_2018_call_for_personal_exchanges_between_india_and_germany,Maya S.Nair,"['application', 'major', 'support', 'young researcher']"
v0_052_dst_daad_2018_call_for_personal_exchanges_between_india_and_germany,N K Navani,"['department', 'financial support', 'support']"
v0_052_dst_daad_2018_call_for_personal_exchanges_between_india_and_germany,Partha Roy,"['application', 'department', 'support']"
v0_052_dst_daad_2018_call_for_personal_exchanges_between_india_and_germany,Poonam Choudhary,"['application', 'department', 'financial support', 'major', 'objective']"
v0_052_dst_daad_2018_call_for_personal_exchanges_between_india_and_germany,Prabhat Kumar Mandal,"['application', 'department', 'major', 'objective']"
v0_052_dst_daad_2018_call_for_personal_exchanges_between_india_and_germany,Pranita P Sarangi,[]
v0_052_dst_daad_2018_call_for_personal_exchanges_between_india_and_germany,Pravindra Kumar,"['application', 'department', 'major', 'result']"
v0_052_dst_daad_2018_call_for_personal_exchanges_between_india_and_germany,Prince Tiwari,"['application', 'department', 'financial support', 'major', 'number']"
v0_052_dst_daad_2018_call_for_personal_exchanges_between_india_and_germany,R. P. Singh,"['application', 'department', 'financial support', 'major', 'number', 'support']"
v0_052_dst_daad_2018_call_for_personal_exchanges_between_india_and_germany,Ramasare Prasad,"['application', 'department', 'financial support', 'major', 'result']"
v0_052_dst_daad_2018_call_for_personal_exchanges_between_india_and_germany,Ranjana Pathania,"['application', 'department', 'financial support', 'number']"
v0_052_dst_daad_2018_call_for_personal_exchanges_between_india_and_germany,Sanjoy Ghosh,"['application', 'department', 'financial support', 'objective']"
v0_052_dst_daad_2018_call_for_personal_exchanges_between_india_and_germany,Saugata Hazra,"['department', 'financial support']"
v0_052_dst_daad_2018_call_for_personal_exchanges_between_india_and_germany,Shailly Tomar,"['application', 'department']"
v0_052_dst_daad_2018_call_for_personal_exchanges_between_india_and_germany,Shri Ram Yadav,"['application', 'department']"
v0_052_dst_daad_2018_call_for_personal_exchanges_between_india_and_germany,Soma Rohatgi,"['application', 'major', 'result']"
v0_052_dst_daad_2018_call_for_personal_exchanges_between_india_and_germany,Sachin Suresh Tiwari,"['application', 'department', 'india', 'objective', 'young researcher']"
v0_052_dst_daad_2018_call_for_personal_exchanges_between_india_and_germany,Jitin Singla,"['application', 'financial support', 'number', 'support']"
v0_052_dst_daad_2018_call_for_personal_exchanges_between_india_and_germany,Rajesh Kumar,"['application', 'department', 'india', 'major']"
v0_052_dst_daad_2018_call_for_personal_exchanges_between_india_and_germany,Akhil Upadhyay,"['department', 'number']"
v0_053_joint_call_for_project_proposals_2018___indo_danish_research_and_innovation_cooperation_in_the_areas_of_renewable_energy,Arindam Biswas,"['application', 'area', 'country', 'department', 'development', 'india', 'institute']"
v0_053_joint_call_for_project_proposals_2018___indo_danish_research_and_innovation_cooperation_in_the_areas_of_renewable_energy,Avlokita Agrawal,"['application', 'country', 'department', 'development', 'india', 'institute', 'procedure', 'solution', 'system']"
v0_053_joint_call_for_project_proposals_2018___indo_danish_research_and_innovation_cooperation_in_the_areas_of_renewable_energy,Gaurav Raheja,"['application', 'area', 'department', 'development', 'field', 'india', 'institute', 'solution']"
v0_053_joint_call_for_project_proposals_2018___indo_danish_research_and_innovation_cooperation_in_the_areas_of_renewable_energy,Harshit Sosan Lakra,[]
v0_053_joint_call_for_project_proposals_2018___indo_danish_research_and_innovation_cooperation_in_the_areas_of_renewable_energy,Mahua Mukherjee,"['application', 'department', 'development', 'india', 'institute', 'procedure', 'solution', 'system']"
v0_053_joint_call_for_project_proposals_2018___indo_danish_research_and_innovation_cooperation_in_the_areas_of_renewable_energy,Prabhjot Singh Chani,"['application', 'country', 'department', 'development', 'efficiency', 'india', 'institute', 'member', 'solution']"
v0_053_joint_call_for_project_proposals_2018___indo_danish_research_and_innovation_cooperation_in_the_areas_of_renewable_energy,E Rajasekar,"['area', 'country', 'solution']"
v0_053_joint_call_for_project_proposals_2018___indo_danish_research_and_innovation_cooperation_in_the_areas_of_renewable_energy,Ram Sateesh Pasupuleti,"['application', 'area', 'faculty member', 'institute', 'member', 'procedure', 'solution', 'system']"
v0_053_joint_call_for_project_proposals_2018___indo_danish_research_and_innovation_cooperation_in_the_areas_of_renewable_energy,Saptarshi Kolay,"['application', 'area', 'development', 'form', 'institute', 'procedure']"
v0_053_joint_call_for_project_proposals_2018___indo_danish_research_and_innovation_cooperation_in_the_areas_of_renewable_energy,Shubhajit Sadhukhan,"['application', 'area', 'country', 'department', 'development', 'faculty member', 'member', 'procedure']"
v0_053_joint_call_for_project_proposals_2018___indo_danish_research_and_innovation_cooperation_in_the_areas_of_renewable_energy,Smriti Saraswat,"['application', 'department', 'development', 'india', 'member', 'procedure', 'solution']"
v0_053_joint_call_for_project_proposals_2018___indo_danish_research_and_innovation_cooperation_in_the_areas_of_renewable_energy,Sonal Atreya,"['application', 'area', 'country', 'form', 'institute', 'member', 'procedure', 'solution', 'system']"
v0_053_joint_call_for_project_proposals_2018___indo_danish_research_and_innovation_cooperation_in_the_areas_of_renewable_energy,Tina Pujara,"['application', 'procedure', 'solution', 'system']"
v0_053_joint_call_for_project_proposals_2018___indo_danish_research_and_innovation_cooperation_in_the_areas_of_renewable_energy,Uttam Kumar Roy,"['application', 'department', 'procedure']"
v0_053_joint_call_for_project_proposals_2018___indo_danish_research_and_innovation_cooperation_in_the_areas_of_renewable_energy,V Devadas,"['application', 'area', 'department', 'development', 'form', 'solution', 'system']"
v0_053_joint_call_for_project_proposals_2018___indo_danish_research_and_innovation_cooperation_in_the_areas_of_renewable_energy,Jaydev Dabas,"['application', 'area', 'efficiency', 'form', 'institute', 'solution']"
v0_053_joint_call_for_project_proposals_2018___indo_danish_research_and_innovation_cooperation_in_the_areas_of_renewable_energy,Millie Pant,"['application', 'area', 'department', 'development', 'efficiency']"
v0_053_joint_call_for_project_proposals_2018___indo_danish_research_and_innovation_cooperation_in_the_areas_of_renewable_energy,Rajan Arora,"['application', 'country', 'department', 'field', 'form', 'member', 'solution']"
v0_053_joint_call_for_project_proposals_2018___indo_danish_research_and_innovation_cooperation_in_the_areas_of_renewable_energy,Ashwani Kumar Sharma,"['area', 'department', 'development', 'india', 'procedure', 'system']"
v0_053_joint_call_for_project_proposals_2018___indo_danish_research_and_innovation_cooperation_in_the_areas_of_renewable_energy,Bijan Choudhury,"['application', 'area', 'department', 'development', 'india', 'institute', 'solution']"
v0_053_joint_call_for_project_proposals_2018___indo_danish_research_and_innovation_cooperation_in_the_areas_of_renewable_energy,Debabrata Sircar,"['application', 'country', 'institute', 'procedure', 'system']"
v0_053_joint_call_for_project_proposals_2018___indo_danish_research_and_innovation_cooperation_in_the_areas_of_renewable_energy,Deepak Sharma,"['application', 'area', 'country', 'department', 'institute', 'member', 'solution']"
v0_053_joint_call_for_project_proposals_2018___indo_danish_research_and_innovation_cooperation_in_the_areas_of_renewable_energy,P Gopinath,"['application', 'department', 'development', 'system']"
v0_053_joint_call_for_project_proposals_2018___indo_danish_research_and_innovation_cooperation_in_the_areas_of_renewable_energy,Harsh Chauhan,"['application', 'area', 'country', 'department', 'development', 'faculty member', 'field', 'india', 'institute', 'procedure']"
v0_053_joint_call_for_project_proposals_2018___indo_danish_research_and_innovation_cooperation_in_the_areas_of_renewable_energy,Srinivas Kiran Ambatipudi,[]
v0_053_joint_call_for_project_proposals_2018___indo_danish_research_and_innovation_cooperation_in_the_areas_of_renewable_energy,Krishna Mohan Poluri,"['area', 'department', 'development', 'field', 'procedure', 'system']"
v0_053_joint_call_for_project_proposals_2018___indo_danish_research_and_innovation_cooperation_in_the_areas_of_renewable_energy,Maya S.Nair,"['application', 'country', 'form']"
v0_053_joint_call_for_project_proposals_2018___indo_danish_research_and_innovation_cooperation_in_the_areas_of_renewable_energy,N K Navani,"['department', 'development', 'procedure']"
v0_053_joint_call_for_project_proposals_2018___indo_danish_research_and_innovation_cooperation_in_the_areas_of_renewable_energy,Partha Roy,"['application', 'area', 'department', 'development', 'institute', 'solution']"
v0_053_joint_call_for_project_proposals_2018___indo_danish_research_and_innovation_cooperation_in_the_areas_of_renewable_energy,Poonam Choudhary,"['application', 'department', 'faculty member', 'solution']"
v0_053_joint_call_for_project_proposals_2018___indo_danish_research_and_innovation_cooperation_in_the_areas_of_renewable_energy,Prabhat Kumar Mandal,"['application', 'department', 'development', 'procedure', 'solution', 'system']"
v0_053_joint_call_for_project_proposals_2018___indo_danish_research_and_innovation_cooperation_in_the_areas_of_renewable_energy,Pranita P Sarangi,"['area', 'institute', 'procedure']"
v0_053_joint_call_for_project_proposals_2018___indo_danish_research_and_innovation_cooperation_in_the_areas_of_renewable_energy,Pravindra Kumar,"['application', 'area', 'department', 'development', 'solution', 'system']"
v0_053_joint_call_for_project_proposals_2018___indo_danish_research_and_innovation_cooperation_in_the_areas_of_renewable_energy,Prince Tiwari,"['application', 'area', 'department', 'efficiency', 'institute', 'system']"
v0_053_joint_call_for_project_proposals_2018___indo_danish_research_and_innovation_cooperation_in_the_areas_of_renewable_energy,R. P. Singh,"['application', 'area', 'department', 'development', 'faculty member', 'field', 'form', 'institute']"
v0_053_joint_call_for_project_proposals_2018___indo_danish_research_and_innovation_cooperation_in_the_areas_of_renewable_energy,Ramasare Prasad,"['application', 'area', 'country', 'department', 'development', 'institute', 'procedure', 'solution']"
v0_053_joint_call_for_project_proposals_2018___indo_danish_research_and_innovation_cooperation_in_the_areas_of_renewable_energy,Ranjana Pathania,"['application', 'department', 'development', 'efficiency', 'faculty member', 'institute', 'member', 'procedure', 'solution']"
v0_053_joint_call_for_project_proposals_2018___indo_danish_research_and_innovation_cooperation_in_the_areas_of_renewable_energy,Sanjoy Ghosh,"['application', 'country', 'department', 'field', 'procedure', 'solution']"
v0_053_joint_call_for_project_proposals_2018___indo_danish_research_and_innovation_cooperation_in_the_areas_of_renewable_energy,Saugata Hazra,"['department', 'development', 'field', 'procedure', 'system']"
v0_053_joint_call_for_project_proposals_2018___indo_danish_research_and_innovation_cooperation_in_the_areas_of_renewable_energy,Shailly Tomar,"['application', 'department', 'development', 'procedure', 'solution']"
v0_053_joint_call_for_project_proposals_2018___indo_danish_research_and_innovation_cooperation_in_the_areas_of_renewable_energy,Shri Ram Yadav,"['application', 'department', 'form', 'institute', 'procedure', 'system']"
v0_053_joint_call_for_project_proposals_2018___indo_danish_research_and_innovation_cooperation_in_the_areas_of_renewable_energy,Soma Rohatgi,"['application', 'area', 'development', 'efficiency']"
v0_053_joint_call_for_project_proposals_2018___indo_danish_research_and_innovation_cooperation_in_the_areas_of_renewable_energy,Sachin Suresh Tiwari,"['application', 'area', 'country', 'department', 'efficiency', 'form', 'india', 'procedure', 'solution']"
v0_053_joint_call_for_project_proposals_2018___indo_danish_research_and_innovation_cooperation_in_the_areas_of_renewable_energy,Jitin Singla,"['application', 'area', 'faculty member', 'member', 'solution']"
v0_053_joint_call_for_project_proposals_2018___indo_danish_research_and_innovation_cooperation_in_the_areas_of_renewable_energy,Rajesh Kumar,"['application', 'area', 'department', 'development', 'efficiency', 'field', 'india', 'institute', 'procedure', 'solution']"
v0_053_joint_call_for_project_proposals_2018___indo_danish_research_and_innovation_cooperation_in_the_areas_of_renewable_energy,Akhil Upadhyay,"['country', 'department', 'efficiency', 'faculty member', 'member', 'procedure', 'solution']"
v0_054_funding_opportunity_announcement_foa_in_converting_sunlight_to_storable_fuels_energyrich_chemicals_and_biochemicals_ic5,Arindam Biswas,"['algae', 'challenge', 'country', 'department', 'design', 'development', 'india', 'material', 'opportunity', 'study']"
v0_054_funding_opportunity_announcement_foa_in_converting_sunlight_to_storable_fuels_energyrich_chemicals_and_biochemicals_ic5,Avlokita Agrawal,"['country', 'department', 'development', 'india', 'process', 'study', 'system']"
v0_054_funding_opportunity_announcement_foa_in_converting_sunlight_to_storable_fuels_energyrich_chemicals_and_biochemicals_ic5,Gaurav Raheja,"['algae', 'challenge', 'department', 'design', 'development', 'india', 'study']"
v0_054_funding_opportunity_announcement_foa_in_converting_sunlight_to_storable_fuels_energyrich_chemicals_and_biochemicals_ic5,Harshit Sosan Lakra,[]
v0_054_funding_opportunity_announcement_foa_in_converting_sunlight_to_storable_fuels_energyrich_chemicals_and_biochemicals_ic5,Mahua Mukherjee,"['department', 'design', 'development', 'india', 'material', 'opportunity', 'process', 'study', 'system']"
v0_054_funding_opportunity_announcement_foa_in_converting_sunlight_to_storable_fuels_energyrich_chemicals_and_biochemicals_ic5,Prabhjot Singh Chani,"['algae', 'challenge', 'country', 'department', 'development', 'india', 'member']"
v0_054_funding_opportunity_announcement_foa_in_converting_sunlight_to_storable_fuels_energyrich_chemicals_and_biochemicals_ic5,E Rajasekar,"['country', 'design', 'material']"
v0_054_funding_opportunity_announcement_foa_in_converting_sunlight_to_storable_fuels_energyrich_chemicals_and_biochemicals_ic5,Ram Sateesh Pasupuleti,"['challenge', 'material', 'member', 'opportunity', 'system']"
v0_054_funding_opportunity_announcement_foa_in_converting_sunlight_to_storable_fuels_energyrich_chemicals_and_biochemicals_ic5,Saptarshi Kolay,"['challenge', 'design', 'development', 'material', 'opportunity', 'process']"
v0_054_funding_opportunity_announcement_foa_in_converting_sunlight_to_storable_fuels_energyrich_chemicals_and_biochemicals_ic5,Shubhajit Sadhukhan,"['country', 'department', 'development', 'letter', 'material', 'member', 'opportunity', 'process']"
v0_054_funding_opportunity_announcement_foa_in_converting_sunlight_to_storable_fuels_energyrich_chemicals_and_biochemicals_ic5,Smriti Saraswat,"['department', 'development', 'india', 'letter', 'member', 'process']"
v0_054_funding_opportunity_announcement_foa_in_converting_sunlight_to_storable_fuels_energyrich_chemicals_and_biochemicals_ic5,Sonal Atreya,"['challenge', 'country', 'letter', 'material', 'member', 'process', 'system']"
v0_054_funding_opportunity_announcement_foa_in_converting_sunlight_to_storable_fuels_energyrich_chemicals_and_biochemicals_ic5,Tina Pujara,"['design', 'system']"
v0_054_funding_opportunity_announcement_foa_in_converting_sunlight_to_storable_fuels_energyrich_chemicals_and_biochemicals_ic5,Uttam Kumar Roy,"['department', 'design', 'material', 'opportunity', 'process']"
v0_054_funding_opportunity_announcement_foa_in_converting_sunlight_to_storable_fuels_energyrich_chemicals_and_biochemicals_ic5,V Devadas,"['algae', 'department', 'design', 'development', 'opportunity', 'study', 'system']"
v0_054_funding_opportunity_announcement_foa_in_converting_sunlight_to_storable_fuels_energyrich_chemicals_and_biochemicals_ic5,Jaydev Dabas,"['algae', 'design', 'process']"
v0_054_funding_opportunity_announcement_foa_in_converting_sunlight_to_storable_fuels_energyrich_chemicals_and_biochemicals_ic5,Millie Pant,"['department', 'development', 'material', 'process', 'study']"
v0_054_funding_opportunity_announcement_foa_in_converting_sunlight_to_storable_fuels_energyrich_chemicals_and_biochemicals_ic5,Rajan Arora,"['country', 'department', 'letter', 'member']"
v0_054_funding_opportunity_announcement_foa_in_converting_sunlight_to_storable_fuels_energyrich_chemicals_and_biochemicals_ic5,Ashwani Kumar Sharma,"['department', 'design', 'development', 'india', 'letter', 'material', 'process', 'system']"
v0_054_funding_opportunity_announcement_foa_in_converting_sunlight_to_storable_fuels_energyrich_chemicals_and_biochemicals_ic5,Bijan Choudhury,"['department', 'design', 'development', 'india', 'material', 'opportunity']"
v0_054_funding_opportunity_announcement_foa_in_converting_sunlight_to_storable_fuels_energyrich_chemicals_and_biochemicals_ic5,Debabrata Sircar,"['country', 'material', 'opportunity', 'process', 'study', 'system']"
v0_054_funding_opportunity_announcement_foa_in_converting_sunlight_to_storable_fuels_energyrich_chemicals_and_biochemicals_ic5,Deepak Sharma,"['challenge', 'country', 'department', 'material', 'member', 'process', 'study']"
v0_054_funding_opportunity_announcement_foa_in_converting_sunlight_to_storable_fuels_energyrich_chemicals_and_biochemicals_ic5,P Gopinath,"['challenge', 'department', 'development', 'material', 'system']"
v0_054_funding_opportunity_announcement_foa_in_converting_sunlight_to_storable_fuels_energyrich_chemicals_and_biochemicals_ic5,Harsh Chauhan,"['country', 'department', 'development', 'india', 'opportunity', 'process', 'study']"
v0_054_funding_opportunity_announcement_foa_in_converting_sunlight_to_storable_fuels_energyrich_chemicals_and_biochemicals_ic5,Srinivas Kiran Ambatipudi,[]
v0_054_funding_opportunity_announcement_foa_in_converting_sunlight_to_storable_fuels_energyrich_chemicals_and_biochemicals_ic5,Krishna Mohan Poluri,"['department', 'design', 'development', 'material', 'system']"
v0_054_funding_opportunity_announcement_foa_in_converting_sunlight_to_storable_fuels_energyrich_chemicals_and_biochemicals_ic5,Maya S.Nair,"['algae', 'challenge', 'country', 'opportunity', 'process']"
v0_054_funding_opportunity_announcement_foa_in_converting_sunlight_to_storable_fuels_energyrich_chemicals_and_biochemicals_ic5,N K Navani,"['algae', 'department', 'development', 'material', 'process']"
v0_054_funding_opportunity_announcement_foa_in_converting_sunlight_to_storable_fuels_energyrich_chemicals_and_biochemicals_ic5,Partha Roy,"['algae', 'challenge', 'department', 'design', 'development']"
v0_054_funding_opportunity_announcement_foa_in_converting_sunlight_to_storable_fuels_energyrich_chemicals_and_biochemicals_ic5,Poonam Choudhary,"['algae', 'challenge', 'department', 'design', 'letter', 'material', 'opportunity', 'process', 'study']"
v0_054_funding_opportunity_announcement_foa_in_converting_sunlight_to_storable_fuels_energyrich_chemicals_and_biochemicals_ic5,Prabhat Kumar Mandal,"['challenge', 'department', 'development', 'process', 'system']"
v0_054_funding_opportunity_announcement_foa_in_converting_sunlight_to_storable_fuels_energyrich_chemicals_and_biochemicals_ic5,Pranita P Sarangi,"['algae', 'material', 'process']"
v0_054_funding_opportunity_announcement_foa_in_converting_sunlight_to_storable_fuels_energyrich_chemicals_and_biochemicals_ic5,Pravindra Kumar,"['algae', 'department', 'development', 'letter', 'study', 'system']"
v0_054_funding_opportunity_announcement_foa_in_converting_sunlight_to_storable_fuels_energyrich_chemicals_and_biochemicals_ic5,Prince Tiwari,"['algae', 'challenge', 'department', 'design', 'material', 'process', 'system']"
v0_054_funding_opportunity_announcement_foa_in_converting_sunlight_to_storable_fuels_energyrich_chemicals_and_biochemicals_ic5,R. P. Singh,"['department', 'design', 'development', 'letter', 'material', 'opportunity']"
v0_054_funding_opportunity_announcement_foa_in_converting_sunlight_to_storable_fuels_energyrich_chemicals_and_biochemicals_ic5,Ramasare Prasad,"['country', 'department', 'development', 'material', 'process', 'study']"
v0_054_funding_opportunity_announcement_foa_in_converting_sunlight_to_storable_fuels_energyrich_chemicals_and_biochemicals_ic5,Ranjana Pathania,"['algae', 'department', 'design', 'development', 'letter', 'material', 'member']"
v0_054_funding_opportunity_announcement_foa_in_converting_sunlight_to_storable_fuels_energyrich_chemicals_and_biochemicals_ic5,Sanjoy Ghosh,"['algae', 'challenge', 'country', 'department', 'material', 'process', 'study']"
v0_054_funding_opportunity_announcement_foa_in_converting_sunlight_to_storable_fuels_energyrich_chemicals_and_biochemicals_ic5,Saugata Hazra,"['department', 'design', 'development', 'material', 'opportunity', 'study', 'system']"
v0_054_funding_opportunity_announcement_foa_in_converting_sunlight_to_storable_fuels_energyrich_chemicals_and_biochemicals_ic5,Shailly Tomar,"['department', 'development', 'letter', 'material', 'process']"
v0_054_funding_opportunity_announcement_foa_in_converting_sunlight_to_storable_fuels_energyrich_chemicals_and_biochemicals_ic5,Shri Ram Yadav,"['algae', 'department', 'system']"
v0_054_funding_opportunity_announcement_foa_in_converting_sunlight_to_storable_fuels_energyrich_chemicals_and_biochemicals_ic5,Soma Rohatgi,"['algae', 'development', 'material']"
v0_054_funding_opportunity_announcement_foa_in_converting_sunlight_to_storable_fuels_energyrich_chemicals_and_biochemicals_ic5,Sachin Suresh Tiwari,"['algae', 'challenge', 'country', 'department', 'india', 'opportunity', 'process']"
v0_054_funding_opportunity_announcement_foa_in_converting_sunlight_to_storable_fuels_energyrich_chemicals_and_biochemicals_ic5,Jitin Singla,"['algae', 'letter', 'member', 'process']"
v0_054_funding_opportunity_announcement_foa_in_converting_sunlight_to_storable_fuels_energyrich_chemicals_and_biochemicals_ic5,Rajesh Kumar,"['algae', 'department', 'design', 'development', 'india', 'material', 'process', 'study']"
v0_054_funding_opportunity_announcement_foa_in_converting_sunlight_to_storable_fuels_energyrich_chemicals_and_biochemicals_ic5,Akhil Upadhyay,"['algae', 'challenge', 'country', 'department', 'design', 'letter', 'member', 'process', 'study']"
v0_055_india_belarus_joint_call_for_proposals,Arindam Biswas,"['application', 'area', 'country', 'department', 'environment', 'india', 'material']"
v0_055_india_belarus_joint_call_for_proposals,Avlokita Agrawal,"['application', 'country', 'department', 'environment', 'india', 'system']"
v0_055_india_belarus_joint_call_for_proposals,Gaurav Raheja,"['application', 'area', 'department', 'environment', 'india']"
v0_055_india_belarus_joint_call_for_proposals,Harshit Sosan Lakra,[]
v0_055_india_belarus_joint_call_for_proposals,Mahua Mukherjee,"['application', 'department', 'environment', 'india', 'material', 'system']"
v0_055_india_belarus_joint_call_for_proposals,Prabhjot Singh Chani,"['application', 'country', 'department', 'environment', 'india']"
v0_055_india_belarus_joint_call_for_proposals,E Rajasekar,"['area', 'country', 'material']"
v0_055_india_belarus_joint_call_for_proposals,Ram Sateesh Pasupuleti,"['application', 'area', 'material', 'system']"
v0_055_india_belarus_joint_call_for_proposals,Saptarshi Kolay,"['application', 'area', 'form', 'material']"
v0_055_india_belarus_joint_call_for_proposals,Shubhajit Sadhukhan,"['application', 'area', 'country', 'department', 'environment', 'material']"
v0_055_india_belarus_joint_call_for_proposals,Smriti Saraswat,"['application', 'department', 'environment', 'india']"
v0_055_india_belarus_joint_call_for_proposals,Sonal Atreya,"['application', 'area', 'country', 'form', 'material', 'system']"
v0_055_india_belarus_joint_call_for_proposals,Tina Pujara,"['application', 'system']"
v0_055_india_belarus_joint_call_for_proposals,Uttam Kumar Roy,"['application', 'department', 'environment', 'material']"
v0_055_india_belarus_joint_call_for_proposals,V Devadas,"['application', 'area', 'department', 'environment', 'form', 'system']"
v0_055_india_belarus_joint_call_for_proposals,Jaydev Dabas,"['application', 'area', 'form']"
v0_055_india_belarus_joint_call_for_proposals,Millie Pant,"['application', 'area', 'department', 'environment', 'material']"
v0_055_india_belarus_joint_call_for_proposals,Rajan Arora,"['application', 'country', 'department', 'environment', 'form']"
v0_055_india_belarus_joint_call_for_proposals,Ashwani Kumar Sharma,"['area', 'department', 'environment', 'india', 'material', 'system']"
v0_055_india_belarus_joint_call_for_proposals,Bijan Choudhury,"['application', 'area', 'department', 'environment', 'india', 'material']"
v0_055_india_belarus_joint_call_for_proposals,Debabrata Sircar,"['application', 'country', 'material', 'system']"
v0_055_india_belarus_joint_call_for_proposals,Deepak Sharma,"['application', 'area', 'country', 'department', 'material']"
v0_055_india_belarus_joint_call_for_proposals,P Gopinath,"['application', 'department', 'environment', 'material', 'system']"
v0_055_india_belarus_joint_call_for_proposals,Harsh Chauhan,"['application', 'area', 'country', 'department', 'environment', 'india']"
v0_055_india_belarus_joint_call_for_proposals,Srinivas Kiran Ambatipudi,[]
v0_055_india_belarus_joint_call_for_proposals,Krishna Mohan Poluri,"['area', 'department', 'environment', 'material', 'system']"
v0_055_india_belarus_joint_call_for_proposals,Maya S.Nair,"['application', 'country', 'form']"
v0_055_india_belarus_joint_call_for_proposals,N K Navani,"['department', 'environment', 'material']"
v0_055_india_belarus_joint_call_for_proposals,Partha Roy,"['application', 'area', 'department', 'environment']"
v0_055_india_belarus_joint_call_for_proposals,Poonam Choudhary,"['application', 'department', 'environment', 'material']"
v0_055_india_belarus_joint_call_for_proposals,Prabhat Kumar Mandal,"['application', 'department', 'environment', 'system']"
v0_055_india_belarus_joint_call_for_proposals,Pranita P Sarangi,"['area', 'material']"
v0_055_india_belarus_joint_call_for_proposals,Pravindra Kumar,"['application', 'area', 'department', 'environment', 'system']"
v0_055_india_belarus_joint_call_for_proposals,Prince Tiwari,"['application', 'area', 'department', 'material', 'system']"
v0_055_india_belarus_joint_call_for_proposals,R. P. Singh,"['application', 'area', 'department', 'form', 'material']"
v0_055_india_belarus_joint_call_for_proposals,Ramasare Prasad,"['application', 'area', 'country', 'department', 'environment', 'material']"
v0_055_india_belarus_joint_call_for_proposals,Ranjana Pathania,"['application', 'department', 'environment', 'material']"
v0_055_india_belarus_joint_call_for_proposals,Sanjoy Ghosh,"['application', 'country', 'department', 'environment', 'material']"
v0_055_india_belarus_joint_call_for_proposals,Saugata Hazra,"['department', 'environment', 'material', 'system']"
v0_055_india_belarus_joint_call_for_proposals,Shailly Tomar,"['application', 'department', 'environment', 'material']"
v0_055_india_belarus_joint_call_for_proposals,Shri Ram Yadav,"['application', 'department', 'form', 'system']"
v0_055_india_belarus_joint_call_for_proposals,Soma Rohatgi,"['application', 'area', 'material']"
v0_055_india_belarus_joint_call_for_proposals,Sachin Suresh Tiwari,"['application', 'area', 'country', 'department', 'form', 'india']"
v0_055_india_belarus_joint_call_for_proposals,Jitin Singla,"['application', 'area']"
v0_055_india_belarus_joint_call_for_proposals,Rajesh Kumar,"['application', 'area', 'department', 'environment', 'india', 'material']"
v0_055_india_belarus_joint_call_for_proposals,Akhil Upadhyay,"['country', 'department', 'environment']"
v0_056_call_for_enrollment_of_desalination_solution_providers,Arindam Biswas,"['area', 'department', 'india', 'opportunity', 'year']"
v0_056_call_for_enrollment_of_desalination_solution_providers,Avlokita Agrawal,"['department', 'india', 'solution', 'system']"
v0_056_call_for_enrollment_of_desalination_solution_providers,Gaurav Raheja,"['area', 'department', 'india', 'solution']"
v0_056_call_for_enrollment_of_desalination_solution_providers,Harshit Sosan Lakra,[]
v0_056_call_for_enrollment_of_desalination_solution_providers,Mahua Mukherjee,"['department', 'india', 'opportunity', 'solution', 'system']"
v0_056_call_for_enrollment_of_desalination_solution_providers,Prabhjot Singh Chani,"['department', 'india', 'solution']"
v0_056_call_for_enrollment_of_desalination_solution_providers,E Rajasekar,"['area', 'solution', 'year']"
v0_056_call_for_enrollment_of_desalination_solution_providers,Ram Sateesh Pasupuleti,"['area', 'opportunity', 'solution', 'system', 'year']"
v0_056_call_for_enrollment_of_desalination_solution_providers,Saptarshi Kolay,"['area', 'opportunity', 'use', 'year']"
v0_056_call_for_enrollment_of_desalination_solution_providers,Shubhajit Sadhukhan,"['area', 'department', 'opportunity', 'use']"
v0_056_call_for_enrollment_of_desalination_solution_providers,Smriti Saraswat,"['department', 'india', 'solution', 'use']"
v0_056_call_for_enrollment_of_desalination_solution_providers,Sonal Atreya,"['area', 'solution', 'system', 'use']"
v0_056_call_for_enrollment_of_desalination_solution_providers,Tina Pujara,"['solution', 'system', 'use']"
v0_056_call_for_enrollment_of_desalination_solution_providers,Uttam Kumar Roy,"['department', 'opportunity']"
v0_056_call_for_enrollment_of_desalination_solution_providers,V Devadas,"['area', 'department', 'opportunity', 'solution', 'system', 'use', 'year']"
v0_056_call_for_enrollment_of_desalination_solution_providers,Jaydev Dabas,"['area', 'solution']"
v0_056_call_for_enrollment_of_desalination_solution_providers,Millie Pant,"['area', 'department']"
v0_056_call_for_enrollment_of_desalination_solution_providers,Rajan Arora,"['department', 'solution']"
v0_056_call_for_enrollment_of_desalination_solution_providers,Ashwani Kumar Sharma,"['area', 'department', 'india', 'system']"
v0_056_call_for_enrollment_of_desalination_solution_providers,Bijan Choudhury,"['area', 'department', 'india', 'opportunity', 'solution', 'year']"
v0_056_call_for_enrollment_of_desalination_solution_providers,Debabrata Sircar,"['opportunity', 'system']"
v0_056_call_for_enrollment_of_desalination_solution_providers,Deepak Sharma,"['area', 'department', 'solution']"
v0_056_call_for_enrollment_of_desalination_solution_providers,P Gopinath,"['department', 'system', 'use']"
v0_056_call_for_enrollment_of_desalination_solution_providers,Harsh Chauhan,"['area', 'department', 'india', 'opportunity', 'use', 'year']"
v0_056_call_for_enrollment_of_desalination_solution_providers,Srinivas Kiran Ambatipudi,[]
v0_056_call_for_enrollment_of_desalination_solution_providers,Krishna Mohan Poluri,"['area', 'department', 'system', 'year']"
v0_056_call_for_enrollment_of_desalination_solution_providers,Maya S.Nair,['opportunity']
v0_056_call_for_enrollment_of_desalination_solution_providers,N K Navani,"['department', 'use']"
v0_056_call_for_enrollment_of_desalination_solution_providers,Partha Roy,"['area', 'department', 'solution', 'year']"
v0_056_call_for_enrollment_of_desalination_solution_providers,Poonam Choudhary,"['department', 'opportunity', 'solution', 'use']"
v0_056_call_for_enrollment_of_desalination_solution_providers,Prabhat Kumar Mandal,"['department', 'solution', 'system']"
v0_056_call_for_enrollment_of_desalination_solution_providers,Pranita P Sarangi,"['area', 'year']"
v0_056_call_for_enrollment_of_desalination_solution_providers,Pravindra Kumar,"['area', 'department', 'solution', 'system', 'use']"
v0_056_call_for_enrollment_of_desalination_solution_providers,Prince Tiwari,"['area', 'department', 'system', 'use']"
v0_056_call_for_enrollment_of_desalination_solution_providers,R. P. Singh,"['area', 'department', 'opportunity', 'year']"
v0_056_call_for_enrollment_of_desalination_solution_providers,Ramasare Prasad,"['area', 'department', 'solution']"
v0_056_call_for_enrollment_of_desalination_solution_providers,Ranjana Pathania,"['department', 'solution']"
v0_056_call_for_enrollment_of_desalination_solution_providers,Sanjoy Ghosh,"['department', 'solution']"
v0_056_call_for_enrollment_of_desalination_solution_providers,Saugata Hazra,"['department', 'opportunity', 'system']"
v0_056_call_for_enrollment_of_desalination_solution_providers,Shailly Tomar,"['department', 'solution']"
v0_056_call_for_enrollment_of_desalination_solution_providers,Shri Ram Yadav,"['department', 'system']"
v0_056_call_for_enrollment_of_desalination_solution_providers,Soma Rohatgi,['area']
v0_056_call_for_enrollment_of_desalination_solution_providers,Sachin Suresh Tiwari,"['area', 'department', 'india', 'opportunity', 'solution', 'use', 'year']"
v0_056_call_for_enrollment_of_desalination_solution_providers,Jitin Singla,"['area', 'solution']"
v0_056_call_for_enrollment_of_desalination_solution_providers,Rajesh Kumar,"['area', 'department', 'india', 'solution', 'year']"
v0_056_call_for_enrollment_of_desalination_solution_providers,Akhil Upadhyay,"['department', 'solution']"
v0_057_india_japan_cooperative_science_programme_ijcsp,Arindam Biswas,"['application', 'area', 'department', 'fundamental', 'india', 'machine learning', 'material', 'polymer', 'resource', 'support', 'synthesis']"
v0_057_india_japan_cooperative_science_programme_ijcsp,Avlokita Agrawal,"['application', 'department', 'fundamental', 'global warming', 'india', 'machine learning', 'polymer', 'process', 'resource', 'support', 'synthesis', 'system']"
v0_057_india_japan_cooperative_science_programme_ijcsp,Gaurav Raheja,"['application', 'area', 'department', 'global warming', 'india', 'polymer', 'resource', 'support']"
v0_057_india_japan_cooperative_science_programme_ijcsp,Harshit Sosan Lakra,[]
v0_057_india_japan_cooperative_science_programme_ijcsp,Mahua Mukherjee,"['application', 'department', 'fundamental', 'global warming', 'india', 'machine learning', 'material', 'polymer', 'process', 'support', 'system']"
v0_057_india_japan_cooperative_science_programme_ijcsp,Prabhjot Singh Chani,"['application', 'department', 'india', 'machine learning', 'polymer', 'support']"
v0_057_india_japan_cooperative_science_programme_ijcsp,E Rajasekar,"['area', 'material', 'polymer', 'resource', 'support']"
v0_057_india_japan_cooperative_science_programme_ijcsp,Ram Sateesh Pasupuleti,"['application', 'area', 'material', 'support', 'synthesis', 'system']"
v0_057_india_japan_cooperative_science_programme_ijcsp,Saptarshi Kolay,"['application', 'area', 'machine learning', 'material', 'polymer', 'process', 'resource', 'support']"
v0_057_india_japan_cooperative_science_programme_ijcsp,Shubhajit Sadhukhan,"['application', 'area', 'department', 'fundamental', 'material', 'polymer', 'process', 'resource', 'support']"
v0_057_india_japan_cooperative_science_programme_ijcsp,Smriti Saraswat,"['application', 'department', 'fundamental', 'india', 'process', 'resource']"
v0_057_india_japan_cooperative_science_programme_ijcsp,Sonal Atreya,"['application', 'area', 'machine learning', 'material', 'polymer', 'process', 'resource', 'support', 'synthesis', 'system']"
v0_057_india_japan_cooperative_science_programme_ijcsp,Tina Pujara,"['application', 'system']"
v0_057_india_japan_cooperative_science_programme_ijcsp,Uttam Kumar Roy,"['application', 'department', 'fundamental', 'material', 'polymer', 'process', 'resource', 'support']"
v0_057_india_japan_cooperative_science_programme_ijcsp,V Devadas,"['application', 'area', 'department', 'machine learning', 'resource', 'synthesis', 'system']"
v0_057_india_japan_cooperative_science_programme_ijcsp,Jaydev Dabas,"['application', 'area', 'fundamental', 'polymer', 'process', 'support']"
v0_057_india_japan_cooperative_science_programme_ijcsp,Millie Pant,"['application', 'area', 'department', 'fundamental', 'global warming', 'material', 'polymer', 'process', 'support']"
v0_057_india_japan_cooperative_science_programme_ijcsp,Rajan Arora,"['application', 'department', 'polymer', 'support']"
v0_057_india_japan_cooperative_science_programme_ijcsp,Ashwani Kumar Sharma,"['area', 'department', 'fundamental', 'global warming', 'india', 'material', 'process', 'system']"
v0_057_india_japan_cooperative_science_programme_ijcsp,Bijan Choudhury,"['application', 'area', 'department', 'fundamental', 'india', 'material', 'synthesis']"
v0_057_india_japan_cooperative_science_programme_ijcsp,Debabrata Sircar,"['application', 'global warming', 'machine learning', 'material', 'polymer', 'process', 'resource', 'support', 'system']"
v0_057_india_japan_cooperative_science_programme_ijcsp,Deepak Sharma,"['application', 'area', 'department', 'machine learning', 'material', 'process', 'resource', 'synthesis']"
v0_057_india_japan_cooperative_science_programme_ijcsp,P Gopinath,"['application', 'department', 'material', 'system']"
v0_057_india_japan_cooperative_science_programme_ijcsp,Harsh Chauhan,"['application', 'area', 'department', 'fundamental', 'india', 'machine learning', 'polymer', 'process', 'support', 'synthesis']"
v0_057_india_japan_cooperative_science_programme_ijcsp,Srinivas Kiran Ambatipudi,[]
v0_057_india_japan_cooperative_science_programme_ijcsp,Krishna Mohan Poluri,"['area', 'department', 'fundamental', 'material', 'polymer', 'resource', 'system']"
v0_057_india_japan_cooperative_science_programme_ijcsp,Maya S.Nair,"['application', 'polymer', 'process', 'resource', 'support']"
v0_057_india_japan_cooperative_science_programme_ijcsp,N K Navani,"['department', 'fundamental', 'material', 'polymer', 'process', 'support', 'synthesis']"
v0_057_india_japan_cooperative_science_programme_ijcsp,Partha Roy,"['application', 'area', 'department', 'fundamental', 'machine learning', 'polymer', 'support']"
v0_057_india_japan_cooperative_science_programme_ijcsp,Poonam Choudhary,"['application', 'department', 'fundamental', 'material', 'process', 'resource']"
v0_057_india_japan_cooperative_science_programme_ijcsp,Prabhat Kumar Mandal,"['application', 'department', 'fundamental', 'global warming', 'process', 'resource', 'system']"
v0_057_india_japan_cooperative_science_programme_ijcsp,Pranita P Sarangi,"['area', 'material', 'polymer', 'process', 'resource']"
v0_057_india_japan_cooperative_science_programme_ijcsp,Pravindra Kumar,"['application', 'area', 'department', 'fundamental', 'global warming', 'system']"
v0_057_india_japan_cooperative_science_programme_ijcsp,Prince Tiwari,"['application', 'area', 'department', 'global warming', 'machine learning', 'material', 'polymer', 'process', 'system']"
v0_057_india_japan_cooperative_science_programme_ijcsp,R. P. Singh,"['application', 'area', 'department', 'fundamental', 'machine learning', 'material', 'support']"
v0_057_india_japan_cooperative_science_programme_ijcsp,Ramasare Prasad,"['application', 'area', 'department', 'material', 'process']"
v0_057_india_japan_cooperative_science_programme_ijcsp,Ranjana Pathania,"['application', 'department', 'global warming', 'machine learning', 'material']"
v0_057_india_japan_cooperative_science_programme_ijcsp,Sanjoy Ghosh,"['application', 'department', 'fundamental', 'machine learning', 'material', 'process']"
v0_057_india_japan_cooperative_science_programme_ijcsp,Saugata Hazra,"['department', 'fundamental', 'global warming', 'material', 'resource', 'system']"
v0_057_india_japan_cooperative_science_programme_ijcsp,Shailly Tomar,"['application', 'department', 'fundamental', 'global warming', 'material', 'polymer', 'process', 'resource']"
v0_057_india_japan_cooperative_science_programme_ijcsp,Shri Ram Yadav,"['application', 'department', 'synthesis', 'system']"
v0_057_india_japan_cooperative_science_programme_ijcsp,Soma Rohatgi,"['application', 'area', 'global warming', 'material', 'resource']"
v0_057_india_japan_cooperative_science_programme_ijcsp,Sachin Suresh Tiwari,"['application', 'area', 'department', 'india', 'machine learning', 'polymer', 'process', 'resource']"
v0_057_india_japan_cooperative_science_programme_ijcsp,Jitin Singla,"['application', 'area', 'fundamental', 'machine learning', 'process', 'support']"
v0_057_india_japan_cooperative_science_programme_ijcsp,Rajesh Kumar,"['application', 'area', 'department', 'india', 'machine learning', 'material', 'polymer', 'process', 'resource', 'synthesis']"
v0_057_india_japan_cooperative_science_programme_ijcsp,Akhil Upadhyay,"['department', 'fundamental', 'machine learning', 'process', 'resource']"
v0_058_dst_nwo_joint_call_on_urban_water_systems,Arindam Biswas,"['challenge', 'city', 'condition', 'country', 'department', 'design', 'development', 'expression', 'india']"
v0_058_dst_nwo_joint_call_on_urban_water_systems,Avlokita Agrawal,"['condition', 'country', 'department', 'development', 'india', 'procedure', 'solution', 'system']"
v0_058_dst_nwo_joint_call_on_urban_water_systems,Gaurav Raheja,"['challenge', 'city', 'department', 'design', 'development', 'india', 'solution']"
v0_058_dst_nwo_joint_call_on_urban_water_systems,Harshit Sosan Lakra,[]
v0_058_dst_nwo_joint_call_on_urban_water_systems,Mahua Mukherjee,"['city', 'condition', 'department', 'design', 'development', 'india', 'procedure', 'solution', 'system']"
v0_058_dst_nwo_joint_call_on_urban_water_systems,Prabhjot Singh Chani,"['challenge', 'city', 'condition', 'country', 'department', 'development', 'india', 'solution']"
v0_058_dst_nwo_joint_call_on_urban_water_systems,E Rajasekar,"['condition', 'country', 'design', 'objective', 'solution']"
v0_058_dst_nwo_joint_call_on_urban_water_systems,Ram Sateesh Pasupuleti,"['challenge', 'condition', 'objective', 'procedure', 'solution', 'system', 'work']"
v0_058_dst_nwo_joint_call_on_urban_water_systems,Saptarshi Kolay,"['challenge', 'condition', 'design', 'development', 'expression', 'procedure', 'work']"
v0_058_dst_nwo_joint_call_on_urban_water_systems,Shubhajit Sadhukhan,"['city', 'condition', 'country', 'department', 'development', 'expression', 'procedure', 'work']"
v0_058_dst_nwo_joint_call_on_urban_water_systems,Smriti Saraswat,"['condition', 'department', 'development', 'expression', 'india', 'procedure', 'solution', 'work']"
v0_058_dst_nwo_joint_call_on_urban_water_systems,Sonal Atreya,"['challenge', 'city', 'condition', 'country', 'procedure', 'solution', 'system', 'work']"
v0_058_dst_nwo_joint_call_on_urban_water_systems,Tina Pujara,"['condition', 'design', 'procedure', 'solution', 'system']"
v0_058_dst_nwo_joint_call_on_urban_water_systems,Uttam Kumar Roy,"['condition', 'department', 'design', 'procedure', 'work']"
v0_058_dst_nwo_joint_call_on_urban_water_systems,V Devadas,"['condition', 'department', 'design', 'development', 'expression', 'solution', 'system', 'work']"
v0_058_dst_nwo_joint_call_on_urban_water_systems,Jaydev Dabas,"['condition', 'design', 'solution', 'work']"
v0_058_dst_nwo_joint_call_on_urban_water_systems,Millie Pant,"['department', 'development', 'expression', 'objective']"
v0_058_dst_nwo_joint_call_on_urban_water_systems,Rajan Arora,"['condition', 'country', 'department', 'expression', 'solution', 'work']"
v0_058_dst_nwo_joint_call_on_urban_water_systems,Ashwani Kumar Sharma,"['department', 'design', 'development', 'expression', 'india', 'procedure', 'system']"
v0_058_dst_nwo_joint_call_on_urban_water_systems,Bijan Choudhury,"['city', 'condition', 'department', 'design', 'development', 'expression', 'india', 'solution', 'work']"
v0_058_dst_nwo_joint_call_on_urban_water_systems,Debabrata Sircar,"['condition', 'country', 'expression', 'objective', 'procedure', 'system']"
v0_058_dst_nwo_joint_call_on_urban_water_systems,Deepak Sharma,"['challenge', 'condition', 'country', 'department', 'objective', 'solution']"
v0_058_dst_nwo_joint_call_on_urban_water_systems,P Gopinath,"['challenge', 'condition', 'department', 'development', 'system']"
v0_058_dst_nwo_joint_call_on_urban_water_systems,Harsh Chauhan,"['city', 'condition', 'country', 'department', 'development', 'expression', 'india', 'procedure']"
v0_058_dst_nwo_joint_call_on_urban_water_systems,Srinivas Kiran Ambatipudi,[]
v0_058_dst_nwo_joint_call_on_urban_water_systems,Krishna Mohan Poluri,"['department', 'design', 'development', 'expression', 'procedure', 'system']"
v0_058_dst_nwo_joint_call_on_urban_water_systems,Maya S.Nair,"['challenge', 'condition', 'country', 'expression', 'work']"
v0_058_dst_nwo_joint_call_on_urban_water_systems,N K Navani,"['condition', 'department', 'development', 'expression', 'procedure']"
v0_058_dst_nwo_joint_call_on_urban_water_systems,Partha Roy,"['challenge', 'condition', 'department', 'design', 'development', 'expression', 'solution']"
v0_058_dst_nwo_joint_call_on_urban_water_systems,Poonam Choudhary,"['challenge', 'city', 'condition', 'department', 'design', 'objective', 'solution', 'work']"
v0_058_dst_nwo_joint_call_on_urban_water_systems,Prabhat Kumar Mandal,"['challenge', 'condition', 'department', 'development', 'expression', 'objective', 'procedure', 'solution', 'system']"
v0_058_dst_nwo_joint_call_on_urban_water_systems,Pranita P Sarangi,"['expression', 'procedure']"
v0_058_dst_nwo_joint_call_on_urban_water_systems,Pravindra Kumar,"['city', 'department', 'development', 'expression', 'solution', 'system']"
v0_058_dst_nwo_joint_call_on_urban_water_systems,Prince Tiwari,"['challenge', 'city', 'condition', 'department', 'design', 'expression', 'system']"
v0_058_dst_nwo_joint_call_on_urban_water_systems,R. P. Singh,"['condition', 'department', 'design', 'development', 'work']"
v0_058_dst_nwo_joint_call_on_urban_water_systems,Ramasare Prasad,"['city', 'country', 'department', 'development', 'procedure', 'solution']"
v0_058_dst_nwo_joint_call_on_urban_water_systems,Ranjana Pathania,"['department', 'design', 'development', 'procedure', 'solution']"
v0_058_dst_nwo_joint_call_on_urban_water_systems,Sanjoy Ghosh,"['challenge', 'condition', 'country', 'department', 'objective', 'procedure', 'solution']"
v0_058_dst_nwo_joint_call_on_urban_water_systems,Saugata Hazra,"['condition', 'department', 'design', 'development', 'expression', 'procedure', 'system']"
v0_058_dst_nwo_joint_call_on_urban_water_systems,Shailly Tomar,"['condition', 'department', 'development', 'expression', 'procedure', 'solution']"
v0_058_dst_nwo_joint_call_on_urban_water_systems,Shri Ram Yadav,"['condition', 'department', 'procedure', 'system', 'work']"
v0_058_dst_nwo_joint_call_on_urban_water_systems,Soma Rohatgi,"['condition', 'development', 'work']"
v0_058_dst_nwo_joint_call_on_urban_water_systems,Sachin Suresh Tiwari,"['challenge', 'city', 'condition', 'country', 'department', 'expression', 'india', 'objective', 'procedure', 'solution', 'work']"
v0_058_dst_nwo_joint_call_on_urban_water_systems,Jitin Singla,"['condition', 'expression', 'solution', 'work']"
v0_058_dst_nwo_joint_call_on_urban_water_systems,Rajesh Kumar,"['city', 'condition', 'department', 'design', 'development', 'expression', 'india', 'procedure', 'solution']"
v0_058_dst_nwo_joint_call_on_urban_water_systems,Akhil Upadhyay,"['challenge', 'city', 'condition', 'country', 'department', 'design', 'procedure', 'solution']"
v0_059_indo_russian_joint_research_call_for_proposals_2018,Arindam Biswas,"['application', 'area', 'article', 'department', 'foundation', 'india', 'material', 'result', 'year']"
v0_059_indo_russian_joint_research_call_for_proposals_2018,Avlokita Agrawal,"['application', 'article', 'department', 'foundation', 'india', 'system']"
v0_059_indo_russian_joint_research_call_for_proposals_2018,Gaurav Raheja,"['application', 'area', 'article', 'department', 'foundation', 'india', 'result']"
v0_059_indo_russian_joint_research_call_for_proposals_2018,Harshit Sosan Lakra,[]
v0_059_indo_russian_joint_research_call_for_proposals_2018,Mahua Mukherjee,"['application', 'article', 'department', 'foundation', 'india', 'material', 'system']"
v0_059_indo_russian_joint_research_call_for_proposals_2018,Prabhjot Singh Chani,"['application', 'department', 'india', 'member', 'young researcher']"
v0_059_indo_russian_joint_research_call_for_proposals_2018,E Rajasekar,"['area', 'article', 'foundation', 'material', 'result', 'year']"
v0_059_indo_russian_joint_research_call_for_proposals_2018,Ram Sateesh Pasupuleti,"['application', 'area', 'article', 'foundation', 'material', 'member', 'system', 'year']"
v0_059_indo_russian_joint_research_call_for_proposals_2018,Saptarshi Kolay,"['application', 'area', 'article', 'form', 'foundation', 'material', 'result', 'year', 'young researcher']"
v0_059_indo_russian_joint_research_call_for_proposals_2018,Shubhajit Sadhukhan,"['application', 'area', 'article', 'department', 'foundation', 'material', 'member']"
v0_059_indo_russian_joint_research_call_for_proposals_2018,Smriti Saraswat,"['application', 'department', 'foundation', 'india', 'member', 'result']"
v0_059_indo_russian_joint_research_call_for_proposals_2018,Sonal Atreya,"['application', 'area', 'article', 'form', 'foundation', 'material', 'member', 'result', 'system']"
v0_059_indo_russian_joint_research_call_for_proposals_2018,Tina Pujara,"['application', 'article', 'foundation', 'system']"
v0_059_indo_russian_joint_research_call_for_proposals_2018,Uttam Kumar Roy,"['application', 'article', 'department', 'foundation', 'material', 'result', 'young researcher']"
v0_059_indo_russian_joint_research_call_for_proposals_2018,V Devadas,"['application', 'area', 'article', 'department', 'form', 'foundation', 'result', 'system', 'year']"
v0_059_indo_russian_joint_research_call_for_proposals_2018,Jaydev Dabas,"['application', 'area', 'article', 'form', 'foundation', 'result']"
v0_059_indo_russian_joint_research_call_for_proposals_2018,Millie Pant,"['application', 'area', 'article', 'department', 'foundation', 'material']"
v0_059_indo_russian_joint_research_call_for_proposals_2018,Rajan Arora,"['application', 'article', 'department', 'form', 'foundation', 'member']"
v0_059_indo_russian_joint_research_call_for_proposals_2018,Ashwani Kumar Sharma,"['area', 'article', 'department', 'foundation', 'india', 'material', 'system']"
v0_059_indo_russian_joint_research_call_for_proposals_2018,Bijan Choudhury,"['application', 'area', 'article', 'department', 'foundation', 'india', 'material', 'year']"
v0_059_indo_russian_joint_research_call_for_proposals_2018,Debabrata Sircar,"['application', 'article', 'foundation', 'material', 'system', 'young researcher']"
v0_059_indo_russian_joint_research_call_for_proposals_2018,Deepak Sharma,"['application', 'area', 'article', 'department', 'foundation', 'material', 'member']"
v0_059_indo_russian_joint_research_call_for_proposals_2018,P Gopinath,"['application', 'department', 'material', 'system', 'young researcher']"
v0_059_indo_russian_joint_research_call_for_proposals_2018,Harsh Chauhan,"['application', 'area', 'article', 'department', 'foundation', 'india', 'year', 'young researcher']"
v0_059_indo_russian_joint_research_call_for_proposals_2018,Srinivas Kiran Ambatipudi,['article']
v0_059_indo_russian_joint_research_call_for_proposals_2018,Krishna Mohan Poluri,"['area', 'department', 'material', 'result', 'system', 'year']"
v0_059_indo_russian_joint_research_call_for_proposals_2018,Maya S.Nair,"['application', 'article', 'form', 'foundation', 'young researcher']"
v0_059_indo_russian_joint_research_call_for_proposals_2018,N K Navani,"['article', 'department', 'foundation', 'material']"
v0_059_indo_russian_joint_research_call_for_proposals_2018,Partha Roy,"['application', 'area', 'article', 'department', 'foundation', 'year']"
v0_059_indo_russian_joint_research_call_for_proposals_2018,Poonam Choudhary,"['application', 'article', 'department', 'foundation', 'material']"
v0_059_indo_russian_joint_research_call_for_proposals_2018,Prabhat Kumar Mandal,"['application', 'department', 'foundation', 'system']"
v0_059_indo_russian_joint_research_call_for_proposals_2018,Pranita P Sarangi,"['area', 'article', 'material', 'year']"
v0_059_indo_russian_joint_research_call_for_proposals_2018,Pravindra Kumar,"['application', 'area', 'article', 'department', 'foundation', 'result', 'system']"
v0_059_indo_russian_joint_research_call_for_proposals_2018,Prince Tiwari,"['application', 'area', 'article', 'department', 'material', 'system']"
v0_059_indo_russian_joint_research_call_for_proposals_2018,R. P. Singh,"['application', 'area', 'department', 'form', 'foundation', 'material', 'year']"
v0_059_indo_russian_joint_research_call_for_proposals_2018,Ramasare Prasad,"['application', 'area', 'article', 'department', 'foundation', 'material', 'result']"
v0_059_indo_russian_joint_research_call_for_proposals_2018,Ranjana Pathania,"['application', 'department', 'material', 'member']"
v0_059_indo_russian_joint_research_call_for_proposals_2018,Sanjoy Ghosh,"['application', 'article', 'department', 'foundation', 'material']"
v0_059_indo_russian_joint_research_call_for_proposals_2018,Saugata Hazra,"['article', 'department', 'foundation', 'material', 'system']"
v0_059_indo_russian_joint_research_call_for_proposals_2018,Shailly Tomar,"['application', 'article', 'department', 'material']"
v0_059_indo_russian_joint_research_call_for_proposals_2018,Shri Ram Yadav,"['application', 'article', 'department', 'form', 'foundation', 'system']"
v0_059_indo_russian_joint_research_call_for_proposals_2018,Soma Rohatgi,"['application', 'area', 'article', 'foundation', 'material', 'result']"
v0_059_indo_russian_joint_research_call_for_proposals_2018,Sachin Suresh Tiwari,"['application', 'area', 'article', 'department', 'form', 'foundation', 'india', 'year', 'young researcher']"
v0_059_indo_russian_joint_research_call_for_proposals_2018,Jitin Singla,"['application', 'area', 'foundation', 'member']"
v0_059_indo_russian_joint_research_call_for_proposals_2018,Rajesh Kumar,"['application', 'area', 'department', 'foundation', 'india', 'material', 'year']"
v0_059_indo_russian_joint_research_call_for_proposals_2018,Akhil Upadhyay,"['department', 'foundation', 'member']"
v0_060_funding_opportunity_announcement_foa_in_carbon_capture_innovation_challenge_ic3,Arindam Biswas,"['area', 'challenge', 'country', 'development', 'increase', 'india', 'institute', 'material', 'opportunity', 'polymer', 'year']"
v0_060_funding_opportunity_announcement_foa_in_carbon_capture_innovation_challenge_ic3,Avlokita Agrawal,"['country', 'development', 'increase', 'india', 'institute', 'model', 'polymer']"
v0_060_funding_opportunity_announcement_foa_in_carbon_capture_innovation_challenge_ic3,Gaurav Raheja,"['area', 'challenge', 'development', 'india', 'institute', 'polymer']"
v0_060_funding_opportunity_announcement_foa_in_carbon_capture_innovation_challenge_ic3,Harshit Sosan Lakra,[]
v0_060_funding_opportunity_announcement_foa_in_carbon_capture_innovation_challenge_ic3,Mahua Mukherjee,"['development', 'increase', 'india', 'institute', 'material', 'opportunity', 'polymer', 'product']"
v0_060_funding_opportunity_announcement_foa_in_carbon_capture_innovation_challenge_ic3,Prabhjot Singh Chani,"['challenge', 'country', 'development', 'efficiency', 'increase', 'india', 'institute', 'member', 'polymer']"
v0_060_funding_opportunity_announcement_foa_in_carbon_capture_innovation_challenge_ic3,E Rajasekar,"['area', 'country', 'increase', 'material', 'polymer', 'year']"
v0_060_funding_opportunity_announcement_foa_in_carbon_capture_innovation_challenge_ic3,Ram Sateesh Pasupuleti,"['area', 'challenge', 'cost effectiveness', 'increase', 'institute', 'material', 'member', 'opportunity', 'year']"
v0_060_funding_opportunity_announcement_foa_in_carbon_capture_innovation_challenge_ic3,Saptarshi Kolay,"['area', 'challenge', 'cost effectiveness', 'development', 'increase', 'institute', 'material', 'opportunity', 'polymer', 'product', 'year']"
v0_060_funding_opportunity_announcement_foa_in_carbon_capture_innovation_challenge_ic3,Shubhajit Sadhukhan,"['area', 'country', 'development', 'letter', 'material', 'member', 'opportunity', 'polymer', 'product']"
v0_060_funding_opportunity_announcement_foa_in_carbon_capture_innovation_challenge_ic3,Smriti Saraswat,"['cost effectiveness', 'development', 'increase', 'india', 'letter', 'member']"
v0_060_funding_opportunity_announcement_foa_in_carbon_capture_innovation_challenge_ic3,Sonal Atreya,"['area', 'challenge', 'country', 'institute', 'letter', 'material', 'member', 'polymer']"
v0_060_funding_opportunity_announcement_foa_in_carbon_capture_innovation_challenge_ic3,Tina Pujara,['model']
v0_060_funding_opportunity_announcement_foa_in_carbon_capture_innovation_challenge_ic3,Uttam Kumar Roy,"['increase', 'material', 'opportunity', 'polymer', 'product']"
v0_060_funding_opportunity_announcement_foa_in_carbon_capture_innovation_challenge_ic3,V Devadas,"['area', 'development', 'increase', 'opportunity', 'year']"
v0_060_funding_opportunity_announcement_foa_in_carbon_capture_innovation_challenge_ic3,Jaydev Dabas,"['area', 'efficiency', 'institute', 'polymer']"
v0_060_funding_opportunity_announcement_foa_in_carbon_capture_innovation_challenge_ic3,Millie Pant,"['area', 'cost effectiveness', 'development', 'efficiency', 'material', 'polymer']"
v0_060_funding_opportunity_announcement_foa_in_carbon_capture_innovation_challenge_ic3,Rajan Arora,"['country', 'letter', 'member', 'model', 'polymer']"
v0_060_funding_opportunity_announcement_foa_in_carbon_capture_innovation_challenge_ic3,Ashwani Kumar Sharma,"['area', 'development', 'increase', 'india', 'letter', 'material', 'product']"
v0_060_funding_opportunity_announcement_foa_in_carbon_capture_innovation_challenge_ic3,Bijan Choudhury,"['area', 'development', 'increase', 'india', 'institute', 'material', 'model', 'opportunity', 'product', 'year']"
v0_060_funding_opportunity_announcement_foa_in_carbon_capture_innovation_challenge_ic3,Debabrata Sircar,"['country', 'increase', 'institute', 'material', 'opportunity', 'polymer', 'product']"
v0_060_funding_opportunity_announcement_foa_in_carbon_capture_innovation_challenge_ic3,Deepak Sharma,"['area', 'challenge', 'cost effectiveness', 'country', 'increase', 'institute', 'material', 'member', 'model', 'product']"
v0_060_funding_opportunity_announcement_foa_in_carbon_capture_innovation_challenge_ic3,P Gopinath,"['challenge', 'cost effectiveness', 'development', 'material']"
v0_060_funding_opportunity_announcement_foa_in_carbon_capture_innovation_challenge_ic3,Harsh Chauhan,"['area', 'country', 'development', 'india', 'institute', 'opportunity', 'polymer', 'year']"
v0_060_funding_opportunity_announcement_foa_in_carbon_capture_innovation_challenge_ic3,Srinivas Kiran Ambatipudi,[]
v0_060_funding_opportunity_announcement_foa_in_carbon_capture_innovation_challenge_ic3,Krishna Mohan Poluri,"['area', 'development', 'material', 'polymer', 'year']"
v0_060_funding_opportunity_announcement_foa_in_carbon_capture_innovation_challenge_ic3,Maya S.Nair,"['challenge', 'country', 'opportunity', 'polymer', 'product']"
v0_060_funding_opportunity_announcement_foa_in_carbon_capture_innovation_challenge_ic3,N K Navani,"['cost effectiveness', 'development', 'increase', 'material', 'polymer']"
v0_060_funding_opportunity_announcement_foa_in_carbon_capture_innovation_challenge_ic3,Partha Roy,"['area', 'challenge', 'development', 'increase', 'institute', 'polymer', 'year']"
v0_060_funding_opportunity_announcement_foa_in_carbon_capture_innovation_challenge_ic3,Poonam Choudhary,"['challenge', 'cost effectiveness', 'letter', 'material', 'opportunity', 'product']"
v0_060_funding_opportunity_announcement_foa_in_carbon_capture_innovation_challenge_ic3,Prabhat Kumar Mandal,"['challenge', 'development', 'product']"
v0_060_funding_opportunity_announcement_foa_in_carbon_capture_innovation_challenge_ic3,Pranita P Sarangi,"['area', 'increase', 'institute', 'material', 'polymer', 'year']"
v0_060_funding_opportunity_announcement_foa_in_carbon_capture_innovation_challenge_ic3,Pravindra Kumar,"['area', 'development', 'letter', 'model']"
v0_060_funding_opportunity_announcement_foa_in_carbon_capture_innovation_challenge_ic3,Prince Tiwari,"['area', 'challenge', 'cost effectiveness', 'efficiency', 'institute', 'material', 'model', 'polymer']"
v0_060_funding_opportunity_announcement_foa_in_carbon_capture_innovation_challenge_ic3,R. P. Singh,"['area', 'cost effectiveness', 'development', 'increase', 'institute', 'letter', 'material', 'opportunity', 'year']"
v0_060_funding_opportunity_announcement_foa_in_carbon_capture_innovation_challenge_ic3,Ramasare Prasad,"['area', 'cost effectiveness', 'country', 'development', 'institute', 'material', 'product']"
v0_060_funding_opportunity_announcement_foa_in_carbon_capture_innovation_challenge_ic3,Ranjana Pathania,"['cost effectiveness', 'development', 'efficiency', 'increase', 'institute', 'letter', 'material', 'member', 'product']"
v0_060_funding_opportunity_announcement_foa_in_carbon_capture_innovation_challenge_ic3,Sanjoy Ghosh,"['challenge', 'cost effectiveness', 'country', 'increase', 'material', 'product']"
v0_060_funding_opportunity_announcement_foa_in_carbon_capture_innovation_challenge_ic3,Saugata Hazra,"['development', 'material', 'opportunity']"
v0_060_funding_opportunity_announcement_foa_in_carbon_capture_innovation_challenge_ic3,Shailly Tomar,"['development', 'letter', 'material', 'polymer']"
v0_060_funding_opportunity_announcement_foa_in_carbon_capture_innovation_challenge_ic3,Shri Ram Yadav,"['institute', 'product']"
v0_060_funding_opportunity_announcement_foa_in_carbon_capture_innovation_challenge_ic3,Soma Rohatgi,"['area', 'cost effectiveness', 'development', 'efficiency', 'increase', 'material']"
v0_060_funding_opportunity_announcement_foa_in_carbon_capture_innovation_challenge_ic3,Sachin Suresh Tiwari,"['area', 'challenge', 'cost effectiveness', 'country', 'efficiency', 'increase', 'india', 'opportunity', 'polymer', 'product', 'year']"
v0_060_funding_opportunity_announcement_foa_in_carbon_capture_innovation_challenge_ic3,Jitin Singla,"['area', 'cost effectiveness', 'letter', 'member']"
v0_060_funding_opportunity_announcement_foa_in_carbon_capture_innovation_challenge_ic3,Rajesh Kumar,"['area', 'cost effectiveness', 'development', 'efficiency', 'increase', 'india', 'institute', 'material', 'polymer', 'product', 'year']"
v0_060_funding_opportunity_announcement_foa_in_carbon_capture_innovation_challenge_ic3,Akhil Upadhyay,"['challenge', 'cost effectiveness', 'country', 'efficiency', 'letter', 'member']"
v0_061_call_for_rd_project_proposals_from_indian_pharma_industrynational_laboratoriesacademic_institutions,Arindam Biswas,"['case', 'department', 'development', 'facility', 'india', 'purpose', 'strength', 'support']"
v0_061_call_for_rd_project_proposals_from_indian_pharma_industrynational_laboratoriesacademic_institutions,Avlokita Agrawal,"['department', 'development', 'india', 'support', 'system']"
v0_061_call_for_rd_project_proposals_from_indian_pharma_industrynational_laboratoriesacademic_institutions,Gaurav Raheja,"['department', 'development', 'facility', 'field', 'india', 'support']"
v0_061_call_for_rd_project_proposals_from_indian_pharma_industrynational_laboratoriesacademic_institutions,Harshit Sosan Lakra,[]
v0_061_call_for_rd_project_proposals_from_indian_pharma_industrynational_laboratoriesacademic_institutions,Mahua Mukherjee,"['case', 'department', 'development', 'india', 'purpose', 'support', 'system']"
v0_061_call_for_rd_project_proposals_from_indian_pharma_industrynational_laboratoriesacademic_institutions,Prabhjot Singh Chani,"['department', 'development', 'facility', 'india', 'purpose', 'support']"
v0_061_call_for_rd_project_proposals_from_indian_pharma_industrynational_laboratoriesacademic_institutions,E Rajasekar,"['case', 'strength', 'support']"
v0_061_call_for_rd_project_proposals_from_indian_pharma_industrynational_laboratoriesacademic_institutions,Ram Sateesh Pasupuleti,"['case', 'facility', 'support', 'system']"
v0_061_call_for_rd_project_proposals_from_indian_pharma_industrynational_laboratoriesacademic_institutions,Saptarshi Kolay,"['case', 'development', 'purpose', 'strength', 'support']"
v0_061_call_for_rd_project_proposals_from_indian_pharma_industrynational_laboratoriesacademic_institutions,Shubhajit Sadhukhan,"['department', 'development', 'facility', 'purpose', 'support']"
v0_061_call_for_rd_project_proposals_from_indian_pharma_industrynational_laboratoriesacademic_institutions,Smriti Saraswat,"['case', 'department', 'development', 'india']"
v0_061_call_for_rd_project_proposals_from_indian_pharma_industrynational_laboratoriesacademic_institutions,Sonal Atreya,"['case', 'purpose', 'strength', 'support', 'system']"
v0_061_call_for_rd_project_proposals_from_indian_pharma_industrynational_laboratoriesacademic_institutions,Tina Pujara,['system']
v0_061_call_for_rd_project_proposals_from_indian_pharma_industrynational_laboratoriesacademic_institutions,Uttam Kumar Roy,"['department', 'facility', 'support']"
v0_061_call_for_rd_project_proposals_from_indian_pharma_industrynational_laboratoriesacademic_institutions,V Devadas,"['case', 'department', 'development', 'facility', 'system']"
v0_061_call_for_rd_project_proposals_from_indian_pharma_industrynational_laboratoriesacademic_institutions,Jaydev Dabas,"['case', 'facility', 'support']"
v0_061_call_for_rd_project_proposals_from_indian_pharma_industrynational_laboratoriesacademic_institutions,Millie Pant,"['department', 'development', 'strength', 'support']"
v0_061_call_for_rd_project_proposals_from_indian_pharma_industrynational_laboratoriesacademic_institutions,Rajan Arora,"['department', 'facility', 'field', 'support']"
v0_061_call_for_rd_project_proposals_from_indian_pharma_industrynational_laboratoriesacademic_institutions,Ashwani Kumar Sharma,"['department', 'development', 'facility', 'india', 'purpose', 'system']"
v0_061_call_for_rd_project_proposals_from_indian_pharma_industrynational_laboratoriesacademic_institutions,Bijan Choudhury,"['case', 'department', 'development', 'india', 'strength']"
v0_061_call_for_rd_project_proposals_from_indian_pharma_industrynational_laboratoriesacademic_institutions,Debabrata Sircar,"['purpose', 'support', 'system']"
v0_061_call_for_rd_project_proposals_from_indian_pharma_industrynational_laboratoriesacademic_institutions,Deepak Sharma,"['case', 'department']"
v0_061_call_for_rd_project_proposals_from_indian_pharma_industrynational_laboratoriesacademic_institutions,P Gopinath,"['department', 'development', 'facility', 'strength', 'system']"
v0_061_call_for_rd_project_proposals_from_indian_pharma_industrynational_laboratoriesacademic_institutions,Harsh Chauhan,"['case', 'department', 'development', 'facility', 'field', 'india', 'purpose', 'support']"
v0_061_call_for_rd_project_proposals_from_indian_pharma_industrynational_laboratoriesacademic_institutions,Srinivas Kiran Ambatipudi,[]
v0_061_call_for_rd_project_proposals_from_indian_pharma_industrynational_laboratoriesacademic_institutions,Krishna Mohan Poluri,"['department', 'development', 'field', 'system']"
v0_061_call_for_rd_project_proposals_from_indian_pharma_industrynational_laboratoriesacademic_institutions,Maya S.Nair,"['facility', 'purpose', 'support']"
v0_061_call_for_rd_project_proposals_from_indian_pharma_industrynational_laboratoriesacademic_institutions,N K Navani,"['department', 'development', 'purpose', 'support']"
v0_061_call_for_rd_project_proposals_from_indian_pharma_industrynational_laboratoriesacademic_institutions,Partha Roy,"['department', 'development', 'support']"
v0_061_call_for_rd_project_proposals_from_indian_pharma_industrynational_laboratoriesacademic_institutions,Poonam Choudhary,"['department', 'facility']"
v0_061_call_for_rd_project_proposals_from_indian_pharma_industrynational_laboratoriesacademic_institutions,Prabhat Kumar Mandal,"['department', 'development', 'facility', 'strength', 'system']"
v0_061_call_for_rd_project_proposals_from_indian_pharma_industrynational_laboratoriesacademic_institutions,Pranita P Sarangi,"['case', 'facility', 'purpose']"
v0_061_call_for_rd_project_proposals_from_indian_pharma_industrynational_laboratoriesacademic_institutions,Pravindra Kumar,"['department', 'development', 'facility', 'system']"
v0_061_call_for_rd_project_proposals_from_indian_pharma_industrynational_laboratoriesacademic_institutions,Prince Tiwari,"['case', 'department', 'facility', 'strength', 'system']"
v0_061_call_for_rd_project_proposals_from_indian_pharma_industrynational_laboratoriesacademic_institutions,R. P. Singh,"['case', 'department', 'development', 'field', 'strength', 'support']"
v0_061_call_for_rd_project_proposals_from_indian_pharma_industrynational_laboratoriesacademic_institutions,Ramasare Prasad,"['department', 'development', 'facility', 'strength']"
v0_061_call_for_rd_project_proposals_from_indian_pharma_industrynational_laboratoriesacademic_institutions,Ranjana Pathania,"['case', 'department', 'development']"
v0_061_call_for_rd_project_proposals_from_indian_pharma_industrynational_laboratoriesacademic_institutions,Sanjoy Ghosh,"['department', 'field']"
v0_061_call_for_rd_project_proposals_from_indian_pharma_industrynational_laboratoriesacademic_institutions,Saugata Hazra,"['case', 'department', 'development', 'facility', 'field', 'system']"
v0_061_call_for_rd_project_proposals_from_indian_pharma_industrynational_laboratoriesacademic_institutions,Shailly Tomar,"['department', 'development', 'purpose']"
v0_061_call_for_rd_project_proposals_from_indian_pharma_industrynational_laboratoriesacademic_institutions,Shri Ram Yadav,"['department', 'system']"
v0_061_call_for_rd_project_proposals_from_indian_pharma_industrynational_laboratoriesacademic_institutions,Soma Rohatgi,"['case', 'development', 'facility']"
v0_061_call_for_rd_project_proposals_from_indian_pharma_industrynational_laboratoriesacademic_institutions,Sachin Suresh Tiwari,"['case', 'department', 'india', 'purpose', 'strength']"
v0_061_call_for_rd_project_proposals_from_indian_pharma_industrynational_laboratoriesacademic_institutions,Jitin Singla,['support']
v0_061_call_for_rd_project_proposals_from_indian_pharma_industrynational_laboratoriesacademic_institutions,Rajesh Kumar,"['case', 'department', 'development', 'facility', 'field', 'india', 'purpose', 'strength']"
v0_061_call_for_rd_project_proposals_from_indian_pharma_industrynational_laboratoriesacademic_institutions,Akhil Upadhyay,"['department', 'facility', 'purpose', 'strength']"
v0_062_dst_cnrs_france_joint_call_for_proposals,Arindam Biswas,"['country', 'department', 'expert', 'india', 'interaction', 'priority', 'purpose', 'year']"
v0_062_dst_cnrs_france_joint_call_for_proposals,Avlokita Agrawal,"['centre', 'country', 'department', 'expert', 'india', 'interaction', 'system']"
v0_062_dst_cnrs_france_joint_call_for_proposals,Gaurav Raheja,"['department', 'expert', 'field', 'india', 'interaction']"
v0_062_dst_cnrs_france_joint_call_for_proposals,Harshit Sosan Lakra,[]
v0_062_dst_cnrs_france_joint_call_for_proposals,Mahua Mukherjee,"['centre', 'department', 'expert', 'india', 'interaction', 'priority', 'purpose', 'system']"
v0_062_dst_cnrs_france_joint_call_for_proposals,Prabhjot Singh Chani,"['country', 'department', 'expert', 'india', 'interaction', 'priority', 'purpose']"
v0_062_dst_cnrs_france_joint_call_for_proposals,E Rajasekar,"['country', 'expert', 'interaction', 'objective', 'priority', 'year']"
v0_062_dst_cnrs_france_joint_call_for_proposals,Ram Sateesh Pasupuleti,"['centre', 'interaction', 'objective', 'priority', 'system', 'year']"
v0_062_dst_cnrs_france_joint_call_for_proposals,Saptarshi Kolay,"['centre', 'expert', 'interaction', 'priority', 'purpose', 'year']"
v0_062_dst_cnrs_france_joint_call_for_proposals,Shubhajit Sadhukhan,"['centre', 'country', 'department', 'expert', 'interaction', 'priority', 'purpose']"
v0_062_dst_cnrs_france_joint_call_for_proposals,Smriti Saraswat,"['centre', 'department', 'expert', 'india', 'interaction', 'priority']"
v0_062_dst_cnrs_france_joint_call_for_proposals,Sonal Atreya,"['centre', 'country', 'expert', 'interaction', 'priority', 'purpose', 'system']"
v0_062_dst_cnrs_france_joint_call_for_proposals,Tina Pujara,"['centre', 'interaction', 'system']"
v0_062_dst_cnrs_france_joint_call_for_proposals,Uttam Kumar Roy,"['department', 'priority']"
v0_062_dst_cnrs_france_joint_call_for_proposals,V Devadas,"['centre', 'department', 'expert', 'interaction', 'system', 'year']"
v0_062_dst_cnrs_france_joint_call_for_proposals,Jaydev Dabas,"['expert', 'interaction']"
v0_062_dst_cnrs_france_joint_call_for_proposals,Millie Pant,"['department', 'expert', 'interaction', 'objective']"
v0_062_dst_cnrs_france_joint_call_for_proposals,Rajan Arora,"['country', 'department', 'expert', 'field', 'interaction']"
v0_062_dst_cnrs_france_joint_call_for_proposals,Ashwani Kumar Sharma,"['department', 'expert', 'india', 'interaction', 'purpose', 'system']"
v0_062_dst_cnrs_france_joint_call_for_proposals,Bijan Choudhury,"['centre', 'department', 'expert', 'india', 'interaction', 'priority', 'year']"
v0_062_dst_cnrs_france_joint_call_for_proposals,Debabrata Sircar,"['country', 'expert', 'interaction', 'objective', 'priority', 'purpose', 'system']"
v0_062_dst_cnrs_france_joint_call_for_proposals,Deepak Sharma,"['country', 'department', 'interaction', 'objective']"
v0_062_dst_cnrs_france_joint_call_for_proposals,P Gopinath,"['department', 'system']"
v0_062_dst_cnrs_france_joint_call_for_proposals,Harsh Chauhan,"['centre', 'country', 'department', 'expert', 'field', 'india', 'interaction', 'purpose', 'year']"
v0_062_dst_cnrs_france_joint_call_for_proposals,Srinivas Kiran Ambatipudi,[]
v0_062_dst_cnrs_france_joint_call_for_proposals,Krishna Mohan Poluri,"['centre', 'department', 'expert', 'field', 'interaction', 'system', 'year']"
v0_062_dst_cnrs_france_joint_call_for_proposals,Maya S.Nair,"['country', 'expert', 'interaction', 'priority', 'purpose']"
v0_062_dst_cnrs_france_joint_call_for_proposals,N K Navani,"['department', 'expert', 'interaction', 'purpose']"
v0_062_dst_cnrs_france_joint_call_for_proposals,Partha Roy,"['centre', 'department', 'expert', 'interaction', 'priority', 'year']"
v0_062_dst_cnrs_france_joint_call_for_proposals,Poonam Choudhary,"['department', 'interaction', 'objective', 'priority']"
v0_062_dst_cnrs_france_joint_call_for_proposals,Prabhat Kumar Mandal,"['centre', 'department', 'expert', 'interaction', 'objective', 'system']"
v0_062_dst_cnrs_france_joint_call_for_proposals,Pranita P Sarangi,"['purpose', 'year']"
v0_062_dst_cnrs_france_joint_call_for_proposals,Pravindra Kumar,"['department', 'expert', 'interaction', 'system']"
v0_062_dst_cnrs_france_joint_call_for_proposals,Prince Tiwari,"['department', 'expert', 'interaction', 'priority', 'system']"
v0_062_dst_cnrs_france_joint_call_for_proposals,R. P. Singh,"['department', 'field', 'interaction', 'priority', 'year']"
v0_062_dst_cnrs_france_joint_call_for_proposals,Ramasare Prasad,"['centre', 'country', 'department', 'interaction', 'priority']"
v0_062_dst_cnrs_france_joint_call_for_proposals,Ranjana Pathania,"['department', 'expert', 'interaction']"
v0_062_dst_cnrs_france_joint_call_for_proposals,Sanjoy Ghosh,"['country', 'department', 'field', 'interaction', 'objective']"
v0_062_dst_cnrs_france_joint_call_for_proposals,Saugata Hazra,"['centre', 'department', 'field', 'interaction', 'system']"
v0_062_dst_cnrs_france_joint_call_for_proposals,Shailly Tomar,"['department', 'expert', 'interaction', 'purpose']"
v0_062_dst_cnrs_france_joint_call_for_proposals,Shri Ram Yadav,"['centre', 'department', 'interaction', 'system']"
v0_062_dst_cnrs_france_joint_call_for_proposals,Soma Rohatgi,['interaction']
v0_062_dst_cnrs_france_joint_call_for_proposals,Sachin Suresh Tiwari,"['centre', 'country', 'department', 'expert', 'india', 'interaction', 'objective', 'purpose', 'year']"
v0_062_dst_cnrs_france_joint_call_for_proposals,Jitin Singla,"['expert', 'interaction']"
v0_062_dst_cnrs_france_joint_call_for_proposals,Rajesh Kumar,"['centre', 'department', 'expert', 'field', 'india', 'interaction', 'priority', 'purpose', 'year']"
v0_062_dst_cnrs_france_joint_call_for_proposals,Akhil Upadhyay,"['centre', 'country', 'department', 'interaction', 'purpose']"
v0_063_call_for_entries___awsar_programme,Arindam Biswas,[]
v0_063_call_for_entries___awsar_programme,Avlokita Agrawal,[]
v0_063_call_for_entries___awsar_programme,Gaurav Raheja,[]
v0_063_call_for_entries___awsar_programme,Harshit Sosan Lakra,[]
v0_063_call_for_entries___awsar_programme,Mahua Mukherjee,['general']
v0_063_call_for_entries___awsar_programme,Prabhjot Singh Chani,['general']
v0_063_call_for_entries___awsar_programme,E Rajasekar,[]
v0_063_call_for_entries___awsar_programme,Ram Sateesh Pasupuleti,['general']
v0_063_call_for_entries___awsar_programme,Saptarshi Kolay,[]
v0_063_call_for_entries___awsar_programme,Shubhajit Sadhukhan,['general']
v0_063_call_for_entries___awsar_programme,Smriti Saraswat,[]
v0_063_call_for_entries___awsar_programme,Sonal Atreya,[]
v0_063_call_for_entries___awsar_programme,Tina Pujara,['general']
v0_063_call_for_entries___awsar_programme,Uttam Kumar Roy,['general']
v0_063_call_for_entries___awsar_programme,V Devadas,[]
v0_063_call_for_entries___awsar_programme,Jaydev Dabas,['general']
v0_063_call_for_entries___awsar_programme,Millie Pant,[]
v0_063_call_for_entries___awsar_programme,Rajan Arora,[]
v0_063_call_for_entries___awsar_programme,Ashwani Kumar Sharma,['general']
v0_063_call_for_entries___awsar_programme,Bijan Choudhury,['general']
v0_063_call_for_entries___awsar_programme,Debabrata Sircar,['general']
v0_063_call_for_entries___awsar_programme,Deepak Sharma,['general']
v0_063_call_for_entries___awsar_programme,P Gopinath,[]
v0_063_call_for_entries___awsar_programme,Harsh Chauhan,[]
v0_063_call_for_entries___awsar_programme,Srinivas Kiran Ambatipudi,[]
v0_063_call_for_entries___awsar_programme,Krishna Mohan Poluri,['general']
v0_063_call_for_entries___awsar_programme,Maya S.Nair,[]
v0_063_call_for_entries___awsar_programme,N K Navani,['general']
v0_063_call_for_entries___awsar_programme,Partha Roy,[]
v0_063_call_for_entries___awsar_programme,Poonam Choudhary,['general']
v0_063_call_for_entries___awsar_programme,Prabhat Kumar Mandal,[]
v0_063_call_for_entries___awsar_programme,Pranita P Sarangi,[]
v0_063_call_for_entries___awsar_programme,Pravindra Kumar,[]
v0_063_call_for_entries___awsar_programme,Prince Tiwari,[]
v0_063_call_for_entries___awsar_programme,R. P. Singh,['general']
v0_063_call_for_entries___awsar_programme,Ramasare Prasad,[]
v0_063_call_for_entries___awsar_programme,Ranjana Pathania,['general']
v0_063_call_for_entries___awsar_programme,Sanjoy Ghosh,['general']
v0_063_call_for_entries___awsar_programme,Saugata Hazra,['general']
v0_063_call_for_entries___awsar_programme,Shailly Tomar,[]
v0_063_call_for_entries___awsar_programme,Shri Ram Yadav,[]
v0_063_call_for_entries___awsar_programme,Soma Rohatgi,['general']
v0_063_call_for_entries___awsar_programme,Sachin Suresh Tiwari,['general']
v0_063_call_for_entries___awsar_programme,Jitin Singla,[]
v0_063_call_for_entries___awsar_programme,Rajesh Kumar,[]
v0_063_call_for_entries___awsar_programme,Akhil Upadhyay,['general']
v0_064_call_for_papers___9th_national_teachers_science_congress,Arindam Biswas,"['department', 'experiment', 'india', 'paper', 'science education', 'student']"
v0_064_call_for_papers___9th_national_teachers_science_congress,Avlokita Agrawal,"['centre', 'department', 'experiment', 'guidance', 'india', 'paper', 'science education', 'student']"
v0_064_call_for_papers___9th_national_teachers_science_congress,Gaurav Raheja,"['department', 'experiment', 'guidance', 'india', 'paper', 'science education']"
v0_064_call_for_papers___9th_national_teachers_science_congress,Harshit Sosan Lakra,[]
v0_064_call_for_papers___9th_national_teachers_science_congress,Mahua Mukherjee,"['centre', 'department', 'experiment', 'guidance', 'india', 'level', 'paper', 'science education', 'student']"
v0_064_call_for_papers___9th_national_teachers_science_congress,Prabhjot Singh Chani,"['department', 'experiment', 'india', 'paper', 'science education']"
v0_064_call_for_papers___9th_national_teachers_science_congress,E Rajasekar,"['guidance', 'paper', 'science education']"
v0_064_call_for_papers___9th_national_teachers_science_congress,Ram Sateesh Pasupuleti,"['centre', 'paper', 'science education']"
v0_064_call_for_papers___9th_national_teachers_science_congress,Saptarshi Kolay,"['centre', 'experiment', 'form', 'paper', 'science education', 'student']"
v0_064_call_for_papers___9th_national_teachers_science_congress,Shubhajit Sadhukhan,"['centre', 'department', 'level', 'science education']"
v0_064_call_for_papers___9th_national_teachers_science_congress,Smriti Saraswat,"['centre', 'department', 'experiment', 'guidance', 'india', 'level']"
v0_064_call_for_papers___9th_national_teachers_science_congress,Sonal Atreya,"['centre', 'form', 'guidance', 'paper', 'science education', 'student']"
v0_064_call_for_papers___9th_national_teachers_science_congress,Tina Pujara,"['centre', 'science education', 'student']"
v0_064_call_for_papers___9th_national_teachers_science_congress,Uttam Kumar Roy,"['department', 'guidance', 'paper']"
v0_064_call_for_papers___9th_national_teachers_science_congress,V Devadas,"['centre', 'department', 'form', 'guidance', 'paper', 'science education']"
v0_064_call_for_papers___9th_national_teachers_science_congress,Jaydev Dabas,"['experiment', 'form', 'paper', 'science education', 'student']"
v0_064_call_for_papers___9th_national_teachers_science_congress,Millie Pant,"['department', 'experiment', 'paper', 'science education', 'student']"
v0_064_call_for_papers___9th_national_teachers_science_congress,Rajan Arora,"['department', 'experiment', 'form', 'paper', 'science education', 'student']"
v0_064_call_for_papers___9th_national_teachers_science_congress,Ashwani Kumar Sharma,"['department', 'experiment', 'india', 'paper', 'science education']"
v0_064_call_for_papers___9th_national_teachers_science_congress,Bijan Choudhury,"['centre', 'department', 'experiment', 'guidance', 'india', 'science education', 'student']"
v0_064_call_for_papers___9th_national_teachers_science_congress,Debabrata Sircar,"['experiment', 'paper', 'science education', 'student']"
v0_064_call_for_papers___9th_national_teachers_science_congress,Deepak Sharma,"['department', 'science education', 'student']"
v0_064_call_for_papers___9th_national_teachers_science_congress,P Gopinath,"['department', 'experiment', 'guidance', 'science education']"
v0_064_call_for_papers___9th_national_teachers_science_congress,Harsh Chauhan,"['centre', 'department', 'experiment', 'india', 'paper', 'student']"
v0_064_call_for_papers___9th_national_teachers_science_congress,Srinivas Kiran Ambatipudi,[]
v0_064_call_for_papers___9th_national_teachers_science_congress,Krishna Mohan Poluri,"['centre', 'department', 'experiment', 'guidance']"
v0_064_call_for_papers___9th_national_teachers_science_congress,Maya S.Nair,"['form', 'paper', 'science education']"
v0_064_call_for_papers___9th_national_teachers_science_congress,N K Navani,"['department', 'experiment', 'paper', 'science education']"
v0_064_call_for_papers___9th_national_teachers_science_congress,Partha Roy,"['centre', 'department', 'experiment', 'paper']"
v0_064_call_for_papers___9th_national_teachers_science_congress,Poonam Choudhary,"['department', 'experiment', 'science education', 'student']"
v0_064_call_for_papers___9th_national_teachers_science_congress,Prabhat Kumar Mandal,"['centre', 'department', 'experiment', 'level', 'paper', 'science education']"
v0_064_call_for_papers___9th_national_teachers_science_congress,Pranita P Sarangi,[]
v0_064_call_for_papers___9th_national_teachers_science_congress,Pravindra Kumar,"['department', 'experiment', 'paper', 'science education']"
v0_064_call_for_papers___9th_national_teachers_science_congress,Prince Tiwari,"['department', 'experiment', 'science education', 'student']"
v0_064_call_for_papers___9th_national_teachers_science_congress,R. P. Singh,"['department', 'form', 'guidance', 'level', 'paper', 'science education', 'student']"
v0_064_call_for_papers___9th_national_teachers_science_congress,Ramasare Prasad,"['centre', 'department', 'experiment', 'paper', 'science education', 'student']"
v0_064_call_for_papers___9th_national_teachers_science_congress,Ranjana Pathania,"['department', 'experiment', 'guidance', 'level', 'science education']"
v0_064_call_for_papers___9th_national_teachers_science_congress,Sanjoy Ghosh,"['department', 'level', 'science education']"
v0_064_call_for_papers___9th_national_teachers_science_congress,Saugata Hazra,"['centre', 'department', 'experiment', 'level', 'science education', 'student']"
v0_064_call_for_papers___9th_national_teachers_science_congress,Shailly Tomar,"['department', 'experiment', 'paper', 'science education']"
v0_064_call_for_papers___9th_national_teachers_science_congress,Shri Ram Yadav,"['centre', 'department', 'form', 'science education', 'student']"
v0_064_call_for_papers___9th_national_teachers_science_congress,Soma Rohatgi,"['experiment', 'guidance']"
v0_064_call_for_papers___9th_national_teachers_science_congress,Sachin Suresh Tiwari,"['centre', 'department', 'experiment', 'form', 'india', 'student']"
v0_064_call_for_papers___9th_national_teachers_science_congress,Jitin Singla,"['guidance', 'paper', 'science education']"
v0_064_call_for_papers___9th_national_teachers_science_congress,Rajesh Kumar,"['centre', 'department', 'experiment', 'guidance', 'india', 'paper', 'science education', 'student']"
v0_064_call_for_papers___9th_national_teachers_science_congress,Akhil Upadhyay,"['centre', 'department', 'experiment', 'guidance', 'science education']"
v0_065_indo_finnish_joint_call_for_mobility_of_researchers,Arindam Biswas,"['application', 'city', 'country', 'degree', 'department', 'doctoral degree', 'india', 'institute', 'support']"
v0_065_indo_finnish_joint_call_for_mobility_of_researchers,Avlokita Agrawal,"['application', 'centre', 'country', 'department', 'doctoral degree', 'india', 'institute', 'support', 'system']"
v0_065_indo_finnish_joint_call_for_mobility_of_researchers,Gaurav Raheja,"['application', 'city', 'degree', 'department', 'doctoral degree', 'field', 'india', 'institute', 'support']"
v0_065_indo_finnish_joint_call_for_mobility_of_researchers,Harshit Sosan Lakra,['doctoral degree']
v0_065_indo_finnish_joint_call_for_mobility_of_researchers,Mahua Mukherjee,"['application', 'centre', 'city', 'department', 'doctoral degree', 'india', 'institute', 'support', 'system']"
v0_065_indo_finnish_joint_call_for_mobility_of_researchers,Prabhjot Singh Chani,"['application', 'city', 'country', 'department', 'doctoral degree', 'india', 'institute', 'member', 'support']"
v0_065_indo_finnish_joint_call_for_mobility_of_researchers,E Rajasekar,"['country', 'support']"
v0_065_indo_finnish_joint_call_for_mobility_of_researchers,Ram Sateesh Pasupuleti,"['application', 'centre', 'faculty member', 'institute', 'member', 'support', 'system']"
v0_065_indo_finnish_joint_call_for_mobility_of_researchers,Saptarshi Kolay,"['application', 'centre', 'degree', 'form', 'institute', 'support']"
v0_065_indo_finnish_joint_call_for_mobility_of_researchers,Shubhajit Sadhukhan,"['application', 'centre', 'city', 'country', 'department', 'doctoral degree', 'faculty member', 'member', 'support']"
v0_065_indo_finnish_joint_call_for_mobility_of_researchers,Smriti Saraswat,"['application', 'centre', 'degree', 'department', 'india', 'member']"
v0_065_indo_finnish_joint_call_for_mobility_of_researchers,Sonal Atreya,"['application', 'centre', 'city', 'country', 'degree', 'doctoral degree', 'form', 'institute', 'member', 'support', 'system']"
v0_065_indo_finnish_joint_call_for_mobility_of_researchers,Tina Pujara,"['application', 'centre', 'degree', 'doctoral degree', 'system']"
v0_065_indo_finnish_joint_call_for_mobility_of_researchers,Uttam Kumar Roy,"['application', 'department', 'doctoral degree', 'support']"
v0_065_indo_finnish_joint_call_for_mobility_of_researchers,V Devadas,"['application', 'centre', 'department', 'form', 'system']"
v0_065_indo_finnish_joint_call_for_mobility_of_researchers,Jaydev Dabas,"['application', 'doctoral degree', 'form', 'institute', 'support']"
v0_065_indo_finnish_joint_call_for_mobility_of_researchers,Millie Pant,"['application', 'degree', 'department', 'doctoral degree', 'support']"
v0_065_indo_finnish_joint_call_for_mobility_of_researchers,Rajan Arora,"['application', 'country', 'degree', 'department', 'field', 'form', 'member', 'support']"
v0_065_indo_finnish_joint_call_for_mobility_of_researchers,Ashwani Kumar Sharma,"['degree', 'department', 'india', 'system']"
v0_065_indo_finnish_joint_call_for_mobility_of_researchers,Bijan Choudhury,"['application', 'centre', 'city', 'degree', 'department', 'doctoral degree', 'india', 'institute']"
v0_065_indo_finnish_joint_call_for_mobility_of_researchers,Debabrata Sircar,"['application', 'country', 'institute', 'support', 'system']"
v0_065_indo_finnish_joint_call_for_mobility_of_researchers,Deepak Sharma,"['application', 'country', 'degree', 'department', 'institute', 'member']"
v0_065_indo_finnish_joint_call_for_mobility_of_researchers,P Gopinath,"['application', 'degree', 'department', 'doctoral degree', 'system']"
v0_065_indo_finnish_joint_call_for_mobility_of_researchers,Harsh Chauhan,"['application', 'centre', 'city', 'country', 'degree', 'department', 'doctoral degree', 'faculty member', 'field', 'india', 'institute', 'support']"
v0_065_indo_finnish_joint_call_for_mobility_of_researchers,Srinivas Kiran Ambatipudi,[]
v0_065_indo_finnish_joint_call_for_mobility_of_researchers,Krishna Mohan Poluri,"['centre', 'degree', 'department', 'field', 'system']"
v0_065_indo_finnish_joint_call_for_mobility_of_researchers,Maya S.Nair,"['application', 'country', 'degree', 'doctoral degree', 'form', 'support']"
v0_065_indo_finnish_joint_call_for_mobility_of_researchers,N K Navani,"['degree', 'department', 'doctoral degree', 'support']"
v0_065_indo_finnish_joint_call_for_mobility_of_researchers,Partha Roy,"['application', 'centre', 'degree', 'department', 'doctoral degree', 'institute', 'support']"
v0_065_indo_finnish_joint_call_for_mobility_of_researchers,Poonam Choudhary,"['application', 'city', 'degree', 'department', 'doctoral degree', 'faculty member']"
v0_065_indo_finnish_joint_call_for_mobility_of_researchers,Prabhat Kumar Mandal,"['application', 'centre', 'degree', 'department', 'system']"
v0_065_indo_finnish_joint_call_for_mobility_of_researchers,Pranita P Sarangi,"['degree', 'doctoral degree', 'institute']"
v0_065_indo_finnish_joint_call_for_mobility_of_researchers,Pravindra Kumar,"['application', 'city', 'degree', 'department', 'system']"
v0_065_indo_finnish_joint_call_for_mobility_of_researchers,Prince Tiwari,"['application', 'city', 'degree', 'department', 'doctoral degree', 'institute', 'system']"
v0_065_indo_finnish_joint_call_for_mobility_of_researchers,R. P. Singh,"['application', 'department', 'faculty member', 'field', 'form', 'institute', 'support']"
v0_065_indo_finnish_joint_call_for_mobility_of_researchers,Ramasare Prasad,"['application', 'centre', 'city', 'country', 'department', 'institute']"
v0_065_indo_finnish_joint_call_for_mobility_of_researchers,Ranjana Pathania,"['application', 'degree', 'department', 'doctoral degree', 'faculty member', 'institute', 'member']"
v0_065_indo_finnish_joint_call_for_mobility_of_researchers,Sanjoy Ghosh,"['application', 'country', 'department', 'field']"
v0_065_indo_finnish_joint_call_for_mobility_of_researchers,Saugata Hazra,"['centre', 'degree', 'department', 'field', 'system']"
v0_065_indo_finnish_joint_call_for_mobility_of_researchers,Shailly Tomar,"['application', 'degree', 'department']"
v0_065_indo_finnish_joint_call_for_mobility_of_researchers,Shri Ram Yadav,"['application', 'centre', 'department', 'form', 'institute', 'system']"
v0_065_indo_finnish_joint_call_for_mobility_of_researchers,Soma Rohatgi,"['application', 'degree']"
v0_065_indo_finnish_joint_call_for_mobility_of_researchers,Sachin Suresh Tiwari,"['application', 'centre', 'city', 'country', 'department', 'doctoral degree', 'form', 'india']"
v0_065_indo_finnish_joint_call_for_mobility_of_researchers,Jitin Singla,"['application', 'degree', 'faculty member', 'member', 'support']"
v0_065_indo_finnish_joint_call_for_mobility_of_researchers,Rajesh Kumar,"['application', 'centre', 'city', 'degree', 'department', 'doctoral degree', 'field', 'india', 'institute']"
v0_065_indo_finnish_joint_call_for_mobility_of_researchers,Akhil Upadhyay,"['centre', 'city', 'country', 'degree', 'department', 'doctoral degree', 'faculty member', 'member']"
v0_066_call_open_for_women_scientist_scheme_b_wos_b_2018_19,Arindam Biswas,"['area', 'challenge', 'department', 'development', 'opportunity', 'year']"
v0_066_call_open_for_women_scientist_scheme_b_wos_b_2018_19,Avlokita Agrawal,"['department', 'development', 'solution']"
v0_066_call_open_for_women_scientist_scheme_b_wos_b_2018_19,Gaurav Raheja,"['area', 'challenge', 'department', 'development', 'solution']"
v0_066_call_open_for_women_scientist_scheme_b_wos_b_2018_19,Harshit Sosan Lakra,[]
v0_066_call_open_for_women_scientist_scheme_b_wos_b_2018_19,Mahua Mukherjee,"['department', 'development', 'opportunity', 'solution', 'woman']"
v0_066_call_open_for_women_scientist_scheme_b_wos_b_2018_19,Prabhjot Singh Chani,"['challenge', 'department', 'development', 'solution']"
v0_066_call_open_for_women_scientist_scheme_b_wos_b_2018_19,E Rajasekar,"['area', 'solution', 'year']"
v0_066_call_open_for_women_scientist_scheme_b_wos_b_2018_19,Ram Sateesh Pasupuleti,"['area', 'challenge', 'opportunity', 'solution', 'year']"
v0_066_call_open_for_women_scientist_scheme_b_wos_b_2018_19,Saptarshi Kolay,"['area', 'challenge', 'development', 'opportunity', 'year']"
v0_066_call_open_for_women_scientist_scheme_b_wos_b_2018_19,Shubhajit Sadhukhan,"['area', 'department', 'development', 'opportunity']"
v0_066_call_open_for_women_scientist_scheme_b_wos_b_2018_19,Smriti Saraswat,"['department', 'development', 'solution', 'woman']"
v0_066_call_open_for_women_scientist_scheme_b_wos_b_2018_19,Sonal Atreya,"['area', 'challenge', 'phd', 'solution', 'woman']"
v0_066_call_open_for_women_scientist_scheme_b_wos_b_2018_19,Tina Pujara,"['solution', 'woman']"
v0_066_call_open_for_women_scientist_scheme_b_wos_b_2018_19,Uttam Kumar Roy,"['department', 'opportunity']"
v0_066_call_open_for_women_scientist_scheme_b_wos_b_2018_19,V Devadas,"['area', 'department', 'development', 'opportunity', 'solution', 'year']"
v0_066_call_open_for_women_scientist_scheme_b_wos_b_2018_19,Jaydev Dabas,"['area', 'solution']"
v0_066_call_open_for_women_scientist_scheme_b_wos_b_2018_19,Millie Pant,"['area', 'department', 'development']"
v0_066_call_open_for_women_scientist_scheme_b_wos_b_2018_19,Rajan Arora,"['department', 'phd', 'solution']"
v0_066_call_open_for_women_scientist_scheme_b_wos_b_2018_19,Ashwani Kumar Sharma,"['area', 'department', 'development']"
v0_066_call_open_for_women_scientist_scheme_b_wos_b_2018_19,Bijan Choudhury,"['area', 'department', 'development', 'opportunity', 'solution', 'year']"
v0_066_call_open_for_women_scientist_scheme_b_wos_b_2018_19,Debabrata Sircar,['opportunity']
v0_066_call_open_for_women_scientist_scheme_b_wos_b_2018_19,Deepak Sharma,"['area', 'challenge', 'department', 'solution']"
v0_066_call_open_for_women_scientist_scheme_b_wos_b_2018_19,P Gopinath,"['challenge', 'department', 'development']"
v0_066_call_open_for_women_scientist_scheme_b_wos_b_2018_19,Harsh Chauhan,"['area', 'department', 'development', 'opportunity', 'woman', 'year']"
v0_066_call_open_for_women_scientist_scheme_b_wos_b_2018_19,Srinivas Kiran Ambatipudi,[]
v0_066_call_open_for_women_scientist_scheme_b_wos_b_2018_19,Krishna Mohan Poluri,"['area', 'department', 'development', 'year']"
v0_066_call_open_for_women_scientist_scheme_b_wos_b_2018_19,Maya S.Nair,"['challenge', 'opportunity']"
v0_066_call_open_for_women_scientist_scheme_b_wos_b_2018_19,N K Navani,"['department', 'development']"
v0_066_call_open_for_women_scientist_scheme_b_wos_b_2018_19,Partha Roy,"['area', 'challenge', 'department', 'development', 'solution', 'woman', 'year']"
v0_066_call_open_for_women_scientist_scheme_b_wos_b_2018_19,Poonam Choudhary,"['challenge', 'department', 'opportunity', 'phd', 'solution']"
v0_066_call_open_for_women_scientist_scheme_b_wos_b_2018_19,Prabhat Kumar Mandal,"['challenge', 'department', 'development', 'solution']"
v0_066_call_open_for_women_scientist_scheme_b_wos_b_2018_19,Pranita P Sarangi,"['area', 'year']"
v0_066_call_open_for_women_scientist_scheme_b_wos_b_2018_19,Pravindra Kumar,"['area', 'department', 'development', 'solution']"
v0_066_call_open_for_women_scientist_scheme_b_wos_b_2018_19,Prince Tiwari,"['area', 'challenge', 'department']"
v0_066_call_open_for_women_scientist_scheme_b_wos_b_2018_19,R. P. Singh,"['area', 'department', 'development', 'opportunity', 'year']"
v0_066_call_open_for_women_scientist_scheme_b_wos_b_2018_19,Ramasare Prasad,"['area', 'department', 'development', 'solution']"
v0_066_call_open_for_women_scientist_scheme_b_wos_b_2018_19,Ranjana Pathania,"['department', 'development', 'solution']"
v0_066_call_open_for_women_scientist_scheme_b_wos_b_2018_19,Sanjoy Ghosh,"['challenge', 'department', 'solution']"
v0_066_call_open_for_women_scientist_scheme_b_wos_b_2018_19,Saugata Hazra,"['department', 'development', 'opportunity']"
v0_066_call_open_for_women_scientist_scheme_b_wos_b_2018_19,Shailly Tomar,"['department', 'development', 'solution']"
v0_066_call_open_for_women_scientist_scheme_b_wos_b_2018_19,Shri Ram Yadav,['department']
v0_066_call_open_for_women_scientist_scheme_b_wos_b_2018_19,Soma Rohatgi,"['area', 'development']"
v0_066_call_open_for_women_scientist_scheme_b_wos_b_2018_19,Sachin Suresh Tiwari,"['area', 'challenge', 'department', 'opportunity', 'solution', 'woman', 'year']"
v0_066_call_open_for_women_scientist_scheme_b_wos_b_2018_19,Jitin Singla,"['area', 'solution']"
v0_066_call_open_for_women_scientist_scheme_b_wos_b_2018_19,Rajesh Kumar,"['area', 'department', 'development', 'solution', 'year']"
v0_066_call_open_for_women_scientist_scheme_b_wos_b_2018_19,Akhil Upadhyay,"['challenge', 'department', 'solution']"
v0_067_dst_dfg_joint_call_inviting_joint_research_proposals,Arindam Biswas,"['department', 'foundation', 'india', 'interaction', 'material', 'reason', 'result', 'support', 'year']"
v0_067_dst_dfg_joint_call_inviting_joint_research_proposals,Avlokita Agrawal,"['department', 'foundation', 'india', 'interaction', 'process', 'support']"
v0_067_dst_dfg_joint_call_inviting_joint_research_proposals,Gaurav Raheja,"['department', 'field', 'foundation', 'india', 'interaction', 'reason', 'result', 'support']"
v0_067_dst_dfg_joint_call_inviting_joint_research_proposals,Harshit Sosan Lakra,[]
v0_067_dst_dfg_joint_call_inviting_joint_research_proposals,Mahua Mukherjee,"['department', 'foundation', 'india', 'interaction', 'material', 'process', 'reason', 'support']"
v0_067_dst_dfg_joint_call_inviting_joint_research_proposals,Prabhjot Singh Chani,"['department', 'india', 'interaction', 'member', 'support']"
v0_067_dst_dfg_joint_call_inviting_joint_research_proposals,E Rajasekar,"['foundation', 'interaction', 'material', 'reason', 'result', 'support', 'year']"
v0_067_dst_dfg_joint_call_inviting_joint_research_proposals,Ram Sateesh Pasupuleti,"['foundation', 'interaction', 'material', 'member', 'reason', 'review process', 'support', 'work', 'year']"
v0_067_dst_dfg_joint_call_inviting_joint_research_proposals,Saptarshi Kolay,"['foundation', 'interaction', 'material', 'process', 'reason', 'result', 'review process', 'support', 'work', 'year']"
v0_067_dst_dfg_joint_call_inviting_joint_research_proposals,Shubhajit Sadhukhan,"['department', 'foundation', 'interaction', 'material', 'member', 'process', 'support', 'work']"
v0_067_dst_dfg_joint_call_inviting_joint_research_proposals,Smriti Saraswat,"['department', 'foundation', 'india', 'interaction', 'member', 'process', 'reason', 'result', 'review process', 'work']"
v0_067_dst_dfg_joint_call_inviting_joint_research_proposals,Sonal Atreya,"['foundation', 'interaction', 'material', 'member', 'process', 'reason', 'result', 'support', 'work']"
v0_067_dst_dfg_joint_call_inviting_joint_research_proposals,Tina Pujara,"['foundation', 'interaction']"
v0_067_dst_dfg_joint_call_inviting_joint_research_proposals,Uttam Kumar Roy,"['department', 'foundation', 'material', 'process', 'reason', 'result', 'support', 'work']"
v0_067_dst_dfg_joint_call_inviting_joint_research_proposals,V Devadas,"['department', 'foundation', 'interaction', 'reason', 'result', 'review process', 'work', 'year']"
v0_067_dst_dfg_joint_call_inviting_joint_research_proposals,Jaydev Dabas,"['foundation', 'interaction', 'process', 'result', 'support', 'work']"
v0_067_dst_dfg_joint_call_inviting_joint_research_proposals,Millie Pant,"['department', 'foundation', 'interaction', 'material', 'process', 'support']"
v0_067_dst_dfg_joint_call_inviting_joint_research_proposals,Rajan Arora,"['department', 'field', 'foundation', 'interaction', 'member', 'reason', 'support', 'work']"
v0_067_dst_dfg_joint_call_inviting_joint_research_proposals,Ashwani Kumar Sharma,"['department', 'foundation', 'india', 'interaction', 'material', 'process', 'review process']"
v0_067_dst_dfg_joint_call_inviting_joint_research_proposals,Bijan Choudhury,"['department', 'foundation', 'india', 'interaction', 'material', 'reason', 'work', 'year']"
v0_067_dst_dfg_joint_call_inviting_joint_research_proposals,Debabrata Sircar,"['foundation', 'interaction', 'material', 'process', 'reason', 'review process', 'support']"
v0_067_dst_dfg_joint_call_inviting_joint_research_proposals,Deepak Sharma,"['department', 'foundation', 'interaction', 'material', 'member', 'process', 'reason', 'review process']"
v0_067_dst_dfg_joint_call_inviting_joint_research_proposals,P Gopinath,"['department', 'material', 'reason', 'review process']"
v0_067_dst_dfg_joint_call_inviting_joint_research_proposals,Harsh Chauhan,"['department', 'field', 'foundation', 'india', 'interaction', 'process', 'reason', 'support', 'year']"
v0_067_dst_dfg_joint_call_inviting_joint_research_proposals,Srinivas Kiran Ambatipudi,[]
v0_067_dst_dfg_joint_call_inviting_joint_research_proposals,Krishna Mohan Poluri,"['department', 'field', 'interaction', 'material', 'reason', 'result', 'year']"
v0_067_dst_dfg_joint_call_inviting_joint_research_proposals,Maya S.Nair,"['foundation', 'interaction', 'process', 'reason', 'review process', 'support', 'work']"
v0_067_dst_dfg_joint_call_inviting_joint_research_proposals,N K Navani,"['department', 'foundation', 'interaction', 'material', 'process', 'support']"
v0_067_dst_dfg_joint_call_inviting_joint_research_proposals,Partha Roy,"['department', 'foundation', 'interaction', 'reason', 'support', 'year']"
v0_067_dst_dfg_joint_call_inviting_joint_research_proposals,Poonam Choudhary,"['department', 'foundation', 'interaction', 'material', 'process', 'reason', 'work']"
v0_067_dst_dfg_joint_call_inviting_joint_research_proposals,Prabhat Kumar Mandal,"['department', 'foundation', 'interaction', 'process', 'reason']"
v0_067_dst_dfg_joint_call_inviting_joint_research_proposals,Pranita P Sarangi,"['material', 'process', 'reason', 'review process', 'year']"
v0_067_dst_dfg_joint_call_inviting_joint_research_proposals,Pravindra Kumar,"['department', 'foundation', 'interaction', 'reason', 'result']"
v0_067_dst_dfg_joint_call_inviting_joint_research_proposals,Prince Tiwari,"['department', 'interaction', 'material', 'process', 'reason', 'review process']"
v0_067_dst_dfg_joint_call_inviting_joint_research_proposals,R. P. Singh,"['department', 'field', 'foundation', 'interaction', 'material', 'reason', 'support', 'work', 'year']"
v0_067_dst_dfg_joint_call_inviting_joint_research_proposals,Ramasare Prasad,"['department', 'foundation', 'interaction', 'material', 'process', 'reason', 'result']"
v0_067_dst_dfg_joint_call_inviting_joint_research_proposals,Ranjana Pathania,"['department', 'interaction', 'material', 'member']"
v0_067_dst_dfg_joint_call_inviting_joint_research_proposals,Sanjoy Ghosh,"['department', 'field', 'foundation', 'interaction', 'material', 'process', 'reason']"
v0_067_dst_dfg_joint_call_inviting_joint_research_proposals,Saugata Hazra,"['department', 'field', 'foundation', 'interaction', 'material', 'review process']"
v0_067_dst_dfg_joint_call_inviting_joint_research_proposals,Shailly Tomar,"['department', 'interaction', 'material', 'process', 'reason', 'review process']"
v0_067_dst_dfg_joint_call_inviting_joint_research_proposals,Shri Ram Yadav,"['department', 'foundation', 'interaction', 'work']"
v0_067_dst_dfg_joint_call_inviting_joint_research_proposals,Soma Rohatgi,"['foundation', 'interaction', 'material', 'reason', 'result', 'work']"
v0_067_dst_dfg_joint_call_inviting_joint_research_proposals,Sachin Suresh Tiwari,"['department', 'foundation', 'india', 'interaction', 'process', 'reason', 'review process', 'work', 'year']"
v0_067_dst_dfg_joint_call_inviting_joint_research_proposals,Jitin Singla,"['foundation', 'interaction', 'member', 'process', 'reason', 'review process', 'support', 'work']"
v0_067_dst_dfg_joint_call_inviting_joint_research_proposals,Rajesh Kumar,"['department', 'field', 'foundation', 'india', 'interaction', 'material', 'process', 'reason', 'review process', 'year']"
v0_067_dst_dfg_joint_call_inviting_joint_research_proposals,Akhil Upadhyay,"['department', 'foundation', 'interaction', 'member', 'process', 'review process']"
v0_068_call_for_proposal_cfp__2_under_india___israel_industrial_rd_and_technological_innovation_fund_i4f,Arindam Biswas,"['development', 'india', 'support']"
v0_068_call_for_proposal_cfp__2_under_india___israel_industrial_rd_and_technological_innovation_fund_i4f,Avlokita Agrawal,"['development', 'india', 'process', 'support']"
v0_068_call_for_proposal_cfp__2_under_india___israel_industrial_rd_and_technological_innovation_fund_i4f,Gaurav Raheja,"['development', 'india', 'process technology', 'support']"
v0_068_call_for_proposal_cfp__2_under_india___israel_industrial_rd_and_technological_innovation_fund_i4f,Harshit Sosan Lakra,[]
v0_068_call_for_proposal_cfp__2_under_india___israel_industrial_rd_and_technological_innovation_fund_i4f,Mahua Mukherjee,"['development', 'india', 'process', 'product', 'support']"
v0_068_call_for_proposal_cfp__2_under_india___israel_industrial_rd_and_technological_innovation_fund_i4f,Prabhjot Singh Chani,"['development', 'india', 'support']"
v0_068_call_for_proposal_cfp__2_under_india___israel_industrial_rd_and_technological_innovation_fund_i4f,E Rajasekar,['support']
v0_068_call_for_proposal_cfp__2_under_india___israel_industrial_rd_and_technological_innovation_fund_i4f,Ram Sateesh Pasupuleti,"['process technology', 'support']"
v0_068_call_for_proposal_cfp__2_under_india___israel_industrial_rd_and_technological_innovation_fund_i4f,Saptarshi Kolay,"['development', 'process', 'product', 'support']"
v0_068_call_for_proposal_cfp__2_under_india___israel_industrial_rd_and_technological_innovation_fund_i4f,Shubhajit Sadhukhan,"['development', 'process', 'process technology', 'product', 'support']"
v0_068_call_for_proposal_cfp__2_under_india___israel_industrial_rd_and_technological_innovation_fund_i4f,Smriti Saraswat,"['development', 'india', 'process']"
v0_068_call_for_proposal_cfp__2_under_india___israel_industrial_rd_and_technological_innovation_fund_i4f,Sonal Atreya,"['process', 'support']"
v0_068_call_for_proposal_cfp__2_under_india___israel_industrial_rd_and_technological_innovation_fund_i4f,Tina Pujara,[]
v0_068_call_for_proposal_cfp__2_under_india___israel_industrial_rd_and_technological_innovation_fund_i4f,Uttam Kumar Roy,"['process', 'product', 'support']"
v0_068_call_for_proposal_cfp__2_under_india___israel_industrial_rd_and_technological_innovation_fund_i4f,V Devadas,['development']
v0_068_call_for_proposal_cfp__2_under_india___israel_industrial_rd_and_technological_innovation_fund_i4f,Jaydev Dabas,"['process', 'support']"
v0_068_call_for_proposal_cfp__2_under_india___israel_industrial_rd_and_technological_innovation_fund_i4f,Millie Pant,"['development', 'process', 'support']"
v0_068_call_for_proposal_cfp__2_under_india___israel_industrial_rd_and_technological_innovation_fund_i4f,Rajan Arora,"['process technology', 'support']"
v0_068_call_for_proposal_cfp__2_under_india___israel_industrial_rd_and_technological_innovation_fund_i4f,Ashwani Kumar Sharma,"['development', 'india', 'process', 'process technology', 'product']"
v0_068_call_for_proposal_cfp__2_under_india___israel_industrial_rd_and_technological_innovation_fund_i4f,Bijan Choudhury,"['development', 'india', 'process technology', 'product']"
v0_068_call_for_proposal_cfp__2_under_india___israel_industrial_rd_and_technological_innovation_fund_i4f,Debabrata Sircar,"['process', 'product', 'support']"
v0_068_call_for_proposal_cfp__2_under_india___israel_industrial_rd_and_technological_innovation_fund_i4f,Deepak Sharma,"['process', 'product']"
v0_068_call_for_proposal_cfp__2_under_india___israel_industrial_rd_and_technological_innovation_fund_i4f,P Gopinath,['development']
v0_068_call_for_proposal_cfp__2_under_india___israel_industrial_rd_and_technological_innovation_fund_i4f,Harsh Chauhan,"['development', 'india', 'process', 'support']"
v0_068_call_for_proposal_cfp__2_under_india___israel_industrial_rd_and_technological_innovation_fund_i4f,Srinivas Kiran Ambatipudi,[]
v0_068_call_for_proposal_cfp__2_under_india___israel_industrial_rd_and_technological_innovation_fund_i4f,Krishna Mohan Poluri,['development']
v0_068_call_for_proposal_cfp__2_under_india___israel_industrial_rd_and_technological_innovation_fund_i4f,Maya S.Nair,"['process', 'product', 'support']"
v0_068_call_for_proposal_cfp__2_under_india___israel_industrial_rd_and_technological_innovation_fund_i4f,N K Navani,"['development', 'process', 'support']"
v0_068_call_for_proposal_cfp__2_under_india___israel_industrial_rd_and_technological_innovation_fund_i4f,Partha Roy,"['development', 'support']"
v0_068_call_for_proposal_cfp__2_under_india___israel_industrial_rd_and_technological_innovation_fund_i4f,Poonam Choudhary,"['process', 'process technology', 'product']"
v0_068_call_for_proposal_cfp__2_under_india___israel_industrial_rd_and_technological_innovation_fund_i4f,Prabhat Kumar Mandal,"['development', 'process', 'product']"
v0_068_call_for_proposal_cfp__2_under_india___israel_industrial_rd_and_technological_innovation_fund_i4f,Pranita P Sarangi,"['process', 'process technology']"
v0_068_call_for_proposal_cfp__2_under_india___israel_industrial_rd_and_technological_innovation_fund_i4f,Pravindra Kumar,['development']
v0_068_call_for_proposal_cfp__2_under_india___israel_industrial_rd_and_technological_innovation_fund_i4f,Prince Tiwari,"['process', 'process technology']"
v0_068_call_for_proposal_cfp__2_under_india___israel_industrial_rd_and_technological_innovation_fund_i4f,R. P. Singh,"['development', 'support']"
v0_068_call_for_proposal_cfp__2_under_india___israel_industrial_rd_and_technological_innovation_fund_i4f,Ramasare Prasad,"['development', 'process', 'product']"
v0_068_call_for_proposal_cfp__2_under_india___israel_industrial_rd_and_technological_innovation_fund_i4f,Ranjana Pathania,"['development', 'process technology', 'product']"
v0_068_call_for_proposal_cfp__2_under_india___israel_industrial_rd_and_technological_innovation_fund_i4f,Sanjoy Ghosh,"['process', 'product']"
v0_068_call_for_proposal_cfp__2_under_india___israel_industrial_rd_and_technological_innovation_fund_i4f,Saugata Hazra,['development']
v0_068_call_for_proposal_cfp__2_under_india___israel_industrial_rd_and_technological_innovation_fund_i4f,Shailly Tomar,"['development', 'process', 'process technology']"
v0_068_call_for_proposal_cfp__2_under_india___israel_industrial_rd_and_technological_innovation_fund_i4f,Shri Ram Yadav,['product']
v0_068_call_for_proposal_cfp__2_under_india___israel_industrial_rd_and_technological_innovation_fund_i4f,Soma Rohatgi,['development']
v0_068_call_for_proposal_cfp__2_under_india___israel_industrial_rd_and_technological_innovation_fund_i4f,Sachin Suresh Tiwari,"['india', 'process', 'product']"
v0_068_call_for_proposal_cfp__2_under_india___israel_industrial_rd_and_technological_innovation_fund_i4f,Jitin Singla,"['process', 'process technology', 'support']"
v0_068_call_for_proposal_cfp__2_under_india___israel_industrial_rd_and_technological_innovation_fund_i4f,Rajesh Kumar,"['development', 'india', 'process', 'process technology', 'product']"
v0_068_call_for_proposal_cfp__2_under_india___israel_industrial_rd_and_technological_innovation_fund_i4f,Akhil Upadhyay,['process']
v0_069_call___unescojapan_young_researchs_fellowship_programme_unescokeizo_obuchi_research_fellowships_programme_cycle_2018,Arindam Biswas,"['application', 'place', 'resource']"
v0_069_call___unescojapan_young_researchs_fellowship_programme_unescokeizo_obuchi_research_fellowships_programme_cycle_2018,Avlokita Agrawal,"['application', 'place', 'resource']"
v0_069_call___unescojapan_young_researchs_fellowship_programme_unescokeizo_obuchi_research_fellowships_programme_cycle_2018,Gaurav Raheja,"['application', 'place', 'resource']"
v0_069_call___unescojapan_young_researchs_fellowship_programme_unescokeizo_obuchi_research_fellowships_programme_cycle_2018,Harshit Sosan Lakra,[]
v0_069_call___unescojapan_young_researchs_fellowship_programme_unescokeizo_obuchi_research_fellowships_programme_cycle_2018,Mahua Mukherjee,"['application', 'place']"
v0_069_call___unescojapan_young_researchs_fellowship_programme_unescokeizo_obuchi_research_fellowships_programme_cycle_2018,Prabhjot Singh Chani,"['application', 'place']"
v0_069_call___unescojapan_young_researchs_fellowship_programme_unescokeizo_obuchi_research_fellowships_programme_cycle_2018,E Rajasekar,"['place', 'resource']"
v0_069_call___unescojapan_young_researchs_fellowship_programme_unescokeizo_obuchi_research_fellowships_programme_cycle_2018,Ram Sateesh Pasupuleti,['application']
v0_069_call___unescojapan_young_researchs_fellowship_programme_unescokeizo_obuchi_research_fellowships_programme_cycle_2018,Saptarshi Kolay,"['application', 'form', 'resource']"
v0_069_call___unescojapan_young_researchs_fellowship_programme_unescokeizo_obuchi_research_fellowships_programme_cycle_2018,Shubhajit Sadhukhan,"['application', 'resource']"
v0_069_call___unescojapan_young_researchs_fellowship_programme_unescokeizo_obuchi_research_fellowships_programme_cycle_2018,Smriti Saraswat,"['application', 'resource']"
v0_069_call___unescojapan_young_researchs_fellowship_programme_unescokeizo_obuchi_research_fellowships_programme_cycle_2018,Sonal Atreya,"['application', 'form', 'place', 'resource']"
v0_069_call___unescojapan_young_researchs_fellowship_programme_unescokeizo_obuchi_research_fellowships_programme_cycle_2018,Tina Pujara,"['application', 'place']"
v0_069_call___unescojapan_young_researchs_fellowship_programme_unescokeizo_obuchi_research_fellowships_programme_cycle_2018,Uttam Kumar Roy,"['application', 'resource']"
v0_069_call___unescojapan_young_researchs_fellowship_programme_unescokeizo_obuchi_research_fellowships_programme_cycle_2018,V Devadas,"['application', 'form', 'place', 'prasad', 'resource']"
v0_069_call___unescojapan_young_researchs_fellowship_programme_unescokeizo_obuchi_research_fellowships_programme_cycle_2018,Jaydev Dabas,"['application', 'form', 'place']"
v0_069_call___unescojapan_young_researchs_fellowship_programme_unescokeizo_obuchi_research_fellowships_programme_cycle_2018,Millie Pant,"['application', 'place']"
v0_069_call___unescojapan_young_researchs_fellowship_programme_unescokeizo_obuchi_research_fellowships_programme_cycle_2018,Rajan Arora,"['application', 'form', 'place']"
v0_069_call___unescojapan_young_researchs_fellowship_programme_unescokeizo_obuchi_research_fellowships_programme_cycle_2018,Ashwani Kumar Sharma,['place']
v0_069_call___unescojapan_young_researchs_fellowship_programme_unescokeizo_obuchi_research_fellowships_programme_cycle_2018,Bijan Choudhury,['application']
v0_069_call___unescojapan_young_researchs_fellowship_programme_unescokeizo_obuchi_research_fellowships_programme_cycle_2018,Debabrata Sircar,"['application', 'place', 'resource']"
v0_069_call___unescojapan_young_researchs_fellowship_programme_unescokeizo_obuchi_research_fellowships_programme_cycle_2018,Deepak Sharma,"['application', 'resource']"
v0_069_call___unescojapan_young_researchs_fellowship_programme_unescokeizo_obuchi_research_fellowships_programme_cycle_2018,P Gopinath,"['application', 'place']"
v0_069_call___unescojapan_young_researchs_fellowship_programme_unescokeizo_obuchi_research_fellowships_programme_cycle_2018,Harsh Chauhan,"['application', 'place']"
v0_069_call___unescojapan_young_researchs_fellowship_programme_unescokeizo_obuchi_research_fellowships_programme_cycle_2018,Srinivas Kiran Ambatipudi,['place']
v0_069_call___unescojapan_young_researchs_fellowship_programme_unescokeizo_obuchi_research_fellowships_programme_cycle_2018,Krishna Mohan Poluri,['resource']
v0_069_call___unescojapan_young_researchs_fellowship_programme_unescokeizo_obuchi_research_fellowships_programme_cycle_2018,Maya S.Nair,"['application', 'form', 'place', 'resource']"
v0_069_call___unescojapan_young_researchs_fellowship_programme_unescokeizo_obuchi_research_fellowships_programme_cycle_2018,N K Navani,"['place', 'prasad']"
v0_069_call___unescojapan_young_researchs_fellowship_programme_unescokeizo_obuchi_research_fellowships_programme_cycle_2018,Partha Roy,"['application', 'place']"
v0_069_call___unescojapan_young_researchs_fellowship_programme_unescokeizo_obuchi_research_fellowships_programme_cycle_2018,Poonam Choudhary,"['application', 'place', 'resource']"
v0_069_call___unescojapan_young_researchs_fellowship_programme_unescokeizo_obuchi_research_fellowships_programme_cycle_2018,Prabhat Kumar Mandal,"['application', 'place', 'resource']"
v0_069_call___unescojapan_young_researchs_fellowship_programme_unescokeizo_obuchi_research_fellowships_programme_cycle_2018,Pranita P Sarangi,"['prasad', 'resource']"
v0_069_call___unescojapan_young_researchs_fellowship_programme_unescokeizo_obuchi_research_fellowships_programme_cycle_2018,Pravindra Kumar,"['application', 'place']"
v0_069_call___unescojapan_young_researchs_fellowship_programme_unescokeizo_obuchi_research_fellowships_programme_cycle_2018,Prince Tiwari,['application']
v0_069_call___unescojapan_young_researchs_fellowship_programme_unescokeizo_obuchi_research_fellowships_programme_cycle_2018,R. P. Singh,"['application', 'form']"
v0_069_call___unescojapan_young_researchs_fellowship_programme_unescokeizo_obuchi_research_fellowships_programme_cycle_2018,Ramasare Prasad,"['application', 'prasad']"
v0_069_call___unescojapan_young_researchs_fellowship_programme_unescokeizo_obuchi_research_fellowships_programme_cycle_2018,Ranjana Pathania,"['application', 'place']"
v0_069_call___unescojapan_young_researchs_fellowship_programme_unescokeizo_obuchi_research_fellowships_programme_cycle_2018,Sanjoy Ghosh,['application']
v0_069_call___unescojapan_young_researchs_fellowship_programme_unescokeizo_obuchi_research_fellowships_programme_cycle_2018,Saugata Hazra,['resource']
v0_069_call___unescojapan_young_researchs_fellowship_programme_unescokeizo_obuchi_research_fellowships_programme_cycle_2018,Shailly Tomar,"['application', 'place', 'resource']"
v0_069_call___unescojapan_young_researchs_fellowship_programme_unescokeizo_obuchi_research_fellowships_programme_cycle_2018,Shri Ram Yadav,"['application', 'form', 'prasad']"
v0_069_call___unescojapan_young_researchs_fellowship_programme_unescokeizo_obuchi_research_fellowships_programme_cycle_2018,Soma Rohatgi,"['application', 'place', 'resource']"
v0_069_call___unescojapan_young_researchs_fellowship_programme_unescokeizo_obuchi_research_fellowships_programme_cycle_2018,Sachin Suresh Tiwari,"['application', 'form', 'place', 'prasad', 'resource']"
v0_069_call___unescojapan_young_researchs_fellowship_programme_unescokeizo_obuchi_research_fellowships_programme_cycle_2018,Jitin Singla,"['application', 'place', 'prasad']"
v0_069_call___unescojapan_young_researchs_fellowship_programme_unescokeizo_obuchi_research_fellowships_programme_cycle_2018,Rajesh Kumar,"['application', 'resource']"
v0_069_call___unescojapan_young_researchs_fellowship_programme_unescokeizo_obuchi_research_fellowships_programme_cycle_2018,Akhil Upadhyay,['resource']
v0_070_call_for_nominations_serb_distinguished_fellowship_last_date_upto_30_november_2018,Arindam Biswas,"['area', 'condition', 'need']"
v0_070_call_for_nominations_serb_distinguished_fellowship_last_date_upto_30_november_2018,Avlokita Agrawal,"['condition', 'need']"
v0_070_call_for_nominations_serb_distinguished_fellowship_last_date_upto_30_november_2018,Gaurav Raheja,"['area', 'need']"
v0_070_call_for_nominations_serb_distinguished_fellowship_last_date_upto_30_november_2018,Harshit Sosan Lakra,[]
v0_070_call_for_nominations_serb_distinguished_fellowship_last_date_upto_30_november_2018,Mahua Mukherjee,['condition']
v0_070_call_for_nominations_serb_distinguished_fellowship_last_date_upto_30_november_2018,Prabhjot Singh Chani,['condition']
v0_070_call_for_nominations_serb_distinguished_fellowship_last_date_upto_30_november_2018,E Rajasekar,"['area', 'condition', 'number']"
v0_070_call_for_nominations_serb_distinguished_fellowship_last_date_upto_30_november_2018,Ram Sateesh Pasupuleti,"['area', 'condition', 'number']"
v0_070_call_for_nominations_serb_distinguished_fellowship_last_date_upto_30_november_2018,Saptarshi Kolay,"['area', 'condition']"
v0_070_call_for_nominations_serb_distinguished_fellowship_last_date_upto_30_november_2018,Shubhajit Sadhukhan,"['area', 'condition', 'number']"
v0_070_call_for_nominations_serb_distinguished_fellowship_last_date_upto_30_november_2018,Smriti Saraswat,"['condition', 'number']"
v0_070_call_for_nominations_serb_distinguished_fellowship_last_date_upto_30_november_2018,Sonal Atreya,"['area', 'condition', 'number']"
v0_070_call_for_nominations_serb_distinguished_fellowship_last_date_upto_30_november_2018,Tina Pujara,['condition']
v0_070_call_for_nominations_serb_distinguished_fellowship_last_date_upto_30_november_2018,Uttam Kumar Roy,['condition']
v0_070_call_for_nominations_serb_distinguished_fellowship_last_date_upto_30_november_2018,V Devadas,"['area', 'condition']"
v0_070_call_for_nominations_serb_distinguished_fellowship_last_date_upto_30_november_2018,Jaydev Dabas,"['area', 'condition']"
v0_070_call_for_nominations_serb_distinguished_fellowship_last_date_upto_30_november_2018,Millie Pant,['area']
v0_070_call_for_nominations_serb_distinguished_fellowship_last_date_upto_30_november_2018,Rajan Arora,['condition']
v0_070_call_for_nominations_serb_distinguished_fellowship_last_date_upto_30_november_2018,Ashwani Kumar Sharma,['area']
v0_070_call_for_nominations_serb_distinguished_fellowship_last_date_upto_30_november_2018,Bijan Choudhury,"['area', 'condition']"
v0_070_call_for_nominations_serb_distinguished_fellowship_last_date_upto_30_november_2018,Debabrata Sircar,['condition']
v0_070_call_for_nominations_serb_distinguished_fellowship_last_date_upto_30_november_2018,Deepak Sharma,"['area', 'condition', 'number']"
v0_070_call_for_nominations_serb_distinguished_fellowship_last_date_upto_30_november_2018,P Gopinath,"['condition', 'k']"
v0_070_call_for_nominations_serb_distinguished_fellowship_last_date_upto_30_november_2018,Harsh Chauhan,"['area', 'condition', 'need']"
v0_070_call_for_nominations_serb_distinguished_fellowship_last_date_upto_30_november_2018,Srinivas Kiran Ambatipudi,[]
v0_070_call_for_nominations_serb_distinguished_fellowship_last_date_upto_30_november_2018,Krishna Mohan Poluri,"['area', 'need']"
v0_070_call_for_nominations_serb_distinguished_fellowship_last_date_upto_30_november_2018,Maya S.Nair,"['condition', 'need']"
v0_070_call_for_nominations_serb_distinguished_fellowship_last_date_upto_30_november_2018,N K Navani,['condition']
v0_070_call_for_nominations_serb_distinguished_fellowship_last_date_upto_30_november_2018,Partha Roy,"['area', 'condition']"
v0_070_call_for_nominations_serb_distinguished_fellowship_last_date_upto_30_november_2018,Poonam Choudhary,['condition']
v0_070_call_for_nominations_serb_distinguished_fellowship_last_date_upto_30_november_2018,Prabhat Kumar Mandal,['condition']
v0_070_call_for_nominations_serb_distinguished_fellowship_last_date_upto_30_november_2018,Pranita P Sarangi,['area']
v0_070_call_for_nominations_serb_distinguished_fellowship_last_date_upto_30_november_2018,Pravindra Kumar,['area']
v0_070_call_for_nominations_serb_distinguished_fellowship_last_date_upto_30_november_2018,Prince Tiwari,"['area', 'condition', 'number']"
v0_070_call_for_nominations_serb_distinguished_fellowship_last_date_upto_30_november_2018,R. P. Singh,"['area', 'condition', 'number']"
v0_070_call_for_nominations_serb_distinguished_fellowship_last_date_upto_30_november_2018,Ramasare Prasad,['area']
v0_070_call_for_nominations_serb_distinguished_fellowship_last_date_upto_30_november_2018,Ranjana Pathania,['number']
v0_070_call_for_nominations_serb_distinguished_fellowship_last_date_upto_30_november_2018,Sanjoy Ghosh,"['condition', 'need']"
v0_070_call_for_nominations_serb_distinguished_fellowship_last_date_upto_30_november_2018,Saugata Hazra,['condition']
v0_070_call_for_nominations_serb_distinguished_fellowship_last_date_upto_30_november_2018,Shailly Tomar,['condition']
v0_070_call_for_nominations_serb_distinguished_fellowship_last_date_upto_30_november_2018,Shri Ram Yadav,['condition']
v0_070_call_for_nominations_serb_distinguished_fellowship_last_date_upto_30_november_2018,Soma Rohatgi,"['area', 'condition', 'need']"
v0_070_call_for_nominations_serb_distinguished_fellowship_last_date_upto_30_november_2018,Sachin Suresh Tiwari,"['area', 'condition', 'need']"
v0_070_call_for_nominations_serb_distinguished_fellowship_last_date_upto_30_november_2018,Jitin Singla,"['area', 'condition', 'number']"
v0_070_call_for_nominations_serb_distinguished_fellowship_last_date_upto_30_november_2018,Rajesh Kumar,"['area', 'condition']"
v0_070_call_for_nominations_serb_distinguished_fellowship_last_date_upto_30_november_2018,Akhil Upadhyay,"['condition', 'number']"
v0_071_dst_dfg_awards_for_participation_in_the_69th_meeting_of_nobel_laureates__students_lindau_germany,Arindam Biswas,"['application', 'department', 'foundation', 'institute', 'student', 'year']"
v0_071_dst_dfg_awards_for_participation_in_the_69th_meeting_of_nobel_laureates__students_lindau_germany,Avlokita Agrawal,"['application', 'department', 'foundation', 'importance', 'institute', 'major', 'student']"
v0_071_dst_dfg_awards_for_participation_in_the_69th_meeting_of_nobel_laureates__students_lindau_germany,Gaurav Raheja,"['application', 'department', 'field', 'foundation', 'institute']"
v0_071_dst_dfg_awards_for_participation_in_the_69th_meeting_of_nobel_laureates__students_lindau_germany,Harshit Sosan Lakra,[]
v0_071_dst_dfg_awards_for_participation_in_the_69th_meeting_of_nobel_laureates__students_lindau_germany,Mahua Mukherjee,"['application', 'department', 'foundation', 'institute', 'level', 'student']"
v0_071_dst_dfg_awards_for_participation_in_the_69th_meeting_of_nobel_laureates__students_lindau_germany,Prabhjot Singh Chani,"['application', 'department', 'importance', 'institute', 'major', 'young researcher']"
v0_071_dst_dfg_awards_for_participation_in_the_69th_meeting_of_nobel_laureates__students_lindau_germany,E Rajasekar,"['foundation', 'importance', 'major', 'year']"
v0_071_dst_dfg_awards_for_participation_in_the_69th_meeting_of_nobel_laureates__students_lindau_germany,Ram Sateesh Pasupuleti,"['application', 'foundation', 'importance', 'institute', 'major', 'year']"
v0_071_dst_dfg_awards_for_participation_in_the_69th_meeting_of_nobel_laureates__students_lindau_germany,Saptarshi Kolay,"['application', 'foundation', 'importance', 'institute', 'student', 'world', 'year', 'young researcher']"
v0_071_dst_dfg_awards_for_participation_in_the_69th_meeting_of_nobel_laureates__students_lindau_germany,Shubhajit Sadhukhan,"['application', 'department', 'foundation', 'importance', 'level']"
v0_071_dst_dfg_awards_for_participation_in_the_69th_meeting_of_nobel_laureates__students_lindau_germany,Smriti Saraswat,"['application', 'department', 'foundation', 'importance', 'level']"
v0_071_dst_dfg_awards_for_participation_in_the_69th_meeting_of_nobel_laureates__students_lindau_germany,Sonal Atreya,"['application', 'foundation', 'importance', 'institute', 'major', 'student', 'world']"
v0_071_dst_dfg_awards_for_participation_in_the_69th_meeting_of_nobel_laureates__students_lindau_germany,Tina Pujara,"['application', 'foundation', 'importance', 'major', 'student', 'world']"
v0_071_dst_dfg_awards_for_participation_in_the_69th_meeting_of_nobel_laureates__students_lindau_germany,Uttam Kumar Roy,"['application', 'department', 'foundation', 'importance', 'major', 'young researcher']"
v0_071_dst_dfg_awards_for_participation_in_the_69th_meeting_of_nobel_laureates__students_lindau_germany,V Devadas,"['application', 'department', 'foundation', 'importance', 'world', 'year']"
v0_071_dst_dfg_awards_for_participation_in_the_69th_meeting_of_nobel_laureates__students_lindau_germany,Jaydev Dabas,"['application', 'foundation', 'importance', 'institute', 'major', 'student', 'world']"
v0_071_dst_dfg_awards_for_participation_in_the_69th_meeting_of_nobel_laureates__students_lindau_germany,Millie Pant,"['application', 'department', 'foundation', 'student']"
v0_071_dst_dfg_awards_for_participation_in_the_69th_meeting_of_nobel_laureates__students_lindau_germany,Rajan Arora,"['application', 'department', 'field', 'foundation', 'major', 'student', 'world']"
v0_071_dst_dfg_awards_for_participation_in_the_69th_meeting_of_nobel_laureates__students_lindau_germany,Ashwani Kumar Sharma,"['department', 'foundation', 'major']"
v0_071_dst_dfg_awards_for_participation_in_the_69th_meeting_of_nobel_laureates__students_lindau_germany,Bijan Choudhury,"['application', 'department', 'foundation', 'importance', 'institute', 'student', 'year']"
v0_071_dst_dfg_awards_for_participation_in_the_69th_meeting_of_nobel_laureates__students_lindau_germany,Debabrata Sircar,"['application', 'foundation', 'importance', 'institute', 'student', 'young researcher']"
v0_071_dst_dfg_awards_for_participation_in_the_69th_meeting_of_nobel_laureates__students_lindau_germany,Deepak Sharma,"['application', 'department', 'foundation', 'institute', 'major', 'student']"
v0_071_dst_dfg_awards_for_participation_in_the_69th_meeting_of_nobel_laureates__students_lindau_germany,P Gopinath,"['application', 'department', 'importance', 'young researcher']"
v0_071_dst_dfg_awards_for_participation_in_the_69th_meeting_of_nobel_laureates__students_lindau_germany,Harsh Chauhan,"['application', 'department', 'field', 'foundation', 'institute', 'student', 'year', 'young researcher']"
v0_071_dst_dfg_awards_for_participation_in_the_69th_meeting_of_nobel_laureates__students_lindau_germany,Srinivas Kiran Ambatipudi,[]
v0_071_dst_dfg_awards_for_participation_in_the_69th_meeting_of_nobel_laureates__students_lindau_germany,Krishna Mohan Poluri,"['department', 'field', 'importance', 'year']"
v0_071_dst_dfg_awards_for_participation_in_the_69th_meeting_of_nobel_laureates__students_lindau_germany,Maya S.Nair,"['application', 'foundation', 'importance', 'major', 'young researcher']"
v0_071_dst_dfg_awards_for_participation_in_the_69th_meeting_of_nobel_laureates__students_lindau_germany,N K Navani,"['department', 'foundation', 'importance']"
v0_071_dst_dfg_awards_for_participation_in_the_69th_meeting_of_nobel_laureates__students_lindau_germany,Partha Roy,"['application', 'department', 'foundation', 'institute', 'year']"
v0_071_dst_dfg_awards_for_participation_in_the_69th_meeting_of_nobel_laureates__students_lindau_germany,Poonam Choudhary,"['application', 'department', 'foundation', 'major', 'student']"
v0_071_dst_dfg_awards_for_participation_in_the_69th_meeting_of_nobel_laureates__students_lindau_germany,Prabhat Kumar Mandal,"['application', 'department', 'foundation', 'importance', 'level', 'major']"
v0_071_dst_dfg_awards_for_participation_in_the_69th_meeting_of_nobel_laureates__students_lindau_germany,Pranita P Sarangi,"['institute', 'year']"
v0_071_dst_dfg_awards_for_participation_in_the_69th_meeting_of_nobel_laureates__students_lindau_germany,Pravindra Kumar,"['application', 'department', 'foundation', 'importance', 'major']"
v0_071_dst_dfg_awards_for_participation_in_the_69th_meeting_of_nobel_laureates__students_lindau_germany,Prince Tiwari,"['application', 'department', 'importance', 'institute', 'major', 'student', 'world']"
v0_071_dst_dfg_awards_for_participation_in_the_69th_meeting_of_nobel_laureates__students_lindau_germany,R. P. Singh,"['application', 'department', 'field', 'foundation', 'institute', 'level', 'major', 'student', 'world', 'year']"
v0_071_dst_dfg_awards_for_participation_in_the_69th_meeting_of_nobel_laureates__students_lindau_germany,Ramasare Prasad,"['application', 'department', 'foundation', 'institute', 'major', 'student']"
v0_071_dst_dfg_awards_for_participation_in_the_69th_meeting_of_nobel_laureates__students_lindau_germany,Ranjana Pathania,"['application', 'department', 'importance', 'institute', 'level']"
v0_071_dst_dfg_awards_for_participation_in_the_69th_meeting_of_nobel_laureates__students_lindau_germany,Sanjoy Ghosh,"['application', 'department', 'field', 'foundation', 'importance', 'level']"
v0_071_dst_dfg_awards_for_participation_in_the_69th_meeting_of_nobel_laureates__students_lindau_germany,Saugata Hazra,"['department', 'field', 'foundation', 'importance', 'level', 'student']"
v0_071_dst_dfg_awards_for_participation_in_the_69th_meeting_of_nobel_laureates__students_lindau_germany,Shailly Tomar,"['application', 'department']"
v0_071_dst_dfg_awards_for_participation_in_the_69th_meeting_of_nobel_laureates__students_lindau_germany,Shri Ram Yadav,"['application', 'department', 'foundation', 'importance', 'institute', 'student', 'world']"
v0_071_dst_dfg_awards_for_participation_in_the_69th_meeting_of_nobel_laureates__students_lindau_germany,Soma Rohatgi,"['application', 'foundation', 'importance', 'major', 'world']"
v0_071_dst_dfg_awards_for_participation_in_the_69th_meeting_of_nobel_laureates__students_lindau_germany,Sachin Suresh Tiwari,"['application', 'department', 'foundation', 'student', 'world', 'year', 'young researcher']"
v0_071_dst_dfg_awards_for_participation_in_the_69th_meeting_of_nobel_laureates__students_lindau_germany,Jitin Singla,"['application', 'foundation', 'importance', 'world']"
v0_071_dst_dfg_awards_for_participation_in_the_69th_meeting_of_nobel_laureates__students_lindau_germany,Rajesh Kumar,"['application', 'department', 'field', 'foundation', 'institute', 'major', 'student', 'world', 'year']"
v0_071_dst_dfg_awards_for_participation_in_the_69th_meeting_of_nobel_laureates__students_lindau_germany,Akhil Upadhyay,"['department', 'foundation', 'importance']"
v0_072_india_sweden_joint_call_2018,Arindam Biswas,"['application', 'area', 'degree', 'department', 'doctoral degree', 'environment', 'india', 'material', 'role', 'support', 'year']"
v0_072_india_sweden_joint_call_2018,Avlokita Agrawal,"['application', 'computer science', 'department', 'doctoral degree', 'environment', 'india', 'support']"
v0_072_india_sweden_joint_call_2018,Gaurav Raheja,"['application', 'area', 'degree', 'department', 'doctoral degree', 'environment', 'india', 'support']"
v0_072_india_sweden_joint_call_2018,Harshit Sosan Lakra,['doctoral degree']
v0_072_india_sweden_joint_call_2018,Mahua Mukherjee,"['application', 'computer science', 'department', 'doctoral degree', 'environment', 'india', 'material', 'support']"
v0_072_india_sweden_joint_call_2018,Prabhjot Singh Chani,"['application', 'computer science', 'department', 'doctoral degree', 'environment', 'india', 'support', 'young researcher']"
v0_072_india_sweden_joint_call_2018,E Rajasekar,"['area', 'computer science', 'material', 'objective', 'role', 'support', 'year']"
v0_072_india_sweden_joint_call_2018,Ram Sateesh Pasupuleti,"['application', 'area', 'computer science', 'material', 'objective', 'role', 'support', 'year']"
v0_072_india_sweden_joint_call_2018,Saptarshi Kolay,"['application', 'area', 'computer science', 'degree', 'material', 'role', 'support', 'year', 'young researcher']"
v0_072_india_sweden_joint_call_2018,Shubhajit Sadhukhan,"['application', 'area', 'department', 'doctoral degree', 'environment', 'material', 'role', 'support']"
v0_072_india_sweden_joint_call_2018,Smriti Saraswat,"['application', 'degree', 'department', 'environment', 'india']"
v0_072_india_sweden_joint_call_2018,Sonal Atreya,"['application', 'area', 'degree', 'doctoral degree', 'material', 'role', 'support']"
v0_072_india_sweden_joint_call_2018,Tina Pujara,"['application', 'computer science', 'degree', 'doctoral degree']"
v0_072_india_sweden_joint_call_2018,Uttam Kumar Roy,"['application', 'department', 'doctoral degree', 'environment', 'material', 'role', 'support', 'young researcher']"
v0_072_india_sweden_joint_call_2018,V Devadas,"['application', 'area', 'department', 'environment', 'year']"
v0_072_india_sweden_joint_call_2018,Jaydev Dabas,"['application', 'area', 'doctoral degree', 'role', 'support']"
v0_072_india_sweden_joint_call_2018,Millie Pant,"['application', 'area', 'computer science', 'degree', 'department', 'doctoral degree', 'environment', 'material', 'objective', 'support']"
v0_072_india_sweden_joint_call_2018,Rajan Arora,"['application', 'degree', 'department', 'environment', 'support']"
v0_072_india_sweden_joint_call_2018,Ashwani Kumar Sharma,"['area', 'degree', 'department', 'environment', 'india', 'material', 'role']"
v0_072_india_sweden_joint_call_2018,Bijan Choudhury,"['application', 'area', 'computer science', 'degree', 'department', 'doctoral degree', 'environment', 'india', 'material', 'role', 'year']"
v0_072_india_sweden_joint_call_2018,Debabrata Sircar,"['application', 'computer science', 'material', 'objective', 'support', 'young researcher']"
v0_072_india_sweden_joint_call_2018,Deepak Sharma,"['application', 'area', 'degree', 'department', 'material', 'objective']"
v0_072_india_sweden_joint_call_2018,P Gopinath,"['application', 'degree', 'department', 'doctoral degree', 'environment', 'material', 'young researcher']"
v0_072_india_sweden_joint_call_2018,Harsh Chauhan,"['application', 'area', 'degree', 'department', 'doctoral degree', 'environment', 'india', 'role', 'support', 'year', 'young researcher']"
v0_072_india_sweden_joint_call_2018,Srinivas Kiran Ambatipudi,[]
v0_072_india_sweden_joint_call_2018,Krishna Mohan Poluri,"['area', 'degree', 'department', 'environment', 'material', 'year']"
v0_072_india_sweden_joint_call_2018,Maya S.Nair,"['application', 'computer science', 'degree', 'doctoral degree', 'support', 'young researcher']"
v0_072_india_sweden_joint_call_2018,N K Navani,"['computer science', 'degree', 'department', 'doctoral degree', 'environment', 'material', 'role', 'support']"
v0_072_india_sweden_joint_call_2018,Partha Roy,"['application', 'area', 'computer science', 'degree', 'department', 'doctoral degree', 'environment', 'role', 'support', 'year']"
v0_072_india_sweden_joint_call_2018,Poonam Choudhary,"['application', 'computer science', 'degree', 'department', 'doctoral degree', 'environment', 'material', 'objective']"
v0_072_india_sweden_joint_call_2018,Prabhat Kumar Mandal,"['application', 'computer science', 'degree', 'department', 'environment', 'objective']"
v0_072_india_sweden_joint_call_2018,Pranita P Sarangi,"['area', 'degree', 'doctoral degree', 'material', 'role', 'year']"
v0_072_india_sweden_joint_call_2018,Pravindra Kumar,"['application', 'area', 'degree', 'department', 'environment', 'role']"
v0_072_india_sweden_joint_call_2018,Prince Tiwari,"['application', 'area', 'computer science', 'degree', 'department', 'doctoral degree', 'material', 'role']"
v0_072_india_sweden_joint_call_2018,R. P. Singh,"['application', 'area', 'department', 'material', 'support', 'year']"
v0_072_india_sweden_joint_call_2018,Ramasare Prasad,"['application', 'area', 'computer science', 'department', 'environment', 'material']"
v0_072_india_sweden_joint_call_2018,Ranjana Pathania,"['application', 'computer science', 'degree', 'department', 'doctoral degree', 'environment', 'material']"
v0_072_india_sweden_joint_call_2018,Sanjoy Ghosh,"['application', 'computer science', 'department', 'environment', 'material', 'objective']"
v0_072_india_sweden_joint_call_2018,Saugata Hazra,"['computer science', 'degree', 'department', 'environment', 'material']"
v0_072_india_sweden_joint_call_2018,Shailly Tomar,"['application', 'degree', 'department', 'environment', 'material']"
v0_072_india_sweden_joint_call_2018,Shri Ram Yadav,"['application', 'computer science', 'department']"
v0_072_india_sweden_joint_call_2018,Soma Rohatgi,"['application', 'area', 'computer science', 'degree', 'material']"
v0_072_india_sweden_joint_call_2018,Sachin Suresh Tiwari,"['application', 'area', 'department', 'doctoral degree', 'india', 'objective', 'role', 'year', 'young researcher']"
v0_072_india_sweden_joint_call_2018,Jitin Singla,"['application', 'area', 'computer science', 'degree', 'support']"
v0_072_india_sweden_joint_call_2018,Rajesh Kumar,"['application', 'area', 'computer science', 'degree', 'department', 'doctoral degree', 'environment', 'india', 'material', 'year']"
v0_072_india_sweden_joint_call_2018,Akhil Upadhyay,"['computer science', 'degree', 'department', 'doctoral degree', 'environment']"
v0_073_joint_call_for_proposals___india_bulgaria_bilateral_scientific_and_technological_cooperation,Arindam Biswas,"['area', 'country', 'department', 'development', 'india', 'institute', 'material', 'priority']"
v0_073_joint_call_for_proposals___india_bulgaria_bilateral_scientific_and_technological_cooperation,Avlokita Agrawal,"['centre', 'country', 'department', 'development', 'india', 'institute']"
v0_073_joint_call_for_proposals___india_bulgaria_bilateral_scientific_and_technological_cooperation,Gaurav Raheja,"['area', 'department', 'development', 'india', 'institute']"
v0_073_joint_call_for_proposals___india_bulgaria_bilateral_scientific_and_technological_cooperation,Harshit Sosan Lakra,[]
v0_073_joint_call_for_proposals___india_bulgaria_bilateral_scientific_and_technological_cooperation,Mahua Mukherjee,"['centre', 'department', 'development', 'india', 'institute', 'material', 'priority']"
v0_073_joint_call_for_proposals___india_bulgaria_bilateral_scientific_and_technological_cooperation,Prabhjot Singh Chani,"['country', 'department', 'development', 'india', 'institute', 'member', 'priority']"
v0_073_joint_call_for_proposals___india_bulgaria_bilateral_scientific_and_technological_cooperation,E Rajasekar,"['area', 'country', 'material', 'objective', 'priority']"
v0_073_joint_call_for_proposals___india_bulgaria_bilateral_scientific_and_technological_cooperation,Ram Sateesh Pasupuleti,"['area', 'centre', 'institute', 'material', 'member', 'objective', 'priority']"
v0_073_joint_call_for_proposals___india_bulgaria_bilateral_scientific_and_technological_cooperation,Saptarshi Kolay,"['area', 'centre', 'development', 'institute', 'material', 'priority']"
v0_073_joint_call_for_proposals___india_bulgaria_bilateral_scientific_and_technological_cooperation,Shubhajit Sadhukhan,"['area', 'centre', 'country', 'department', 'development', 'material', 'member', 'priority']"
v0_073_joint_call_for_proposals___india_bulgaria_bilateral_scientific_and_technological_cooperation,Smriti Saraswat,"['centre', 'department', 'development', 'india', 'member', 'priority']"
v0_073_joint_call_for_proposals___india_bulgaria_bilateral_scientific_and_technological_cooperation,Sonal Atreya,"['area', 'centre', 'country', 'institute', 'material', 'member', 'priority']"
v0_073_joint_call_for_proposals___india_bulgaria_bilateral_scientific_and_technological_cooperation,Tina Pujara,['centre']
v0_073_joint_call_for_proposals___india_bulgaria_bilateral_scientific_and_technological_cooperation,Uttam Kumar Roy,"['department', 'material', 'priority']"
v0_073_joint_call_for_proposals___india_bulgaria_bilateral_scientific_and_technological_cooperation,V Devadas,"['area', 'centre', 'department', 'development']"
v0_073_joint_call_for_proposals___india_bulgaria_bilateral_scientific_and_technological_cooperation,Jaydev Dabas,"['area', 'institute']"
v0_073_joint_call_for_proposals___india_bulgaria_bilateral_scientific_and_technological_cooperation,Millie Pant,"['area', 'department', 'development', 'material', 'objective']"
v0_073_joint_call_for_proposals___india_bulgaria_bilateral_scientific_and_technological_cooperation,Rajan Arora,"['country', 'department', 'member']"
v0_073_joint_call_for_proposals___india_bulgaria_bilateral_scientific_and_technological_cooperation,Ashwani Kumar Sharma,"['area', 'department', 'development', 'india', 'material']"
v0_073_joint_call_for_proposals___india_bulgaria_bilateral_scientific_and_technological_cooperation,Bijan Choudhury,"['area', 'centre', 'department', 'development', 'india', 'institute', 'material', 'priority']"
v0_073_joint_call_for_proposals___india_bulgaria_bilateral_scientific_and_technological_cooperation,Debabrata Sircar,"['country', 'institute', 'material', 'objective', 'priority']"
v0_073_joint_call_for_proposals___india_bulgaria_bilateral_scientific_and_technological_cooperation,Deepak Sharma,"['area', 'country', 'department', 'institute', 'material', 'member', 'objective']"
v0_073_joint_call_for_proposals___india_bulgaria_bilateral_scientific_and_technological_cooperation,P Gopinath,"['department', 'development', 'material']"
v0_073_joint_call_for_proposals___india_bulgaria_bilateral_scientific_and_technological_cooperation,Harsh Chauhan,"['area', 'centre', 'country', 'department', 'development', 'india', 'institute']"
v0_073_joint_call_for_proposals___india_bulgaria_bilateral_scientific_and_technological_cooperation,Srinivas Kiran Ambatipudi,[]
v0_073_joint_call_for_proposals___india_bulgaria_bilateral_scientific_and_technological_cooperation,Krishna Mohan Poluri,"['area', 'centre', 'department', 'development', 'material']"
v0_073_joint_call_for_proposals___india_bulgaria_bilateral_scientific_and_technological_cooperation,Maya S.Nair,"['country', 'priority']"
v0_073_joint_call_for_proposals___india_bulgaria_bilateral_scientific_and_technological_cooperation,N K Navani,"['department', 'development', 'material']"
v0_073_joint_call_for_proposals___india_bulgaria_bilateral_scientific_and_technological_cooperation,Partha Roy,"['area', 'centre', 'department', 'development', 'institute', 'priority']"
v0_073_joint_call_for_proposals___india_bulgaria_bilateral_scientific_and_technological_cooperation,Poonam Choudhary,"['department', 'material', 'objective', 'priority']"
v0_073_joint_call_for_proposals___india_bulgaria_bilateral_scientific_and_technological_cooperation,Prabhat Kumar Mandal,"['centre', 'department', 'development', 'objective']"
v0_073_joint_call_for_proposals___india_bulgaria_bilateral_scientific_and_technological_cooperation,Pranita P Sarangi,"['area', 'institute', 'material']"
v0_073_joint_call_for_proposals___india_bulgaria_bilateral_scientific_and_technological_cooperation,Pravindra Kumar,"['area', 'department', 'development']"
v0_073_joint_call_for_proposals___india_bulgaria_bilateral_scientific_and_technological_cooperation,Prince Tiwari,"['area', 'department', 'institute', 'material', 'priority']"
v0_073_joint_call_for_proposals___india_bulgaria_bilateral_scientific_and_technological_cooperation,R. P. Singh,"['area', 'department', 'development', 'institute', 'material', 'priority']"
v0_073_joint_call_for_proposals___india_bulgaria_bilateral_scientific_and_technological_cooperation,Ramasare Prasad,"['area', 'centre', 'country', 'department', 'development', 'institute', 'material', 'priority']"
v0_073_joint_call_for_proposals___india_bulgaria_bilateral_scientific_and_technological_cooperation,Ranjana Pathania,"['department', 'development', 'institute', 'material', 'member']"
v0_073_joint_call_for_proposals___india_bulgaria_bilateral_scientific_and_technological_cooperation,Sanjoy Ghosh,"['country', 'department', 'material', 'objective']"
v0_073_joint_call_for_proposals___india_bulgaria_bilateral_scientific_and_technological_cooperation,Saugata Hazra,"['centre', 'department', 'development', 'material']"
v0_073_joint_call_for_proposals___india_bulgaria_bilateral_scientific_and_technological_cooperation,Shailly Tomar,"['department', 'development', 'material']"
v0_073_joint_call_for_proposals___india_bulgaria_bilateral_scientific_and_technological_cooperation,Shri Ram Yadav,"['centre', 'department', 'institute']"
v0_073_joint_call_for_proposals___india_bulgaria_bilateral_scientific_and_technological_cooperation,Soma Rohatgi,"['area', 'development', 'material']"
v0_073_joint_call_for_proposals___india_bulgaria_bilateral_scientific_and_technological_cooperation,Sachin Suresh Tiwari,"['area', 'centre', 'country', 'department', 'india', 'objective']"
v0_073_joint_call_for_proposals___india_bulgaria_bilateral_scientific_and_technological_cooperation,Jitin Singla,"['area', 'member']"
v0_073_joint_call_for_proposals___india_bulgaria_bilateral_scientific_and_technological_cooperation,Rajesh Kumar,"['area', 'centre', 'department', 'development', 'india', 'institute', 'material', 'priority']"
v0_073_joint_call_for_proposals___india_bulgaria_bilateral_scientific_and_technological_cooperation,Akhil Upadhyay,"['centre', 'country', 'department', 'member']"
v0_074_advertisement_for_science_and_technology_of_yoga_and_meditation_satyam,Arindam Biswas,"['aspect', 'challenge', 'department', 'investigation', 'study', 'year']"
v0_074_advertisement_for_science_and_technology_of_yoga_and_meditation_satyam,Avlokita Agrawal,"['aspect', 'department', 'investigation', 'process', 'study']"
v0_074_advertisement_for_science_and_technology_of_yoga_and_meditation_satyam,Gaurav Raheja,"['aspect', 'challenge', 'department', 'investigation', 'study']"
v0_074_advertisement_for_science_and_technology_of_yoga_and_meditation_satyam,Harshit Sosan Lakra,[]
v0_074_advertisement_for_science_and_technology_of_yoga_and_meditation_satyam,Mahua Mukherjee,"['aspect', 'department', 'effect', 'investigation', 'process', 'study']"
v0_074_advertisement_for_science_and_technology_of_yoga_and_meditation_satyam,Prabhjot Singh Chani,"['aspect', 'challenge', 'department', 'effect']"
v0_074_advertisement_for_science_and_technology_of_yoga_and_meditation_satyam,E Rajasekar,"['aspect', 'investigation', 'year']"
v0_074_advertisement_for_science_and_technology_of_yoga_and_meditation_satyam,Ram Sateesh Pasupuleti,"['challenge', 'year']"
v0_074_advertisement_for_science_and_technology_of_yoga_and_meditation_satyam,Saptarshi Kolay,"['aspect', 'challenge', 'effect', 'investigation', 'process', 'year']"
v0_074_advertisement_for_science_and_technology_of_yoga_and_meditation_satyam,Shubhajit Sadhukhan,"['department', 'investigation', 'process']"
v0_074_advertisement_for_science_and_technology_of_yoga_and_meditation_satyam,Smriti Saraswat,"['department', 'effect', 'process']"
v0_074_advertisement_for_science_and_technology_of_yoga_and_meditation_satyam,Sonal Atreya,"['aspect', 'challenge', 'investigation', 'process']"
v0_074_advertisement_for_science_and_technology_of_yoga_and_meditation_satyam,Tina Pujara,['investigation']
v0_074_advertisement_for_science_and_technology_of_yoga_and_meditation_satyam,Uttam Kumar Roy,"['department', 'process']"
v0_074_advertisement_for_science_and_technology_of_yoga_and_meditation_satyam,V Devadas,"['aspect', 'department', 'effect', 'investigation', 'study', 'year']"
v0_074_advertisement_for_science_and_technology_of_yoga_and_meditation_satyam,Jaydev Dabas,"['aspect', 'investigation', 'process']"
v0_074_advertisement_for_science_and_technology_of_yoga_and_meditation_satyam,Millie Pant,"['aspect', 'department', 'effect', 'investigation', 'process', 'study']"
v0_074_advertisement_for_science_and_technology_of_yoga_and_meditation_satyam,Rajan Arora,"['aspect', 'department', 'effect', 'investigation']"
v0_074_advertisement_for_science_and_technology_of_yoga_and_meditation_satyam,Ashwani Kumar Sharma,"['department', 'process']"
v0_074_advertisement_for_science_and_technology_of_yoga_and_meditation_satyam,Bijan Choudhury,"['department', 'investigation', 'year']"
v0_074_advertisement_for_science_and_technology_of_yoga_and_meditation_satyam,Debabrata Sircar,"['aspect', 'investigation', 'process', 'study']"
v0_074_advertisement_for_science_and_technology_of_yoga_and_meditation_satyam,Deepak Sharma,"['challenge', 'department', 'investigation', 'process', 'study']"
v0_074_advertisement_for_science_and_technology_of_yoga_and_meditation_satyam,P Gopinath,"['challenge', 'department']"
v0_074_advertisement_for_science_and_technology_of_yoga_and_meditation_satyam,Harsh Chauhan,"['aspect', 'department', 'investigation', 'process', 'study', 'year']"
v0_074_advertisement_for_science_and_technology_of_yoga_and_meditation_satyam,Srinivas Kiran Ambatipudi,[]
v0_074_advertisement_for_science_and_technology_of_yoga_and_meditation_satyam,Krishna Mohan Poluri,"['department', 'investigation', 'year']"
v0_074_advertisement_for_science_and_technology_of_yoga_and_meditation_satyam,Maya S.Nair,"['aspect', 'challenge', 'effect', 'investigation', 'process']"
v0_074_advertisement_for_science_and_technology_of_yoga_and_meditation_satyam,N K Navani,"['aspect', 'department', 'investigation', 'process']"
v0_074_advertisement_for_science_and_technology_of_yoga_and_meditation_satyam,Partha Roy,"['aspect', 'challenge', 'department', 'investigation', 'year']"
v0_074_advertisement_for_science_and_technology_of_yoga_and_meditation_satyam,Poonam Choudhary,"['challenge', 'department', 'effect', 'investigation', 'process', 'study']"
v0_074_advertisement_for_science_and_technology_of_yoga_and_meditation_satyam,Prabhat Kumar Mandal,"['aspect', 'challenge', 'department', 'investigation', 'process']"
v0_074_advertisement_for_science_and_technology_of_yoga_and_meditation_satyam,Pranita P Sarangi,"['process', 'year']"
v0_074_advertisement_for_science_and_technology_of_yoga_and_meditation_satyam,Pravindra Kumar,"['department', 'study']"
v0_074_advertisement_for_science_and_technology_of_yoga_and_meditation_satyam,Prince Tiwari,"['challenge', 'department', 'investigation', 'process']"
v0_074_advertisement_for_science_and_technology_of_yoga_and_meditation_satyam,R. P. Singh,"['department', 'investigation', 'year']"
v0_074_advertisement_for_science_and_technology_of_yoga_and_meditation_satyam,Ramasare Prasad,"['department', 'investigation', 'process', 'study']"
v0_074_advertisement_for_science_and_technology_of_yoga_and_meditation_satyam,Ranjana Pathania,['department']
v0_074_advertisement_for_science_and_technology_of_yoga_and_meditation_satyam,Sanjoy Ghosh,"['challenge', 'department', 'investigation', 'process', 'study']"
v0_074_advertisement_for_science_and_technology_of_yoga_and_meditation_satyam,Saugata Hazra,"['department', 'investigation', 'study']"
v0_074_advertisement_for_science_and_technology_of_yoga_and_meditation_satyam,Shailly Tomar,"['department', 'process']"
v0_074_advertisement_for_science_and_technology_of_yoga_and_meditation_satyam,Shri Ram Yadav,"['department', 'investigation']"
v0_074_advertisement_for_science_and_technology_of_yoga_and_meditation_satyam,Soma Rohatgi,"['aspect', 'effect', 'investigation']"
v0_074_advertisement_for_science_and_technology_of_yoga_and_meditation_satyam,Sachin Suresh Tiwari,"['challenge', 'department', 'investigation', 'process', 'year']"
v0_074_advertisement_for_science_and_technology_of_yoga_and_meditation_satyam,Jitin Singla,"['investigation', 'process']"
v0_074_advertisement_for_science_and_technology_of_yoga_and_meditation_satyam,Rajesh Kumar,"['aspect', 'department', 'effect', 'investigation', 'process', 'study', 'year']"
v0_074_advertisement_for_science_and_technology_of_yoga_and_meditation_satyam,Akhil Upadhyay,"['challenge', 'department', 'investigation', 'process', 'study']"
v0_075_call_for_proposals_for_optimal_water_use_in_industrial_sector_water_conservation_water_use_efficiency_waste_water_recovery_utilization_of_residues,Arindam Biswas,"['challenge', 'country', 'demand', 'department', 'design', 'development', 'india', 'need', 'resource', 'situation']"
v0_075_call_for_proposals_for_optimal_water_use_in_industrial_sector_water_conservation_water_use_efficiency_waste_water_recovery_utilization_of_residues,Avlokita Agrawal,"['adoption', 'country', 'department', 'development', 'india', 'major', 'need', 'population', 'resource', 'situation', 'solution']"
v0_075_call_for_proposals_for_optimal_water_use_in_industrial_sector_water_conservation_water_use_efficiency_waste_water_recovery_utilization_of_residues,Gaurav Raheja,"['challenge', 'department', 'design', 'development', 'india', 'need', 'population', 'resource', 'situation', 'solution']"
v0_075_call_for_proposals_for_optimal_water_use_in_industrial_sector_water_conservation_water_use_efficiency_waste_water_recovery_utilization_of_residues,Harshit Sosan Lakra,[]
v0_075_call_for_proposals_for_optimal_water_use_in_industrial_sector_water_conservation_water_use_efficiency_waste_water_recovery_utilization_of_residues,Mahua Mukherjee,"['adoption', 'demand', 'department', 'design', 'development', 'india', 'population', 'situation', 'solution']"
v0_075_call_for_proposals_for_optimal_water_use_in_industrial_sector_water_conservation_water_use_efficiency_waste_water_recovery_utilization_of_residues,Prabhjot Singh Chani,"['challenge', 'country', 'department', 'development', 'efficiency', 'india', 'major', 'population', 'situation', 'solution']"
v0_075_call_for_proposals_for_optimal_water_use_in_industrial_sector_water_conservation_water_use_efficiency_waste_water_recovery_utilization_of_residues,E Rajasekar,"['adoption', 'country', 'demand', 'design', 'major', 'objective', 'resource', 'situation', 'solution']"
v0_075_call_for_proposals_for_optimal_water_use_in_industrial_sector_water_conservation_water_use_efficiency_waste_water_recovery_utilization_of_residues,Ram Sateesh Pasupuleti,"['adoption', 'challenge', 'major', 'objective', 'population', 'situation', 'solution', 'work']"
v0_075_call_for_proposals_for_optimal_water_use_in_industrial_sector_water_conservation_water_use_efficiency_waste_water_recovery_utilization_of_residues,Saptarshi Kolay,"['challenge', 'demand', 'design', 'development', 'resource', 'situation', 'use', 'work']"
v0_075_call_for_proposals_for_optimal_water_use_in_industrial_sector_water_conservation_water_use_efficiency_waste_water_recovery_utilization_of_residues,Shubhajit Sadhukhan,"['country', 'demand', 'department', 'development', 'population', 'resource', 'situation', 'use', 'work']"
v0_075_call_for_proposals_for_optimal_water_use_in_industrial_sector_water_conservation_water_use_efficiency_waste_water_recovery_utilization_of_residues,Smriti Saraswat,"['demand', 'department', 'development', 'india', 'population', 'resource', 'solution', 'use', 'work']"
v0_075_call_for_proposals_for_optimal_water_use_in_industrial_sector_water_conservation_water_use_efficiency_waste_water_recovery_utilization_of_residues,Sonal Atreya,"['adoption', 'challenge', 'country', 'demand', 'major', 'population', 'resource', 'situation', 'solution', 'use', 'work']"
v0_075_call_for_proposals_for_optimal_water_use_in_industrial_sector_water_conservation_water_use_efficiency_waste_water_recovery_utilization_of_residues,Tina Pujara,"['adoption', 'design', 'major', 'population', 'situation', 'solution', 'use']"
v0_075_call_for_proposals_for_optimal_water_use_in_industrial_sector_water_conservation_water_use_efficiency_waste_water_recovery_utilization_of_residues,Uttam Kumar Roy,"['adoption', 'department', 'design', 'major', 'population', 'resource', 'situation', 'work']"
v0_075_call_for_proposals_for_optimal_water_use_in_industrial_sector_water_conservation_water_use_efficiency_waste_water_recovery_utilization_of_residues,V Devadas,"['adoption', 'demand', 'department', 'design', 'development', 'population', 'resource', 'situation', 'solution', 'use', 'work']"
v0_075_call_for_proposals_for_optimal_water_use_in_industrial_sector_water_conservation_water_use_efficiency_waste_water_recovery_utilization_of_residues,Jaydev Dabas,"['adoption', 'design', 'efficiency', 'major', 'population', 'situation', 'solution', 'work']"
v0_075_call_for_proposals_for_optimal_water_use_in_industrial_sector_water_conservation_water_use_efficiency_waste_water_recovery_utilization_of_residues,Millie Pant,"['adoption', 'demand', 'department', 'development', 'efficiency', 'objective', 'population', 'situation']"
v0_075_call_for_proposals_for_optimal_water_use_in_industrial_sector_water_conservation_water_use_efficiency_waste_water_recovery_utilization_of_residues,Rajan Arora,"['adoption', 'country', 'department', 'major', 'population', 'situation', 'solution', 'work']"
v0_075_call_for_proposals_for_optimal_water_use_in_industrial_sector_water_conservation_water_use_efficiency_waste_water_recovery_utilization_of_residues,Ashwani Kumar Sharma,"['demand', 'department', 'design', 'development', 'india', 'major', 'population']"
v0_075_call_for_proposals_for_optimal_water_use_in_industrial_sector_water_conservation_water_use_efficiency_waste_water_recovery_utilization_of_residues,Bijan Choudhury,"['demand', 'department', 'design', 'development', 'india', 'situation', 'solution', 'work']"
v0_075_call_for_proposals_for_optimal_water_use_in_industrial_sector_water_conservation_water_use_efficiency_waste_water_recovery_utilization_of_residues,Debabrata Sircar,"['adoption', 'country', 'demand', 'objective', 'population', 'resource', 'situation']"
v0_075_call_for_proposals_for_optimal_water_use_in_industrial_sector_water_conservation_water_use_efficiency_waste_water_recovery_utilization_of_residues,Deepak Sharma,"['adoption', 'challenge', 'country', 'department', 'major', 'objective', 'population', 'resource', 'situation', 'solution']"
v0_075_call_for_proposals_for_optimal_water_use_in_industrial_sector_water_conservation_water_use_efficiency_waste_water_recovery_utilization_of_residues,P Gopinath,"['challenge', 'department', 'development', 'population', 'use']"
v0_075_call_for_proposals_for_optimal_water_use_in_industrial_sector_water_conservation_water_use_efficiency_waste_water_recovery_utilization_of_residues,Harsh Chauhan,"['country', 'demand', 'department', 'development', 'india', 'need', 'population', 'situation', 'use']"
v0_075_call_for_proposals_for_optimal_water_use_in_industrial_sector_water_conservation_water_use_efficiency_waste_water_recovery_utilization_of_residues,Srinivas Kiran Ambatipudi,[]
v0_075_call_for_proposals_for_optimal_water_use_in_industrial_sector_water_conservation_water_use_efficiency_waste_water_recovery_utilization_of_residues,Krishna Mohan Poluri,"['demand', 'department', 'design', 'development', 'need', 'resource', 'situation']"
v0_075_call_for_proposals_for_optimal_water_use_in_industrial_sector_water_conservation_water_use_efficiency_waste_water_recovery_utilization_of_residues,Maya S.Nair,"['adoption', 'challenge', 'country', 'demand', 'major', 'need', 'population', 'resource', 'situation', 'work']"
v0_075_call_for_proposals_for_optimal_water_use_in_industrial_sector_water_conservation_water_use_efficiency_waste_water_recovery_utilization_of_residues,N K Navani,"['demand', 'department', 'development', 'population', 'situation', 'use']"
v0_075_call_for_proposals_for_optimal_water_use_in_industrial_sector_water_conservation_water_use_efficiency_waste_water_recovery_utilization_of_residues,Partha Roy,"['adoption', 'challenge', 'demand', 'department', 'design', 'development', 'population', 'situation', 'solution']"
v0_075_call_for_proposals_for_optimal_water_use_in_industrial_sector_water_conservation_water_use_efficiency_waste_water_recovery_utilization_of_residues,Poonam Choudhary,"['adoption', 'challenge', 'demand', 'department', 'design', 'major', 'objective', 'population', 'resource', 'situation', 'solution', 'use', 'work']"
v0_075_call_for_proposals_for_optimal_water_use_in_industrial_sector_water_conservation_water_use_efficiency_waste_water_recovery_utilization_of_residues,Prabhat Kumar Mandal,"['adoption', 'challenge', 'department', 'development', 'major', 'objective', 'population', 'resource', 'situation', 'solution']"
v0_075_call_for_proposals_for_optimal_water_use_in_industrial_sector_water_conservation_water_use_efficiency_waste_water_recovery_utilization_of_residues,Pranita P Sarangi,['resource']
v0_075_call_for_proposals_for_optimal_water_use_in_industrial_sector_water_conservation_water_use_efficiency_waste_water_recovery_utilization_of_residues,Pravindra Kumar,"['adoption', 'demand', 'department', 'development', 'major', 'population', 'solution', 'use']"
v0_075_call_for_proposals_for_optimal_water_use_in_industrial_sector_water_conservation_water_use_efficiency_waste_water_recovery_utilization_of_residues,Prince Tiwari,"['adoption', 'challenge', 'department', 'design', 'efficiency', 'major', 'situation', 'use']"
v0_075_call_for_proposals_for_optimal_water_use_in_industrial_sector_water_conservation_water_use_efficiency_waste_water_recovery_utilization_of_residues,R. P. Singh,"['demand', 'department', 'design', 'development', 'major', 'situation', 'work']"
v0_075_call_for_proposals_for_optimal_water_use_in_industrial_sector_water_conservation_water_use_efficiency_waste_water_recovery_utilization_of_residues,Ramasare Prasad,"['adoption', 'country', 'department', 'development', 'major', 'population', 'situation', 'solution']"
v0_075_call_for_proposals_for_optimal_water_use_in_industrial_sector_water_conservation_water_use_efficiency_waste_water_recovery_utilization_of_residues,Ranjana Pathania,"['adoption', 'department', 'design', 'development', 'efficiency', 'population', 'situation', 'solution']"
v0_075_call_for_proposals_for_optimal_water_use_in_industrial_sector_water_conservation_water_use_efficiency_waste_water_recovery_utilization_of_residues,Sanjoy Ghosh,"['adoption', 'challenge', 'country', 'department', 'need', 'objective', 'population', 'situation', 'solution']"
v0_075_call_for_proposals_for_optimal_water_use_in_industrial_sector_water_conservation_water_use_efficiency_waste_water_recovery_utilization_of_residues,Saugata Hazra,"['department', 'design', 'development', 'resource', 'situation']"
v0_075_call_for_proposals_for_optimal_water_use_in_industrial_sector_water_conservation_water_use_efficiency_waste_water_recovery_utilization_of_residues,Shailly Tomar,"['demand', 'department', 'development', 'resource', 'solution']"
v0_075_call_for_proposals_for_optimal_water_use_in_industrial_sector_water_conservation_water_use_efficiency_waste_water_recovery_utilization_of_residues,Shri Ram Yadav,"['adoption', 'department', 'population', 'situation', 'work']"
v0_075_call_for_proposals_for_optimal_water_use_in_industrial_sector_water_conservation_water_use_efficiency_waste_water_recovery_utilization_of_residues,Soma Rohatgi,"['development', 'efficiency', 'major', 'need', 'resource', 'situation', 'work']"
v0_075_call_for_proposals_for_optimal_water_use_in_industrial_sector_water_conservation_water_use_efficiency_waste_water_recovery_utilization_of_residues,Sachin Suresh Tiwari,"['adoption', 'challenge', 'country', 'demand', 'department', 'efficiency', 'india', 'need', 'objective', 'population', 'resource', 'situation', 'solution', 'use', 'work']"
v0_075_call_for_proposals_for_optimal_water_use_in_industrial_sector_water_conservation_water_use_efficiency_waste_water_recovery_utilization_of_residues,Jitin Singla,"['adoption', 'population', 'situation', 'solution', 'work']"
v0_075_call_for_proposals_for_optimal_water_use_in_industrial_sector_water_conservation_water_use_efficiency_waste_water_recovery_utilization_of_residues,Rajesh Kumar,"['adoption', 'demand', 'department', 'design', 'development', 'efficiency', 'india', 'major', 'population', 'resource', 'situation', 'solution']"
v0_075_call_for_proposals_for_optimal_water_use_in_industrial_sector_water_conservation_water_use_efficiency_waste_water_recovery_utilization_of_residues,Akhil Upadhyay,"['challenge', 'country', 'department', 'design', 'efficiency', 'resource', 'situation', 'solution']"
v0_076_call___indo_australia_fund_for_scientific_and_technological_cooperation_indo_aisrf_round_11,Arindam Biswas,"['application', 'area', 'country', 'department', 'increase', 'india', 'priority', 'support']"
v0_076_call___indo_australia_fund_for_scientific_and_technological_cooperation_indo_aisrf_round_11,Avlokita Agrawal,"['application', 'country', 'department', 'increase', 'india', 'support', 'system']"
v0_076_call___indo_australia_fund_for_scientific_and_technological_cooperation_indo_aisrf_round_11,Gaurav Raheja,"['application', 'area', 'department', 'financial support', 'india', 'support']"
v0_076_call___indo_australia_fund_for_scientific_and_technological_cooperation_indo_aisrf_round_11,Harshit Sosan Lakra,[]
v0_076_call___indo_australia_fund_for_scientific_and_technological_cooperation_indo_aisrf_round_11,Mahua Mukherjee,"['application', 'department', 'increase', 'india', 'priority', 'support', 'system']"
v0_076_call___indo_australia_fund_for_scientific_and_technological_cooperation_indo_aisrf_round_11,Prabhjot Singh Chani,"['application', 'country', 'department', 'increase', 'india', 'priority', 'range', 'support']"
v0_076_call___indo_australia_fund_for_scientific_and_technological_cooperation_indo_aisrf_round_11,E Rajasekar,"['area', 'country', 'increase', 'objective', 'priority', 'support']"
v0_076_call___indo_australia_fund_for_scientific_and_technological_cooperation_indo_aisrf_round_11,Ram Sateesh Pasupuleti,"['application', 'area', 'financial support', 'increase', 'objective', 'priority', 'support', 'system']"
v0_076_call___indo_australia_fund_for_scientific_and_technological_cooperation_indo_aisrf_round_11,Saptarshi Kolay,"['application', 'area', 'financial support', 'increase', 'priority', 'range', 'support']"
v0_076_call___indo_australia_fund_for_scientific_and_technological_cooperation_indo_aisrf_round_11,Shubhajit Sadhukhan,"['application', 'area', 'country', 'department', 'priority', 'round', 'support']"
v0_076_call___indo_australia_fund_for_scientific_and_technological_cooperation_indo_aisrf_round_11,Smriti Saraswat,"['application', 'department', 'financial support', 'increase', 'india', 'priority', 'range']"
v0_076_call___indo_australia_fund_for_scientific_and_technological_cooperation_indo_aisrf_round_11,Sonal Atreya,"['application', 'area', 'country', 'financial support', 'priority', 'round', 'support', 'system']"
v0_076_call___indo_australia_fund_for_scientific_and_technological_cooperation_indo_aisrf_round_11,Tina Pujara,"['application', 'financial support', 'range', 'round', 'system']"
v0_076_call___indo_australia_fund_for_scientific_and_technological_cooperation_indo_aisrf_round_11,Uttam Kumar Roy,"['application', 'department', 'financial support', 'increase', 'priority', 'support']"
v0_076_call___indo_australia_fund_for_scientific_and_technological_cooperation_indo_aisrf_round_11,V Devadas,"['application', 'area', 'department', 'increase', 'range', 'round', 'system']"
v0_076_call___indo_australia_fund_for_scientific_and_technological_cooperation_indo_aisrf_round_11,Jaydev Dabas,"['application', 'area', 'support']"
v0_076_call___indo_australia_fund_for_scientific_and_technological_cooperation_indo_aisrf_round_11,Millie Pant,"['application', 'area', 'department', 'financial support', 'objective', 'range', 'support']"
v0_076_call___indo_australia_fund_for_scientific_and_technological_cooperation_indo_aisrf_round_11,Rajan Arora,"['application', 'country', 'department', 'support']"
v0_076_call___indo_australia_fund_for_scientific_and_technological_cooperation_indo_aisrf_round_11,Ashwani Kumar Sharma,"['area', 'department', 'financial support', 'increase', 'india', 'system']"
v0_076_call___indo_australia_fund_for_scientific_and_technological_cooperation_indo_aisrf_round_11,Bijan Choudhury,"['application', 'area', 'department', 'financial support', 'increase', 'india', 'priority']"
v0_076_call___indo_australia_fund_for_scientific_and_technological_cooperation_indo_aisrf_round_11,Debabrata Sircar,"['application', 'country', 'financial support', 'increase', 'objective', 'priority', 'support', 'system']"
v0_076_call___indo_australia_fund_for_scientific_and_technological_cooperation_indo_aisrf_round_11,Deepak Sharma,"['application', 'area', 'country', 'department', 'financial support', 'increase', 'objective']"
v0_076_call___indo_australia_fund_for_scientific_and_technological_cooperation_indo_aisrf_round_11,P Gopinath,"['application', 'department', 'range', 'round', 'system']"
v0_076_call___indo_australia_fund_for_scientific_and_technological_cooperation_indo_aisrf_round_11,Harsh Chauhan,"['application', 'area', 'country', 'department', 'india', 'round', 'support']"
v0_076_call___indo_australia_fund_for_scientific_and_technological_cooperation_indo_aisrf_round_11,Srinivas Kiran Ambatipudi,[]
v0_076_call___indo_australia_fund_for_scientific_and_technological_cooperation_indo_aisrf_round_11,Krishna Mohan Poluri,"['area', 'department', 'range', 'round', 'system']"
v0_076_call___indo_australia_fund_for_scientific_and_technological_cooperation_indo_aisrf_round_11,Maya S.Nair,"['application', 'country', 'priority', 'range', 'support']"
v0_076_call___indo_australia_fund_for_scientific_and_technological_cooperation_indo_aisrf_round_11,N K Navani,"['department', 'financial support', 'increase', 'range', 'support']"
v0_076_call___indo_australia_fund_for_scientific_and_technological_cooperation_indo_aisrf_round_11,Partha Roy,"['application', 'area', 'department', 'increase', 'priority', 'range', 'support']"
v0_076_call___indo_australia_fund_for_scientific_and_technological_cooperation_indo_aisrf_round_11,Poonam Choudhary,"['application', 'department', 'financial support', 'objective', 'priority', 'range']"
v0_076_call___indo_australia_fund_for_scientific_and_technological_cooperation_indo_aisrf_round_11,Prabhat Kumar Mandal,"['application', 'department', 'objective', 'system']"
v0_076_call___indo_australia_fund_for_scientific_and_technological_cooperation_indo_aisrf_round_11,Pranita P Sarangi,"['area', 'increase']"
v0_076_call___indo_australia_fund_for_scientific_and_technological_cooperation_indo_aisrf_round_11,Pravindra Kumar,"['application', 'area', 'department', 'system']"
v0_076_call___indo_australia_fund_for_scientific_and_technological_cooperation_indo_aisrf_round_11,Prince Tiwari,"['application', 'area', 'department', 'financial support', 'priority', 'range', 'system']"
v0_076_call___indo_australia_fund_for_scientific_and_technological_cooperation_indo_aisrf_round_11,R. P. Singh,"['application', 'area', 'department', 'financial support', 'increase', 'priority', 'support']"
v0_076_call___indo_australia_fund_for_scientific_and_technological_cooperation_indo_aisrf_round_11,Ramasare Prasad,"['application', 'area', 'country', 'department', 'financial support', 'priority']"
v0_076_call___indo_australia_fund_for_scientific_and_technological_cooperation_indo_aisrf_round_11,Ranjana Pathania,"['application', 'department', 'financial support', 'increase', 'range']"
v0_076_call___indo_australia_fund_for_scientific_and_technological_cooperation_indo_aisrf_round_11,Sanjoy Ghosh,"['application', 'country', 'department', 'financial support', 'increase', 'objective']"
v0_076_call___indo_australia_fund_for_scientific_and_technological_cooperation_indo_aisrf_round_11,Saugata Hazra,"['department', 'financial support', 'system']"
v0_076_call___indo_australia_fund_for_scientific_and_technological_cooperation_indo_aisrf_round_11,Shailly Tomar,"['application', 'department', 'round']"
v0_076_call___indo_australia_fund_for_scientific_and_technological_cooperation_indo_aisrf_round_11,Shri Ram Yadav,"['application', 'department', 'range', 'system']"
v0_076_call___indo_australia_fund_for_scientific_and_technological_cooperation_indo_aisrf_round_11,Soma Rohatgi,"['application', 'area', 'increase', 'range']"
v0_076_call___indo_australia_fund_for_scientific_and_technological_cooperation_indo_aisrf_round_11,Sachin Suresh Tiwari,"['application', 'area', 'country', 'department', 'increase', 'india', 'objective', 'range', 'round']"
v0_076_call___indo_australia_fund_for_scientific_and_technological_cooperation_indo_aisrf_round_11,Jitin Singla,"['application', 'area', 'financial support', 'range', 'round', 'support']"
v0_076_call___indo_australia_fund_for_scientific_and_technological_cooperation_indo_aisrf_round_11,Rajesh Kumar,"['application', 'area', 'department', 'increase', 'india', 'priority', 'range', 'round']"
v0_076_call___indo_australia_fund_for_scientific_and_technological_cooperation_indo_aisrf_round_11,Akhil Upadhyay,"['country', 'department', 'range']"
v0_077_india___ukieri_call_for_proposal,Arindam Biswas,"['building', 'capacity building', 'country', 'department', 'development', 'india', 'outcome', 'resource']"
v0_077_india___ukieri_call_for_proposal,Avlokita Agrawal,"['building', 'capacity building', 'country', 'department', 'development', 'education sector', 'india', 'outcome', 'resource']"
v0_077_india___ukieri_call_for_proposal,Gaurav Raheja,"['department', 'development', 'education sector', 'india', 'resource']"
v0_077_india___ukieri_call_for_proposal,Harshit Sosan Lakra,['outcome']
v0_077_india___ukieri_call_for_proposal,Mahua Mukherjee,"['building', 'department', 'development', 'education sector', 'india']"
v0_077_india___ukieri_call_for_proposal,Prabhjot Singh Chani,"['country', 'department', 'development', 'education sector', 'india']"
v0_077_india___ukieri_call_for_proposal,E Rajasekar,"['building', 'capacity building', 'country', 'education sector', 'resource']"
v0_077_india___ukieri_call_for_proposal,Ram Sateesh Pasupuleti,['education sector']
v0_077_india___ukieri_call_for_proposal,Saptarshi Kolay,"['building', 'capacity building', 'development', 'education sector', 'resource']"
v0_077_india___ukieri_call_for_proposal,Shubhajit Sadhukhan,"['country', 'department', 'development', 'education sector', 'resource']"
v0_077_india___ukieri_call_for_proposal,Smriti Saraswat,"['building', 'capacity building', 'department', 'development', 'education sector', 'india', 'outcome', 'resource']"
v0_077_india___ukieri_call_for_proposal,Sonal Atreya,"['country', 'resource']"
v0_077_india___ukieri_call_for_proposal,Tina Pujara,"['education sector', 'outcome']"
v0_077_india___ukieri_call_for_proposal,Uttam Kumar Roy,"['building', 'capacity building', 'department', 'education sector', 'outcome', 'resource']"
v0_077_india___ukieri_call_for_proposal,V Devadas,"['department', 'development', 'education sector', 'resource']"
v0_077_india___ukieri_call_for_proposal,Jaydev Dabas,"['education sector', 'outcome']"
v0_077_india___ukieri_call_for_proposal,Millie Pant,"['department', 'development', 'education sector']"
v0_077_india___ukieri_call_for_proposal,Rajan Arora,"['country', 'department', 'education sector']"
v0_077_india___ukieri_call_for_proposal,Ashwani Kumar Sharma,"['department', 'development', 'education sector', 'india']"
v0_077_india___ukieri_call_for_proposal,Bijan Choudhury,"['department', 'development', 'education sector', 'india']"
v0_077_india___ukieri_call_for_proposal,Debabrata Sircar,"['country', 'resource']"
v0_077_india___ukieri_call_for_proposal,Deepak Sharma,"['capacity building', 'country', 'department', 'education sector', 'resource']"
v0_077_india___ukieri_call_for_proposal,P Gopinath,"['department', 'development', 'education sector']"
v0_077_india___ukieri_call_for_proposal,Harsh Chauhan,"['country', 'department', 'development', 'education sector', 'india']"
v0_077_india___ukieri_call_for_proposal,Srinivas Kiran Ambatipudi,[]
v0_077_india___ukieri_call_for_proposal,Krishna Mohan Poluri,"['department', 'development', 'outcome', 'resource']"
v0_077_india___ukieri_call_for_proposal,Maya S.Nair,"['country', 'education sector', 'resource']"
v0_077_india___ukieri_call_for_proposal,N K Navani,"['department', 'development']"
v0_077_india___ukieri_call_for_proposal,Partha Roy,"['department', 'development', 'education sector', 'outcome']"
v0_077_india___ukieri_call_for_proposal,Poonam Choudhary,"['department', 'education sector', 'resource']"
v0_077_india___ukieri_call_for_proposal,Prabhat Kumar Mandal,"['department', 'development', 'education sector', 'resource']"
v0_077_india___ukieri_call_for_proposal,Pranita P Sarangi,['resource']
v0_077_india___ukieri_call_for_proposal,Pravindra Kumar,"['department', 'development', 'education sector']"
v0_077_india___ukieri_call_for_proposal,Prince Tiwari,"['department', 'outcome']"
v0_077_india___ukieri_call_for_proposal,R. P. Singh,"['department', 'development', 'education sector']"
v0_077_india___ukieri_call_for_proposal,Ramasare Prasad,"['country', 'department', 'development', 'education sector']"
v0_077_india___ukieri_call_for_proposal,Ranjana Pathania,"['department', 'development']"
v0_077_india___ukieri_call_for_proposal,Sanjoy Ghosh,"['country', 'department', 'education sector']"
v0_077_india___ukieri_call_for_proposal,Saugata Hazra,"['department', 'development', 'education sector', 'resource']"
v0_077_india___ukieri_call_for_proposal,Shailly Tomar,"['department', 'development', 'resource']"
v0_077_india___ukieri_call_for_proposal,Shri Ram Yadav,['department']
v0_077_india___ukieri_call_for_proposal,Soma Rohatgi,"['development', 'resource']"
v0_077_india___ukieri_call_for_proposal,Sachin Suresh Tiwari,"['country', 'department', 'education sector', 'india', 'resource']"
v0_077_india___ukieri_call_for_proposal,Jitin Singla,['education sector']
v0_077_india___ukieri_call_for_proposal,Rajesh Kumar,"['department', 'development', 'education sector', 'india', 'resource']"
v0_077_india___ukieri_call_for_proposal,Akhil Upadhyay,"['building', 'capacity building', 'country', 'department', 'education sector', 'resource']"
v0_078_india_science_and_research_fellowship_programme,Arindam Biswas,"['area', 'building', 'capacity building', 'country', 'department', 'development', 'india', 'material', 'opportunity', 'resource', 'strength', 'year']"
v0_078_india_science_and_research_fellowship_programme,Avlokita Agrawal,"['building', 'capacity building', 'century', 'country', 'department', 'development', 'india', 'resource']"
v0_078_india_science_and_research_fellowship_programme,Gaurav Raheja,"['area', 'department', 'development', 'india', 'resource']"
v0_078_india_science_and_research_fellowship_programme,Harshit Sosan Lakra,[]
v0_078_india_science_and_research_fellowship_programme,Mahua Mukherjee,"['building', 'century', 'department', 'development', 'india', 'material', 'opportunity']"
v0_078_india_science_and_research_fellowship_programme,Prabhjot Singh Chani,"['century', 'country', 'department', 'development', 'india']"
v0_078_india_science_and_research_fellowship_programme,E Rajasekar,"['area', 'building', 'capacity building', 'country', 'material', 'resource', 'strength', 'year']"
v0_078_india_science_and_research_fellowship_programme,Ram Sateesh Pasupuleti,"['area', 'material', 'opportunity', 'year']"
v0_078_india_science_and_research_fellowship_programme,Saptarshi Kolay,"['area', 'building', 'capacity building', 'development', 'material', 'opportunity', 'resource', 'strength', 'year']"
v0_078_india_science_and_research_fellowship_programme,Shubhajit Sadhukhan,"['area', 'century', 'country', 'department', 'development', 'material', 'opportunity', 'resource']"
v0_078_india_science_and_research_fellowship_programme,Smriti Saraswat,"['building', 'capacity building', 'department', 'development', 'india', 'resource']"
v0_078_india_science_and_research_fellowship_programme,Sonal Atreya,"['area', 'century', 'country', 'material', 'resource', 'strength']"
v0_078_india_science_and_research_fellowship_programme,Tina Pujara,[]
v0_078_india_science_and_research_fellowship_programme,Uttam Kumar Roy,"['building', 'capacity building', 'department', 'material', 'opportunity', 'resource']"
v0_078_india_science_and_research_fellowship_programme,V Devadas,"['area', 'department', 'development', 'opportunity', 'resource', 'year']"
v0_078_india_science_and_research_fellowship_programme,Jaydev Dabas,['area']
v0_078_india_science_and_research_fellowship_programme,Millie Pant,"['area', 'century', 'department', 'development', 'material', 'strength']"
v0_078_india_science_and_research_fellowship_programme,Rajan Arora,"['country', 'department']"
v0_078_india_science_and_research_fellowship_programme,Ashwani Kumar Sharma,"['area', 'department', 'development', 'india', 'material']"
v0_078_india_science_and_research_fellowship_programme,Bijan Choudhury,"['area', 'department', 'development', 'india', 'material', 'opportunity', 'strength', 'year']"
v0_078_india_science_and_research_fellowship_programme,Debabrata Sircar,"['century', 'country', 'material', 'opportunity', 'resource']"
v0_078_india_science_and_research_fellowship_programme,Deepak Sharma,"['area', 'capacity building', 'century', 'country', 'department', 'material', 'resource']"
v0_078_india_science_and_research_fellowship_programme,P Gopinath,"['department', 'development', 'material', 'strength']"
v0_078_india_science_and_research_fellowship_programme,Harsh Chauhan,"['area', 'century', 'country', 'department', 'development', 'india', 'opportunity', 'year']"
v0_078_india_science_and_research_fellowship_programme,Srinivas Kiran Ambatipudi,[]
v0_078_india_science_and_research_fellowship_programme,Krishna Mohan Poluri,"['area', 'department', 'development', 'material', 'resource', 'year']"
v0_078_india_science_and_research_fellowship_programme,Maya S.Nair,"['country', 'opportunity', 'resource']"
v0_078_india_science_and_research_fellowship_programme,N K Navani,"['department', 'development', 'material']"
v0_078_india_science_and_research_fellowship_programme,Partha Roy,"['area', 'department', 'development', 'year']"
v0_078_india_science_and_research_fellowship_programme,Poonam Choudhary,"['century', 'department', 'material', 'opportunity', 'resource']"
v0_078_india_science_and_research_fellowship_programme,Prabhat Kumar Mandal,"['century', 'department', 'development', 'resource', 'strength']"
v0_078_india_science_and_research_fellowship_programme,Pranita P Sarangi,"['area', 'material', 'resource', 'year']"
v0_078_india_science_and_research_fellowship_programme,Pravindra Kumar,"['area', 'department', 'development']"
v0_078_india_science_and_research_fellowship_programme,Prince Tiwari,"['area', 'department', 'material', 'strength']"
v0_078_india_science_and_research_fellowship_programme,R. P. Singh,"['area', 'department', 'development', 'material', 'opportunity', 'strength', 'year']"
v0_078_india_science_and_research_fellowship_programme,Ramasare Prasad,"['area', 'century', 'country', 'department', 'development', 'material', 'strength']"
v0_078_india_science_and_research_fellowship_programme,Ranjana Pathania,"['department', 'development', 'material']"
v0_078_india_science_and_research_fellowship_programme,Sanjoy Ghosh,"['century', 'country', 'department', 'material']"
v0_078_india_science_and_research_fellowship_programme,Saugata Hazra,"['century', 'department', 'development', 'material', 'opportunity', 'resource']"
v0_078_india_science_and_research_fellowship_programme,Shailly Tomar,"['department', 'development', 'material', 'resource']"
v0_078_india_science_and_research_fellowship_programme,Shri Ram Yadav,"['century', 'department']"
v0_078_india_science_and_research_fellowship_programme,Soma Rohatgi,"['area', 'development', 'material', 'resource']"
v0_078_india_science_and_research_fellowship_programme,Sachin Suresh Tiwari,"['area', 'country', 'department', 'india', 'opportunity', 'resource', 'strength', 'year']"
v0_078_india_science_and_research_fellowship_programme,Jitin Singla,['area']
v0_078_india_science_and_research_fellowship_programme,Rajesh Kumar,"['area', 'century', 'department', 'development', 'india', 'material', 'resource', 'strength', 'year']"
v0_078_india_science_and_research_fellowship_programme,Akhil Upadhyay,"['building', 'capacity building', 'century', 'country', 'department', 'resource', 'strength']"
v0_079_indo_german_science__technology_centre_igstc_announces_call_for_grant_applications_for_indo_german_r__d_partnership_on_research_projects_with_industrial_relevance,Arindam Biswas,"['application', 'area', 'country', 'department', 'india', 'institute', 'mean', 'step', 'strength', 'support', 'year']"
v0_079_indo_german_science__technology_centre_igstc_announces_call_for_grant_applications_for_indo_german_r__d_partnership_on_research_projects_with_industrial_relevance,Avlokita Agrawal,"['application', 'centre', 'country', 'department', 'india', 'institute', 'process', 'support']"
v0_079_indo_german_science__technology_centre_igstc_announces_call_for_grant_applications_for_indo_german_r__d_partnership_on_research_projects_with_industrial_relevance,Gaurav Raheja,"['application', 'area', 'department', 'india', 'institute', 'mean', 'process technology', 'support']"
v0_079_indo_german_science__technology_centre_igstc_announces_call_for_grant_applications_for_indo_german_r__d_partnership_on_research_projects_with_industrial_relevance,Harshit Sosan Lakra,[]
v0_079_indo_german_science__technology_centre_igstc_announces_call_for_grant_applications_for_indo_german_r__d_partnership_on_research_projects_with_industrial_relevance,Mahua Mukherjee,"['application', 'centre', 'department', 'india', 'institute', 'mean', 'process', 'step', 'support']"
v0_079_indo_german_science__technology_centre_igstc_announces_call_for_grant_applications_for_indo_german_r__d_partnership_on_research_projects_with_industrial_relevance,Prabhjot Singh Chani,"['application', 'country', 'department', 'india', 'institute', 'support']"
v0_079_indo_german_science__technology_centre_igstc_announces_call_for_grant_applications_for_indo_german_r__d_partnership_on_research_projects_with_industrial_relevance,E Rajasekar,"['area', 'country', 'mean', 'step', 'strength', 'support', 'year']"
v0_079_indo_german_science__technology_centre_igstc_announces_call_for_grant_applications_for_indo_german_r__d_partnership_on_research_projects_with_industrial_relevance,Ram Sateesh Pasupuleti,"['application', 'area', 'centre', 'institute', 'mean', 'process technology', 'support', 'year']"
v0_079_indo_german_science__technology_centre_igstc_announces_call_for_grant_applications_for_indo_german_r__d_partnership_on_research_projects_with_industrial_relevance,Saptarshi Kolay,"['application', 'area', 'centre', 'form', 'institute', 'mean', 'process', 'step', 'strength', 'support', 'year']"
v0_079_indo_german_science__technology_centre_igstc_announces_call_for_grant_applications_for_indo_german_r__d_partnership_on_research_projects_with_industrial_relevance,Shubhajit Sadhukhan,"['application', 'area', 'centre', 'country', 'department', 'process', 'process technology', 'support']"
v0_079_indo_german_science__technology_centre_igstc_announces_call_for_grant_applications_for_indo_german_r__d_partnership_on_research_projects_with_industrial_relevance,Smriti Saraswat,"['application', 'centre', 'department', 'india', 'mean', 'process']"
v0_079_indo_german_science__technology_centre_igstc_announces_call_for_grant_applications_for_indo_german_r__d_partnership_on_research_projects_with_industrial_relevance,Sonal Atreya,"['application', 'area', 'centre', 'country', 'form', 'institute', 'process', 'step', 'strength', 'support']"
v0_079_indo_german_science__technology_centre_igstc_announces_call_for_grant_applications_for_indo_german_r__d_partnership_on_research_projects_with_industrial_relevance,Tina Pujara,"['application', 'centre']"
v0_079_indo_german_science__technology_centre_igstc_announces_call_for_grant_applications_for_indo_german_r__d_partnership_on_research_projects_with_industrial_relevance,Uttam Kumar Roy,"['application', 'department', 'process', 'support']"
v0_079_indo_german_science__technology_centre_igstc_announces_call_for_grant_applications_for_indo_german_r__d_partnership_on_research_projects_with_industrial_relevance,V Devadas,"['application', 'area', 'centre', 'department', 'form', 'mean', 'step', 'year']"
v0_079_indo_german_science__technology_centre_igstc_announces_call_for_grant_applications_for_indo_german_r__d_partnership_on_research_projects_with_industrial_relevance,Jaydev Dabas,"['application', 'area', 'form', 'institute', 'process', 'support']"
v0_079_indo_german_science__technology_centre_igstc_announces_call_for_grant_applications_for_indo_german_r__d_partnership_on_research_projects_with_industrial_relevance,Millie Pant,"['application', 'area', 'department', 'mean', 'process', 'step', 'strength', 'support']"
v0_079_indo_german_science__technology_centre_igstc_announces_call_for_grant_applications_for_indo_german_r__d_partnership_on_research_projects_with_industrial_relevance,Rajan Arora,"['application', 'country', 'department', 'form', 'process technology', 'support']"
v0_079_indo_german_science__technology_centre_igstc_announces_call_for_grant_applications_for_indo_german_r__d_partnership_on_research_projects_with_industrial_relevance,Ashwani Kumar Sharma,"['area', 'department', 'india', 'mean', 'process', 'process technology', 'step']"
v0_079_indo_german_science__technology_centre_igstc_announces_call_for_grant_applications_for_indo_german_r__d_partnership_on_research_projects_with_industrial_relevance,Bijan Choudhury,"['application', 'area', 'centre', 'department', 'india', 'institute', 'mean', 'process technology', 'strength', 'year']"
v0_079_indo_german_science__technology_centre_igstc_announces_call_for_grant_applications_for_indo_german_r__d_partnership_on_research_projects_with_industrial_relevance,Debabrata Sircar,"['application', 'country', 'institute', 'process', 'support']"
v0_079_indo_german_science__technology_centre_igstc_announces_call_for_grant_applications_for_indo_german_r__d_partnership_on_research_projects_with_industrial_relevance,Deepak Sharma,"['application', 'area', 'country', 'department', 'institute', 'process']"
v0_079_indo_german_science__technology_centre_igstc_announces_call_for_grant_applications_for_indo_german_r__d_partnership_on_research_projects_with_industrial_relevance,P Gopinath,"['application', 'department', 'step', 'strength']"
v0_079_indo_german_science__technology_centre_igstc_announces_call_for_grant_applications_for_indo_german_r__d_partnership_on_research_projects_with_industrial_relevance,Harsh Chauhan,"['application', 'area', 'centre', 'country', 'department', 'india', 'institute', 'mean', 'process', 'support', 'year']"
v0_079_indo_german_science__technology_centre_igstc_announces_call_for_grant_applications_for_indo_german_r__d_partnership_on_research_projects_with_industrial_relevance,Srinivas Kiran Ambatipudi,[]
v0_079_indo_german_science__technology_centre_igstc_announces_call_for_grant_applications_for_indo_german_r__d_partnership_on_research_projects_with_industrial_relevance,Krishna Mohan Poluri,"['area', 'centre', 'department', 'mean', 'year']"
v0_079_indo_german_science__technology_centre_igstc_announces_call_for_grant_applications_for_indo_german_r__d_partnership_on_research_projects_with_industrial_relevance,Maya S.Nair,"['application', 'country', 'form', 'mean', 'process', 'support']"
v0_079_indo_german_science__technology_centre_igstc_announces_call_for_grant_applications_for_indo_german_r__d_partnership_on_research_projects_with_industrial_relevance,N K Navani,"['department', 'mean', 'process', 'support']"
v0_079_indo_german_science__technology_centre_igstc_announces_call_for_grant_applications_for_indo_german_r__d_partnership_on_research_projects_with_industrial_relevance,Partha Roy,"['application', 'area', 'centre', 'department', 'institute', 'mean', 'support', 'year']"
v0_079_indo_german_science__technology_centre_igstc_announces_call_for_grant_applications_for_indo_german_r__d_partnership_on_research_projects_with_industrial_relevance,Poonam Choudhary,"['application', 'department', 'process', 'process technology']"
v0_079_indo_german_science__technology_centre_igstc_announces_call_for_grant_applications_for_indo_german_r__d_partnership_on_research_projects_with_industrial_relevance,Prabhat Kumar Mandal,"['application', 'centre', 'department', 'process', 'strength']"
v0_079_indo_german_science__technology_centre_igstc_announces_call_for_grant_applications_for_indo_german_r__d_partnership_on_research_projects_with_industrial_relevance,Pranita P Sarangi,"['area', 'institute', 'mean', 'process', 'process technology', 'year']"
v0_079_indo_german_science__technology_centre_igstc_announces_call_for_grant_applications_for_indo_german_r__d_partnership_on_research_projects_with_industrial_relevance,Pravindra Kumar,"['application', 'area', 'department', 'step']"
v0_079_indo_german_science__technology_centre_igstc_announces_call_for_grant_applications_for_indo_german_r__d_partnership_on_research_projects_with_industrial_relevance,Prince Tiwari,"['application', 'area', 'department', 'institute', 'process', 'process technology', 'step', 'strength']"
v0_079_indo_german_science__technology_centre_igstc_announces_call_for_grant_applications_for_indo_german_r__d_partnership_on_research_projects_with_industrial_relevance,R. P. Singh,"['application', 'area', 'department', 'form', 'institute', 'mean', 'strength', 'support', 'year']"
v0_079_indo_german_science__technology_centre_igstc_announces_call_for_grant_applications_for_indo_german_r__d_partnership_on_research_projects_with_industrial_relevance,Ramasare Prasad,"['application', 'area', 'centre', 'country', 'department', 'institute', 'process', 'strength']"
v0_079_indo_german_science__technology_centre_igstc_announces_call_for_grant_applications_for_indo_german_r__d_partnership_on_research_projects_with_industrial_relevance,Ranjana Pathania,"['application', 'department', 'institute', 'process technology']"
v0_079_indo_german_science__technology_centre_igstc_announces_call_for_grant_applications_for_indo_german_r__d_partnership_on_research_projects_with_industrial_relevance,Sanjoy Ghosh,"['application', 'country', 'department', 'process', 'step']"
v0_079_indo_german_science__technology_centre_igstc_announces_call_for_grant_applications_for_indo_german_r__d_partnership_on_research_projects_with_industrial_relevance,Saugata Hazra,"['centre', 'department']"
v0_079_indo_german_science__technology_centre_igstc_announces_call_for_grant_applications_for_indo_german_r__d_partnership_on_research_projects_with_industrial_relevance,Shailly Tomar,"['application', 'department', 'process', 'process technology']"
v0_079_indo_german_science__technology_centre_igstc_announces_call_for_grant_applications_for_indo_german_r__d_partnership_on_research_projects_with_industrial_relevance,Shri Ram Yadav,"['application', 'centre', 'department', 'form', 'institute']"
v0_079_indo_german_science__technology_centre_igstc_announces_call_for_grant_applications_for_indo_german_r__d_partnership_on_research_projects_with_industrial_relevance,Soma Rohatgi,"['application', 'area']"
v0_079_indo_german_science__technology_centre_igstc_announces_call_for_grant_applications_for_indo_german_r__d_partnership_on_research_projects_with_industrial_relevance,Sachin Suresh Tiwari,"['application', 'area', 'centre', 'country', 'department', 'form', 'india', 'mean', 'process', 'step', 'strength', 'year']"
v0_079_indo_german_science__technology_centre_igstc_announces_call_for_grant_applications_for_indo_german_r__d_partnership_on_research_projects_with_industrial_relevance,Jitin Singla,"['application', 'area', 'mean', 'process', 'process technology', 'support']"
v0_079_indo_german_science__technology_centre_igstc_announces_call_for_grant_applications_for_indo_german_r__d_partnership_on_research_projects_with_industrial_relevance,Rajesh Kumar,"['application', 'area', 'centre', 'department', 'india', 'institute', 'process', 'process technology', 'strength', 'year']"
v0_079_indo_german_science__technology_centre_igstc_announces_call_for_grant_applications_for_indo_german_r__d_partnership_on_research_projects_with_industrial_relevance,Akhil Upadhyay,"['centre', 'country', 'department', 'process', 'strength']"
v0_080_special_call_for_proposals_under_scheduled_castes_sc_and_scheduled_tribes_st_category_under_icps_programme,Arindam Biswas,"['application', 'building', 'department', 'india', 'institute', 'machine learning', 'student']"
v0_080_special_call_for_proposals_under_scheduled_castes_sc_and_scheduled_tribes_st_category_under_icps_programme,Avlokita Agrawal,"['application', 'building', 'department', 'india', 'institute', 'machine learning', 'student', 'system']"
v0_080_special_call_for_proposals_under_scheduled_castes_sc_and_scheduled_tribes_st_category_under_icps_programme,Gaurav Raheja,"['application', 'artificial intelligence', 'department', 'india', 'institute']"
v0_080_special_call_for_proposals_under_scheduled_castes_sc_and_scheduled_tribes_st_category_under_icps_programme,Harshit Sosan Lakra,[]
v0_080_special_call_for_proposals_under_scheduled_castes_sc_and_scheduled_tribes_st_category_under_icps_programme,Mahua Mukherjee,"['application', 'artificial intelligence', 'building', 'department', 'india', 'institute', 'level', 'machine learning', 'student', 'system']"
v0_080_special_call_for_proposals_under_scheduled_castes_sc_and_scheduled_tribes_st_category_under_icps_programme,Prabhjot Singh Chani,"['application', 'department', 'india', 'institute', 'machine learning']"
v0_080_special_call_for_proposals_under_scheduled_castes_sc_and_scheduled_tribes_st_category_under_icps_programme,E Rajasekar,['building']
v0_080_special_call_for_proposals_under_scheduled_castes_sc_and_scheduled_tribes_st_category_under_icps_programme,Ram Sateesh Pasupuleti,"['application', 'artificial intelligence', 'institute', 'system']"
v0_080_special_call_for_proposals_under_scheduled_castes_sc_and_scheduled_tribes_st_category_under_icps_programme,Saptarshi Kolay,"['application', 'artificial intelligence', 'building', 'institute', 'machine learning', 'student']"
v0_080_special_call_for_proposals_under_scheduled_castes_sc_and_scheduled_tribes_st_category_under_icps_programme,Shubhajit Sadhukhan,"['application', 'department', 'level']"
v0_080_special_call_for_proposals_under_scheduled_castes_sc_and_scheduled_tribes_st_category_under_icps_programme,Smriti Saraswat,"['application', 'building', 'department', 'india', 'level']"
v0_080_special_call_for_proposals_under_scheduled_castes_sc_and_scheduled_tribes_st_category_under_icps_programme,Sonal Atreya,"['application', 'artificial intelligence', 'institute', 'machine learning', 'student', 'system']"
v0_080_special_call_for_proposals_under_scheduled_castes_sc_and_scheduled_tribes_st_category_under_icps_programme,Tina Pujara,"['application', 'artificial intelligence', 'student', 'system']"
v0_080_special_call_for_proposals_under_scheduled_castes_sc_and_scheduled_tribes_st_category_under_icps_programme,Uttam Kumar Roy,"['application', 'artificial intelligence', 'building', 'department']"
v0_080_special_call_for_proposals_under_scheduled_castes_sc_and_scheduled_tribes_st_category_under_icps_programme,V Devadas,"['application', 'department', 'machine learning', 'system']"
v0_080_special_call_for_proposals_under_scheduled_castes_sc_and_scheduled_tribes_st_category_under_icps_programme,Jaydev Dabas,"['application', 'artificial intelligence', 'institute', 'student']"
v0_080_special_call_for_proposals_under_scheduled_castes_sc_and_scheduled_tribes_st_category_under_icps_programme,Millie Pant,"['application', 'artificial intelligence', 'department', 'student']"
v0_080_special_call_for_proposals_under_scheduled_castes_sc_and_scheduled_tribes_st_category_under_icps_programme,Rajan Arora,"['application', 'artificial intelligence', 'department', 'student']"
v0_080_special_call_for_proposals_under_scheduled_castes_sc_and_scheduled_tribes_st_category_under_icps_programme,Ashwani Kumar Sharma,"['department', 'india', 'system']"
v0_080_special_call_for_proposals_under_scheduled_castes_sc_and_scheduled_tribes_st_category_under_icps_programme,Bijan Choudhury,"['application', 'department', 'india', 'institute', 'student']"
v0_080_special_call_for_proposals_under_scheduled_castes_sc_and_scheduled_tribes_st_category_under_icps_programme,Debabrata Sircar,"['application', 'artificial intelligence', 'institute', 'machine learning', 'student', 'system']"
v0_080_special_call_for_proposals_under_scheduled_castes_sc_and_scheduled_tribes_st_category_under_icps_programme,Deepak Sharma,"['application', 'artificial intelligence', 'department', 'institute', 'machine learning', 'student']"
v0_080_special_call_for_proposals_under_scheduled_castes_sc_and_scheduled_tribes_st_category_under_icps_programme,P Gopinath,"['application', 'department', 'system']"
v0_080_special_call_for_proposals_under_scheduled_castes_sc_and_scheduled_tribes_st_category_under_icps_programme,Harsh Chauhan,"['application', 'department', 'india', 'institute', 'machine learning', 'student']"
v0_080_special_call_for_proposals_under_scheduled_castes_sc_and_scheduled_tribes_st_category_under_icps_programme,Srinivas Kiran Ambatipudi,[]
v0_080_special_call_for_proposals_under_scheduled_castes_sc_and_scheduled_tribes_st_category_under_icps_programme,Krishna Mohan Poluri,"['artificial intelligence', 'department', 'system']"
v0_080_special_call_for_proposals_under_scheduled_castes_sc_and_scheduled_tribes_st_category_under_icps_programme,Maya S.Nair,['application']
v0_080_special_call_for_proposals_under_scheduled_castes_sc_and_scheduled_tribes_st_category_under_icps_programme,N K Navani,['department']
v0_080_special_call_for_proposals_under_scheduled_castes_sc_and_scheduled_tribes_st_category_under_icps_programme,Partha Roy,"['application', 'department', 'institute', 'machine learning']"
v0_080_special_call_for_proposals_under_scheduled_castes_sc_and_scheduled_tribes_st_category_under_icps_programme,Poonam Choudhary,"['application', 'department', 'student']"
v0_080_special_call_for_proposals_under_scheduled_castes_sc_and_scheduled_tribes_st_category_under_icps_programme,Prabhat Kumar Mandal,"['application', 'department', 'level', 'system']"
v0_080_special_call_for_proposals_under_scheduled_castes_sc_and_scheduled_tribes_st_category_under_icps_programme,Pranita P Sarangi,['institute']
v0_080_special_call_for_proposals_under_scheduled_castes_sc_and_scheduled_tribes_st_category_under_icps_programme,Pravindra Kumar,"['application', 'department', 'system']"
v0_080_special_call_for_proposals_under_scheduled_castes_sc_and_scheduled_tribes_st_category_under_icps_programme,Prince Tiwari,"['application', 'artificial intelligence', 'department', 'institute', 'machine learning', 'student', 'system']"
v0_080_special_call_for_proposals_under_scheduled_castes_sc_and_scheduled_tribes_st_category_under_icps_programme,R. P. Singh,"['application', 'department', 'institute', 'level', 'machine learning', 'student']"
v0_080_special_call_for_proposals_under_scheduled_castes_sc_and_scheduled_tribes_st_category_under_icps_programme,Ramasare Prasad,"['application', 'artificial intelligence', 'department', 'institute', 'student']"
v0_080_special_call_for_proposals_under_scheduled_castes_sc_and_scheduled_tribes_st_category_under_icps_programme,Ranjana Pathania,"['application', 'artificial intelligence', 'department', 'institute', 'level', 'machine learning']"
v0_080_special_call_for_proposals_under_scheduled_castes_sc_and_scheduled_tribes_st_category_under_icps_programme,Sanjoy Ghosh,"['application', 'department', 'level', 'machine learning']"
v0_080_special_call_for_proposals_under_scheduled_castes_sc_and_scheduled_tribes_st_category_under_icps_programme,Saugata Hazra,"['artificial intelligence', 'department', 'level', 'student', 'system']"
v0_080_special_call_for_proposals_under_scheduled_castes_sc_and_scheduled_tribes_st_category_under_icps_programme,Shailly Tomar,"['application', 'department']"
v0_080_special_call_for_proposals_under_scheduled_castes_sc_and_scheduled_tribes_st_category_under_icps_programme,Shri Ram Yadav,"['application', 'department', 'institute', 'student', 'system']"
v0_080_special_call_for_proposals_under_scheduled_castes_sc_and_scheduled_tribes_st_category_under_icps_programme,Soma Rohatgi,"['application', 'artificial intelligence']"
v0_080_special_call_for_proposals_under_scheduled_castes_sc_and_scheduled_tribes_st_category_under_icps_programme,Sachin Suresh Tiwari,"['application', 'artificial intelligence', 'department', 'india', 'machine learning', 'student']"
v0_080_special_call_for_proposals_under_scheduled_castes_sc_and_scheduled_tribes_st_category_under_icps_programme,Jitin Singla,"['application', 'artificial intelligence', 'machine learning']"
v0_080_special_call_for_proposals_under_scheduled_castes_sc_and_scheduled_tribes_st_category_under_icps_programme,Rajesh Kumar,"['application', 'department', 'india', 'institute', 'machine learning', 'student']"
v0_080_special_call_for_proposals_under_scheduled_castes_sc_and_scheduled_tribes_st_category_under_icps_programme,Akhil Upadhyay,"['building', 'department', 'machine learning']"
v0_081_call___indo_norway_joint_research_projects_in_st,Arindam Biswas,"['application', 'area', 'country', 'department', 'environment', 'india', 'material', 'resource', 'result']"
v0_081_call___indo_norway_joint_research_projects_in_st,Avlokita Agrawal,"['application', 'country', 'department', 'environment', 'impact', 'importance', 'india', 'resource']"
v0_081_call___indo_norway_joint_research_projects_in_st,Gaurav Raheja,"['application', 'area', 'department', 'environment', 'field', 'india', 'resource', 'result']"
v0_081_call___indo_norway_joint_research_projects_in_st,Harshit Sosan Lakra,[]
v0_081_call___indo_norway_joint_research_projects_in_st,Mahua Mukherjee,"['application', 'department', 'environment', 'india', 'material']"
v0_081_call___indo_norway_joint_research_projects_in_st,Prabhjot Singh Chani,"['application', 'country', 'department', 'environment', 'importance', 'india', 'ongoing']"
v0_081_call___indo_norway_joint_research_projects_in_st,E Rajasekar,"['area', 'country', 'impact', 'importance', 'material', 'objective', 'resource', 'result']"
v0_081_call___indo_norway_joint_research_projects_in_st,Ram Sateesh Pasupuleti,"['application', 'area', 'importance', 'material', 'objective']"
v0_081_call___indo_norway_joint_research_projects_in_st,Saptarshi Kolay,"['application', 'area', 'importance', 'material', 'ongoing', 'resource', 'result']"
v0_081_call___indo_norway_joint_research_projects_in_st,Shubhajit Sadhukhan,"['application', 'area', 'country', 'department', 'environment', 'impact', 'importance', 'material', 'resource']"
v0_081_call___indo_norway_joint_research_projects_in_st,Smriti Saraswat,"['application', 'department', 'environment', 'importance', 'india', 'resource', 'result']"
v0_081_call___indo_norway_joint_research_projects_in_st,Sonal Atreya,"['application', 'area', 'country', 'impact', 'importance', 'material', 'resource', 'result']"
v0_081_call___indo_norway_joint_research_projects_in_st,Tina Pujara,"['application', 'impact', 'importance']"
v0_081_call___indo_norway_joint_research_projects_in_st,Uttam Kumar Roy,"['application', 'department', 'environment', 'importance', 'material', 'resource', 'result']"
v0_081_call___indo_norway_joint_research_projects_in_st,V Devadas,"['application', 'area', 'department', 'environment', 'impact', 'importance', 'resource', 'result']"
v0_081_call___indo_norway_joint_research_projects_in_st,Jaydev Dabas,"['application', 'area', 'importance', 'result']"
v0_081_call___indo_norway_joint_research_projects_in_st,Millie Pant,"['application', 'area', 'department', 'environment', 'material', 'objective']"
v0_081_call___indo_norway_joint_research_projects_in_st,Rajan Arora,"['application', 'country', 'department', 'environment', 'field']"
v0_081_call___indo_norway_joint_research_projects_in_st,Ashwani Kumar Sharma,"['area', 'department', 'environment', 'india', 'material']"
v0_081_call___indo_norway_joint_research_projects_in_st,Bijan Choudhury,"['application', 'area', 'department', 'environment', 'impact', 'importance', 'india', 'material']"
v0_081_call___indo_norway_joint_research_projects_in_st,Debabrata Sircar,"['application', 'country', 'importance', 'material', 'objective', 'resource']"
v0_081_call___indo_norway_joint_research_projects_in_st,Deepak Sharma,"['application', 'area', 'country', 'department', 'material', 'objective', 'ongoing', 'resource']"
v0_081_call___indo_norway_joint_research_projects_in_st,P Gopinath,"['application', 'department', 'environment', 'impact', 'importance', 'material']"
v0_081_call___indo_norway_joint_research_projects_in_st,Harsh Chauhan,"['application', 'area', 'country', 'department', 'environment', 'field', 'india', 'ongoing']"
v0_081_call___indo_norway_joint_research_projects_in_st,Srinivas Kiran Ambatipudi,[]
v0_081_call___indo_norway_joint_research_projects_in_st,Krishna Mohan Poluri,"['area', 'department', 'environment', 'field', 'importance', 'material', 'resource', 'result']"
v0_081_call___indo_norway_joint_research_projects_in_st,Maya S.Nair,"['application', 'country', 'impact', 'importance', 'resource']"
v0_081_call___indo_norway_joint_research_projects_in_st,N K Navani,"['department', 'environment', 'importance', 'material']"
v0_081_call___indo_norway_joint_research_projects_in_st,Partha Roy,"['application', 'area', 'department', 'environment', 'impact']"
v0_081_call___indo_norway_joint_research_projects_in_st,Poonam Choudhary,"['application', 'department', 'environment', 'material', 'objective', 'resource']"
v0_081_call___indo_norway_joint_research_projects_in_st,Prabhat Kumar Mandal,"['application', 'department', 'environment', 'importance', 'objective', 'ongoing', 'resource']"
v0_081_call___indo_norway_joint_research_projects_in_st,Pranita P Sarangi,"['area', 'material', 'resource']"
v0_081_call___indo_norway_joint_research_projects_in_st,Pravindra Kumar,"['application', 'area', 'department', 'environment', 'importance', 'result']"
v0_081_call___indo_norway_joint_research_projects_in_st,Prince Tiwari,"['application', 'area', 'department', 'importance', 'material']"
v0_081_call___indo_norway_joint_research_projects_in_st,R. P. Singh,"['application', 'area', 'department', 'field', 'material', 'ongoing']"
v0_081_call___indo_norway_joint_research_projects_in_st,Ramasare Prasad,"['application', 'area', 'country', 'department', 'environment', 'material', 'result']"
v0_081_call___indo_norway_joint_research_projects_in_st,Ranjana Pathania,"['application', 'department', 'environment', 'importance', 'material']"
v0_081_call___indo_norway_joint_research_projects_in_st,Sanjoy Ghosh,"['application', 'country', 'department', 'environment', 'field', 'impact', 'importance', 'material', 'objective']"
v0_081_call___indo_norway_joint_research_projects_in_st,Saugata Hazra,"['department', 'environment', 'field', 'importance', 'material', 'resource']"
v0_081_call___indo_norway_joint_research_projects_in_st,Shailly Tomar,"['application', 'department', 'environment', 'material', 'ongoing', 'resource']"
v0_081_call___indo_norway_joint_research_projects_in_st,Shri Ram Yadav,"['application', 'department', 'impact', 'importance']"
v0_081_call___indo_norway_joint_research_projects_in_st,Soma Rohatgi,"['application', 'area', 'impact', 'importance', 'material', 'resource', 'result']"
v0_081_call___indo_norway_joint_research_projects_in_st,Sachin Suresh Tiwari,"['application', 'area', 'country', 'department', 'india', 'objective', 'resource']"
v0_081_call___indo_norway_joint_research_projects_in_st,Jitin Singla,"['application', 'area', 'importance']"
v0_081_call___indo_norway_joint_research_projects_in_st,Rajesh Kumar,"['application', 'area', 'department', 'environment', 'field', 'india', 'material', 'resource']"
v0_081_call___indo_norway_joint_research_projects_in_st,Akhil Upadhyay,"['country', 'department', 'environment', 'importance', 'resource']"
v0_082_call_for_nomination_workshop_on_design_and_evaluation_of_innovation_policies_with_a_specific_focus_on_scientometrics,Arindam Biswas,"['country', 'department', 'design', 'edition', 'indian institute', 'institute', 'need']"
v0_082_call_for_nomination_workshop_on_design_and_evaluation_of_innovation_policies_with_a_specific_focus_on_scientometrics,Avlokita Agrawal,"['centre', 'country', 'department', 'edition', 'indian institute', 'institute', 'model', 'need', 'survey']"
v0_082_call_for_nomination_workshop_on_design_and_evaluation_of_innovation_policies_with_a_specific_focus_on_scientometrics,Gaurav Raheja,"['department', 'design', 'edition', 'indian institute', 'institute', 'need']"
v0_082_call_for_nomination_workshop_on_design_and_evaluation_of_innovation_policies_with_a_specific_focus_on_scientometrics,Harshit Sosan Lakra,[]
v0_082_call_for_nomination_workshop_on_design_and_evaluation_of_innovation_policies_with_a_specific_focus_on_scientometrics,Mahua Mukherjee,"['centre', 'department', 'design', 'edition', 'indian institute', 'institute']"
v0_082_call_for_nomination_workshop_on_design_and_evaluation_of_innovation_policies_with_a_specific_focus_on_scientometrics,Prabhjot Singh Chani,"['country', 'department', 'edition', 'indian institute', 'institute']"
v0_082_call_for_nomination_workshop_on_design_and_evaluation_of_innovation_policies_with_a_specific_focus_on_scientometrics,E Rajasekar,"['country', 'design', 'edition']"
v0_082_call_for_nomination_workshop_on_design_and_evaluation_of_innovation_policies_with_a_specific_focus_on_scientometrics,Ram Sateesh Pasupuleti,"['centre', 'edition', 'indian institute', 'institute']"
v0_082_call_for_nomination_workshop_on_design_and_evaluation_of_innovation_policies_with_a_specific_focus_on_scientometrics,Saptarshi Kolay,"['centre', 'design', 'edition', 'form', 'iisc bengaluru', 'indian institute', 'institute', 'survey']"
v0_082_call_for_nomination_workshop_on_design_and_evaluation_of_innovation_policies_with_a_specific_focus_on_scientometrics,Shubhajit Sadhukhan,"['centre', 'country', 'department', 'edition', 'survey']"
v0_082_call_for_nomination_workshop_on_design_and_evaluation_of_innovation_policies_with_a_specific_focus_on_scientometrics,Smriti Saraswat,"['centre', 'department', 'edition', 'iisc bengaluru', 'survey']"
v0_082_call_for_nomination_workshop_on_design_and_evaluation_of_innovation_policies_with_a_specific_focus_on_scientometrics,Sonal Atreya,"['centre', 'country', 'edition', 'form', 'indian institute', 'institute', 'survey']"
v0_082_call_for_nomination_workshop_on_design_and_evaluation_of_innovation_policies_with_a_specific_focus_on_scientometrics,Tina Pujara,"['centre', 'design', 'edition', 'model']"
v0_082_call_for_nomination_workshop_on_design_and_evaluation_of_innovation_policies_with_a_specific_focus_on_scientometrics,Uttam Kumar Roy,"['department', 'design', 'edition', 'survey']"
v0_082_call_for_nomination_workshop_on_design_and_evaluation_of_innovation_policies_with_a_specific_focus_on_scientometrics,V Devadas,"['centre', 'department', 'design', 'edition', 'form', 'survey']"
v0_082_call_for_nomination_workshop_on_design_and_evaluation_of_innovation_policies_with_a_specific_focus_on_scientometrics,Jaydev Dabas,"['design', 'edition', 'form', 'institute']"
v0_082_call_for_nomination_workshop_on_design_and_evaluation_of_innovation_policies_with_a_specific_focus_on_scientometrics,Millie Pant,"['department', 'edition']"
v0_082_call_for_nomination_workshop_on_design_and_evaluation_of_innovation_policies_with_a_specific_focus_on_scientometrics,Rajan Arora,"['country', 'department', 'edition', 'form', 'model']"
v0_082_call_for_nomination_workshop_on_design_and_evaluation_of_innovation_policies_with_a_specific_focus_on_scientometrics,Ashwani Kumar Sharma,"['department', 'design', 'indian institute']"
v0_082_call_for_nomination_workshop_on_design_and_evaluation_of_innovation_policies_with_a_specific_focus_on_scientometrics,Bijan Choudhury,"['centre', 'department', 'design', 'edition', 'indian institute', 'institute', 'model']"
v0_082_call_for_nomination_workshop_on_design_and_evaluation_of_innovation_policies_with_a_specific_focus_on_scientometrics,Debabrata Sircar,"['country', 'edition', 'iisc bengaluru', 'indian institute', 'institute', 'survey']"
v0_082_call_for_nomination_workshop_on_design_and_evaluation_of_innovation_policies_with_a_specific_focus_on_scientometrics,Deepak Sharma,"['country', 'department', 'edition', 'indian institute', 'institute', 'model', 'survey']"
v0_082_call_for_nomination_workshop_on_design_and_evaluation_of_innovation_policies_with_a_specific_focus_on_scientometrics,P Gopinath,"['department', 'edition', 'iisc bengaluru']"
v0_082_call_for_nomination_workshop_on_design_and_evaluation_of_innovation_policies_with_a_specific_focus_on_scientometrics,Harsh Chauhan,"['centre', 'country', 'department', 'edition', 'indian institute', 'institute', 'need', 'survey']"
v0_082_call_for_nomination_workshop_on_design_and_evaluation_of_innovation_policies_with_a_specific_focus_on_scientometrics,Srinivas Kiran Ambatipudi,[]
v0_082_call_for_nomination_workshop_on_design_and_evaluation_of_innovation_policies_with_a_specific_focus_on_scientometrics,Krishna Mohan Poluri,"['centre', 'department', 'design', 'need']"
v0_082_call_for_nomination_workshop_on_design_and_evaluation_of_innovation_policies_with_a_specific_focus_on_scientometrics,Maya S.Nair,"['country', 'edition', 'form', 'need']"
v0_082_call_for_nomination_workshop_on_design_and_evaluation_of_innovation_policies_with_a_specific_focus_on_scientometrics,N K Navani,['department']
v0_082_call_for_nomination_workshop_on_design_and_evaluation_of_innovation_policies_with_a_specific_focus_on_scientometrics,Partha Roy,"['centre', 'department', 'design', 'edition', 'indian institute', 'institute']"
v0_082_call_for_nomination_workshop_on_design_and_evaluation_of_innovation_policies_with_a_specific_focus_on_scientometrics,Poonam Choudhary,"['department', 'design', 'edition', 'survey']"
v0_082_call_for_nomination_workshop_on_design_and_evaluation_of_innovation_policies_with_a_specific_focus_on_scientometrics,Prabhat Kumar Mandal,"['centre', 'department', 'edition']"
v0_082_call_for_nomination_workshop_on_design_and_evaluation_of_innovation_policies_with_a_specific_focus_on_scientometrics,Pranita P Sarangi,"['indian institute', 'institute']"
v0_082_call_for_nomination_workshop_on_design_and_evaluation_of_innovation_policies_with_a_specific_focus_on_scientometrics,Pravindra Kumar,"['department', 'model', 'survey']"
v0_082_call_for_nomination_workshop_on_design_and_evaluation_of_innovation_policies_with_a_specific_focus_on_scientometrics,Prince Tiwari,"['department', 'design', 'edition', 'institute', 'model']"
v0_082_call_for_nomination_workshop_on_design_and_evaluation_of_innovation_policies_with_a_specific_focus_on_scientometrics,R. P. Singh,"['department', 'design', 'edition', 'form', 'institute']"
v0_082_call_for_nomination_workshop_on_design_and_evaluation_of_innovation_policies_with_a_specific_focus_on_scientometrics,Ramasare Prasad,"['centre', 'country', 'department', 'indian institute', 'institute']"
v0_082_call_for_nomination_workshop_on_design_and_evaluation_of_innovation_policies_with_a_specific_focus_on_scientometrics,Ranjana Pathania,"['department', 'design', 'edition', 'institute']"
v0_082_call_for_nomination_workshop_on_design_and_evaluation_of_innovation_policies_with_a_specific_focus_on_scientometrics,Sanjoy Ghosh,"['country', 'department', 'edition', 'indian institute', 'need']"
v0_082_call_for_nomination_workshop_on_design_and_evaluation_of_innovation_policies_with_a_specific_focus_on_scientometrics,Saugata Hazra,"['centre', 'department', 'design', 'survey']"
v0_082_call_for_nomination_workshop_on_design_and_evaluation_of_innovation_policies_with_a_specific_focus_on_scientometrics,Shailly Tomar,['department']
v0_082_call_for_nomination_workshop_on_design_and_evaluation_of_innovation_policies_with_a_specific_focus_on_scientometrics,Shri Ram Yadav,"['centre', 'department', 'edition', 'form', 'indian institute', 'institute']"
v0_082_call_for_nomination_workshop_on_design_and_evaluation_of_innovation_policies_with_a_specific_focus_on_scientometrics,Soma Rohatgi,"['edition', 'need']"
v0_082_call_for_nomination_workshop_on_design_and_evaluation_of_innovation_policies_with_a_specific_focus_on_scientometrics,Sachin Suresh Tiwari,"['centre', 'country', 'department', 'edition', 'form', 'need']"
v0_082_call_for_nomination_workshop_on_design_and_evaluation_of_innovation_policies_with_a_specific_focus_on_scientometrics,Jitin Singla,"['edition', 'indian institute']"
v0_082_call_for_nomination_workshop_on_design_and_evaluation_of_innovation_policies_with_a_specific_focus_on_scientometrics,Rajesh Kumar,"['centre', 'department', 'design', 'edition', 'indian institute', 'institute', 'survey']"
v0_082_call_for_nomination_workshop_on_design_and_evaluation_of_innovation_policies_with_a_specific_focus_on_scientometrics,Akhil Upadhyay,"['centre', 'country', 'department', 'design']"
v0_083_indo_russian_joint_call_for_proposals_dst_rfbr,Arindam Biswas,"['application', 'area', 'country', 'department', 'foundation', 'fundamental', 'india', 'institute', 'support', 'year']"
v0_083_indo_russian_joint_call_for_proposals_dst_rfbr,Avlokita Agrawal,"['application', 'computer science', 'country', 'department', 'foundation', 'fundamental', 'india', 'institute', 'support']"
v0_083_indo_russian_joint_call_for_proposals_dst_rfbr,Gaurav Raheja,"['application', 'area', 'department', 'foundation', 'india', 'institute', 'support']"
v0_083_indo_russian_joint_call_for_proposals_dst_rfbr,Harshit Sosan Lakra,[]
v0_083_indo_russian_joint_call_for_proposals_dst_rfbr,Mahua Mukherjee,"['application', 'computer science', 'department', 'foundation', 'fundamental', 'india', 'institute', 'support']"
v0_083_indo_russian_joint_call_for_proposals_dst_rfbr,Prabhjot Singh Chani,"['application', 'computer science', 'country', 'department', 'india', 'institute', 'support']"
v0_083_indo_russian_joint_call_for_proposals_dst_rfbr,E Rajasekar,"['area', 'computer science', 'country', 'foundation', 'support', 'year']"
v0_083_indo_russian_joint_call_for_proposals_dst_rfbr,Ram Sateesh Pasupuleti,"['application', 'area', 'computer science', 'foundation', 'institute', 'support', 'year']"
v0_083_indo_russian_joint_call_for_proposals_dst_rfbr,Saptarshi Kolay,"['application', 'area', 'computer science', 'form', 'foundation', 'institute', 'support', 'year']"
v0_083_indo_russian_joint_call_for_proposals_dst_rfbr,Shubhajit Sadhukhan,"['application', 'area', 'country', 'department', 'foundation', 'fundamental', 'support']"
v0_083_indo_russian_joint_call_for_proposals_dst_rfbr,Smriti Saraswat,"['application', 'department', 'foundation', 'fundamental', 'india']"
v0_083_indo_russian_joint_call_for_proposals_dst_rfbr,Sonal Atreya,"['application', 'area', 'country', 'form', 'foundation', 'institute', 'support']"
v0_083_indo_russian_joint_call_for_proposals_dst_rfbr,Tina Pujara,"['application', 'computer science', 'foundation']"
v0_083_indo_russian_joint_call_for_proposals_dst_rfbr,Uttam Kumar Roy,"['application', 'department', 'foundation', 'fundamental', 'support']"
v0_083_indo_russian_joint_call_for_proposals_dst_rfbr,V Devadas,"['application', 'area', 'department', 'form', 'foundation', 'year']"
v0_083_indo_russian_joint_call_for_proposals_dst_rfbr,Jaydev Dabas,"['application', 'area', 'form', 'foundation', 'fundamental', 'institute', 'support']"
v0_083_indo_russian_joint_call_for_proposals_dst_rfbr,Millie Pant,"['application', 'area', 'computer science', 'department', 'foundation', 'fundamental', 'support']"
v0_083_indo_russian_joint_call_for_proposals_dst_rfbr,Rajan Arora,"['application', 'country', 'department', 'form', 'foundation', 'support']"
v0_083_indo_russian_joint_call_for_proposals_dst_rfbr,Ashwani Kumar Sharma,"['area', 'department', 'foundation', 'fundamental', 'india']"
v0_083_indo_russian_joint_call_for_proposals_dst_rfbr,Bijan Choudhury,"['application', 'area', 'computer science', 'department', 'foundation', 'fundamental', 'india', 'institute', 'year']"
v0_083_indo_russian_joint_call_for_proposals_dst_rfbr,Debabrata Sircar,"['application', 'computer science', 'country', 'foundation', 'institute', 'support']"
v0_083_indo_russian_joint_call_for_proposals_dst_rfbr,Deepak Sharma,"['application', 'area', 'country', 'department', 'foundation', 'institute']"
v0_083_indo_russian_joint_call_for_proposals_dst_rfbr,P Gopinath,"['application', 'department']"
v0_083_indo_russian_joint_call_for_proposals_dst_rfbr,Harsh Chauhan,"['application', 'area', 'country', 'department', 'foundation', 'fundamental', 'india', 'institute', 'support', 'year']"
v0_083_indo_russian_joint_call_for_proposals_dst_rfbr,Srinivas Kiran Ambatipudi,[]
v0_083_indo_russian_joint_call_for_proposals_dst_rfbr,Krishna Mohan Poluri,"['area', 'department', 'fundamental', 'year']"
v0_083_indo_russian_joint_call_for_proposals_dst_rfbr,Maya S.Nair,"['application', 'computer science', 'country', 'form', 'foundation', 'support']"
v0_083_indo_russian_joint_call_for_proposals_dst_rfbr,N K Navani,"['computer science', 'department', 'foundation', 'fundamental', 'support']"
v0_083_indo_russian_joint_call_for_proposals_dst_rfbr,Partha Roy,"['application', 'area', 'computer science', 'department', 'foundation', 'fundamental', 'institute', 'support', 'year']"
v0_083_indo_russian_joint_call_for_proposals_dst_rfbr,Poonam Choudhary,"['application', 'computer science', 'department', 'foundation', 'fundamental']"
v0_083_indo_russian_joint_call_for_proposals_dst_rfbr,Prabhat Kumar Mandal,"['application', 'computer science', 'department', 'foundation', 'fundamental']"
v0_083_indo_russian_joint_call_for_proposals_dst_rfbr,Pranita P Sarangi,"['area', 'institute', 'year']"
v0_083_indo_russian_joint_call_for_proposals_dst_rfbr,Pravindra Kumar,"['application', 'area', 'department', 'foundation', 'fundamental']"
v0_083_indo_russian_joint_call_for_proposals_dst_rfbr,Prince Tiwari,"['application', 'area', 'computer science', 'department', 'institute']"
v0_083_indo_russian_joint_call_for_proposals_dst_rfbr,R. P. Singh,"['application', 'area', 'department', 'form', 'foundation', 'fundamental', 'institute', 'support', 'year']"
v0_083_indo_russian_joint_call_for_proposals_dst_rfbr,Ramasare Prasad,"['application', 'area', 'computer science', 'country', 'department', 'foundation', 'institute']"
v0_083_indo_russian_joint_call_for_proposals_dst_rfbr,Ranjana Pathania,"['application', 'computer science', 'department', 'institute']"
v0_083_indo_russian_joint_call_for_proposals_dst_rfbr,Sanjoy Ghosh,"['application', 'computer science', 'country', 'department', 'foundation', 'fundamental']"
v0_083_indo_russian_joint_call_for_proposals_dst_rfbr,Saugata Hazra,"['computer science', 'department', 'foundation', 'fundamental']"
v0_083_indo_russian_joint_call_for_proposals_dst_rfbr,Shailly Tomar,"['application', 'department', 'fundamental']"
v0_083_indo_russian_joint_call_for_proposals_dst_rfbr,Shri Ram Yadav,"['application', 'computer science', 'department', 'form', 'foundation', 'institute']"
v0_083_indo_russian_joint_call_for_proposals_dst_rfbr,Soma Rohatgi,"['application', 'area', 'computer science', 'foundation']"
v0_083_indo_russian_joint_call_for_proposals_dst_rfbr,Sachin Suresh Tiwari,"['application', 'area', 'country', 'department', 'form', 'foundation', 'india', 'year']"
v0_083_indo_russian_joint_call_for_proposals_dst_rfbr,Jitin Singla,"['application', 'area', 'computer science', 'foundation', 'fundamental', 'support']"
v0_083_indo_russian_joint_call_for_proposals_dst_rfbr,Rajesh Kumar,"['application', 'area', 'computer science', 'department', 'foundation', 'india', 'institute', 'year']"
v0_083_indo_russian_joint_call_for_proposals_dst_rfbr,Akhil Upadhyay,"['computer science', 'country', 'department', 'foundation', 'fundamental']"
v0_084_call_open_for_11th_batch_of_wos_ckiran_ipr,Arindam Biswas,"['application', 'area', 'department', 'master', 'year']"
v0_084_call_open_for_11th_batch_of_wos_ckiran_ipr,Avlokita Agrawal,"['application', 'bachelor', 'centre', 'department', 'master']"
v0_084_call_open_for_11th_batch_of_wos_ckiran_ipr,Gaurav Raheja,"['application', 'area', 'department', 'master']"
v0_084_call_open_for_11th_batch_of_wos_ckiran_ipr,Harshit Sosan Lakra,[]
v0_084_call_open_for_11th_batch_of_wos_ckiran_ipr,Mahua Mukherjee,"['application', 'applied science', 'centre', 'department', 'master', 'woman']"
v0_084_call_open_for_11th_batch_of_wos_ckiran_ipr,Prabhjot Singh Chani,"['application', 'applied science', 'department', 'master', 'ongoing']"
v0_084_call_open_for_11th_batch_of_wos_ckiran_ipr,E Rajasekar,"['area', 'master', 'year']"
v0_084_call_open_for_11th_batch_of_wos_ckiran_ipr,Ram Sateesh Pasupuleti,"['application', 'area', 'bachelor', 'centre', 'master', 'year']"
v0_084_call_open_for_11th_batch_of_wos_ckiran_ipr,Saptarshi Kolay,"['application', 'applied science', 'area', 'centre', 'master', 'ongoing', 'year']"
v0_084_call_open_for_11th_batch_of_wos_ckiran_ipr,Shubhajit Sadhukhan,"['application', 'area', 'centre', 'department', 'master']"
v0_084_call_open_for_11th_batch_of_wos_ckiran_ipr,Smriti Saraswat,"['application', 'centre', 'department', 'master', 'woman']"
v0_084_call_open_for_11th_batch_of_wos_ckiran_ipr,Sonal Atreya,"['application', 'applied science', 'area', 'bachelor', 'centre', 'master', 'woman']"
v0_084_call_open_for_11th_batch_of_wos_ckiran_ipr,Tina Pujara,"['application', 'applied science', 'centre', 'master', 'woman']"
v0_084_call_open_for_11th_batch_of_wos_ckiran_ipr,Uttam Kumar Roy,"['application', 'applied science', 'department', 'master']"
v0_084_call_open_for_11th_batch_of_wos_ckiran_ipr,V Devadas,"['application', 'applied science', 'area', 'bachelor', 'centre', 'department', 'master', 'year']"
v0_084_call_open_for_11th_batch_of_wos_ckiran_ipr,Jaydev Dabas,"['application', 'applied science', 'area', 'master']"
v0_084_call_open_for_11th_batch_of_wos_ckiran_ipr,Millie Pant,"['application', 'applied science', 'area', 'department', 'master']"
v0_084_call_open_for_11th_batch_of_wos_ckiran_ipr,Rajan Arora,"['application', 'applied science', 'bachelor', 'department', 'master']"
v0_084_call_open_for_11th_batch_of_wos_ckiran_ipr,Ashwani Kumar Sharma,"['area', 'bachelor', 'department', 'master']"
v0_084_call_open_for_11th_batch_of_wos_ckiran_ipr,Bijan Choudhury,"['application', 'area', 'centre', 'department', 'year']"
v0_084_call_open_for_11th_batch_of_wos_ckiran_ipr,Debabrata Sircar,"['application', 'applied science', 'master']"
v0_084_call_open_for_11th_batch_of_wos_ckiran_ipr,Deepak Sharma,"['application', 'area', 'department', 'ongoing']"
v0_084_call_open_for_11th_batch_of_wos_ckiran_ipr,P Gopinath,"['application', 'department']"
v0_084_call_open_for_11th_batch_of_wos_ckiran_ipr,Harsh Chauhan,"['application', 'area', 'centre', 'department', 'master', 'ongoing', 'woman', 'year']"
v0_084_call_open_for_11th_batch_of_wos_ckiran_ipr,Srinivas Kiran Ambatipudi,[]
v0_084_call_open_for_11th_batch_of_wos_ckiran_ipr,Krishna Mohan Poluri,"['area', 'centre', 'department', 'year']"
v0_084_call_open_for_11th_batch_of_wos_ckiran_ipr,Maya S.Nair,"['application', 'applied science', 'bachelor', 'master']"
v0_084_call_open_for_11th_batch_of_wos_ckiran_ipr,N K Navani,"['department', 'master']"
v0_084_call_open_for_11th_batch_of_wos_ckiran_ipr,Partha Roy,"['application', 'applied science', 'area', 'centre', 'department', 'master', 'woman', 'year']"
v0_084_call_open_for_11th_batch_of_wos_ckiran_ipr,Poonam Choudhary,"['application', 'bachelor', 'department', 'master']"
v0_084_call_open_for_11th_batch_of_wos_ckiran_ipr,Prabhat Kumar Mandal,"['application', 'applied science', 'centre', 'department', 'ongoing']"
v0_084_call_open_for_11th_batch_of_wos_ckiran_ipr,Pranita P Sarangi,"['area', 'year']"
v0_084_call_open_for_11th_batch_of_wos_ckiran_ipr,Pravindra Kumar,"['application', 'area', 'bachelor', 'department', 'master']"
v0_084_call_open_for_11th_batch_of_wos_ckiran_ipr,Prince Tiwari,"['application', 'area', 'bachelor', 'department', 'master']"
v0_084_call_open_for_11th_batch_of_wos_ckiran_ipr,R. P. Singh,"['application', 'area', 'bachelor', 'department', 'master', 'ongoing', 'year']"
v0_084_call_open_for_11th_batch_of_wos_ckiran_ipr,Ramasare Prasad,"['application', 'applied science', 'area', 'bachelor', 'centre', 'department', 'master']"
v0_084_call_open_for_11th_batch_of_wos_ckiran_ipr,Ranjana Pathania,"['application', 'bachelor', 'department', 'master']"
v0_084_call_open_for_11th_batch_of_wos_ckiran_ipr,Sanjoy Ghosh,"['application', 'applied science', 'department']"
v0_084_call_open_for_11th_batch_of_wos_ckiran_ipr,Saugata Hazra,"['bachelor', 'centre', 'department', 'master']"
v0_084_call_open_for_11th_batch_of_wos_ckiran_ipr,Shailly Tomar,"['application', 'department', 'master', 'ongoing']"
v0_084_call_open_for_11th_batch_of_wos_ckiran_ipr,Shri Ram Yadav,"['application', 'centre', 'department', 'master']"
v0_084_call_open_for_11th_batch_of_wos_ckiran_ipr,Soma Rohatgi,"['application', 'applied science', 'area']"
v0_084_call_open_for_11th_batch_of_wos_ckiran_ipr,Sachin Suresh Tiwari,"['application', 'area', 'centre', 'department', 'woman', 'year']"
v0_084_call_open_for_11th_batch_of_wos_ckiran_ipr,Jitin Singla,"['application', 'area', 'master']"
v0_084_call_open_for_11th_batch_of_wos_ckiran_ipr,Rajesh Kumar,"['application', 'area', 'centre', 'department', 'year']"
v0_084_call_open_for_11th_batch_of_wos_ckiran_ipr,Akhil Upadhyay,"['centre', 'department']"
v0_085_national_grand_challenge_awards_for_designing_user_friendly_smart_solar_cooking_solutions,Arindam Biswas,"['challenge', 'department', 'design', 'india', 'institute', 'place', 'rural', 'year']"
v0_085_national_grand_challenge_awards_for_designing_user_friendly_smart_solar_cooking_solutions,Avlokita Agrawal,"['department', 'feature', 'india', 'institute', 'place', 'process', 'solution', 'volume']"
v0_085_national_grand_challenge_awards_for_designing_user_friendly_smart_solar_cooking_solutions,Gaurav Raheja,"['challenge', 'department', 'design', 'feature', 'india', 'institute', 'place', 'rural', 'solution']"
v0_085_national_grand_challenge_awards_for_designing_user_friendly_smart_solar_cooking_solutions,Harshit Sosan Lakra,[]
v0_085_national_grand_challenge_awards_for_designing_user_friendly_smart_solar_cooking_solutions,Mahua Mukherjee,"['department', 'design', 'feature', 'india', 'institute', 'place', 'process', 'solution']"
v0_085_national_grand_challenge_awards_for_designing_user_friendly_smart_solar_cooking_solutions,Prabhjot Singh Chani,"['challenge', 'department', 'india', 'institute', 'place', 'range', 'solution']"
v0_085_national_grand_challenge_awards_for_designing_user_friendly_smart_solar_cooking_solutions,E Rajasekar,"['design', 'feature', 'objective', 'place', 'solution', 'year']"
v0_085_national_grand_challenge_awards_for_designing_user_friendly_smart_solar_cooking_solutions,Ram Sateesh Pasupuleti,"['challenge', 'institute', 'objective', 'solution', 'work', 'year']"
v0_085_national_grand_challenge_awards_for_designing_user_friendly_smart_solar_cooking_solutions,Saptarshi Kolay,"['challenge', 'design', 'feature', 'institute', 'process', 'range', 'volume', 'work', 'year']"
v0_085_national_grand_challenge_awards_for_designing_user_friendly_smart_solar_cooking_solutions,Shubhajit Sadhukhan,"['department', 'feature', 'process', 'rural', 'volume', 'work']"
v0_085_national_grand_challenge_awards_for_designing_user_friendly_smart_solar_cooking_solutions,Smriti Saraswat,"['department', 'india', 'process', 'range', 'rural', 'solution', 'work']"
v0_085_national_grand_challenge_awards_for_designing_user_friendly_smart_solar_cooking_solutions,Sonal Atreya,"['challenge', 'feature', 'institute', 'place', 'process', 'solution', 'volume', 'work']"
v0_085_national_grand_challenge_awards_for_designing_user_friendly_smart_solar_cooking_solutions,Tina Pujara,"['design', 'place', 'range', 'solution']"
v0_085_national_grand_challenge_awards_for_designing_user_friendly_smart_solar_cooking_solutions,Uttam Kumar Roy,"['department', 'design', 'feature', 'process', 'rural', 'work']"
v0_085_national_grand_challenge_awards_for_designing_user_friendly_smart_solar_cooking_solutions,V Devadas,"['department', 'design', 'feature', 'place', 'range', 'solution', 'work', 'year']"
v0_085_national_grand_challenge_awards_for_designing_user_friendly_smart_solar_cooking_solutions,Jaydev Dabas,"['design', 'institute', 'place', 'process', 'solution', 'work']"
v0_085_national_grand_challenge_awards_for_designing_user_friendly_smart_solar_cooking_solutions,Millie Pant,"['department', 'feature', 'objective', 'place', 'process', 'range']"
v0_085_national_grand_challenge_awards_for_designing_user_friendly_smart_solar_cooking_solutions,Rajan Arora,"['department', 'place', 'solution', 'work']"
v0_085_national_grand_challenge_awards_for_designing_user_friendly_smart_solar_cooking_solutions,Ashwani Kumar Sharma,"['department', 'design', 'feature', 'india', 'place', 'process']"
v0_085_national_grand_challenge_awards_for_designing_user_friendly_smart_solar_cooking_solutions,Bijan Choudhury,"['department', 'design', 'india', 'institute', 'solution', 'work', 'year']"
v0_085_national_grand_challenge_awards_for_designing_user_friendly_smart_solar_cooking_solutions,Debabrata Sircar,"['institute', 'objective', 'place', 'process']"
v0_085_national_grand_challenge_awards_for_designing_user_friendly_smart_solar_cooking_solutions,Deepak Sharma,"['challenge', 'department', 'institute', 'objective', 'process', 'solution']"
v0_085_national_grand_challenge_awards_for_designing_user_friendly_smart_solar_cooking_solutions,P Gopinath,"['challenge', 'department', 'place', 'range']"
v0_085_national_grand_challenge_awards_for_designing_user_friendly_smart_solar_cooking_solutions,Harsh Chauhan,"['department', 'india', 'institute', 'place', 'process', 'volume', 'year']"
v0_085_national_grand_challenge_awards_for_designing_user_friendly_smart_solar_cooking_solutions,Srinivas Kiran Ambatipudi,['place']
v0_085_national_grand_challenge_awards_for_designing_user_friendly_smart_solar_cooking_solutions,Krishna Mohan Poluri,"['department', 'design', 'feature', 'range', 'volume', 'year']"
v0_085_national_grand_challenge_awards_for_designing_user_friendly_smart_solar_cooking_solutions,Maya S.Nair,"['challenge', 'place', 'process', 'range', 'volume', 'work']"
v0_085_national_grand_challenge_awards_for_designing_user_friendly_smart_solar_cooking_solutions,N K Navani,"['department', 'place', 'process', 'range']"
v0_085_national_grand_challenge_awards_for_designing_user_friendly_smart_solar_cooking_solutions,Partha Roy,"['challenge', 'department', 'design', 'institute', 'place', 'range', 'solution', 'volume', 'year']"
v0_085_national_grand_challenge_awards_for_designing_user_friendly_smart_solar_cooking_solutions,Poonam Choudhary,"['challenge', 'department', 'design', 'objective', 'place', 'process', 'range', 'solution', 'work']"
v0_085_national_grand_challenge_awards_for_designing_user_friendly_smart_solar_cooking_solutions,Prabhat Kumar Mandal,"['challenge', 'department', 'feature', 'objective', 'place', 'process', 'solution']"
v0_085_national_grand_challenge_awards_for_designing_user_friendly_smart_solar_cooking_solutions,Pranita P Sarangi,"['feature', 'institute', 'process', 'year']"
v0_085_national_grand_challenge_awards_for_designing_user_friendly_smart_solar_cooking_solutions,Pravindra Kumar,"['department', 'feature', 'place', 'rural', 'solution']"
v0_085_national_grand_challenge_awards_for_designing_user_friendly_smart_solar_cooking_solutions,Prince Tiwari,"['challenge', 'department', 'design', 'institute', 'process', 'range', 'rural', 'volume']"
v0_085_national_grand_challenge_awards_for_designing_user_friendly_smart_solar_cooking_solutions,R. P. Singh,"['department', 'design', 'institute', 'work', 'year']"
v0_085_national_grand_challenge_awards_for_designing_user_friendly_smart_solar_cooking_solutions,Ramasare Prasad,"['department', 'feature', 'institute', 'process', 'solution']"
v0_085_national_grand_challenge_awards_for_designing_user_friendly_smart_solar_cooking_solutions,Ranjana Pathania,"['department', 'design', 'feature', 'institute', 'place', 'range', 'solution']"
v0_085_national_grand_challenge_awards_for_designing_user_friendly_smart_solar_cooking_solutions,Sanjoy Ghosh,"['challenge', 'department', 'objective', 'process', 'solution', 'volume']"
v0_085_national_grand_challenge_awards_for_designing_user_friendly_smart_solar_cooking_solutions,Saugata Hazra,"['department', 'design']"
v0_085_national_grand_challenge_awards_for_designing_user_friendly_smart_solar_cooking_solutions,Shailly Tomar,"['department', 'place', 'process', 'solution']"
v0_085_national_grand_challenge_awards_for_designing_user_friendly_smart_solar_cooking_solutions,Shri Ram Yadav,"['department', 'institute', 'range', 'work']"
v0_085_national_grand_challenge_awards_for_designing_user_friendly_smart_solar_cooking_solutions,Soma Rohatgi,"['place', 'range', 'work']"
v0_085_national_grand_challenge_awards_for_designing_user_friendly_smart_solar_cooking_solutions,Sachin Suresh Tiwari,"['challenge', 'department', 'feature', 'india', 'objective', 'place', 'process', 'range', 'solution', 'work', 'year']"
v0_085_national_grand_challenge_awards_for_designing_user_friendly_smart_solar_cooking_solutions,Jitin Singla,"['place', 'process', 'range', 'solution', 'work']"
v0_085_national_grand_challenge_awards_for_designing_user_friendly_smart_solar_cooking_solutions,Rajesh Kumar,"['department', 'design', 'feature', 'india', 'institute', 'process', 'range', 'solution', 'year']"
v0_085_national_grand_challenge_awards_for_designing_user_friendly_smart_solar_cooking_solutions,Akhil Upadhyay,"['challenge', 'department', 'design', 'feature', 'process', 'range', 'solution']"
v0_086_india__egypt_call_for_proposal,Arindam Biswas,"['application', 'area', 'country', 'department', 'development', 'india', 'institute', 'priority', 'purpose', 'year']"
v0_086_india__egypt_call_for_proposal,Avlokita Agrawal,"['application', 'centre', 'country', 'department', 'development', 'india', 'institute', 'procedure']"
v0_086_india__egypt_call_for_proposal,Gaurav Raheja,"['application', 'area', 'department', 'development', 'field', 'india', 'institute']"
v0_086_india__egypt_call_for_proposal,Harshit Sosan Lakra,[]
v0_086_india__egypt_call_for_proposal,Mahua Mukherjee,"['application', 'centre', 'department', 'development', 'india', 'institute', 'priority', 'procedure', 'purpose']"
v0_086_india__egypt_call_for_proposal,Prabhjot Singh Chani,"['application', 'country', 'department', 'development', 'india', 'institute', 'member', 'priority', 'purpose']"
v0_086_india__egypt_call_for_proposal,E Rajasekar,"['area', 'country', 'priority', 'year']"
v0_086_india__egypt_call_for_proposal,Ram Sateesh Pasupuleti,"['application', 'area', 'centre', 'faculty member', 'institute', 'member', 'priority', 'procedure', 'year']"
v0_086_india__egypt_call_for_proposal,Saptarshi Kolay,"['application', 'area', 'centre', 'development', 'institute', 'priority', 'procedure', 'purpose', 'year']"
v0_086_india__egypt_call_for_proposal,Shubhajit Sadhukhan,"['application', 'area', 'centre', 'country', 'department', 'development', 'faculty member', 'member', 'priority', 'procedure', 'purpose']"
v0_086_india__egypt_call_for_proposal,Smriti Saraswat,"['application', 'centre', 'department', 'development', 'india', 'member', 'priority', 'procedure']"
v0_086_india__egypt_call_for_proposal,Sonal Atreya,"['application', 'area', 'centre', 'country', 'institute', 'member', 'priority', 'procedure', 'purpose']"
v0_086_india__egypt_call_for_proposal,Tina Pujara,"['application', 'centre', 'procedure']"
v0_086_india__egypt_call_for_proposal,Uttam Kumar Roy,"['application', 'department', 'priority', 'procedure']"
v0_086_india__egypt_call_for_proposal,V Devadas,"['application', 'area', 'centre', 'department', 'development', 'year']"
v0_086_india__egypt_call_for_proposal,Jaydev Dabas,"['application', 'area', 'institute']"
v0_086_india__egypt_call_for_proposal,Millie Pant,"['application', 'area', 'department', 'development']"
v0_086_india__egypt_call_for_proposal,Rajan Arora,"['application', 'country', 'department', 'field', 'member']"
v0_086_india__egypt_call_for_proposal,Ashwani Kumar Sharma,"['area', 'department', 'development', 'india', 'procedure', 'purpose']"
v0_086_india__egypt_call_for_proposal,Bijan Choudhury,"['application', 'area', 'centre', 'department', 'development', 'india', 'institute', 'priority', 'year']"
v0_086_india__egypt_call_for_proposal,Debabrata Sircar,"['application', 'country', 'institute', 'priority', 'procedure', 'purpose']"
v0_086_india__egypt_call_for_proposal,Deepak Sharma,"['application', 'area', 'country', 'department', 'institute', 'member']"
v0_086_india__egypt_call_for_proposal,P Gopinath,"['application', 'department', 'development']"
v0_086_india__egypt_call_for_proposal,Harsh Chauhan,"['application', 'area', 'centre', 'country', 'department', 'development', 'faculty member', 'field', 'india', 'institute', 'procedure', 'purpose', 'year']"
v0_086_india__egypt_call_for_proposal,Srinivas Kiran Ambatipudi,[]
v0_086_india__egypt_call_for_proposal,Krishna Mohan Poluri,"['area', 'centre', 'department', 'development', 'field', 'procedure', 'year']"
v0_086_india__egypt_call_for_proposal,Maya S.Nair,"['application', 'country', 'priority', 'purpose']"
v0_086_india__egypt_call_for_proposal,N K Navani,"['department', 'development', 'procedure', 'purpose']"
v0_086_india__egypt_call_for_proposal,Partha Roy,"['application', 'area', 'centre', 'department', 'development', 'institute', 'priority', 'year']"
v0_086_india__egypt_call_for_proposal,Poonam Choudhary,"['application', 'department', 'faculty member', 'priority']"
v0_086_india__egypt_call_for_proposal,Prabhat Kumar Mandal,"['application', 'centre', 'department', 'development', 'procedure']"
v0_086_india__egypt_call_for_proposal,Pranita P Sarangi,"['area', 'institute', 'procedure', 'purpose', 'year']"
v0_086_india__egypt_call_for_proposal,Pravindra Kumar,"['application', 'area', 'department', 'development']"
v0_086_india__egypt_call_for_proposal,Prince Tiwari,"['application', 'area', 'department', 'institute', 'priority']"
v0_086_india__egypt_call_for_proposal,R. P. Singh,"['application', 'area', 'department', 'development', 'faculty member', 'field', 'institute', 'priority', 'year']"
v0_086_india__egypt_call_for_proposal,Ramasare Prasad,"['application', 'area', 'centre', 'country', 'department', 'development', 'institute', 'priority', 'procedure']"
v0_086_india__egypt_call_for_proposal,Ranjana Pathania,"['application', 'department', 'development', 'faculty member', 'institute', 'member', 'procedure']"
v0_086_india__egypt_call_for_proposal,Sanjoy Ghosh,"['application', 'country', 'department', 'field', 'procedure']"
v0_086_india__egypt_call_for_proposal,Saugata Hazra,"['centre', 'department', 'development', 'field', 'procedure']"
v0_086_india__egypt_call_for_proposal,Shailly Tomar,"['application', 'department', 'development', 'procedure', 'purpose']"
v0_086_india__egypt_call_for_proposal,Shri Ram Yadav,"['application', 'centre', 'department', 'institute', 'procedure']"
v0_086_india__egypt_call_for_proposal,Soma Rohatgi,"['application', 'area', 'development']"
v0_086_india__egypt_call_for_proposal,Sachin Suresh Tiwari,"['application', 'area', 'centre', 'country', 'department', 'india', 'procedure', 'purpose', 'year']"
v0_086_india__egypt_call_for_proposal,Jitin Singla,"['application', 'area', 'faculty member', 'member']"
v0_086_india__egypt_call_for_proposal,Rajesh Kumar,"['application', 'area', 'centre', 'department', 'development', 'field', 'india', 'institute', 'priority', 'procedure', 'purpose', 'year']"
v0_086_india__egypt_call_for_proposal,Akhil Upadhyay,"['centre', 'country', 'department', 'faculty member', 'member', 'procedure', 'purpose']"
v0_087_swarnajayanti_fellowships_scheme_2018_19,Arindam Biswas,"['application', 'area', 'department', 'india', 'need', 'potential', 'support', 'year']"
v0_087_swarnajayanti_fellowships_scheme_2018_19,Avlokita Agrawal,"['application', 'department', 'impact', 'india', 'need', 'potential', 'support']"
v0_087_swarnajayanti_fellowships_scheme_2018_19,Gaurav Raheja,"['application', 'area', 'department', 'india', 'need', 'support']"
v0_087_swarnajayanti_fellowships_scheme_2018_19,Harshit Sosan Lakra,[]
v0_087_swarnajayanti_fellowships_scheme_2018_19,Mahua Mukherjee,"['application', 'department', 'india', 'support']"
v0_087_swarnajayanti_fellowships_scheme_2018_19,Prabhjot Singh Chani,"['application', 'department', 'india', 'support']"
v0_087_swarnajayanti_fellowships_scheme_2018_19,E Rajasekar,"['area', 'impact', 'number', 'support', 'year']"
v0_087_swarnajayanti_fellowships_scheme_2018_19,Ram Sateesh Pasupuleti,"['application', 'area', 'number', 'potential', 'support', 'year']"
v0_087_swarnajayanti_fellowships_scheme_2018_19,Saptarshi Kolay,"['application', 'area', 'support', 'year']"
v0_087_swarnajayanti_fellowships_scheme_2018_19,Shubhajit Sadhukhan,"['application', 'area', 'department', 'impact', 'number', 'potential', 'support']"
v0_087_swarnajayanti_fellowships_scheme_2018_19,Smriti Saraswat,"['application', 'department', 'india', 'number', 'potential']"
v0_087_swarnajayanti_fellowships_scheme_2018_19,Sonal Atreya,"['application', 'area', 'impact', 'number', 'phd', 'support']"
v0_087_swarnajayanti_fellowships_scheme_2018_19,Tina Pujara,"['application', 'impact', 'potential']"
v0_087_swarnajayanti_fellowships_scheme_2018_19,Uttam Kumar Roy,"['application', 'department', 'support']"
v0_087_swarnajayanti_fellowships_scheme_2018_19,V Devadas,"['application', 'area', 'department', 'impact', 'year']"
v0_087_swarnajayanti_fellowships_scheme_2018_19,Jaydev Dabas,"['application', 'area', 'support']"
v0_087_swarnajayanti_fellowships_scheme_2018_19,Millie Pant,"['application', 'area', 'department', 'potential', 'support']"
v0_087_swarnajayanti_fellowships_scheme_2018_19,Rajan Arora,"['application', 'department', 'phd', 'support']"
v0_087_swarnajayanti_fellowships_scheme_2018_19,Ashwani Kumar Sharma,"['area', 'department', 'india', 'potential']"
v0_087_swarnajayanti_fellowships_scheme_2018_19,Bijan Choudhury,"['application', 'area', 'department', 'impact', 'india', 'potential', 'year']"
v0_087_swarnajayanti_fellowships_scheme_2018_19,Debabrata Sircar,"['application', 'potential', 'support']"
v0_087_swarnajayanti_fellowships_scheme_2018_19,Deepak Sharma,"['application', 'area', 'department', 'number']"
v0_087_swarnajayanti_fellowships_scheme_2018_19,P Gopinath,"['application', 'department', 'impact']"
v0_087_swarnajayanti_fellowships_scheme_2018_19,Harsh Chauhan,"['application', 'area', 'department', 'india', 'need', 'potential', 'support', 'year']"
v0_087_swarnajayanti_fellowships_scheme_2018_19,Srinivas Kiran Ambatipudi,['potential']
v0_087_swarnajayanti_fellowships_scheme_2018_19,Krishna Mohan Poluri,"['area', 'department', 'need', 'potential', 'year']"
v0_087_swarnajayanti_fellowships_scheme_2018_19,Maya S.Nair,"['application', 'impact', 'need', 'potential', 'support']"
v0_087_swarnajayanti_fellowships_scheme_2018_19,N K Navani,"['department', 'potential', 'support']"
v0_087_swarnajayanti_fellowships_scheme_2018_19,Partha Roy,"['application', 'area', 'department', 'impact', 'potential', 'support', 'year']"
v0_087_swarnajayanti_fellowships_scheme_2018_19,Poonam Choudhary,"['application', 'department', 'phd', 'potential']"
v0_087_swarnajayanti_fellowships_scheme_2018_19,Prabhat Kumar Mandal,"['application', 'department', 'potential']"
v0_087_swarnajayanti_fellowships_scheme_2018_19,Pranita P Sarangi,"['area', 'year']"
v0_087_swarnajayanti_fellowships_scheme_2018_19,Pravindra Kumar,"['application', 'area', 'department', 'potential']"
v0_087_swarnajayanti_fellowships_scheme_2018_19,Prince Tiwari,"['application', 'area', 'department', 'number']"
v0_087_swarnajayanti_fellowships_scheme_2018_19,R. P. Singh,"['application', 'area', 'department', 'number', 'potential', 'support', 'year']"
v0_087_swarnajayanti_fellowships_scheme_2018_19,Ramasare Prasad,"['application', 'area', 'department', 'potential']"
v0_087_swarnajayanti_fellowships_scheme_2018_19,Ranjana Pathania,"['application', 'department', 'number', 'potential']"
v0_087_swarnajayanti_fellowships_scheme_2018_19,Sanjoy Ghosh,"['application', 'department', 'impact', 'need', 'potential']"
v0_087_swarnajayanti_fellowships_scheme_2018_19,Saugata Hazra,"['department', 'potential']"
v0_087_swarnajayanti_fellowships_scheme_2018_19,Shailly Tomar,"['application', 'department', 'potential']"
v0_087_swarnajayanti_fellowships_scheme_2018_19,Shri Ram Yadav,"['application', 'department', 'impact', 'potential']"
v0_087_swarnajayanti_fellowships_scheme_2018_19,Soma Rohatgi,"['application', 'area', 'impact', 'need', 'potential']"
v0_087_swarnajayanti_fellowships_scheme_2018_19,Sachin Suresh Tiwari,"['application', 'area', 'department', 'india', 'need', 'potential', 'year']"
v0_087_swarnajayanti_fellowships_scheme_2018_19,Jitin Singla,"['application', 'area', 'number', 'support']"
v0_087_swarnajayanti_fellowships_scheme_2018_19,Rajesh Kumar,"['application', 'area', 'department', 'india', 'potential', 'year']"
v0_087_swarnajayanti_fellowships_scheme_2018_19,Akhil Upadhyay,"['department', 'number']"
v0_088_dst_overseas_visiting_fellowship_admissions,Arindam Biswas,"['application', 'area', 'department', 'india']"
v0_088_dst_overseas_visiting_fellowship_admissions,Avlokita Agrawal,"['application', 'centre', 'department', 'india']"
v0_088_dst_overseas_visiting_fellowship_admissions,Gaurav Raheja,"['application', 'area', 'department', 'field', 'india']"
v0_088_dst_overseas_visiting_fellowship_admissions,Harshit Sosan Lakra,[]
v0_088_dst_overseas_visiting_fellowship_admissions,Mahua Mukherjee,"['application', 'centre', 'department', 'india']"
v0_088_dst_overseas_visiting_fellowship_admissions,Prabhjot Singh Chani,"['application', 'department', 'india']"
v0_088_dst_overseas_visiting_fellowship_admissions,E Rajasekar,['area']
v0_088_dst_overseas_visiting_fellowship_admissions,Ram Sateesh Pasupuleti,"['application', 'area', 'centre']"
v0_088_dst_overseas_visiting_fellowship_admissions,Saptarshi Kolay,"['application', 'area', 'centre', 'form']"
v0_088_dst_overseas_visiting_fellowship_admissions,Shubhajit Sadhukhan,"['application', 'area', 'centre', 'department']"
v0_088_dst_overseas_visiting_fellowship_admissions,Smriti Saraswat,"['application', 'centre', 'department', 'india']"
v0_088_dst_overseas_visiting_fellowship_admissions,Sonal Atreya,"['application', 'area', 'centre', 'form']"
v0_088_dst_overseas_visiting_fellowship_admissions,Tina Pujara,"['application', 'centre']"
v0_088_dst_overseas_visiting_fellowship_admissions,Uttam Kumar Roy,"['application', 'department']"
v0_088_dst_overseas_visiting_fellowship_admissions,V Devadas,"['application', 'area', 'centre', 'department', 'form']"
v0_088_dst_overseas_visiting_fellowship_admissions,Jaydev Dabas,"['application', 'area', 'form']"
v0_088_dst_overseas_visiting_fellowship_admissions,Millie Pant,"['application', 'area', 'department']"
v0_088_dst_overseas_visiting_fellowship_admissions,Rajan Arora,"['application', 'department', 'field', 'form']"
v0_088_dst_overseas_visiting_fellowship_admissions,Ashwani Kumar Sharma,"['area', 'department', 'india']"
v0_088_dst_overseas_visiting_fellowship_admissions,Bijan Choudhury,"['application', 'area', 'centre', 'department', 'india']"
v0_088_dst_overseas_visiting_fellowship_admissions,Debabrata Sircar,['application']
v0_088_dst_overseas_visiting_fellowship_admissions,Deepak Sharma,"['application', 'area', 'department']"
v0_088_dst_overseas_visiting_fellowship_admissions,P Gopinath,"['application', 'department']"
v0_088_dst_overseas_visiting_fellowship_admissions,Harsh Chauhan,"['application', 'area', 'centre', 'department', 'field', 'india']"
v0_088_dst_overseas_visiting_fellowship_admissions,Srinivas Kiran Ambatipudi,[]
v0_088_dst_overseas_visiting_fellowship_admissions,Krishna Mohan Poluri,"['area', 'centre', 'department', 'field']"
v0_088_dst_overseas_visiting_fellowship_admissions,Maya S.Nair,"['application', 'form']"
v0_088_dst_overseas_visiting_fellowship_admissions,N K Navani,['department']
v0_088_dst_overseas_visiting_fellowship_admissions,Partha Roy,"['application', 'area', 'centre', 'department']"
v0_088_dst_overseas_visiting_fellowship_admissions,Poonam Choudhary,"['application', 'department']"
v0_088_dst_overseas_visiting_fellowship_admissions,Prabhat Kumar Mandal,"['application', 'centre', 'department']"
v0_088_dst_overseas_visiting_fellowship_admissions,Pranita P Sarangi,['area']
v0_088_dst_overseas_visiting_fellowship_admissions,Pravindra Kumar,"['application', 'area', 'department']"
v0_088_dst_overseas_visiting_fellowship_admissions,Prince Tiwari,"['application', 'area', 'department']"
v0_088_dst_overseas_visiting_fellowship_admissions,R. P. Singh,"['application', 'area', 'department', 'field', 'form']"
v0_088_dst_overseas_visiting_fellowship_admissions,Ramasare Prasad,"['application', 'area', 'centre', 'department']"
v0_088_dst_overseas_visiting_fellowship_admissions,Ranjana Pathania,"['application', 'department']"
v0_088_dst_overseas_visiting_fellowship_admissions,Sanjoy Ghosh,"['application', 'department', 'field']"
v0_088_dst_overseas_visiting_fellowship_admissions,Saugata Hazra,"['centre', 'department', 'field']"
v0_088_dst_overseas_visiting_fellowship_admissions,Shailly Tomar,"['application', 'department']"
v0_088_dst_overseas_visiting_fellowship_admissions,Shri Ram Yadav,"['application', 'centre', 'department', 'form']"
v0_088_dst_overseas_visiting_fellowship_admissions,Soma Rohatgi,"['application', 'area']"
v0_088_dst_overseas_visiting_fellowship_admissions,Sachin Suresh Tiwari,"['application', 'area', 'centre', 'department', 'form', 'india']"
v0_088_dst_overseas_visiting_fellowship_admissions,Jitin Singla,"['application', 'area']"
v0_088_dst_overseas_visiting_fellowship_admissions,Rajesh Kumar,"['application', 'area', 'centre', 'department', 'field', 'india']"
v0_088_dst_overseas_visiting_fellowship_admissions,Akhil Upadhyay,"['centre', 'department']"
v0_089_sustainable__innovative_technologies_in_agricultureagro_tech_under_the_scheme_technology_development_programme,Arindam Biswas,"['area', 'country', 'department', 'development', 'increase', 'india', 'opportunity']"
v0_089_sustainable__innovative_technologies_in_agricultureagro_tech_under_the_scheme_technology_development_programme,Avlokita Agrawal,"['country', 'department', 'development', 'increase', 'india', 'process']"
v0_089_sustainable__innovative_technologies_in_agricultureagro_tech_under_the_scheme_technology_development_programme,Gaurav Raheja,"['area', 'department', 'development', 'india']"
v0_089_sustainable__innovative_technologies_in_agricultureagro_tech_under_the_scheme_technology_development_programme,Harshit Sosan Lakra,[]
v0_089_sustainable__innovative_technologies_in_agricultureagro_tech_under_the_scheme_technology_development_programme,Mahua Mukherjee,"['department', 'development', 'increase', 'india', 'opportunity', 'process', 'product']"
v0_089_sustainable__innovative_technologies_in_agricultureagro_tech_under_the_scheme_technology_development_programme,Prabhjot Singh Chani,"['country', 'department', 'development', 'increase', 'india', 'supply chain']"
v0_089_sustainable__innovative_technologies_in_agricultureagro_tech_under_the_scheme_technology_development_programme,E Rajasekar,"['area', 'country', 'increase']"
v0_089_sustainable__innovative_technologies_in_agricultureagro_tech_under_the_scheme_technology_development_programme,Ram Sateesh Pasupuleti,"['area', 'increase', 'opportunity']"
v0_089_sustainable__innovative_technologies_in_agricultureagro_tech_under_the_scheme_technology_development_programme,Saptarshi Kolay,"['area', 'development', 'increase', 'opportunity', 'process', 'product']"
v0_089_sustainable__innovative_technologies_in_agricultureagro_tech_under_the_scheme_technology_development_programme,Shubhajit Sadhukhan,"['area', 'country', 'department', 'development', 'opportunity', 'process', 'product']"
v0_089_sustainable__innovative_technologies_in_agricultureagro_tech_under_the_scheme_technology_development_programme,Smriti Saraswat,"['department', 'development', 'increase', 'india', 'process']"
v0_089_sustainable__innovative_technologies_in_agricultureagro_tech_under_the_scheme_technology_development_programme,Sonal Atreya,"['area', 'country', 'process']"
v0_089_sustainable__innovative_technologies_in_agricultureagro_tech_under_the_scheme_technology_development_programme,Tina Pujara,[]
v0_089_sustainable__innovative_technologies_in_agricultureagro_tech_under_the_scheme_technology_development_programme,Uttam Kumar Roy,"['department', 'increase', 'opportunity', 'process', 'product']"
v0_089_sustainable__innovative_technologies_in_agricultureagro_tech_under_the_scheme_technology_development_programme,V Devadas,"['area', 'department', 'development', 'increase', 'opportunity']"
v0_089_sustainable__innovative_technologies_in_agricultureagro_tech_under_the_scheme_technology_development_programme,Jaydev Dabas,"['area', 'process']"
v0_089_sustainable__innovative_technologies_in_agricultureagro_tech_under_the_scheme_technology_development_programme,Millie Pant,"['area', 'department', 'development', 'process', 'supply chain']"
v0_089_sustainable__innovative_technologies_in_agricultureagro_tech_under_the_scheme_technology_development_programme,Rajan Arora,"['country', 'department']"
v0_089_sustainable__innovative_technologies_in_agricultureagro_tech_under_the_scheme_technology_development_programme,Ashwani Kumar Sharma,"['area', 'department', 'development', 'increase', 'india', 'process', 'product']"
v0_089_sustainable__innovative_technologies_in_agricultureagro_tech_under_the_scheme_technology_development_programme,Bijan Choudhury,"['area', 'department', 'development', 'increase', 'india', 'opportunity', 'product', 'supply chain']"
v0_089_sustainable__innovative_technologies_in_agricultureagro_tech_under_the_scheme_technology_development_programme,Debabrata Sircar,"['country', 'increase', 'opportunity', 'process', 'product']"
v0_089_sustainable__innovative_technologies_in_agricultureagro_tech_under_the_scheme_technology_development_programme,Deepak Sharma,"['area', 'country', 'department', 'increase', 'process', 'product', 'supply chain']"
v0_089_sustainable__innovative_technologies_in_agricultureagro_tech_under_the_scheme_technology_development_programme,P Gopinath,"['department', 'development']"
v0_089_sustainable__innovative_technologies_in_agricultureagro_tech_under_the_scheme_technology_development_programme,Harsh Chauhan,"['area', 'country', 'department', 'development', 'india', 'opportunity', 'process']"
v0_089_sustainable__innovative_technologies_in_agricultureagro_tech_under_the_scheme_technology_development_programme,Srinivas Kiran Ambatipudi,[]
v0_089_sustainable__innovative_technologies_in_agricultureagro_tech_under_the_scheme_technology_development_programme,Krishna Mohan Poluri,"['area', 'department', 'development']"
v0_089_sustainable__innovative_technologies_in_agricultureagro_tech_under_the_scheme_technology_development_programme,Maya S.Nair,"['country', 'opportunity', 'process', 'product']"
v0_089_sustainable__innovative_technologies_in_agricultureagro_tech_under_the_scheme_technology_development_programme,N K Navani,"['department', 'development', 'increase', 'process', 'supply chain']"
v0_089_sustainable__innovative_technologies_in_agricultureagro_tech_under_the_scheme_technology_development_programme,Partha Roy,"['area', 'department', 'development', 'increase']"
v0_089_sustainable__innovative_technologies_in_agricultureagro_tech_under_the_scheme_technology_development_programme,Poonam Choudhary,"['department', 'opportunity', 'process', 'product']"
v0_089_sustainable__innovative_technologies_in_agricultureagro_tech_under_the_scheme_technology_development_programme,Prabhat Kumar Mandal,"['department', 'development', 'process', 'product', 'supply chain']"
v0_089_sustainable__innovative_technologies_in_agricultureagro_tech_under_the_scheme_technology_development_programme,Pranita P Sarangi,"['area', 'increase', 'process']"
v0_089_sustainable__innovative_technologies_in_agricultureagro_tech_under_the_scheme_technology_development_programme,Pravindra Kumar,"['area', 'department', 'development']"
v0_089_sustainable__innovative_technologies_in_agricultureagro_tech_under_the_scheme_technology_development_programme,Prince Tiwari,"['area', 'department', 'process']"
v0_089_sustainable__innovative_technologies_in_agricultureagro_tech_under_the_scheme_technology_development_programme,R. P. Singh,"['area', 'department', 'development', 'increase', 'opportunity']"
v0_089_sustainable__innovative_technologies_in_agricultureagro_tech_under_the_scheme_technology_development_programme,Ramasare Prasad,"['area', 'country', 'department', 'development', 'process', 'product']"
v0_089_sustainable__innovative_technologies_in_agricultureagro_tech_under_the_scheme_technology_development_programme,Ranjana Pathania,"['department', 'development', 'increase', 'product']"
v0_089_sustainable__innovative_technologies_in_agricultureagro_tech_under_the_scheme_technology_development_programme,Sanjoy Ghosh,"['country', 'department', 'increase', 'process', 'product', 'supply chain']"
v0_089_sustainable__innovative_technologies_in_agricultureagro_tech_under_the_scheme_technology_development_programme,Saugata Hazra,"['department', 'development', 'opportunity']"
v0_089_sustainable__innovative_technologies_in_agricultureagro_tech_under_the_scheme_technology_development_programme,Shailly Tomar,"['department', 'development', 'process']"
v0_089_sustainable__innovative_technologies_in_agricultureagro_tech_under_the_scheme_technology_development_programme,Shri Ram Yadav,"['department', 'product']"
v0_089_sustainable__innovative_technologies_in_agricultureagro_tech_under_the_scheme_technology_development_programme,Soma Rohatgi,"['area', 'development', 'increase']"
v0_089_sustainable__innovative_technologies_in_agricultureagro_tech_under_the_scheme_technology_development_programme,Sachin Suresh Tiwari,"['area', 'country', 'department', 'increase', 'india', 'opportunity', 'process', 'product', 'supply chain']"
v0_089_sustainable__innovative_technologies_in_agricultureagro_tech_under_the_scheme_technology_development_programme,Jitin Singla,"['area', 'process', 'supply chain']"
v0_089_sustainable__innovative_technologies_in_agricultureagro_tech_under_the_scheme_technology_development_programme,Rajesh Kumar,"['area', 'department', 'development', 'increase', 'india', 'process', 'product', 'supply chain']"
v0_089_sustainable__innovative_technologies_in_agricultureagro_tech_under_the_scheme_technology_development_programme,Akhil Upadhyay,"['country', 'department', 'process']"
v0_090_scheme_for_young_scientists_and_technologists,Arindam Biswas,[]
v0_090_scheme_for_young_scientists_and_technologists,Avlokita Agrawal,[]
v0_090_scheme_for_young_scientists_and_technologists,Gaurav Raheja,[]
v0_090_scheme_for_young_scientists_and_technologists,Harshit Sosan Lakra,[]
v0_090_scheme_for_young_scientists_and_technologists,Mahua Mukherjee,['general']
v0_090_scheme_for_young_scientists_and_technologists,Prabhjot Singh Chani,['general']
v0_090_scheme_for_young_scientists_and_technologists,E Rajasekar,[]
v0_090_scheme_for_young_scientists_and_technologists,Ram Sateesh Pasupuleti,['general']
v0_090_scheme_for_young_scientists_and_technologists,Saptarshi Kolay,[]
v0_090_scheme_for_young_scientists_and_technologists,Shubhajit Sadhukhan,['general']
v0_090_scheme_for_young_scientists_and_technologists,Smriti Saraswat,[]
v0_090_scheme_for_young_scientists_and_technologists,Sonal Atreya,[]
v0_090_scheme_for_young_scientists_and_technologists,Tina Pujara,['general']
v0_090_scheme_for_young_scientists_and_technologists,Uttam Kumar Roy,['general']
v0_090_scheme_for_young_scientists_and_technologists,V Devadas,[]
v0_090_scheme_for_young_scientists_and_technologists,Jaydev Dabas,['general']
v0_090_scheme_for_young_scientists_and_technologists,Millie Pant,[]
v0_090_scheme_for_young_scientists_and_technologists,Rajan Arora,[]
v0_090_scheme_for_young_scientists_and_technologists,Ashwani Kumar Sharma,['general']
v0_090_scheme_for_young_scientists_and_technologists,Bijan Choudhury,['general']
v0_090_scheme_for_young_scientists_and_technologists,Debabrata Sircar,['general']
v0_090_scheme_for_young_scientists_and_technologists,Deepak Sharma,['general']
v0_090_scheme_for_young_scientists_and_technologists,P Gopinath,[]
v0_090_scheme_for_young_scientists_and_technologists,Harsh Chauhan,[]
v0_090_scheme_for_young_scientists_and_technologists,Srinivas Kiran Ambatipudi,[]
v0_090_scheme_for_young_scientists_and_technologists,Krishna Mohan Poluri,['general']
v0_090_scheme_for_young_scientists_and_technologists,Maya S.Nair,[]
v0_090_scheme_for_young_scientists_and_technologists,N K Navani,['general']
v0_090_scheme_for_young_scientists_and_technologists,Partha Roy,[]
v0_090_scheme_for_young_scientists_and_technologists,Poonam Choudhary,['general']
v0_090_scheme_for_young_scientists_and_technologists,Prabhat Kumar Mandal,[]
v0_090_scheme_for_young_scientists_and_technologists,Pranita P Sarangi,[]
v0_090_scheme_for_young_scientists_and_technologists,Pravindra Kumar,[]
v0_090_scheme_for_young_scientists_and_technologists,Prince Tiwari,[]
v0_090_scheme_for_young_scientists_and_technologists,R. P. Singh,['general']
v0_090_scheme_for_young_scientists_and_technologists,Ramasare Prasad,[]
v0_090_scheme_for_young_scientists_and_technologists,Ranjana Pathania,['general']
v0_090_scheme_for_young_scientists_and_technologists,Sanjoy Ghosh,['general']
v0_090_scheme_for_young_scientists_and_technologists,Saugata Hazra,['general']
v0_090_scheme_for_young_scientists_and_technologists,Shailly Tomar,[]
v0_090_scheme_for_young_scientists_and_technologists,Shri Ram Yadav,[]
v0_090_scheme_for_young_scientists_and_technologists,Soma Rohatgi,['general']
v0_090_scheme_for_young_scientists_and_technologists,Sachin Suresh Tiwari,['general']
v0_090_scheme_for_young_scientists_and_technologists,Jitin Singla,[]
v0_090_scheme_for_young_scientists_and_technologists,Rajesh Kumar,[]
v0_090_scheme_for_young_scientists_and_technologists,Akhil Upadhyay,['general']
v0_091_chord_nstmis_scheme_call_for_proposals_2018_19,Arindam Biswas,"['area', 'country', 'department', 'development', 'india', 'material', 'need', 'resource', 'role', 'study', 'trend']"
v0_091_chord_nstmis_scheme_call_for_proposals_2018_19,Avlokita Agrawal,"['country', 'department', 'development', 'huge', 'impact', 'india', 'information system', 'need', 'resource', 'study', 'system']"
v0_091_chord_nstmis_scheme_call_for_proposals_2018_19,Gaurav Raheja,"['area', 'department', 'development', 'india', 'need', 'resource', 'study']"
v0_091_chord_nstmis_scheme_call_for_proposals_2018_19,Harshit Sosan Lakra,[]
v0_091_chord_nstmis_scheme_call_for_proposals_2018_19,Mahua Mukherjee,"['collection', 'department', 'development', 'india', 'information system', 'level', 'material', 'study', 'system', 'trend']"
v0_091_chord_nstmis_scheme_call_for_proposals_2018_19,Prabhjot Singh Chani,"['collection', 'country', 'department', 'development', 'india', 'information system']"
v0_091_chord_nstmis_scheme_call_for_proposals_2018_19,E Rajasekar,"['area', 'collection', 'country', 'impact', 'material', 'resource', 'role']"
v0_091_chord_nstmis_scheme_call_for_proposals_2018_19,Ram Sateesh Pasupuleti,"['area', 'collection', 'information system', 'material', 'role', 'system']"
v0_091_chord_nstmis_scheme_call_for_proposals_2018_19,Saptarshi Kolay,"['area', 'collection', 'development', 'huge', 'information system', 'material', 'resource', 'role']"
v0_091_chord_nstmis_scheme_call_for_proposals_2018_19,Shubhajit Sadhukhan,"['area', 'country', 'department', 'development', 'impact', 'information system', 'level', 'material', 'resource', 'role', 'trend']"
v0_091_chord_nstmis_scheme_call_for_proposals_2018_19,Smriti Saraswat,"['collection', 'department', 'development', 'huge', 'india', 'level', 'resource']"
v0_091_chord_nstmis_scheme_call_for_proposals_2018_19,Sonal Atreya,"['area', 'collection', 'country', 'impact', 'information system', 'material', 'resource', 'role', 'system', 'trend']"
v0_091_chord_nstmis_scheme_call_for_proposals_2018_19,Tina Pujara,"['collection', 'impact', 'information system', 'system']"
v0_091_chord_nstmis_scheme_call_for_proposals_2018_19,Uttam Kumar Roy,"['collection', 'department', 'material', 'resource', 'role']"
v0_091_chord_nstmis_scheme_call_for_proposals_2018_19,V Devadas,"['area', 'collection', 'department', 'development', 'impact', 'information system', 'resource', 'study', 'system', 'trend']"
v0_091_chord_nstmis_scheme_call_for_proposals_2018_19,Jaydev Dabas,"['area', 'collection', 'information system', 'role']"
v0_091_chord_nstmis_scheme_call_for_proposals_2018_19,Millie Pant,"['area', 'collection', 'department', 'development', 'information system', 'material', 'study', 'trend']"
v0_091_chord_nstmis_scheme_call_for_proposals_2018_19,Rajan Arora,"['collection', 'country', 'department', 'information system']"
v0_091_chord_nstmis_scheme_call_for_proposals_2018_19,Ashwani Kumar Sharma,"['area', 'collection', 'department', 'development', 'india', 'material', 'role', 'system']"
v0_091_chord_nstmis_scheme_call_for_proposals_2018_19,Bijan Choudhury,"['area', 'collection', 'department', 'development', 'impact', 'india', 'information system', 'material', 'role']"
v0_091_chord_nstmis_scheme_call_for_proposals_2018_19,Debabrata Sircar,"['collection', 'country', 'information system', 'material', 'resource', 'study', 'system']"
v0_091_chord_nstmis_scheme_call_for_proposals_2018_19,Deepak Sharma,"['area', 'collection', 'country', 'department', 'information system', 'material', 'resource', 'study']"
v0_091_chord_nstmis_scheme_call_for_proposals_2018_19,P Gopinath,"['collection', 'department', 'development', 'huge', 'impact', 'information system', 'material', 'system']"
v0_091_chord_nstmis_scheme_call_for_proposals_2018_19,Harsh Chauhan,"['area', 'collection', 'country', 'department', 'development', 'india', 'information system', 'need', 'role', 'study']"
v0_091_chord_nstmis_scheme_call_for_proposals_2018_19,Srinivas Kiran Ambatipudi,[]
v0_091_chord_nstmis_scheme_call_for_proposals_2018_19,Krishna Mohan Poluri,"['area', 'department', 'development', 'material', 'need', 'resource', 'system']"
v0_091_chord_nstmis_scheme_call_for_proposals_2018_19,Maya S.Nair,"['collection', 'country', 'impact', 'information system', 'need', 'resource']"
v0_091_chord_nstmis_scheme_call_for_proposals_2018_19,N K Navani,"['collection', 'department', 'development', 'material', 'role']"
v0_091_chord_nstmis_scheme_call_for_proposals_2018_19,Partha Roy,"['area', 'collection', 'department', 'development', 'impact', 'information system', 'role']"
v0_091_chord_nstmis_scheme_call_for_proposals_2018_19,Poonam Choudhary,"['collection', 'department', 'information system', 'material', 'resource', 'study']"
v0_091_chord_nstmis_scheme_call_for_proposals_2018_19,Prabhat Kumar Mandal,"['collection', 'department', 'development', 'information system', 'level', 'resource', 'system', 'trend']"
v0_091_chord_nstmis_scheme_call_for_proposals_2018_19,Pranita P Sarangi,"['area', 'material', 'resource', 'role']"
v0_091_chord_nstmis_scheme_call_for_proposals_2018_19,Pravindra Kumar,"['area', 'collection', 'department', 'development', 'role', 'study', 'system']"
v0_091_chord_nstmis_scheme_call_for_proposals_2018_19,Prince Tiwari,"['area', 'department', 'information system', 'material', 'role', 'system']"
v0_091_chord_nstmis_scheme_call_for_proposals_2018_19,R. P. Singh,"['area', 'department', 'development', 'level', 'material', 'trend']"
v0_091_chord_nstmis_scheme_call_for_proposals_2018_19,Ramasare Prasad,"['area', 'collection', 'country', 'department', 'development', 'information system', 'material', 'study', 'trend']"
v0_091_chord_nstmis_scheme_call_for_proposals_2018_19,Ranjana Pathania,"['department', 'development', 'level', 'material']"
v0_091_chord_nstmis_scheme_call_for_proposals_2018_19,Sanjoy Ghosh,"['collection', 'country', 'department', 'impact', 'information system', 'level', 'material', 'need', 'study']"
v0_091_chord_nstmis_scheme_call_for_proposals_2018_19,Saugata Hazra,"['collection', 'department', 'development', 'information system', 'level', 'material', 'resource', 'study', 'system']"
v0_091_chord_nstmis_scheme_call_for_proposals_2018_19,Shailly Tomar,"['collection', 'department', 'development', 'material', 'resource', 'trend']"
v0_091_chord_nstmis_scheme_call_for_proposals_2018_19,Shri Ram Yadav,"['collection', 'department', 'impact', 'information system', 'system']"
v0_091_chord_nstmis_scheme_call_for_proposals_2018_19,Soma Rohatgi,"['area', 'collection', 'development', 'impact', 'information system', 'material', 'need', 'resource']"
v0_091_chord_nstmis_scheme_call_for_proposals_2018_19,Sachin Suresh Tiwari,"['area', 'collection', 'country', 'department', 'india', 'need', 'resource', 'role', 'trend']"
v0_091_chord_nstmis_scheme_call_for_proposals_2018_19,Jitin Singla,"['area', 'collection', 'information system']"
v0_091_chord_nstmis_scheme_call_for_proposals_2018_19,Rajesh Kumar,"['area', 'collection', 'department', 'development', 'huge', 'india', 'material', 'resource', 'study', 'trend']"
v0_091_chord_nstmis_scheme_call_for_proposals_2018_19,Akhil Upadhyay,"['collection', 'country', 'department', 'resource', 'study']"
v0_092_call_for_proposals_under_dst_ic_impact_indo_canada_joint_research_programmes,Arindam Biswas,"['area', 'building', 'city', 'design', 'environment', 'increase', 'material', 'need', 'opportunity', 'percent', 'result', 'smart city', 'support']"
v0_092_call_for_proposals_under_dst_ic_impact_indo_canada_joint_research_programmes,Avlokita Agrawal,"['advance', 'building', 'centre', 'environment', 'impact', 'increase', 'need', 'percent', 'population', 'support', 'system']"
v0_092_call_for_proposals_under_dst_ic_impact_indo_canada_joint_research_programmes,Gaurav Raheja,"['area', 'city', 'design', 'environment', 'need', 'percent', 'population', 'result', 'smart city', 'support']"
v0_092_call_for_proposals_under_dst_ic_impact_indo_canada_joint_research_programmes,Harshit Sosan Lakra,[]
v0_092_call_for_proposals_under_dst_ic_impact_indo_canada_joint_research_programmes,Mahua Mukherjee,"['building', 'centre', 'city', 'design', 'energy consumption', 'environment', 'increase', 'material', 'opportunity', 'percent', 'population', 'smart city', 'support', 'system']"
v0_092_call_for_proposals_under_dst_ic_impact_indo_canada_joint_research_programmes,Prabhjot Singh Chani,"['advance', 'city', 'efficiency', 'energy consumption', 'environment', 'increase', 'percent', 'population', 'smart city', 'support']"
v0_092_call_for_proposals_under_dst_ic_impact_indo_canada_joint_research_programmes,E Rajasekar,"['area', 'building', 'design', 'energy consumption', 'impact', 'increase', 'material', 'number', 'percent', 'result', 'smart city', 'support']"
v0_092_call_for_proposals_under_dst_ic_impact_indo_canada_joint_research_programmes,Ram Sateesh Pasupuleti,"['area', 'centre', 'energy consumption', 'increase', 'material', 'number', 'opportunity', 'population', 'smart city', 'support', 'system']"
v0_092_call_for_proposals_under_dst_ic_impact_indo_canada_joint_research_programmes,Saptarshi Kolay,"['area', 'building', 'centre', 'design', 'energy consumption', 'increase', 'material', 'opportunity', 'percent', 'result', 'smart city', 'support', 'use', 'world']"
v0_092_call_for_proposals_under_dst_ic_impact_indo_canada_joint_research_programmes,Shubhajit Sadhukhan,"['area', 'centre', 'city', 'energy consumption', 'environment', 'impact', 'material', 'number', 'opportunity', 'percent', 'population', 'support', 'use']"
v0_092_call_for_proposals_under_dst_ic_impact_indo_canada_joint_research_programmes,Smriti Saraswat,"['advance', 'building', 'centre', 'energy consumption', 'environment', 'increase', 'number', 'percent', 'population', 'result', 'use']"
v0_092_call_for_proposals_under_dst_ic_impact_indo_canada_joint_research_programmes,Sonal Atreya,"['area', 'centre', 'city', 'impact', 'material', 'number', 'percent', 'population', 'result', 'support', 'system', 'use', 'world']"
v0_092_call_for_proposals_under_dst_ic_impact_indo_canada_joint_research_programmes,Tina Pujara,"['centre', 'design', 'energy consumption', 'impact', 'population', 'system', 'use', 'world']"
v0_092_call_for_proposals_under_dst_ic_impact_indo_canada_joint_research_programmes,Uttam Kumar Roy,"['advance', 'building', 'design', 'energy consumption', 'environment', 'increase', 'material', 'opportunity', 'percent', 'population', 'result', 'smart city', 'support']"
v0_092_call_for_proposals_under_dst_ic_impact_indo_canada_joint_research_programmes,V Devadas,"['advance', 'area', 'centre', 'design', 'environment', 'impact', 'increase', 'opportunity', 'percent', 'population', 'result', 'smart city', 'system', 'use', 'world']"
v0_092_call_for_proposals_under_dst_ic_impact_indo_canada_joint_research_programmes,Jaydev Dabas,"['area', 'design', 'efficiency', 'energy consumption', 'percent', 'population', 'result', 'support', 'world']"
v0_092_call_for_proposals_under_dst_ic_impact_indo_canada_joint_research_programmes,Millie Pant,"['area', 'efficiency', 'energy consumption', 'environment', 'material', 'percent', 'population', 'support']"
v0_092_call_for_proposals_under_dst_ic_impact_indo_canada_joint_research_programmes,Rajan Arora,"['energy consumption', 'environment', 'percent', 'population', 'support', 'world']"
v0_092_call_for_proposals_under_dst_ic_impact_indo_canada_joint_research_programmes,Ashwani Kumar Sharma,"['area', 'design', 'environment', 'increase', 'material', 'percent', 'population', 'smart city', 'system']"
v0_092_call_for_proposals_under_dst_ic_impact_indo_canada_joint_research_programmes,Bijan Choudhury,"['area', 'centre', 'city', 'design', 'energy consumption', 'environment', 'impact', 'increase', 'material', 'opportunity', 'percent', 'smart city']"
v0_092_call_for_proposals_under_dst_ic_impact_indo_canada_joint_research_programmes,Debabrata Sircar,"['increase', 'material', 'opportunity', 'percent', 'population', 'smart city', 'support', 'system']"
v0_092_call_for_proposals_under_dst_ic_impact_indo_canada_joint_research_programmes,Deepak Sharma,"['area', 'energy consumption', 'increase', 'material', 'number', 'percent', 'population']"
v0_092_call_for_proposals_under_dst_ic_impact_indo_canada_joint_research_programmes,P Gopinath,"['advance', 'energy consumption', 'environment', 'impact', 'material', 'percent', 'population', 'smart city', 'system', 'use']"
v0_092_call_for_proposals_under_dst_ic_impact_indo_canada_joint_research_programmes,Harsh Chauhan,"['area', 'centre', 'city', 'energy consumption', 'environment', 'need', 'opportunity', 'percent', 'population', 'smart city', 'support', 'use']"
v0_092_call_for_proposals_under_dst_ic_impact_indo_canada_joint_research_programmes,Srinivas Kiran Ambatipudi,[]
v0_092_call_for_proposals_under_dst_ic_impact_indo_canada_joint_research_programmes,Krishna Mohan Poluri,"['advance', 'area', 'centre', 'design', 'environment', 'material', 'need', 'percent', 'result', 'system']"
v0_092_call_for_proposals_under_dst_ic_impact_indo_canada_joint_research_programmes,Maya S.Nair,"['energy consumption', 'impact', 'need', 'opportunity', 'percent', 'population', 'smart city', 'support']"
v0_092_call_for_proposals_under_dst_ic_impact_indo_canada_joint_research_programmes,N K Navani,"['energy consumption', 'environment', 'increase', 'material', 'percent', 'population', 'support', 'use']"
v0_092_call_for_proposals_under_dst_ic_impact_indo_canada_joint_research_programmes,Partha Roy,"['area', 'centre', 'design', 'energy consumption', 'environment', 'impact', 'increase', 'percent', 'population', 'support']"
v0_092_call_for_proposals_under_dst_ic_impact_indo_canada_joint_research_programmes,Poonam Choudhary,"['advance', 'city', 'design', 'energy consumption', 'environment', 'material', 'opportunity', 'percent', 'population', 'smart city', 'use']"
v0_092_call_for_proposals_under_dst_ic_impact_indo_canada_joint_research_programmes,Prabhat Kumar Mandal,"['centre', 'energy consumption', 'environment', 'percent', 'population', 'smart city', 'system']"
v0_092_call_for_proposals_under_dst_ic_impact_indo_canada_joint_research_programmes,Pranita P Sarangi,"['area', 'increase', 'material']"
v0_092_call_for_proposals_under_dst_ic_impact_indo_canada_joint_research_programmes,Pravindra Kumar,"['area', 'city', 'environment', 'percent', 'population', 'result', 'smart city', 'system', 'use']"
v0_092_call_for_proposals_under_dst_ic_impact_indo_canada_joint_research_programmes,Prince Tiwari,"['area', 'city', 'design', 'efficiency', 'material', 'number', 'smart city', 'system', 'use', 'world']"
v0_092_call_for_proposals_under_dst_ic_impact_indo_canada_joint_research_programmes,R. P. Singh,"['advance', 'area', 'design', 'energy consumption', 'increase', 'material', 'number', 'opportunity', 'percent', 'support', 'world']"
v0_092_call_for_proposals_under_dst_ic_impact_indo_canada_joint_research_programmes,Ramasare Prasad,"['area', 'centre', 'city', 'environment', 'material', 'percent', 'population', 'result', 'smart city']"
v0_092_call_for_proposals_under_dst_ic_impact_indo_canada_joint_research_programmes,Ranjana Pathania,"['design', 'efficiency', 'environment', 'increase', 'material', 'number', 'percent', 'population']"
v0_092_call_for_proposals_under_dst_ic_impact_indo_canada_joint_research_programmes,Sanjoy Ghosh,"['energy consumption', 'environment', 'impact', 'increase', 'material', 'need', 'percent', 'population']"
v0_092_call_for_proposals_under_dst_ic_impact_indo_canada_joint_research_programmes,Saugata Hazra,"['centre', 'design', 'energy consumption', 'environment', 'material', 'opportunity', 'percent', 'system']"
v0_092_call_for_proposals_under_dst_ic_impact_indo_canada_joint_research_programmes,Shailly Tomar,"['environment', 'material', 'percent']"
v0_092_call_for_proposals_under_dst_ic_impact_indo_canada_joint_research_programmes,Shri Ram Yadav,"['centre', 'energy consumption', 'impact', 'percent', 'population', 'system', 'world']"
v0_092_call_for_proposals_under_dst_ic_impact_indo_canada_joint_research_programmes,Soma Rohatgi,"['area', 'efficiency', 'impact', 'increase', 'material', 'need', 'percent', 'result', 'smart city', 'world']"
v0_092_call_for_proposals_under_dst_ic_impact_indo_canada_joint_research_programmes,Sachin Suresh Tiwari,"['area', 'centre', 'city', 'efficiency', 'increase', 'need', 'opportunity', 'percent', 'population', 'use', 'world']"
v0_092_call_for_proposals_under_dst_ic_impact_indo_canada_joint_research_programmes,Jitin Singla,"['advance', 'area', 'number', 'population', 'support', 'world']"
v0_092_call_for_proposals_under_dst_ic_impact_indo_canada_joint_research_programmes,Rajesh Kumar,"['area', 'centre', 'city', 'design', 'efficiency', 'energy consumption', 'environment', 'increase', 'material', 'percent', 'population', 'smart city', 'world']"
v0_092_call_for_proposals_under_dst_ic_impact_indo_canada_joint_research_programmes,Akhil Upadhyay,"['advance', 'building', 'centre', 'city', 'design', 'efficiency', 'energy consumption', 'environment', 'number', 'percent']"
v0_093_2019_brics_calls_for_proposals_for_multilateral_rd_projects,Arindam Biswas,"['application', 'area', 'country', 'department', 'development', 'disaster', 'foundation', 'india', 'material', 'priority', 'resource', 'support']"
v0_093_2019_brics_calls_for_proposals_for_multilateral_rd_projects,Avlokita Agrawal,"['application', 'country', 'department', 'development', 'foundation', 'india', 'major', 'resource', 'support']"
v0_093_2019_brics_calls_for_proposals_for_multilateral_rd_projects,Gaurav Raheja,"['application', 'area', 'department', 'development', 'foundation', 'india', 'information technology', 'resource', 'support']"
v0_093_2019_brics_calls_for_proposals_for_multilateral_rd_projects,Harshit Sosan Lakra,[]
v0_093_2019_brics_calls_for_proposals_for_multilateral_rd_projects,Mahua Mukherjee,"['application', 'department', 'development', 'disaster', 'foundation', 'india', 'information technology', 'material', 'priority', 'support']"
v0_093_2019_brics_calls_for_proposals_for_multilateral_rd_projects,Prabhjot Singh Chani,"['application', 'country', 'department', 'development', 'disaster', 'efficiency', 'india', 'information technology', 'major', 'priority', 'support']"
v0_093_2019_brics_calls_for_proposals_for_multilateral_rd_projects,E Rajasekar,"['area', 'country', 'disaster', 'foundation', 'major', 'material', 'priority', 'resource', 'support']"
v0_093_2019_brics_calls_for_proposals_for_multilateral_rd_projects,Ram Sateesh Pasupuleti,"['application', 'area', 'disaster', 'foundation', 'major', 'material', 'priority', 'support']"
v0_093_2019_brics_calls_for_proposals_for_multilateral_rd_projects,Saptarshi Kolay,"['application', 'area', 'development', 'disaster', 'foundation', 'information technology', 'material', 'priority', 'resource', 'support']"
v0_093_2019_brics_calls_for_proposals_for_multilateral_rd_projects,Shubhajit Sadhukhan,"['application', 'area', 'country', 'department', 'development', 'foundation', 'information technology', 'material', 'priority', 'resource', 'support']"
v0_093_2019_brics_calls_for_proposals_for_multilateral_rd_projects,Smriti Saraswat,"['application', 'department', 'development', 'foundation', 'india', 'priority', 'resource']"
v0_093_2019_brics_calls_for_proposals_for_multilateral_rd_projects,Sonal Atreya,"['application', 'area', 'country', 'disaster', 'foundation', 'information technology', 'major', 'material', 'priority', 'resource', 'support']"
v0_093_2019_brics_calls_for_proposals_for_multilateral_rd_projects,Tina Pujara,"['application', 'disaster', 'foundation', 'major']"
v0_093_2019_brics_calls_for_proposals_for_multilateral_rd_projects,Uttam Kumar Roy,"['application', 'department', 'foundation', 'information technology', 'major', 'material', 'priority', 'resource', 'support']"
v0_093_2019_brics_calls_for_proposals_for_multilateral_rd_projects,V Devadas,"['application', 'area', 'department', 'development', 'disaster', 'foundation', 'information technology', 'resource']"
v0_093_2019_brics_calls_for_proposals_for_multilateral_rd_projects,Jaydev Dabas,"['application', 'area', 'efficiency', 'foundation', 'information technology', 'major', 'support']"
v0_093_2019_brics_calls_for_proposals_for_multilateral_rd_projects,Millie Pant,"['application', 'area', 'department', 'development', 'efficiency', 'foundation', 'material', 'support']"
v0_093_2019_brics_calls_for_proposals_for_multilateral_rd_projects,Rajan Arora,"['application', 'country', 'department', 'foundation', 'information technology', 'major', 'support']"
v0_093_2019_brics_calls_for_proposals_for_multilateral_rd_projects,Ashwani Kumar Sharma,"['area', 'department', 'development', 'disaster', 'foundation', 'india', 'major', 'material']"
v0_093_2019_brics_calls_for_proposals_for_multilateral_rd_projects,Bijan Choudhury,"['application', 'area', 'department', 'development', 'disaster', 'foundation', 'india', 'information technology', 'material', 'priority']"
v0_093_2019_brics_calls_for_proposals_for_multilateral_rd_projects,Debabrata Sircar,"['application', 'country', 'disaster', 'foundation', 'material', 'priority', 'resource', 'support']"
v0_093_2019_brics_calls_for_proposals_for_multilateral_rd_projects,Deepak Sharma,"['application', 'area', 'country', 'department', 'disaster', 'foundation', 'major', 'material', 'resource']"
v0_093_2019_brics_calls_for_proposals_for_multilateral_rd_projects,P Gopinath,"['application', 'department', 'development', 'information technology', 'material']"
v0_093_2019_brics_calls_for_proposals_for_multilateral_rd_projects,Harsh Chauhan,"['application', 'area', 'country', 'department', 'development', 'disaster', 'foundation', 'india', 'information technology', 'support']"
v0_093_2019_brics_calls_for_proposals_for_multilateral_rd_projects,Srinivas Kiran Ambatipudi,[]
v0_093_2019_brics_calls_for_proposals_for_multilateral_rd_projects,Krishna Mohan Poluri,"['area', 'department', 'development', 'information technology', 'material', 'resource']"
v0_093_2019_brics_calls_for_proposals_for_multilateral_rd_projects,Maya S.Nair,"['application', 'country', 'foundation', 'major', 'priority', 'resource', 'support']"
v0_093_2019_brics_calls_for_proposals_for_multilateral_rd_projects,N K Navani,"['department', 'development', 'disaster', 'foundation', 'material', 'support']"
v0_093_2019_brics_calls_for_proposals_for_multilateral_rd_projects,Partha Roy,"['application', 'area', 'department', 'development', 'foundation', 'information technology', 'priority', 'support']"
v0_093_2019_brics_calls_for_proposals_for_multilateral_rd_projects,Poonam Choudhary,"['application', 'department', 'disaster', 'foundation', 'information technology', 'major', 'material', 'priority', 'resource']"
v0_093_2019_brics_calls_for_proposals_for_multilateral_rd_projects,Prabhat Kumar Mandal,"['application', 'department', 'development', 'disaster', 'foundation', 'major', 'resource']"
v0_093_2019_brics_calls_for_proposals_for_multilateral_rd_projects,Pranita P Sarangi,"['area', 'disaster', 'material', 'resource']"
v0_093_2019_brics_calls_for_proposals_for_multilateral_rd_projects,Pravindra Kumar,"['application', 'area', 'department', 'development', 'disaster', 'foundation', 'major']"
v0_093_2019_brics_calls_for_proposals_for_multilateral_rd_projects,Prince Tiwari,"['application', 'area', 'department', 'disaster', 'efficiency', 'major', 'material', 'priority']"
v0_093_2019_brics_calls_for_proposals_for_multilateral_rd_projects,R. P. Singh,"['application', 'area', 'department', 'development', 'foundation', 'major', 'material', 'priority', 'support']"
v0_093_2019_brics_calls_for_proposals_for_multilateral_rd_projects,Ramasare Prasad,"['application', 'area', 'country', 'department', 'development', 'disaster', 'foundation', 'information technology', 'major', 'material', 'priority']"
v0_093_2019_brics_calls_for_proposals_for_multilateral_rd_projects,Ranjana Pathania,"['application', 'department', 'development', 'efficiency', 'material']"
v0_093_2019_brics_calls_for_proposals_for_multilateral_rd_projects,Sanjoy Ghosh,"['application', 'country', 'department', 'disaster', 'foundation', 'information technology', 'material']"
v0_093_2019_brics_calls_for_proposals_for_multilateral_rd_projects,Saugata Hazra,"['department', 'development', 'disaster', 'foundation', 'material', 'resource']"
v0_093_2019_brics_calls_for_proposals_for_multilateral_rd_projects,Shailly Tomar,"['application', 'department', 'development', 'disaster', 'material', 'resource']"
v0_093_2019_brics_calls_for_proposals_for_multilateral_rd_projects,Shri Ram Yadav,"['application', 'department', 'foundation']"
v0_093_2019_brics_calls_for_proposals_for_multilateral_rd_projects,Soma Rohatgi,"['application', 'area', 'development', 'disaster', 'efficiency', 'foundation', 'major', 'material', 'resource']"
v0_093_2019_brics_calls_for_proposals_for_multilateral_rd_projects,Sachin Suresh Tiwari,"['application', 'area', 'country', 'department', 'disaster', 'efficiency', 'foundation', 'india', 'resource']"
v0_093_2019_brics_calls_for_proposals_for_multilateral_rd_projects,Jitin Singla,"['application', 'area', 'disaster', 'foundation', 'information technology', 'support']"
v0_093_2019_brics_calls_for_proposals_for_multilateral_rd_projects,Rajesh Kumar,"['application', 'area', 'department', 'development', 'efficiency', 'foundation', 'india', 'information technology', 'major', 'material', 'priority', 'resource']"
v0_093_2019_brics_calls_for_proposals_for_multilateral_rd_projects,Akhil Upadhyay,"['country', 'department', 'efficiency', 'foundation', 'resource']"
v0_094_global_cooling_prize,Arindam Biswas,"['application', 'challenge', 'condition', 'demand', 'department', 'environment', 'india', 'institute', 'threat', 'year']"
v0_094_global_cooling_prize,Avlokita Agrawal,"['application', 'condition', 'department', 'environment', 'global warming', 'impact', 'india', 'institute', 'solution', 'threat']"
v0_094_global_cooling_prize,Gaurav Raheja,"['application', 'challenge', 'department', 'environment', 'global warming', 'india', 'institute', 'solution', 'threat']"
v0_094_global_cooling_prize,Harshit Sosan Lakra,['threat']
v0_094_global_cooling_prize,Mahua Mukherjee,"['application', 'condition', 'demand', 'department', 'environment', 'global warming', 'india', 'institute', 'solution']"
v0_094_global_cooling_prize,Prabhjot Singh Chani,"['application', 'challenge', 'condition', 'department', 'environment', 'india', 'institute', 'solution']"
v0_094_global_cooling_prize,E Rajasekar,"['condition', 'demand', 'impact', 'solution', 'threat', 'year']"
v0_094_global_cooling_prize,Ram Sateesh Pasupuleti,"['application', 'challenge', 'condition', 'institute', 'solution', 'threat', 'year']"
v0_094_global_cooling_prize,Saptarshi Kolay,"['application', 'challenge', 'condition', 'demand', 'institute', 'threat', 'world', 'year']"
v0_094_global_cooling_prize,Shubhajit Sadhukhan,"['application', 'condition', 'demand', 'department', 'environment', 'impact', 'threat']"
v0_094_global_cooling_prize,Smriti Saraswat,"['application', 'condition', 'demand', 'department', 'environment', 'india', 'solution']"
v0_094_global_cooling_prize,Sonal Atreya,"['application', 'challenge', 'condition', 'demand', 'impact', 'institute', 'solution', 'threat', 'world']"
v0_094_global_cooling_prize,Tina Pujara,"['application', 'condition', 'impact', 'solution', 'world']"
v0_094_global_cooling_prize,Uttam Kumar Roy,"['application', 'condition', 'department', 'environment']"
v0_094_global_cooling_prize,V Devadas,"['application', 'condition', 'demand', 'department', 'environment', 'impact', 'solution', 'threat', 'world', 'year']"
v0_094_global_cooling_prize,Jaydev Dabas,"['application', 'condition', 'institute', 'solution', 'world']"
v0_094_global_cooling_prize,Millie Pant,"['application', 'demand', 'department', 'environment', 'global warming']"
v0_094_global_cooling_prize,Rajan Arora,"['application', 'condition', 'department', 'environment', 'solution', 'world']"
v0_094_global_cooling_prize,Ashwani Kumar Sharma,"['demand', 'department', 'environment', 'global warming', 'india', 'threat']"
v0_094_global_cooling_prize,Bijan Choudhury,"['application', 'condition', 'demand', 'department', 'environment', 'impact', 'india', 'institute', 'solution', 'threat', 'year']"
v0_094_global_cooling_prize,Debabrata Sircar,"['application', 'condition', 'demand', 'global warming', 'institute']"
v0_094_global_cooling_prize,Deepak Sharma,"['application', 'challenge', 'condition', 'department', 'institute', 'solution', 'threat']"
v0_094_global_cooling_prize,P Gopinath,"['application', 'challenge', 'condition', 'department', 'environment', 'impact']"
v0_094_global_cooling_prize,Harsh Chauhan,"['application', 'condition', 'demand', 'department', 'environment', 'india', 'institute', 'threat', 'year']"
v0_094_global_cooling_prize,Srinivas Kiran Ambatipudi,[]
v0_094_global_cooling_prize,Krishna Mohan Poluri,"['demand', 'department', 'environment', 'threat', 'year']"
v0_094_global_cooling_prize,Maya S.Nair,"['application', 'challenge', 'condition', 'demand', 'impact', 'threat']"
v0_094_global_cooling_prize,N K Navani,"['condition', 'demand', 'department', 'environment', 'threat']"
v0_094_global_cooling_prize,Partha Roy,"['application', 'challenge', 'condition', 'demand', 'department', 'environment', 'impact', 'institute', 'solution', 'threat', 'year']"
v0_094_global_cooling_prize,Poonam Choudhary,"['application', 'challenge', 'condition', 'demand', 'department', 'environment', 'solution', 'threat']"
v0_094_global_cooling_prize,Prabhat Kumar Mandal,"['application', 'challenge', 'condition', 'department', 'environment', 'global warming', 'solution']"
v0_094_global_cooling_prize,Pranita P Sarangi,"['institute', 'threat', 'year']"
v0_094_global_cooling_prize,Pravindra Kumar,"['application', 'demand', 'department', 'environment', 'global warming', 'solution', 'threat']"
v0_094_global_cooling_prize,Prince Tiwari,"['application', 'challenge', 'condition', 'department', 'global warming', 'institute', 'world']"
v0_094_global_cooling_prize,R. P. Singh,"['application', 'condition', 'demand', 'department', 'institute', 'threat', 'world', 'year']"
v0_094_global_cooling_prize,Ramasare Prasad,"['application', 'department', 'environment', 'institute', 'solution', 'threat']"
v0_094_global_cooling_prize,Ranjana Pathania,"['application', 'department', 'environment', 'global warming', 'institute', 'solution']"
v0_094_global_cooling_prize,Sanjoy Ghosh,"['application', 'challenge', 'condition', 'department', 'environment', 'impact', 'solution']"
v0_094_global_cooling_prize,Saugata Hazra,"['condition', 'department', 'environment', 'global warming', 'threat']"
v0_094_global_cooling_prize,Shailly Tomar,"['application', 'condition', 'demand', 'department', 'environment', 'global warming', 'solution', 'threat']"
v0_094_global_cooling_prize,Shri Ram Yadav,"['application', 'condition', 'department', 'impact', 'institute', 'world']"
v0_094_global_cooling_prize,Soma Rohatgi,"['application', 'condition', 'global warming', 'impact', 'world']"
v0_094_global_cooling_prize,Sachin Suresh Tiwari,"['application', 'challenge', 'condition', 'demand', 'department', 'india', 'solution', 'threat', 'world', 'year']"
v0_094_global_cooling_prize,Jitin Singla,"['application', 'condition', 'solution', 'world']"
v0_094_global_cooling_prize,Rajesh Kumar,"['application', 'condition', 'demand', 'department', 'environment', 'india', 'institute', 'solution', 'world', 'year']"
v0_094_global_cooling_prize,Akhil Upadhyay,"['challenge', 'condition', 'department', 'environment', 'solution']"
v0_095_wti_call_2019_research_technology_innovation_on_nexus_of_water_with_energy_food_and_health,Arindam Biswas,"['application', 'challenge', 'country', 'demand', 'development', 'need', 'study', 'support']"
v0_095_wti_call_2019_research_technology_innovation_on_nexus_of_water_with_energy_food_and_health,Avlokita Agrawal,"['application', 'country', 'development', 'lab', 'need', 'process', 'solution', 'study', 'support']"
v0_095_wti_call_2019_research_technology_innovation_on_nexus_of_water_with_energy_food_and_health,Gaurav Raheja,"['application', 'challenge', 'development', 'field', 'need', 'solution', 'study', 'support']"
v0_095_wti_call_2019_research_technology_innovation_on_nexus_of_water_with_energy_food_and_health,Harshit Sosan Lakra,[]
v0_095_wti_call_2019_research_technology_innovation_on_nexus_of_water_with_energy_food_and_health,Mahua Mukherjee,"['application', 'demand', 'development', 'process', 'solution', 'study', 'support']"
v0_095_wti_call_2019_research_technology_innovation_on_nexus_of_water_with_energy_food_and_health,Prabhjot Singh Chani,"['application', 'challenge', 'country', 'development', 'efficiency', 'lab', 'solution', 'support']"
v0_095_wti_call_2019_research_technology_innovation_on_nexus_of_water_with_energy_food_and_health,E Rajasekar,"['country', 'demand', 'objective', 'solution', 'support']"
v0_095_wti_call_2019_research_technology_innovation_on_nexus_of_water_with_energy_food_and_health,Ram Sateesh Pasupuleti,"['application', 'challenge', 'objective', 'solution', 'support']"
v0_095_wti_call_2019_research_technology_innovation_on_nexus_of_water_with_energy_food_and_health,Saptarshi Kolay,"['application', 'challenge', 'demand', 'development', 'lab', 'process', 'support', 'use']"
v0_095_wti_call_2019_research_technology_innovation_on_nexus_of_water_with_energy_food_and_health,Shubhajit Sadhukhan,"['application', 'country', 'demand', 'development', 'process', 'support', 'use']"
v0_095_wti_call_2019_research_technology_innovation_on_nexus_of_water_with_energy_food_and_health,Smriti Saraswat,"['application', 'demand', 'development', 'process', 'solution', 'use']"
v0_095_wti_call_2019_research_technology_innovation_on_nexus_of_water_with_energy_food_and_health,Sonal Atreya,"['application', 'challenge', 'country', 'demand', 'process', 'solution', 'support', 'use']"
v0_095_wti_call_2019_research_technology_innovation_on_nexus_of_water_with_energy_food_and_health,Tina Pujara,"['application', 'solution', 'use']"
v0_095_wti_call_2019_research_technology_innovation_on_nexus_of_water_with_energy_food_and_health,Uttam Kumar Roy,"['application', 'process', 'support']"
v0_095_wti_call_2019_research_technology_innovation_on_nexus_of_water_with_energy_food_and_health,V Devadas,"['application', 'demand', 'development', 'solution', 'study', 'use']"
v0_095_wti_call_2019_research_technology_innovation_on_nexus_of_water_with_energy_food_and_health,Jaydev Dabas,"['application', 'efficiency', 'lab', 'process', 'solution', 'support']"
v0_095_wti_call_2019_research_technology_innovation_on_nexus_of_water_with_energy_food_and_health,Millie Pant,"['application', 'demand', 'development', 'efficiency', 'objective', 'process', 'study', 'support']"
v0_095_wti_call_2019_research_technology_innovation_on_nexus_of_water_with_energy_food_and_health,Rajan Arora,"['application', 'country', 'field', 'solution', 'support']"
v0_095_wti_call_2019_research_technology_innovation_on_nexus_of_water_with_energy_food_and_health,Ashwani Kumar Sharma,"['demand', 'development', 'lab', 'process']"
v0_095_wti_call_2019_research_technology_innovation_on_nexus_of_water_with_energy_food_and_health,Bijan Choudhury,"['application', 'demand', 'development', 'solution']"
v0_095_wti_call_2019_research_technology_innovation_on_nexus_of_water_with_energy_food_and_health,Debabrata Sircar,"['application', 'country', 'demand', 'objective', 'process', 'study', 'support']"
v0_095_wti_call_2019_research_technology_innovation_on_nexus_of_water_with_energy_food_and_health,Deepak Sharma,"['application', 'challenge', 'country', 'objective', 'process', 'solution', 'study']"
v0_095_wti_call_2019_research_technology_innovation_on_nexus_of_water_with_energy_food_and_health,P Gopinath,"['application', 'challenge', 'development', 'use']"
v0_095_wti_call_2019_research_technology_innovation_on_nexus_of_water_with_energy_food_and_health,Harsh Chauhan,"['application', 'country', 'demand', 'development', 'field', 'need', 'process', 'study', 'support', 'use']"
v0_095_wti_call_2019_research_technology_innovation_on_nexus_of_water_with_energy_food_and_health,Srinivas Kiran Ambatipudi,['lab']
v0_095_wti_call_2019_research_technology_innovation_on_nexus_of_water_with_energy_food_and_health,Krishna Mohan Poluri,"['demand', 'development', 'field', 'need']"
v0_095_wti_call_2019_research_technology_innovation_on_nexus_of_water_with_energy_food_and_health,Maya S.Nair,"['application', 'challenge', 'country', 'demand', 'lab', 'need', 'process', 'support']"
v0_095_wti_call_2019_research_technology_innovation_on_nexus_of_water_with_energy_food_and_health,N K Navani,"['demand', 'development', 'lab', 'process', 'support', 'use']"
v0_095_wti_call_2019_research_technology_innovation_on_nexus_of_water_with_energy_food_and_health,Partha Roy,"['application', 'challenge', 'demand', 'development', 'solution', 'support']"
v0_095_wti_call_2019_research_technology_innovation_on_nexus_of_water_with_energy_food_and_health,Poonam Choudhary,"['application', 'challenge', 'demand', 'lab', 'objective', 'process', 'solution', 'study', 'use']"
v0_095_wti_call_2019_research_technology_innovation_on_nexus_of_water_with_energy_food_and_health,Prabhat Kumar Mandal,"['application', 'challenge', 'development', 'objective', 'process', 'solution']"
v0_095_wti_call_2019_research_technology_innovation_on_nexus_of_water_with_energy_food_and_health,Pranita P Sarangi,['process']
v0_095_wti_call_2019_research_technology_innovation_on_nexus_of_water_with_energy_food_and_health,Pravindra Kumar,"['application', 'demand', 'development', 'solution', 'study', 'use']"
v0_095_wti_call_2019_research_technology_innovation_on_nexus_of_water_with_energy_food_and_health,Prince Tiwari,"['application', 'challenge', 'efficiency', 'process', 'use']"
v0_095_wti_call_2019_research_technology_innovation_on_nexus_of_water_with_energy_food_and_health,R. P. Singh,"['application', 'demand', 'development', 'field', 'support']"
v0_095_wti_call_2019_research_technology_innovation_on_nexus_of_water_with_energy_food_and_health,Ramasare Prasad,"['application', 'country', 'development', 'process', 'solution', 'study']"
v0_095_wti_call_2019_research_technology_innovation_on_nexus_of_water_with_energy_food_and_health,Ranjana Pathania,"['application', 'development', 'efficiency', 'solution']"
v0_095_wti_call_2019_research_technology_innovation_on_nexus_of_water_with_energy_food_and_health,Sanjoy Ghosh,"['application', 'challenge', 'country', 'field', 'need', 'objective', 'process', 'solution', 'study']"
v0_095_wti_call_2019_research_technology_innovation_on_nexus_of_water_with_energy_food_and_health,Saugata Hazra,"['development', 'field', 'study']"
v0_095_wti_call_2019_research_technology_innovation_on_nexus_of_water_with_energy_food_and_health,Shailly Tomar,"['application', 'demand', 'development', 'process', 'solution']"
v0_095_wti_call_2019_research_technology_innovation_on_nexus_of_water_with_energy_food_and_health,Shri Ram Yadav,['application']
v0_095_wti_call_2019_research_technology_innovation_on_nexus_of_water_with_energy_food_and_health,Soma Rohatgi,"['application', 'development', 'efficiency', 'need']"
v0_095_wti_call_2019_research_technology_innovation_on_nexus_of_water_with_energy_food_and_health,Sachin Suresh Tiwari,"['application', 'challenge', 'country', 'demand', 'efficiency', 'need', 'objective', 'process', 'solution', 'use']"
v0_095_wti_call_2019_research_technology_innovation_on_nexus_of_water_with_energy_food_and_health,Jitin Singla,"['application', 'process', 'solution', 'support']"
v0_095_wti_call_2019_research_technology_innovation_on_nexus_of_water_with_energy_food_and_health,Rajesh Kumar,"['application', 'demand', 'development', 'efficiency', 'field', 'process', 'solution', 'study']"
v0_095_wti_call_2019_research_technology_innovation_on_nexus_of_water_with_energy_food_and_health,Akhil Upadhyay,"['challenge', 'country', 'efficiency', 'process', 'solution', 'study']"
v0_096_ukieri_dst_partnership_development_workshops,Arindam Biswas,"['application', 'country', 'department', 'development', 'india', 'result', 'support']"
v0_096_ukieri_dst_partnership_development_workshops,Avlokita Agrawal,"['application', 'country', 'department', 'development', 'education sector', 'india', 'support']"
v0_096_ukieri_dst_partnership_development_workshops,Gaurav Raheja,"['application', 'department', 'development', 'education sector', 'india', 'result', 'support']"
v0_096_ukieri_dst_partnership_development_workshops,Harshit Sosan Lakra,[]
v0_096_ukieri_dst_partnership_development_workshops,Mahua Mukherjee,"['application', 'department', 'development', 'education sector', 'india', 'support']"
v0_096_ukieri_dst_partnership_development_workshops,Prabhjot Singh Chani,"['application', 'country', 'department', 'development', 'education sector', 'india', 'support']"
v0_096_ukieri_dst_partnership_development_workshops,E Rajasekar,"['country', 'education sector', 'result', 'support']"
v0_096_ukieri_dst_partnership_development_workshops,Ram Sateesh Pasupuleti,"['application', 'education sector', 'support']"
v0_096_ukieri_dst_partnership_development_workshops,Saptarshi Kolay,"['application', 'development', 'education sector', 'result', 'support']"
v0_096_ukieri_dst_partnership_development_workshops,Shubhajit Sadhukhan,"['application', 'country', 'department', 'development', 'education sector', 'support']"
v0_096_ukieri_dst_partnership_development_workshops,Smriti Saraswat,"['application', 'department', 'development', 'education sector', 'india', 'result']"
v0_096_ukieri_dst_partnership_development_workshops,Sonal Atreya,"['application', 'country', 'result', 'support']"
v0_096_ukieri_dst_partnership_development_workshops,Tina Pujara,"['application', 'british', 'education sector']"
v0_096_ukieri_dst_partnership_development_workshops,Uttam Kumar Roy,"['application', 'department', 'education sector', 'result', 'support']"
v0_096_ukieri_dst_partnership_development_workshops,V Devadas,"['application', 'department', 'development', 'education sector', 'result']"
v0_096_ukieri_dst_partnership_development_workshops,Jaydev Dabas,"['application', 'education sector', 'result', 'support']"
v0_096_ukieri_dst_partnership_development_workshops,Millie Pant,"['application', 'department', 'development', 'education sector', 'support']"
v0_096_ukieri_dst_partnership_development_workshops,Rajan Arora,"['application', 'country', 'department', 'education sector', 'support']"
v0_096_ukieri_dst_partnership_development_workshops,Ashwani Kumar Sharma,"['department', 'development', 'education sector', 'india']"
v0_096_ukieri_dst_partnership_development_workshops,Bijan Choudhury,"['application', 'department', 'development', 'education sector', 'india']"
v0_096_ukieri_dst_partnership_development_workshops,Debabrata Sircar,"['application', 'british', 'country', 'support']"
v0_096_ukieri_dst_partnership_development_workshops,Deepak Sharma,"['application', 'country', 'department', 'education sector']"
v0_096_ukieri_dst_partnership_development_workshops,P Gopinath,"['application', 'department', 'development', 'education sector']"
v0_096_ukieri_dst_partnership_development_workshops,Harsh Chauhan,"['application', 'country', 'department', 'development', 'education sector', 'india', 'support']"
v0_096_ukieri_dst_partnership_development_workshops,Srinivas Kiran Ambatipudi,[]
v0_096_ukieri_dst_partnership_development_workshops,Krishna Mohan Poluri,"['department', 'development', 'result']"
v0_096_ukieri_dst_partnership_development_workshops,Maya S.Nair,"['application', 'country', 'education sector', 'support']"
v0_096_ukieri_dst_partnership_development_workshops,N K Navani,"['department', 'development', 'support']"
v0_096_ukieri_dst_partnership_development_workshops,Partha Roy,"['application', 'department', 'development', 'education sector', 'support']"
v0_096_ukieri_dst_partnership_development_workshops,Poonam Choudhary,"['application', 'department', 'education sector']"
v0_096_ukieri_dst_partnership_development_workshops,Prabhat Kumar Mandal,"['application', 'department', 'development', 'education sector']"
v0_096_ukieri_dst_partnership_development_workshops,Pranita P Sarangi,[]
v0_096_ukieri_dst_partnership_development_workshops,Pravindra Kumar,"['application', 'department', 'development', 'education sector', 'result']"
v0_096_ukieri_dst_partnership_development_workshops,Prince Tiwari,"['application', 'british', 'department']"
v0_096_ukieri_dst_partnership_development_workshops,R. P. Singh,"['application', 'department', 'development', 'education sector', 'support']"
v0_096_ukieri_dst_partnership_development_workshops,Ramasare Prasad,"['application', 'country', 'department', 'development', 'education sector', 'result']"
v0_096_ukieri_dst_partnership_development_workshops,Ranjana Pathania,"['application', 'department', 'development']"
v0_096_ukieri_dst_partnership_development_workshops,Sanjoy Ghosh,"['application', 'british', 'country', 'department', 'education sector']"
v0_096_ukieri_dst_partnership_development_workshops,Saugata Hazra,"['department', 'development', 'education sector']"
v0_096_ukieri_dst_partnership_development_workshops,Shailly Tomar,"['application', 'department', 'development']"
v0_096_ukieri_dst_partnership_development_workshops,Shri Ram Yadav,"['application', 'department']"
v0_096_ukieri_dst_partnership_development_workshops,Soma Rohatgi,"['application', 'development', 'result']"
v0_096_ukieri_dst_partnership_development_workshops,Sachin Suresh Tiwari,"['application', 'country', 'department', 'education sector', 'india']"
v0_096_ukieri_dst_partnership_development_workshops,Jitin Singla,"['application', 'education sector', 'support']"
v0_096_ukieri_dst_partnership_development_workshops,Rajesh Kumar,"['application', 'department', 'development', 'education sector', 'india']"
v0_096_ukieri_dst_partnership_development_workshops,Akhil Upadhyay,"['country', 'department', 'education sector']"
v0_097_call_for_joint_project_proposals_2019___india_czech_bilateral_scientific_and_technological_cooperation,Arindam Biswas,"['area', 'country', 'department', 'development', 'india', 'institute', 'material', 'priority']"
v0_097_call_for_joint_project_proposals_2019___india_czech_bilateral_scientific_and_technological_cooperation,Avlokita Agrawal,"['centre', 'country', 'department', 'development', 'india', 'institute']"
v0_097_call_for_joint_project_proposals_2019___india_czech_bilateral_scientific_and_technological_cooperation,Gaurav Raheja,"['area', 'department', 'development', 'india', 'institute']"
v0_097_call_for_joint_project_proposals_2019___india_czech_bilateral_scientific_and_technological_cooperation,Harshit Sosan Lakra,[]
v0_097_call_for_joint_project_proposals_2019___india_czech_bilateral_scientific_and_technological_cooperation,Mahua Mukherjee,"['centre', 'department', 'development', 'india', 'institute', 'material', 'priority']"
v0_097_call_for_joint_project_proposals_2019___india_czech_bilateral_scientific_and_technological_cooperation,Prabhjot Singh Chani,"['country', 'department', 'development', 'india', 'institute', 'member', 'priority']"
v0_097_call_for_joint_project_proposals_2019___india_czech_bilateral_scientific_and_technological_cooperation,E Rajasekar,"['area', 'country', 'material', 'number', 'objective', 'priority']"
v0_097_call_for_joint_project_proposals_2019___india_czech_bilateral_scientific_and_technological_cooperation,Ram Sateesh Pasupuleti,"['area', 'centre', 'institute', 'material', 'member', 'number', 'objective', 'priority']"
v0_097_call_for_joint_project_proposals_2019___india_czech_bilateral_scientific_and_technological_cooperation,Saptarshi Kolay,"['area', 'centre', 'development', 'institute', 'material', 'priority']"
v0_097_call_for_joint_project_proposals_2019___india_czech_bilateral_scientific_and_technological_cooperation,Shubhajit Sadhukhan,"['area', 'centre', 'country', 'department', 'development', 'material', 'member', 'number', 'priority']"
v0_097_call_for_joint_project_proposals_2019___india_czech_bilateral_scientific_and_technological_cooperation,Smriti Saraswat,"['centre', 'department', 'development', 'india', 'member', 'number', 'priority']"
v0_097_call_for_joint_project_proposals_2019___india_czech_bilateral_scientific_and_technological_cooperation,Sonal Atreya,"['area', 'centre', 'country', 'institute', 'material', 'member', 'number', 'priority']"
v0_097_call_for_joint_project_proposals_2019___india_czech_bilateral_scientific_and_technological_cooperation,Tina Pujara,['centre']
v0_097_call_for_joint_project_proposals_2019___india_czech_bilateral_scientific_and_technological_cooperation,Uttam Kumar Roy,"['department', 'material', 'priority']"
v0_097_call_for_joint_project_proposals_2019___india_czech_bilateral_scientific_and_technological_cooperation,V Devadas,"['area', 'centre', 'department', 'development']"
v0_097_call_for_joint_project_proposals_2019___india_czech_bilateral_scientific_and_technological_cooperation,Jaydev Dabas,"['area', 'institute']"
v0_097_call_for_joint_project_proposals_2019___india_czech_bilateral_scientific_and_technological_cooperation,Millie Pant,"['area', 'department', 'development', 'material', 'objective']"
v0_097_call_for_joint_project_proposals_2019___india_czech_bilateral_scientific_and_technological_cooperation,Rajan Arora,"['country', 'department', 'member']"
v0_097_call_for_joint_project_proposals_2019___india_czech_bilateral_scientific_and_technological_cooperation,Ashwani Kumar Sharma,"['area', 'department', 'development', 'india', 'material']"
v0_097_call_for_joint_project_proposals_2019___india_czech_bilateral_scientific_and_technological_cooperation,Bijan Choudhury,"['area', 'centre', 'department', 'development', 'india', 'institute', 'material', 'priority']"
v0_097_call_for_joint_project_proposals_2019___india_czech_bilateral_scientific_and_technological_cooperation,Debabrata Sircar,"['country', 'institute', 'material', 'objective', 'priority']"
v0_097_call_for_joint_project_proposals_2019___india_czech_bilateral_scientific_and_technological_cooperation,Deepak Sharma,"['area', 'country', 'department', 'institute', 'material', 'member', 'number', 'objective']"
v0_097_call_for_joint_project_proposals_2019___india_czech_bilateral_scientific_and_technological_cooperation,P Gopinath,"['department', 'development', 'material']"
v0_097_call_for_joint_project_proposals_2019___india_czech_bilateral_scientific_and_technological_cooperation,Harsh Chauhan,"['area', 'centre', 'country', 'department', 'development', 'india', 'institute']"
v0_097_call_for_joint_project_proposals_2019___india_czech_bilateral_scientific_and_technological_cooperation,Srinivas Kiran Ambatipudi,[]
v0_097_call_for_joint_project_proposals_2019___india_czech_bilateral_scientific_and_technological_cooperation,Krishna Mohan Poluri,"['area', 'centre', 'department', 'development', 'material']"
v0_097_call_for_joint_project_proposals_2019___india_czech_bilateral_scientific_and_technological_cooperation,Maya S.Nair,"['country', 'priority']"
v0_097_call_for_joint_project_proposals_2019___india_czech_bilateral_scientific_and_technological_cooperation,N K Navani,"['department', 'development', 'material']"
v0_097_call_for_joint_project_proposals_2019___india_czech_bilateral_scientific_and_technological_cooperation,Partha Roy,"['area', 'centre', 'department', 'development', 'institute', 'priority']"
v0_097_call_for_joint_project_proposals_2019___india_czech_bilateral_scientific_and_technological_cooperation,Poonam Choudhary,"['department', 'material', 'objective', 'priority']"
v0_097_call_for_joint_project_proposals_2019___india_czech_bilateral_scientific_and_technological_cooperation,Prabhat Kumar Mandal,"['centre', 'department', 'development', 'objective']"
v0_097_call_for_joint_project_proposals_2019___india_czech_bilateral_scientific_and_technological_cooperation,Pranita P Sarangi,"['area', 'institute', 'material']"
v0_097_call_for_joint_project_proposals_2019___india_czech_bilateral_scientific_and_technological_cooperation,Pravindra Kumar,"['area', 'department', 'development']"
v0_097_call_for_joint_project_proposals_2019___india_czech_bilateral_scientific_and_technological_cooperation,Prince Tiwari,"['area', 'department', 'institute', 'material', 'number', 'priority']"
v0_097_call_for_joint_project_proposals_2019___india_czech_bilateral_scientific_and_technological_cooperation,R. P. Singh,"['area', 'department', 'development', 'institute', 'material', 'number', 'priority']"
v0_097_call_for_joint_project_proposals_2019___india_czech_bilateral_scientific_and_technological_cooperation,Ramasare Prasad,"['area', 'centre', 'country', 'department', 'development', 'institute', 'material', 'priority']"
v0_097_call_for_joint_project_proposals_2019___india_czech_bilateral_scientific_and_technological_cooperation,Ranjana Pathania,"['department', 'development', 'institute', 'material', 'member', 'number']"
v0_097_call_for_joint_project_proposals_2019___india_czech_bilateral_scientific_and_technological_cooperation,Sanjoy Ghosh,"['country', 'department', 'material', 'objective']"
v0_097_call_for_joint_project_proposals_2019___india_czech_bilateral_scientific_and_technological_cooperation,Saugata Hazra,"['centre', 'department', 'development', 'material']"
v0_097_call_for_joint_project_proposals_2019___india_czech_bilateral_scientific_and_technological_cooperation,Shailly Tomar,"['department', 'development', 'material']"
v0_097_call_for_joint_project_proposals_2019___india_czech_bilateral_scientific_and_technological_cooperation,Shri Ram Yadav,"['centre', 'department', 'institute']"
v0_097_call_for_joint_project_proposals_2019___india_czech_bilateral_scientific_and_technological_cooperation,Soma Rohatgi,"['area', 'development', 'material']"
v0_097_call_for_joint_project_proposals_2019___india_czech_bilateral_scientific_and_technological_cooperation,Sachin Suresh Tiwari,"['area', 'centre', 'country', 'department', 'india', 'objective']"
v0_097_call_for_joint_project_proposals_2019___india_czech_bilateral_scientific_and_technological_cooperation,Jitin Singla,"['area', 'member', 'number']"
v0_097_call_for_joint_project_proposals_2019___india_czech_bilateral_scientific_and_technological_cooperation,Rajesh Kumar,"['area', 'centre', 'department', 'development', 'india', 'institute', 'material', 'priority']"
v0_097_call_for_joint_project_proposals_2019___india_czech_bilateral_scientific_and_technological_cooperation,Akhil Upadhyay,"['centre', 'country', 'department', 'member', 'number']"
v0_098_call_for_india_ethiopia_innovation__technology_commercialization_programme_ieitcp,Arindam Biswas,"['application', 'area', 'department', 'development', 'environment', 'expert', 'india', 'step', 'year']"
v0_098_call_for_india_ethiopia_innovation__technology_commercialization_programme_ieitcp,Avlokita Agrawal,"['application', 'department', 'development', 'environment', 'expert', 'impact', 'india', 'process']"
v0_098_call_for_india_ethiopia_innovation__technology_commercialization_programme_ieitcp,Gaurav Raheja,"['application', 'area', 'department', 'development', 'environment', 'expert', 'india']"
v0_098_call_for_india_ethiopia_innovation__technology_commercialization_programme_ieitcp,Harshit Sosan Lakra,[]
v0_098_call_for_india_ethiopia_innovation__technology_commercialization_programme_ieitcp,Mahua Mukherjee,"['application', 'department', 'development', 'environment', 'expert', 'india', 'process', 'step']"
v0_098_call_for_india_ethiopia_innovation__technology_commercialization_programme_ieitcp,Prabhjot Singh Chani,"['application', 'department', 'development', 'environment', 'expert', 'india']"
v0_098_call_for_india_ethiopia_innovation__technology_commercialization_programme_ieitcp,E Rajasekar,"['animal', 'area', 'expert', 'impact', 'objective', 'step', 'year']"
v0_098_call_for_india_ethiopia_innovation__technology_commercialization_programme_ieitcp,Ram Sateesh Pasupuleti,"['application', 'area', 'objective', 'year']"
v0_098_call_for_india_ethiopia_innovation__technology_commercialization_programme_ieitcp,Saptarshi Kolay,"['application', 'area', 'development', 'expert', 'process', 'step', 'year']"
v0_098_call_for_india_ethiopia_innovation__technology_commercialization_programme_ieitcp,Shubhajit Sadhukhan,"['application', 'area', 'department', 'development', 'environment', 'expert', 'impact', 'process']"
v0_098_call_for_india_ethiopia_innovation__technology_commercialization_programme_ieitcp,Smriti Saraswat,"['animal', 'application', 'department', 'development', 'environment', 'expert', 'india', 'process']"
v0_098_call_for_india_ethiopia_innovation__technology_commercialization_programme_ieitcp,Sonal Atreya,"['application', 'area', 'expert', 'impact', 'process', 'step']"
v0_098_call_for_india_ethiopia_innovation__technology_commercialization_programme_ieitcp,Tina Pujara,"['application', 'impact']"
v0_098_call_for_india_ethiopia_innovation__technology_commercialization_programme_ieitcp,Uttam Kumar Roy,"['application', 'department', 'environment', 'process']"
v0_098_call_for_india_ethiopia_innovation__technology_commercialization_programme_ieitcp,V Devadas,"['animal', 'application', 'area', 'department', 'development', 'environment', 'expert', 'impact', 'step', 'year']"
v0_098_call_for_india_ethiopia_innovation__technology_commercialization_programme_ieitcp,Jaydev Dabas,"['application', 'area', 'expert', 'process']"
v0_098_call_for_india_ethiopia_innovation__technology_commercialization_programme_ieitcp,Millie Pant,"['application', 'area', 'department', 'development', 'environment', 'expert', 'objective', 'process', 'step']"
v0_098_call_for_india_ethiopia_innovation__technology_commercialization_programme_ieitcp,Rajan Arora,"['application', 'department', 'environment', 'expert']"
v0_098_call_for_india_ethiopia_innovation__technology_commercialization_programme_ieitcp,Ashwani Kumar Sharma,"['area', 'department', 'development', 'environment', 'expert', 'india', 'process', 'step']"
v0_098_call_for_india_ethiopia_innovation__technology_commercialization_programme_ieitcp,Bijan Choudhury,"['animal', 'application', 'area', 'department', 'development', 'environment', 'expert', 'impact', 'india', 'year']"
v0_098_call_for_india_ethiopia_innovation__technology_commercialization_programme_ieitcp,Debabrata Sircar,"['application', 'expert', 'objective', 'process']"
v0_098_call_for_india_ethiopia_innovation__technology_commercialization_programme_ieitcp,Deepak Sharma,"['application', 'area', 'department', 'objective', 'process']"
v0_098_call_for_india_ethiopia_innovation__technology_commercialization_programme_ieitcp,P Gopinath,"['application', 'department', 'development', 'environment', 'impact', 'step']"
v0_098_call_for_india_ethiopia_innovation__technology_commercialization_programme_ieitcp,Harsh Chauhan,"['application', 'area', 'department', 'development', 'environment', 'expert', 'india', 'process', 'year']"
v0_098_call_for_india_ethiopia_innovation__technology_commercialization_programme_ieitcp,Srinivas Kiran Ambatipudi,[]
v0_098_call_for_india_ethiopia_innovation__technology_commercialization_programme_ieitcp,Krishna Mohan Poluri,"['area', 'department', 'development', 'environment', 'expert', 'year']"
v0_098_call_for_india_ethiopia_innovation__technology_commercialization_programme_ieitcp,Maya S.Nair,"['application', 'expert', 'impact', 'process']"
v0_098_call_for_india_ethiopia_innovation__technology_commercialization_programme_ieitcp,N K Navani,"['animal', 'department', 'development', 'environment', 'expert', 'process']"
v0_098_call_for_india_ethiopia_innovation__technology_commercialization_programme_ieitcp,Partha Roy,"['application', 'area', 'department', 'development', 'environment', 'expert', 'impact', 'year']"
v0_098_call_for_india_ethiopia_innovation__technology_commercialization_programme_ieitcp,Poonam Choudhary,"['animal', 'application', 'department', 'environment', 'objective', 'process']"
v0_098_call_for_india_ethiopia_innovation__technology_commercialization_programme_ieitcp,Prabhat Kumar Mandal,"['application', 'department', 'development', 'environment', 'expert', 'objective', 'process']"
v0_098_call_for_india_ethiopia_innovation__technology_commercialization_programme_ieitcp,Pranita P Sarangi,"['animal', 'area', 'process', 'year']"
v0_098_call_for_india_ethiopia_innovation__technology_commercialization_programme_ieitcp,Pravindra Kumar,"['application', 'area', 'department', 'development', 'environment', 'expert', 'step']"
v0_098_call_for_india_ethiopia_innovation__technology_commercialization_programme_ieitcp,Prince Tiwari,"['animal', 'application', 'area', 'department', 'expert', 'process', 'step']"
v0_098_call_for_india_ethiopia_innovation__technology_commercialization_programme_ieitcp,R. P. Singh,"['animal', 'application', 'area', 'department', 'development', 'year']"
v0_098_call_for_india_ethiopia_innovation__technology_commercialization_programme_ieitcp,Ramasare Prasad,"['animal', 'application', 'area', 'department', 'development', 'environment', 'process']"
v0_098_call_for_india_ethiopia_innovation__technology_commercialization_programme_ieitcp,Ranjana Pathania,"['animal', 'application', 'department', 'development', 'environment', 'expert']"
v0_098_call_for_india_ethiopia_innovation__technology_commercialization_programme_ieitcp,Sanjoy Ghosh,"['application', 'department', 'environment', 'impact', 'objective', 'process', 'step']"
v0_098_call_for_india_ethiopia_innovation__technology_commercialization_programme_ieitcp,Saugata Hazra,"['animal', 'department', 'development', 'environment']"
v0_098_call_for_india_ethiopia_innovation__technology_commercialization_programme_ieitcp,Shailly Tomar,"['application', 'department', 'development', 'environment', 'expert', 'process']"
v0_098_call_for_india_ethiopia_innovation__technology_commercialization_programme_ieitcp,Shri Ram Yadav,"['animal', 'application', 'department', 'impact']"
v0_098_call_for_india_ethiopia_innovation__technology_commercialization_programme_ieitcp,Soma Rohatgi,"['animal', 'application', 'area', 'development', 'impact']"
v0_098_call_for_india_ethiopia_innovation__technology_commercialization_programme_ieitcp,Sachin Suresh Tiwari,"['application', 'area', 'department', 'expert', 'india', 'objective', 'process', 'step', 'year']"
v0_098_call_for_india_ethiopia_innovation__technology_commercialization_programme_ieitcp,Jitin Singla,"['application', 'area', 'expert', 'process']"
v0_098_call_for_india_ethiopia_innovation__technology_commercialization_programme_ieitcp,Rajesh Kumar,"['animal', 'application', 'area', 'department', 'development', 'environment', 'expert', 'india', 'process', 'year']"
v0_098_call_for_india_ethiopia_innovation__technology_commercialization_programme_ieitcp,Akhil Upadhyay,"['department', 'environment', 'process']"
v0_099_call_for_proposal_of_nidhi_prayas_program,Arindam Biswas,[]
v0_099_call_for_proposal_of_nidhi_prayas_program,Avlokita Agrawal,[]
v0_099_call_for_proposal_of_nidhi_prayas_program,Gaurav Raheja,[]
v0_099_call_for_proposal_of_nidhi_prayas_program,Harshit Sosan Lakra,[]
v0_099_call_for_proposal_of_nidhi_prayas_program,Mahua Mukherjee,['general']
v0_099_call_for_proposal_of_nidhi_prayas_program,Prabhjot Singh Chani,['general']
v0_099_call_for_proposal_of_nidhi_prayas_program,E Rajasekar,[]
v0_099_call_for_proposal_of_nidhi_prayas_program,Ram Sateesh Pasupuleti,['general']
v0_099_call_for_proposal_of_nidhi_prayas_program,Saptarshi Kolay,[]
v0_099_call_for_proposal_of_nidhi_prayas_program,Shubhajit Sadhukhan,['general']
v0_099_call_for_proposal_of_nidhi_prayas_program,Smriti Saraswat,[]
v0_099_call_for_proposal_of_nidhi_prayas_program,Sonal Atreya,[]
v0_099_call_for_proposal_of_nidhi_prayas_program,Tina Pujara,['general']
v0_099_call_for_proposal_of_nidhi_prayas_program,Uttam Kumar Roy,['general']
v0_099_call_for_proposal_of_nidhi_prayas_program,V Devadas,[]
v0_099_call_for_proposal_of_nidhi_prayas_program,Jaydev Dabas,['general']
v0_099_call_for_proposal_of_nidhi_prayas_program,Millie Pant,[]
v0_099_call_for_proposal_of_nidhi_prayas_program,Rajan Arora,[]
v0_099_call_for_proposal_of_nidhi_prayas_program,Ashwani Kumar Sharma,['general']
v0_099_call_for_proposal_of_nidhi_prayas_program,Bijan Choudhury,['general']
v0_099_call_for_proposal_of_nidhi_prayas_program,Debabrata Sircar,['general']
v0_099_call_for_proposal_of_nidhi_prayas_program,Deepak Sharma,['general']
v0_099_call_for_proposal_of_nidhi_prayas_program,P Gopinath,[]
v0_099_call_for_proposal_of_nidhi_prayas_program,Harsh Chauhan,[]
v0_099_call_for_proposal_of_nidhi_prayas_program,Srinivas Kiran Ambatipudi,[]
v0_099_call_for_proposal_of_nidhi_prayas_program,Krishna Mohan Poluri,['general']
v0_099_call_for_proposal_of_nidhi_prayas_program,Maya S.Nair,[]
v0_099_call_for_proposal_of_nidhi_prayas_program,N K Navani,['general']
v0_099_call_for_proposal_of_nidhi_prayas_program,Partha Roy,[]
v0_099_call_for_proposal_of_nidhi_prayas_program,Poonam Choudhary,['general']
v0_099_call_for_proposal_of_nidhi_prayas_program,Prabhat Kumar Mandal,[]
v0_099_call_for_proposal_of_nidhi_prayas_program,Pranita P Sarangi,[]
v0_099_call_for_proposal_of_nidhi_prayas_program,Pravindra Kumar,[]
v0_099_call_for_proposal_of_nidhi_prayas_program,Prince Tiwari,[]
v0_099_call_for_proposal_of_nidhi_prayas_program,R. P. Singh,['general']
v0_099_call_for_proposal_of_nidhi_prayas_program,Ramasare Prasad,[]
v0_099_call_for_proposal_of_nidhi_prayas_program,Ranjana Pathania,['general']
v0_099_call_for_proposal_of_nidhi_prayas_program,Sanjoy Ghosh,['general']
v0_099_call_for_proposal_of_nidhi_prayas_program,Saugata Hazra,['general']
v0_099_call_for_proposal_of_nidhi_prayas_program,Shailly Tomar,[]
v0_099_call_for_proposal_of_nidhi_prayas_program,Shri Ram Yadav,[]
v0_099_call_for_proposal_of_nidhi_prayas_program,Soma Rohatgi,['general']
v0_099_call_for_proposal_of_nidhi_prayas_program,Sachin Suresh Tiwari,['general']
v0_099_call_for_proposal_of_nidhi_prayas_program,Jitin Singla,[]
v0_099_call_for_proposal_of_nidhi_prayas_program,Rajesh Kumar,[]
v0_099_call_for_proposal_of_nidhi_prayas_program,Akhil Upadhyay,['general']
v0_100_indo__poland_joint_research_programme_call_for_proposals_2019,Arindam Biswas,"['application', 'area', 'country', 'department', 'india', 'year']"
v0_100_indo__poland_joint_research_programme_call_for_proposals_2019,Avlokita Agrawal,"['application', 'country', 'department', 'india']"
v0_100_indo__poland_joint_research_programme_call_for_proposals_2019,Gaurav Raheja,"['application', 'area', 'department', 'india']"
v0_100_indo__poland_joint_research_programme_call_for_proposals_2019,Harshit Sosan Lakra,[]
v0_100_indo__poland_joint_research_programme_call_for_proposals_2019,Mahua Mukherjee,"['application', 'department', 'india']"
v0_100_indo__poland_joint_research_programme_call_for_proposals_2019,Prabhjot Singh Chani,"['application', 'country', 'department', 'india']"
v0_100_indo__poland_joint_research_programme_call_for_proposals_2019,E Rajasekar,"['area', 'country', 'year']"
v0_100_indo__poland_joint_research_programme_call_for_proposals_2019,Ram Sateesh Pasupuleti,"['application', 'area', 'year']"
v0_100_indo__poland_joint_research_programme_call_for_proposals_2019,Saptarshi Kolay,"['application', 'area', 'form', 'year']"
v0_100_indo__poland_joint_research_programme_call_for_proposals_2019,Shubhajit Sadhukhan,"['application', 'area', 'country', 'department']"
v0_100_indo__poland_joint_research_programme_call_for_proposals_2019,Smriti Saraswat,"['application', 'department', 'india']"
v0_100_indo__poland_joint_research_programme_call_for_proposals_2019,Sonal Atreya,"['application', 'area', 'country', 'form']"
v0_100_indo__poland_joint_research_programme_call_for_proposals_2019,Tina Pujara,['application']
v0_100_indo__poland_joint_research_programme_call_for_proposals_2019,Uttam Kumar Roy,"['application', 'department']"
v0_100_indo__poland_joint_research_programme_call_for_proposals_2019,V Devadas,"['application', 'area', 'department', 'form', 'year']"
v0_100_indo__poland_joint_research_programme_call_for_proposals_2019,Jaydev Dabas,"['application', 'area', 'form']"
v0_100_indo__poland_joint_research_programme_call_for_proposals_2019,Millie Pant,"['application', 'area', 'department']"
v0_100_indo__poland_joint_research_programme_call_for_proposals_2019,Rajan Arora,"['application', 'country', 'department', 'form']"
v0_100_indo__poland_joint_research_programme_call_for_proposals_2019,Ashwani Kumar Sharma,"['area', 'department', 'india']"
v0_100_indo__poland_joint_research_programme_call_for_proposals_2019,Bijan Choudhury,"['application', 'area', 'department', 'india', 'year']"
v0_100_indo__poland_joint_research_programme_call_for_proposals_2019,Debabrata Sircar,"['application', 'country']"
v0_100_indo__poland_joint_research_programme_call_for_proposals_2019,Deepak Sharma,"['application', 'area', 'country', 'department']"
v0_100_indo__poland_joint_research_programme_call_for_proposals_2019,P Gopinath,"['application', 'department']"
v0_100_indo__poland_joint_research_programme_call_for_proposals_2019,Harsh Chauhan,"['application', 'area', 'country', 'department', 'india', 'year']"
v0_100_indo__poland_joint_research_programme_call_for_proposals_2019,Srinivas Kiran Ambatipudi,[]
v0_100_indo__poland_joint_research_programme_call_for_proposals_2019,Krishna Mohan Poluri,"['area', 'department', 'year']"
v0_100_indo__poland_joint_research_programme_call_for_proposals_2019,Maya S.Nair,"['application', 'country', 'form']"
v0_100_indo__poland_joint_research_programme_call_for_proposals_2019,N K Navani,['department']
v0_100_indo__poland_joint_research_programme_call_for_proposals_2019,Partha Roy,"['application', 'area', 'department', 'year']"
v0_100_indo__poland_joint_research_programme_call_for_proposals_2019,Poonam Choudhary,"['application', 'department']"
v0_100_indo__poland_joint_research_programme_call_for_proposals_2019,Prabhat Kumar Mandal,"['application', 'department']"
v0_100_indo__poland_joint_research_programme_call_for_proposals_2019,Pranita P Sarangi,"['area', 'year']"
v0_100_indo__poland_joint_research_programme_call_for_proposals_2019,Pravindra Kumar,"['application', 'area', 'department']"
v0_100_indo__poland_joint_research_programme_call_for_proposals_2019,Prince Tiwari,"['application', 'area', 'department']"
v0_100_indo__poland_joint_research_programme_call_for_proposals_2019,R. P. Singh,"['application', 'area', 'department', 'form', 'year']"
v0_100_indo__poland_joint_research_programme_call_for_proposals_2019,Ramasare Prasad,"['application', 'area', 'country', 'department']"
v0_100_indo__poland_joint_research_programme_call_for_proposals_2019,Ranjana Pathania,"['application', 'department']"
v0_100_indo__poland_joint_research_programme_call_for_proposals_2019,Sanjoy Ghosh,"['application', 'country', 'department']"
v0_100_indo__poland_joint_research_programme_call_for_proposals_2019,Saugata Hazra,['department']
v0_100_indo__poland_joint_research_programme_call_for_proposals_2019,Shailly Tomar,"['application', 'department']"
v0_100_indo__poland_joint_research_programme_call_for_proposals_2019,Shri Ram Yadav,"['application', 'department', 'form']"
v0_100_indo__poland_joint_research_programme_call_for_proposals_2019,Soma Rohatgi,"['application', 'area']"
v0_100_indo__poland_joint_research_programme_call_for_proposals_2019,Sachin Suresh Tiwari,"['application', 'area', 'country', 'department', 'form', 'india', 'year']"
v0_100_indo__poland_joint_research_programme_call_for_proposals_2019,Jitin Singla,"['application', 'area']"
v0_100_indo__poland_joint_research_programme_call_for_proposals_2019,Rajesh Kumar,"['application', 'area', 'department', 'india', 'year']"
v0_100_indo__poland_joint_research_programme_call_for_proposals_2019,Akhil Upadhyay,"['country', 'department']"
