nsf_proposal_links_v0,researcher,team
v0_001_2nd_call_for_proposal_for_dst_sti_policy_fellowship_programme,Arindam Biswas,"['Arindam Biswas', 'Ranjana Pathania', 'Ram Sateesh Pasupuleti', 'Rajesh Kumar', 'Pranita P Sarangi']"
v0_001_2nd_call_for_proposal_for_dst_sti_policy_fellowship_programme,Avlokita Agrawal,"['Avlokita Agrawal', 'Ranjana Pathania', 'Ram Sateesh Pasupuleti', 'Rajesh Kumar', 'Pranita P Sarangi']"
v0_001_2nd_call_for_proposal_for_dst_sti_policy_fellowship_programme,Gaurav Raheja,"['Gaurav Raheja', 'Ranjana Pathania', 'Ram Sateesh Pasupuleti', 'Rajesh Kumar', 'Pranita P Sarangi']"
v0_001_2nd_call_for_proposal_for_dst_sti_policy_fellowship_programme,Harshit Sosan Lakra,"['Harshit Sosan Lakra', 'Ranjana Pathania', 'Ram Sateesh Pasupuleti', 'Rajesh Kumar', 'Pranita P Sarangi']"
v0_001_2nd_call_for_proposal_for_dst_sti_policy_fellowship_programme,Mahua Mukherjee,"['Mahua Mukherjee', 'Ranjana Pathania', 'Ram Sateesh Pasupuleti', 'Rajesh Kumar', 'Pranita P Sarangi']"
v0_001_2nd_call_for_proposal_for_dst_sti_policy_fellowship_programme,Prabhjot Singh Chani,"['Prabhjot Singh Chani', 'Ranjana Pathania', 'Ram Sateesh Pasupuleti', 'Rajesh Kumar', 'Pranita P Sarangi']"
v0_001_2nd_call_for_proposal_for_dst_sti_policy_fellowship_programme,E Rajasekar,"['E Rajasekar', 'Ranjana Pathania', 'Ram Sateesh Pasupuleti', 'Rajesh Kumar', 'Pranita P Sarangi']"
v0_001_2nd_call_for_proposal_for_dst_sti_policy_fellowship_programme,Ram Sateesh Pasupuleti,"['Ram Sateesh Pasupuleti', 'Ranjana Pathania', 'Rajesh Kumar', 'Pranita P Sarangi', 'Krishna Mohan Poluri']"
v0_001_2nd_call_for_proposal_for_dst_sti_policy_fellowship_programme,Saptarshi Kolay,"['Saptarshi Kolay', 'Ranjana Pathania', 'Ram Sateesh Pasupuleti', 'Rajesh Kumar', 'Pranita P Sarangi']"
v0_001_2nd_call_for_proposal_for_dst_sti_policy_fellowship_programme,Shubhajit Sadhukhan,"['Shubhajit Sadhukhan', 'Ranjana Pathania', 'Ram Sateesh Pasupuleti', 'Rajesh Kumar', 'Pranita P Sarangi']"
v0_001_2nd_call_for_proposal_for_dst_sti_policy_fellowship_programme,Smriti Saraswat,"['Smriti Saraswat', 'Ranjana Pathania', 'Ram Sateesh Pasupuleti', 'Rajesh Kumar', 'Pranita P Sarangi']"
v0_001_2nd_call_for_proposal_for_dst_sti_policy_fellowship_programme,Sonal Atreya,"['Sonal Atreya', 'Ranjana Pathania', 'Ram Sateesh Pasupuleti', 'Rajesh Kumar', 'Pranita P Sarangi']"
v0_001_2nd_call_for_proposal_for_dst_sti_policy_fellowship_programme,Tina Pujara,"['Tina Pujara', 'Ranjana Pathania', 'Ram Sateesh Pasupuleti', 'Rajesh Kumar', 'Pranita P Sarangi']"
v0_001_2nd_call_for_proposal_for_dst_sti_policy_fellowship_programme,Uttam Kumar Roy,"['Uttam Kumar Roy', 'Ranjana Pathania', 'Ram Sateesh Pasupuleti', 'Rajesh Kumar', 'Pranita P Sarangi']"
v0_001_2nd_call_for_proposal_for_dst_sti_policy_fellowship_programme,V Devadas,"['V Devadas', 'Ranjana Pathania', 'Ram Sateesh Pasupuleti', 'Rajesh Kumar', 'Pranita P Sarangi']"
v0_001_2nd_call_for_proposal_for_dst_sti_policy_fellowship_programme,Jaydev Dabas,"['Jaydev Dabas', 'Ranjana Pathania', 'Ram Sateesh Pasupuleti', 'Rajesh Kumar', 'Pranita P Sarangi']"
v0_001_2nd_call_for_proposal_for_dst_sti_policy_fellowship_programme,Millie Pant,"['Millie Pant', 'Ranjana Pathania', 'Ram Sateesh Pasupuleti', 'Rajesh Kumar', 'Pranita P Sarangi']"
v0_001_2nd_call_for_proposal_for_dst_sti_policy_fellowship_programme,Rajan Arora,"['Rajan Arora', 'Ranjana Pathania', 'Ram Sateesh Pasupuleti', 'Rajesh Kumar', 'Pranita P Sarangi']"
v0_001_2nd_call_for_proposal_for_dst_sti_policy_fellowship_programme,Ashwani Kumar Sharma,"['Ashwani Kumar Sharma', 'Ranjana Pathania', 'Ram Sateesh Pasupuleti', 'Rajesh Kumar', 'Pranita P Sarangi']"
v0_001_2nd_call_for_proposal_for_dst_sti_policy_fellowship_programme,Bijan Choudhury,"['Bijan Choudhury', 'Ranjana Pathania', 'Ram Sateesh Pasupuleti', 'Rajesh Kumar', 'Pranita P Sarangi']"
v0_001_2nd_call_for_proposal_for_dst_sti_policy_fellowship_programme,Debabrata Sircar,"['Debabrata Sircar', 'Ranjana Pathania', 'Ram Sateesh Pasupuleti', 'Rajesh Kumar', 'Pranita P Sarangi']"
v0_001_2nd_call_for_proposal_for_dst_sti_policy_fellowship_programme,Deepak Sharma,"['Deepak Sharma', 'Ranjana Pathania', 'Ram Sateesh Pasupuleti', 'Rajesh Kumar', 'Pranita P Sarangi']"
v0_001_2nd_call_for_proposal_for_dst_sti_policy_fellowship_programme,P Gopinath,"['P Gopinath', 'Ranjana Pathania', 'Ram Sateesh Pasupuleti', 'Rajesh Kumar', 'Pranita P Sarangi']"
v0_001_2nd_call_for_proposal_for_dst_sti_policy_fellowship_programme,Harsh Chauhan,"['Harsh Chauhan', 'Ranjana Pathania', 'Ram Sateesh Pasupuleti', 'Rajesh Kumar', 'Pranita P Sarangi']"
v0_001_2nd_call_for_proposal_for_dst_sti_policy_fellowship_programme,Srinivas Kiran Ambatipudi,"['Srinivas Kiran Ambatipudi', 'Ranjana Pathania', 'Ram Sateesh Pasupuleti', 'Rajesh Kumar', 'Pranita P Sarangi']"
v0_001_2nd_call_for_proposal_for_dst_sti_policy_fellowship_programme,Krishna Mohan Poluri,"['Krishna Mohan Poluri', 'Ranjana Pathania', 'Ram Sateesh Pasupuleti', 'Rajesh Kumar', 'Pranita P Sarangi']"
v0_001_2nd_call_for_proposal_for_dst_sti_policy_fellowship_programme,Maya S.Nair,"['Maya S.Nair', 'Ranjana Pathania', 'Ram Sateesh Pasupuleti', 'Rajesh Kumar', 'Pranita P Sarangi']"
v0_001_2nd_call_for_proposal_for_dst_sti_policy_fellowship_programme,N K Navani,"['N K Navani', 'Ranjana Pathania', 'Ram Sateesh Pasupuleti', 'Rajesh Kumar', 'Pranita P Sarangi']"
v0_001_2nd_call_for_proposal_for_dst_sti_policy_fellowship_programme,Partha Roy,"['Partha Roy', 'Ranjana Pathania', 'Ram Sateesh Pasupuleti', 'Rajesh Kumar', 'Pranita P Sarangi']"
v0_001_2nd_call_for_proposal_for_dst_sti_policy_fellowship_programme,Poonam Choudhary,"['Poonam Choudhary', 'Ranjana Pathania', 'Ram Sateesh Pasupuleti', 'Rajesh Kumar', 'Pranita P Sarangi']"
v0_001_2nd_call_for_proposal_for_dst_sti_policy_fellowship_programme,Prabhat Kumar Mandal,"['Prabhat Kumar Mandal', 'Ranjana Pathania', 'Ram Sateesh Pasupuleti', 'Rajesh Kumar', 'Pranita P Sarangi']"
v0_001_2nd_call_for_proposal_for_dst_sti_policy_fellowship_programme,Pranita P Sarangi,"['Pranita P Sarangi', 'Ranjana Pathania', 'Ram Sateesh Pasupuleti', 'Rajesh Kumar', 'Krishna Mohan Poluri']"
v0_001_2nd_call_for_proposal_for_dst_sti_policy_fellowship_programme,Pravindra Kumar,"['Pravindra Kumar', 'Ranjana Pathania', 'Ram Sateesh Pasupuleti', 'Rajesh Kumar', 'Pranita P Sarangi']"
v0_001_2nd_call_for_proposal_for_dst_sti_policy_fellowship_programme,Prince Tiwari,"['Prince Tiwari', 'Ranjana Pathania', 'Ram Sateesh Pasupuleti', 'Rajesh Kumar', 'Pranita P Sarangi']"
v0_001_2nd_call_for_proposal_for_dst_sti_policy_fellowship_programme,R. P. Singh,"['R. P. Singh', 'Ranjana Pathania', 'Ram Sateesh Pasupuleti', 'Rajesh Kumar', 'Pranita P Sarangi']"
v0_001_2nd_call_for_proposal_for_dst_sti_policy_fellowship_programme,Ramasare Prasad,"['Ramasare Prasad', 'Ranjana Pathania', 'Ram Sateesh Pasupuleti', 'Rajesh Kumar', 'Pranita P Sarangi']"
v0_001_2nd_call_for_proposal_for_dst_sti_policy_fellowship_programme,Ranjana Pathania,"['Ranjana Pathania', 'Ram Sateesh Pasupuleti', 'Rajesh Kumar', 'Pranita P Sarangi', 'Krishna Mohan Poluri']"
v0_001_2nd_call_for_proposal_for_dst_sti_policy_fellowship_programme,Sanjoy Ghosh,"['Sanjoy Ghosh', 'Ranjana Pathania', 'Ram Sateesh Pasupuleti', 'Rajesh Kumar', 'Pranita P Sarangi']"
v0_001_2nd_call_for_proposal_for_dst_sti_policy_fellowship_programme,Saugata Hazra,"['Saugata Hazra', 'Ranjana Pathania', 'Ram Sateesh Pasupuleti', 'Rajesh Kumar', 'Pranita P Sarangi']"
v0_001_2nd_call_for_proposal_for_dst_sti_policy_fellowship_programme,Shailly Tomar,"['Shailly Tomar', 'Ranjana Pathania', 'Ram Sateesh Pasupuleti', 'Rajesh Kumar', 'Pranita P Sarangi']"
v0_001_2nd_call_for_proposal_for_dst_sti_policy_fellowship_programme,Shri Ram Yadav,"['Shri Ram Yadav', 'Ranjana Pathania', 'Ram Sateesh Pasupuleti', 'Rajesh Kumar', 'Pranita P Sarangi']"
v0_001_2nd_call_for_proposal_for_dst_sti_policy_fellowship_programme,Soma Rohatgi,"['Soma Rohatgi', 'Ranjana Pathania', 'Ram Sateesh Pasupuleti', 'Rajesh Kumar', 'Pranita P Sarangi']"
v0_001_2nd_call_for_proposal_for_dst_sti_policy_fellowship_programme,Sachin Suresh Tiwari,"['Sachin Suresh Tiwari', 'Ranjana Pathania', 'Ram Sateesh Pasupuleti', 'Rajesh Kumar', 'Pranita P Sarangi']"
v0_001_2nd_call_for_proposal_for_dst_sti_policy_fellowship_programme,Jitin Singla,"['Jitin Singla', 'Ranjana Pathania', 'Ram Sateesh Pasupuleti', 'Rajesh Kumar', 'Pranita P Sarangi']"
v0_001_2nd_call_for_proposal_for_dst_sti_policy_fellowship_programme,Rajesh Kumar,"['Rajesh Kumar', 'Ranjana Pathania', 'Ram Sateesh Pasupuleti', 'Pranita P Sarangi', 'Krishna Mohan Poluri']"
v0_001_2nd_call_for_proposal_for_dst_sti_policy_fellowship_programme,Akhil Upadhyay,"['Akhil Upadhyay', 'Ranjana Pathania', 'Ram Sateesh Pasupuleti', 'Rajesh Kumar', 'Pranita P Sarangi']"
v0_002_dst_daad_germany_joint_call_for_proposal_2017,Arindam Biswas,"['Arindam Biswas', 'Ram Sateesh Pasupuleti', 'R. P. Singh', 'Partha Roy', 'N K Navani']"
v0_002_dst_daad_germany_joint_call_for_proposal_2017,Avlokita Agrawal,"['Avlokita Agrawal', 'Ram Sateesh Pasupuleti', 'R. P. Singh', 'Partha Roy', 'N K Navani']"
v0_002_dst_daad_germany_joint_call_for_proposal_2017,Gaurav Raheja,"['Gaurav Raheja', 'Ram Sateesh Pasupuleti', 'R. P. Singh', 'Partha Roy', 'N K Navani']"
v0_002_dst_daad_germany_joint_call_for_proposal_2017,Harshit Sosan Lakra,"['Harshit Sosan Lakra', 'Ram Sateesh Pasupuleti', 'R. P. Singh', 'Partha Roy', 'N K Navani']"
v0_002_dst_daad_germany_joint_call_for_proposal_2017,Mahua Mukherjee,"['Mahua Mukherjee', 'Ram Sateesh Pasupuleti', 'R. P. Singh', 'Partha Roy', 'N K Navani']"
v0_002_dst_daad_germany_joint_call_for_proposal_2017,Prabhjot Singh Chani,"['Prabhjot Singh Chani', 'Ram Sateesh Pasupuleti', 'R. P. Singh', 'Partha Roy', 'N K Navani']"
v0_002_dst_daad_germany_joint_call_for_proposal_2017,E Rajasekar,"['E Rajasekar', 'Ram Sateesh Pasupuleti', 'R. P. Singh', 'Partha Roy', 'N K Navani']"
v0_002_dst_daad_germany_joint_call_for_proposal_2017,Ram Sateesh Pasupuleti,"['Ram Sateesh Pasupuleti', 'R. P. Singh', 'Partha Roy', 'N K Navani', 'Millie Pant']"
v0_002_dst_daad_germany_joint_call_for_proposal_2017,Saptarshi Kolay,"['Saptarshi Kolay', 'Ram Sateesh Pasupuleti', 'R. P. Singh', 'Partha Roy', 'N K Navani']"
v0_002_dst_daad_germany_joint_call_for_proposal_2017,Shubhajit Sadhukhan,"['Shubhajit Sadhukhan', 'Ram Sateesh Pasupuleti', 'R. P. Singh', 'Partha Roy', 'N K Navani']"
v0_002_dst_daad_germany_joint_call_for_proposal_2017,Smriti Saraswat,"['Smriti Saraswat', 'Ram Sateesh Pasupuleti', 'R. P. Singh', 'Partha Roy', 'N K Navani']"
v0_002_dst_daad_germany_joint_call_for_proposal_2017,Sonal Atreya,"['Sonal Atreya', 'Ram Sateesh Pasupuleti', 'R. P. Singh', 'Partha Roy', 'N K Navani']"
v0_002_dst_daad_germany_joint_call_for_proposal_2017,Tina Pujara,"['Tina Pujara', 'Ram Sateesh Pasupuleti', 'R. P. Singh', 'Partha Roy', 'N K Navani']"
v0_002_dst_daad_germany_joint_call_for_proposal_2017,Uttam Kumar Roy,"['Uttam Kumar Roy', 'Ram Sateesh Pasupuleti', 'R. P. Singh', 'Partha Roy', 'N K Navani']"
v0_002_dst_daad_germany_joint_call_for_proposal_2017,V Devadas,"['V Devadas', 'Ram Sateesh Pasupuleti', 'R. P. Singh', 'Partha Roy', 'N K Navani']"
v0_002_dst_daad_germany_joint_call_for_proposal_2017,Jaydev Dabas,"['Jaydev Dabas', 'Ram Sateesh Pasupuleti', 'R. P. Singh', 'Partha Roy', 'N K Navani']"
v0_002_dst_daad_germany_joint_call_for_proposal_2017,Millie Pant,"['Millie Pant', 'Ram Sateesh Pasupuleti', 'R. P. Singh', 'Partha Roy', 'N K Navani']"
v0_002_dst_daad_germany_joint_call_for_proposal_2017,Rajan Arora,"['Rajan Arora', 'Ram Sateesh Pasupuleti', 'R. P. Singh', 'Partha Roy', 'N K Navani']"
v0_002_dst_daad_germany_joint_call_for_proposal_2017,Ashwani Kumar Sharma,"['Ashwani Kumar Sharma', 'Ram Sateesh Pasupuleti', 'R. P. Singh', 'Partha Roy', 'N K Navani']"
v0_002_dst_daad_germany_joint_call_for_proposal_2017,Bijan Choudhury,"['Bijan Choudhury', 'Ram Sateesh Pasupuleti', 'R. P. Singh', 'Partha Roy', 'N K Navani']"
v0_002_dst_daad_germany_joint_call_for_proposal_2017,Debabrata Sircar,"['Debabrata Sircar', 'Ram Sateesh Pasupuleti', 'R. P. Singh', 'Partha Roy', 'N K Navani']"
v0_002_dst_daad_germany_joint_call_for_proposal_2017,Deepak Sharma,"['Deepak Sharma', 'Ram Sateesh Pasupuleti', 'R. P. Singh', 'Partha Roy', 'N K Navani']"
v0_002_dst_daad_germany_joint_call_for_proposal_2017,P Gopinath,"['P Gopinath', 'Ram Sateesh Pasupuleti', 'R. P. Singh', 'Partha Roy', 'N K Navani']"
v0_002_dst_daad_germany_joint_call_for_proposal_2017,Harsh Chauhan,"['Harsh Chauhan', 'Ram Sateesh Pasupuleti', 'R. P. Singh', 'Partha Roy', 'N K Navani']"
v0_002_dst_daad_germany_joint_call_for_proposal_2017,Srinivas Kiran Ambatipudi,"['Srinivas Kiran Ambatipudi', 'Ram Sateesh Pasupuleti', 'R. P. Singh', 'Partha Roy', 'N K Navani']"
v0_002_dst_daad_germany_joint_call_for_proposal_2017,Krishna Mohan Poluri,"['Krishna Mohan Poluri', 'Ram Sateesh Pasupuleti', 'R. P. Singh', 'Partha Roy', 'N K Navani']"
v0_002_dst_daad_germany_joint_call_for_proposal_2017,Maya S.Nair,"['Maya S.Nair', 'Ram Sateesh Pasupuleti', 'R. P. Singh', 'Partha Roy', 'N K Navani']"
v0_002_dst_daad_germany_joint_call_for_proposal_2017,N K Navani,"['N K Navani', 'Ram Sateesh Pasupuleti', 'R. P. Singh', 'Partha Roy', 'Millie Pant']"
v0_002_dst_daad_germany_joint_call_for_proposal_2017,Partha Roy,"['Partha Roy', 'Ram Sateesh Pasupuleti', 'R. P. Singh', 'N K Navani', 'Millie Pant']"
v0_002_dst_daad_germany_joint_call_for_proposal_2017,Poonam Choudhary,"['Poonam Choudhary', 'Ram Sateesh Pasupuleti', 'R. P. Singh', 'Partha Roy', 'N K Navani']"
v0_002_dst_daad_germany_joint_call_for_proposal_2017,Prabhat Kumar Mandal,"['Prabhat Kumar Mandal', 'Ram Sateesh Pasupuleti', 'R. P. Singh', 'Partha Roy', 'N K Navani']"
v0_002_dst_daad_germany_joint_call_for_proposal_2017,Pranita P Sarangi,"['Pranita P Sarangi', 'Ram Sateesh Pasupuleti', 'R. P. Singh', 'Partha Roy', 'N K Navani']"
v0_002_dst_daad_germany_joint_call_for_proposal_2017,Pravindra Kumar,"['Pravindra Kumar', 'Ram Sateesh Pasupuleti', 'R. P. Singh', 'Partha Roy', 'N K Navani']"
v0_002_dst_daad_germany_joint_call_for_proposal_2017,Prince Tiwari,"['Prince Tiwari', 'Ram Sateesh Pasupuleti', 'R. P. Singh', 'Partha Roy', 'N K Navani']"
v0_002_dst_daad_germany_joint_call_for_proposal_2017,R. P. Singh,"['R. P. Singh', 'Ram Sateesh Pasupuleti', 'Partha Roy', 'N K Navani', 'Millie Pant']"
v0_002_dst_daad_germany_joint_call_for_proposal_2017,Ramasare Prasad,"['Ramasare Prasad', 'Ram Sateesh Pasupuleti', 'R. P. Singh', 'Partha Roy', 'N K Navani']"
v0_002_dst_daad_germany_joint_call_for_proposal_2017,Ranjana Pathania,"['Ranjana Pathania', 'Ram Sateesh Pasupuleti', 'R. P. Singh', 'Partha Roy', 'N K Navani']"
v0_002_dst_daad_germany_joint_call_for_proposal_2017,Sanjoy Ghosh,"['Sanjoy Ghosh', 'Ram Sateesh Pasupuleti', 'R. P. Singh', 'Partha Roy', 'N K Navani']"
v0_002_dst_daad_germany_joint_call_for_proposal_2017,Saugata Hazra,"['Saugata Hazra', 'Ram Sateesh Pasupuleti', 'R. P. Singh', 'Partha Roy', 'N K Navani']"
v0_002_dst_daad_germany_joint_call_for_proposal_2017,Shailly Tomar,"['Shailly Tomar', 'Ram Sateesh Pasupuleti', 'R. P. Singh', 'Partha Roy', 'N K Navani']"
v0_002_dst_daad_germany_joint_call_for_proposal_2017,Shri Ram Yadav,"['Shri Ram Yadav', 'Ram Sateesh Pasupuleti', 'R. P. Singh', 'Partha Roy', 'N K Navani']"
v0_002_dst_daad_germany_joint_call_for_proposal_2017,Soma Rohatgi,"['Soma Rohatgi', 'Ram Sateesh Pasupuleti', 'R. P. Singh', 'Partha Roy', 'N K Navani']"
v0_002_dst_daad_germany_joint_call_for_proposal_2017,Sachin Suresh Tiwari,"['Sachin Suresh Tiwari', 'Ram Sateesh Pasupuleti', 'R. P. Singh', 'Partha Roy', 'N K Navani']"
v0_002_dst_daad_germany_joint_call_for_proposal_2017,Jitin Singla,"['Jitin Singla', 'Ram Sateesh Pasupuleti', 'R. P. Singh', 'Partha Roy', 'N K Navani']"
v0_002_dst_daad_germany_joint_call_for_proposal_2017,Rajesh Kumar,"['Rajesh Kumar', 'Ram Sateesh Pasupuleti', 'R. P. Singh', 'Partha Roy', 'N K Navani']"
v0_002_dst_daad_germany_joint_call_for_proposal_2017,Akhil Upadhyay,"['Akhil Upadhyay', 'Ram Sateesh Pasupuleti', 'R. P. Singh', 'Partha Roy', 'N K Navani']"
v0_003_call_for_applications_under_the_second_phase_of_the_national_geospatial_chair_professor_scheme,Arindam Biswas,"['Arindam Biswas', 'Smriti Saraswat', 'Sanjoy Ghosh', 'Rajesh Kumar', 'Partha Roy']"
v0_003_call_for_applications_under_the_second_phase_of_the_national_geospatial_chair_professor_scheme,Avlokita Agrawal,"['Avlokita Agrawal', 'Smriti Saraswat', 'Sanjoy Ghosh', 'Rajesh Kumar', 'Partha Roy']"
v0_003_call_for_applications_under_the_second_phase_of_the_national_geospatial_chair_professor_scheme,Gaurav Raheja,"['Gaurav Raheja', 'Smriti Saraswat', 'Sanjoy Ghosh', 'Rajesh Kumar', 'Partha Roy']"
v0_003_call_for_applications_under_the_second_phase_of_the_national_geospatial_chair_professor_scheme,Harshit Sosan Lakra,"['Harshit Sosan Lakra', 'Smriti Saraswat', 'Sanjoy Ghosh', 'Rajesh Kumar', 'Partha Roy']"
v0_003_call_for_applications_under_the_second_phase_of_the_national_geospatial_chair_professor_scheme,Mahua Mukherjee,"['Mahua Mukherjee', 'Smriti Saraswat', 'Sanjoy Ghosh', 'Rajesh Kumar', 'Partha Roy']"
v0_003_call_for_applications_under_the_second_phase_of_the_national_geospatial_chair_professor_scheme,Prabhjot Singh Chani,"['Prabhjot Singh Chani', 'Smriti Saraswat', 'Sanjoy Ghosh', 'Rajesh Kumar', 'Partha Roy']"
v0_003_call_for_applications_under_the_second_phase_of_the_national_geospatial_chair_professor_scheme,E Rajasekar,"['E Rajasekar', 'Smriti Saraswat', 'Sanjoy Ghosh', 'Rajesh Kumar', 'Partha Roy']"
v0_003_call_for_applications_under_the_second_phase_of_the_national_geospatial_chair_professor_scheme,Ram Sateesh Pasupuleti,"['Ram Sateesh Pasupuleti', 'Smriti Saraswat', 'Sanjoy Ghosh', 'Rajesh Kumar', 'Partha Roy']"
v0_003_call_for_applications_under_the_second_phase_of_the_national_geospatial_chair_professor_scheme,Saptarshi Kolay,"['Saptarshi Kolay', 'Smriti Saraswat', 'Sanjoy Ghosh', 'Rajesh Kumar', 'Partha Roy']"
v0_003_call_for_applications_under_the_second_phase_of_the_national_geospatial_chair_professor_scheme,Shubhajit Sadhukhan,"['Shubhajit Sadhukhan', 'Smriti Saraswat', 'Sanjoy Ghosh', 'Rajesh Kumar', 'Partha Roy']"
v0_003_call_for_applications_under_the_second_phase_of_the_national_geospatial_chair_professor_scheme,Smriti Saraswat,"['Smriti Saraswat', 'Sanjoy Ghosh', 'Rajesh Kumar', 'Partha Roy', 'Bijan Choudhury']"
v0_003_call_for_applications_under_the_second_phase_of_the_national_geospatial_chair_professor_scheme,Sonal Atreya,"['Sonal Atreya', 'Smriti Saraswat', 'Sanjoy Ghosh', 'Rajesh Kumar', 'Partha Roy']"
v0_003_call_for_applications_under_the_second_phase_of_the_national_geospatial_chair_professor_scheme,Tina Pujara,"['Tina Pujara', 'Smriti Saraswat', 'Sanjoy Ghosh', 'Rajesh Kumar', 'Partha Roy']"
v0_003_call_for_applications_under_the_second_phase_of_the_national_geospatial_chair_professor_scheme,Uttam Kumar Roy,"['Uttam Kumar Roy', 'Smriti Saraswat', 'Sanjoy Ghosh', 'Rajesh Kumar', 'Partha Roy']"
v0_003_call_for_applications_under_the_second_phase_of_the_national_geospatial_chair_professor_scheme,V Devadas,"['V Devadas', 'Smriti Saraswat', 'Sanjoy Ghosh', 'Rajesh Kumar', 'Partha Roy']"
v0_003_call_for_applications_under_the_second_phase_of_the_national_geospatial_chair_professor_scheme,Jaydev Dabas,"['Jaydev Dabas', 'Smriti Saraswat', 'Sanjoy Ghosh', 'Rajesh Kumar', 'Partha Roy']"
v0_003_call_for_applications_under_the_second_phase_of_the_national_geospatial_chair_professor_scheme,Millie Pant,"['Millie Pant', 'Smriti Saraswat', 'Sanjoy Ghosh', 'Rajesh Kumar', 'Partha Roy']"
v0_003_call_for_applications_under_the_second_phase_of_the_national_geospatial_chair_professor_scheme,Rajan Arora,"['Rajan Arora', 'Smriti Saraswat', 'Sanjoy Ghosh', 'Rajesh Kumar', 'Partha Roy']"
v0_003_call_for_applications_under_the_second_phase_of_the_national_geospatial_chair_professor_scheme,Ashwani Kumar Sharma,"['Ashwani Kumar Sharma', 'Smriti Saraswat', 'Sanjoy Ghosh', 'Rajesh Kumar', 'Partha Roy']"
v0_003_call_for_applications_under_the_second_phase_of_the_national_geospatial_chair_professor_scheme,Bijan Choudhury,"['Bijan Choudhury', 'Smriti Saraswat', 'Sanjoy Ghosh', 'Rajesh Kumar', 'Partha Roy']"
v0_003_call_for_applications_under_the_second_phase_of_the_national_geospatial_chair_professor_scheme,Debabrata Sircar,"['Debabrata Sircar', 'Smriti Saraswat', 'Sanjoy Ghosh', 'Rajesh Kumar', 'Partha Roy']"
v0_003_call_for_applications_under_the_second_phase_of_the_national_geospatial_chair_professor_scheme,Deepak Sharma,"['Deepak Sharma', 'Smriti Saraswat', 'Sanjoy Ghosh', 'Rajesh Kumar', 'Partha Roy']"
v0_003_call_for_applications_under_the_second_phase_of_the_national_geospatial_chair_professor_scheme,P Gopinath,"['P Gopinath', 'Smriti Saraswat', 'Sanjoy Ghosh', 'Rajesh Kumar', 'Partha Roy']"
v0_003_call_for_applications_under_the_second_phase_of_the_national_geospatial_chair_professor_scheme,Harsh Chauhan,"['Harsh Chauhan', 'Smriti Saraswat', 'Sanjoy Ghosh', 'Rajesh Kumar', 'Partha Roy']"
v0_003_call_for_applications_under_the_second_phase_of_the_national_geospatial_chair_professor_scheme,Srinivas Kiran Ambatipudi,"['Srinivas Kiran Ambatipudi', 'Smriti Saraswat', 'Sanjoy Ghosh', 'Rajesh Kumar', 'Partha Roy']"
v0_003_call_for_applications_under_the_second_phase_of_the_national_geospatial_chair_professor_scheme,Krishna Mohan Poluri,"['Krishna Mohan Poluri', 'Smriti Saraswat', 'Sanjoy Ghosh', 'Rajesh Kumar', 'Partha Roy']"
v0_003_call_for_applications_under_the_second_phase_of_the_national_geospatial_chair_professor_scheme,Maya S.Nair,"['Maya S.Nair', 'Smriti Saraswat', 'Sanjoy Ghosh', 'Rajesh Kumar', 'Partha Roy']"
v0_003_call_for_applications_under_the_second_phase_of_the_national_geospatial_chair_professor_scheme,N K Navani,"['N K Navani', 'Smriti Saraswat', 'Sanjoy Ghosh', 'Rajesh Kumar', 'Partha Roy']"
v0_003_call_for_applications_under_the_second_phase_of_the_national_geospatial_chair_professor_scheme,Partha Roy,"['Partha Roy', 'Smriti Saraswat', 'Sanjoy Ghosh', 'Rajesh Kumar', 'Bijan Choudhury']"
v0_003_call_for_applications_under_the_second_phase_of_the_national_geospatial_chair_professor_scheme,Poonam Choudhary,"['Poonam Choudhary', 'Smriti Saraswat', 'Sanjoy Ghosh', 'Rajesh Kumar', 'Partha Roy']"
v0_003_call_for_applications_under_the_second_phase_of_the_national_geospatial_chair_professor_scheme,Prabhat Kumar Mandal,"['Prabhat Kumar Mandal', 'Smriti Saraswat', 'Sanjoy Ghosh', 'Rajesh Kumar', 'Partha Roy']"
v0_003_call_for_applications_under_the_second_phase_of_the_national_geospatial_chair_professor_scheme,Pranita P Sarangi,"['Pranita P Sarangi', 'Smriti Saraswat', 'Sanjoy Ghosh', 'Rajesh Kumar', 'Partha Roy']"
v0_003_call_for_applications_under_the_second_phase_of_the_national_geospatial_chair_professor_scheme,Pravindra Kumar,"['Pravindra Kumar', 'Smriti Saraswat', 'Sanjoy Ghosh', 'Rajesh Kumar', 'Partha Roy']"
v0_003_call_for_applications_under_the_second_phase_of_the_national_geospatial_chair_professor_scheme,Prince Tiwari,"['Prince Tiwari', 'Smriti Saraswat', 'Sanjoy Ghosh', 'Rajesh Kumar', 'Partha Roy']"
v0_003_call_for_applications_under_the_second_phase_of_the_national_geospatial_chair_professor_scheme,R. P. Singh,"['R. P. Singh', 'Smriti Saraswat', 'Sanjoy Ghosh', 'Rajesh Kumar', 'Partha Roy']"
v0_003_call_for_applications_under_the_second_phase_of_the_national_geospatial_chair_professor_scheme,Ramasare Prasad,"['Ramasare Prasad', 'Smriti Saraswat', 'Sanjoy Ghosh', 'Rajesh Kumar', 'Partha Roy']"
v0_003_call_for_applications_under_the_second_phase_of_the_national_geospatial_chair_professor_scheme,Ranjana Pathania,"['Ranjana Pathania', 'Smriti Saraswat', 'Sanjoy Ghosh', 'Rajesh Kumar', 'Partha Roy']"
v0_003_call_for_applications_under_the_second_phase_of_the_national_geospatial_chair_professor_scheme,Sanjoy Ghosh,"['Sanjoy Ghosh', 'Smriti Saraswat', 'Rajesh Kumar', 'Partha Roy', 'Bijan Choudhury']"
v0_003_call_for_applications_under_the_second_phase_of_the_national_geospatial_chair_professor_scheme,Saugata Hazra,"['Saugata Hazra', 'Smriti Saraswat', 'Sanjoy Ghosh', 'Rajesh Kumar', 'Partha Roy']"
v0_003_call_for_applications_under_the_second_phase_of_the_national_geospatial_chair_professor_scheme,Shailly Tomar,"['Shailly Tomar', 'Smriti Saraswat', 'Sanjoy Ghosh', 'Rajesh Kumar', 'Partha Roy']"
v0_003_call_for_applications_under_the_second_phase_of_the_national_geospatial_chair_professor_scheme,Shri Ram Yadav,"['Shri Ram Yadav', 'Smriti Saraswat', 'Sanjoy Ghosh', 'Rajesh Kumar', 'Partha Roy']"
v0_003_call_for_applications_under_the_second_phase_of_the_national_geospatial_chair_professor_scheme,Soma Rohatgi,"['Soma Rohatgi', 'Smriti Saraswat', 'Sanjoy Ghosh', 'Rajesh Kumar', 'Partha Roy']"
v0_003_call_for_applications_under_the_second_phase_of_the_national_geospatial_chair_professor_scheme,Sachin Suresh Tiwari,"['Sachin Suresh Tiwari', 'Smriti Saraswat', 'Sanjoy Ghosh', 'Rajesh Kumar', 'Partha Roy']"
v0_003_call_for_applications_under_the_second_phase_of_the_national_geospatial_chair_professor_scheme,Jitin Singla,"['Jitin Singla', 'Smriti Saraswat', 'Sanjoy Ghosh', 'Rajesh Kumar', 'Partha Roy']"
v0_003_call_for_applications_under_the_second_phase_of_the_national_geospatial_chair_professor_scheme,Rajesh Kumar,"['Rajesh Kumar', 'Smriti Saraswat', 'Sanjoy Ghosh', 'Partha Roy', 'Bijan Choudhury']"
v0_003_call_for_applications_under_the_second_phase_of_the_national_geospatial_chair_professor_scheme,Akhil Upadhyay,"['Akhil Upadhyay', 'Smriti Saraswat', 'Sanjoy Ghosh', 'Rajesh Kumar', 'Partha Roy']"
v0_004_advertisement_for_submission_of_research_proposal_under_cognitive_science_research_initiative,Arindam Biswas,"['Arindam Biswas', 'Tina Pujara', 'Saugata Hazra', 'Saptarshi Kolay', 'Sanjoy Ghosh']"
v0_004_advertisement_for_submission_of_research_proposal_under_cognitive_science_research_initiative,Avlokita Agrawal,"['Avlokita Agrawal', 'Tina Pujara', 'Saugata Hazra', 'Saptarshi Kolay', 'Sanjoy Ghosh']"
v0_004_advertisement_for_submission_of_research_proposal_under_cognitive_science_research_initiative,Gaurav Raheja,"['Gaurav Raheja', 'Tina Pujara', 'Saugata Hazra', 'Saptarshi Kolay', 'Sanjoy Ghosh']"
v0_004_advertisement_for_submission_of_research_proposal_under_cognitive_science_research_initiative,Harshit Sosan Lakra,"['Harshit Sosan Lakra', 'Tina Pujara', 'Saugata Hazra', 'Saptarshi Kolay', 'Sanjoy Ghosh']"
v0_004_advertisement_for_submission_of_research_proposal_under_cognitive_science_research_initiative,Mahua Mukherjee,"['Mahua Mukherjee', 'Tina Pujara', 'Saugata Hazra', 'Saptarshi Kolay', 'Sanjoy Ghosh']"
v0_004_advertisement_for_submission_of_research_proposal_under_cognitive_science_research_initiative,Prabhjot Singh Chani,"['Prabhjot Singh Chani', 'Tina Pujara', 'Saugata Hazra', 'Saptarshi Kolay', 'Sanjoy Ghosh']"
v0_004_advertisement_for_submission_of_research_proposal_under_cognitive_science_research_initiative,E Rajasekar,"['E Rajasekar', 'Tina Pujara', 'Saugata Hazra', 'Saptarshi Kolay', 'Sanjoy Ghosh']"
v0_004_advertisement_for_submission_of_research_proposal_under_cognitive_science_research_initiative,Ram Sateesh Pasupuleti,"['Ram Sateesh Pasupuleti', 'Tina Pujara', 'Saugata Hazra', 'Saptarshi Kolay', 'Sanjoy Ghosh']"
v0_004_advertisement_for_submission_of_research_proposal_under_cognitive_science_research_initiative,Saptarshi Kolay,"['Saptarshi Kolay', 'Tina Pujara', 'Saugata Hazra', 'Sanjoy Ghosh', 'Sachin Suresh Tiwari']"
v0_004_advertisement_for_submission_of_research_proposal_under_cognitive_science_research_initiative,Shubhajit Sadhukhan,"['Shubhajit Sadhukhan', 'Tina Pujara', 'Saugata Hazra', 'Saptarshi Kolay', 'Sanjoy Ghosh']"
v0_004_advertisement_for_submission_of_research_proposal_under_cognitive_science_research_initiative,Smriti Saraswat,"['Smriti Saraswat', 'Tina Pujara', 'Saugata Hazra', 'Saptarshi Kolay', 'Sanjoy Ghosh']"
v0_004_advertisement_for_submission_of_research_proposal_under_cognitive_science_research_initiative,Sonal Atreya,"['Sonal Atreya', 'Tina Pujara', 'Saugata Hazra', 'Saptarshi Kolay', 'Sanjoy Ghosh']"
v0_004_advertisement_for_submission_of_research_proposal_under_cognitive_science_research_initiative,Tina Pujara,"['Tina Pujara', 'Saugata Hazra', 'Saptarshi Kolay', 'Sanjoy Ghosh', 'Sachin Suresh Tiwari']"
v0_004_advertisement_for_submission_of_research_proposal_under_cognitive_science_research_initiative,Uttam Kumar Roy,"['Uttam Kumar Roy', 'Tina Pujara', 'Saugata Hazra', 'Saptarshi Kolay', 'Sanjoy Ghosh']"
v0_004_advertisement_for_submission_of_research_proposal_under_cognitive_science_research_initiative,V Devadas,"['V Devadas', 'Tina Pujara', 'Saugata Hazra', 'Saptarshi Kolay', 'Sanjoy Ghosh']"
v0_004_advertisement_for_submission_of_research_proposal_under_cognitive_science_research_initiative,Jaydev Dabas,"['Jaydev Dabas', 'Tina Pujara', 'Saugata Hazra', 'Saptarshi Kolay', 'Sanjoy Ghosh']"
v0_004_advertisement_for_submission_of_research_proposal_under_cognitive_science_research_initiative,Millie Pant,"['Millie Pant', 'Tina Pujara', 'Saugata Hazra', 'Saptarshi Kolay', 'Sanjoy Ghosh']"
v0_004_advertisement_for_submission_of_research_proposal_under_cognitive_science_research_initiative,Rajan Arora,"['Rajan Arora', 'Tina Pujara', 'Saugata Hazra', 'Saptarshi Kolay', 'Sanjoy Ghosh']"
v0_004_advertisement_for_submission_of_research_proposal_under_cognitive_science_research_initiative,Ashwani Kumar Sharma,"['Ashwani Kumar Sharma', 'Tina Pujara', 'Saugata Hazra', 'Saptarshi Kolay', 'Sanjoy Ghosh']"
v0_004_advertisement_for_submission_of_research_proposal_under_cognitive_science_research_initiative,Bijan Choudhury,"['Bijan Choudhury', 'Tina Pujara', 'Saugata Hazra', 'Saptarshi Kolay', 'Sanjoy Ghosh']"
v0_004_advertisement_for_submission_of_research_proposal_under_cognitive_science_research_initiative,Debabrata Sircar,"['Debabrata Sircar', 'Tina Pujara', 'Saugata Hazra', 'Saptarshi Kolay', 'Sanjoy Ghosh']"
v0_004_advertisement_for_submission_of_research_proposal_under_cognitive_science_research_initiative,Deepak Sharma,"['Deepak Sharma', 'Tina Pujara', 'Saugata Hazra', 'Saptarshi Kolay', 'Sanjoy Ghosh']"
v0_004_advertisement_for_submission_of_research_proposal_under_cognitive_science_research_initiative,P Gopinath,"['P Gopinath', 'Tina Pujara', 'Saugata Hazra', 'Saptarshi Kolay', 'Sanjoy Ghosh']"
v0_004_advertisement_for_submission_of_research_proposal_under_cognitive_science_research_initiative,Harsh Chauhan,"['Harsh Chauhan', 'Tina Pujara', 'Saugata Hazra', 'Saptarshi Kolay', 'Sanjoy Ghosh']"
v0_004_advertisement_for_submission_of_research_proposal_under_cognitive_science_research_initiative,Srinivas Kiran Ambatipudi,"['Srinivas Kiran Ambatipudi', 'Tina Pujara', 'Saugata Hazra', 'Saptarshi Kolay', 'Sanjoy Ghosh']"
v0_004_advertisement_for_submission_of_research_proposal_under_cognitive_science_research_initiative,Krishna Mohan Poluri,"['Krishna Mohan Poluri', 'Tina Pujara', 'Saugata Hazra', 'Saptarshi Kolay', 'Sanjoy Ghosh']"
v0_004_advertisement_for_submission_of_research_proposal_under_cognitive_science_research_initiative,Maya S.Nair,"['Maya S.Nair', 'Tina Pujara', 'Saugata Hazra', 'Saptarshi Kolay', 'Sanjoy Ghosh']"
v0_004_advertisement_for_submission_of_research_proposal_under_cognitive_science_research_initiative,N K Navani,"['N K Navani', 'Tina Pujara', 'Saugata Hazra', 'Saptarshi Kolay', 'Sanjoy Ghosh']"
v0_004_advertisement_for_submission_of_research_proposal_under_cognitive_science_research_initiative,Partha Roy,"['Partha Roy', 'Tina Pujara', 'Saugata Hazra', 'Saptarshi Kolay', 'Sanjoy Ghosh']"
v0_004_advertisement_for_submission_of_research_proposal_under_cognitive_science_research_initiative,Poonam Choudhary,"['Poonam Choudhary', 'Tina Pujara', 'Saugata Hazra', 'Saptarshi Kolay', 'Sanjoy Ghosh']"
v0_004_advertisement_for_submission_of_research_proposal_under_cognitive_science_research_initiative,Prabhat Kumar Mandal,"['Prabhat Kumar Mandal', 'Tina Pujara', 'Saugata Hazra', 'Saptarshi Kolay', 'Sanjoy Ghosh']"
v0_004_advertisement_for_submission_of_research_proposal_under_cognitive_science_research_initiative,Pranita P Sarangi,"['Pranita P Sarangi', 'Tina Pujara', 'Saugata Hazra', 'Saptarshi Kolay', 'Sanjoy Ghosh']"
v0_004_advertisement_for_submission_of_research_proposal_under_cognitive_science_research_initiative,Pravindra Kumar,"['Pravindra Kumar', 'Tina Pujara', 'Saugata Hazra', 'Saptarshi Kolay', 'Sanjoy Ghosh']"
v0_004_advertisement_for_submission_of_research_proposal_under_cognitive_science_research_initiative,Prince Tiwari,"['Prince Tiwari', 'Tina Pujara', 'Saugata Hazra', 'Saptarshi Kolay', 'Sanjoy Ghosh']"
v0_004_advertisement_for_submission_of_research_proposal_under_cognitive_science_research_initiative,R. P. Singh,"['R. P. Singh', 'Tina Pujara', 'Saugata Hazra', 'Saptarshi Kolay', 'Sanjoy Ghosh']"
v0_004_advertisement_for_submission_of_research_proposal_under_cognitive_science_research_initiative,Ramasare Prasad,"['Ramasare Prasad', 'Tina Pujara', 'Saugata Hazra', 'Saptarshi Kolay', 'Sanjoy Ghosh']"
v0_004_advertisement_for_submission_of_research_proposal_under_cognitive_science_research_initiative,Ranjana Pathania,"['Ranjana Pathania', 'Tina Pujara', 'Saugata Hazra', 'Saptarshi Kolay', 'Sanjoy Ghosh']"
v0_004_advertisement_for_submission_of_research_proposal_under_cognitive_science_research_initiative,Sanjoy Ghosh,"['Sanjoy Ghosh', 'Tina Pujara', 'Saugata Hazra', 'Saptarshi Kolay', 'Sachin Suresh Tiwari']"
v0_004_advertisement_for_submission_of_research_proposal_under_cognitive_science_research_initiative,Saugata Hazra,"['Saugata Hazra', 'Tina Pujara', 'Saptarshi Kolay', 'Sanjoy Ghosh', 'Sachin Suresh Tiwari']"
v0_004_advertisement_for_submission_of_research_proposal_under_cognitive_science_research_initiative,Shailly Tomar,"['Shailly Tomar', 'Tina Pujara', 'Saugata Hazra', 'Saptarshi Kolay', 'Sanjoy Ghosh']"
v0_004_advertisement_for_submission_of_research_proposal_under_cognitive_science_research_initiative,Shri Ram Yadav,"['Shri Ram Yadav', 'Tina Pujara', 'Saugata Hazra', 'Saptarshi Kolay', 'Sanjoy Ghosh']"
v0_004_advertisement_for_submission_of_research_proposal_under_cognitive_science_research_initiative,Soma Rohatgi,"['Soma Rohatgi', 'Tina Pujara', 'Saugata Hazra', 'Saptarshi Kolay', 'Sanjoy Ghosh']"
v0_004_advertisement_for_submission_of_research_proposal_under_cognitive_science_research_initiative,Sachin Suresh Tiwari,"['Sachin Suresh Tiwari', 'Tina Pujara', 'Saugata Hazra', 'Saptarshi Kolay', 'Sanjoy Ghosh']"
v0_004_advertisement_for_submission_of_research_proposal_under_cognitive_science_research_initiative,Jitin Singla,"['Jitin Singla', 'Tina Pujara', 'Saugata Hazra', 'Saptarshi Kolay', 'Sanjoy Ghosh']"
v0_004_advertisement_for_submission_of_research_proposal_under_cognitive_science_research_initiative,Rajesh Kumar,"['Rajesh Kumar', 'Tina Pujara', 'Saugata Hazra', 'Saptarshi Kolay', 'Sanjoy Ghosh']"
v0_004_advertisement_for_submission_of_research_proposal_under_cognitive_science_research_initiative,Akhil Upadhyay,"['Akhil Upadhyay', 'Tina Pujara', 'Saugata Hazra', 'Saptarshi Kolay', 'Sanjoy Ghosh']"
v0_005_invites_science_and_technology_project_proposals___ministry_of_mines,Arindam Biswas,"['Arindam Biswas', 'Ram Sateesh Pasupuleti', 'Pravindra Kumar', 'Mahua Mukherjee', 'Ashwani Kumar Sharma']"
v0_005_invites_science_and_technology_project_proposals___ministry_of_mines,Avlokita Agrawal,"['Avlokita Agrawal', 'Ram Sateesh Pasupuleti', 'Pravindra Kumar', 'Mahua Mukherjee', 'Ashwani Kumar Sharma']"
v0_005_invites_science_and_technology_project_proposals___ministry_of_mines,Gaurav Raheja,"['Gaurav Raheja', 'Ram Sateesh Pasupuleti', 'Pravindra Kumar', 'Mahua Mukherjee', 'Ashwani Kumar Sharma']"
v0_005_invites_science_and_technology_project_proposals___ministry_of_mines,Harshit Sosan Lakra,"['Harshit Sosan Lakra', 'Ram Sateesh Pasupuleti', 'Pravindra Kumar', 'Mahua Mukherjee', 'Ashwani Kumar Sharma']"
v0_005_invites_science_and_technology_project_proposals___ministry_of_mines,Mahua Mukherjee,"['Mahua Mukherjee', 'Ram Sateesh Pasupuleti', 'Pravindra Kumar', 'Ashwani Kumar Sharma']"
v0_005_invites_science_and_technology_project_proposals___ministry_of_mines,Prabhjot Singh Chani,"['Prabhjot Singh Chani', 'Ram Sateesh Pasupuleti', 'Pravindra Kumar', 'Mahua Mukherjee', 'Ashwani Kumar Sharma']"
v0_005_invites_science_and_technology_project_proposals___ministry_of_mines,E Rajasekar,"['E Rajasekar', 'Ram Sateesh Pasupuleti', 'Pravindra Kumar', 'Mahua Mukherjee', 'Ashwani Kumar Sharma']"
v0_005_invites_science_and_technology_project_proposals___ministry_of_mines,Ram Sateesh Pasupuleti,"['Ram Sateesh Pasupuleti', 'Pravindra Kumar', 'Mahua Mukherjee', 'Ashwani Kumar Sharma']"
v0_005_invites_science_and_technology_project_proposals___ministry_of_mines,Saptarshi Kolay,"['Saptarshi Kolay', 'Ram Sateesh Pasupuleti', 'Pravindra Kumar', 'Mahua Mukherjee', 'Ashwani Kumar Sharma']"
v0_005_invites_science_and_technology_project_proposals___ministry_of_mines,Shubhajit Sadhukhan,"['Shubhajit Sadhukhan', 'Ram Sateesh Pasupuleti', 'Pravindra Kumar', 'Mahua Mukherjee', 'Ashwani Kumar Sharma']"
v0_005_invites_science_and_technology_project_proposals___ministry_of_mines,Smriti Saraswat,"['Smriti Saraswat', 'Ram Sateesh Pasupuleti', 'Pravindra Kumar', 'Mahua Mukherjee', 'Ashwani Kumar Sharma']"
v0_005_invites_science_and_technology_project_proposals___ministry_of_mines,Sonal Atreya,"['Sonal Atreya', 'Ram Sateesh Pasupuleti', 'Pravindra Kumar', 'Mahua Mukherjee', 'Ashwani Kumar Sharma']"
v0_005_invites_science_and_technology_project_proposals___ministry_of_mines,Tina Pujara,"['Tina Pujara', 'Ram Sateesh Pasupuleti', 'Pravindra Kumar', 'Mahua Mukherjee', 'Ashwani Kumar Sharma']"
v0_005_invites_science_and_technology_project_proposals___ministry_of_mines,Uttam Kumar Roy,"['Uttam Kumar Roy', 'Ram Sateesh Pasupuleti', 'Pravindra Kumar', 'Mahua Mukherjee', 'Ashwani Kumar Sharma']"
v0_005_invites_science_and_technology_project_proposals___ministry_of_mines,V Devadas,"['V Devadas', 'Ram Sateesh Pasupuleti', 'Pravindra Kumar', 'Mahua Mukherjee', 'Ashwani Kumar Sharma']"
v0_005_invites_science_and_technology_project_proposals___ministry_of_mines,Jaydev Dabas,"['Jaydev Dabas', 'Ram Sateesh Pasupuleti', 'Pravindra Kumar', 'Mahua Mukherjee', 'Ashwani Kumar Sharma']"
v0_005_invites_science_and_technology_project_proposals___ministry_of_mines,Millie Pant,"['Millie Pant', 'Ram Sateesh Pasupuleti', 'Pravindra Kumar', 'Mahua Mukherjee', 'Ashwani Kumar Sharma']"
v0_005_invites_science_and_technology_project_proposals___ministry_of_mines,Rajan Arora,"['Rajan Arora', 'Ram Sateesh Pasupuleti', 'Pravindra Kumar', 'Mahua Mukherjee', 'Ashwani Kumar Sharma']"
v0_005_invites_science_and_technology_project_proposals___ministry_of_mines,Ashwani Kumar Sharma,"['Ashwani Kumar Sharma', 'Ram Sateesh Pasupuleti', 'Pravindra Kumar', 'Mahua Mukherjee']"
v0_005_invites_science_and_technology_project_proposals___ministry_of_mines,Bijan Choudhury,"['Bijan Choudhury', 'Ram Sateesh Pasupuleti', 'Pravindra Kumar', 'Mahua Mukherjee', 'Ashwani Kumar Sharma']"
v0_005_invites_science_and_technology_project_proposals___ministry_of_mines,Debabrata Sircar,"['Debabrata Sircar', 'Ram Sateesh Pasupuleti', 'Pravindra Kumar', 'Mahua Mukherjee', 'Ashwani Kumar Sharma']"
v0_005_invites_science_and_technology_project_proposals___ministry_of_mines,Deepak Sharma,"['Deepak Sharma', 'Ram Sateesh Pasupuleti', 'Pravindra Kumar', 'Mahua Mukherjee', 'Ashwani Kumar Sharma']"
v0_005_invites_science_and_technology_project_proposals___ministry_of_mines,P Gopinath,"['P Gopinath', 'Ram Sateesh Pasupuleti', 'Pravindra Kumar', 'Mahua Mukherjee', 'Ashwani Kumar Sharma']"
v0_005_invites_science_and_technology_project_proposals___ministry_of_mines,Harsh Chauhan,"['Harsh Chauhan', 'Ram Sateesh Pasupuleti', 'Pravindra Kumar', 'Mahua Mukherjee', 'Ashwani Kumar Sharma']"
v0_005_invites_science_and_technology_project_proposals___ministry_of_mines,Srinivas Kiran Ambatipudi,"['Srinivas Kiran Ambatipudi', 'Ram Sateesh Pasupuleti', 'Pravindra Kumar', 'Mahua Mukherjee', 'Ashwani Kumar Sharma']"
v0_005_invites_science_and_technology_project_proposals___ministry_of_mines,Krishna Mohan Poluri,"['Krishna Mohan Poluri', 'Ram Sateesh Pasupuleti', 'Pravindra Kumar', 'Mahua Mukherjee', 'Ashwani Kumar Sharma']"
v0_005_invites_science_and_technology_project_proposals___ministry_of_mines,Maya S.Nair,"['Maya S.Nair', 'Ram Sateesh Pasupuleti', 'Pravindra Kumar', 'Mahua Mukherjee', 'Ashwani Kumar Sharma']"
v0_005_invites_science_and_technology_project_proposals___ministry_of_mines,N K Navani,"['N K Navani', 'Ram Sateesh Pasupuleti', 'Pravindra Kumar', 'Mahua Mukherjee', 'Ashwani Kumar Sharma']"
v0_005_invites_science_and_technology_project_proposals___ministry_of_mines,Partha Roy,"['Partha Roy', 'Ram Sateesh Pasupuleti', 'Pravindra Kumar', 'Mahua Mukherjee', 'Ashwani Kumar Sharma']"
v0_005_invites_science_and_technology_project_proposals___ministry_of_mines,Poonam Choudhary,"['Poonam Choudhary', 'Ram Sateesh Pasupuleti', 'Pravindra Kumar', 'Mahua Mukherjee', 'Ashwani Kumar Sharma']"
v0_005_invites_science_and_technology_project_proposals___ministry_of_mines,Prabhat Kumar Mandal,"['Prabhat Kumar Mandal', 'Ram Sateesh Pasupuleti', 'Pravindra Kumar', 'Mahua Mukherjee', 'Ashwani Kumar Sharma']"
v0_005_invites_science_and_technology_project_proposals___ministry_of_mines,Pranita P Sarangi,"['Pranita P Sarangi', 'Ram Sateesh Pasupuleti', 'Pravindra Kumar', 'Mahua Mukherjee', 'Ashwani Kumar Sharma']"
v0_005_invites_science_and_technology_project_proposals___ministry_of_mines,Pravindra Kumar,"['Pravindra Kumar', 'Ram Sateesh Pasupuleti', 'Mahua Mukherjee', 'Ashwani Kumar Sharma']"
v0_005_invites_science_and_technology_project_proposals___ministry_of_mines,Prince Tiwari,"['Prince Tiwari', 'Ram Sateesh Pasupuleti', 'Pravindra Kumar', 'Mahua Mukherjee', 'Ashwani Kumar Sharma']"
v0_005_invites_science_and_technology_project_proposals___ministry_of_mines,R. P. Singh,"['R. P. Singh', 'Ram Sateesh Pasupuleti', 'Pravindra Kumar', 'Mahua Mukherjee', 'Ashwani Kumar Sharma']"
v0_005_invites_science_and_technology_project_proposals___ministry_of_mines,Ramasare Prasad,"['Ramasare Prasad', 'Ram Sateesh Pasupuleti', 'Pravindra Kumar', 'Mahua Mukherjee', 'Ashwani Kumar Sharma']"
v0_005_invites_science_and_technology_project_proposals___ministry_of_mines,Ranjana Pathania,"['Ranjana Pathania', 'Ram Sateesh Pasupuleti', 'Pravindra Kumar', 'Mahua Mukherjee', 'Ashwani Kumar Sharma']"
v0_005_invites_science_and_technology_project_proposals___ministry_of_mines,Sanjoy Ghosh,"['Sanjoy Ghosh', 'Ram Sateesh Pasupuleti', 'Pravindra Kumar', 'Mahua Mukherjee', 'Ashwani Kumar Sharma']"
v0_005_invites_science_and_technology_project_proposals___ministry_of_mines,Saugata Hazra,"['Saugata Hazra', 'Ram Sateesh Pasupuleti', 'Pravindra Kumar', 'Mahua Mukherjee', 'Ashwani Kumar Sharma']"
v0_005_invites_science_and_technology_project_proposals___ministry_of_mines,Shailly Tomar,"['Shailly Tomar', 'Ram Sateesh Pasupuleti', 'Pravindra Kumar', 'Mahua Mukherjee', 'Ashwani Kumar Sharma']"
v0_005_invites_science_and_technology_project_proposals___ministry_of_mines,Shri Ram Yadav,"['Shri Ram Yadav', 'Ram Sateesh Pasupuleti', 'Pravindra Kumar', 'Mahua Mukherjee', 'Ashwani Kumar Sharma']"
v0_005_invites_science_and_technology_project_proposals___ministry_of_mines,Soma Rohatgi,"['Soma Rohatgi', 'Ram Sateesh Pasupuleti', 'Pravindra Kumar', 'Mahua Mukherjee', 'Ashwani Kumar Sharma']"
v0_005_invites_science_and_technology_project_proposals___ministry_of_mines,Sachin Suresh Tiwari,"['Sachin Suresh Tiwari', 'Ram Sateesh Pasupuleti', 'Pravindra Kumar', 'Mahua Mukherjee', 'Ashwani Kumar Sharma']"
v0_005_invites_science_and_technology_project_proposals___ministry_of_mines,Jitin Singla,"['Jitin Singla', 'Ram Sateesh Pasupuleti', 'Pravindra Kumar', 'Mahua Mukherjee', 'Ashwani Kumar Sharma']"
v0_005_invites_science_and_technology_project_proposals___ministry_of_mines,Rajesh Kumar,"['Rajesh Kumar', 'Ram Sateesh Pasupuleti', 'Pravindra Kumar', 'Mahua Mukherjee', 'Ashwani Kumar Sharma']"
v0_005_invites_science_and_technology_project_proposals___ministry_of_mines,Akhil Upadhyay,"['Akhil Upadhyay', 'Ram Sateesh Pasupuleti', 'Pravindra Kumar', 'Mahua Mukherjee', 'Ashwani Kumar Sharma']"
v0_006_call_for_proposals_under_india_republic_of_korea_joint_programme_of_cooperation,Arindam Biswas,"['Arindam Biswas', 'R. P. Singh', 'Bijan Choudhury']"
v0_006_call_for_proposals_under_india_republic_of_korea_joint_programme_of_cooperation,Avlokita Agrawal,"['Avlokita Agrawal', 'R. P. Singh', 'Bijan Choudhury']"
v0_006_call_for_proposals_under_india_republic_of_korea_joint_programme_of_cooperation,Gaurav Raheja,"['Gaurav Raheja', 'R. P. Singh', 'Bijan Choudhury']"
v0_006_call_for_proposals_under_india_republic_of_korea_joint_programme_of_cooperation,Harshit Sosan Lakra,"['Harshit Sosan Lakra', 'R. P. Singh', 'Bijan Choudhury']"
v0_006_call_for_proposals_under_india_republic_of_korea_joint_programme_of_cooperation,Mahua Mukherjee,"['Mahua Mukherjee', 'R. P. Singh', 'Bijan Choudhury']"
v0_006_call_for_proposals_under_india_republic_of_korea_joint_programme_of_cooperation,Prabhjot Singh Chani,"['Prabhjot Singh Chani', 'R. P. Singh', 'Bijan Choudhury']"
v0_006_call_for_proposals_under_india_republic_of_korea_joint_programme_of_cooperation,E Rajasekar,"['E Rajasekar', 'R. P. Singh', 'Bijan Choudhury']"
v0_006_call_for_proposals_under_india_republic_of_korea_joint_programme_of_cooperation,Ram Sateesh Pasupuleti,"['Ram Sateesh Pasupuleti', 'R. P. Singh', 'Bijan Choudhury']"
v0_006_call_for_proposals_under_india_republic_of_korea_joint_programme_of_cooperation,Saptarshi Kolay,"['Saptarshi Kolay', 'R. P. Singh', 'Bijan Choudhury']"
v0_006_call_for_proposals_under_india_republic_of_korea_joint_programme_of_cooperation,Shubhajit Sadhukhan,"['Shubhajit Sadhukhan', 'R. P. Singh', 'Bijan Choudhury']"
v0_006_call_for_proposals_under_india_republic_of_korea_joint_programme_of_cooperation,Smriti Saraswat,"['Smriti Saraswat', 'R. P. Singh', 'Bijan Choudhury']"
v0_006_call_for_proposals_under_india_republic_of_korea_joint_programme_of_cooperation,Sonal Atreya,"['Sonal Atreya', 'R. P. Singh', 'Bijan Choudhury']"
v0_006_call_for_proposals_under_india_republic_of_korea_joint_programme_of_cooperation,Tina Pujara,"['Tina Pujara', 'R. P. Singh', 'Bijan Choudhury']"
v0_006_call_for_proposals_under_india_republic_of_korea_joint_programme_of_cooperation,Uttam Kumar Roy,"['Uttam Kumar Roy', 'R. P. Singh', 'Bijan Choudhury']"
v0_006_call_for_proposals_under_india_republic_of_korea_joint_programme_of_cooperation,V Devadas,"['V Devadas', 'R. P. Singh', 'Bijan Choudhury']"
v0_006_call_for_proposals_under_india_republic_of_korea_joint_programme_of_cooperation,Jaydev Dabas,"['Jaydev Dabas', 'R. P. Singh', 'Bijan Choudhury']"
v0_006_call_for_proposals_under_india_republic_of_korea_joint_programme_of_cooperation,Millie Pant,"['Millie Pant', 'R. P. Singh', 'Bijan Choudhury']"
v0_006_call_for_proposals_under_india_republic_of_korea_joint_programme_of_cooperation,Rajan Arora,"['Rajan Arora', 'R. P. Singh', 'Bijan Choudhury']"
v0_006_call_for_proposals_under_india_republic_of_korea_joint_programme_of_cooperation,Ashwani Kumar Sharma,"['Ashwani Kumar Sharma', 'R. P. Singh', 'Bijan Choudhury']"
v0_006_call_for_proposals_under_india_republic_of_korea_joint_programme_of_cooperation,Bijan Choudhury,"['Bijan Choudhury', 'R. P. Singh']"
v0_006_call_for_proposals_under_india_republic_of_korea_joint_programme_of_cooperation,Debabrata Sircar,"['Debabrata Sircar', 'R. P. Singh', 'Bijan Choudhury']"
v0_006_call_for_proposals_under_india_republic_of_korea_joint_programme_of_cooperation,Deepak Sharma,"['Deepak Sharma', 'R. P. Singh', 'Bijan Choudhury']"
v0_006_call_for_proposals_under_india_republic_of_korea_joint_programme_of_cooperation,P Gopinath,"['P Gopinath', 'R. P. Singh', 'Bijan Choudhury']"
v0_006_call_for_proposals_under_india_republic_of_korea_joint_programme_of_cooperation,Harsh Chauhan,"['Harsh Chauhan', 'R. P. Singh', 'Bijan Choudhury']"
v0_006_call_for_proposals_under_india_republic_of_korea_joint_programme_of_cooperation,Srinivas Kiran Ambatipudi,"['Srinivas Kiran Ambatipudi', 'R. P. Singh', 'Bijan Choudhury']"
v0_006_call_for_proposals_under_india_republic_of_korea_joint_programme_of_cooperation,Krishna Mohan Poluri,"['Krishna Mohan Poluri', 'R. P. Singh', 'Bijan Choudhury']"
v0_006_call_for_proposals_under_india_republic_of_korea_joint_programme_of_cooperation,Maya S.Nair,"['Maya S.Nair', 'R. P. Singh', 'Bijan Choudhury']"
v0_006_call_for_proposals_under_india_republic_of_korea_joint_programme_of_cooperation,N K Navani,"['N K Navani', 'R. P. Singh', 'Bijan Choudhury']"
v0_006_call_for_proposals_under_india_republic_of_korea_joint_programme_of_cooperation,Partha Roy,"['Partha Roy', 'R. P. Singh', 'Bijan Choudhury']"
v0_006_call_for_proposals_under_india_republic_of_korea_joint_programme_of_cooperation,Poonam Choudhary,"['Poonam Choudhary', 'R. P. Singh', 'Bijan Choudhury']"
v0_006_call_for_proposals_under_india_republic_of_korea_joint_programme_of_cooperation,Prabhat Kumar Mandal,"['Prabhat Kumar Mandal', 'R. P. Singh', 'Bijan Choudhury']"
v0_006_call_for_proposals_under_india_republic_of_korea_joint_programme_of_cooperation,Pranita P Sarangi,"['Pranita P Sarangi', 'R. P. Singh', 'Bijan Choudhury']"
v0_006_call_for_proposals_under_india_republic_of_korea_joint_programme_of_cooperation,Pravindra Kumar,"['Pravindra Kumar', 'R. P. Singh', 'Bijan Choudhury']"
v0_006_call_for_proposals_under_india_republic_of_korea_joint_programme_of_cooperation,Prince Tiwari,"['Prince Tiwari', 'R. P. Singh', 'Bijan Choudhury']"
v0_006_call_for_proposals_under_india_republic_of_korea_joint_programme_of_cooperation,R. P. Singh,"['R. P. Singh', 'Bijan Choudhury']"
v0_006_call_for_proposals_under_india_republic_of_korea_joint_programme_of_cooperation,Ramasare Prasad,"['Ramasare Prasad', 'R. P. Singh', 'Bijan Choudhury']"
v0_006_call_for_proposals_under_india_republic_of_korea_joint_programme_of_cooperation,Ranjana Pathania,"['Ranjana Pathania', 'R. P. Singh', 'Bijan Choudhury']"
v0_006_call_for_proposals_under_india_republic_of_korea_joint_programme_of_cooperation,Sanjoy Ghosh,"['Sanjoy Ghosh', 'R. P. Singh', 'Bijan Choudhury']"
v0_006_call_for_proposals_under_india_republic_of_korea_joint_programme_of_cooperation,Saugata Hazra,"['Saugata Hazra', 'R. P. Singh', 'Bijan Choudhury']"
v0_006_call_for_proposals_under_india_republic_of_korea_joint_programme_of_cooperation,Shailly Tomar,"['Shailly Tomar', 'R. P. Singh', 'Bijan Choudhury']"
v0_006_call_for_proposals_under_india_republic_of_korea_joint_programme_of_cooperation,Shri Ram Yadav,"['Shri Ram Yadav', 'R. P. Singh', 'Bijan Choudhury']"
v0_006_call_for_proposals_under_india_republic_of_korea_joint_programme_of_cooperation,Soma Rohatgi,"['Soma Rohatgi', 'R. P. Singh', 'Bijan Choudhury']"
v0_006_call_for_proposals_under_india_republic_of_korea_joint_programme_of_cooperation,Sachin Suresh Tiwari,"['Sachin Suresh Tiwari', 'R. P. Singh', 'Bijan Choudhury']"
v0_006_call_for_proposals_under_india_republic_of_korea_joint_programme_of_cooperation,Jitin Singla,"['Jitin Singla', 'R. P. Singh', 'Bijan Choudhury']"
v0_006_call_for_proposals_under_india_republic_of_korea_joint_programme_of_cooperation,Rajesh Kumar,"['Rajesh Kumar', 'R. P. Singh', 'Bijan Choudhury']"
v0_006_call_for_proposals_under_india_republic_of_korea_joint_programme_of_cooperation,Akhil Upadhyay,"['Akhil Upadhyay', 'R. P. Singh', 'Bijan Choudhury']"
v0_007_india___korea_joint_network_centre___call_for_proposals___last_date___august_16_2017,Arindam Biswas,"['Arindam Biswas', 'Sonal Atreya', 'Maya S.Nair', 'Jaydev Dabas', 'E Rajasekar']"
v0_007_india___korea_joint_network_centre___call_for_proposals___last_date___august_16_2017,Avlokita Agrawal,"['Avlokita Agrawal', 'Sonal Atreya', 'Maya S.Nair', 'Jaydev Dabas', 'E Rajasekar']"
v0_007_india___korea_joint_network_centre___call_for_proposals___last_date___august_16_2017,Gaurav Raheja,"['Gaurav Raheja', 'Sonal Atreya', 'Maya S.Nair', 'Jaydev Dabas', 'E Rajasekar']"
v0_007_india___korea_joint_network_centre___call_for_proposals___last_date___august_16_2017,Harshit Sosan Lakra,"['Harshit Sosan Lakra', 'Sonal Atreya', 'Maya S.Nair', 'Jaydev Dabas', 'E Rajasekar']"
v0_007_india___korea_joint_network_centre___call_for_proposals___last_date___august_16_2017,Mahua Mukherjee,"['Mahua Mukherjee', 'Sonal Atreya', 'Maya S.Nair', 'Jaydev Dabas', 'E Rajasekar']"
v0_007_india___korea_joint_network_centre___call_for_proposals___last_date___august_16_2017,Prabhjot Singh Chani,"['Prabhjot Singh Chani', 'Sonal Atreya', 'Maya S.Nair', 'Jaydev Dabas', 'E Rajasekar']"
v0_007_india___korea_joint_network_centre___call_for_proposals___last_date___august_16_2017,E Rajasekar,"['E Rajasekar', 'Sonal Atreya', 'Maya S.Nair', 'Jaydev Dabas', 'Avlokita Agrawal']"
v0_007_india___korea_joint_network_centre___call_for_proposals___last_date___august_16_2017,Ram Sateesh Pasupuleti,"['Ram Sateesh Pasupuleti', 'Sonal Atreya', 'Maya S.Nair', 'Jaydev Dabas', 'E Rajasekar']"
v0_007_india___korea_joint_network_centre___call_for_proposals___last_date___august_16_2017,Saptarshi Kolay,"['Saptarshi Kolay', 'Sonal Atreya', 'Maya S.Nair', 'Jaydev Dabas', 'E Rajasekar']"
v0_007_india___korea_joint_network_centre___call_for_proposals___last_date___august_16_2017,Shubhajit Sadhukhan,"['Shubhajit Sadhukhan', 'Sonal Atreya', 'Maya S.Nair', 'Jaydev Dabas', 'E Rajasekar']"
v0_007_india___korea_joint_network_centre___call_for_proposals___last_date___august_16_2017,Smriti Saraswat,"['Smriti Saraswat', 'Sonal Atreya', 'Maya S.Nair', 'Jaydev Dabas', 'E Rajasekar']"
v0_007_india___korea_joint_network_centre___call_for_proposals___last_date___august_16_2017,Sonal Atreya,"['Sonal Atreya', 'Maya S.Nair', 'Jaydev Dabas', 'E Rajasekar', 'Avlokita Agrawal']"
v0_007_india___korea_joint_network_centre___call_for_proposals___last_date___august_16_2017,Tina Pujara,"['Tina Pujara', 'Sonal Atreya', 'Maya S.Nair', 'Jaydev Dabas', 'E Rajasekar']"
v0_007_india___korea_joint_network_centre___call_for_proposals___last_date___august_16_2017,Uttam Kumar Roy,"['Uttam Kumar Roy', 'Sonal Atreya', 'Maya S.Nair', 'Jaydev Dabas', 'E Rajasekar']"
v0_007_india___korea_joint_network_centre___call_for_proposals___last_date___august_16_2017,V Devadas,"['V Devadas', 'Sonal Atreya', 'Maya S.Nair', 'Jaydev Dabas', 'E Rajasekar']"
v0_007_india___korea_joint_network_centre___call_for_proposals___last_date___august_16_2017,Jaydev Dabas,"['Jaydev Dabas', 'Sonal Atreya', 'Maya S.Nair', 'E Rajasekar', 'Avlokita Agrawal']"
v0_007_india___korea_joint_network_centre___call_for_proposals___last_date___august_16_2017,Millie Pant,"['Millie Pant', 'Sonal Atreya', 'Maya S.Nair', 'Jaydev Dabas', 'E Rajasekar']"
v0_007_india___korea_joint_network_centre___call_for_proposals___last_date___august_16_2017,Rajan Arora,"['Rajan Arora', 'Sonal Atreya', 'Maya S.Nair', 'Jaydev Dabas', 'E Rajasekar']"
v0_007_india___korea_joint_network_centre___call_for_proposals___last_date___august_16_2017,Ashwani Kumar Sharma,"['Ashwani Kumar Sharma', 'Sonal Atreya', 'Maya S.Nair', 'Jaydev Dabas', 'E Rajasekar']"
v0_007_india___korea_joint_network_centre___call_for_proposals___last_date___august_16_2017,Bijan Choudhury,"['Bijan Choudhury', 'Sonal Atreya', 'Maya S.Nair', 'Jaydev Dabas', 'E Rajasekar']"
v0_007_india___korea_joint_network_centre___call_for_proposals___last_date___august_16_2017,Debabrata Sircar,"['Debabrata Sircar', 'Sonal Atreya', 'Maya S.Nair', 'Jaydev Dabas', 'E Rajasekar']"
v0_007_india___korea_joint_network_centre___call_for_proposals___last_date___august_16_2017,Deepak Sharma,"['Deepak Sharma', 'Sonal Atreya', 'Maya S.Nair', 'Jaydev Dabas', 'E Rajasekar']"
v0_007_india___korea_joint_network_centre___call_for_proposals___last_date___august_16_2017,P Gopinath,"['P Gopinath', 'Sonal Atreya', 'Maya S.Nair', 'Jaydev Dabas', 'E Rajasekar']"
v0_007_india___korea_joint_network_centre___call_for_proposals___last_date___august_16_2017,Harsh Chauhan,"['Harsh Chauhan', 'Sonal Atreya', 'Maya S.Nair', 'Jaydev Dabas', 'E Rajasekar']"
v0_007_india___korea_joint_network_centre___call_for_proposals___last_date___august_16_2017,Srinivas Kiran Ambatipudi,"['Srinivas Kiran Ambatipudi', 'Sonal Atreya', 'Maya S.Nair', 'Jaydev Dabas', 'E Rajasekar']"
v0_007_india___korea_joint_network_centre___call_for_proposals___last_date___august_16_2017,Krishna Mohan Poluri,"['Krishna Mohan Poluri', 'Sonal Atreya', 'Maya S.Nair', 'Jaydev Dabas', 'E Rajasekar']"
v0_007_india___korea_joint_network_centre___call_for_proposals___last_date___august_16_2017,Maya S.Nair,"['Maya S.Nair', 'Sonal Atreya', 'Jaydev Dabas', 'E Rajasekar', 'Avlokita Agrawal']"
v0_007_india___korea_joint_network_centre___call_for_proposals___last_date___august_16_2017,N K Navani,"['N K Navani', 'Sonal Atreya', 'Maya S.Nair', 'Jaydev Dabas', 'E Rajasekar']"
v0_007_india___korea_joint_network_centre___call_for_proposals___last_date___august_16_2017,Partha Roy,"['Partha Roy', 'Sonal Atreya', 'Maya S.Nair', 'Jaydev Dabas', 'E Rajasekar']"
v0_007_india___korea_joint_network_centre___call_for_proposals___last_date___august_16_2017,Poonam Choudhary,"['Poonam Choudhary', 'Sonal Atreya', 'Maya S.Nair', 'Jaydev Dabas', 'E Rajasekar']"
v0_007_india___korea_joint_network_centre___call_for_proposals___last_date___august_16_2017,Prabhat Kumar Mandal,"['Prabhat Kumar Mandal', 'Sonal Atreya', 'Maya S.Nair', 'Jaydev Dabas', 'E Rajasekar']"
v0_007_india___korea_joint_network_centre___call_for_proposals___last_date___august_16_2017,Pranita P Sarangi,"['Pranita P Sarangi', 'Sonal Atreya', 'Maya S.Nair', 'Jaydev Dabas', 'E Rajasekar']"
v0_007_india___korea_joint_network_centre___call_for_proposals___last_date___august_16_2017,Pravindra Kumar,"['Pravindra Kumar', 'Sonal Atreya', 'Maya S.Nair', 'Jaydev Dabas', 'E Rajasekar']"
v0_007_india___korea_joint_network_centre___call_for_proposals___last_date___august_16_2017,Prince Tiwari,"['Prince Tiwari', 'Sonal Atreya', 'Maya S.Nair', 'Jaydev Dabas', 'E Rajasekar']"
v0_007_india___korea_joint_network_centre___call_for_proposals___last_date___august_16_2017,R. P. Singh,"['R. P. Singh', 'Sonal Atreya', 'Maya S.Nair', 'Jaydev Dabas', 'E Rajasekar']"
v0_007_india___korea_joint_network_centre___call_for_proposals___last_date___august_16_2017,Ramasare Prasad,"['Ramasare Prasad', 'Sonal Atreya', 'Maya S.Nair', 'Jaydev Dabas', 'E Rajasekar']"
v0_007_india___korea_joint_network_centre___call_for_proposals___last_date___august_16_2017,Ranjana Pathania,"['Ranjana Pathania', 'Sonal Atreya', 'Maya S.Nair', 'Jaydev Dabas', 'E Rajasekar']"
v0_007_india___korea_joint_network_centre___call_for_proposals___last_date___august_16_2017,Sanjoy Ghosh,"['Sanjoy Ghosh', 'Sonal Atreya', 'Maya S.Nair', 'Jaydev Dabas', 'E Rajasekar']"
v0_007_india___korea_joint_network_centre___call_for_proposals___last_date___august_16_2017,Saugata Hazra,"['Saugata Hazra', 'Sonal Atreya', 'Maya S.Nair', 'Jaydev Dabas', 'E Rajasekar']"
v0_007_india___korea_joint_network_centre___call_for_proposals___last_date___august_16_2017,Shailly Tomar,"['Shailly Tomar', 'Sonal Atreya', 'Maya S.Nair', 'Jaydev Dabas', 'E Rajasekar']"
v0_007_india___korea_joint_network_centre___call_for_proposals___last_date___august_16_2017,Shri Ram Yadav,"['Shri Ram Yadav', 'Sonal Atreya', 'Maya S.Nair', 'Jaydev Dabas', 'E Rajasekar']"
v0_007_india___korea_joint_network_centre___call_for_proposals___last_date___august_16_2017,Soma Rohatgi,"['Soma Rohatgi', 'Sonal Atreya', 'Maya S.Nair', 'Jaydev Dabas', 'E Rajasekar']"
v0_007_india___korea_joint_network_centre___call_for_proposals___last_date___august_16_2017,Sachin Suresh Tiwari,"['Sachin Suresh Tiwari', 'Sonal Atreya', 'Maya S.Nair', 'Jaydev Dabas', 'E Rajasekar']"
v0_007_india___korea_joint_network_centre___call_for_proposals___last_date___august_16_2017,Jitin Singla,"['Jitin Singla', 'Sonal Atreya', 'Maya S.Nair', 'Jaydev Dabas', 'E Rajasekar']"
v0_007_india___korea_joint_network_centre___call_for_proposals___last_date___august_16_2017,Rajesh Kumar,"['Rajesh Kumar', 'Sonal Atreya', 'Maya S.Nair', 'Jaydev Dabas', 'E Rajasekar']"
v0_007_india___korea_joint_network_centre___call_for_proposals___last_date___august_16_2017,Akhil Upadhyay,"['Akhil Upadhyay', 'Sonal Atreya', 'Maya S.Nair', 'Jaydev Dabas', 'E Rajasekar']"
v0_008_bhaskara_advanced_solar_energy_base_fellowship__2017,Arindam Biswas,"['Arindam Biswas', 'Sanjoy Ghosh']"
v0_008_bhaskara_advanced_solar_energy_base_fellowship__2017,Avlokita Agrawal,"['Avlokita Agrawal', 'Jitin Singla', 'Ramasare Prasad', 'Maya S.Nair', 'Soma Rohatgi']"
v0_008_bhaskara_advanced_solar_energy_base_fellowship__2017,Gaurav Raheja,"['Gaurav Raheja', 'Akhil Upadhyay', 'Sanjoy Ghosh', 'Prabhat Kumar Mandal', 'Rajesh Kumar']"
v0_008_bhaskara_advanced_solar_energy_base_fellowship__2017,Harshit Sosan Lakra,"['Harshit Sosan Lakra', 'Prabhat Kumar Mandal', 'Maya S.Nair', 'Partha Roy']"
v0_008_bhaskara_advanced_solar_energy_base_fellowship__2017,Mahua Mukherjee,"['Mahua Mukherjee', 'Prabhat Kumar Mandal', 'Poonam Choudhary', 'Sachin Suresh Tiwari', 'Shailly Tomar']"
v0_008_bhaskara_advanced_solar_energy_base_fellowship__2017,Prabhjot Singh Chani,"['Prabhjot Singh Chani', 'Soma Rohatgi', 'Rajesh Kumar', 'Partha Roy']"
v0_008_bhaskara_advanced_solar_energy_base_fellowship__2017,E Rajasekar,"['E Rajasekar', 'Sanjoy Ghosh', 'Prabhat Kumar Mandal', 'Akhil Upadhyay', 'Pravindra Kumar']"
v0_008_bhaskara_advanced_solar_energy_base_fellowship__2017,Ram Sateesh Pasupuleti,"['Ram Sateesh Pasupuleti', 'Sachin Suresh Tiwari', 'N K Navani']"
v0_008_bhaskara_advanced_solar_energy_base_fellowship__2017,Saptarshi Kolay,"['Saptarshi Kolay', 'Pravindra Kumar', 'Soma Rohatgi']"
v0_008_bhaskara_advanced_solar_energy_base_fellowship__2017,Shubhajit Sadhukhan,"['Shubhajit Sadhukhan', 'Jitin Singla', 'Saugata Hazra']"
v0_008_bhaskara_advanced_solar_energy_base_fellowship__2017,Smriti Saraswat,"['Smriti Saraswat', 'Sachin Suresh Tiwari', 'Sanjoy Ghosh', 'Ramasare Prasad', 'R. P. Singh']"
v0_008_bhaskara_advanced_solar_energy_base_fellowship__2017,Sonal Atreya,"['Sonal Atreya', 'Pranita P Sarangi', 'R. P. Singh']"
v0_008_bhaskara_advanced_solar_energy_base_fellowship__2017,Tina Pujara,"['Tina Pujara', 'Prabhat Kumar Mandal', 'Akhil Upadhyay', 'Saugata Hazra', 'N K Navani']"
v0_008_bhaskara_advanced_solar_energy_base_fellowship__2017,Uttam Kumar Roy,"['Uttam Kumar Roy', 'Ramasare Prasad', 'Sanjoy Ghosh', 'Prabhat Kumar Mandal', 'Rajesh Kumar']"
v0_008_bhaskara_advanced_solar_energy_base_fellowship__2017,V Devadas,"['V Devadas', 'Prabhat Kumar Mandal', 'Maya S.Nair', 'Pranita P Sarangi']"
v0_008_bhaskara_advanced_solar_energy_base_fellowship__2017,Jaydev Dabas,"['Jaydev Dabas', 'Prabhat Kumar Mandal', 'Ramasare Prasad', 'Maya S.Nair']"
v0_008_bhaskara_advanced_solar_energy_base_fellowship__2017,Millie Pant,"['Millie Pant', 'Pravindra Kumar', 'N K Navani', 'Jitin Singla', 'R. P. Singh']"
v0_008_bhaskara_advanced_solar_energy_base_fellowship__2017,Rajan Arora,"['Rajan Arora', 'Sachin Suresh Tiwari', 'Maya S.Nair']"
v0_008_bhaskara_advanced_solar_energy_base_fellowship__2017,Ashwani Kumar Sharma,"['Ashwani Kumar Sharma', 'Ranjana Pathania', 'Shri Ram Yadav']"
v0_008_bhaskara_advanced_solar_energy_base_fellowship__2017,Bijan Choudhury,"['Bijan Choudhury', 'Prince Tiwari', 'Akhil Upadhyay']"
v0_008_bhaskara_advanced_solar_energy_base_fellowship__2017,Debabrata Sircar,"['Debabrata Sircar', 'Pravindra Kumar', 'Akhil Upadhyay']"
v0_008_bhaskara_advanced_solar_energy_base_fellowship__2017,Deepak Sharma,"['Deepak Sharma', 'Partha Roy', 'Poonam Choudhary', 'Ranjana Pathania', 'Saugata Hazra']"
v0_008_bhaskara_advanced_solar_energy_base_fellowship__2017,P Gopinath,"['P Gopinath', 'Akhil Upadhyay']"
v0_008_bhaskara_advanced_solar_energy_base_fellowship__2017,Harsh Chauhan,"['Harsh Chauhan', 'Shri Ram Yadav', 'Maya S.Nair', 'Partha Roy', 'Prince Tiwari']"
v0_008_bhaskara_advanced_solar_energy_base_fellowship__2017,Srinivas Kiran Ambatipudi,"['Srinivas Kiran Ambatipudi', 'Partha Roy', 'Akhil Upadhyay', 'Saugata Hazra']"
v0_008_bhaskara_advanced_solar_energy_base_fellowship__2017,Krishna Mohan Poluri,"['Krishna Mohan Poluri', 'N K Navani', 'Akhil Upadhyay']"
v0_008_bhaskara_advanced_solar_energy_base_fellowship__2017,Maya S.Nair,"['Maya S.Nair', 'Partha Roy', 'Prince Tiwari']"
v0_008_bhaskara_advanced_solar_energy_base_fellowship__2017,N K Navani,"['N K Navani', 'Shri Ram Yadav', 'Pranita P Sarangi', 'Poonam Choudhary', 'Partha Roy']"
v0_008_bhaskara_advanced_solar_energy_base_fellowship__2017,Partha Roy,"['Partha Roy', 'Pravindra Kumar', 'Pranita P Sarangi']"
v0_008_bhaskara_advanced_solar_energy_base_fellowship__2017,Poonam Choudhary,"['Poonam Choudhary', 'Prince Tiwari', 'Sanjoy Ghosh', 'Rajesh Kumar']"
v0_008_bhaskara_advanced_solar_energy_base_fellowship__2017,Prabhat Kumar Mandal,"['Prabhat Kumar Mandal', 'Prince Tiwari', 'Akhil Upadhyay']"
v0_008_bhaskara_advanced_solar_energy_base_fellowship__2017,Pranita P Sarangi,"['Pranita P Sarangi', 'Shri Ram Yadav', 'Ranjana Pathania', 'Maya S.Nair', 'N K Navani']"
v0_008_bhaskara_advanced_solar_energy_base_fellowship__2017,Pravindra Kumar,"['Pravindra Kumar', 'Ramasare Prasad', 'Prince Tiwari', 'Pranita P Sarangi']"
v0_008_bhaskara_advanced_solar_energy_base_fellowship__2017,Prince Tiwari,"['Prince Tiwari', 'Shri Ram Yadav', 'Maya S.Nair', 'Soma Rohatgi']"
v0_008_bhaskara_advanced_solar_energy_base_fellowship__2017,R. P. Singh,"['R. P. Singh', 'Ranjana Pathania']"
v0_008_bhaskara_advanced_solar_energy_base_fellowship__2017,Ramasare Prasad,"['Ramasare Prasad', 'Partha Roy', 'Poonam Choudhary']"
v0_008_bhaskara_advanced_solar_energy_base_fellowship__2017,Ranjana Pathania,"['Ranjana Pathania', 'Pravindra Kumar', 'Akhil Upadhyay', 'Shri Ram Yadav', 'Prabhat Kumar Mandal']"
v0_008_bhaskara_advanced_solar_energy_base_fellowship__2017,Sanjoy Ghosh,"['Sanjoy Ghosh', 'Akhil Upadhyay', 'R. P. Singh', 'Shailly Tomar']"
v0_008_bhaskara_advanced_solar_energy_base_fellowship__2017,Saugata Hazra,"['Saugata Hazra', 'Sanjoy Ghosh', 'Shailly Tomar', 'Prince Tiwari', 'Ranjana Pathania']"
v0_008_bhaskara_advanced_solar_energy_base_fellowship__2017,Shailly Tomar,"['Shailly Tomar', 'Prabhat Kumar Mandal', 'Maya S.Nair']"
v0_008_bhaskara_advanced_solar_energy_base_fellowship__2017,Shri Ram Yadav,"['Shri Ram Yadav', 'Pravindra Kumar']"
v0_008_bhaskara_advanced_solar_energy_base_fellowship__2017,Soma Rohatgi,"['Soma Rohatgi', 'Shailly Tomar', 'Saugata Hazra', 'Jitin Singla']"
v0_008_bhaskara_advanced_solar_energy_base_fellowship__2017,Sachin Suresh Tiwari,"['Sachin Suresh Tiwari', 'Shailly Tomar']"
v0_008_bhaskara_advanced_solar_energy_base_fellowship__2017,Jitin Singla,"['Jitin Singla', 'Prabhat Kumar Mandal']"
v0_008_bhaskara_advanced_solar_energy_base_fellowship__2017,Rajesh Kumar,"['Rajesh Kumar', 'Pravindra Kumar', 'N K Navani', 'Maya S.Nair', 'Ramasare Prasad']"
v0_008_bhaskara_advanced_solar_energy_base_fellowship__2017,Akhil Upadhyay,"['Akhil Upadhyay', 'Jitin Singla', 'Shailly Tomar', 'Partha Roy']"
v0_009_building_energy_efficiency_higher_and_advanced_network_bhavan_fellowships__2017,Arindam Biswas,"['Arindam Biswas', 'E Rajasekar', 'Akhil Upadhyay']"
v0_009_building_energy_efficiency_higher_and_advanced_network_bhavan_fellowships__2017,Avlokita Agrawal,"['Avlokita Agrawal', 'E Rajasekar', 'Akhil Upadhyay']"
v0_009_building_energy_efficiency_higher_and_advanced_network_bhavan_fellowships__2017,Gaurav Raheja,"['Gaurav Raheja', 'E Rajasekar', 'Akhil Upadhyay']"
v0_009_building_energy_efficiency_higher_and_advanced_network_bhavan_fellowships__2017,Harshit Sosan Lakra,"['Harshit Sosan Lakra', 'E Rajasekar', 'Akhil Upadhyay']"
v0_009_building_energy_efficiency_higher_and_advanced_network_bhavan_fellowships__2017,Mahua Mukherjee,"['Mahua Mukherjee', 'E Rajasekar', 'Akhil Upadhyay']"
v0_009_building_energy_efficiency_higher_and_advanced_network_bhavan_fellowships__2017,Prabhjot Singh Chani,"['Prabhjot Singh Chani', 'E Rajasekar', 'Akhil Upadhyay']"
v0_009_building_energy_efficiency_higher_and_advanced_network_bhavan_fellowships__2017,E Rajasekar,"['E Rajasekar', 'Akhil Upadhyay']"
v0_009_building_energy_efficiency_higher_and_advanced_network_bhavan_fellowships__2017,Ram Sateesh Pasupuleti,"['Ram Sateesh Pasupuleti', 'E Rajasekar', 'Akhil Upadhyay']"
v0_009_building_energy_efficiency_higher_and_advanced_network_bhavan_fellowships__2017,Saptarshi Kolay,"['Saptarshi Kolay', 'E Rajasekar', 'Akhil Upadhyay']"
v0_009_building_energy_efficiency_higher_and_advanced_network_bhavan_fellowships__2017,Shubhajit Sadhukhan,"['Shubhajit Sadhukhan', 'E Rajasekar', 'Akhil Upadhyay']"
v0_009_building_energy_efficiency_higher_and_advanced_network_bhavan_fellowships__2017,Smriti Saraswat,"['Smriti Saraswat', 'E Rajasekar', 'Akhil Upadhyay']"
v0_009_building_energy_efficiency_higher_and_advanced_network_bhavan_fellowships__2017,Sonal Atreya,"['Sonal Atreya', 'E Rajasekar', 'Akhil Upadhyay']"
v0_009_building_energy_efficiency_higher_and_advanced_network_bhavan_fellowships__2017,Tina Pujara,"['Tina Pujara', 'E Rajasekar', 'Akhil Upadhyay']"
v0_009_building_energy_efficiency_higher_and_advanced_network_bhavan_fellowships__2017,Uttam Kumar Roy,"['Uttam Kumar Roy', 'E Rajasekar', 'Akhil Upadhyay']"
v0_009_building_energy_efficiency_higher_and_advanced_network_bhavan_fellowships__2017,V Devadas,"['V Devadas', 'E Rajasekar', 'Akhil Upadhyay']"
v0_009_building_energy_efficiency_higher_and_advanced_network_bhavan_fellowships__2017,Jaydev Dabas,"['Jaydev Dabas', 'E Rajasekar', 'Akhil Upadhyay']"
v0_009_building_energy_efficiency_higher_and_advanced_network_bhavan_fellowships__2017,Millie Pant,"['Millie Pant', 'E Rajasekar', 'Akhil Upadhyay']"
v0_009_building_energy_efficiency_higher_and_advanced_network_bhavan_fellowships__2017,Rajan Arora,"['Rajan Arora', 'E Rajasekar', 'Akhil Upadhyay']"
v0_009_building_energy_efficiency_higher_and_advanced_network_bhavan_fellowships__2017,Ashwani Kumar Sharma,"['Ashwani Kumar Sharma', 'E Rajasekar', 'Akhil Upadhyay']"
v0_009_building_energy_efficiency_higher_and_advanced_network_bhavan_fellowships__2017,Bijan Choudhury,"['Bijan Choudhury', 'E Rajasekar', 'Akhil Upadhyay']"
v0_009_building_energy_efficiency_higher_and_advanced_network_bhavan_fellowships__2017,Debabrata Sircar,"['Debabrata Sircar', 'E Rajasekar', 'Akhil Upadhyay']"
v0_009_building_energy_efficiency_higher_and_advanced_network_bhavan_fellowships__2017,Deepak Sharma,"['Deepak Sharma', 'E Rajasekar', 'Akhil Upadhyay']"
v0_009_building_energy_efficiency_higher_and_advanced_network_bhavan_fellowships__2017,P Gopinath,"['P Gopinath', 'E Rajasekar', 'Akhil Upadhyay']"
v0_009_building_energy_efficiency_higher_and_advanced_network_bhavan_fellowships__2017,Harsh Chauhan,"['Harsh Chauhan', 'E Rajasekar', 'Akhil Upadhyay']"
v0_009_building_energy_efficiency_higher_and_advanced_network_bhavan_fellowships__2017,Srinivas Kiran Ambatipudi,"['Srinivas Kiran Ambatipudi', 'E Rajasekar', 'Akhil Upadhyay']"
v0_009_building_energy_efficiency_higher_and_advanced_network_bhavan_fellowships__2017,Krishna Mohan Poluri,"['Krishna Mohan Poluri', 'E Rajasekar', 'Akhil Upadhyay']"
v0_009_building_energy_efficiency_higher_and_advanced_network_bhavan_fellowships__2017,Maya S.Nair,"['Maya S.Nair', 'E Rajasekar', 'Akhil Upadhyay']"
v0_009_building_energy_efficiency_higher_and_advanced_network_bhavan_fellowships__2017,N K Navani,"['N K Navani', 'E Rajasekar', 'Akhil Upadhyay']"
v0_009_building_energy_efficiency_higher_and_advanced_network_bhavan_fellowships__2017,Partha Roy,"['Partha Roy', 'E Rajasekar', 'Akhil Upadhyay']"
v0_009_building_energy_efficiency_higher_and_advanced_network_bhavan_fellowships__2017,Poonam Choudhary,"['Poonam Choudhary', 'E Rajasekar', 'Akhil Upadhyay']"
v0_009_building_energy_efficiency_higher_and_advanced_network_bhavan_fellowships__2017,Prabhat Kumar Mandal,"['Prabhat Kumar Mandal', 'E Rajasekar', 'Akhil Upadhyay']"
v0_009_building_energy_efficiency_higher_and_advanced_network_bhavan_fellowships__2017,Pranita P Sarangi,"['Pranita P Sarangi', 'E Rajasekar', 'Akhil Upadhyay']"
v0_009_building_energy_efficiency_higher_and_advanced_network_bhavan_fellowships__2017,Pravindra Kumar,"['Pravindra Kumar', 'E Rajasekar', 'Akhil Upadhyay']"
v0_009_building_energy_efficiency_higher_and_advanced_network_bhavan_fellowships__2017,Prince Tiwari,"['Prince Tiwari', 'E Rajasekar', 'Akhil Upadhyay']"
v0_009_building_energy_efficiency_higher_and_advanced_network_bhavan_fellowships__2017,R. P. Singh,"['R. P. Singh', 'E Rajasekar', 'Akhil Upadhyay']"
v0_009_building_energy_efficiency_higher_and_advanced_network_bhavan_fellowships__2017,Ramasare Prasad,"['Ramasare Prasad', 'E Rajasekar', 'Akhil Upadhyay']"
v0_009_building_energy_efficiency_higher_and_advanced_network_bhavan_fellowships__2017,Ranjana Pathania,"['Ranjana Pathania', 'E Rajasekar', 'Akhil Upadhyay']"
v0_009_building_energy_efficiency_higher_and_advanced_network_bhavan_fellowships__2017,Sanjoy Ghosh,"['Sanjoy Ghosh', 'E Rajasekar', 'Akhil Upadhyay']"
v0_009_building_energy_efficiency_higher_and_advanced_network_bhavan_fellowships__2017,Saugata Hazra,"['Saugata Hazra', 'E Rajasekar', 'Akhil Upadhyay']"
v0_009_building_energy_efficiency_higher_and_advanced_network_bhavan_fellowships__2017,Shailly Tomar,"['Shailly Tomar', 'E Rajasekar', 'Akhil Upadhyay']"
v0_009_building_energy_efficiency_higher_and_advanced_network_bhavan_fellowships__2017,Shri Ram Yadav,"['Shri Ram Yadav', 'E Rajasekar', 'Akhil Upadhyay']"
v0_009_building_energy_efficiency_higher_and_advanced_network_bhavan_fellowships__2017,Soma Rohatgi,"['Soma Rohatgi', 'E Rajasekar', 'Akhil Upadhyay']"
v0_009_building_energy_efficiency_higher_and_advanced_network_bhavan_fellowships__2017,Sachin Suresh Tiwari,"['Sachin Suresh Tiwari', 'E Rajasekar', 'Akhil Upadhyay']"
v0_009_building_energy_efficiency_higher_and_advanced_network_bhavan_fellowships__2017,Jitin Singla,"['Jitin Singla', 'E Rajasekar', 'Akhil Upadhyay']"
v0_009_building_energy_efficiency_higher_and_advanced_network_bhavan_fellowships__2017,Rajesh Kumar,"['Rajesh Kumar', 'E Rajasekar', 'Akhil Upadhyay']"
v0_009_building_energy_efficiency_higher_and_advanced_network_bhavan_fellowships__2017,Akhil Upadhyay,"['Akhil Upadhyay', 'E Rajasekar']"
v0_010_dst___rcn_norway_joint_call_on_ict_2017,Arindam Biswas,"['Arindam Biswas', 'R. P. Singh']"
v0_010_dst___rcn_norway_joint_call_on_ict_2017,Avlokita Agrawal,"['Avlokita Agrawal', 'R. P. Singh']"
v0_010_dst___rcn_norway_joint_call_on_ict_2017,Gaurav Raheja,"['Gaurav Raheja', 'R. P. Singh']"
v0_010_dst___rcn_norway_joint_call_on_ict_2017,Harshit Sosan Lakra,"['Harshit Sosan Lakra', 'R. P. Singh']"
v0_010_dst___rcn_norway_joint_call_on_ict_2017,Mahua Mukherjee,"['Mahua Mukherjee', 'R. P. Singh']"
v0_010_dst___rcn_norway_joint_call_on_ict_2017,Prabhjot Singh Chani,"['Prabhjot Singh Chani', 'R. P. Singh']"
v0_010_dst___rcn_norway_joint_call_on_ict_2017,E Rajasekar,"['E Rajasekar', 'R. P. Singh']"
v0_010_dst___rcn_norway_joint_call_on_ict_2017,Ram Sateesh Pasupuleti,"['Ram Sateesh Pasupuleti', 'R. P. Singh']"
v0_010_dst___rcn_norway_joint_call_on_ict_2017,Saptarshi Kolay,"['Saptarshi Kolay', 'R. P. Singh']"
v0_010_dst___rcn_norway_joint_call_on_ict_2017,Shubhajit Sadhukhan,"['Shubhajit Sadhukhan', 'R. P. Singh']"
v0_010_dst___rcn_norway_joint_call_on_ict_2017,Smriti Saraswat,"['Smriti Saraswat', 'R. P. Singh']"
v0_010_dst___rcn_norway_joint_call_on_ict_2017,Sonal Atreya,"['Sonal Atreya', 'R. P. Singh']"
v0_010_dst___rcn_norway_joint_call_on_ict_2017,Tina Pujara,"['Tina Pujara', 'R. P. Singh']"
v0_010_dst___rcn_norway_joint_call_on_ict_2017,Uttam Kumar Roy,"['Uttam Kumar Roy', 'R. P. Singh']"
v0_010_dst___rcn_norway_joint_call_on_ict_2017,V Devadas,"['V Devadas', 'R. P. Singh']"
v0_010_dst___rcn_norway_joint_call_on_ict_2017,Jaydev Dabas,"['Jaydev Dabas', 'R. P. Singh']"
v0_010_dst___rcn_norway_joint_call_on_ict_2017,Millie Pant,"['Millie Pant', 'R. P. Singh']"
v0_010_dst___rcn_norway_joint_call_on_ict_2017,Rajan Arora,"['Rajan Arora', 'R. P. Singh']"
v0_010_dst___rcn_norway_joint_call_on_ict_2017,Ashwani Kumar Sharma,"['Ashwani Kumar Sharma', 'R. P. Singh']"
v0_010_dst___rcn_norway_joint_call_on_ict_2017,Bijan Choudhury,"['Bijan Choudhury', 'R. P. Singh']"
v0_010_dst___rcn_norway_joint_call_on_ict_2017,Debabrata Sircar,"['Debabrata Sircar', 'R. P. Singh']"
v0_010_dst___rcn_norway_joint_call_on_ict_2017,Deepak Sharma,"['Deepak Sharma', 'R. P. Singh']"
v0_010_dst___rcn_norway_joint_call_on_ict_2017,P Gopinath,"['P Gopinath', 'R. P. Singh']"
v0_010_dst___rcn_norway_joint_call_on_ict_2017,Harsh Chauhan,"['Harsh Chauhan', 'R. P. Singh']"
v0_010_dst___rcn_norway_joint_call_on_ict_2017,Srinivas Kiran Ambatipudi,"['Srinivas Kiran Ambatipudi', 'R. P. Singh']"
v0_010_dst___rcn_norway_joint_call_on_ict_2017,Krishna Mohan Poluri,"['Krishna Mohan Poluri', 'R. P. Singh']"
v0_010_dst___rcn_norway_joint_call_on_ict_2017,Maya S.Nair,"['Maya S.Nair', 'R. P. Singh']"
v0_010_dst___rcn_norway_joint_call_on_ict_2017,N K Navani,"['N K Navani', 'R. P. Singh']"
v0_010_dst___rcn_norway_joint_call_on_ict_2017,Partha Roy,"['Partha Roy', 'R. P. Singh']"
v0_010_dst___rcn_norway_joint_call_on_ict_2017,Poonam Choudhary,"['Poonam Choudhary', 'R. P. Singh']"
v0_010_dst___rcn_norway_joint_call_on_ict_2017,Prabhat Kumar Mandal,"['Prabhat Kumar Mandal', 'R. P. Singh']"
v0_010_dst___rcn_norway_joint_call_on_ict_2017,Pranita P Sarangi,"['Pranita P Sarangi', 'R. P. Singh']"
v0_010_dst___rcn_norway_joint_call_on_ict_2017,Pravindra Kumar,"['Pravindra Kumar', 'R. P. Singh']"
v0_010_dst___rcn_norway_joint_call_on_ict_2017,Prince Tiwari,"['Prince Tiwari', 'R. P. Singh']"
v0_010_dst___rcn_norway_joint_call_on_ict_2017,R. P. Singh,['R. P. Singh']
v0_010_dst___rcn_norway_joint_call_on_ict_2017,Ramasare Prasad,"['Ramasare Prasad', 'R. P. Singh']"
v0_010_dst___rcn_norway_joint_call_on_ict_2017,Ranjana Pathania,"['Ranjana Pathania', 'R. P. Singh']"
v0_010_dst___rcn_norway_joint_call_on_ict_2017,Sanjoy Ghosh,"['Sanjoy Ghosh', 'R. P. Singh']"
v0_010_dst___rcn_norway_joint_call_on_ict_2017,Saugata Hazra,"['Saugata Hazra', 'R. P. Singh']"
v0_010_dst___rcn_norway_joint_call_on_ict_2017,Shailly Tomar,"['Shailly Tomar', 'R. P. Singh']"
v0_010_dst___rcn_norway_joint_call_on_ict_2017,Shri Ram Yadav,"['Shri Ram Yadav', 'R. P. Singh']"
v0_010_dst___rcn_norway_joint_call_on_ict_2017,Soma Rohatgi,"['Soma Rohatgi', 'R. P. Singh']"
v0_010_dst___rcn_norway_joint_call_on_ict_2017,Sachin Suresh Tiwari,"['Sachin Suresh Tiwari', 'R. P. Singh']"
v0_010_dst___rcn_norway_joint_call_on_ict_2017,Jitin Singla,"['Jitin Singla', 'R. P. Singh']"
v0_010_dst___rcn_norway_joint_call_on_ict_2017,Rajesh Kumar,"['Rajesh Kumar', 'R. P. Singh']"
v0_010_dst___rcn_norway_joint_call_on_ict_2017,Akhil Upadhyay,"['Akhil Upadhyay', 'R. P. Singh']"
v0_011_call___india_japan_cooperative_science_programme_ijcsp,Arindam Biswas,"['Arindam Biswas', 'N K Navani', 'Krishna Mohan Poluri', 'Harsh Chauhan', 'E Rajasekar']"
v0_011_call___india_japan_cooperative_science_programme_ijcsp,Avlokita Agrawal,"['Avlokita Agrawal', 'N K Navani', 'Krishna Mohan Poluri', 'Harsh Chauhan', 'E Rajasekar']"
v0_011_call___india_japan_cooperative_science_programme_ijcsp,Gaurav Raheja,"['Gaurav Raheja', 'N K Navani', 'Krishna Mohan Poluri', 'Harsh Chauhan', 'E Rajasekar']"
v0_011_call___india_japan_cooperative_science_programme_ijcsp,Harshit Sosan Lakra,"['Harshit Sosan Lakra', 'N K Navani', 'Krishna Mohan Poluri', 'Harsh Chauhan', 'E Rajasekar']"
v0_011_call___india_japan_cooperative_science_programme_ijcsp,Mahua Mukherjee,"['Mahua Mukherjee', 'N K Navani', 'Krishna Mohan Poluri', 'Harsh Chauhan', 'E Rajasekar']"
v0_011_call___india_japan_cooperative_science_programme_ijcsp,Prabhjot Singh Chani,"['Prabhjot Singh Chani', 'N K Navani', 'Krishna Mohan Poluri', 'Harsh Chauhan', 'E Rajasekar']"
v0_011_call___india_japan_cooperative_science_programme_ijcsp,E Rajasekar,"['E Rajasekar', 'N K Navani', 'Krishna Mohan Poluri', 'Harsh Chauhan']"
v0_011_call___india_japan_cooperative_science_programme_ijcsp,Ram Sateesh Pasupuleti,"['Ram Sateesh Pasupuleti', 'N K Navani', 'Krishna Mohan Poluri', 'Harsh Chauhan', 'E Rajasekar']"
v0_011_call___india_japan_cooperative_science_programme_ijcsp,Saptarshi Kolay,"['Saptarshi Kolay', 'N K Navani', 'Krishna Mohan Poluri', 'Harsh Chauhan', 'E Rajasekar']"
v0_011_call___india_japan_cooperative_science_programme_ijcsp,Shubhajit Sadhukhan,"['Shubhajit Sadhukhan', 'N K Navani', 'Krishna Mohan Poluri', 'Harsh Chauhan', 'E Rajasekar']"
v0_011_call___india_japan_cooperative_science_programme_ijcsp,Smriti Saraswat,"['Smriti Saraswat', 'N K Navani', 'Krishna Mohan Poluri', 'Harsh Chauhan', 'E Rajasekar']"
v0_011_call___india_japan_cooperative_science_programme_ijcsp,Sonal Atreya,"['Sonal Atreya', 'N K Navani', 'Krishna Mohan Poluri', 'Harsh Chauhan', 'E Rajasekar']"
v0_011_call___india_japan_cooperative_science_programme_ijcsp,Tina Pujara,"['Tina Pujara', 'N K Navani', 'Krishna Mohan Poluri', 'Harsh Chauhan', 'E Rajasekar']"
v0_011_call___india_japan_cooperative_science_programme_ijcsp,Uttam Kumar Roy,"['Uttam Kumar Roy', 'N K Navani', 'Krishna Mohan Poluri', 'Harsh Chauhan', 'E Rajasekar']"
v0_011_call___india_japan_cooperative_science_programme_ijcsp,V Devadas,"['V Devadas', 'N K Navani', 'Krishna Mohan Poluri', 'Harsh Chauhan', 'E Rajasekar']"
v0_011_call___india_japan_cooperative_science_programme_ijcsp,Jaydev Dabas,"['Jaydev Dabas', 'N K Navani', 'Krishna Mohan Poluri', 'Harsh Chauhan', 'E Rajasekar']"
v0_011_call___india_japan_cooperative_science_programme_ijcsp,Millie Pant,"['Millie Pant', 'N K Navani', 'Krishna Mohan Poluri', 'Harsh Chauhan', 'E Rajasekar']"
v0_011_call___india_japan_cooperative_science_programme_ijcsp,Rajan Arora,"['Rajan Arora', 'N K Navani', 'Krishna Mohan Poluri', 'Harsh Chauhan', 'E Rajasekar']"
v0_011_call___india_japan_cooperative_science_programme_ijcsp,Ashwani Kumar Sharma,"['Ashwani Kumar Sharma', 'N K Navani', 'Krishna Mohan Poluri', 'Harsh Chauhan', 'E Rajasekar']"
v0_011_call___india_japan_cooperative_science_programme_ijcsp,Bijan Choudhury,"['Bijan Choudhury', 'N K Navani', 'Krishna Mohan Poluri', 'Harsh Chauhan', 'E Rajasekar']"
v0_011_call___india_japan_cooperative_science_programme_ijcsp,Debabrata Sircar,"['Debabrata Sircar', 'N K Navani', 'Krishna Mohan Poluri', 'Harsh Chauhan', 'E Rajasekar']"
v0_011_call___india_japan_cooperative_science_programme_ijcsp,Deepak Sharma,"['Deepak Sharma', 'N K Navani', 'Krishna Mohan Poluri', 'Harsh Chauhan', 'E Rajasekar']"
v0_011_call___india_japan_cooperative_science_programme_ijcsp,P Gopinath,"['P Gopinath', 'N K Navani', 'Krishna Mohan Poluri', 'Harsh Chauhan', 'E Rajasekar']"
v0_011_call___india_japan_cooperative_science_programme_ijcsp,Harsh Chauhan,"['Harsh Chauhan', 'N K Navani', 'Krishna Mohan Poluri', 'E Rajasekar']"
v0_011_call___india_japan_cooperative_science_programme_ijcsp,Srinivas Kiran Ambatipudi,"['Srinivas Kiran Ambatipudi', 'N K Navani', 'Krishna Mohan Poluri', 'Harsh Chauhan', 'E Rajasekar']"
v0_011_call___india_japan_cooperative_science_programme_ijcsp,Krishna Mohan Poluri,"['Krishna Mohan Poluri', 'N K Navani', 'Harsh Chauhan', 'E Rajasekar']"
v0_011_call___india_japan_cooperative_science_programme_ijcsp,Maya S.Nair,"['Maya S.Nair', 'N K Navani', 'Krishna Mohan Poluri', 'Harsh Chauhan', 'E Rajasekar']"
v0_011_call___india_japan_cooperative_science_programme_ijcsp,N K Navani,"['N K Navani', 'Krishna Mohan Poluri', 'Harsh Chauhan', 'E Rajasekar']"
v0_011_call___india_japan_cooperative_science_programme_ijcsp,Partha Roy,"['Partha Roy', 'N K Navani', 'Krishna Mohan Poluri', 'Harsh Chauhan', 'E Rajasekar']"
v0_011_call___india_japan_cooperative_science_programme_ijcsp,Poonam Choudhary,"['Poonam Choudhary', 'N K Navani', 'Krishna Mohan Poluri', 'Harsh Chauhan', 'E Rajasekar']"
v0_011_call___india_japan_cooperative_science_programme_ijcsp,Prabhat Kumar Mandal,"['Prabhat Kumar Mandal', 'N K Navani', 'Krishna Mohan Poluri', 'Harsh Chauhan', 'E Rajasekar']"
v0_011_call___india_japan_cooperative_science_programme_ijcsp,Pranita P Sarangi,"['Pranita P Sarangi', 'N K Navani', 'Krishna Mohan Poluri', 'Harsh Chauhan', 'E Rajasekar']"
v0_011_call___india_japan_cooperative_science_programme_ijcsp,Pravindra Kumar,"['Pravindra Kumar', 'N K Navani', 'Krishna Mohan Poluri', 'Harsh Chauhan', 'E Rajasekar']"
v0_011_call___india_japan_cooperative_science_programme_ijcsp,Prince Tiwari,"['Prince Tiwari', 'N K Navani', 'Krishna Mohan Poluri', 'Harsh Chauhan', 'E Rajasekar']"
v0_011_call___india_japan_cooperative_science_programme_ijcsp,R. P. Singh,"['R. P. Singh', 'N K Navani', 'Krishna Mohan Poluri', 'Harsh Chauhan', 'E Rajasekar']"
v0_011_call___india_japan_cooperative_science_programme_ijcsp,Ramasare Prasad,"['Ramasare Prasad', 'N K Navani', 'Krishna Mohan Poluri', 'Harsh Chauhan', 'E Rajasekar']"
v0_011_call___india_japan_cooperative_science_programme_ijcsp,Ranjana Pathania,"['Ranjana Pathania', 'N K Navani', 'Krishna Mohan Poluri', 'Harsh Chauhan', 'E Rajasekar']"
v0_011_call___india_japan_cooperative_science_programme_ijcsp,Sanjoy Ghosh,"['Sanjoy Ghosh', 'N K Navani', 'Krishna Mohan Poluri', 'Harsh Chauhan', 'E Rajasekar']"
v0_011_call___india_japan_cooperative_science_programme_ijcsp,Saugata Hazra,"['Saugata Hazra', 'N K Navani', 'Krishna Mohan Poluri', 'Harsh Chauhan', 'E Rajasekar']"
v0_011_call___india_japan_cooperative_science_programme_ijcsp,Shailly Tomar,"['Shailly Tomar', 'N K Navani', 'Krishna Mohan Poluri', 'Harsh Chauhan', 'E Rajasekar']"
v0_011_call___india_japan_cooperative_science_programme_ijcsp,Shri Ram Yadav,"['Shri Ram Yadav', 'N K Navani', 'Krishna Mohan Poluri', 'Harsh Chauhan', 'E Rajasekar']"
v0_011_call___india_japan_cooperative_science_programme_ijcsp,Soma Rohatgi,"['Soma Rohatgi', 'N K Navani', 'Krishna Mohan Poluri', 'Harsh Chauhan', 'E Rajasekar']"
v0_011_call___india_japan_cooperative_science_programme_ijcsp,Sachin Suresh Tiwari,"['Sachin Suresh Tiwari', 'N K Navani', 'Krishna Mohan Poluri', 'Harsh Chauhan', 'E Rajasekar']"
v0_011_call___india_japan_cooperative_science_programme_ijcsp,Jitin Singla,"['Jitin Singla', 'N K Navani', 'Krishna Mohan Poluri', 'Harsh Chauhan', 'E Rajasekar']"
v0_011_call___india_japan_cooperative_science_programme_ijcsp,Rajesh Kumar,"['Rajesh Kumar', 'N K Navani', 'Krishna Mohan Poluri', 'Harsh Chauhan', 'E Rajasekar']"
v0_011_call___india_japan_cooperative_science_programme_ijcsp,Akhil Upadhyay,"['Akhil Upadhyay', 'N K Navani', 'Krishna Mohan Poluri', 'Harsh Chauhan', 'E Rajasekar']"
v0_012_national_award_for_women_development_through_application_of_science__technology,Arindam Biswas,"['Arindam Biswas', 'Pravindra Kumar', 'Prabhat Kumar Mandal']"
v0_012_national_award_for_women_development_through_application_of_science__technology,Avlokita Agrawal,"['Avlokita Agrawal', 'Pravindra Kumar', 'Prabhat Kumar Mandal']"
v0_012_national_award_for_women_development_through_application_of_science__technology,Gaurav Raheja,"['Gaurav Raheja', 'Pravindra Kumar', 'Prabhat Kumar Mandal']"
v0_012_national_award_for_women_development_through_application_of_science__technology,Harshit Sosan Lakra,"['Harshit Sosan Lakra', 'Pravindra Kumar', 'Prabhat Kumar Mandal']"
v0_012_national_award_for_women_development_through_application_of_science__technology,Mahua Mukherjee,"['Mahua Mukherjee', 'Pravindra Kumar', 'Prabhat Kumar Mandal']"
v0_012_national_award_for_women_development_through_application_of_science__technology,Prabhjot Singh Chani,"['Prabhjot Singh Chani', 'Pravindra Kumar', 'Prabhat Kumar Mandal']"
v0_012_national_award_for_women_development_through_application_of_science__technology,E Rajasekar,"['E Rajasekar', 'Pravindra Kumar', 'Prabhat Kumar Mandal']"
v0_012_national_award_for_women_development_through_application_of_science__technology,Ram Sateesh Pasupuleti,"['Ram Sateesh Pasupuleti', 'Pravindra Kumar', 'Prabhat Kumar Mandal']"
v0_012_national_award_for_women_development_through_application_of_science__technology,Saptarshi Kolay,"['Saptarshi Kolay', 'Pravindra Kumar', 'Prabhat Kumar Mandal']"
v0_012_national_award_for_women_development_through_application_of_science__technology,Shubhajit Sadhukhan,"['Shubhajit Sadhukhan', 'Pravindra Kumar', 'Prabhat Kumar Mandal']"
v0_012_national_award_for_women_development_through_application_of_science__technology,Smriti Saraswat,"['Smriti Saraswat', 'Pravindra Kumar', 'Prabhat Kumar Mandal']"
v0_012_national_award_for_women_development_through_application_of_science__technology,Sonal Atreya,"['Sonal Atreya', 'Pravindra Kumar', 'Prabhat Kumar Mandal']"
v0_012_national_award_for_women_development_through_application_of_science__technology,Tina Pujara,"['Tina Pujara', 'Pravindra Kumar', 'Prabhat Kumar Mandal']"
v0_012_national_award_for_women_development_through_application_of_science__technology,Uttam Kumar Roy,"['Uttam Kumar Roy', 'Pravindra Kumar', 'Prabhat Kumar Mandal']"
v0_012_national_award_for_women_development_through_application_of_science__technology,V Devadas,"['V Devadas', 'Pravindra Kumar', 'Prabhat Kumar Mandal']"
v0_012_national_award_for_women_development_through_application_of_science__technology,Jaydev Dabas,"['Jaydev Dabas', 'Pravindra Kumar', 'Prabhat Kumar Mandal']"
v0_012_national_award_for_women_development_through_application_of_science__technology,Millie Pant,"['Millie Pant', 'Pravindra Kumar', 'Prabhat Kumar Mandal']"
v0_012_national_award_for_women_development_through_application_of_science__technology,Rajan Arora,"['Rajan Arora', 'Pravindra Kumar', 'Prabhat Kumar Mandal']"
v0_012_national_award_for_women_development_through_application_of_science__technology,Ashwani Kumar Sharma,"['Ashwani Kumar Sharma', 'Pravindra Kumar', 'Prabhat Kumar Mandal']"
v0_012_national_award_for_women_development_through_application_of_science__technology,Bijan Choudhury,"['Bijan Choudhury', 'Pravindra Kumar', 'Prabhat Kumar Mandal']"
v0_012_national_award_for_women_development_through_application_of_science__technology,Debabrata Sircar,"['Debabrata Sircar', 'Pravindra Kumar', 'Prabhat Kumar Mandal']"
v0_012_national_award_for_women_development_through_application_of_science__technology,Deepak Sharma,"['Deepak Sharma', 'Pravindra Kumar', 'Prabhat Kumar Mandal']"
v0_012_national_award_for_women_development_through_application_of_science__technology,P Gopinath,"['P Gopinath', 'Pravindra Kumar', 'Prabhat Kumar Mandal']"
v0_012_national_award_for_women_development_through_application_of_science__technology,Harsh Chauhan,"['Harsh Chauhan', 'Pravindra Kumar', 'Prabhat Kumar Mandal']"
v0_012_national_award_for_women_development_through_application_of_science__technology,Srinivas Kiran Ambatipudi,"['Srinivas Kiran Ambatipudi', 'Pravindra Kumar', 'Prabhat Kumar Mandal']"
v0_012_national_award_for_women_development_through_application_of_science__technology,Krishna Mohan Poluri,"['Krishna Mohan Poluri', 'Pravindra Kumar', 'Prabhat Kumar Mandal']"
v0_012_national_award_for_women_development_through_application_of_science__technology,Maya S.Nair,"['Maya S.Nair', 'Pravindra Kumar', 'Prabhat Kumar Mandal']"
v0_012_national_award_for_women_development_through_application_of_science__technology,N K Navani,"['N K Navani', 'Pravindra Kumar', 'Prabhat Kumar Mandal']"
v0_012_national_award_for_women_development_through_application_of_science__technology,Partha Roy,"['Partha Roy', 'Pravindra Kumar', 'Prabhat Kumar Mandal']"
v0_012_national_award_for_women_development_through_application_of_science__technology,Poonam Choudhary,"['Poonam Choudhary', 'Pravindra Kumar', 'Prabhat Kumar Mandal']"
v0_012_national_award_for_women_development_through_application_of_science__technology,Prabhat Kumar Mandal,"['Prabhat Kumar Mandal', 'Pravindra Kumar']"
v0_012_national_award_for_women_development_through_application_of_science__technology,Pranita P Sarangi,"['Pranita P Sarangi', 'Pravindra Kumar', 'Prabhat Kumar Mandal']"
v0_012_national_award_for_women_development_through_application_of_science__technology,Pravindra Kumar,"['Pravindra Kumar', 'Prabhat Kumar Mandal']"
v0_012_national_award_for_women_development_through_application_of_science__technology,Prince Tiwari,"['Prince Tiwari', 'Pravindra Kumar', 'Prabhat Kumar Mandal']"
v0_012_national_award_for_women_development_through_application_of_science__technology,R. P. Singh,"['R. P. Singh', 'Pravindra Kumar', 'Prabhat Kumar Mandal']"
v0_012_national_award_for_women_development_through_application_of_science__technology,Ramasare Prasad,"['Ramasare Prasad', 'Pravindra Kumar', 'Prabhat Kumar Mandal']"
v0_012_national_award_for_women_development_through_application_of_science__technology,Ranjana Pathania,"['Ranjana Pathania', 'Pravindra Kumar', 'Prabhat Kumar Mandal']"
v0_012_national_award_for_women_development_through_application_of_science__technology,Sanjoy Ghosh,"['Sanjoy Ghosh', 'Pravindra Kumar', 'Prabhat Kumar Mandal']"
v0_012_national_award_for_women_development_through_application_of_science__technology,Saugata Hazra,"['Saugata Hazra', 'Pravindra Kumar', 'Prabhat Kumar Mandal']"
v0_012_national_award_for_women_development_through_application_of_science__technology,Shailly Tomar,"['Shailly Tomar', 'Pravindra Kumar', 'Prabhat Kumar Mandal']"
v0_012_national_award_for_women_development_through_application_of_science__technology,Shri Ram Yadav,"['Shri Ram Yadav', 'Pravindra Kumar', 'Prabhat Kumar Mandal']"
v0_012_national_award_for_women_development_through_application_of_science__technology,Soma Rohatgi,"['Soma Rohatgi', 'Pravindra Kumar', 'Prabhat Kumar Mandal']"
v0_012_national_award_for_women_development_through_application_of_science__technology,Sachin Suresh Tiwari,"['Sachin Suresh Tiwari', 'Pravindra Kumar', 'Prabhat Kumar Mandal']"
v0_012_national_award_for_women_development_through_application_of_science__technology,Jitin Singla,"['Jitin Singla', 'Pravindra Kumar', 'Prabhat Kumar Mandal']"
v0_012_national_award_for_women_development_through_application_of_science__technology,Rajesh Kumar,"['Rajesh Kumar', 'Pravindra Kumar', 'Prabhat Kumar Mandal']"
v0_012_national_award_for_women_development_through_application_of_science__technology,Akhil Upadhyay,"['Akhil Upadhyay', 'Pravindra Kumar', 'Prabhat Kumar Mandal']"
v0_013_national_awards_for_science__technology_communication_2017,Arindam Biswas,"['Arindam Biswas', 'Shri Ram Yadav', 'Ramasare Prasad']"
v0_013_national_awards_for_science__technology_communication_2017,Avlokita Agrawal,"['Avlokita Agrawal', 'Saugata Hazra', 'Sachin Suresh Tiwari']"
v0_013_national_awards_for_science__technology_communication_2017,Gaurav Raheja,"['Gaurav Raheja', 'N K Navani']"
v0_013_national_awards_for_science__technology_communication_2017,Harshit Sosan Lakra,"['Harshit Sosan Lakra', 'Shailly Tomar', 'Rajesh Kumar', 'N K Navani']"
v0_013_national_awards_for_science__technology_communication_2017,Mahua Mukherjee,"['Mahua Mukherjee', 'Ramasare Prasad', 'Maya S.Nair', 'Poonam Choudhary', 'N K Navani']"
v0_013_national_awards_for_science__technology_communication_2017,Prabhjot Singh Chani,"['Prabhjot Singh Chani', 'Akhil Upadhyay']"
v0_013_national_awards_for_science__technology_communication_2017,E Rajasekar,"['E Rajasekar', 'Saugata Hazra']"
v0_013_national_awards_for_science__technology_communication_2017,Ram Sateesh Pasupuleti,"['Ram Sateesh Pasupuleti', 'Jitin Singla', 'Prabhat Kumar Mandal']"
v0_013_national_awards_for_science__technology_communication_2017,Saptarshi Kolay,"['Saptarshi Kolay', 'Soma Rohatgi', 'Ramasare Prasad', 'Pranita P Sarangi', 'N K Navani']"
v0_013_national_awards_for_science__technology_communication_2017,Shubhajit Sadhukhan,"['Shubhajit Sadhukhan', 'Akhil Upadhyay']"
v0_013_national_awards_for_science__technology_communication_2017,Smriti Saraswat,"['Smriti Saraswat', 'Ranjana Pathania']"
v0_013_national_awards_for_science__technology_communication_2017,Sonal Atreya,"['Sonal Atreya', 'Maya S.Nair', 'Ramasare Prasad', 'Sanjoy Ghosh', 'Akhil Upadhyay']"
v0_013_national_awards_for_science__technology_communication_2017,Tina Pujara,"['Tina Pujara', 'N K Navani', 'Saugata Hazra', 'Sanjoy Ghosh', 'Shri Ram Yadav']"
v0_013_national_awards_for_science__technology_communication_2017,Uttam Kumar Roy,"['Uttam Kumar Roy', 'Soma Rohatgi', 'Prince Tiwari', 'Akhil Upadhyay', 'Sachin Suresh Tiwari']"
v0_013_national_awards_for_science__technology_communication_2017,V Devadas,"['V Devadas', 'Sanjoy Ghosh', 'Prince Tiwari']"
v0_013_national_awards_for_science__technology_communication_2017,Jaydev Dabas,"['Jaydev Dabas', 'Pranita P Sarangi', 'R. P. Singh', 'Akhil Upadhyay']"
v0_013_national_awards_for_science__technology_communication_2017,Millie Pant,"['Millie Pant', 'Soma Rohatgi']"
v0_013_national_awards_for_science__technology_communication_2017,Rajan Arora,"['Rajan Arora', 'Sanjoy Ghosh', 'Jitin Singla', 'Maya S.Nair']"
v0_013_national_awards_for_science__technology_communication_2017,Ashwani Kumar Sharma,"['Ashwani Kumar Sharma', 'R. P. Singh']"
v0_013_national_awards_for_science__technology_communication_2017,Bijan Choudhury,"['Bijan Choudhury', 'Pranita P Sarangi', 'Saugata Hazra', 'Prince Tiwari']"
v0_013_national_awards_for_science__technology_communication_2017,Debabrata Sircar,"['Debabrata Sircar', 'Prabhat Kumar Mandal', 'Sanjoy Ghosh', 'Rajesh Kumar', 'Partha Roy']"
v0_013_national_awards_for_science__technology_communication_2017,Deepak Sharma,"['Deepak Sharma', 'Ranjana Pathania', 'Sanjoy Ghosh']"
v0_013_national_awards_for_science__technology_communication_2017,P Gopinath,"['P Gopinath', 'Sachin Suresh Tiwari', 'Pravindra Kumar', 'Shri Ram Yadav']"
v0_013_national_awards_for_science__technology_communication_2017,Harsh Chauhan,"['Harsh Chauhan', 'Prince Tiwari']"
v0_013_national_awards_for_science__technology_communication_2017,Srinivas Kiran Ambatipudi,"['Srinivas Kiran Ambatipudi', 'Shailly Tomar', 'Rajesh Kumar']"
v0_013_national_awards_for_science__technology_communication_2017,Krishna Mohan Poluri,"['Krishna Mohan Poluri', 'Akhil Upadhyay', 'Jitin Singla', 'Prince Tiwari', 'Ranjana Pathania']"
v0_013_national_awards_for_science__technology_communication_2017,Maya S.Nair,"['Maya S.Nair', 'Ramasare Prasad', 'N K Navani']"
v0_013_national_awards_for_science__technology_communication_2017,N K Navani,"['N K Navani', 'R. P. Singh']"
v0_013_national_awards_for_science__technology_communication_2017,Partha Roy,"['Partha Roy', 'Jitin Singla', 'Prabhat Kumar Mandal']"
v0_013_national_awards_for_science__technology_communication_2017,Poonam Choudhary,"['Poonam Choudhary', 'Maya S.Nair']"
v0_013_national_awards_for_science__technology_communication_2017,Prabhat Kumar Mandal,"['Prabhat Kumar Mandal', 'N K Navani', 'Prince Tiwari']"
v0_013_national_awards_for_science__technology_communication_2017,Pranita P Sarangi,"['Pranita P Sarangi', 'Saugata Hazra']"
v0_013_national_awards_for_science__technology_communication_2017,Pravindra Kumar,"['Pravindra Kumar', 'Jitin Singla', 'Sachin Suresh Tiwari']"
v0_013_national_awards_for_science__technology_communication_2017,Prince Tiwari,"['Prince Tiwari', 'Maya S.Nair', 'Poonam Choudhary', 'Shailly Tomar']"
v0_013_national_awards_for_science__technology_communication_2017,R. P. Singh,"['R. P. Singh', 'Ramasare Prasad']"
v0_013_national_awards_for_science__technology_communication_2017,Ramasare Prasad,"['Ramasare Prasad', 'Saugata Hazra', 'Akhil Upadhyay', 'Sachin Suresh Tiwari']"
v0_013_national_awards_for_science__technology_communication_2017,Ranjana Pathania,"['Ranjana Pathania', 'Pranita P Sarangi']"
v0_013_national_awards_for_science__technology_communication_2017,Sanjoy Ghosh,"['Sanjoy Ghosh', 'Akhil Upadhyay', 'N K Navani', 'Ranjana Pathania', 'Maya S.Nair']"
v0_013_national_awards_for_science__technology_communication_2017,Saugata Hazra,"['Saugata Hazra', 'R. P. Singh', 'Prince Tiwari', 'Jitin Singla']"
v0_013_national_awards_for_science__technology_communication_2017,Shailly Tomar,"['Shailly Tomar', 'Shri Ram Yadav', 'Maya S.Nair', 'Prabhat Kumar Mandal']"
v0_013_national_awards_for_science__technology_communication_2017,Shri Ram Yadav,"['Shri Ram Yadav', 'R. P. Singh', 'Saugata Hazra', 'Poonam Choudhary', 'N K Navani']"
v0_013_national_awards_for_science__technology_communication_2017,Soma Rohatgi,"['Soma Rohatgi', 'Poonam Choudhary', 'Shailly Tomar', 'Rajesh Kumar', 'Jitin Singla']"
v0_013_national_awards_for_science__technology_communication_2017,Sachin Suresh Tiwari,"['Sachin Suresh Tiwari', 'Jitin Singla', 'Rajesh Kumar', 'Akhil Upadhyay', 'Saugata Hazra']"
v0_013_national_awards_for_science__technology_communication_2017,Jitin Singla,"['Jitin Singla', 'Shailly Tomar', 'Sanjoy Ghosh', 'Sachin Suresh Tiwari', 'N K Navani']"
v0_013_national_awards_for_science__technology_communication_2017,Rajesh Kumar,"['Rajesh Kumar', 'Sachin Suresh Tiwari', 'Prabhat Kumar Mandal']"
v0_013_national_awards_for_science__technology_communication_2017,Akhil Upadhyay,"['Akhil Upadhyay', 'Pravindra Kumar']"
v0_014_dst___ukieri_call_for_research_proposals_2017__18,Arindam Biswas,"['Arindam Biswas', 'Prince Tiwari', 'Harsh Chauhan']"
v0_014_dst___ukieri_call_for_research_proposals_2017__18,Avlokita Agrawal,"['Avlokita Agrawal', 'Prince Tiwari', 'Harsh Chauhan']"
v0_014_dst___ukieri_call_for_research_proposals_2017__18,Gaurav Raheja,"['Gaurav Raheja', 'Prince Tiwari', 'Harsh Chauhan']"
v0_014_dst___ukieri_call_for_research_proposals_2017__18,Harshit Sosan Lakra,"['Harshit Sosan Lakra', 'Prince Tiwari', 'Harsh Chauhan']"
v0_014_dst___ukieri_call_for_research_proposals_2017__18,Mahua Mukherjee,"['Mahua Mukherjee', 'Prince Tiwari', 'Harsh Chauhan']"
v0_014_dst___ukieri_call_for_research_proposals_2017__18,Prabhjot Singh Chani,"['Prabhjot Singh Chani', 'Prince Tiwari', 'Harsh Chauhan']"
v0_014_dst___ukieri_call_for_research_proposals_2017__18,E Rajasekar,"['E Rajasekar', 'Prince Tiwari', 'Harsh Chauhan']"
v0_014_dst___ukieri_call_for_research_proposals_2017__18,Ram Sateesh Pasupuleti,"['Ram Sateesh Pasupuleti', 'Prince Tiwari', 'Harsh Chauhan']"
v0_014_dst___ukieri_call_for_research_proposals_2017__18,Saptarshi Kolay,"['Saptarshi Kolay', 'Prince Tiwari', 'Harsh Chauhan']"
v0_014_dst___ukieri_call_for_research_proposals_2017__18,Shubhajit Sadhukhan,"['Shubhajit Sadhukhan', 'Prince Tiwari', 'Harsh Chauhan']"
v0_014_dst___ukieri_call_for_research_proposals_2017__18,Smriti Saraswat,"['Smriti Saraswat', 'Prince Tiwari', 'Harsh Chauhan']"
v0_014_dst___ukieri_call_for_research_proposals_2017__18,Sonal Atreya,"['Sonal Atreya', 'Prince Tiwari', 'Harsh Chauhan']"
v0_014_dst___ukieri_call_for_research_proposals_2017__18,Tina Pujara,"['Tina Pujara', 'Prince Tiwari', 'Harsh Chauhan']"
v0_014_dst___ukieri_call_for_research_proposals_2017__18,Uttam Kumar Roy,"['Uttam Kumar Roy', 'Prince Tiwari', 'Harsh Chauhan']"
v0_014_dst___ukieri_call_for_research_proposals_2017__18,V Devadas,"['V Devadas', 'Prince Tiwari', 'Harsh Chauhan']"
v0_014_dst___ukieri_call_for_research_proposals_2017__18,Jaydev Dabas,"['Jaydev Dabas', 'Prince Tiwari', 'Harsh Chauhan']"
v0_014_dst___ukieri_call_for_research_proposals_2017__18,Millie Pant,"['Millie Pant', 'Prince Tiwari', 'Harsh Chauhan']"
v0_014_dst___ukieri_call_for_research_proposals_2017__18,Rajan Arora,"['Rajan Arora', 'Prince Tiwari', 'Harsh Chauhan']"
v0_014_dst___ukieri_call_for_research_proposals_2017__18,Ashwani Kumar Sharma,"['Ashwani Kumar Sharma', 'Prince Tiwari', 'Harsh Chauhan']"
v0_014_dst___ukieri_call_for_research_proposals_2017__18,Bijan Choudhury,"['Bijan Choudhury', 'Prince Tiwari', 'Harsh Chauhan']"
v0_014_dst___ukieri_call_for_research_proposals_2017__18,Debabrata Sircar,"['Debabrata Sircar', 'Prince Tiwari', 'Harsh Chauhan']"
v0_014_dst___ukieri_call_for_research_proposals_2017__18,Deepak Sharma,"['Deepak Sharma', 'Prince Tiwari', 'Harsh Chauhan']"
v0_014_dst___ukieri_call_for_research_proposals_2017__18,P Gopinath,"['P Gopinath', 'Prince Tiwari', 'Harsh Chauhan']"
v0_014_dst___ukieri_call_for_research_proposals_2017__18,Harsh Chauhan,"['Harsh Chauhan', 'Prince Tiwari']"
v0_014_dst___ukieri_call_for_research_proposals_2017__18,Srinivas Kiran Ambatipudi,"['Srinivas Kiran Ambatipudi', 'Prince Tiwari', 'Harsh Chauhan']"
v0_014_dst___ukieri_call_for_research_proposals_2017__18,Krishna Mohan Poluri,"['Krishna Mohan Poluri', 'Prince Tiwari', 'Harsh Chauhan']"
v0_014_dst___ukieri_call_for_research_proposals_2017__18,Maya S.Nair,"['Maya S.Nair', 'Prince Tiwari', 'Harsh Chauhan']"
v0_014_dst___ukieri_call_for_research_proposals_2017__18,N K Navani,"['N K Navani', 'Prince Tiwari', 'Harsh Chauhan']"
v0_014_dst___ukieri_call_for_research_proposals_2017__18,Partha Roy,"['Partha Roy', 'Prince Tiwari', 'Harsh Chauhan']"
v0_014_dst___ukieri_call_for_research_proposals_2017__18,Poonam Choudhary,"['Poonam Choudhary', 'Prince Tiwari', 'Harsh Chauhan']"
v0_014_dst___ukieri_call_for_research_proposals_2017__18,Prabhat Kumar Mandal,"['Prabhat Kumar Mandal', 'Prince Tiwari', 'Harsh Chauhan']"
v0_014_dst___ukieri_call_for_research_proposals_2017__18,Pranita P Sarangi,"['Pranita P Sarangi', 'Prince Tiwari', 'Harsh Chauhan']"
v0_014_dst___ukieri_call_for_research_proposals_2017__18,Pravindra Kumar,"['Pravindra Kumar', 'Prince Tiwari', 'Harsh Chauhan']"
v0_014_dst___ukieri_call_for_research_proposals_2017__18,Prince Tiwari,"['Prince Tiwari', 'Harsh Chauhan']"
v0_014_dst___ukieri_call_for_research_proposals_2017__18,R. P. Singh,"['R. P. Singh', 'Prince Tiwari', 'Harsh Chauhan']"
v0_014_dst___ukieri_call_for_research_proposals_2017__18,Ramasare Prasad,"['Ramasare Prasad', 'Prince Tiwari', 'Harsh Chauhan']"
v0_014_dst___ukieri_call_for_research_proposals_2017__18,Ranjana Pathania,"['Ranjana Pathania', 'Prince Tiwari', 'Harsh Chauhan']"
v0_014_dst___ukieri_call_for_research_proposals_2017__18,Sanjoy Ghosh,"['Sanjoy Ghosh', 'Prince Tiwari', 'Harsh Chauhan']"
v0_014_dst___ukieri_call_for_research_proposals_2017__18,Saugata Hazra,"['Saugata Hazra', 'Prince Tiwari', 'Harsh Chauhan']"
v0_014_dst___ukieri_call_for_research_proposals_2017__18,Shailly Tomar,"['Shailly Tomar', 'Prince Tiwari', 'Harsh Chauhan']"
v0_014_dst___ukieri_call_for_research_proposals_2017__18,Shri Ram Yadav,"['Shri Ram Yadav', 'Prince Tiwari', 'Harsh Chauhan']"
v0_014_dst___ukieri_call_for_research_proposals_2017__18,Soma Rohatgi,"['Soma Rohatgi', 'Prince Tiwari', 'Harsh Chauhan']"
v0_014_dst___ukieri_call_for_research_proposals_2017__18,Sachin Suresh Tiwari,"['Sachin Suresh Tiwari', 'Prince Tiwari', 'Harsh Chauhan']"
v0_014_dst___ukieri_call_for_research_proposals_2017__18,Jitin Singla,"['Jitin Singla', 'Prince Tiwari', 'Harsh Chauhan']"
v0_014_dst___ukieri_call_for_research_proposals_2017__18,Rajesh Kumar,"['Rajesh Kumar', 'Prince Tiwari', 'Harsh Chauhan']"
v0_014_dst___ukieri_call_for_research_proposals_2017__18,Akhil Upadhyay,"['Akhil Upadhyay', 'Prince Tiwari', 'Harsh Chauhan']"
v0_015_request_for_proposals_india_italy_industrial_rd,Arindam Biswas,"['Arindam Biswas', 'Shailly Tomar', 'Ram Sateesh Pasupuleti', 'Prabhat Kumar Mandal', 'Partha Roy']"
v0_015_request_for_proposals_india_italy_industrial_rd,Avlokita Agrawal,"['Avlokita Agrawal', 'Shailly Tomar', 'Ram Sateesh Pasupuleti', 'Prabhat Kumar Mandal', 'Partha Roy']"
v0_015_request_for_proposals_india_italy_industrial_rd,Gaurav Raheja,"['Gaurav Raheja', 'Shailly Tomar', 'Ram Sateesh Pasupuleti', 'Prabhat Kumar Mandal', 'Partha Roy']"
v0_015_request_for_proposals_india_italy_industrial_rd,Harshit Sosan Lakra,"['Harshit Sosan Lakra', 'Shailly Tomar', 'Ram Sateesh Pasupuleti', 'Prabhat Kumar Mandal', 'Partha Roy']"
v0_015_request_for_proposals_india_italy_industrial_rd,Mahua Mukherjee,"['Mahua Mukherjee', 'Shailly Tomar', 'Ram Sateesh Pasupuleti', 'Prabhat Kumar Mandal', 'Partha Roy']"
v0_015_request_for_proposals_india_italy_industrial_rd,Prabhjot Singh Chani,"['Prabhjot Singh Chani', 'Shailly Tomar', 'Ram Sateesh Pasupuleti', 'Prabhat Kumar Mandal', 'Partha Roy']"
v0_015_request_for_proposals_india_italy_industrial_rd,E Rajasekar,"['E Rajasekar', 'Shailly Tomar', 'Ram Sateesh Pasupuleti', 'Prabhat Kumar Mandal', 'Partha Roy']"
v0_015_request_for_proposals_india_italy_industrial_rd,Ram Sateesh Pasupuleti,"['Ram Sateesh Pasupuleti', 'Shailly Tomar', 'Prabhat Kumar Mandal', 'Partha Roy']"
v0_015_request_for_proposals_india_italy_industrial_rd,Saptarshi Kolay,"['Saptarshi Kolay', 'Shailly Tomar', 'Ram Sateesh Pasupuleti', 'Prabhat Kumar Mandal', 'Partha Roy']"
v0_015_request_for_proposals_india_italy_industrial_rd,Shubhajit Sadhukhan,"['Shubhajit Sadhukhan', 'Shailly Tomar', 'Ram Sateesh Pasupuleti', 'Prabhat Kumar Mandal', 'Partha Roy']"
v0_015_request_for_proposals_india_italy_industrial_rd,Smriti Saraswat,"['Smriti Saraswat', 'Shailly Tomar', 'Ram Sateesh Pasupuleti', 'Prabhat Kumar Mandal', 'Partha Roy']"
v0_015_request_for_proposals_india_italy_industrial_rd,Sonal Atreya,"['Sonal Atreya', 'Shailly Tomar', 'Ram Sateesh Pasupuleti', 'Prabhat Kumar Mandal', 'Partha Roy']"
v0_015_request_for_proposals_india_italy_industrial_rd,Tina Pujara,"['Tina Pujara', 'Shailly Tomar', 'Ram Sateesh Pasupuleti', 'Prabhat Kumar Mandal', 'Partha Roy']"
v0_015_request_for_proposals_india_italy_industrial_rd,Uttam Kumar Roy,"['Uttam Kumar Roy', 'Shailly Tomar', 'Ram Sateesh Pasupuleti', 'Prabhat Kumar Mandal', 'Partha Roy']"
v0_015_request_for_proposals_india_italy_industrial_rd,V Devadas,"['V Devadas', 'Shailly Tomar', 'Ram Sateesh Pasupuleti', 'Prabhat Kumar Mandal', 'Partha Roy']"
v0_015_request_for_proposals_india_italy_industrial_rd,Jaydev Dabas,"['Jaydev Dabas', 'Shailly Tomar', 'Ram Sateesh Pasupuleti', 'Prabhat Kumar Mandal', 'Partha Roy']"
v0_015_request_for_proposals_india_italy_industrial_rd,Millie Pant,"['Millie Pant', 'Shailly Tomar', 'Ram Sateesh Pasupuleti', 'Prabhat Kumar Mandal', 'Partha Roy']"
v0_015_request_for_proposals_india_italy_industrial_rd,Rajan Arora,"['Rajan Arora', 'Shailly Tomar', 'Ram Sateesh Pasupuleti', 'Prabhat Kumar Mandal', 'Partha Roy']"
v0_015_request_for_proposals_india_italy_industrial_rd,Ashwani Kumar Sharma,"['Ashwani Kumar Sharma', 'Shailly Tomar', 'Ram Sateesh Pasupuleti', 'Prabhat Kumar Mandal', 'Partha Roy']"
v0_015_request_for_proposals_india_italy_industrial_rd,Bijan Choudhury,"['Bijan Choudhury', 'Shailly Tomar', 'Ram Sateesh Pasupuleti', 'Prabhat Kumar Mandal', 'Partha Roy']"
v0_015_request_for_proposals_india_italy_industrial_rd,Debabrata Sircar,"['Debabrata Sircar', 'Shailly Tomar', 'Ram Sateesh Pasupuleti', 'Prabhat Kumar Mandal', 'Partha Roy']"
v0_015_request_for_proposals_india_italy_industrial_rd,Deepak Sharma,"['Deepak Sharma', 'Shailly Tomar', 'Ram Sateesh Pasupuleti', 'Prabhat Kumar Mandal', 'Partha Roy']"
v0_015_request_for_proposals_india_italy_industrial_rd,P Gopinath,"['P Gopinath', 'Shailly Tomar', 'Ram Sateesh Pasupuleti', 'Prabhat Kumar Mandal', 'Partha Roy']"
v0_015_request_for_proposals_india_italy_industrial_rd,Harsh Chauhan,"['Harsh Chauhan', 'Shailly Tomar', 'Ram Sateesh Pasupuleti', 'Prabhat Kumar Mandal', 'Partha Roy']"
v0_015_request_for_proposals_india_italy_industrial_rd,Srinivas Kiran Ambatipudi,"['Srinivas Kiran Ambatipudi', 'Shailly Tomar', 'Ram Sateesh Pasupuleti', 'Prabhat Kumar Mandal', 'Partha Roy']"
v0_015_request_for_proposals_india_italy_industrial_rd,Krishna Mohan Poluri,"['Krishna Mohan Poluri', 'Shailly Tomar', 'Ram Sateesh Pasupuleti', 'Prabhat Kumar Mandal', 'Partha Roy']"
v0_015_request_for_proposals_india_italy_industrial_rd,Maya S.Nair,"['Maya S.Nair', 'Shailly Tomar', 'Ram Sateesh Pasupuleti', 'Prabhat Kumar Mandal', 'Partha Roy']"
v0_015_request_for_proposals_india_italy_industrial_rd,N K Navani,"['N K Navani', 'Shailly Tomar', 'Ram Sateesh Pasupuleti', 'Prabhat Kumar Mandal', 'Partha Roy']"
v0_015_request_for_proposals_india_italy_industrial_rd,Partha Roy,"['Partha Roy', 'Shailly Tomar', 'Ram Sateesh Pasupuleti', 'Prabhat Kumar Mandal']"
v0_015_request_for_proposals_india_italy_industrial_rd,Poonam Choudhary,"['Poonam Choudhary', 'Shailly Tomar', 'Ram Sateesh Pasupuleti', 'Prabhat Kumar Mandal', 'Partha Roy']"
v0_015_request_for_proposals_india_italy_industrial_rd,Prabhat Kumar Mandal,"['Prabhat Kumar Mandal', 'Shailly Tomar', 'Ram Sateesh Pasupuleti', 'Partha Roy']"
v0_015_request_for_proposals_india_italy_industrial_rd,Pranita P Sarangi,"['Pranita P Sarangi', 'Shailly Tomar', 'Ram Sateesh Pasupuleti', 'Prabhat Kumar Mandal', 'Partha Roy']"
v0_015_request_for_proposals_india_italy_industrial_rd,Pravindra Kumar,"['Pravindra Kumar', 'Shailly Tomar', 'Ram Sateesh Pasupuleti', 'Prabhat Kumar Mandal', 'Partha Roy']"
v0_015_request_for_proposals_india_italy_industrial_rd,Prince Tiwari,"['Prince Tiwari', 'Shailly Tomar', 'Ram Sateesh Pasupuleti', 'Prabhat Kumar Mandal', 'Partha Roy']"
v0_015_request_for_proposals_india_italy_industrial_rd,R. P. Singh,"['R. P. Singh', 'Shailly Tomar', 'Ram Sateesh Pasupuleti', 'Prabhat Kumar Mandal', 'Partha Roy']"
v0_015_request_for_proposals_india_italy_industrial_rd,Ramasare Prasad,"['Ramasare Prasad', 'Shailly Tomar', 'Ram Sateesh Pasupuleti', 'Prabhat Kumar Mandal', 'Partha Roy']"
v0_015_request_for_proposals_india_italy_industrial_rd,Ranjana Pathania,"['Ranjana Pathania', 'Shailly Tomar', 'Ram Sateesh Pasupuleti', 'Prabhat Kumar Mandal', 'Partha Roy']"
v0_015_request_for_proposals_india_italy_industrial_rd,Sanjoy Ghosh,"['Sanjoy Ghosh', 'Shailly Tomar', 'Ram Sateesh Pasupuleti', 'Prabhat Kumar Mandal', 'Partha Roy']"
v0_015_request_for_proposals_india_italy_industrial_rd,Saugata Hazra,"['Saugata Hazra', 'Shailly Tomar', 'Ram Sateesh Pasupuleti', 'Prabhat Kumar Mandal', 'Partha Roy']"
v0_015_request_for_proposals_india_italy_industrial_rd,Shailly Tomar,"['Shailly Tomar', 'Ram Sateesh Pasupuleti', 'Prabhat Kumar Mandal', 'Partha Roy']"
v0_015_request_for_proposals_india_italy_industrial_rd,Shri Ram Yadav,"['Shri Ram Yadav', 'Shailly Tomar', 'Ram Sateesh Pasupuleti', 'Prabhat Kumar Mandal', 'Partha Roy']"
v0_015_request_for_proposals_india_italy_industrial_rd,Soma Rohatgi,"['Soma Rohatgi', 'Shailly Tomar', 'Ram Sateesh Pasupuleti', 'Prabhat Kumar Mandal', 'Partha Roy']"
v0_015_request_for_proposals_india_italy_industrial_rd,Sachin Suresh Tiwari,"['Sachin Suresh Tiwari', 'Shailly Tomar', 'Ram Sateesh Pasupuleti', 'Prabhat Kumar Mandal', 'Partha Roy']"
v0_015_request_for_proposals_india_italy_industrial_rd,Jitin Singla,"['Jitin Singla', 'Shailly Tomar', 'Ram Sateesh Pasupuleti', 'Prabhat Kumar Mandal', 'Partha Roy']"
v0_015_request_for_proposals_india_italy_industrial_rd,Rajesh Kumar,"['Rajesh Kumar', 'Shailly Tomar', 'Ram Sateesh Pasupuleti', 'Prabhat Kumar Mandal', 'Partha Roy']"
v0_015_request_for_proposals_india_italy_industrial_rd,Akhil Upadhyay,"['Akhil Upadhyay', 'Shailly Tomar', 'Ram Sateesh Pasupuleti', 'Prabhat Kumar Mandal', 'Partha Roy']"
v0_016_call_for_proposals_2017___indo_hungarian_joint_research,Arindam Biswas,"['Arindam Biswas', 'Uttam Kumar Roy', 'Sanjoy Ghosh', 'Prabhat Kumar Mandal', 'Partha Roy']"
v0_016_call_for_proposals_2017___indo_hungarian_joint_research,Avlokita Agrawal,"['Avlokita Agrawal', 'Uttam Kumar Roy', 'Sanjoy Ghosh', 'Prabhat Kumar Mandal', 'Partha Roy']"
v0_016_call_for_proposals_2017___indo_hungarian_joint_research,Gaurav Raheja,"['Gaurav Raheja', 'Uttam Kumar Roy', 'Sanjoy Ghosh', 'Prabhat Kumar Mandal', 'Partha Roy']"
v0_016_call_for_proposals_2017___indo_hungarian_joint_research,Harshit Sosan Lakra,"['Harshit Sosan Lakra', 'Uttam Kumar Roy', 'Sanjoy Ghosh', 'Prabhat Kumar Mandal', 'Partha Roy']"
v0_016_call_for_proposals_2017___indo_hungarian_joint_research,Mahua Mukherjee,"['Mahua Mukherjee', 'Uttam Kumar Roy', 'Sanjoy Ghosh', 'Prabhat Kumar Mandal', 'Partha Roy']"
v0_016_call_for_proposals_2017___indo_hungarian_joint_research,Prabhjot Singh Chani,"['Prabhjot Singh Chani', 'Uttam Kumar Roy', 'Sanjoy Ghosh', 'Prabhat Kumar Mandal', 'Partha Roy']"
v0_016_call_for_proposals_2017___indo_hungarian_joint_research,E Rajasekar,"['E Rajasekar', 'Uttam Kumar Roy', 'Sanjoy Ghosh', 'Prabhat Kumar Mandal', 'Partha Roy']"
v0_016_call_for_proposals_2017___indo_hungarian_joint_research,Ram Sateesh Pasupuleti,"['Ram Sateesh Pasupuleti', 'Uttam Kumar Roy', 'Sanjoy Ghosh', 'Prabhat Kumar Mandal', 'Partha Roy']"
v0_016_call_for_proposals_2017___indo_hungarian_joint_research,Saptarshi Kolay,"['Saptarshi Kolay', 'Uttam Kumar Roy', 'Sanjoy Ghosh', 'Prabhat Kumar Mandal', 'Partha Roy']"
v0_016_call_for_proposals_2017___indo_hungarian_joint_research,Shubhajit Sadhukhan,"['Shubhajit Sadhukhan', 'Uttam Kumar Roy', 'Sanjoy Ghosh', 'Prabhat Kumar Mandal', 'Partha Roy']"
v0_016_call_for_proposals_2017___indo_hungarian_joint_research,Smriti Saraswat,"['Smriti Saraswat', 'Uttam Kumar Roy', 'Sanjoy Ghosh', 'Prabhat Kumar Mandal', 'Partha Roy']"
v0_016_call_for_proposals_2017___indo_hungarian_joint_research,Sonal Atreya,"['Sonal Atreya', 'Uttam Kumar Roy', 'Sanjoy Ghosh', 'Prabhat Kumar Mandal', 'Partha Roy']"
v0_016_call_for_proposals_2017___indo_hungarian_joint_research,Tina Pujara,"['Tina Pujara', 'Uttam Kumar Roy', 'Sanjoy Ghosh', 'Prabhat Kumar Mandal', 'Partha Roy']"
v0_016_call_for_proposals_2017___indo_hungarian_joint_research,Uttam Kumar Roy,"['Uttam Kumar Roy', 'Sanjoy Ghosh', 'Prabhat Kumar Mandal', 'Partha Roy', 'Mahua Mukherjee']"
v0_016_call_for_proposals_2017___indo_hungarian_joint_research,V Devadas,"['V Devadas', 'Uttam Kumar Roy', 'Sanjoy Ghosh', 'Prabhat Kumar Mandal', 'Partha Roy']"
v0_016_call_for_proposals_2017___indo_hungarian_joint_research,Jaydev Dabas,"['Jaydev Dabas', 'Uttam Kumar Roy', 'Sanjoy Ghosh', 'Prabhat Kumar Mandal', 'Partha Roy']"
v0_016_call_for_proposals_2017___indo_hungarian_joint_research,Millie Pant,"['Millie Pant', 'Uttam Kumar Roy', 'Sanjoy Ghosh', 'Prabhat Kumar Mandal', 'Partha Roy']"
v0_016_call_for_proposals_2017___indo_hungarian_joint_research,Rajan Arora,"['Rajan Arora', 'Uttam Kumar Roy', 'Sanjoy Ghosh', 'Prabhat Kumar Mandal', 'Partha Roy']"
v0_016_call_for_proposals_2017___indo_hungarian_joint_research,Ashwani Kumar Sharma,"['Ashwani Kumar Sharma', 'Uttam Kumar Roy', 'Sanjoy Ghosh', 'Prabhat Kumar Mandal', 'Partha Roy']"
v0_016_call_for_proposals_2017___indo_hungarian_joint_research,Bijan Choudhury,"['Bijan Choudhury', 'Uttam Kumar Roy', 'Sanjoy Ghosh', 'Prabhat Kumar Mandal', 'Partha Roy']"
v0_016_call_for_proposals_2017___indo_hungarian_joint_research,Debabrata Sircar,"['Debabrata Sircar', 'Uttam Kumar Roy', 'Sanjoy Ghosh', 'Prabhat Kumar Mandal', 'Partha Roy']"
v0_016_call_for_proposals_2017___indo_hungarian_joint_research,Deepak Sharma,"['Deepak Sharma', 'Uttam Kumar Roy', 'Sanjoy Ghosh', 'Prabhat Kumar Mandal', 'Partha Roy']"
v0_016_call_for_proposals_2017___indo_hungarian_joint_research,P Gopinath,"['P Gopinath', 'Uttam Kumar Roy', 'Sanjoy Ghosh', 'Prabhat Kumar Mandal', 'Partha Roy']"
v0_016_call_for_proposals_2017___indo_hungarian_joint_research,Harsh Chauhan,"['Harsh Chauhan', 'Uttam Kumar Roy', 'Sanjoy Ghosh', 'Prabhat Kumar Mandal', 'Partha Roy']"
v0_016_call_for_proposals_2017___indo_hungarian_joint_research,Srinivas Kiran Ambatipudi,"['Srinivas Kiran Ambatipudi', 'Uttam Kumar Roy', 'Sanjoy Ghosh', 'Prabhat Kumar Mandal', 'Partha Roy']"
v0_016_call_for_proposals_2017___indo_hungarian_joint_research,Krishna Mohan Poluri,"['Krishna Mohan Poluri', 'Uttam Kumar Roy', 'Sanjoy Ghosh', 'Prabhat Kumar Mandal', 'Partha Roy']"
v0_016_call_for_proposals_2017___indo_hungarian_joint_research,Maya S.Nair,"['Maya S.Nair', 'Uttam Kumar Roy', 'Sanjoy Ghosh', 'Prabhat Kumar Mandal', 'Partha Roy']"
v0_016_call_for_proposals_2017___indo_hungarian_joint_research,N K Navani,"['N K Navani', 'Uttam Kumar Roy', 'Sanjoy Ghosh', 'Prabhat Kumar Mandal', 'Partha Roy']"
v0_016_call_for_proposals_2017___indo_hungarian_joint_research,Partha Roy,"['Partha Roy', 'Uttam Kumar Roy', 'Sanjoy Ghosh', 'Prabhat Kumar Mandal', 'Mahua Mukherjee']"
v0_016_call_for_proposals_2017___indo_hungarian_joint_research,Poonam Choudhary,"['Poonam Choudhary', 'Uttam Kumar Roy', 'Sanjoy Ghosh', 'Prabhat Kumar Mandal', 'Partha Roy']"
v0_016_call_for_proposals_2017___indo_hungarian_joint_research,Prabhat Kumar Mandal,"['Prabhat Kumar Mandal', 'Uttam Kumar Roy', 'Sanjoy Ghosh', 'Partha Roy', 'Mahua Mukherjee']"
v0_016_call_for_proposals_2017___indo_hungarian_joint_research,Pranita P Sarangi,"['Pranita P Sarangi', 'Uttam Kumar Roy', 'Sanjoy Ghosh', 'Prabhat Kumar Mandal', 'Partha Roy']"
v0_016_call_for_proposals_2017___indo_hungarian_joint_research,Pravindra Kumar,"['Pravindra Kumar', 'Uttam Kumar Roy', 'Sanjoy Ghosh', 'Prabhat Kumar Mandal', 'Partha Roy']"
v0_016_call_for_proposals_2017___indo_hungarian_joint_research,Prince Tiwari,"['Prince Tiwari', 'Uttam Kumar Roy', 'Sanjoy Ghosh', 'Prabhat Kumar Mandal', 'Partha Roy']"
v0_016_call_for_proposals_2017___indo_hungarian_joint_research,R. P. Singh,"['R. P. Singh', 'Uttam Kumar Roy', 'Sanjoy Ghosh', 'Prabhat Kumar Mandal', 'Partha Roy']"
v0_016_call_for_proposals_2017___indo_hungarian_joint_research,Ramasare Prasad,"['Ramasare Prasad', 'Uttam Kumar Roy', 'Sanjoy Ghosh', 'Prabhat Kumar Mandal', 'Partha Roy']"
v0_016_call_for_proposals_2017___indo_hungarian_joint_research,Ranjana Pathania,"['Ranjana Pathania', 'Uttam Kumar Roy', 'Sanjoy Ghosh', 'Prabhat Kumar Mandal', 'Partha Roy']"
v0_016_call_for_proposals_2017___indo_hungarian_joint_research,Sanjoy Ghosh,"['Sanjoy Ghosh', 'Uttam Kumar Roy', 'Prabhat Kumar Mandal', 'Partha Roy', 'Mahua Mukherjee']"
v0_016_call_for_proposals_2017___indo_hungarian_joint_research,Saugata Hazra,"['Saugata Hazra', 'Uttam Kumar Roy', 'Sanjoy Ghosh', 'Prabhat Kumar Mandal', 'Partha Roy']"
v0_016_call_for_proposals_2017___indo_hungarian_joint_research,Shailly Tomar,"['Shailly Tomar', 'Uttam Kumar Roy', 'Sanjoy Ghosh', 'Prabhat Kumar Mandal', 'Partha Roy']"
v0_016_call_for_proposals_2017___indo_hungarian_joint_research,Shri Ram Yadav,"['Shri Ram Yadav', 'Uttam Kumar Roy', 'Sanjoy Ghosh', 'Prabhat Kumar Mandal', 'Partha Roy']"
v0_016_call_for_proposals_2017___indo_hungarian_joint_research,Soma Rohatgi,"['Soma Rohatgi', 'Uttam Kumar Roy', 'Sanjoy Ghosh', 'Prabhat Kumar Mandal', 'Partha Roy']"
v0_016_call_for_proposals_2017___indo_hungarian_joint_research,Sachin Suresh Tiwari,"['Sachin Suresh Tiwari', 'Uttam Kumar Roy', 'Sanjoy Ghosh', 'Prabhat Kumar Mandal', 'Partha Roy']"
v0_016_call_for_proposals_2017___indo_hungarian_joint_research,Jitin Singla,"['Jitin Singla', 'Uttam Kumar Roy', 'Sanjoy Ghosh', 'Prabhat Kumar Mandal', 'Partha Roy']"
v0_016_call_for_proposals_2017___indo_hungarian_joint_research,Rajesh Kumar,"['Rajesh Kumar', 'Uttam Kumar Roy', 'Sanjoy Ghosh', 'Prabhat Kumar Mandal', 'Partha Roy']"
v0_016_call_for_proposals_2017___indo_hungarian_joint_research,Akhil Upadhyay,"['Akhil Upadhyay', 'Uttam Kumar Roy', 'Sanjoy Ghosh', 'Prabhat Kumar Mandal', 'Partha Roy']"
v0_017_indo_norway_joint_call_on_bio_economy,Arindam Biswas,"['Arindam Biswas', 'Prince Tiwari', 'Partha Roy', 'Jitin Singla']"
v0_017_indo_norway_joint_call_on_bio_economy,Avlokita Agrawal,"['Avlokita Agrawal', 'Prince Tiwari', 'Partha Roy', 'Jitin Singla']"
v0_017_indo_norway_joint_call_on_bio_economy,Gaurav Raheja,"['Gaurav Raheja', 'Prince Tiwari', 'Partha Roy', 'Jitin Singla']"
v0_017_indo_norway_joint_call_on_bio_economy,Harshit Sosan Lakra,"['Harshit Sosan Lakra', 'Prince Tiwari', 'Partha Roy', 'Jitin Singla']"
v0_017_indo_norway_joint_call_on_bio_economy,Mahua Mukherjee,"['Mahua Mukherjee', 'Prince Tiwari', 'Partha Roy', 'Jitin Singla']"
v0_017_indo_norway_joint_call_on_bio_economy,Prabhjot Singh Chani,"['Prabhjot Singh Chani', 'Prince Tiwari', 'Partha Roy', 'Jitin Singla']"
v0_017_indo_norway_joint_call_on_bio_economy,E Rajasekar,"['E Rajasekar', 'Prince Tiwari', 'Partha Roy', 'Jitin Singla']"
v0_017_indo_norway_joint_call_on_bio_economy,Ram Sateesh Pasupuleti,"['Ram Sateesh Pasupuleti', 'Prince Tiwari', 'Partha Roy', 'Jitin Singla']"
v0_017_indo_norway_joint_call_on_bio_economy,Saptarshi Kolay,"['Saptarshi Kolay', 'Prince Tiwari', 'Partha Roy', 'Jitin Singla']"
v0_017_indo_norway_joint_call_on_bio_economy,Shubhajit Sadhukhan,"['Shubhajit Sadhukhan', 'Prince Tiwari', 'Partha Roy', 'Jitin Singla']"
v0_017_indo_norway_joint_call_on_bio_economy,Smriti Saraswat,"['Smriti Saraswat', 'Prince Tiwari', 'Partha Roy', 'Jitin Singla']"
v0_017_indo_norway_joint_call_on_bio_economy,Sonal Atreya,"['Sonal Atreya', 'Prince Tiwari', 'Partha Roy', 'Jitin Singla']"
v0_017_indo_norway_joint_call_on_bio_economy,Tina Pujara,"['Tina Pujara', 'Prince Tiwari', 'Partha Roy', 'Jitin Singla']"
v0_017_indo_norway_joint_call_on_bio_economy,Uttam Kumar Roy,"['Uttam Kumar Roy', 'Prince Tiwari', 'Partha Roy', 'Jitin Singla']"
v0_017_indo_norway_joint_call_on_bio_economy,V Devadas,"['V Devadas', 'Prince Tiwari', 'Partha Roy', 'Jitin Singla']"
v0_017_indo_norway_joint_call_on_bio_economy,Jaydev Dabas,"['Jaydev Dabas', 'Prince Tiwari', 'Partha Roy', 'Jitin Singla']"
v0_017_indo_norway_joint_call_on_bio_economy,Millie Pant,"['Millie Pant', 'Prince Tiwari', 'Partha Roy', 'Jitin Singla']"
v0_017_indo_norway_joint_call_on_bio_economy,Rajan Arora,"['Rajan Arora', 'Prince Tiwari', 'Partha Roy', 'Jitin Singla']"
v0_017_indo_norway_joint_call_on_bio_economy,Ashwani Kumar Sharma,"['Ashwani Kumar Sharma', 'Prince Tiwari', 'Partha Roy', 'Jitin Singla']"
v0_017_indo_norway_joint_call_on_bio_economy,Bijan Choudhury,"['Bijan Choudhury', 'Prince Tiwari', 'Partha Roy', 'Jitin Singla']"
v0_017_indo_norway_joint_call_on_bio_economy,Debabrata Sircar,"['Debabrata Sircar', 'Prince Tiwari', 'Partha Roy', 'Jitin Singla']"
v0_017_indo_norway_joint_call_on_bio_economy,Deepak Sharma,"['Deepak Sharma', 'Prince Tiwari', 'Partha Roy', 'Jitin Singla']"
v0_017_indo_norway_joint_call_on_bio_economy,P Gopinath,"['P Gopinath', 'Prince Tiwari', 'Partha Roy', 'Jitin Singla']"
v0_017_indo_norway_joint_call_on_bio_economy,Harsh Chauhan,"['Harsh Chauhan', 'Prince Tiwari', 'Partha Roy', 'Jitin Singla']"
v0_017_indo_norway_joint_call_on_bio_economy,Srinivas Kiran Ambatipudi,"['Srinivas Kiran Ambatipudi', 'Prince Tiwari', 'Partha Roy', 'Jitin Singla']"
v0_017_indo_norway_joint_call_on_bio_economy,Krishna Mohan Poluri,"['Krishna Mohan Poluri', 'Prince Tiwari', 'Partha Roy', 'Jitin Singla']"
v0_017_indo_norway_joint_call_on_bio_economy,Maya S.Nair,"['Maya S.Nair', 'Prince Tiwari', 'Partha Roy', 'Jitin Singla']"
v0_017_indo_norway_joint_call_on_bio_economy,N K Navani,"['N K Navani', 'Prince Tiwari', 'Partha Roy', 'Jitin Singla']"
v0_017_indo_norway_joint_call_on_bio_economy,Partha Roy,"['Partha Roy', 'Prince Tiwari', 'Jitin Singla']"
v0_017_indo_norway_joint_call_on_bio_economy,Poonam Choudhary,"['Poonam Choudhary', 'Prince Tiwari', 'Partha Roy', 'Jitin Singla']"
v0_017_indo_norway_joint_call_on_bio_economy,Prabhat Kumar Mandal,"['Prabhat Kumar Mandal', 'Prince Tiwari', 'Partha Roy', 'Jitin Singla']"
v0_017_indo_norway_joint_call_on_bio_economy,Pranita P Sarangi,"['Pranita P Sarangi', 'Prince Tiwari', 'Partha Roy', 'Jitin Singla']"
v0_017_indo_norway_joint_call_on_bio_economy,Pravindra Kumar,"['Pravindra Kumar', 'Prince Tiwari', 'Partha Roy', 'Jitin Singla']"
v0_017_indo_norway_joint_call_on_bio_economy,Prince Tiwari,"['Prince Tiwari', 'Partha Roy', 'Jitin Singla']"
v0_017_indo_norway_joint_call_on_bio_economy,R. P. Singh,"['R. P. Singh', 'Prince Tiwari', 'Partha Roy', 'Jitin Singla']"
v0_017_indo_norway_joint_call_on_bio_economy,Ramasare Prasad,"['Ramasare Prasad', 'Prince Tiwari', 'Partha Roy', 'Jitin Singla']"
v0_017_indo_norway_joint_call_on_bio_economy,Ranjana Pathania,"['Ranjana Pathania', 'Prince Tiwari', 'Partha Roy', 'Jitin Singla']"
v0_017_indo_norway_joint_call_on_bio_economy,Sanjoy Ghosh,"['Sanjoy Ghosh', 'Prince Tiwari', 'Partha Roy', 'Jitin Singla']"
v0_017_indo_norway_joint_call_on_bio_economy,Saugata Hazra,"['Saugata Hazra', 'Prince Tiwari', 'Partha Roy', 'Jitin Singla']"
v0_017_indo_norway_joint_call_on_bio_economy,Shailly Tomar,"['Shailly Tomar', 'Prince Tiwari', 'Partha Roy', 'Jitin Singla']"
v0_017_indo_norway_joint_call_on_bio_economy,Shri Ram Yadav,"['Shri Ram Yadav', 'Prince Tiwari', 'Partha Roy', 'Jitin Singla']"
v0_017_indo_norway_joint_call_on_bio_economy,Soma Rohatgi,"['Soma Rohatgi', 'Prince Tiwari', 'Partha Roy', 'Jitin Singla']"
v0_017_indo_norway_joint_call_on_bio_economy,Sachin Suresh Tiwari,"['Sachin Suresh Tiwari', 'Prince Tiwari', 'Partha Roy', 'Jitin Singla']"
v0_017_indo_norway_joint_call_on_bio_economy,Jitin Singla,"['Jitin Singla', 'Prince Tiwari', 'Partha Roy']"
v0_017_indo_norway_joint_call_on_bio_economy,Rajesh Kumar,"['Rajesh Kumar', 'Prince Tiwari', 'Partha Roy', 'Jitin Singla']"
v0_017_indo_norway_joint_call_on_bio_economy,Akhil Upadhyay,"['Akhil Upadhyay', 'Prince Tiwari', 'Partha Roy', 'Jitin Singla']"
v0_018_joint_call_between_india_and_austria_for_exchange_visits,Arindam Biswas,"['Arindam Biswas', 'Partha Roy', 'N K Navani', 'Maya S.Nair', 'Mahua Mukherjee']"
v0_018_joint_call_between_india_and_austria_for_exchange_visits,Avlokita Agrawal,"['Avlokita Agrawal', 'Partha Roy', 'N K Navani', 'Maya S.Nair', 'Mahua Mukherjee']"
v0_018_joint_call_between_india_and_austria_for_exchange_visits,Gaurav Raheja,"['Gaurav Raheja', 'Partha Roy', 'N K Navani', 'Maya S.Nair', 'Mahua Mukherjee']"
v0_018_joint_call_between_india_and_austria_for_exchange_visits,Harshit Sosan Lakra,"['Harshit Sosan Lakra', 'Partha Roy', 'N K Navani', 'Maya S.Nair', 'Mahua Mukherjee']"
v0_018_joint_call_between_india_and_austria_for_exchange_visits,Mahua Mukherjee,"['Mahua Mukherjee', 'Partha Roy', 'N K Navani', 'Maya S.Nair', 'Harsh Chauhan']"
v0_018_joint_call_between_india_and_austria_for_exchange_visits,Prabhjot Singh Chani,"['Prabhjot Singh Chani', 'Partha Roy', 'N K Navani', 'Maya S.Nair', 'Mahua Mukherjee']"
v0_018_joint_call_between_india_and_austria_for_exchange_visits,E Rajasekar,"['E Rajasekar', 'Partha Roy', 'N K Navani', 'Maya S.Nair', 'Mahua Mukherjee']"
v0_018_joint_call_between_india_and_austria_for_exchange_visits,Ram Sateesh Pasupuleti,"['Ram Sateesh Pasupuleti', 'Partha Roy', 'N K Navani', 'Maya S.Nair', 'Mahua Mukherjee']"
v0_018_joint_call_between_india_and_austria_for_exchange_visits,Saptarshi Kolay,"['Saptarshi Kolay', 'Partha Roy', 'N K Navani', 'Maya S.Nair', 'Mahua Mukherjee']"
v0_018_joint_call_between_india_and_austria_for_exchange_visits,Shubhajit Sadhukhan,"['Shubhajit Sadhukhan', 'Partha Roy', 'N K Navani', 'Maya S.Nair', 'Mahua Mukherjee']"
v0_018_joint_call_between_india_and_austria_for_exchange_visits,Smriti Saraswat,"['Smriti Saraswat', 'Partha Roy', 'N K Navani', 'Maya S.Nair', 'Mahua Mukherjee']"
v0_018_joint_call_between_india_and_austria_for_exchange_visits,Sonal Atreya,"['Sonal Atreya', 'Partha Roy', 'N K Navani', 'Maya S.Nair', 'Mahua Mukherjee']"
v0_018_joint_call_between_india_and_austria_for_exchange_visits,Tina Pujara,"['Tina Pujara', 'Partha Roy', 'N K Navani', 'Maya S.Nair', 'Mahua Mukherjee']"
v0_018_joint_call_between_india_and_austria_for_exchange_visits,Uttam Kumar Roy,"['Uttam Kumar Roy', 'Partha Roy', 'N K Navani', 'Maya S.Nair', 'Mahua Mukherjee']"
v0_018_joint_call_between_india_and_austria_for_exchange_visits,V Devadas,"['V Devadas', 'Partha Roy', 'N K Navani', 'Maya S.Nair', 'Mahua Mukherjee']"
v0_018_joint_call_between_india_and_austria_for_exchange_visits,Jaydev Dabas,"['Jaydev Dabas', 'Partha Roy', 'N K Navani', 'Maya S.Nair', 'Mahua Mukherjee']"
v0_018_joint_call_between_india_and_austria_for_exchange_visits,Millie Pant,"['Millie Pant', 'Partha Roy', 'N K Navani', 'Maya S.Nair', 'Mahua Mukherjee']"
v0_018_joint_call_between_india_and_austria_for_exchange_visits,Rajan Arora,"['Rajan Arora', 'Partha Roy', 'N K Navani', 'Maya S.Nair', 'Mahua Mukherjee']"
v0_018_joint_call_between_india_and_austria_for_exchange_visits,Ashwani Kumar Sharma,"['Ashwani Kumar Sharma', 'Partha Roy', 'N K Navani', 'Maya S.Nair', 'Mahua Mukherjee']"
v0_018_joint_call_between_india_and_austria_for_exchange_visits,Bijan Choudhury,"['Bijan Choudhury', 'Partha Roy', 'N K Navani', 'Maya S.Nair', 'Mahua Mukherjee']"
v0_018_joint_call_between_india_and_austria_for_exchange_visits,Debabrata Sircar,"['Debabrata Sircar', 'Partha Roy', 'N K Navani', 'Maya S.Nair', 'Mahua Mukherjee']"
v0_018_joint_call_between_india_and_austria_for_exchange_visits,Deepak Sharma,"['Deepak Sharma', 'Partha Roy', 'N K Navani', 'Maya S.Nair', 'Mahua Mukherjee']"
v0_018_joint_call_between_india_and_austria_for_exchange_visits,P Gopinath,"['P Gopinath', 'Partha Roy', 'N K Navani', 'Maya S.Nair', 'Mahua Mukherjee']"
v0_018_joint_call_between_india_and_austria_for_exchange_visits,Harsh Chauhan,"['Harsh Chauhan', 'Partha Roy', 'N K Navani', 'Maya S.Nair', 'Mahua Mukherjee']"
v0_018_joint_call_between_india_and_austria_for_exchange_visits,Srinivas Kiran Ambatipudi,"['Srinivas Kiran Ambatipudi', 'Partha Roy', 'N K Navani', 'Maya S.Nair', 'Mahua Mukherjee']"
v0_018_joint_call_between_india_and_austria_for_exchange_visits,Krishna Mohan Poluri,"['Krishna Mohan Poluri', 'Partha Roy', 'N K Navani', 'Maya S.Nair', 'Mahua Mukherjee']"
v0_018_joint_call_between_india_and_austria_for_exchange_visits,Maya S.Nair,"['Maya S.Nair', 'Partha Roy', 'N K Navani', 'Mahua Mukherjee', 'Harsh Chauhan']"
v0_018_joint_call_between_india_and_austria_for_exchange_visits,N K Navani,"['N K Navani', 'Partha Roy', 'Maya S.Nair', 'Mahua Mukherjee', 'Harsh Chauhan']"
v0_018_joint_call_between_india_and_austria_for_exchange_visits,Partha Roy,"['Partha Roy', 'N K Navani', 'Maya S.Nair', 'Mahua Mukherjee', 'Harsh Chauhan']"
v0_018_joint_call_between_india_and_austria_for_exchange_visits,Poonam Choudhary,"['Poonam Choudhary', 'Partha Roy', 'N K Navani', 'Maya S.Nair', 'Mahua Mukherjee']"
v0_018_joint_call_between_india_and_austria_for_exchange_visits,Prabhat Kumar Mandal,"['Prabhat Kumar Mandal', 'Partha Roy', 'N K Navani', 'Maya S.Nair', 'Mahua Mukherjee']"
v0_018_joint_call_between_india_and_austria_for_exchange_visits,Pranita P Sarangi,"['Pranita P Sarangi', 'Partha Roy', 'N K Navani', 'Maya S.Nair', 'Mahua Mukherjee']"
v0_018_joint_call_between_india_and_austria_for_exchange_visits,Pravindra Kumar,"['Pravindra Kumar', 'Partha Roy', 'N K Navani', 'Maya S.Nair', 'Mahua Mukherjee']"
v0_018_joint_call_between_india_and_austria_for_exchange_visits,Prince Tiwari,"['Prince Tiwari', 'Partha Roy', 'N K Navani', 'Maya S.Nair', 'Mahua Mukherjee']"
v0_018_joint_call_between_india_and_austria_for_exchange_visits,R. P. Singh,"['R. P. Singh', 'Partha Roy', 'N K Navani', 'Maya S.Nair', 'Mahua Mukherjee']"
v0_018_joint_call_between_india_and_austria_for_exchange_visits,Ramasare Prasad,"['Ramasare Prasad', 'Partha Roy', 'N K Navani', 'Maya S.Nair', 'Mahua Mukherjee']"
v0_018_joint_call_between_india_and_austria_for_exchange_visits,Ranjana Pathania,"['Ranjana Pathania', 'Partha Roy', 'N K Navani', 'Maya S.Nair', 'Mahua Mukherjee']"
v0_018_joint_call_between_india_and_austria_for_exchange_visits,Sanjoy Ghosh,"['Sanjoy Ghosh', 'Partha Roy', 'N K Navani', 'Maya S.Nair', 'Mahua Mukherjee']"
v0_018_joint_call_between_india_and_austria_for_exchange_visits,Saugata Hazra,"['Saugata Hazra', 'Partha Roy', 'N K Navani', 'Maya S.Nair', 'Mahua Mukherjee']"
v0_018_joint_call_between_india_and_austria_for_exchange_visits,Shailly Tomar,"['Shailly Tomar', 'Partha Roy', 'N K Navani', 'Maya S.Nair', 'Mahua Mukherjee']"
v0_018_joint_call_between_india_and_austria_for_exchange_visits,Shri Ram Yadav,"['Shri Ram Yadav', 'Partha Roy', 'N K Navani', 'Maya S.Nair', 'Mahua Mukherjee']"
v0_018_joint_call_between_india_and_austria_for_exchange_visits,Soma Rohatgi,"['Soma Rohatgi', 'Partha Roy', 'N K Navani', 'Maya S.Nair', 'Mahua Mukherjee']"
v0_018_joint_call_between_india_and_austria_for_exchange_visits,Sachin Suresh Tiwari,"['Sachin Suresh Tiwari', 'Partha Roy', 'N K Navani', 'Maya S.Nair', 'Mahua Mukherjee']"
v0_018_joint_call_between_india_and_austria_for_exchange_visits,Jitin Singla,"['Jitin Singla', 'Partha Roy', 'N K Navani', 'Maya S.Nair', 'Mahua Mukherjee']"
v0_018_joint_call_between_india_and_austria_for_exchange_visits,Rajesh Kumar,"['Rajesh Kumar', 'Partha Roy', 'N K Navani', 'Maya S.Nair', 'Mahua Mukherjee']"
v0_018_joint_call_between_india_and_austria_for_exchange_visits,Akhil Upadhyay,"['Akhil Upadhyay', 'Partha Roy', 'N K Navani', 'Maya S.Nair', 'Mahua Mukherjee']"
v0_019_dst_dfg_awards_for_participation_in_the_68th_meeting_of_nobel_laureates__students_lindau_germany,Arindam Biswas,"['Arindam Biswas', 'V Devadas', 'Ram Sateesh Pasupuleti', 'Krishna Mohan Poluri', 'Bijan Choudhury']"
v0_019_dst_dfg_awards_for_participation_in_the_68th_meeting_of_nobel_laureates__students_lindau_germany,Avlokita Agrawal,"['Avlokita Agrawal', 'V Devadas', 'Ram Sateesh Pasupuleti', 'Krishna Mohan Poluri', 'Bijan Choudhury']"
v0_019_dst_dfg_awards_for_participation_in_the_68th_meeting_of_nobel_laureates__students_lindau_germany,Gaurav Raheja,"['Gaurav Raheja', 'V Devadas', 'Ram Sateesh Pasupuleti', 'Krishna Mohan Poluri', 'Bijan Choudhury']"
v0_019_dst_dfg_awards_for_participation_in_the_68th_meeting_of_nobel_laureates__students_lindau_germany,Harshit Sosan Lakra,"['Harshit Sosan Lakra', 'V Devadas', 'Ram Sateesh Pasupuleti', 'Krishna Mohan Poluri', 'Bijan Choudhury']"
v0_019_dst_dfg_awards_for_participation_in_the_68th_meeting_of_nobel_laureates__students_lindau_germany,Mahua Mukherjee,"['Mahua Mukherjee', 'V Devadas', 'Ram Sateesh Pasupuleti', 'Krishna Mohan Poluri', 'Bijan Choudhury']"
v0_019_dst_dfg_awards_for_participation_in_the_68th_meeting_of_nobel_laureates__students_lindau_germany,Prabhjot Singh Chani,"['Prabhjot Singh Chani', 'V Devadas', 'Ram Sateesh Pasupuleti', 'Krishna Mohan Poluri', 'Bijan Choudhury']"
v0_019_dst_dfg_awards_for_participation_in_the_68th_meeting_of_nobel_laureates__students_lindau_germany,E Rajasekar,"['E Rajasekar', 'V Devadas', 'Ram Sateesh Pasupuleti', 'Krishna Mohan Poluri', 'Bijan Choudhury']"
v0_019_dst_dfg_awards_for_participation_in_the_68th_meeting_of_nobel_laureates__students_lindau_germany,Ram Sateesh Pasupuleti,"['Ram Sateesh Pasupuleti', 'V Devadas', 'Krishna Mohan Poluri', 'Bijan Choudhury']"
v0_019_dst_dfg_awards_for_participation_in_the_68th_meeting_of_nobel_laureates__students_lindau_germany,Saptarshi Kolay,"['Saptarshi Kolay', 'V Devadas', 'Ram Sateesh Pasupuleti', 'Krishna Mohan Poluri', 'Bijan Choudhury']"
v0_019_dst_dfg_awards_for_participation_in_the_68th_meeting_of_nobel_laureates__students_lindau_germany,Shubhajit Sadhukhan,"['Shubhajit Sadhukhan', 'V Devadas', 'Ram Sateesh Pasupuleti', 'Krishna Mohan Poluri', 'Bijan Choudhury']"
v0_019_dst_dfg_awards_for_participation_in_the_68th_meeting_of_nobel_laureates__students_lindau_germany,Smriti Saraswat,"['Smriti Saraswat', 'V Devadas', 'Ram Sateesh Pasupuleti', 'Krishna Mohan Poluri', 'Bijan Choudhury']"
v0_019_dst_dfg_awards_for_participation_in_the_68th_meeting_of_nobel_laureates__students_lindau_germany,Sonal Atreya,"['Sonal Atreya', 'V Devadas', 'Ram Sateesh Pasupuleti', 'Krishna Mohan Poluri', 'Bijan Choudhury']"
v0_019_dst_dfg_awards_for_participation_in_the_68th_meeting_of_nobel_laureates__students_lindau_germany,Tina Pujara,"['Tina Pujara', 'V Devadas', 'Ram Sateesh Pasupuleti', 'Krishna Mohan Poluri', 'Bijan Choudhury']"
v0_019_dst_dfg_awards_for_participation_in_the_68th_meeting_of_nobel_laureates__students_lindau_germany,Uttam Kumar Roy,"['Uttam Kumar Roy', 'V Devadas', 'Ram Sateesh Pasupuleti', 'Krishna Mohan Poluri', 'Bijan Choudhury']"
v0_019_dst_dfg_awards_for_participation_in_the_68th_meeting_of_nobel_laureates__students_lindau_germany,V Devadas,"['V Devadas', 'Ram Sateesh Pasupuleti', 'Krishna Mohan Poluri', 'Bijan Choudhury']"
v0_019_dst_dfg_awards_for_participation_in_the_68th_meeting_of_nobel_laureates__students_lindau_germany,Jaydev Dabas,"['Jaydev Dabas', 'V Devadas', 'Ram Sateesh Pasupuleti', 'Krishna Mohan Poluri', 'Bijan Choudhury']"
v0_019_dst_dfg_awards_for_participation_in_the_68th_meeting_of_nobel_laureates__students_lindau_germany,Millie Pant,"['Millie Pant', 'V Devadas', 'Ram Sateesh Pasupuleti', 'Krishna Mohan Poluri', 'Bijan Choudhury']"
v0_019_dst_dfg_awards_for_participation_in_the_68th_meeting_of_nobel_laureates__students_lindau_germany,Rajan Arora,"['Rajan Arora', 'V Devadas', 'Ram Sateesh Pasupuleti', 'Krishna Mohan Poluri', 'Bijan Choudhury']"
v0_019_dst_dfg_awards_for_participation_in_the_68th_meeting_of_nobel_laureates__students_lindau_germany,Ashwani Kumar Sharma,"['Ashwani Kumar Sharma', 'V Devadas', 'Ram Sateesh Pasupuleti', 'Krishna Mohan Poluri', 'Bijan Choudhury']"
v0_019_dst_dfg_awards_for_participation_in_the_68th_meeting_of_nobel_laureates__students_lindau_germany,Bijan Choudhury,"['Bijan Choudhury', 'V Devadas', 'Ram Sateesh Pasupuleti', 'Krishna Mohan Poluri']"
v0_019_dst_dfg_awards_for_participation_in_the_68th_meeting_of_nobel_laureates__students_lindau_germany,Debabrata Sircar,"['Debabrata Sircar', 'V Devadas', 'Ram Sateesh Pasupuleti', 'Krishna Mohan Poluri', 'Bijan Choudhury']"
v0_019_dst_dfg_awards_for_participation_in_the_68th_meeting_of_nobel_laureates__students_lindau_germany,Deepak Sharma,"['Deepak Sharma', 'V Devadas', 'Ram Sateesh Pasupuleti', 'Krishna Mohan Poluri', 'Bijan Choudhury']"
v0_019_dst_dfg_awards_for_participation_in_the_68th_meeting_of_nobel_laureates__students_lindau_germany,P Gopinath,"['P Gopinath', 'V Devadas', 'Ram Sateesh Pasupuleti', 'Krishna Mohan Poluri', 'Bijan Choudhury']"
v0_019_dst_dfg_awards_for_participation_in_the_68th_meeting_of_nobel_laureates__students_lindau_germany,Harsh Chauhan,"['Harsh Chauhan', 'V Devadas', 'Ram Sateesh Pasupuleti', 'Krishna Mohan Poluri', 'Bijan Choudhury']"
v0_019_dst_dfg_awards_for_participation_in_the_68th_meeting_of_nobel_laureates__students_lindau_germany,Srinivas Kiran Ambatipudi,"['Srinivas Kiran Ambatipudi', 'V Devadas', 'Ram Sateesh Pasupuleti', 'Krishna Mohan Poluri', 'Bijan Choudhury']"
v0_019_dst_dfg_awards_for_participation_in_the_68th_meeting_of_nobel_laureates__students_lindau_germany,Krishna Mohan Poluri,"['Krishna Mohan Poluri', 'V Devadas', 'Ram Sateesh Pasupuleti', 'Bijan Choudhury']"
v0_019_dst_dfg_awards_for_participation_in_the_68th_meeting_of_nobel_laureates__students_lindau_germany,Maya S.Nair,"['Maya S.Nair', 'V Devadas', 'Ram Sateesh Pasupuleti', 'Krishna Mohan Poluri', 'Bijan Choudhury']"
v0_019_dst_dfg_awards_for_participation_in_the_68th_meeting_of_nobel_laureates__students_lindau_germany,N K Navani,"['N K Navani', 'V Devadas', 'Ram Sateesh Pasupuleti', 'Krishna Mohan Poluri', 'Bijan Choudhury']"
v0_019_dst_dfg_awards_for_participation_in_the_68th_meeting_of_nobel_laureates__students_lindau_germany,Partha Roy,"['Partha Roy', 'V Devadas', 'Ram Sateesh Pasupuleti', 'Krishna Mohan Poluri', 'Bijan Choudhury']"
v0_019_dst_dfg_awards_for_participation_in_the_68th_meeting_of_nobel_laureates__students_lindau_germany,Poonam Choudhary,"['Poonam Choudhary', 'V Devadas', 'Ram Sateesh Pasupuleti', 'Krishna Mohan Poluri', 'Bijan Choudhury']"
v0_019_dst_dfg_awards_for_participation_in_the_68th_meeting_of_nobel_laureates__students_lindau_germany,Prabhat Kumar Mandal,"['Prabhat Kumar Mandal', 'V Devadas', 'Ram Sateesh Pasupuleti', 'Krishna Mohan Poluri', 'Bijan Choudhury']"
v0_019_dst_dfg_awards_for_participation_in_the_68th_meeting_of_nobel_laureates__students_lindau_germany,Pranita P Sarangi,"['Pranita P Sarangi', 'V Devadas', 'Ram Sateesh Pasupuleti', 'Krishna Mohan Poluri', 'Bijan Choudhury']"
v0_019_dst_dfg_awards_for_participation_in_the_68th_meeting_of_nobel_laureates__students_lindau_germany,Pravindra Kumar,"['Pravindra Kumar', 'V Devadas', 'Ram Sateesh Pasupuleti', 'Krishna Mohan Poluri', 'Bijan Choudhury']"
v0_019_dst_dfg_awards_for_participation_in_the_68th_meeting_of_nobel_laureates__students_lindau_germany,Prince Tiwari,"['Prince Tiwari', 'V Devadas', 'Ram Sateesh Pasupuleti', 'Krishna Mohan Poluri', 'Bijan Choudhury']"
v0_019_dst_dfg_awards_for_participation_in_the_68th_meeting_of_nobel_laureates__students_lindau_germany,R. P. Singh,"['R. P. Singh', 'V Devadas', 'Ram Sateesh Pasupuleti', 'Krishna Mohan Poluri', 'Bijan Choudhury']"
v0_019_dst_dfg_awards_for_participation_in_the_68th_meeting_of_nobel_laureates__students_lindau_germany,Ramasare Prasad,"['Ramasare Prasad', 'V Devadas', 'Ram Sateesh Pasupuleti', 'Krishna Mohan Poluri', 'Bijan Choudhury']"
v0_019_dst_dfg_awards_for_participation_in_the_68th_meeting_of_nobel_laureates__students_lindau_germany,Ranjana Pathania,"['Ranjana Pathania', 'V Devadas', 'Ram Sateesh Pasupuleti', 'Krishna Mohan Poluri', 'Bijan Choudhury']"
v0_019_dst_dfg_awards_for_participation_in_the_68th_meeting_of_nobel_laureates__students_lindau_germany,Sanjoy Ghosh,"['Sanjoy Ghosh', 'V Devadas', 'Ram Sateesh Pasupuleti', 'Krishna Mohan Poluri', 'Bijan Choudhury']"
v0_019_dst_dfg_awards_for_participation_in_the_68th_meeting_of_nobel_laureates__students_lindau_germany,Saugata Hazra,"['Saugata Hazra', 'V Devadas', 'Ram Sateesh Pasupuleti', 'Krishna Mohan Poluri', 'Bijan Choudhury']"
v0_019_dst_dfg_awards_for_participation_in_the_68th_meeting_of_nobel_laureates__students_lindau_germany,Shailly Tomar,"['Shailly Tomar', 'V Devadas', 'Ram Sateesh Pasupuleti', 'Krishna Mohan Poluri', 'Bijan Choudhury']"
v0_019_dst_dfg_awards_for_participation_in_the_68th_meeting_of_nobel_laureates__students_lindau_germany,Shri Ram Yadav,"['Shri Ram Yadav', 'V Devadas', 'Ram Sateesh Pasupuleti', 'Krishna Mohan Poluri', 'Bijan Choudhury']"
v0_019_dst_dfg_awards_for_participation_in_the_68th_meeting_of_nobel_laureates__students_lindau_germany,Soma Rohatgi,"['Soma Rohatgi', 'V Devadas', 'Ram Sateesh Pasupuleti', 'Krishna Mohan Poluri', 'Bijan Choudhury']"
v0_019_dst_dfg_awards_for_participation_in_the_68th_meeting_of_nobel_laureates__students_lindau_germany,Sachin Suresh Tiwari,"['Sachin Suresh Tiwari', 'V Devadas', 'Ram Sateesh Pasupuleti', 'Krishna Mohan Poluri', 'Bijan Choudhury']"
v0_019_dst_dfg_awards_for_participation_in_the_68th_meeting_of_nobel_laureates__students_lindau_germany,Jitin Singla,"['Jitin Singla', 'V Devadas', 'Ram Sateesh Pasupuleti', 'Krishna Mohan Poluri', 'Bijan Choudhury']"
v0_019_dst_dfg_awards_for_participation_in_the_68th_meeting_of_nobel_laureates__students_lindau_germany,Rajesh Kumar,"['Rajesh Kumar', 'V Devadas', 'Ram Sateesh Pasupuleti', 'Krishna Mohan Poluri', 'Bijan Choudhury']"
v0_019_dst_dfg_awards_for_participation_in_the_68th_meeting_of_nobel_laureates__students_lindau_germany,Akhil Upadhyay,"['Akhil Upadhyay', 'V Devadas', 'Ram Sateesh Pasupuleti', 'Krishna Mohan Poluri', 'Bijan Choudhury']"
v0_020_advertisement_for_call_for_proposal_for_dst_nrdms_summerwinter_schools_in_geospatial_st___2017___2019,Arindam Biswas,"['Arindam Biswas', 'Uttam Kumar Roy', 'Rajesh Kumar', 'Prabhat Kumar Mandal']"
v0_020_advertisement_for_call_for_proposal_for_dst_nrdms_summerwinter_schools_in_geospatial_st___2017___2019,Avlokita Agrawal,"['Avlokita Agrawal', 'Uttam Kumar Roy', 'Rajesh Kumar', 'Prabhat Kumar Mandal']"
v0_020_advertisement_for_call_for_proposal_for_dst_nrdms_summerwinter_schools_in_geospatial_st___2017___2019,Gaurav Raheja,"['Gaurav Raheja', 'Uttam Kumar Roy', 'Rajesh Kumar', 'Prabhat Kumar Mandal']"
v0_020_advertisement_for_call_for_proposal_for_dst_nrdms_summerwinter_schools_in_geospatial_st___2017___2019,Harshit Sosan Lakra,"['Harshit Sosan Lakra', 'Uttam Kumar Roy', 'Rajesh Kumar', 'Prabhat Kumar Mandal']"
v0_020_advertisement_for_call_for_proposal_for_dst_nrdms_summerwinter_schools_in_geospatial_st___2017___2019,Mahua Mukherjee,"['Mahua Mukherjee', 'Uttam Kumar Roy', 'Rajesh Kumar', 'Prabhat Kumar Mandal']"
v0_020_advertisement_for_call_for_proposal_for_dst_nrdms_summerwinter_schools_in_geospatial_st___2017___2019,Prabhjot Singh Chani,"['Prabhjot Singh Chani', 'Uttam Kumar Roy', 'Rajesh Kumar', 'Prabhat Kumar Mandal']"
v0_020_advertisement_for_call_for_proposal_for_dst_nrdms_summerwinter_schools_in_geospatial_st___2017___2019,E Rajasekar,"['E Rajasekar', 'Uttam Kumar Roy', 'Rajesh Kumar', 'Prabhat Kumar Mandal']"
v0_020_advertisement_for_call_for_proposal_for_dst_nrdms_summerwinter_schools_in_geospatial_st___2017___2019,Ram Sateesh Pasupuleti,"['Ram Sateesh Pasupuleti', 'Uttam Kumar Roy', 'Rajesh Kumar', 'Prabhat Kumar Mandal']"
v0_020_advertisement_for_call_for_proposal_for_dst_nrdms_summerwinter_schools_in_geospatial_st___2017___2019,Saptarshi Kolay,"['Saptarshi Kolay', 'Uttam Kumar Roy', 'Rajesh Kumar', 'Prabhat Kumar Mandal']"
v0_020_advertisement_for_call_for_proposal_for_dst_nrdms_summerwinter_schools_in_geospatial_st___2017___2019,Shubhajit Sadhukhan,"['Shubhajit Sadhukhan', 'Uttam Kumar Roy', 'Rajesh Kumar', 'Prabhat Kumar Mandal']"
v0_020_advertisement_for_call_for_proposal_for_dst_nrdms_summerwinter_schools_in_geospatial_st___2017___2019,Smriti Saraswat,"['Smriti Saraswat', 'Uttam Kumar Roy', 'Rajesh Kumar', 'Prabhat Kumar Mandal']"
v0_020_advertisement_for_call_for_proposal_for_dst_nrdms_summerwinter_schools_in_geospatial_st___2017___2019,Sonal Atreya,"['Sonal Atreya', 'Uttam Kumar Roy', 'Rajesh Kumar', 'Prabhat Kumar Mandal']"
v0_020_advertisement_for_call_for_proposal_for_dst_nrdms_summerwinter_schools_in_geospatial_st___2017___2019,Tina Pujara,"['Tina Pujara', 'Uttam Kumar Roy', 'Rajesh Kumar', 'Prabhat Kumar Mandal']"
v0_020_advertisement_for_call_for_proposal_for_dst_nrdms_summerwinter_schools_in_geospatial_st___2017___2019,Uttam Kumar Roy,"['Uttam Kumar Roy', 'Rajesh Kumar', 'Prabhat Kumar Mandal']"
v0_020_advertisement_for_call_for_proposal_for_dst_nrdms_summerwinter_schools_in_geospatial_st___2017___2019,V Devadas,"['V Devadas', 'Uttam Kumar Roy', 'Rajesh Kumar', 'Prabhat Kumar Mandal']"
v0_020_advertisement_for_call_for_proposal_for_dst_nrdms_summerwinter_schools_in_geospatial_st___2017___2019,Jaydev Dabas,"['Jaydev Dabas', 'Uttam Kumar Roy', 'Rajesh Kumar', 'Prabhat Kumar Mandal']"
v0_020_advertisement_for_call_for_proposal_for_dst_nrdms_summerwinter_schools_in_geospatial_st___2017___2019,Millie Pant,"['Millie Pant', 'Uttam Kumar Roy', 'Rajesh Kumar', 'Prabhat Kumar Mandal']"
v0_020_advertisement_for_call_for_proposal_for_dst_nrdms_summerwinter_schools_in_geospatial_st___2017___2019,Rajan Arora,"['Rajan Arora', 'Uttam Kumar Roy', 'Rajesh Kumar', 'Prabhat Kumar Mandal']"
v0_020_advertisement_for_call_for_proposal_for_dst_nrdms_summerwinter_schools_in_geospatial_st___2017___2019,Ashwani Kumar Sharma,"['Ashwani Kumar Sharma', 'Uttam Kumar Roy', 'Rajesh Kumar', 'Prabhat Kumar Mandal']"
v0_020_advertisement_for_call_for_proposal_for_dst_nrdms_summerwinter_schools_in_geospatial_st___2017___2019,Bijan Choudhury,"['Bijan Choudhury', 'Uttam Kumar Roy', 'Rajesh Kumar', 'Prabhat Kumar Mandal']"
v0_020_advertisement_for_call_for_proposal_for_dst_nrdms_summerwinter_schools_in_geospatial_st___2017___2019,Debabrata Sircar,"['Debabrata Sircar', 'Uttam Kumar Roy', 'Rajesh Kumar', 'Prabhat Kumar Mandal']"
v0_020_advertisement_for_call_for_proposal_for_dst_nrdms_summerwinter_schools_in_geospatial_st___2017___2019,Deepak Sharma,"['Deepak Sharma', 'Uttam Kumar Roy', 'Rajesh Kumar', 'Prabhat Kumar Mandal']"
v0_020_advertisement_for_call_for_proposal_for_dst_nrdms_summerwinter_schools_in_geospatial_st___2017___2019,P Gopinath,"['P Gopinath', 'Uttam Kumar Roy', 'Rajesh Kumar', 'Prabhat Kumar Mandal']"
v0_020_advertisement_for_call_for_proposal_for_dst_nrdms_summerwinter_schools_in_geospatial_st___2017___2019,Harsh Chauhan,"['Harsh Chauhan', 'Uttam Kumar Roy', 'Rajesh Kumar', 'Prabhat Kumar Mandal']"
v0_020_advertisement_for_call_for_proposal_for_dst_nrdms_summerwinter_schools_in_geospatial_st___2017___2019,Srinivas Kiran Ambatipudi,"['Srinivas Kiran Ambatipudi', 'Uttam Kumar Roy', 'Rajesh Kumar', 'Prabhat Kumar Mandal']"
v0_020_advertisement_for_call_for_proposal_for_dst_nrdms_summerwinter_schools_in_geospatial_st___2017___2019,Krishna Mohan Poluri,"['Krishna Mohan Poluri', 'Uttam Kumar Roy', 'Rajesh Kumar', 'Prabhat Kumar Mandal']"
v0_020_advertisement_for_call_for_proposal_for_dst_nrdms_summerwinter_schools_in_geospatial_st___2017___2019,Maya S.Nair,"['Maya S.Nair', 'Uttam Kumar Roy', 'Rajesh Kumar', 'Prabhat Kumar Mandal']"
v0_020_advertisement_for_call_for_proposal_for_dst_nrdms_summerwinter_schools_in_geospatial_st___2017___2019,N K Navani,"['N K Navani', 'Uttam Kumar Roy', 'Rajesh Kumar', 'Prabhat Kumar Mandal']"
v0_020_advertisement_for_call_for_proposal_for_dst_nrdms_summerwinter_schools_in_geospatial_st___2017___2019,Partha Roy,"['Partha Roy', 'Uttam Kumar Roy', 'Rajesh Kumar', 'Prabhat Kumar Mandal']"
v0_020_advertisement_for_call_for_proposal_for_dst_nrdms_summerwinter_schools_in_geospatial_st___2017___2019,Poonam Choudhary,"['Poonam Choudhary', 'Uttam Kumar Roy', 'Rajesh Kumar', 'Prabhat Kumar Mandal']"
v0_020_advertisement_for_call_for_proposal_for_dst_nrdms_summerwinter_schools_in_geospatial_st___2017___2019,Prabhat Kumar Mandal,"['Prabhat Kumar Mandal', 'Uttam Kumar Roy', 'Rajesh Kumar']"
v0_020_advertisement_for_call_for_proposal_for_dst_nrdms_summerwinter_schools_in_geospatial_st___2017___2019,Pranita P Sarangi,"['Pranita P Sarangi', 'Uttam Kumar Roy', 'Rajesh Kumar', 'Prabhat Kumar Mandal']"
v0_020_advertisement_for_call_for_proposal_for_dst_nrdms_summerwinter_schools_in_geospatial_st___2017___2019,Pravindra Kumar,"['Pravindra Kumar', 'Uttam Kumar Roy', 'Rajesh Kumar', 'Prabhat Kumar Mandal']"
v0_020_advertisement_for_call_for_proposal_for_dst_nrdms_summerwinter_schools_in_geospatial_st___2017___2019,Prince Tiwari,"['Prince Tiwari', 'Uttam Kumar Roy', 'Rajesh Kumar', 'Prabhat Kumar Mandal']"
v0_020_advertisement_for_call_for_proposal_for_dst_nrdms_summerwinter_schools_in_geospatial_st___2017___2019,R. P. Singh,"['R. P. Singh', 'Uttam Kumar Roy', 'Rajesh Kumar', 'Prabhat Kumar Mandal']"
v0_020_advertisement_for_call_for_proposal_for_dst_nrdms_summerwinter_schools_in_geospatial_st___2017___2019,Ramasare Prasad,"['Ramasare Prasad', 'Uttam Kumar Roy', 'Rajesh Kumar', 'Prabhat Kumar Mandal']"
v0_020_advertisement_for_call_for_proposal_for_dst_nrdms_summerwinter_schools_in_geospatial_st___2017___2019,Ranjana Pathania,"['Ranjana Pathania', 'Uttam Kumar Roy', 'Rajesh Kumar', 'Prabhat Kumar Mandal']"
v0_020_advertisement_for_call_for_proposal_for_dst_nrdms_summerwinter_schools_in_geospatial_st___2017___2019,Sanjoy Ghosh,"['Sanjoy Ghosh', 'Uttam Kumar Roy', 'Rajesh Kumar', 'Prabhat Kumar Mandal']"
v0_020_advertisement_for_call_for_proposal_for_dst_nrdms_summerwinter_schools_in_geospatial_st___2017___2019,Saugata Hazra,"['Saugata Hazra', 'Uttam Kumar Roy', 'Rajesh Kumar', 'Prabhat Kumar Mandal']"
v0_020_advertisement_for_call_for_proposal_for_dst_nrdms_summerwinter_schools_in_geospatial_st___2017___2019,Shailly Tomar,"['Shailly Tomar', 'Uttam Kumar Roy', 'Rajesh Kumar', 'Prabhat Kumar Mandal']"
v0_020_advertisement_for_call_for_proposal_for_dst_nrdms_summerwinter_schools_in_geospatial_st___2017___2019,Shri Ram Yadav,"['Shri Ram Yadav', 'Uttam Kumar Roy', 'Rajesh Kumar', 'Prabhat Kumar Mandal']"
v0_020_advertisement_for_call_for_proposal_for_dst_nrdms_summerwinter_schools_in_geospatial_st___2017___2019,Soma Rohatgi,"['Soma Rohatgi', 'Uttam Kumar Roy', 'Rajesh Kumar', 'Prabhat Kumar Mandal']"
v0_020_advertisement_for_call_for_proposal_for_dst_nrdms_summerwinter_schools_in_geospatial_st___2017___2019,Sachin Suresh Tiwari,"['Sachin Suresh Tiwari', 'Uttam Kumar Roy', 'Rajesh Kumar', 'Prabhat Kumar Mandal']"
v0_020_advertisement_for_call_for_proposal_for_dst_nrdms_summerwinter_schools_in_geospatial_st___2017___2019,Jitin Singla,"['Jitin Singla', 'Uttam Kumar Roy', 'Rajesh Kumar', 'Prabhat Kumar Mandal']"
v0_020_advertisement_for_call_for_proposal_for_dst_nrdms_summerwinter_schools_in_geospatial_st___2017___2019,Rajesh Kumar,"['Rajesh Kumar', 'Uttam Kumar Roy', 'Prabhat Kumar Mandal']"
v0_020_advertisement_for_call_for_proposal_for_dst_nrdms_summerwinter_schools_in_geospatial_st___2017___2019,Akhil Upadhyay,"['Akhil Upadhyay', 'Uttam Kumar Roy', 'Rajesh Kumar', 'Prabhat Kumar Mandal']"
v0_021_call_for_proposals_in_basic_sciences_with_russia_russian_foundation_for_basic_research,Arindam Biswas,"['Arindam Biswas', 'Pranita P Sarangi', 'Partha Roy', 'Millie Pant', 'Krishna Mohan Poluri']"
v0_021_call_for_proposals_in_basic_sciences_with_russia_russian_foundation_for_basic_research,Avlokita Agrawal,"['Avlokita Agrawal', 'Pranita P Sarangi', 'Partha Roy', 'Millie Pant', 'Krishna Mohan Poluri']"
v0_021_call_for_proposals_in_basic_sciences_with_russia_russian_foundation_for_basic_research,Gaurav Raheja,"['Gaurav Raheja', 'Pranita P Sarangi', 'Partha Roy', 'Millie Pant', 'Krishna Mohan Poluri']"
v0_021_call_for_proposals_in_basic_sciences_with_russia_russian_foundation_for_basic_research,Harshit Sosan Lakra,"['Harshit Sosan Lakra', 'Pranita P Sarangi', 'Partha Roy', 'Millie Pant', 'Krishna Mohan Poluri']"
v0_021_call_for_proposals_in_basic_sciences_with_russia_russian_foundation_for_basic_research,Mahua Mukherjee,"['Mahua Mukherjee', 'Pranita P Sarangi', 'Partha Roy', 'Millie Pant', 'Krishna Mohan Poluri']"
v0_021_call_for_proposals_in_basic_sciences_with_russia_russian_foundation_for_basic_research,Prabhjot Singh Chani,"['Prabhjot Singh Chani', 'Pranita P Sarangi', 'Partha Roy', 'Millie Pant', 'Krishna Mohan Poluri']"
v0_021_call_for_proposals_in_basic_sciences_with_russia_russian_foundation_for_basic_research,E Rajasekar,"['E Rajasekar', 'Pranita P Sarangi', 'Partha Roy', 'Millie Pant', 'Krishna Mohan Poluri']"
v0_021_call_for_proposals_in_basic_sciences_with_russia_russian_foundation_for_basic_research,Ram Sateesh Pasupuleti,"['Ram Sateesh Pasupuleti', 'Pranita P Sarangi', 'Partha Roy', 'Millie Pant', 'Krishna Mohan Poluri']"
v0_021_call_for_proposals_in_basic_sciences_with_russia_russian_foundation_for_basic_research,Saptarshi Kolay,"['Saptarshi Kolay', 'Pranita P Sarangi', 'Partha Roy', 'Millie Pant', 'Krishna Mohan Poluri']"
v0_021_call_for_proposals_in_basic_sciences_with_russia_russian_foundation_for_basic_research,Shubhajit Sadhukhan,"['Shubhajit Sadhukhan', 'Pranita P Sarangi', 'Partha Roy', 'Millie Pant', 'Krishna Mohan Poluri']"
v0_021_call_for_proposals_in_basic_sciences_with_russia_russian_foundation_for_basic_research,Smriti Saraswat,"['Smriti Saraswat', 'Pranita P Sarangi', 'Partha Roy', 'Millie Pant', 'Krishna Mohan Poluri']"
v0_021_call_for_proposals_in_basic_sciences_with_russia_russian_foundation_for_basic_research,Sonal Atreya,"['Sonal Atreya', 'Pranita P Sarangi', 'Partha Roy', 'Millie Pant', 'Krishna Mohan Poluri']"
v0_021_call_for_proposals_in_basic_sciences_with_russia_russian_foundation_for_basic_research,Tina Pujara,"['Tina Pujara', 'Pranita P Sarangi', 'Partha Roy', 'Millie Pant', 'Krishna Mohan Poluri']"
v0_021_call_for_proposals_in_basic_sciences_with_russia_russian_foundation_for_basic_research,Uttam Kumar Roy,"['Uttam Kumar Roy', 'Pranita P Sarangi', 'Partha Roy', 'Millie Pant', 'Krishna Mohan Poluri']"
v0_021_call_for_proposals_in_basic_sciences_with_russia_russian_foundation_for_basic_research,V Devadas,"['V Devadas', 'Pranita P Sarangi', 'Partha Roy', 'Millie Pant', 'Krishna Mohan Poluri']"
v0_021_call_for_proposals_in_basic_sciences_with_russia_russian_foundation_for_basic_research,Jaydev Dabas,"['Jaydev Dabas', 'Pranita P Sarangi', 'Partha Roy', 'Millie Pant', 'Krishna Mohan Poluri']"
v0_021_call_for_proposals_in_basic_sciences_with_russia_russian_foundation_for_basic_research,Millie Pant,"['Millie Pant', 'Pranita P Sarangi', 'Partha Roy', 'Krishna Mohan Poluri', 'Bijan Choudhury']"
v0_021_call_for_proposals_in_basic_sciences_with_russia_russian_foundation_for_basic_research,Rajan Arora,"['Rajan Arora', 'Pranita P Sarangi', 'Partha Roy', 'Millie Pant', 'Krishna Mohan Poluri']"
v0_021_call_for_proposals_in_basic_sciences_with_russia_russian_foundation_for_basic_research,Ashwani Kumar Sharma,"['Ashwani Kumar Sharma', 'Pranita P Sarangi', 'Partha Roy', 'Millie Pant', 'Krishna Mohan Poluri']"
v0_021_call_for_proposals_in_basic_sciences_with_russia_russian_foundation_for_basic_research,Bijan Choudhury,"['Bijan Choudhury', 'Pranita P Sarangi', 'Partha Roy', 'Millie Pant', 'Krishna Mohan Poluri']"
v0_021_call_for_proposals_in_basic_sciences_with_russia_russian_foundation_for_basic_research,Debabrata Sircar,"['Debabrata Sircar', 'Pranita P Sarangi', 'Partha Roy', 'Millie Pant', 'Krishna Mohan Poluri']"
v0_021_call_for_proposals_in_basic_sciences_with_russia_russian_foundation_for_basic_research,Deepak Sharma,"['Deepak Sharma', 'Pranita P Sarangi', 'Partha Roy', 'Millie Pant', 'Krishna Mohan Poluri']"
v0_021_call_for_proposals_in_basic_sciences_with_russia_russian_foundation_for_basic_research,P Gopinath,"['P Gopinath', 'Pranita P Sarangi', 'Partha Roy', 'Millie Pant', 'Krishna Mohan Poluri']"
v0_021_call_for_proposals_in_basic_sciences_with_russia_russian_foundation_for_basic_research,Harsh Chauhan,"['Harsh Chauhan', 'Pranita P Sarangi', 'Partha Roy', 'Millie Pant', 'Krishna Mohan Poluri']"
v0_021_call_for_proposals_in_basic_sciences_with_russia_russian_foundation_for_basic_research,Srinivas Kiran Ambatipudi,"['Srinivas Kiran Ambatipudi', 'Pranita P Sarangi', 'Partha Roy', 'Millie Pant', 'Krishna Mohan Poluri']"
v0_021_call_for_proposals_in_basic_sciences_with_russia_russian_foundation_for_basic_research,Krishna Mohan Poluri,"['Krishna Mohan Poluri', 'Pranita P Sarangi', 'Partha Roy', 'Millie Pant', 'Bijan Choudhury']"
v0_021_call_for_proposals_in_basic_sciences_with_russia_russian_foundation_for_basic_research,Maya S.Nair,"['Maya S.Nair', 'Pranita P Sarangi', 'Partha Roy', 'Millie Pant', 'Krishna Mohan Poluri']"
v0_021_call_for_proposals_in_basic_sciences_with_russia_russian_foundation_for_basic_research,N K Navani,"['N K Navani', 'Pranita P Sarangi', 'Partha Roy', 'Millie Pant', 'Krishna Mohan Poluri']"
v0_021_call_for_proposals_in_basic_sciences_with_russia_russian_foundation_for_basic_research,Partha Roy,"['Partha Roy', 'Pranita P Sarangi', 'Millie Pant', 'Krishna Mohan Poluri', 'Bijan Choudhury']"
v0_021_call_for_proposals_in_basic_sciences_with_russia_russian_foundation_for_basic_research,Poonam Choudhary,"['Poonam Choudhary', 'Pranita P Sarangi', 'Partha Roy', 'Millie Pant', 'Krishna Mohan Poluri']"
v0_021_call_for_proposals_in_basic_sciences_with_russia_russian_foundation_for_basic_research,Prabhat Kumar Mandal,"['Prabhat Kumar Mandal', 'Pranita P Sarangi', 'Partha Roy', 'Millie Pant', 'Krishna Mohan Poluri']"
v0_021_call_for_proposals_in_basic_sciences_with_russia_russian_foundation_for_basic_research,Pranita P Sarangi,"['Pranita P Sarangi', 'Partha Roy', 'Millie Pant', 'Krishna Mohan Poluri', 'Bijan Choudhury']"
v0_021_call_for_proposals_in_basic_sciences_with_russia_russian_foundation_for_basic_research,Pravindra Kumar,"['Pravindra Kumar', 'Pranita P Sarangi', 'Partha Roy', 'Millie Pant', 'Krishna Mohan Poluri']"
v0_021_call_for_proposals_in_basic_sciences_with_russia_russian_foundation_for_basic_research,Prince Tiwari,"['Prince Tiwari', 'Pranita P Sarangi', 'Partha Roy', 'Millie Pant', 'Krishna Mohan Poluri']"
v0_021_call_for_proposals_in_basic_sciences_with_russia_russian_foundation_for_basic_research,R. P. Singh,"['R. P. Singh', 'Pranita P Sarangi', 'Partha Roy', 'Millie Pant', 'Krishna Mohan Poluri']"
v0_021_call_for_proposals_in_basic_sciences_with_russia_russian_foundation_for_basic_research,Ramasare Prasad,"['Ramasare Prasad', 'Pranita P Sarangi', 'Partha Roy', 'Millie Pant', 'Krishna Mohan Poluri']"
v0_021_call_for_proposals_in_basic_sciences_with_russia_russian_foundation_for_basic_research,Ranjana Pathania,"['Ranjana Pathania', 'Pranita P Sarangi', 'Partha Roy', 'Millie Pant', 'Krishna Mohan Poluri']"
v0_021_call_for_proposals_in_basic_sciences_with_russia_russian_foundation_for_basic_research,Sanjoy Ghosh,"['Sanjoy Ghosh', 'Pranita P Sarangi', 'Partha Roy', 'Millie Pant', 'Krishna Mohan Poluri']"
v0_021_call_for_proposals_in_basic_sciences_with_russia_russian_foundation_for_basic_research,Saugata Hazra,"['Saugata Hazra', 'Pranita P Sarangi', 'Partha Roy', 'Millie Pant', 'Krishna Mohan Poluri']"
v0_021_call_for_proposals_in_basic_sciences_with_russia_russian_foundation_for_basic_research,Shailly Tomar,"['Shailly Tomar', 'Pranita P Sarangi', 'Partha Roy', 'Millie Pant', 'Krishna Mohan Poluri']"
v0_021_call_for_proposals_in_basic_sciences_with_russia_russian_foundation_for_basic_research,Shri Ram Yadav,"['Shri Ram Yadav', 'Pranita P Sarangi', 'Partha Roy', 'Millie Pant', 'Krishna Mohan Poluri']"
v0_021_call_for_proposals_in_basic_sciences_with_russia_russian_foundation_for_basic_research,Soma Rohatgi,"['Soma Rohatgi', 'Pranita P Sarangi', 'Partha Roy', 'Millie Pant', 'Krishna Mohan Poluri']"
v0_021_call_for_proposals_in_basic_sciences_with_russia_russian_foundation_for_basic_research,Sachin Suresh Tiwari,"['Sachin Suresh Tiwari', 'Pranita P Sarangi', 'Partha Roy', 'Millie Pant', 'Krishna Mohan Poluri']"
v0_021_call_for_proposals_in_basic_sciences_with_russia_russian_foundation_for_basic_research,Jitin Singla,"['Jitin Singla', 'Pranita P Sarangi', 'Partha Roy', 'Millie Pant', 'Krishna Mohan Poluri']"
v0_021_call_for_proposals_in_basic_sciences_with_russia_russian_foundation_for_basic_research,Rajesh Kumar,"['Rajesh Kumar', 'Pranita P Sarangi', 'Partha Roy', 'Millie Pant', 'Krishna Mohan Poluri']"
v0_021_call_for_proposals_in_basic_sciences_with_russia_russian_foundation_for_basic_research,Akhil Upadhyay,"['Akhil Upadhyay', 'Pranita P Sarangi', 'Partha Roy', 'Millie Pant', 'Krishna Mohan Poluri']"
v0_022_funding_opportunity_announcement_foa_smart_grids,Arindam Biswas,"['Arindam Biswas', 'V Devadas', 'Shubhajit Sadhukhan', 'Sachin Suresh Tiwari', 'Krishna Mohan Poluri']"
v0_022_funding_opportunity_announcement_foa_smart_grids,Avlokita Agrawal,"['Avlokita Agrawal', 'V Devadas', 'Shubhajit Sadhukhan', 'Sachin Suresh Tiwari', 'Krishna Mohan Poluri']"
v0_022_funding_opportunity_announcement_foa_smart_grids,Gaurav Raheja,"['Gaurav Raheja', 'V Devadas', 'Shubhajit Sadhukhan', 'Sachin Suresh Tiwari', 'Krishna Mohan Poluri']"
v0_022_funding_opportunity_announcement_foa_smart_grids,Harshit Sosan Lakra,"['Harshit Sosan Lakra', 'V Devadas', 'Shubhajit Sadhukhan', 'Sachin Suresh Tiwari', 'Krishna Mohan Poluri']"
v0_022_funding_opportunity_announcement_foa_smart_grids,Mahua Mukherjee,"['Mahua Mukherjee', 'V Devadas', 'Shubhajit Sadhukhan', 'Sachin Suresh Tiwari', 'Krishna Mohan Poluri']"
v0_022_funding_opportunity_announcement_foa_smart_grids,Prabhjot Singh Chani,"['Prabhjot Singh Chani', 'V Devadas', 'Shubhajit Sadhukhan', 'Sachin Suresh Tiwari', 'Krishna Mohan Poluri']"
v0_022_funding_opportunity_announcement_foa_smart_grids,E Rajasekar,"['E Rajasekar', 'V Devadas', 'Shubhajit Sadhukhan', 'Sachin Suresh Tiwari', 'Krishna Mohan Poluri']"
v0_022_funding_opportunity_announcement_foa_smart_grids,Ram Sateesh Pasupuleti,"['Ram Sateesh Pasupuleti', 'V Devadas', 'Shubhajit Sadhukhan', 'Sachin Suresh Tiwari', 'Krishna Mohan Poluri']"
v0_022_funding_opportunity_announcement_foa_smart_grids,Saptarshi Kolay,"['Saptarshi Kolay', 'V Devadas', 'Shubhajit Sadhukhan', 'Sachin Suresh Tiwari', 'Krishna Mohan Poluri']"
v0_022_funding_opportunity_announcement_foa_smart_grids,Shubhajit Sadhukhan,"['Shubhajit Sadhukhan', 'V Devadas', 'Sachin Suresh Tiwari', 'Krishna Mohan Poluri', 'Harsh Chauhan']"
v0_022_funding_opportunity_announcement_foa_smart_grids,Smriti Saraswat,"['Smriti Saraswat', 'V Devadas', 'Shubhajit Sadhukhan', 'Sachin Suresh Tiwari', 'Krishna Mohan Poluri']"
v0_022_funding_opportunity_announcement_foa_smart_grids,Sonal Atreya,"['Sonal Atreya', 'V Devadas', 'Shubhajit Sadhukhan', 'Sachin Suresh Tiwari', 'Krishna Mohan Poluri']"
v0_022_funding_opportunity_announcement_foa_smart_grids,Tina Pujara,"['Tina Pujara', 'V Devadas', 'Shubhajit Sadhukhan', 'Sachin Suresh Tiwari', 'Krishna Mohan Poluri']"
v0_022_funding_opportunity_announcement_foa_smart_grids,Uttam Kumar Roy,"['Uttam Kumar Roy', 'V Devadas', 'Shubhajit Sadhukhan', 'Sachin Suresh Tiwari', 'Krishna Mohan Poluri']"
v0_022_funding_opportunity_announcement_foa_smart_grids,V Devadas,"['V Devadas', 'Shubhajit Sadhukhan', 'Sachin Suresh Tiwari', 'Krishna Mohan Poluri', 'Harsh Chauhan']"
v0_022_funding_opportunity_announcement_foa_smart_grids,Jaydev Dabas,"['Jaydev Dabas', 'V Devadas', 'Shubhajit Sadhukhan', 'Sachin Suresh Tiwari', 'Krishna Mohan Poluri']"
v0_022_funding_opportunity_announcement_foa_smart_grids,Millie Pant,"['Millie Pant', 'V Devadas', 'Shubhajit Sadhukhan', 'Sachin Suresh Tiwari', 'Krishna Mohan Poluri']"
v0_022_funding_opportunity_announcement_foa_smart_grids,Rajan Arora,"['Rajan Arora', 'V Devadas', 'Shubhajit Sadhukhan', 'Sachin Suresh Tiwari', 'Krishna Mohan Poluri']"
v0_022_funding_opportunity_announcement_foa_smart_grids,Ashwani Kumar Sharma,"['Ashwani Kumar Sharma', 'V Devadas', 'Shubhajit Sadhukhan', 'Sachin Suresh Tiwari', 'Krishna Mohan Poluri']"
v0_022_funding_opportunity_announcement_foa_smart_grids,Bijan Choudhury,"['Bijan Choudhury', 'V Devadas', 'Shubhajit Sadhukhan', 'Sachin Suresh Tiwari', 'Krishna Mohan Poluri']"
v0_022_funding_opportunity_announcement_foa_smart_grids,Debabrata Sircar,"['Debabrata Sircar', 'V Devadas', 'Shubhajit Sadhukhan', 'Sachin Suresh Tiwari', 'Krishna Mohan Poluri']"
v0_022_funding_opportunity_announcement_foa_smart_grids,Deepak Sharma,"['Deepak Sharma', 'V Devadas', 'Shubhajit Sadhukhan', 'Sachin Suresh Tiwari', 'Krishna Mohan Poluri']"
v0_022_funding_opportunity_announcement_foa_smart_grids,P Gopinath,"['P Gopinath', 'V Devadas', 'Shubhajit Sadhukhan', 'Sachin Suresh Tiwari', 'Krishna Mohan Poluri']"
v0_022_funding_opportunity_announcement_foa_smart_grids,Harsh Chauhan,"['Harsh Chauhan', 'V Devadas', 'Shubhajit Sadhukhan', 'Sachin Suresh Tiwari', 'Krishna Mohan Poluri']"
v0_022_funding_opportunity_announcement_foa_smart_grids,Srinivas Kiran Ambatipudi,"['Srinivas Kiran Ambatipudi', 'V Devadas', 'Shubhajit Sadhukhan', 'Sachin Suresh Tiwari', 'Krishna Mohan Poluri']"
v0_022_funding_opportunity_announcement_foa_smart_grids,Krishna Mohan Poluri,"['Krishna Mohan Poluri', 'V Devadas', 'Shubhajit Sadhukhan', 'Sachin Suresh Tiwari', 'Harsh Chauhan']"
v0_022_funding_opportunity_announcement_foa_smart_grids,Maya S.Nair,"['Maya S.Nair', 'V Devadas', 'Shubhajit Sadhukhan', 'Sachin Suresh Tiwari', 'Krishna Mohan Poluri']"
v0_022_funding_opportunity_announcement_foa_smart_grids,N K Navani,"['N K Navani', 'V Devadas', 'Shubhajit Sadhukhan', 'Sachin Suresh Tiwari', 'Krishna Mohan Poluri']"
v0_022_funding_opportunity_announcement_foa_smart_grids,Partha Roy,"['Partha Roy', 'V Devadas', 'Shubhajit Sadhukhan', 'Sachin Suresh Tiwari', 'Krishna Mohan Poluri']"
v0_022_funding_opportunity_announcement_foa_smart_grids,Poonam Choudhary,"['Poonam Choudhary', 'V Devadas', 'Shubhajit Sadhukhan', 'Sachin Suresh Tiwari', 'Krishna Mohan Poluri']"
v0_022_funding_opportunity_announcement_foa_smart_grids,Prabhat Kumar Mandal,"['Prabhat Kumar Mandal', 'V Devadas', 'Shubhajit Sadhukhan', 'Sachin Suresh Tiwari', 'Krishna Mohan Poluri']"
v0_022_funding_opportunity_announcement_foa_smart_grids,Pranita P Sarangi,"['Pranita P Sarangi', 'V Devadas', 'Shubhajit Sadhukhan', 'Sachin Suresh Tiwari', 'Krishna Mohan Poluri']"
v0_022_funding_opportunity_announcement_foa_smart_grids,Pravindra Kumar,"['Pravindra Kumar', 'V Devadas', 'Shubhajit Sadhukhan', 'Sachin Suresh Tiwari', 'Krishna Mohan Poluri']"
v0_022_funding_opportunity_announcement_foa_smart_grids,Prince Tiwari,"['Prince Tiwari', 'V Devadas', 'Shubhajit Sadhukhan', 'Sachin Suresh Tiwari', 'Krishna Mohan Poluri']"
v0_022_funding_opportunity_announcement_foa_smart_grids,R. P. Singh,"['R. P. Singh', 'V Devadas', 'Shubhajit Sadhukhan', 'Sachin Suresh Tiwari', 'Krishna Mohan Poluri']"
v0_022_funding_opportunity_announcement_foa_smart_grids,Ramasare Prasad,"['Ramasare Prasad', 'V Devadas', 'Shubhajit Sadhukhan', 'Sachin Suresh Tiwari', 'Krishna Mohan Poluri']"
v0_022_funding_opportunity_announcement_foa_smart_grids,Ranjana Pathania,"['Ranjana Pathania', 'V Devadas', 'Shubhajit Sadhukhan', 'Sachin Suresh Tiwari', 'Krishna Mohan Poluri']"
v0_022_funding_opportunity_announcement_foa_smart_grids,Sanjoy Ghosh,"['Sanjoy Ghosh', 'V Devadas', 'Shubhajit Sadhukhan', 'Sachin Suresh Tiwari', 'Krishna Mohan Poluri']"
v0_022_funding_opportunity_announcement_foa_smart_grids,Saugata Hazra,"['Saugata Hazra', 'V Devadas', 'Shubhajit Sadhukhan', 'Sachin Suresh Tiwari', 'Krishna Mohan Poluri']"
v0_022_funding_opportunity_announcement_foa_smart_grids,Shailly Tomar,"['Shailly Tomar', 'V Devadas', 'Shubhajit Sadhukhan', 'Sachin Suresh Tiwari', 'Krishna Mohan Poluri']"
v0_022_funding_opportunity_announcement_foa_smart_grids,Shri Ram Yadav,"['Shri Ram Yadav', 'V Devadas', 'Shubhajit Sadhukhan', 'Sachin Suresh Tiwari', 'Krishna Mohan Poluri']"
v0_022_funding_opportunity_announcement_foa_smart_grids,Soma Rohatgi,"['Soma Rohatgi', 'V Devadas', 'Shubhajit Sadhukhan', 'Sachin Suresh Tiwari', 'Krishna Mohan Poluri']"
v0_022_funding_opportunity_announcement_foa_smart_grids,Sachin Suresh Tiwari,"['Sachin Suresh Tiwari', 'V Devadas', 'Shubhajit Sadhukhan', 'Krishna Mohan Poluri', 'Harsh Chauhan']"
v0_022_funding_opportunity_announcement_foa_smart_grids,Jitin Singla,"['Jitin Singla', 'V Devadas', 'Shubhajit Sadhukhan', 'Sachin Suresh Tiwari', 'Krishna Mohan Poluri']"
v0_022_funding_opportunity_announcement_foa_smart_grids,Rajesh Kumar,"['Rajesh Kumar', 'V Devadas', 'Shubhajit Sadhukhan', 'Sachin Suresh Tiwari', 'Krishna Mohan Poluri']"
v0_022_funding_opportunity_announcement_foa_smart_grids,Akhil Upadhyay,"['Akhil Upadhyay', 'V Devadas', 'Shubhajit Sadhukhan', 'Sachin Suresh Tiwari', 'Krishna Mohan Poluri']"
v0_023_multi_institutional_centres_on_materials_for_energy_conservation_and_storage_platform_mecsp___2017,Arindam Biswas,"['Arindam Biswas', 'V Devadas', 'Ram Sateesh Pasupuleti', 'Pravindra Kumar', 'Prabhat Kumar Mandal']"
v0_023_multi_institutional_centres_on_materials_for_energy_conservation_and_storage_platform_mecsp___2017,Avlokita Agrawal,"['Avlokita Agrawal', 'V Devadas', 'Ram Sateesh Pasupuleti', 'Pravindra Kumar', 'Prabhat Kumar Mandal']"
v0_023_multi_institutional_centres_on_materials_for_energy_conservation_and_storage_platform_mecsp___2017,Gaurav Raheja,"['Gaurav Raheja', 'V Devadas', 'Ram Sateesh Pasupuleti', 'Pravindra Kumar', 'Prabhat Kumar Mandal']"
v0_023_multi_institutional_centres_on_materials_for_energy_conservation_and_storage_platform_mecsp___2017,Harshit Sosan Lakra,"['Harshit Sosan Lakra', 'V Devadas', 'Ram Sateesh Pasupuleti', 'Pravindra Kumar', 'Prabhat Kumar Mandal']"
v0_023_multi_institutional_centres_on_materials_for_energy_conservation_and_storage_platform_mecsp___2017,Mahua Mukherjee,"['Mahua Mukherjee', 'V Devadas', 'Ram Sateesh Pasupuleti', 'Pravindra Kumar', 'Prabhat Kumar Mandal']"
v0_023_multi_institutional_centres_on_materials_for_energy_conservation_and_storage_platform_mecsp___2017,Prabhjot Singh Chani,"['Prabhjot Singh Chani', 'V Devadas', 'Ram Sateesh Pasupuleti', 'Pravindra Kumar', 'Prabhat Kumar Mandal']"
v0_023_multi_institutional_centres_on_materials_for_energy_conservation_and_storage_platform_mecsp___2017,E Rajasekar,"['E Rajasekar', 'V Devadas', 'Ram Sateesh Pasupuleti', 'Pravindra Kumar', 'Prabhat Kumar Mandal']"
v0_023_multi_institutional_centres_on_materials_for_energy_conservation_and_storage_platform_mecsp___2017,Ram Sateesh Pasupuleti,"['Ram Sateesh Pasupuleti', 'V Devadas', 'Pravindra Kumar', 'Prabhat Kumar Mandal', 'N K Navani']"
v0_023_multi_institutional_centres_on_materials_for_energy_conservation_and_storage_platform_mecsp___2017,Saptarshi Kolay,"['Saptarshi Kolay', 'V Devadas', 'Ram Sateesh Pasupuleti', 'Pravindra Kumar', 'Prabhat Kumar Mandal']"
v0_023_multi_institutional_centres_on_materials_for_energy_conservation_and_storage_platform_mecsp___2017,Shubhajit Sadhukhan,"['Shubhajit Sadhukhan', 'V Devadas', 'Ram Sateesh Pasupuleti', 'Pravindra Kumar', 'Prabhat Kumar Mandal']"
v0_023_multi_institutional_centres_on_materials_for_energy_conservation_and_storage_platform_mecsp___2017,Smriti Saraswat,"['Smriti Saraswat', 'V Devadas', 'Ram Sateesh Pasupuleti', 'Pravindra Kumar', 'Prabhat Kumar Mandal']"
v0_023_multi_institutional_centres_on_materials_for_energy_conservation_and_storage_platform_mecsp___2017,Sonal Atreya,"['Sonal Atreya', 'V Devadas', 'Ram Sateesh Pasupuleti', 'Pravindra Kumar', 'Prabhat Kumar Mandal']"
v0_023_multi_institutional_centres_on_materials_for_energy_conservation_and_storage_platform_mecsp___2017,Tina Pujara,"['Tina Pujara', 'V Devadas', 'Ram Sateesh Pasupuleti', 'Pravindra Kumar', 'Prabhat Kumar Mandal']"
v0_023_multi_institutional_centres_on_materials_for_energy_conservation_and_storage_platform_mecsp___2017,Uttam Kumar Roy,"['Uttam Kumar Roy', 'V Devadas', 'Ram Sateesh Pasupuleti', 'Pravindra Kumar', 'Prabhat Kumar Mandal']"
v0_023_multi_institutional_centres_on_materials_for_energy_conservation_and_storage_platform_mecsp___2017,V Devadas,"['V Devadas', 'Ram Sateesh Pasupuleti', 'Pravindra Kumar', 'Prabhat Kumar Mandal', 'N K Navani']"
v0_023_multi_institutional_centres_on_materials_for_energy_conservation_and_storage_platform_mecsp___2017,Jaydev Dabas,"['Jaydev Dabas', 'V Devadas', 'Ram Sateesh Pasupuleti', 'Pravindra Kumar', 'Prabhat Kumar Mandal']"
v0_023_multi_institutional_centres_on_materials_for_energy_conservation_and_storage_platform_mecsp___2017,Millie Pant,"['Millie Pant', 'V Devadas', 'Ram Sateesh Pasupuleti', 'Pravindra Kumar', 'Prabhat Kumar Mandal']"
v0_023_multi_institutional_centres_on_materials_for_energy_conservation_and_storage_platform_mecsp___2017,Rajan Arora,"['Rajan Arora', 'V Devadas', 'Ram Sateesh Pasupuleti', 'Pravindra Kumar', 'Prabhat Kumar Mandal']"
v0_023_multi_institutional_centres_on_materials_for_energy_conservation_and_storage_platform_mecsp___2017,Ashwani Kumar Sharma,"['Ashwani Kumar Sharma', 'V Devadas', 'Ram Sateesh Pasupuleti', 'Pravindra Kumar', 'Prabhat Kumar Mandal']"
v0_023_multi_institutional_centres_on_materials_for_energy_conservation_and_storage_platform_mecsp___2017,Bijan Choudhury,"['Bijan Choudhury', 'V Devadas', 'Ram Sateesh Pasupuleti', 'Pravindra Kumar', 'Prabhat Kumar Mandal']"
v0_023_multi_institutional_centres_on_materials_for_energy_conservation_and_storage_platform_mecsp___2017,Debabrata Sircar,"['Debabrata Sircar', 'V Devadas', 'Ram Sateesh Pasupuleti', 'Pravindra Kumar', 'Prabhat Kumar Mandal']"
v0_023_multi_institutional_centres_on_materials_for_energy_conservation_and_storage_platform_mecsp___2017,Deepak Sharma,"['Deepak Sharma', 'V Devadas', 'Ram Sateesh Pasupuleti', 'Pravindra Kumar', 'Prabhat Kumar Mandal']"
v0_023_multi_institutional_centres_on_materials_for_energy_conservation_and_storage_platform_mecsp___2017,P Gopinath,"['P Gopinath', 'V Devadas', 'Ram Sateesh Pasupuleti', 'Pravindra Kumar', 'Prabhat Kumar Mandal']"
v0_023_multi_institutional_centres_on_materials_for_energy_conservation_and_storage_platform_mecsp___2017,Harsh Chauhan,"['Harsh Chauhan', 'V Devadas', 'Ram Sateesh Pasupuleti', 'Pravindra Kumar', 'Prabhat Kumar Mandal']"
v0_023_multi_institutional_centres_on_materials_for_energy_conservation_and_storage_platform_mecsp___2017,Srinivas Kiran Ambatipudi,"['Srinivas Kiran Ambatipudi', 'V Devadas', 'Ram Sateesh Pasupuleti', 'Pravindra Kumar', 'Prabhat Kumar Mandal']"
v0_023_multi_institutional_centres_on_materials_for_energy_conservation_and_storage_platform_mecsp___2017,Krishna Mohan Poluri,"['Krishna Mohan Poluri', 'V Devadas', 'Ram Sateesh Pasupuleti', 'Pravindra Kumar', 'Prabhat Kumar Mandal']"
v0_023_multi_institutional_centres_on_materials_for_energy_conservation_and_storage_platform_mecsp___2017,Maya S.Nair,"['Maya S.Nair', 'V Devadas', 'Ram Sateesh Pasupuleti', 'Pravindra Kumar', 'Prabhat Kumar Mandal']"
v0_023_multi_institutional_centres_on_materials_for_energy_conservation_and_storage_platform_mecsp___2017,N K Navani,"['N K Navani', 'V Devadas', 'Ram Sateesh Pasupuleti', 'Pravindra Kumar', 'Prabhat Kumar Mandal']"
v0_023_multi_institutional_centres_on_materials_for_energy_conservation_and_storage_platform_mecsp___2017,Partha Roy,"['Partha Roy', 'V Devadas', 'Ram Sateesh Pasupuleti', 'Pravindra Kumar', 'Prabhat Kumar Mandal']"
v0_023_multi_institutional_centres_on_materials_for_energy_conservation_and_storage_platform_mecsp___2017,Poonam Choudhary,"['Poonam Choudhary', 'V Devadas', 'Ram Sateesh Pasupuleti', 'Pravindra Kumar', 'Prabhat Kumar Mandal']"
v0_023_multi_institutional_centres_on_materials_for_energy_conservation_and_storage_platform_mecsp___2017,Prabhat Kumar Mandal,"['Prabhat Kumar Mandal', 'V Devadas', 'Ram Sateesh Pasupuleti', 'Pravindra Kumar', 'N K Navani']"
v0_023_multi_institutional_centres_on_materials_for_energy_conservation_and_storage_platform_mecsp___2017,Pranita P Sarangi,"['Pranita P Sarangi', 'V Devadas', 'Ram Sateesh Pasupuleti', 'Pravindra Kumar', 'Prabhat Kumar Mandal']"
v0_023_multi_institutional_centres_on_materials_for_energy_conservation_and_storage_platform_mecsp___2017,Pravindra Kumar,"['Pravindra Kumar', 'V Devadas', 'Ram Sateesh Pasupuleti', 'Prabhat Kumar Mandal', 'N K Navani']"
v0_023_multi_institutional_centres_on_materials_for_energy_conservation_and_storage_platform_mecsp___2017,Prince Tiwari,"['Prince Tiwari', 'V Devadas', 'Ram Sateesh Pasupuleti', 'Pravindra Kumar', 'Prabhat Kumar Mandal']"
v0_023_multi_institutional_centres_on_materials_for_energy_conservation_and_storage_platform_mecsp___2017,R. P. Singh,"['R. P. Singh', 'V Devadas', 'Ram Sateesh Pasupuleti', 'Pravindra Kumar', 'Prabhat Kumar Mandal']"
v0_023_multi_institutional_centres_on_materials_for_energy_conservation_and_storage_platform_mecsp___2017,Ramasare Prasad,"['Ramasare Prasad', 'V Devadas', 'Ram Sateesh Pasupuleti', 'Pravindra Kumar', 'Prabhat Kumar Mandal']"
v0_023_multi_institutional_centres_on_materials_for_energy_conservation_and_storage_platform_mecsp___2017,Ranjana Pathania,"['Ranjana Pathania', 'V Devadas', 'Ram Sateesh Pasupuleti', 'Pravindra Kumar', 'Prabhat Kumar Mandal']"
v0_023_multi_institutional_centres_on_materials_for_energy_conservation_and_storage_platform_mecsp___2017,Sanjoy Ghosh,"['Sanjoy Ghosh', 'V Devadas', 'Ram Sateesh Pasupuleti', 'Pravindra Kumar', 'Prabhat Kumar Mandal']"
v0_023_multi_institutional_centres_on_materials_for_energy_conservation_and_storage_platform_mecsp___2017,Saugata Hazra,"['Saugata Hazra', 'V Devadas', 'Ram Sateesh Pasupuleti', 'Pravindra Kumar', 'Prabhat Kumar Mandal']"
v0_023_multi_institutional_centres_on_materials_for_energy_conservation_and_storage_platform_mecsp___2017,Shailly Tomar,"['Shailly Tomar', 'V Devadas', 'Ram Sateesh Pasupuleti', 'Pravindra Kumar', 'Prabhat Kumar Mandal']"
v0_023_multi_institutional_centres_on_materials_for_energy_conservation_and_storage_platform_mecsp___2017,Shri Ram Yadav,"['Shri Ram Yadav', 'V Devadas', 'Ram Sateesh Pasupuleti', 'Pravindra Kumar', 'Prabhat Kumar Mandal']"
v0_023_multi_institutional_centres_on_materials_for_energy_conservation_and_storage_platform_mecsp___2017,Soma Rohatgi,"['Soma Rohatgi', 'V Devadas', 'Ram Sateesh Pasupuleti', 'Pravindra Kumar', 'Prabhat Kumar Mandal']"
v0_023_multi_institutional_centres_on_materials_for_energy_conservation_and_storage_platform_mecsp___2017,Sachin Suresh Tiwari,"['Sachin Suresh Tiwari', 'V Devadas', 'Ram Sateesh Pasupuleti', 'Pravindra Kumar', 'Prabhat Kumar Mandal']"
v0_023_multi_institutional_centres_on_materials_for_energy_conservation_and_storage_platform_mecsp___2017,Jitin Singla,"['Jitin Singla', 'V Devadas', 'Ram Sateesh Pasupuleti', 'Pravindra Kumar', 'Prabhat Kumar Mandal']"
v0_023_multi_institutional_centres_on_materials_for_energy_conservation_and_storage_platform_mecsp___2017,Rajesh Kumar,"['Rajesh Kumar', 'V Devadas', 'Ram Sateesh Pasupuleti', 'Pravindra Kumar', 'Prabhat Kumar Mandal']"
v0_023_multi_institutional_centres_on_materials_for_energy_conservation_and_storage_platform_mecsp___2017,Akhil Upadhyay,"['Akhil Upadhyay', 'V Devadas', 'Ram Sateesh Pasupuleti', 'Pravindra Kumar', 'Prabhat Kumar Mandal']"
v0_024_interdisciplinary_cyber_physical_systems_icps_division_detailed_call_for_proposals_cfp_on_quantum_information_science_and_technology_qust_programme,Arindam Biswas,"['Arindam Biswas', 'Pravindra Kumar', 'Prabhat Kumar Mandal', 'Partha Roy', 'P Gopinath']"
v0_024_interdisciplinary_cyber_physical_systems_icps_division_detailed_call_for_proposals_cfp_on_quantum_information_science_and_technology_qust_programme,Avlokita Agrawal,"['Avlokita Agrawal', 'Pravindra Kumar', 'Prabhat Kumar Mandal', 'Partha Roy', 'P Gopinath']"
v0_024_interdisciplinary_cyber_physical_systems_icps_division_detailed_call_for_proposals_cfp_on_quantum_information_science_and_technology_qust_programme,Gaurav Raheja,"['Gaurav Raheja', 'Pravindra Kumar', 'Prabhat Kumar Mandal', 'Partha Roy', 'P Gopinath']"
v0_024_interdisciplinary_cyber_physical_systems_icps_division_detailed_call_for_proposals_cfp_on_quantum_information_science_and_technology_qust_programme,Harshit Sosan Lakra,"['Harshit Sosan Lakra', 'Pravindra Kumar', 'Prabhat Kumar Mandal', 'Partha Roy', 'P Gopinath']"
v0_024_interdisciplinary_cyber_physical_systems_icps_division_detailed_call_for_proposals_cfp_on_quantum_information_science_and_technology_qust_programme,Mahua Mukherjee,"['Mahua Mukherjee', 'Pravindra Kumar', 'Prabhat Kumar Mandal', 'Partha Roy', 'P Gopinath']"
v0_024_interdisciplinary_cyber_physical_systems_icps_division_detailed_call_for_proposals_cfp_on_quantum_information_science_and_technology_qust_programme,Prabhjot Singh Chani,"['Prabhjot Singh Chani', 'Pravindra Kumar', 'Prabhat Kumar Mandal', 'Partha Roy', 'P Gopinath']"
v0_024_interdisciplinary_cyber_physical_systems_icps_division_detailed_call_for_proposals_cfp_on_quantum_information_science_and_technology_qust_programme,E Rajasekar,"['E Rajasekar', 'Pravindra Kumar', 'Prabhat Kumar Mandal', 'Partha Roy', 'P Gopinath']"
v0_024_interdisciplinary_cyber_physical_systems_icps_division_detailed_call_for_proposals_cfp_on_quantum_information_science_and_technology_qust_programme,Ram Sateesh Pasupuleti,"['Ram Sateesh Pasupuleti', 'Pravindra Kumar', 'Prabhat Kumar Mandal', 'Partha Roy', 'P Gopinath']"
v0_024_interdisciplinary_cyber_physical_systems_icps_division_detailed_call_for_proposals_cfp_on_quantum_information_science_and_technology_qust_programme,Saptarshi Kolay,"['Saptarshi Kolay', 'Pravindra Kumar', 'Prabhat Kumar Mandal', 'Partha Roy', 'P Gopinath']"
v0_024_interdisciplinary_cyber_physical_systems_icps_division_detailed_call_for_proposals_cfp_on_quantum_information_science_and_technology_qust_programme,Shubhajit Sadhukhan,"['Shubhajit Sadhukhan', 'Pravindra Kumar', 'Prabhat Kumar Mandal', 'Partha Roy', 'P Gopinath']"
v0_024_interdisciplinary_cyber_physical_systems_icps_division_detailed_call_for_proposals_cfp_on_quantum_information_science_and_technology_qust_programme,Smriti Saraswat,"['Smriti Saraswat', 'Pravindra Kumar', 'Prabhat Kumar Mandal', 'Partha Roy', 'P Gopinath']"
v0_024_interdisciplinary_cyber_physical_systems_icps_division_detailed_call_for_proposals_cfp_on_quantum_information_science_and_technology_qust_programme,Sonal Atreya,"['Sonal Atreya', 'Pravindra Kumar', 'Prabhat Kumar Mandal', 'Partha Roy', 'P Gopinath']"
v0_024_interdisciplinary_cyber_physical_systems_icps_division_detailed_call_for_proposals_cfp_on_quantum_information_science_and_technology_qust_programme,Tina Pujara,"['Tina Pujara', 'Pravindra Kumar', 'Prabhat Kumar Mandal', 'Partha Roy', 'P Gopinath']"
v0_024_interdisciplinary_cyber_physical_systems_icps_division_detailed_call_for_proposals_cfp_on_quantum_information_science_and_technology_qust_programme,Uttam Kumar Roy,"['Uttam Kumar Roy', 'Pravindra Kumar', 'Prabhat Kumar Mandal', 'Partha Roy', 'P Gopinath']"
v0_024_interdisciplinary_cyber_physical_systems_icps_division_detailed_call_for_proposals_cfp_on_quantum_information_science_and_technology_qust_programme,V Devadas,"['V Devadas', 'Pravindra Kumar', 'Prabhat Kumar Mandal', 'Partha Roy', 'P Gopinath']"
v0_024_interdisciplinary_cyber_physical_systems_icps_division_detailed_call_for_proposals_cfp_on_quantum_information_science_and_technology_qust_programme,Jaydev Dabas,"['Jaydev Dabas', 'Pravindra Kumar', 'Prabhat Kumar Mandal', 'Partha Roy', 'P Gopinath']"
v0_024_interdisciplinary_cyber_physical_systems_icps_division_detailed_call_for_proposals_cfp_on_quantum_information_science_and_technology_qust_programme,Millie Pant,"['Millie Pant', 'Pravindra Kumar', 'Prabhat Kumar Mandal', 'Partha Roy', 'P Gopinath']"
v0_024_interdisciplinary_cyber_physical_systems_icps_division_detailed_call_for_proposals_cfp_on_quantum_information_science_and_technology_qust_programme,Rajan Arora,"['Rajan Arora', 'Pravindra Kumar', 'Prabhat Kumar Mandal', 'Partha Roy', 'P Gopinath']"
v0_024_interdisciplinary_cyber_physical_systems_icps_division_detailed_call_for_proposals_cfp_on_quantum_information_science_and_technology_qust_programme,Ashwani Kumar Sharma,"['Ashwani Kumar Sharma', 'Pravindra Kumar', 'Prabhat Kumar Mandal', 'Partha Roy', 'P Gopinath']"
v0_024_interdisciplinary_cyber_physical_systems_icps_division_detailed_call_for_proposals_cfp_on_quantum_information_science_and_technology_qust_programme,Bijan Choudhury,"['Bijan Choudhury', 'Pravindra Kumar', 'Prabhat Kumar Mandal', 'Partha Roy', 'P Gopinath']"
v0_024_interdisciplinary_cyber_physical_systems_icps_division_detailed_call_for_proposals_cfp_on_quantum_information_science_and_technology_qust_programme,Debabrata Sircar,"['Debabrata Sircar', 'Pravindra Kumar', 'Prabhat Kumar Mandal', 'Partha Roy', 'P Gopinath']"
v0_024_interdisciplinary_cyber_physical_systems_icps_division_detailed_call_for_proposals_cfp_on_quantum_information_science_and_technology_qust_programme,Deepak Sharma,"['Deepak Sharma', 'Pravindra Kumar', 'Prabhat Kumar Mandal', 'Partha Roy', 'P Gopinath']"
v0_024_interdisciplinary_cyber_physical_systems_icps_division_detailed_call_for_proposals_cfp_on_quantum_information_science_and_technology_qust_programme,P Gopinath,"['P Gopinath', 'Pravindra Kumar', 'Prabhat Kumar Mandal', 'Partha Roy', 'N K Navani']"
v0_024_interdisciplinary_cyber_physical_systems_icps_division_detailed_call_for_proposals_cfp_on_quantum_information_science_and_technology_qust_programme,Harsh Chauhan,"['Harsh Chauhan', 'Pravindra Kumar', 'Prabhat Kumar Mandal', 'Partha Roy', 'P Gopinath']"
v0_024_interdisciplinary_cyber_physical_systems_icps_division_detailed_call_for_proposals_cfp_on_quantum_information_science_and_technology_qust_programme,Srinivas Kiran Ambatipudi,"['Srinivas Kiran Ambatipudi', 'Pravindra Kumar', 'Prabhat Kumar Mandal', 'Partha Roy', 'P Gopinath']"
v0_024_interdisciplinary_cyber_physical_systems_icps_division_detailed_call_for_proposals_cfp_on_quantum_information_science_and_technology_qust_programme,Krishna Mohan Poluri,"['Krishna Mohan Poluri', 'Pravindra Kumar', 'Prabhat Kumar Mandal', 'Partha Roy', 'P Gopinath']"
v0_024_interdisciplinary_cyber_physical_systems_icps_division_detailed_call_for_proposals_cfp_on_quantum_information_science_and_technology_qust_programme,Maya S.Nair,"['Maya S.Nair', 'Pravindra Kumar', 'Prabhat Kumar Mandal', 'Partha Roy', 'P Gopinath']"
v0_024_interdisciplinary_cyber_physical_systems_icps_division_detailed_call_for_proposals_cfp_on_quantum_information_science_and_technology_qust_programme,N K Navani,"['N K Navani', 'Pravindra Kumar', 'Prabhat Kumar Mandal', 'Partha Roy', 'P Gopinath']"
v0_024_interdisciplinary_cyber_physical_systems_icps_division_detailed_call_for_proposals_cfp_on_quantum_information_science_and_technology_qust_programme,Partha Roy,"['Partha Roy', 'Pravindra Kumar', 'Prabhat Kumar Mandal', 'P Gopinath', 'N K Navani']"
v0_024_interdisciplinary_cyber_physical_systems_icps_division_detailed_call_for_proposals_cfp_on_quantum_information_science_and_technology_qust_programme,Poonam Choudhary,"['Poonam Choudhary', 'Pravindra Kumar', 'Prabhat Kumar Mandal', 'Partha Roy', 'P Gopinath']"
v0_024_interdisciplinary_cyber_physical_systems_icps_division_detailed_call_for_proposals_cfp_on_quantum_information_science_and_technology_qust_programme,Prabhat Kumar Mandal,"['Prabhat Kumar Mandal', 'Pravindra Kumar', 'Partha Roy', 'P Gopinath', 'N K Navani']"
v0_024_interdisciplinary_cyber_physical_systems_icps_division_detailed_call_for_proposals_cfp_on_quantum_information_science_and_technology_qust_programme,Pranita P Sarangi,"['Pranita P Sarangi', 'Pravindra Kumar', 'Prabhat Kumar Mandal', 'Partha Roy', 'P Gopinath']"
v0_024_interdisciplinary_cyber_physical_systems_icps_division_detailed_call_for_proposals_cfp_on_quantum_information_science_and_technology_qust_programme,Pravindra Kumar,"['Pravindra Kumar', 'Prabhat Kumar Mandal', 'Partha Roy', 'P Gopinath', 'N K Navani']"
v0_024_interdisciplinary_cyber_physical_systems_icps_division_detailed_call_for_proposals_cfp_on_quantum_information_science_and_technology_qust_programme,Prince Tiwari,"['Prince Tiwari', 'Pravindra Kumar', 'Prabhat Kumar Mandal', 'Partha Roy', 'P Gopinath']"
v0_024_interdisciplinary_cyber_physical_systems_icps_division_detailed_call_for_proposals_cfp_on_quantum_information_science_and_technology_qust_programme,R. P. Singh,"['R. P. Singh', 'Pravindra Kumar', 'Prabhat Kumar Mandal', 'Partha Roy', 'P Gopinath']"
v0_024_interdisciplinary_cyber_physical_systems_icps_division_detailed_call_for_proposals_cfp_on_quantum_information_science_and_technology_qust_programme,Ramasare Prasad,"['Ramasare Prasad', 'Pravindra Kumar', 'Prabhat Kumar Mandal', 'Partha Roy', 'P Gopinath']"
v0_024_interdisciplinary_cyber_physical_systems_icps_division_detailed_call_for_proposals_cfp_on_quantum_information_science_and_technology_qust_programme,Ranjana Pathania,"['Ranjana Pathania', 'Pravindra Kumar', 'Prabhat Kumar Mandal', 'Partha Roy', 'P Gopinath']"
v0_024_interdisciplinary_cyber_physical_systems_icps_division_detailed_call_for_proposals_cfp_on_quantum_information_science_and_technology_qust_programme,Sanjoy Ghosh,"['Sanjoy Ghosh', 'Pravindra Kumar', 'Prabhat Kumar Mandal', 'Partha Roy', 'P Gopinath']"
v0_024_interdisciplinary_cyber_physical_systems_icps_division_detailed_call_for_proposals_cfp_on_quantum_information_science_and_technology_qust_programme,Saugata Hazra,"['Saugata Hazra', 'Pravindra Kumar', 'Prabhat Kumar Mandal', 'Partha Roy', 'P Gopinath']"
v0_024_interdisciplinary_cyber_physical_systems_icps_division_detailed_call_for_proposals_cfp_on_quantum_information_science_and_technology_qust_programme,Shailly Tomar,"['Shailly Tomar', 'Pravindra Kumar', 'Prabhat Kumar Mandal', 'Partha Roy', 'P Gopinath']"
v0_024_interdisciplinary_cyber_physical_systems_icps_division_detailed_call_for_proposals_cfp_on_quantum_information_science_and_technology_qust_programme,Shri Ram Yadav,"['Shri Ram Yadav', 'Pravindra Kumar', 'Prabhat Kumar Mandal', 'Partha Roy', 'P Gopinath']"
v0_024_interdisciplinary_cyber_physical_systems_icps_division_detailed_call_for_proposals_cfp_on_quantum_information_science_and_technology_qust_programme,Soma Rohatgi,"['Soma Rohatgi', 'Pravindra Kumar', 'Prabhat Kumar Mandal', 'Partha Roy', 'P Gopinath']"
v0_024_interdisciplinary_cyber_physical_systems_icps_division_detailed_call_for_proposals_cfp_on_quantum_information_science_and_technology_qust_programme,Sachin Suresh Tiwari,"['Sachin Suresh Tiwari', 'Pravindra Kumar', 'Prabhat Kumar Mandal', 'Partha Roy', 'P Gopinath']"
v0_024_interdisciplinary_cyber_physical_systems_icps_division_detailed_call_for_proposals_cfp_on_quantum_information_science_and_technology_qust_programme,Jitin Singla,"['Jitin Singla', 'Pravindra Kumar', 'Prabhat Kumar Mandal', 'Partha Roy', 'P Gopinath']"
v0_024_interdisciplinary_cyber_physical_systems_icps_division_detailed_call_for_proposals_cfp_on_quantum_information_science_and_technology_qust_programme,Rajesh Kumar,"['Rajesh Kumar', 'Pravindra Kumar', 'Prabhat Kumar Mandal', 'Partha Roy', 'P Gopinath']"
v0_024_interdisciplinary_cyber_physical_systems_icps_division_detailed_call_for_proposals_cfp_on_quantum_information_science_and_technology_qust_programme,Akhil Upadhyay,"['Akhil Upadhyay', 'Pravindra Kumar', 'Prabhat Kumar Mandal', 'Partha Roy', 'P Gopinath']"
v0_025_dst_daad_joint_call_2017_recommended_projects,Arindam Biswas,"['Arindam Biswas', 'Pranita P Sarangi', 'Millie Pant']"
v0_025_dst_daad_joint_call_2017_recommended_projects,Avlokita Agrawal,"['Avlokita Agrawal', 'Pranita P Sarangi', 'Millie Pant']"
v0_025_dst_daad_joint_call_2017_recommended_projects,Gaurav Raheja,"['Gaurav Raheja', 'Pranita P Sarangi', 'Millie Pant']"
v0_025_dst_daad_joint_call_2017_recommended_projects,Harshit Sosan Lakra,"['Harshit Sosan Lakra', 'Pranita P Sarangi', 'Millie Pant']"
v0_025_dst_daad_joint_call_2017_recommended_projects,Mahua Mukherjee,"['Mahua Mukherjee', 'Pranita P Sarangi', 'Millie Pant']"
v0_025_dst_daad_joint_call_2017_recommended_projects,Prabhjot Singh Chani,"['Prabhjot Singh Chani', 'Pranita P Sarangi', 'Millie Pant']"
v0_025_dst_daad_joint_call_2017_recommended_projects,E Rajasekar,"['E Rajasekar', 'Pranita P Sarangi', 'Millie Pant']"
v0_025_dst_daad_joint_call_2017_recommended_projects,Ram Sateesh Pasupuleti,"['Ram Sateesh Pasupuleti', 'Pranita P Sarangi', 'Millie Pant']"
v0_025_dst_daad_joint_call_2017_recommended_projects,Saptarshi Kolay,"['Saptarshi Kolay', 'Pranita P Sarangi', 'Millie Pant']"
v0_025_dst_daad_joint_call_2017_recommended_projects,Shubhajit Sadhukhan,"['Shubhajit Sadhukhan', 'Pranita P Sarangi', 'Millie Pant']"
v0_025_dst_daad_joint_call_2017_recommended_projects,Smriti Saraswat,"['Smriti Saraswat', 'Pranita P Sarangi', 'Millie Pant']"
v0_025_dst_daad_joint_call_2017_recommended_projects,Sonal Atreya,"['Sonal Atreya', 'Pranita P Sarangi', 'Millie Pant']"
v0_025_dst_daad_joint_call_2017_recommended_projects,Tina Pujara,"['Tina Pujara', 'Pranita P Sarangi', 'Millie Pant']"
v0_025_dst_daad_joint_call_2017_recommended_projects,Uttam Kumar Roy,"['Uttam Kumar Roy', 'Pranita P Sarangi', 'Millie Pant']"
v0_025_dst_daad_joint_call_2017_recommended_projects,V Devadas,"['V Devadas', 'Pranita P Sarangi', 'Millie Pant']"
v0_025_dst_daad_joint_call_2017_recommended_projects,Jaydev Dabas,"['Jaydev Dabas', 'Pranita P Sarangi', 'Millie Pant']"
v0_025_dst_daad_joint_call_2017_recommended_projects,Millie Pant,"['Millie Pant', 'Pranita P Sarangi']"
v0_025_dst_daad_joint_call_2017_recommended_projects,Rajan Arora,"['Rajan Arora', 'Pranita P Sarangi', 'Millie Pant']"
v0_025_dst_daad_joint_call_2017_recommended_projects,Ashwani Kumar Sharma,"['Ashwani Kumar Sharma', 'Pranita P Sarangi', 'Millie Pant']"
v0_025_dst_daad_joint_call_2017_recommended_projects,Bijan Choudhury,"['Bijan Choudhury', 'Pranita P Sarangi', 'Millie Pant']"
v0_025_dst_daad_joint_call_2017_recommended_projects,Debabrata Sircar,"['Debabrata Sircar', 'Pranita P Sarangi', 'Millie Pant']"
v0_025_dst_daad_joint_call_2017_recommended_projects,Deepak Sharma,"['Deepak Sharma', 'Pranita P Sarangi', 'Millie Pant']"
v0_025_dst_daad_joint_call_2017_recommended_projects,P Gopinath,"['P Gopinath', 'Pranita P Sarangi', 'Millie Pant']"
v0_025_dst_daad_joint_call_2017_recommended_projects,Harsh Chauhan,"['Harsh Chauhan', 'Pranita P Sarangi', 'Millie Pant']"
v0_025_dst_daad_joint_call_2017_recommended_projects,Srinivas Kiran Ambatipudi,"['Srinivas Kiran Ambatipudi', 'Pranita P Sarangi', 'Millie Pant']"
v0_025_dst_daad_joint_call_2017_recommended_projects,Krishna Mohan Poluri,"['Krishna Mohan Poluri', 'Pranita P Sarangi', 'Millie Pant']"
v0_025_dst_daad_joint_call_2017_recommended_projects,Maya S.Nair,"['Maya S.Nair', 'Pranita P Sarangi', 'Millie Pant']"
v0_025_dst_daad_joint_call_2017_recommended_projects,N K Navani,"['N K Navani', 'Pranita P Sarangi', 'Millie Pant']"
v0_025_dst_daad_joint_call_2017_recommended_projects,Partha Roy,"['Partha Roy', 'Pranita P Sarangi', 'Millie Pant']"
v0_025_dst_daad_joint_call_2017_recommended_projects,Poonam Choudhary,"['Poonam Choudhary', 'Pranita P Sarangi', 'Millie Pant']"
v0_025_dst_daad_joint_call_2017_recommended_projects,Prabhat Kumar Mandal,"['Prabhat Kumar Mandal', 'Pranita P Sarangi', 'Millie Pant']"
v0_025_dst_daad_joint_call_2017_recommended_projects,Pranita P Sarangi,"['Pranita P Sarangi', 'Millie Pant']"
v0_025_dst_daad_joint_call_2017_recommended_projects,Pravindra Kumar,"['Pravindra Kumar', 'Pranita P Sarangi', 'Millie Pant']"
v0_025_dst_daad_joint_call_2017_recommended_projects,Prince Tiwari,"['Prince Tiwari', 'Pranita P Sarangi', 'Millie Pant']"
v0_025_dst_daad_joint_call_2017_recommended_projects,R. P. Singh,"['R. P. Singh', 'Pranita P Sarangi', 'Millie Pant']"
v0_025_dst_daad_joint_call_2017_recommended_projects,Ramasare Prasad,"['Ramasare Prasad', 'Pranita P Sarangi', 'Millie Pant']"
v0_025_dst_daad_joint_call_2017_recommended_projects,Ranjana Pathania,"['Ranjana Pathania', 'Pranita P Sarangi', 'Millie Pant']"
v0_025_dst_daad_joint_call_2017_recommended_projects,Sanjoy Ghosh,"['Sanjoy Ghosh', 'Pranita P Sarangi', 'Millie Pant']"
v0_025_dst_daad_joint_call_2017_recommended_projects,Saugata Hazra,"['Saugata Hazra', 'Pranita P Sarangi', 'Millie Pant']"
v0_025_dst_daad_joint_call_2017_recommended_projects,Shailly Tomar,"['Shailly Tomar', 'Pranita P Sarangi', 'Millie Pant']"
v0_025_dst_daad_joint_call_2017_recommended_projects,Shri Ram Yadav,"['Shri Ram Yadav', 'Pranita P Sarangi', 'Millie Pant']"
v0_025_dst_daad_joint_call_2017_recommended_projects,Soma Rohatgi,"['Soma Rohatgi', 'Pranita P Sarangi', 'Millie Pant']"
v0_025_dst_daad_joint_call_2017_recommended_projects,Sachin Suresh Tiwari,"['Sachin Suresh Tiwari', 'Pranita P Sarangi', 'Millie Pant']"
v0_025_dst_daad_joint_call_2017_recommended_projects,Jitin Singla,"['Jitin Singla', 'Pranita P Sarangi', 'Millie Pant']"
v0_025_dst_daad_joint_call_2017_recommended_projects,Rajesh Kumar,"['Rajesh Kumar', 'Pranita P Sarangi', 'Millie Pant']"
v0_025_dst_daad_joint_call_2017_recommended_projects,Akhil Upadhyay,"['Akhil Upadhyay', 'Pranita P Sarangi', 'Millie Pant']"
v0_026_3rd_information__networking_event_eu_india_call_on_water,Arindam Biswas,"['Arindam Biswas', 'Uttam Kumar Roy', 'Saugata Hazra', 'Sachin Suresh Tiwari', 'R. P. Singh']"
v0_026_3rd_information__networking_event_eu_india_call_on_water,Avlokita Agrawal,"['Avlokita Agrawal', 'Uttam Kumar Roy', 'Saugata Hazra', 'Sachin Suresh Tiwari', 'R. P. Singh']"
v0_026_3rd_information__networking_event_eu_india_call_on_water,Gaurav Raheja,"['Gaurav Raheja', 'Uttam Kumar Roy', 'Saugata Hazra', 'Sachin Suresh Tiwari', 'R. P. Singh']"
v0_026_3rd_information__networking_event_eu_india_call_on_water,Harshit Sosan Lakra,"['Harshit Sosan Lakra', 'Uttam Kumar Roy', 'Saugata Hazra', 'Sachin Suresh Tiwari', 'R. P. Singh']"
v0_026_3rd_information__networking_event_eu_india_call_on_water,Mahua Mukherjee,"['Mahua Mukherjee', 'Uttam Kumar Roy', 'Saugata Hazra', 'Sachin Suresh Tiwari', 'R. P. Singh']"
v0_026_3rd_information__networking_event_eu_india_call_on_water,Prabhjot Singh Chani,"['Prabhjot Singh Chani', 'Uttam Kumar Roy', 'Saugata Hazra', 'Sachin Suresh Tiwari', 'R. P. Singh']"
v0_026_3rd_information__networking_event_eu_india_call_on_water,E Rajasekar,"['E Rajasekar', 'Uttam Kumar Roy', 'Saugata Hazra', 'Sachin Suresh Tiwari', 'R. P. Singh']"
v0_026_3rd_information__networking_event_eu_india_call_on_water,Ram Sateesh Pasupuleti,"['Ram Sateesh Pasupuleti', 'Uttam Kumar Roy', 'Saugata Hazra', 'Sachin Suresh Tiwari', 'R. P. Singh']"
v0_026_3rd_information__networking_event_eu_india_call_on_water,Saptarshi Kolay,"['Saptarshi Kolay', 'Uttam Kumar Roy', 'Saugata Hazra', 'Sachin Suresh Tiwari', 'R. P. Singh']"
v0_026_3rd_information__networking_event_eu_india_call_on_water,Shubhajit Sadhukhan,"['Shubhajit Sadhukhan', 'Uttam Kumar Roy', 'Saugata Hazra', 'Sachin Suresh Tiwari', 'R. P. Singh']"
v0_026_3rd_information__networking_event_eu_india_call_on_water,Smriti Saraswat,"['Smriti Saraswat', 'Uttam Kumar Roy', 'Saugata Hazra', 'Sachin Suresh Tiwari', 'R. P. Singh']"
v0_026_3rd_information__networking_event_eu_india_call_on_water,Sonal Atreya,"['Sonal Atreya', 'Uttam Kumar Roy', 'Saugata Hazra', 'Sachin Suresh Tiwari', 'R. P. Singh']"
v0_026_3rd_information__networking_event_eu_india_call_on_water,Tina Pujara,"['Tina Pujara', 'Uttam Kumar Roy', 'Saugata Hazra', 'Sachin Suresh Tiwari', 'R. P. Singh']"
v0_026_3rd_information__networking_event_eu_india_call_on_water,Uttam Kumar Roy,"['Uttam Kumar Roy', 'Saugata Hazra', 'Sachin Suresh Tiwari', 'R. P. Singh']"
v0_026_3rd_information__networking_event_eu_india_call_on_water,V Devadas,"['V Devadas', 'Uttam Kumar Roy', 'Saugata Hazra', 'Sachin Suresh Tiwari', 'R. P. Singh']"
v0_026_3rd_information__networking_event_eu_india_call_on_water,Jaydev Dabas,"['Jaydev Dabas', 'Uttam Kumar Roy', 'Saugata Hazra', 'Sachin Suresh Tiwari', 'R. P. Singh']"
v0_026_3rd_information__networking_event_eu_india_call_on_water,Millie Pant,"['Millie Pant', 'Uttam Kumar Roy', 'Saugata Hazra', 'Sachin Suresh Tiwari', 'R. P. Singh']"
v0_026_3rd_information__networking_event_eu_india_call_on_water,Rajan Arora,"['Rajan Arora', 'Uttam Kumar Roy', 'Saugata Hazra', 'Sachin Suresh Tiwari', 'R. P. Singh']"
v0_026_3rd_information__networking_event_eu_india_call_on_water,Ashwani Kumar Sharma,"['Ashwani Kumar Sharma', 'Uttam Kumar Roy', 'Saugata Hazra', 'Sachin Suresh Tiwari', 'R. P. Singh']"
v0_026_3rd_information__networking_event_eu_india_call_on_water,Bijan Choudhury,"['Bijan Choudhury', 'Uttam Kumar Roy', 'Saugata Hazra', 'Sachin Suresh Tiwari', 'R. P. Singh']"
v0_026_3rd_information__networking_event_eu_india_call_on_water,Debabrata Sircar,"['Debabrata Sircar', 'Uttam Kumar Roy', 'Saugata Hazra', 'Sachin Suresh Tiwari', 'R. P. Singh']"
v0_026_3rd_information__networking_event_eu_india_call_on_water,Deepak Sharma,"['Deepak Sharma', 'Uttam Kumar Roy', 'Saugata Hazra', 'Sachin Suresh Tiwari', 'R. P. Singh']"
v0_026_3rd_information__networking_event_eu_india_call_on_water,P Gopinath,"['P Gopinath', 'Uttam Kumar Roy', 'Saugata Hazra', 'Sachin Suresh Tiwari', 'R. P. Singh']"
v0_026_3rd_information__networking_event_eu_india_call_on_water,Harsh Chauhan,"['Harsh Chauhan', 'Uttam Kumar Roy', 'Saugata Hazra', 'Sachin Suresh Tiwari', 'R. P. Singh']"
v0_026_3rd_information__networking_event_eu_india_call_on_water,Srinivas Kiran Ambatipudi,"['Srinivas Kiran Ambatipudi', 'Uttam Kumar Roy', 'Saugata Hazra', 'Sachin Suresh Tiwari', 'R. P. Singh']"
v0_026_3rd_information__networking_event_eu_india_call_on_water,Krishna Mohan Poluri,"['Krishna Mohan Poluri', 'Uttam Kumar Roy', 'Saugata Hazra', 'Sachin Suresh Tiwari', 'R. P. Singh']"
v0_026_3rd_information__networking_event_eu_india_call_on_water,Maya S.Nair,"['Maya S.Nair', 'Uttam Kumar Roy', 'Saugata Hazra', 'Sachin Suresh Tiwari', 'R. P. Singh']"
v0_026_3rd_information__networking_event_eu_india_call_on_water,N K Navani,"['N K Navani', 'Uttam Kumar Roy', 'Saugata Hazra', 'Sachin Suresh Tiwari', 'R. P. Singh']"
v0_026_3rd_information__networking_event_eu_india_call_on_water,Partha Roy,"['Partha Roy', 'Uttam Kumar Roy', 'Saugata Hazra', 'Sachin Suresh Tiwari', 'R. P. Singh']"
v0_026_3rd_information__networking_event_eu_india_call_on_water,Poonam Choudhary,"['Poonam Choudhary', 'Uttam Kumar Roy', 'Saugata Hazra', 'Sachin Suresh Tiwari', 'R. P. Singh']"
v0_026_3rd_information__networking_event_eu_india_call_on_water,Prabhat Kumar Mandal,"['Prabhat Kumar Mandal', 'Uttam Kumar Roy', 'Saugata Hazra', 'Sachin Suresh Tiwari', 'R. P. Singh']"
v0_026_3rd_information__networking_event_eu_india_call_on_water,Pranita P Sarangi,"['Pranita P Sarangi', 'Uttam Kumar Roy', 'Saugata Hazra', 'Sachin Suresh Tiwari', 'R. P. Singh']"
v0_026_3rd_information__networking_event_eu_india_call_on_water,Pravindra Kumar,"['Pravindra Kumar', 'Uttam Kumar Roy', 'Saugata Hazra', 'Sachin Suresh Tiwari', 'R. P. Singh']"
v0_026_3rd_information__networking_event_eu_india_call_on_water,Prince Tiwari,"['Prince Tiwari', 'Uttam Kumar Roy', 'Saugata Hazra', 'Sachin Suresh Tiwari', 'R. P. Singh']"
v0_026_3rd_information__networking_event_eu_india_call_on_water,R. P. Singh,"['R. P. Singh', 'Uttam Kumar Roy', 'Saugata Hazra', 'Sachin Suresh Tiwari']"
v0_026_3rd_information__networking_event_eu_india_call_on_water,Ramasare Prasad,"['Ramasare Prasad', 'Uttam Kumar Roy', 'Saugata Hazra', 'Sachin Suresh Tiwari', 'R. P. Singh']"
v0_026_3rd_information__networking_event_eu_india_call_on_water,Ranjana Pathania,"['Ranjana Pathania', 'Uttam Kumar Roy', 'Saugata Hazra', 'Sachin Suresh Tiwari', 'R. P. Singh']"
v0_026_3rd_information__networking_event_eu_india_call_on_water,Sanjoy Ghosh,"['Sanjoy Ghosh', 'Uttam Kumar Roy', 'Saugata Hazra', 'Sachin Suresh Tiwari', 'R. P. Singh']"
v0_026_3rd_information__networking_event_eu_india_call_on_water,Saugata Hazra,"['Saugata Hazra', 'Uttam Kumar Roy', 'Sachin Suresh Tiwari', 'R. P. Singh']"
v0_026_3rd_information__networking_event_eu_india_call_on_water,Shailly Tomar,"['Shailly Tomar', 'Uttam Kumar Roy', 'Saugata Hazra', 'Sachin Suresh Tiwari', 'R. P. Singh']"
v0_026_3rd_information__networking_event_eu_india_call_on_water,Shri Ram Yadav,"['Shri Ram Yadav', 'Uttam Kumar Roy', 'Saugata Hazra', 'Sachin Suresh Tiwari', 'R. P. Singh']"
v0_026_3rd_information__networking_event_eu_india_call_on_water,Soma Rohatgi,"['Soma Rohatgi', 'Uttam Kumar Roy', 'Saugata Hazra', 'Sachin Suresh Tiwari', 'R. P. Singh']"
v0_026_3rd_information__networking_event_eu_india_call_on_water,Sachin Suresh Tiwari,"['Sachin Suresh Tiwari', 'Uttam Kumar Roy', 'Saugata Hazra', 'R. P. Singh']"
v0_026_3rd_information__networking_event_eu_india_call_on_water,Jitin Singla,"['Jitin Singla', 'Uttam Kumar Roy', 'Saugata Hazra', 'Sachin Suresh Tiwari', 'R. P. Singh']"
v0_026_3rd_information__networking_event_eu_india_call_on_water,Rajesh Kumar,"['Rajesh Kumar', 'Uttam Kumar Roy', 'Saugata Hazra', 'Sachin Suresh Tiwari', 'R. P. Singh']"
v0_026_3rd_information__networking_event_eu_india_call_on_water,Akhil Upadhyay,"['Akhil Upadhyay', 'Uttam Kumar Roy', 'Saugata Hazra', 'Sachin Suresh Tiwari', 'R. P. Singh']"
v0_027_4th_information__networking_event_eu_india_call_on_water,Arindam Biswas,"['Arindam Biswas', 'Srinivas Kiran Ambatipudi', 'Smriti Saraswat', 'Shailly Tomar', 'Saugata Hazra']"
v0_027_4th_information__networking_event_eu_india_call_on_water,Avlokita Agrawal,"['Avlokita Agrawal', 'Srinivas Kiran Ambatipudi', 'Smriti Saraswat', 'Shailly Tomar', 'Saugata Hazra']"
v0_027_4th_information__networking_event_eu_india_call_on_water,Gaurav Raheja,"['Gaurav Raheja', 'Srinivas Kiran Ambatipudi', 'Smriti Saraswat', 'Shailly Tomar', 'Saugata Hazra']"
v0_027_4th_information__networking_event_eu_india_call_on_water,Harshit Sosan Lakra,"['Harshit Sosan Lakra', 'Srinivas Kiran Ambatipudi', 'Smriti Saraswat', 'Shailly Tomar', 'Saugata Hazra']"
v0_027_4th_information__networking_event_eu_india_call_on_water,Mahua Mukherjee,"['Mahua Mukherjee', 'Srinivas Kiran Ambatipudi', 'Smriti Saraswat', 'Shailly Tomar', 'Saugata Hazra']"
v0_027_4th_information__networking_event_eu_india_call_on_water,Prabhjot Singh Chani,"['Prabhjot Singh Chani', 'Srinivas Kiran Ambatipudi', 'Smriti Saraswat', 'Shailly Tomar', 'Saugata Hazra']"
v0_027_4th_information__networking_event_eu_india_call_on_water,E Rajasekar,"['E Rajasekar', 'Srinivas Kiran Ambatipudi', 'Smriti Saraswat', 'Shailly Tomar', 'Saugata Hazra']"
v0_027_4th_information__networking_event_eu_india_call_on_water,Ram Sateesh Pasupuleti,"['Ram Sateesh Pasupuleti', 'Srinivas Kiran Ambatipudi', 'Smriti Saraswat', 'Shailly Tomar', 'Saugata Hazra']"
v0_027_4th_information__networking_event_eu_india_call_on_water,Saptarshi Kolay,"['Saptarshi Kolay', 'Srinivas Kiran Ambatipudi', 'Smriti Saraswat', 'Shailly Tomar', 'Saugata Hazra']"
v0_027_4th_information__networking_event_eu_india_call_on_water,Shubhajit Sadhukhan,"['Shubhajit Sadhukhan', 'Srinivas Kiran Ambatipudi', 'Smriti Saraswat', 'Shailly Tomar', 'Saugata Hazra']"
v0_027_4th_information__networking_event_eu_india_call_on_water,Smriti Saraswat,"['Smriti Saraswat', 'Srinivas Kiran Ambatipudi', 'Shailly Tomar', 'Saugata Hazra', 'Saptarshi Kolay']"
v0_027_4th_information__networking_event_eu_india_call_on_water,Sonal Atreya,"['Sonal Atreya', 'Srinivas Kiran Ambatipudi', 'Smriti Saraswat', 'Shailly Tomar', 'Saugata Hazra']"
v0_027_4th_information__networking_event_eu_india_call_on_water,Tina Pujara,"['Tina Pujara', 'Srinivas Kiran Ambatipudi', 'Smriti Saraswat', 'Shailly Tomar', 'Saugata Hazra']"
v0_027_4th_information__networking_event_eu_india_call_on_water,Uttam Kumar Roy,"['Uttam Kumar Roy', 'Srinivas Kiran Ambatipudi', 'Smriti Saraswat', 'Shailly Tomar', 'Saugata Hazra']"
v0_027_4th_information__networking_event_eu_india_call_on_water,V Devadas,"['V Devadas', 'Srinivas Kiran Ambatipudi', 'Smriti Saraswat', 'Shailly Tomar', 'Saugata Hazra']"
v0_027_4th_information__networking_event_eu_india_call_on_water,Jaydev Dabas,"['Jaydev Dabas', 'Srinivas Kiran Ambatipudi', 'Smriti Saraswat', 'Shailly Tomar', 'Saugata Hazra']"
v0_027_4th_information__networking_event_eu_india_call_on_water,Millie Pant,"['Millie Pant', 'Srinivas Kiran Ambatipudi', 'Smriti Saraswat', 'Shailly Tomar', 'Saugata Hazra']"
v0_027_4th_information__networking_event_eu_india_call_on_water,Rajan Arora,"['Rajan Arora', 'Srinivas Kiran Ambatipudi', 'Smriti Saraswat', 'Shailly Tomar', 'Saugata Hazra']"
v0_027_4th_information__networking_event_eu_india_call_on_water,Ashwani Kumar Sharma,"['Ashwani Kumar Sharma', 'Srinivas Kiran Ambatipudi', 'Smriti Saraswat', 'Shailly Tomar', 'Saugata Hazra']"
v0_027_4th_information__networking_event_eu_india_call_on_water,Bijan Choudhury,"['Bijan Choudhury', 'Srinivas Kiran Ambatipudi', 'Smriti Saraswat', 'Shailly Tomar', 'Saugata Hazra']"
v0_027_4th_information__networking_event_eu_india_call_on_water,Debabrata Sircar,"['Debabrata Sircar', 'Srinivas Kiran Ambatipudi', 'Smriti Saraswat', 'Shailly Tomar', 'Saugata Hazra']"
v0_027_4th_information__networking_event_eu_india_call_on_water,Deepak Sharma,"['Deepak Sharma', 'Srinivas Kiran Ambatipudi', 'Smriti Saraswat', 'Shailly Tomar', 'Saugata Hazra']"
v0_027_4th_information__networking_event_eu_india_call_on_water,P Gopinath,"['P Gopinath', 'Srinivas Kiran Ambatipudi', 'Smriti Saraswat', 'Shailly Tomar', 'Saugata Hazra']"
v0_027_4th_information__networking_event_eu_india_call_on_water,Harsh Chauhan,"['Harsh Chauhan', 'Srinivas Kiran Ambatipudi', 'Smriti Saraswat', 'Shailly Tomar', 'Saugata Hazra']"
v0_027_4th_information__networking_event_eu_india_call_on_water,Srinivas Kiran Ambatipudi,"['Srinivas Kiran Ambatipudi', 'Smriti Saraswat', 'Shailly Tomar', 'Saugata Hazra', 'Saptarshi Kolay']"
v0_027_4th_information__networking_event_eu_india_call_on_water,Krishna Mohan Poluri,"['Krishna Mohan Poluri', 'Srinivas Kiran Ambatipudi', 'Smriti Saraswat', 'Shailly Tomar', 'Saugata Hazra']"
v0_027_4th_information__networking_event_eu_india_call_on_water,Maya S.Nair,"['Maya S.Nair', 'Srinivas Kiran Ambatipudi', 'Smriti Saraswat', 'Shailly Tomar', 'Saugata Hazra']"
v0_027_4th_information__networking_event_eu_india_call_on_water,N K Navani,"['N K Navani', 'Srinivas Kiran Ambatipudi', 'Smriti Saraswat', 'Shailly Tomar', 'Saugata Hazra']"
v0_027_4th_information__networking_event_eu_india_call_on_water,Partha Roy,"['Partha Roy', 'Srinivas Kiran Ambatipudi', 'Smriti Saraswat', 'Shailly Tomar', 'Saugata Hazra']"
v0_027_4th_information__networking_event_eu_india_call_on_water,Poonam Choudhary,"['Poonam Choudhary', 'Srinivas Kiran Ambatipudi', 'Smriti Saraswat', 'Shailly Tomar', 'Saugata Hazra']"
v0_027_4th_information__networking_event_eu_india_call_on_water,Prabhat Kumar Mandal,"['Prabhat Kumar Mandal', 'Srinivas Kiran Ambatipudi', 'Smriti Saraswat', 'Shailly Tomar', 'Saugata Hazra']"
v0_027_4th_information__networking_event_eu_india_call_on_water,Pranita P Sarangi,"['Pranita P Sarangi', 'Srinivas Kiran Ambatipudi', 'Smriti Saraswat', 'Shailly Tomar', 'Saugata Hazra']"
v0_027_4th_information__networking_event_eu_india_call_on_water,Pravindra Kumar,"['Pravindra Kumar', 'Srinivas Kiran Ambatipudi', 'Smriti Saraswat', 'Shailly Tomar', 'Saugata Hazra']"
v0_027_4th_information__networking_event_eu_india_call_on_water,Prince Tiwari,"['Prince Tiwari', 'Srinivas Kiran Ambatipudi', 'Smriti Saraswat', 'Shailly Tomar', 'Saugata Hazra']"
v0_027_4th_information__networking_event_eu_india_call_on_water,R. P. Singh,"['R. P. Singh', 'Srinivas Kiran Ambatipudi', 'Smriti Saraswat', 'Shailly Tomar', 'Saugata Hazra']"
v0_027_4th_information__networking_event_eu_india_call_on_water,Ramasare Prasad,"['Ramasare Prasad', 'Srinivas Kiran Ambatipudi', 'Smriti Saraswat', 'Shailly Tomar', 'Saugata Hazra']"
v0_027_4th_information__networking_event_eu_india_call_on_water,Ranjana Pathania,"['Ranjana Pathania', 'Srinivas Kiran Ambatipudi', 'Smriti Saraswat', 'Shailly Tomar', 'Saugata Hazra']"
v0_027_4th_information__networking_event_eu_india_call_on_water,Sanjoy Ghosh,"['Sanjoy Ghosh', 'Srinivas Kiran Ambatipudi', 'Smriti Saraswat', 'Shailly Tomar', 'Saugata Hazra']"
v0_027_4th_information__networking_event_eu_india_call_on_water,Saugata Hazra,"['Saugata Hazra', 'Srinivas Kiran Ambatipudi', 'Smriti Saraswat', 'Shailly Tomar', 'Saptarshi Kolay']"
v0_027_4th_information__networking_event_eu_india_call_on_water,Shailly Tomar,"['Shailly Tomar', 'Srinivas Kiran Ambatipudi', 'Smriti Saraswat', 'Saugata Hazra', 'Saptarshi Kolay']"
v0_027_4th_information__networking_event_eu_india_call_on_water,Shri Ram Yadav,"['Shri Ram Yadav', 'Srinivas Kiran Ambatipudi', 'Smriti Saraswat', 'Shailly Tomar', 'Saugata Hazra']"
v0_027_4th_information__networking_event_eu_india_call_on_water,Soma Rohatgi,"['Soma Rohatgi', 'Srinivas Kiran Ambatipudi', 'Smriti Saraswat', 'Shailly Tomar', 'Saugata Hazra']"
v0_027_4th_information__networking_event_eu_india_call_on_water,Sachin Suresh Tiwari,"['Sachin Suresh Tiwari', 'Srinivas Kiran Ambatipudi', 'Smriti Saraswat', 'Shailly Tomar', 'Saugata Hazra']"
v0_027_4th_information__networking_event_eu_india_call_on_water,Jitin Singla,"['Jitin Singla', 'Srinivas Kiran Ambatipudi', 'Smriti Saraswat', 'Shailly Tomar', 'Saugata Hazra']"
v0_027_4th_information__networking_event_eu_india_call_on_water,Rajesh Kumar,"['Rajesh Kumar', 'Srinivas Kiran Ambatipudi', 'Smriti Saraswat', 'Shailly Tomar', 'Saugata Hazra']"
v0_027_4th_information__networking_event_eu_india_call_on_water,Akhil Upadhyay,"['Akhil Upadhyay', 'Srinivas Kiran Ambatipudi', 'Smriti Saraswat', 'Shailly Tomar', 'Saugata Hazra']"
v0_028_funding_opportunity_announcement_foa_off_grid_access_to_electricity,Arindam Biswas,"['Arindam Biswas', 'Sanjoy Ghosh', 'Prabhat Kumar Mandal', 'N K Navani', 'Jaydev Dabas']"
v0_028_funding_opportunity_announcement_foa_off_grid_access_to_electricity,Avlokita Agrawal,"['Avlokita Agrawal', 'Sanjoy Ghosh', 'Prabhat Kumar Mandal', 'N K Navani', 'Jaydev Dabas']"
v0_028_funding_opportunity_announcement_foa_off_grid_access_to_electricity,Gaurav Raheja,"['Gaurav Raheja', 'Sanjoy Ghosh', 'Prabhat Kumar Mandal', 'N K Navani', 'Jaydev Dabas']"
v0_028_funding_opportunity_announcement_foa_off_grid_access_to_electricity,Harshit Sosan Lakra,"['Harshit Sosan Lakra', 'Sanjoy Ghosh', 'Prabhat Kumar Mandal', 'N K Navani', 'Jaydev Dabas']"
v0_028_funding_opportunity_announcement_foa_off_grid_access_to_electricity,Mahua Mukherjee,"['Mahua Mukherjee', 'Sanjoy Ghosh', 'Prabhat Kumar Mandal', 'N K Navani', 'Jaydev Dabas']"
v0_028_funding_opportunity_announcement_foa_off_grid_access_to_electricity,Prabhjot Singh Chani,"['Prabhjot Singh Chani', 'Sanjoy Ghosh', 'Prabhat Kumar Mandal', 'N K Navani', 'Jaydev Dabas']"
v0_028_funding_opportunity_announcement_foa_off_grid_access_to_electricity,E Rajasekar,"['E Rajasekar', 'Sanjoy Ghosh', 'Prabhat Kumar Mandal', 'N K Navani', 'Jaydev Dabas']"
v0_028_funding_opportunity_announcement_foa_off_grid_access_to_electricity,Ram Sateesh Pasupuleti,"['Ram Sateesh Pasupuleti', 'Sanjoy Ghosh', 'Prabhat Kumar Mandal', 'N K Navani', 'Jaydev Dabas']"
v0_028_funding_opportunity_announcement_foa_off_grid_access_to_electricity,Saptarshi Kolay,"['Saptarshi Kolay', 'Sanjoy Ghosh', 'Prabhat Kumar Mandal', 'N K Navani', 'Jaydev Dabas']"
v0_028_funding_opportunity_announcement_foa_off_grid_access_to_electricity,Shubhajit Sadhukhan,"['Shubhajit Sadhukhan', 'Sanjoy Ghosh', 'Prabhat Kumar Mandal', 'N K Navani', 'Jaydev Dabas']"
v0_028_funding_opportunity_announcement_foa_off_grid_access_to_electricity,Smriti Saraswat,"['Smriti Saraswat', 'Sanjoy Ghosh', 'Prabhat Kumar Mandal', 'N K Navani', 'Jaydev Dabas']"
v0_028_funding_opportunity_announcement_foa_off_grid_access_to_electricity,Sonal Atreya,"['Sonal Atreya', 'Sanjoy Ghosh', 'Prabhat Kumar Mandal', 'N K Navani', 'Jaydev Dabas']"
v0_028_funding_opportunity_announcement_foa_off_grid_access_to_electricity,Tina Pujara,"['Tina Pujara', 'Sanjoy Ghosh', 'Prabhat Kumar Mandal', 'N K Navani', 'Jaydev Dabas']"
v0_028_funding_opportunity_announcement_foa_off_grid_access_to_electricity,Uttam Kumar Roy,"['Uttam Kumar Roy', 'Sanjoy Ghosh', 'Prabhat Kumar Mandal', 'N K Navani', 'Jaydev Dabas']"
v0_028_funding_opportunity_announcement_foa_off_grid_access_to_electricity,V Devadas,"['V Devadas', 'Sanjoy Ghosh', 'Prabhat Kumar Mandal', 'N K Navani', 'Jaydev Dabas']"
v0_028_funding_opportunity_announcement_foa_off_grid_access_to_electricity,Jaydev Dabas,"['Jaydev Dabas', 'Sanjoy Ghosh', 'Prabhat Kumar Mandal', 'N K Navani', 'Arindam Biswas']"
v0_028_funding_opportunity_announcement_foa_off_grid_access_to_electricity,Millie Pant,"['Millie Pant', 'Sanjoy Ghosh', 'Prabhat Kumar Mandal', 'N K Navani', 'Jaydev Dabas']"
v0_028_funding_opportunity_announcement_foa_off_grid_access_to_electricity,Rajan Arora,"['Rajan Arora', 'Sanjoy Ghosh', 'Prabhat Kumar Mandal', 'N K Navani', 'Jaydev Dabas']"
v0_028_funding_opportunity_announcement_foa_off_grid_access_to_electricity,Ashwani Kumar Sharma,"['Ashwani Kumar Sharma', 'Sanjoy Ghosh', 'Prabhat Kumar Mandal', 'N K Navani', 'Jaydev Dabas']"
v0_028_funding_opportunity_announcement_foa_off_grid_access_to_electricity,Bijan Choudhury,"['Bijan Choudhury', 'Sanjoy Ghosh', 'Prabhat Kumar Mandal', 'N K Navani', 'Jaydev Dabas']"
v0_028_funding_opportunity_announcement_foa_off_grid_access_to_electricity,Debabrata Sircar,"['Debabrata Sircar', 'Sanjoy Ghosh', 'Prabhat Kumar Mandal', 'N K Navani', 'Jaydev Dabas']"
v0_028_funding_opportunity_announcement_foa_off_grid_access_to_electricity,Deepak Sharma,"['Deepak Sharma', 'Sanjoy Ghosh', 'Prabhat Kumar Mandal', 'N K Navani', 'Jaydev Dabas']"
v0_028_funding_opportunity_announcement_foa_off_grid_access_to_electricity,P Gopinath,"['P Gopinath', 'Sanjoy Ghosh', 'Prabhat Kumar Mandal', 'N K Navani', 'Jaydev Dabas']"
v0_028_funding_opportunity_announcement_foa_off_grid_access_to_electricity,Harsh Chauhan,"['Harsh Chauhan', 'Sanjoy Ghosh', 'Prabhat Kumar Mandal', 'N K Navani', 'Jaydev Dabas']"
v0_028_funding_opportunity_announcement_foa_off_grid_access_to_electricity,Srinivas Kiran Ambatipudi,"['Srinivas Kiran Ambatipudi', 'Sanjoy Ghosh', 'Prabhat Kumar Mandal', 'N K Navani', 'Jaydev Dabas']"
v0_028_funding_opportunity_announcement_foa_off_grid_access_to_electricity,Krishna Mohan Poluri,"['Krishna Mohan Poluri', 'Sanjoy Ghosh', 'Prabhat Kumar Mandal', 'N K Navani', 'Jaydev Dabas']"
v0_028_funding_opportunity_announcement_foa_off_grid_access_to_electricity,Maya S.Nair,"['Maya S.Nair', 'Sanjoy Ghosh', 'Prabhat Kumar Mandal', 'N K Navani', 'Jaydev Dabas']"
v0_028_funding_opportunity_announcement_foa_off_grid_access_to_electricity,N K Navani,"['N K Navani', 'Sanjoy Ghosh', 'Prabhat Kumar Mandal', 'Jaydev Dabas', 'Arindam Biswas']"
v0_028_funding_opportunity_announcement_foa_off_grid_access_to_electricity,Partha Roy,"['Partha Roy', 'Sanjoy Ghosh', 'Prabhat Kumar Mandal', 'N K Navani', 'Jaydev Dabas']"
v0_028_funding_opportunity_announcement_foa_off_grid_access_to_electricity,Poonam Choudhary,"['Poonam Choudhary', 'Sanjoy Ghosh', 'Prabhat Kumar Mandal', 'N K Navani', 'Jaydev Dabas']"
v0_028_funding_opportunity_announcement_foa_off_grid_access_to_electricity,Prabhat Kumar Mandal,"['Prabhat Kumar Mandal', 'Sanjoy Ghosh', 'N K Navani', 'Jaydev Dabas', 'Arindam Biswas']"
v0_028_funding_opportunity_announcement_foa_off_grid_access_to_electricity,Pranita P Sarangi,"['Pranita P Sarangi', 'Sanjoy Ghosh', 'Prabhat Kumar Mandal', 'N K Navani', 'Jaydev Dabas']"
v0_028_funding_opportunity_announcement_foa_off_grid_access_to_electricity,Pravindra Kumar,"['Pravindra Kumar', 'Sanjoy Ghosh', 'Prabhat Kumar Mandal', 'N K Navani', 'Jaydev Dabas']"
v0_028_funding_opportunity_announcement_foa_off_grid_access_to_electricity,Prince Tiwari,"['Prince Tiwari', 'Sanjoy Ghosh', 'Prabhat Kumar Mandal', 'N K Navani', 'Jaydev Dabas']"
v0_028_funding_opportunity_announcement_foa_off_grid_access_to_electricity,R. P. Singh,"['R. P. Singh', 'Sanjoy Ghosh', 'Prabhat Kumar Mandal', 'N K Navani', 'Jaydev Dabas']"
v0_028_funding_opportunity_announcement_foa_off_grid_access_to_electricity,Ramasare Prasad,"['Ramasare Prasad', 'Sanjoy Ghosh', 'Prabhat Kumar Mandal', 'N K Navani', 'Jaydev Dabas']"
v0_028_funding_opportunity_announcement_foa_off_grid_access_to_electricity,Ranjana Pathania,"['Ranjana Pathania', 'Sanjoy Ghosh', 'Prabhat Kumar Mandal', 'N K Navani', 'Jaydev Dabas']"
v0_028_funding_opportunity_announcement_foa_off_grid_access_to_electricity,Sanjoy Ghosh,"['Sanjoy Ghosh', 'Prabhat Kumar Mandal', 'N K Navani', 'Jaydev Dabas', 'Arindam Biswas']"
v0_028_funding_opportunity_announcement_foa_off_grid_access_to_electricity,Saugata Hazra,"['Saugata Hazra', 'Sanjoy Ghosh', 'Prabhat Kumar Mandal', 'N K Navani', 'Jaydev Dabas']"
v0_028_funding_opportunity_announcement_foa_off_grid_access_to_electricity,Shailly Tomar,"['Shailly Tomar', 'Sanjoy Ghosh', 'Prabhat Kumar Mandal', 'N K Navani', 'Jaydev Dabas']"
v0_028_funding_opportunity_announcement_foa_off_grid_access_to_electricity,Shri Ram Yadav,"['Shri Ram Yadav', 'Sanjoy Ghosh', 'Prabhat Kumar Mandal', 'N K Navani', 'Jaydev Dabas']"
v0_028_funding_opportunity_announcement_foa_off_grid_access_to_electricity,Soma Rohatgi,"['Soma Rohatgi', 'Sanjoy Ghosh', 'Prabhat Kumar Mandal', 'N K Navani', 'Jaydev Dabas']"
v0_028_funding_opportunity_announcement_foa_off_grid_access_to_electricity,Sachin Suresh Tiwari,"['Sachin Suresh Tiwari', 'Sanjoy Ghosh', 'Prabhat Kumar Mandal', 'N K Navani', 'Jaydev Dabas']"
v0_028_funding_opportunity_announcement_foa_off_grid_access_to_electricity,Jitin Singla,"['Jitin Singla', 'Sanjoy Ghosh', 'Prabhat Kumar Mandal', 'N K Navani', 'Jaydev Dabas']"
v0_028_funding_opportunity_announcement_foa_off_grid_access_to_electricity,Rajesh Kumar,"['Rajesh Kumar', 'Sanjoy Ghosh', 'Prabhat Kumar Mandal', 'N K Navani', 'Jaydev Dabas']"
v0_028_funding_opportunity_announcement_foa_off_grid_access_to_electricity,Akhil Upadhyay,"['Akhil Upadhyay', 'Sanjoy Ghosh', 'Prabhat Kumar Mandal', 'N K Navani', 'Jaydev Dabas']"
v0_029_date_extended_upto_18th_january_2018_for_2017_brics_call_for_proposals_for_brics_multilateral_rd_projects,Arindam Biswas,"['Arindam Biswas', 'Krishna Mohan Poluri', 'Jitin Singla']"
v0_029_date_extended_upto_18th_january_2018_for_2017_brics_call_for_proposals_for_brics_multilateral_rd_projects,Avlokita Agrawal,"['Avlokita Agrawal', 'Krishna Mohan Poluri', 'Jitin Singla']"
v0_029_date_extended_upto_18th_january_2018_for_2017_brics_call_for_proposals_for_brics_multilateral_rd_projects,Gaurav Raheja,"['Gaurav Raheja', 'Krishna Mohan Poluri', 'Jitin Singla']"
v0_029_date_extended_upto_18th_january_2018_for_2017_brics_call_for_proposals_for_brics_multilateral_rd_projects,Harshit Sosan Lakra,"['Harshit Sosan Lakra', 'Krishna Mohan Poluri', 'Jitin Singla']"
v0_029_date_extended_upto_18th_january_2018_for_2017_brics_call_for_proposals_for_brics_multilateral_rd_projects,Mahua Mukherjee,"['Mahua Mukherjee', 'Krishna Mohan Poluri', 'Jitin Singla']"
v0_029_date_extended_upto_18th_january_2018_for_2017_brics_call_for_proposals_for_brics_multilateral_rd_projects,Prabhjot Singh Chani,"['Prabhjot Singh Chani', 'Krishna Mohan Poluri', 'Jitin Singla']"
v0_029_date_extended_upto_18th_january_2018_for_2017_brics_call_for_proposals_for_brics_multilateral_rd_projects,E Rajasekar,"['E Rajasekar', 'Krishna Mohan Poluri', 'Jitin Singla']"
v0_029_date_extended_upto_18th_january_2018_for_2017_brics_call_for_proposals_for_brics_multilateral_rd_projects,Ram Sateesh Pasupuleti,"['Ram Sateesh Pasupuleti', 'Krishna Mohan Poluri', 'Jitin Singla']"
v0_029_date_extended_upto_18th_january_2018_for_2017_brics_call_for_proposals_for_brics_multilateral_rd_projects,Saptarshi Kolay,"['Saptarshi Kolay', 'Krishna Mohan Poluri', 'Jitin Singla']"
v0_029_date_extended_upto_18th_january_2018_for_2017_brics_call_for_proposals_for_brics_multilateral_rd_projects,Shubhajit Sadhukhan,"['Shubhajit Sadhukhan', 'Krishna Mohan Poluri', 'Jitin Singla']"
v0_029_date_extended_upto_18th_january_2018_for_2017_brics_call_for_proposals_for_brics_multilateral_rd_projects,Smriti Saraswat,"['Smriti Saraswat', 'Krishna Mohan Poluri', 'Jitin Singla']"
v0_029_date_extended_upto_18th_january_2018_for_2017_brics_call_for_proposals_for_brics_multilateral_rd_projects,Sonal Atreya,"['Sonal Atreya', 'Krishna Mohan Poluri', 'Jitin Singla']"
v0_029_date_extended_upto_18th_january_2018_for_2017_brics_call_for_proposals_for_brics_multilateral_rd_projects,Tina Pujara,"['Tina Pujara', 'Krishna Mohan Poluri', 'Jitin Singla']"
v0_029_date_extended_upto_18th_january_2018_for_2017_brics_call_for_proposals_for_brics_multilateral_rd_projects,Uttam Kumar Roy,"['Uttam Kumar Roy', 'Krishna Mohan Poluri', 'Jitin Singla']"
v0_029_date_extended_upto_18th_january_2018_for_2017_brics_call_for_proposals_for_brics_multilateral_rd_projects,V Devadas,"['V Devadas', 'Krishna Mohan Poluri', 'Jitin Singla']"
v0_029_date_extended_upto_18th_january_2018_for_2017_brics_call_for_proposals_for_brics_multilateral_rd_projects,Jaydev Dabas,"['Jaydev Dabas', 'Krishna Mohan Poluri', 'Jitin Singla']"
v0_029_date_extended_upto_18th_january_2018_for_2017_brics_call_for_proposals_for_brics_multilateral_rd_projects,Millie Pant,"['Millie Pant', 'Krishna Mohan Poluri', 'Jitin Singla']"
v0_029_date_extended_upto_18th_january_2018_for_2017_brics_call_for_proposals_for_brics_multilateral_rd_projects,Rajan Arora,"['Rajan Arora', 'Krishna Mohan Poluri', 'Jitin Singla']"
v0_029_date_extended_upto_18th_january_2018_for_2017_brics_call_for_proposals_for_brics_multilateral_rd_projects,Ashwani Kumar Sharma,"['Ashwani Kumar Sharma', 'Krishna Mohan Poluri', 'Jitin Singla']"
v0_029_date_extended_upto_18th_january_2018_for_2017_brics_call_for_proposals_for_brics_multilateral_rd_projects,Bijan Choudhury,"['Bijan Choudhury', 'Krishna Mohan Poluri', 'Jitin Singla']"
v0_029_date_extended_upto_18th_january_2018_for_2017_brics_call_for_proposals_for_brics_multilateral_rd_projects,Debabrata Sircar,"['Debabrata Sircar', 'Krishna Mohan Poluri', 'Jitin Singla']"
v0_029_date_extended_upto_18th_january_2018_for_2017_brics_call_for_proposals_for_brics_multilateral_rd_projects,Deepak Sharma,"['Deepak Sharma', 'Krishna Mohan Poluri', 'Jitin Singla']"
v0_029_date_extended_upto_18th_january_2018_for_2017_brics_call_for_proposals_for_brics_multilateral_rd_projects,P Gopinath,"['P Gopinath', 'Krishna Mohan Poluri', 'Jitin Singla']"
v0_029_date_extended_upto_18th_january_2018_for_2017_brics_call_for_proposals_for_brics_multilateral_rd_projects,Harsh Chauhan,"['Harsh Chauhan', 'Krishna Mohan Poluri', 'Jitin Singla']"
v0_029_date_extended_upto_18th_january_2018_for_2017_brics_call_for_proposals_for_brics_multilateral_rd_projects,Srinivas Kiran Ambatipudi,"['Srinivas Kiran Ambatipudi', 'Krishna Mohan Poluri', 'Jitin Singla']"
v0_029_date_extended_upto_18th_january_2018_for_2017_brics_call_for_proposals_for_brics_multilateral_rd_projects,Krishna Mohan Poluri,"['Krishna Mohan Poluri', 'Jitin Singla']"
v0_029_date_extended_upto_18th_january_2018_for_2017_brics_call_for_proposals_for_brics_multilateral_rd_projects,Maya S.Nair,"['Maya S.Nair', 'Krishna Mohan Poluri', 'Jitin Singla']"
v0_029_date_extended_upto_18th_january_2018_for_2017_brics_call_for_proposals_for_brics_multilateral_rd_projects,N K Navani,"['N K Navani', 'Krishna Mohan Poluri', 'Jitin Singla']"
v0_029_date_extended_upto_18th_january_2018_for_2017_brics_call_for_proposals_for_brics_multilateral_rd_projects,Partha Roy,"['Partha Roy', 'Krishna Mohan Poluri', 'Jitin Singla']"
v0_029_date_extended_upto_18th_january_2018_for_2017_brics_call_for_proposals_for_brics_multilateral_rd_projects,Poonam Choudhary,"['Poonam Choudhary', 'Krishna Mohan Poluri', 'Jitin Singla']"
v0_029_date_extended_upto_18th_january_2018_for_2017_brics_call_for_proposals_for_brics_multilateral_rd_projects,Prabhat Kumar Mandal,"['Prabhat Kumar Mandal', 'Krishna Mohan Poluri', 'Jitin Singla']"
v0_029_date_extended_upto_18th_january_2018_for_2017_brics_call_for_proposals_for_brics_multilateral_rd_projects,Pranita P Sarangi,"['Pranita P Sarangi', 'Krishna Mohan Poluri', 'Jitin Singla']"
v0_029_date_extended_upto_18th_january_2018_for_2017_brics_call_for_proposals_for_brics_multilateral_rd_projects,Pravindra Kumar,"['Pravindra Kumar', 'Krishna Mohan Poluri', 'Jitin Singla']"
v0_029_date_extended_upto_18th_january_2018_for_2017_brics_call_for_proposals_for_brics_multilateral_rd_projects,Prince Tiwari,"['Prince Tiwari', 'Krishna Mohan Poluri', 'Jitin Singla']"
v0_029_date_extended_upto_18th_january_2018_for_2017_brics_call_for_proposals_for_brics_multilateral_rd_projects,R. P. Singh,"['R. P. Singh', 'Krishna Mohan Poluri', 'Jitin Singla']"
v0_029_date_extended_upto_18th_january_2018_for_2017_brics_call_for_proposals_for_brics_multilateral_rd_projects,Ramasare Prasad,"['Ramasare Prasad', 'Krishna Mohan Poluri', 'Jitin Singla']"
v0_029_date_extended_upto_18th_january_2018_for_2017_brics_call_for_proposals_for_brics_multilateral_rd_projects,Ranjana Pathania,"['Ranjana Pathania', 'Krishna Mohan Poluri', 'Jitin Singla']"
v0_029_date_extended_upto_18th_january_2018_for_2017_brics_call_for_proposals_for_brics_multilateral_rd_projects,Sanjoy Ghosh,"['Sanjoy Ghosh', 'Krishna Mohan Poluri', 'Jitin Singla']"
v0_029_date_extended_upto_18th_january_2018_for_2017_brics_call_for_proposals_for_brics_multilateral_rd_projects,Saugata Hazra,"['Saugata Hazra', 'Krishna Mohan Poluri', 'Jitin Singla']"
v0_029_date_extended_upto_18th_january_2018_for_2017_brics_call_for_proposals_for_brics_multilateral_rd_projects,Shailly Tomar,"['Shailly Tomar', 'Krishna Mohan Poluri', 'Jitin Singla']"
v0_029_date_extended_upto_18th_january_2018_for_2017_brics_call_for_proposals_for_brics_multilateral_rd_projects,Shri Ram Yadav,"['Shri Ram Yadav', 'Krishna Mohan Poluri', 'Jitin Singla']"
v0_029_date_extended_upto_18th_january_2018_for_2017_brics_call_for_proposals_for_brics_multilateral_rd_projects,Soma Rohatgi,"['Soma Rohatgi', 'Krishna Mohan Poluri', 'Jitin Singla']"
v0_029_date_extended_upto_18th_january_2018_for_2017_brics_call_for_proposals_for_brics_multilateral_rd_projects,Sachin Suresh Tiwari,"['Sachin Suresh Tiwari', 'Krishna Mohan Poluri', 'Jitin Singla']"
v0_029_date_extended_upto_18th_january_2018_for_2017_brics_call_for_proposals_for_brics_multilateral_rd_projects,Jitin Singla,"['Jitin Singla', 'Krishna Mohan Poluri']"
v0_029_date_extended_upto_18th_january_2018_for_2017_brics_call_for_proposals_for_brics_multilateral_rd_projects,Rajesh Kumar,"['Rajesh Kumar', 'Krishna Mohan Poluri', 'Jitin Singla']"
v0_029_date_extended_upto_18th_january_2018_for_2017_brics_call_for_proposals_for_brics_multilateral_rd_projects,Akhil Upadhyay,"['Akhil Upadhyay', 'Krishna Mohan Poluri', 'Jitin Singla']"
v0_030_call_for_concept_note_in_waste_management_technologies,Arindam Biswas,"['Arindam Biswas', 'Shailly Tomar', 'Saptarshi Kolay', 'Ram Sateesh Pasupuleti', 'Rajan Arora']"
v0_030_call_for_concept_note_in_waste_management_technologies,Avlokita Agrawal,"['Avlokita Agrawal', 'Shailly Tomar', 'Saptarshi Kolay', 'Ram Sateesh Pasupuleti', 'Rajan Arora']"
v0_030_call_for_concept_note_in_waste_management_technologies,Gaurav Raheja,"['Gaurav Raheja', 'Shailly Tomar', 'Saptarshi Kolay', 'Ram Sateesh Pasupuleti', 'Rajan Arora']"
v0_030_call_for_concept_note_in_waste_management_technologies,Harshit Sosan Lakra,"['Harshit Sosan Lakra', 'Shailly Tomar', 'Saptarshi Kolay', 'Ram Sateesh Pasupuleti', 'Rajan Arora']"
v0_030_call_for_concept_note_in_waste_management_technologies,Mahua Mukherjee,"['Mahua Mukherjee', 'Shailly Tomar', 'Saptarshi Kolay', 'Ram Sateesh Pasupuleti', 'Rajan Arora']"
v0_030_call_for_concept_note_in_waste_management_technologies,Prabhjot Singh Chani,"['Prabhjot Singh Chani', 'Shailly Tomar', 'Saptarshi Kolay', 'Ram Sateesh Pasupuleti', 'Rajan Arora']"
v0_030_call_for_concept_note_in_waste_management_technologies,E Rajasekar,"['E Rajasekar', 'Shailly Tomar', 'Saptarshi Kolay', 'Ram Sateesh Pasupuleti', 'Rajan Arora']"
v0_030_call_for_concept_note_in_waste_management_technologies,Ram Sateesh Pasupuleti,"['Ram Sateesh Pasupuleti', 'Shailly Tomar', 'Saptarshi Kolay', 'Rajan Arora', 'Millie Pant']"
v0_030_call_for_concept_note_in_waste_management_technologies,Saptarshi Kolay,"['Saptarshi Kolay', 'Shailly Tomar', 'Ram Sateesh Pasupuleti', 'Rajan Arora', 'Millie Pant']"
v0_030_call_for_concept_note_in_waste_management_technologies,Shubhajit Sadhukhan,"['Shubhajit Sadhukhan', 'Shailly Tomar', 'Saptarshi Kolay', 'Ram Sateesh Pasupuleti', 'Rajan Arora']"
v0_030_call_for_concept_note_in_waste_management_technologies,Smriti Saraswat,"['Smriti Saraswat', 'Shailly Tomar', 'Saptarshi Kolay', 'Ram Sateesh Pasupuleti', 'Rajan Arora']"
v0_030_call_for_concept_note_in_waste_management_technologies,Sonal Atreya,"['Sonal Atreya', 'Shailly Tomar', 'Saptarshi Kolay', 'Ram Sateesh Pasupuleti', 'Rajan Arora']"
v0_030_call_for_concept_note_in_waste_management_technologies,Tina Pujara,"['Tina Pujara', 'Shailly Tomar', 'Saptarshi Kolay', 'Ram Sateesh Pasupuleti', 'Rajan Arora']"
v0_030_call_for_concept_note_in_waste_management_technologies,Uttam Kumar Roy,"['Uttam Kumar Roy', 'Shailly Tomar', 'Saptarshi Kolay', 'Ram Sateesh Pasupuleti', 'Rajan Arora']"
v0_030_call_for_concept_note_in_waste_management_technologies,V Devadas,"['V Devadas', 'Shailly Tomar', 'Saptarshi Kolay', 'Ram Sateesh Pasupuleti', 'Rajan Arora']"
v0_030_call_for_concept_note_in_waste_management_technologies,Jaydev Dabas,"['Jaydev Dabas', 'Shailly Tomar', 'Saptarshi Kolay', 'Ram Sateesh Pasupuleti', 'Rajan Arora']"
v0_030_call_for_concept_note_in_waste_management_technologies,Millie Pant,"['Millie Pant', 'Shailly Tomar', 'Saptarshi Kolay', 'Ram Sateesh Pasupuleti', 'Rajan Arora']"
v0_030_call_for_concept_note_in_waste_management_technologies,Rajan Arora,"['Rajan Arora', 'Shailly Tomar', 'Saptarshi Kolay', 'Ram Sateesh Pasupuleti', 'Millie Pant']"
v0_030_call_for_concept_note_in_waste_management_technologies,Ashwani Kumar Sharma,"['Ashwani Kumar Sharma', 'Shailly Tomar', 'Saptarshi Kolay', 'Ram Sateesh Pasupuleti', 'Rajan Arora']"
v0_030_call_for_concept_note_in_waste_management_technologies,Bijan Choudhury,"['Bijan Choudhury', 'Shailly Tomar', 'Saptarshi Kolay', 'Ram Sateesh Pasupuleti', 'Rajan Arora']"
v0_030_call_for_concept_note_in_waste_management_technologies,Debabrata Sircar,"['Debabrata Sircar', 'Shailly Tomar', 'Saptarshi Kolay', 'Ram Sateesh Pasupuleti', 'Rajan Arora']"
v0_030_call_for_concept_note_in_waste_management_technologies,Deepak Sharma,"['Deepak Sharma', 'Shailly Tomar', 'Saptarshi Kolay', 'Ram Sateesh Pasupuleti', 'Rajan Arora']"
v0_030_call_for_concept_note_in_waste_management_technologies,P Gopinath,"['P Gopinath', 'Shailly Tomar', 'Saptarshi Kolay', 'Ram Sateesh Pasupuleti', 'Rajan Arora']"
v0_030_call_for_concept_note_in_waste_management_technologies,Harsh Chauhan,"['Harsh Chauhan', 'Shailly Tomar', 'Saptarshi Kolay', 'Ram Sateesh Pasupuleti', 'Rajan Arora']"
v0_030_call_for_concept_note_in_waste_management_technologies,Srinivas Kiran Ambatipudi,"['Srinivas Kiran Ambatipudi', 'Shailly Tomar', 'Saptarshi Kolay', 'Ram Sateesh Pasupuleti', 'Rajan Arora']"
v0_030_call_for_concept_note_in_waste_management_technologies,Krishna Mohan Poluri,"['Krishna Mohan Poluri', 'Shailly Tomar', 'Saptarshi Kolay', 'Ram Sateesh Pasupuleti', 'Rajan Arora']"
v0_030_call_for_concept_note_in_waste_management_technologies,Maya S.Nair,"['Maya S.Nair', 'Shailly Tomar', 'Saptarshi Kolay', 'Ram Sateesh Pasupuleti', 'Rajan Arora']"
v0_030_call_for_concept_note_in_waste_management_technologies,N K Navani,"['N K Navani', 'Shailly Tomar', 'Saptarshi Kolay', 'Ram Sateesh Pasupuleti', 'Rajan Arora']"
v0_030_call_for_concept_note_in_waste_management_technologies,Partha Roy,"['Partha Roy', 'Shailly Tomar', 'Saptarshi Kolay', 'Ram Sateesh Pasupuleti', 'Rajan Arora']"
v0_030_call_for_concept_note_in_waste_management_technologies,Poonam Choudhary,"['Poonam Choudhary', 'Shailly Tomar', 'Saptarshi Kolay', 'Ram Sateesh Pasupuleti', 'Rajan Arora']"
v0_030_call_for_concept_note_in_waste_management_technologies,Prabhat Kumar Mandal,"['Prabhat Kumar Mandal', 'Shailly Tomar', 'Saptarshi Kolay', 'Ram Sateesh Pasupuleti', 'Rajan Arora']"
v0_030_call_for_concept_note_in_waste_management_technologies,Pranita P Sarangi,"['Pranita P Sarangi', 'Shailly Tomar', 'Saptarshi Kolay', 'Ram Sateesh Pasupuleti', 'Rajan Arora']"
v0_030_call_for_concept_note_in_waste_management_technologies,Pravindra Kumar,"['Pravindra Kumar', 'Shailly Tomar', 'Saptarshi Kolay', 'Ram Sateesh Pasupuleti', 'Rajan Arora']"
v0_030_call_for_concept_note_in_waste_management_technologies,Prince Tiwari,"['Prince Tiwari', 'Shailly Tomar', 'Saptarshi Kolay', 'Ram Sateesh Pasupuleti', 'Rajan Arora']"
v0_030_call_for_concept_note_in_waste_management_technologies,R. P. Singh,"['R. P. Singh', 'Shailly Tomar', 'Saptarshi Kolay', 'Ram Sateesh Pasupuleti', 'Rajan Arora']"
v0_030_call_for_concept_note_in_waste_management_technologies,Ramasare Prasad,"['Ramasare Prasad', 'Shailly Tomar', 'Saptarshi Kolay', 'Ram Sateesh Pasupuleti', 'Rajan Arora']"
v0_030_call_for_concept_note_in_waste_management_technologies,Ranjana Pathania,"['Ranjana Pathania', 'Shailly Tomar', 'Saptarshi Kolay', 'Ram Sateesh Pasupuleti', 'Rajan Arora']"
v0_030_call_for_concept_note_in_waste_management_technologies,Sanjoy Ghosh,"['Sanjoy Ghosh', 'Shailly Tomar', 'Saptarshi Kolay', 'Ram Sateesh Pasupuleti', 'Rajan Arora']"
v0_030_call_for_concept_note_in_waste_management_technologies,Saugata Hazra,"['Saugata Hazra', 'Shailly Tomar', 'Saptarshi Kolay', 'Ram Sateesh Pasupuleti', 'Rajan Arora']"
v0_030_call_for_concept_note_in_waste_management_technologies,Shailly Tomar,"['Shailly Tomar', 'Saptarshi Kolay', 'Ram Sateesh Pasupuleti', 'Rajan Arora', 'Millie Pant']"
v0_030_call_for_concept_note_in_waste_management_technologies,Shri Ram Yadav,"['Shri Ram Yadav', 'Shailly Tomar', 'Saptarshi Kolay', 'Ram Sateesh Pasupuleti', 'Rajan Arora']"
v0_030_call_for_concept_note_in_waste_management_technologies,Soma Rohatgi,"['Soma Rohatgi', 'Shailly Tomar', 'Saptarshi Kolay', 'Ram Sateesh Pasupuleti', 'Rajan Arora']"
v0_030_call_for_concept_note_in_waste_management_technologies,Sachin Suresh Tiwari,"['Sachin Suresh Tiwari', 'Shailly Tomar', 'Saptarshi Kolay', 'Ram Sateesh Pasupuleti', 'Rajan Arora']"
v0_030_call_for_concept_note_in_waste_management_technologies,Jitin Singla,"['Jitin Singla', 'Shailly Tomar', 'Saptarshi Kolay', 'Ram Sateesh Pasupuleti', 'Rajan Arora']"
v0_030_call_for_concept_note_in_waste_management_technologies,Rajesh Kumar,"['Rajesh Kumar', 'Shailly Tomar', 'Saptarshi Kolay', 'Ram Sateesh Pasupuleti', 'Rajan Arora']"
v0_030_call_for_concept_note_in_waste_management_technologies,Akhil Upadhyay,"['Akhil Upadhyay', 'Shailly Tomar', 'Saptarshi Kolay', 'Ram Sateesh Pasupuleti', 'Rajan Arora']"
v0_031_2018_commonwealth_scholarship_in_the_united_kingdom,Arindam Biswas,"['Arindam Biswas', 'Saugata Hazra', 'Pranita P Sarangi', 'Partha Roy', 'N K Navani']"
v0_031_2018_commonwealth_scholarship_in_the_united_kingdom,Avlokita Agrawal,"['Avlokita Agrawal', 'Saugata Hazra', 'Pranita P Sarangi', 'Partha Roy', 'N K Navani']"
v0_031_2018_commonwealth_scholarship_in_the_united_kingdom,Gaurav Raheja,"['Gaurav Raheja', 'Saugata Hazra', 'Pranita P Sarangi', 'Partha Roy', 'N K Navani']"
v0_031_2018_commonwealth_scholarship_in_the_united_kingdom,Harshit Sosan Lakra,"['Harshit Sosan Lakra', 'Saugata Hazra', 'Pranita P Sarangi', 'Partha Roy', 'N K Navani']"
v0_031_2018_commonwealth_scholarship_in_the_united_kingdom,Mahua Mukherjee,"['Mahua Mukherjee', 'Saugata Hazra', 'Pranita P Sarangi', 'Partha Roy', 'N K Navani']"
v0_031_2018_commonwealth_scholarship_in_the_united_kingdom,Prabhjot Singh Chani,"['Prabhjot Singh Chani', 'Saugata Hazra', 'Pranita P Sarangi', 'Partha Roy', 'N K Navani']"
v0_031_2018_commonwealth_scholarship_in_the_united_kingdom,E Rajasekar,"['E Rajasekar', 'Saugata Hazra', 'Pranita P Sarangi', 'Partha Roy', 'N K Navani']"
v0_031_2018_commonwealth_scholarship_in_the_united_kingdom,Ram Sateesh Pasupuleti,"['Ram Sateesh Pasupuleti', 'Saugata Hazra', 'Pranita P Sarangi', 'Partha Roy', 'N K Navani']"
v0_031_2018_commonwealth_scholarship_in_the_united_kingdom,Saptarshi Kolay,"['Saptarshi Kolay', 'Saugata Hazra', 'Pranita P Sarangi', 'Partha Roy', 'N K Navani']"
v0_031_2018_commonwealth_scholarship_in_the_united_kingdom,Shubhajit Sadhukhan,"['Shubhajit Sadhukhan', 'Saugata Hazra', 'Pranita P Sarangi', 'Partha Roy', 'N K Navani']"
v0_031_2018_commonwealth_scholarship_in_the_united_kingdom,Smriti Saraswat,"['Smriti Saraswat', 'Saugata Hazra', 'Pranita P Sarangi', 'Partha Roy', 'N K Navani']"
v0_031_2018_commonwealth_scholarship_in_the_united_kingdom,Sonal Atreya,"['Sonal Atreya', 'Saugata Hazra', 'Pranita P Sarangi', 'Partha Roy', 'N K Navani']"
v0_031_2018_commonwealth_scholarship_in_the_united_kingdom,Tina Pujara,"['Tina Pujara', 'Saugata Hazra', 'Pranita P Sarangi', 'Partha Roy', 'N K Navani']"
v0_031_2018_commonwealth_scholarship_in_the_united_kingdom,Uttam Kumar Roy,"['Uttam Kumar Roy', 'Saugata Hazra', 'Pranita P Sarangi', 'Partha Roy', 'N K Navani']"
v0_031_2018_commonwealth_scholarship_in_the_united_kingdom,V Devadas,"['V Devadas', 'Saugata Hazra', 'Pranita P Sarangi', 'Partha Roy', 'N K Navani']"
v0_031_2018_commonwealth_scholarship_in_the_united_kingdom,Jaydev Dabas,"['Jaydev Dabas', 'Saugata Hazra', 'Pranita P Sarangi', 'Partha Roy', 'N K Navani']"
v0_031_2018_commonwealth_scholarship_in_the_united_kingdom,Millie Pant,"['Millie Pant', 'Saugata Hazra', 'Pranita P Sarangi', 'Partha Roy', 'N K Navani']"
v0_031_2018_commonwealth_scholarship_in_the_united_kingdom,Rajan Arora,"['Rajan Arora', 'Saugata Hazra', 'Pranita P Sarangi', 'Partha Roy', 'N K Navani']"
v0_031_2018_commonwealth_scholarship_in_the_united_kingdom,Ashwani Kumar Sharma,"['Ashwani Kumar Sharma', 'Saugata Hazra', 'Pranita P Sarangi', 'Partha Roy', 'N K Navani']"
v0_031_2018_commonwealth_scholarship_in_the_united_kingdom,Bijan Choudhury,"['Bijan Choudhury', 'Saugata Hazra', 'Pranita P Sarangi', 'Partha Roy', 'N K Navani']"
v0_031_2018_commonwealth_scholarship_in_the_united_kingdom,Debabrata Sircar,"['Debabrata Sircar', 'Saugata Hazra', 'Pranita P Sarangi', 'Partha Roy', 'N K Navani']"
v0_031_2018_commonwealth_scholarship_in_the_united_kingdom,Deepak Sharma,"['Deepak Sharma', 'Saugata Hazra', 'Pranita P Sarangi', 'Partha Roy', 'N K Navani']"
v0_031_2018_commonwealth_scholarship_in_the_united_kingdom,P Gopinath,"['P Gopinath', 'Saugata Hazra', 'Pranita P Sarangi', 'Partha Roy', 'N K Navani']"
v0_031_2018_commonwealth_scholarship_in_the_united_kingdom,Harsh Chauhan,"['Harsh Chauhan', 'Saugata Hazra', 'Pranita P Sarangi', 'Partha Roy', 'N K Navani']"
v0_031_2018_commonwealth_scholarship_in_the_united_kingdom,Srinivas Kiran Ambatipudi,"['Srinivas Kiran Ambatipudi', 'Saugata Hazra', 'Pranita P Sarangi', 'Partha Roy', 'N K Navani']"
v0_031_2018_commonwealth_scholarship_in_the_united_kingdom,Krishna Mohan Poluri,"['Krishna Mohan Poluri', 'Saugata Hazra', 'Pranita P Sarangi', 'Partha Roy', 'N K Navani']"
v0_031_2018_commonwealth_scholarship_in_the_united_kingdom,Maya S.Nair,"['Maya S.Nair', 'Saugata Hazra', 'Pranita P Sarangi', 'Partha Roy', 'N K Navani']"
v0_031_2018_commonwealth_scholarship_in_the_united_kingdom,N K Navani,"['N K Navani', 'Saugata Hazra', 'Pranita P Sarangi', 'Partha Roy', 'Mahua Mukherjee']"
v0_031_2018_commonwealth_scholarship_in_the_united_kingdom,Partha Roy,"['Partha Roy', 'Saugata Hazra', 'Pranita P Sarangi', 'N K Navani', 'Mahua Mukherjee']"
v0_031_2018_commonwealth_scholarship_in_the_united_kingdom,Poonam Choudhary,"['Poonam Choudhary', 'Saugata Hazra', 'Pranita P Sarangi', 'Partha Roy', 'N K Navani']"
v0_031_2018_commonwealth_scholarship_in_the_united_kingdom,Prabhat Kumar Mandal,"['Prabhat Kumar Mandal', 'Saugata Hazra', 'Pranita P Sarangi', 'Partha Roy', 'N K Navani']"
v0_031_2018_commonwealth_scholarship_in_the_united_kingdom,Pranita P Sarangi,"['Pranita P Sarangi', 'Saugata Hazra', 'Partha Roy', 'N K Navani', 'Mahua Mukherjee']"
v0_031_2018_commonwealth_scholarship_in_the_united_kingdom,Pravindra Kumar,"['Pravindra Kumar', 'Saugata Hazra', 'Pranita P Sarangi', 'Partha Roy', 'N K Navani']"
v0_031_2018_commonwealth_scholarship_in_the_united_kingdom,Prince Tiwari,"['Prince Tiwari', 'Saugata Hazra', 'Pranita P Sarangi', 'Partha Roy', 'N K Navani']"
v0_031_2018_commonwealth_scholarship_in_the_united_kingdom,R. P. Singh,"['R. P. Singh', 'Saugata Hazra', 'Pranita P Sarangi', 'Partha Roy', 'N K Navani']"
v0_031_2018_commonwealth_scholarship_in_the_united_kingdom,Ramasare Prasad,"['Ramasare Prasad', 'Saugata Hazra', 'Pranita P Sarangi', 'Partha Roy', 'N K Navani']"
v0_031_2018_commonwealth_scholarship_in_the_united_kingdom,Ranjana Pathania,"['Ranjana Pathania', 'Saugata Hazra', 'Pranita P Sarangi', 'Partha Roy', 'N K Navani']"
v0_031_2018_commonwealth_scholarship_in_the_united_kingdom,Sanjoy Ghosh,"['Sanjoy Ghosh', 'Saugata Hazra', 'Pranita P Sarangi', 'Partha Roy', 'N K Navani']"
v0_031_2018_commonwealth_scholarship_in_the_united_kingdom,Saugata Hazra,"['Saugata Hazra', 'Pranita P Sarangi', 'Partha Roy', 'N K Navani', 'Mahua Mukherjee']"
v0_031_2018_commonwealth_scholarship_in_the_united_kingdom,Shailly Tomar,"['Shailly Tomar', 'Saugata Hazra', 'Pranita P Sarangi', 'Partha Roy', 'N K Navani']"
v0_031_2018_commonwealth_scholarship_in_the_united_kingdom,Shri Ram Yadav,"['Shri Ram Yadav', 'Saugata Hazra', 'Pranita P Sarangi', 'Partha Roy', 'N K Navani']"
v0_031_2018_commonwealth_scholarship_in_the_united_kingdom,Soma Rohatgi,"['Soma Rohatgi', 'Saugata Hazra', 'Pranita P Sarangi', 'Partha Roy', 'N K Navani']"
v0_031_2018_commonwealth_scholarship_in_the_united_kingdom,Sachin Suresh Tiwari,"['Sachin Suresh Tiwari', 'Saugata Hazra', 'Pranita P Sarangi', 'Partha Roy', 'N K Navani']"
v0_031_2018_commonwealth_scholarship_in_the_united_kingdom,Jitin Singla,"['Jitin Singla', 'Saugata Hazra', 'Pranita P Sarangi', 'Partha Roy', 'N K Navani']"
v0_031_2018_commonwealth_scholarship_in_the_united_kingdom,Rajesh Kumar,"['Rajesh Kumar', 'Saugata Hazra', 'Pranita P Sarangi', 'Partha Roy', 'N K Navani']"
v0_031_2018_commonwealth_scholarship_in_the_united_kingdom,Akhil Upadhyay,"['Akhil Upadhyay', 'Saugata Hazra', 'Pranita P Sarangi', 'Partha Roy', 'N K Navani']"
v0_032_indo_german_science__technology_centre_igstc_announces_call_for_grant_applications_for_indo_german_r__d_partnership_on_research_projects_with_industrial_relevance,Arindam Biswas,"['Arindam Biswas', 'Tina Pujara', 'Saptarshi Kolay', 'Pranita P Sarangi', 'Poonam Choudhary']"
v0_032_indo_german_science__technology_centre_igstc_announces_call_for_grant_applications_for_indo_german_r__d_partnership_on_research_projects_with_industrial_relevance,Avlokita Agrawal,"['Avlokita Agrawal', 'Tina Pujara', 'Saptarshi Kolay', 'Pranita P Sarangi', 'Poonam Choudhary']"
v0_032_indo_german_science__technology_centre_igstc_announces_call_for_grant_applications_for_indo_german_r__d_partnership_on_research_projects_with_industrial_relevance,Gaurav Raheja,"['Gaurav Raheja', 'Tina Pujara', 'Saptarshi Kolay', 'Pranita P Sarangi', 'Poonam Choudhary']"
v0_032_indo_german_science__technology_centre_igstc_announces_call_for_grant_applications_for_indo_german_r__d_partnership_on_research_projects_with_industrial_relevance,Harshit Sosan Lakra,"['Harshit Sosan Lakra', 'Tina Pujara', 'Saptarshi Kolay', 'Pranita P Sarangi', 'Poonam Choudhary']"
v0_032_indo_german_science__technology_centre_igstc_announces_call_for_grant_applications_for_indo_german_r__d_partnership_on_research_projects_with_industrial_relevance,Mahua Mukherjee,"['Mahua Mukherjee', 'Tina Pujara', 'Saptarshi Kolay', 'Pranita P Sarangi', 'Poonam Choudhary']"
v0_032_indo_german_science__technology_centre_igstc_announces_call_for_grant_applications_for_indo_german_r__d_partnership_on_research_projects_with_industrial_relevance,Prabhjot Singh Chani,"['Prabhjot Singh Chani', 'Tina Pujara', 'Saptarshi Kolay', 'Pranita P Sarangi', 'Poonam Choudhary']"
v0_032_indo_german_science__technology_centre_igstc_announces_call_for_grant_applications_for_indo_german_r__d_partnership_on_research_projects_with_industrial_relevance,E Rajasekar,"['E Rajasekar', 'Tina Pujara', 'Saptarshi Kolay', 'Pranita P Sarangi', 'Poonam Choudhary']"
v0_032_indo_german_science__technology_centre_igstc_announces_call_for_grant_applications_for_indo_german_r__d_partnership_on_research_projects_with_industrial_relevance,Ram Sateesh Pasupuleti,"['Ram Sateesh Pasupuleti', 'Tina Pujara', 'Saptarshi Kolay', 'Pranita P Sarangi', 'Poonam Choudhary']"
v0_032_indo_german_science__technology_centre_igstc_announces_call_for_grant_applications_for_indo_german_r__d_partnership_on_research_projects_with_industrial_relevance,Saptarshi Kolay,"['Saptarshi Kolay', 'Tina Pujara', 'Pranita P Sarangi', 'Poonam Choudhary', 'E Rajasekar']"
v0_032_indo_german_science__technology_centre_igstc_announces_call_for_grant_applications_for_indo_german_r__d_partnership_on_research_projects_with_industrial_relevance,Shubhajit Sadhukhan,"['Shubhajit Sadhukhan', 'Tina Pujara', 'Saptarshi Kolay', 'Pranita P Sarangi', 'Poonam Choudhary']"
v0_032_indo_german_science__technology_centre_igstc_announces_call_for_grant_applications_for_indo_german_r__d_partnership_on_research_projects_with_industrial_relevance,Smriti Saraswat,"['Smriti Saraswat', 'Tina Pujara', 'Saptarshi Kolay', 'Pranita P Sarangi', 'Poonam Choudhary']"
v0_032_indo_german_science__technology_centre_igstc_announces_call_for_grant_applications_for_indo_german_r__d_partnership_on_research_projects_with_industrial_relevance,Sonal Atreya,"['Sonal Atreya', 'Tina Pujara', 'Saptarshi Kolay', 'Pranita P Sarangi', 'Poonam Choudhary']"
v0_032_indo_german_science__technology_centre_igstc_announces_call_for_grant_applications_for_indo_german_r__d_partnership_on_research_projects_with_industrial_relevance,Tina Pujara,"['Tina Pujara', 'Saptarshi Kolay', 'Pranita P Sarangi', 'Poonam Choudhary', 'E Rajasekar']"
v0_032_indo_german_science__technology_centre_igstc_announces_call_for_grant_applications_for_indo_german_r__d_partnership_on_research_projects_with_industrial_relevance,Uttam Kumar Roy,"['Uttam Kumar Roy', 'Tina Pujara', 'Saptarshi Kolay', 'Pranita P Sarangi', 'Poonam Choudhary']"
v0_032_indo_german_science__technology_centre_igstc_announces_call_for_grant_applications_for_indo_german_r__d_partnership_on_research_projects_with_industrial_relevance,V Devadas,"['V Devadas', 'Tina Pujara', 'Saptarshi Kolay', 'Pranita P Sarangi', 'Poonam Choudhary']"
v0_032_indo_german_science__technology_centre_igstc_announces_call_for_grant_applications_for_indo_german_r__d_partnership_on_research_projects_with_industrial_relevance,Jaydev Dabas,"['Jaydev Dabas', 'Tina Pujara', 'Saptarshi Kolay', 'Pranita P Sarangi', 'Poonam Choudhary']"
v0_032_indo_german_science__technology_centre_igstc_announces_call_for_grant_applications_for_indo_german_r__d_partnership_on_research_projects_with_industrial_relevance,Millie Pant,"['Millie Pant', 'Tina Pujara', 'Saptarshi Kolay', 'Pranita P Sarangi', 'Poonam Choudhary']"
v0_032_indo_german_science__technology_centre_igstc_announces_call_for_grant_applications_for_indo_german_r__d_partnership_on_research_projects_with_industrial_relevance,Rajan Arora,"['Rajan Arora', 'Tina Pujara', 'Saptarshi Kolay', 'Pranita P Sarangi', 'Poonam Choudhary']"
v0_032_indo_german_science__technology_centre_igstc_announces_call_for_grant_applications_for_indo_german_r__d_partnership_on_research_projects_with_industrial_relevance,Ashwani Kumar Sharma,"['Ashwani Kumar Sharma', 'Tina Pujara', 'Saptarshi Kolay', 'Pranita P Sarangi', 'Poonam Choudhary']"
v0_032_indo_german_science__technology_centre_igstc_announces_call_for_grant_applications_for_indo_german_r__d_partnership_on_research_projects_with_industrial_relevance,Bijan Choudhury,"['Bijan Choudhury', 'Tina Pujara', 'Saptarshi Kolay', 'Pranita P Sarangi', 'Poonam Choudhary']"
v0_032_indo_german_science__technology_centre_igstc_announces_call_for_grant_applications_for_indo_german_r__d_partnership_on_research_projects_with_industrial_relevance,Debabrata Sircar,"['Debabrata Sircar', 'Tina Pujara', 'Saptarshi Kolay', 'Pranita P Sarangi', 'Poonam Choudhary']"
v0_032_indo_german_science__technology_centre_igstc_announces_call_for_grant_applications_for_indo_german_r__d_partnership_on_research_projects_with_industrial_relevance,Deepak Sharma,"['Deepak Sharma', 'Tina Pujara', 'Saptarshi Kolay', 'Pranita P Sarangi', 'Poonam Choudhary']"
v0_032_indo_german_science__technology_centre_igstc_announces_call_for_grant_applications_for_indo_german_r__d_partnership_on_research_projects_with_industrial_relevance,P Gopinath,"['P Gopinath', 'Tina Pujara', 'Saptarshi Kolay', 'Pranita P Sarangi', 'Poonam Choudhary']"
v0_032_indo_german_science__technology_centre_igstc_announces_call_for_grant_applications_for_indo_german_r__d_partnership_on_research_projects_with_industrial_relevance,Harsh Chauhan,"['Harsh Chauhan', 'Tina Pujara', 'Saptarshi Kolay', 'Pranita P Sarangi', 'Poonam Choudhary']"
v0_032_indo_german_science__technology_centre_igstc_announces_call_for_grant_applications_for_indo_german_r__d_partnership_on_research_projects_with_industrial_relevance,Srinivas Kiran Ambatipudi,"['Srinivas Kiran Ambatipudi', 'Tina Pujara', 'Saptarshi Kolay', 'Pranita P Sarangi', 'Poonam Choudhary']"
v0_032_indo_german_science__technology_centre_igstc_announces_call_for_grant_applications_for_indo_german_r__d_partnership_on_research_projects_with_industrial_relevance,Krishna Mohan Poluri,"['Krishna Mohan Poluri', 'Tina Pujara', 'Saptarshi Kolay', 'Pranita P Sarangi', 'Poonam Choudhary']"
v0_032_indo_german_science__technology_centre_igstc_announces_call_for_grant_applications_for_indo_german_r__d_partnership_on_research_projects_with_industrial_relevance,Maya S.Nair,"['Maya S.Nair', 'Tina Pujara', 'Saptarshi Kolay', 'Pranita P Sarangi', 'Poonam Choudhary']"
v0_032_indo_german_science__technology_centre_igstc_announces_call_for_grant_applications_for_indo_german_r__d_partnership_on_research_projects_with_industrial_relevance,N K Navani,"['N K Navani', 'Tina Pujara', 'Saptarshi Kolay', 'Pranita P Sarangi', 'Poonam Choudhary']"
v0_032_indo_german_science__technology_centre_igstc_announces_call_for_grant_applications_for_indo_german_r__d_partnership_on_research_projects_with_industrial_relevance,Partha Roy,"['Partha Roy', 'Tina Pujara', 'Saptarshi Kolay', 'Pranita P Sarangi', 'Poonam Choudhary']"
v0_032_indo_german_science__technology_centre_igstc_announces_call_for_grant_applications_for_indo_german_r__d_partnership_on_research_projects_with_industrial_relevance,Poonam Choudhary,"['Poonam Choudhary', 'Tina Pujara', 'Saptarshi Kolay', 'Pranita P Sarangi', 'E Rajasekar']"
v0_032_indo_german_science__technology_centre_igstc_announces_call_for_grant_applications_for_indo_german_r__d_partnership_on_research_projects_with_industrial_relevance,Prabhat Kumar Mandal,"['Prabhat Kumar Mandal', 'Tina Pujara', 'Saptarshi Kolay', 'Pranita P Sarangi', 'Poonam Choudhary']"
v0_032_indo_german_science__technology_centre_igstc_announces_call_for_grant_applications_for_indo_german_r__d_partnership_on_research_projects_with_industrial_relevance,Pranita P Sarangi,"['Pranita P Sarangi', 'Tina Pujara', 'Saptarshi Kolay', 'Poonam Choudhary', 'E Rajasekar']"
v0_032_indo_german_science__technology_centre_igstc_announces_call_for_grant_applications_for_indo_german_r__d_partnership_on_research_projects_with_industrial_relevance,Pravindra Kumar,"['Pravindra Kumar', 'Tina Pujara', 'Saptarshi Kolay', 'Pranita P Sarangi', 'Poonam Choudhary']"
v0_032_indo_german_science__technology_centre_igstc_announces_call_for_grant_applications_for_indo_german_r__d_partnership_on_research_projects_with_industrial_relevance,Prince Tiwari,"['Prince Tiwari', 'Tina Pujara', 'Saptarshi Kolay', 'Pranita P Sarangi', 'Poonam Choudhary']"
v0_032_indo_german_science__technology_centre_igstc_announces_call_for_grant_applications_for_indo_german_r__d_partnership_on_research_projects_with_industrial_relevance,R. P. Singh,"['R. P. Singh', 'Tina Pujara', 'Saptarshi Kolay', 'Pranita P Sarangi', 'Poonam Choudhary']"
v0_032_indo_german_science__technology_centre_igstc_announces_call_for_grant_applications_for_indo_german_r__d_partnership_on_research_projects_with_industrial_relevance,Ramasare Prasad,"['Ramasare Prasad', 'Tina Pujara', 'Saptarshi Kolay', 'Pranita P Sarangi', 'Poonam Choudhary']"
v0_032_indo_german_science__technology_centre_igstc_announces_call_for_grant_applications_for_indo_german_r__d_partnership_on_research_projects_with_industrial_relevance,Ranjana Pathania,"['Ranjana Pathania', 'Tina Pujara', 'Saptarshi Kolay', 'Pranita P Sarangi', 'Poonam Choudhary']"
v0_032_indo_german_science__technology_centre_igstc_announces_call_for_grant_applications_for_indo_german_r__d_partnership_on_research_projects_with_industrial_relevance,Sanjoy Ghosh,"['Sanjoy Ghosh', 'Tina Pujara', 'Saptarshi Kolay', 'Pranita P Sarangi', 'Poonam Choudhary']"
v0_032_indo_german_science__technology_centre_igstc_announces_call_for_grant_applications_for_indo_german_r__d_partnership_on_research_projects_with_industrial_relevance,Saugata Hazra,"['Saugata Hazra', 'Tina Pujara', 'Saptarshi Kolay', 'Pranita P Sarangi', 'Poonam Choudhary']"
v0_032_indo_german_science__technology_centre_igstc_announces_call_for_grant_applications_for_indo_german_r__d_partnership_on_research_projects_with_industrial_relevance,Shailly Tomar,"['Shailly Tomar', 'Tina Pujara', 'Saptarshi Kolay', 'Pranita P Sarangi', 'Poonam Choudhary']"
v0_032_indo_german_science__technology_centre_igstc_announces_call_for_grant_applications_for_indo_german_r__d_partnership_on_research_projects_with_industrial_relevance,Shri Ram Yadav,"['Shri Ram Yadav', 'Tina Pujara', 'Saptarshi Kolay', 'Pranita P Sarangi', 'Poonam Choudhary']"
v0_032_indo_german_science__technology_centre_igstc_announces_call_for_grant_applications_for_indo_german_r__d_partnership_on_research_projects_with_industrial_relevance,Soma Rohatgi,"['Soma Rohatgi', 'Tina Pujara', 'Saptarshi Kolay', 'Pranita P Sarangi', 'Poonam Choudhary']"
v0_032_indo_german_science__technology_centre_igstc_announces_call_for_grant_applications_for_indo_german_r__d_partnership_on_research_projects_with_industrial_relevance,Sachin Suresh Tiwari,"['Sachin Suresh Tiwari', 'Tina Pujara', 'Saptarshi Kolay', 'Pranita P Sarangi', 'Poonam Choudhary']"
v0_032_indo_german_science__technology_centre_igstc_announces_call_for_grant_applications_for_indo_german_r__d_partnership_on_research_projects_with_industrial_relevance,Jitin Singla,"['Jitin Singla', 'Tina Pujara', 'Saptarshi Kolay', 'Pranita P Sarangi', 'Poonam Choudhary']"
v0_032_indo_german_science__technology_centre_igstc_announces_call_for_grant_applications_for_indo_german_r__d_partnership_on_research_projects_with_industrial_relevance,Rajesh Kumar,"['Rajesh Kumar', 'Tina Pujara', 'Saptarshi Kolay', 'Pranita P Sarangi', 'Poonam Choudhary']"
v0_032_indo_german_science__technology_centre_igstc_announces_call_for_grant_applications_for_indo_german_r__d_partnership_on_research_projects_with_industrial_relevance,Akhil Upadhyay,"['Akhil Upadhyay', 'Tina Pujara', 'Saptarshi Kolay', 'Pranita P Sarangi', 'Poonam Choudhary']"
v0_033_call_for_proposals___2018_under_india___iran_bilateral_st_cooperation,Arindam Biswas,"['Arindam Biswas', 'Mahua Mukherjee', 'E Rajasekar']"
v0_033_call_for_proposals___2018_under_india___iran_bilateral_st_cooperation,Avlokita Agrawal,"['Avlokita Agrawal', 'Mahua Mukherjee', 'E Rajasekar']"
v0_033_call_for_proposals___2018_under_india___iran_bilateral_st_cooperation,Gaurav Raheja,"['Gaurav Raheja', 'Mahua Mukherjee', 'E Rajasekar']"
v0_033_call_for_proposals___2018_under_india___iran_bilateral_st_cooperation,Harshit Sosan Lakra,"['Harshit Sosan Lakra', 'Mahua Mukherjee', 'E Rajasekar']"
v0_033_call_for_proposals___2018_under_india___iran_bilateral_st_cooperation,Mahua Mukherjee,"['Mahua Mukherjee', 'E Rajasekar']"
v0_033_call_for_proposals___2018_under_india___iran_bilateral_st_cooperation,Prabhjot Singh Chani,"['Prabhjot Singh Chani', 'Mahua Mukherjee', 'E Rajasekar']"
v0_033_call_for_proposals___2018_under_india___iran_bilateral_st_cooperation,E Rajasekar,"['E Rajasekar', 'Mahua Mukherjee']"
v0_033_call_for_proposals___2018_under_india___iran_bilateral_st_cooperation,Ram Sateesh Pasupuleti,"['Ram Sateesh Pasupuleti', 'Mahua Mukherjee', 'E Rajasekar']"
v0_033_call_for_proposals___2018_under_india___iran_bilateral_st_cooperation,Saptarshi Kolay,"['Saptarshi Kolay', 'Mahua Mukherjee', 'E Rajasekar']"
v0_033_call_for_proposals___2018_under_india___iran_bilateral_st_cooperation,Shubhajit Sadhukhan,"['Shubhajit Sadhukhan', 'Mahua Mukherjee', 'E Rajasekar']"
v0_033_call_for_proposals___2018_under_india___iran_bilateral_st_cooperation,Smriti Saraswat,"['Smriti Saraswat', 'Mahua Mukherjee', 'E Rajasekar']"
v0_033_call_for_proposals___2018_under_india___iran_bilateral_st_cooperation,Sonal Atreya,"['Sonal Atreya', 'Mahua Mukherjee', 'E Rajasekar']"
v0_033_call_for_proposals___2018_under_india___iran_bilateral_st_cooperation,Tina Pujara,"['Tina Pujara', 'Mahua Mukherjee', 'E Rajasekar']"
v0_033_call_for_proposals___2018_under_india___iran_bilateral_st_cooperation,Uttam Kumar Roy,"['Uttam Kumar Roy', 'Mahua Mukherjee', 'E Rajasekar']"
v0_033_call_for_proposals___2018_under_india___iran_bilateral_st_cooperation,V Devadas,"['V Devadas', 'Mahua Mukherjee', 'E Rajasekar']"
v0_033_call_for_proposals___2018_under_india___iran_bilateral_st_cooperation,Jaydev Dabas,"['Jaydev Dabas', 'Mahua Mukherjee', 'E Rajasekar']"
v0_033_call_for_proposals___2018_under_india___iran_bilateral_st_cooperation,Millie Pant,"['Millie Pant', 'Mahua Mukherjee', 'E Rajasekar']"
v0_033_call_for_proposals___2018_under_india___iran_bilateral_st_cooperation,Rajan Arora,"['Rajan Arora', 'Mahua Mukherjee', 'E Rajasekar']"
v0_033_call_for_proposals___2018_under_india___iran_bilateral_st_cooperation,Ashwani Kumar Sharma,"['Ashwani Kumar Sharma', 'Mahua Mukherjee', 'E Rajasekar']"
v0_033_call_for_proposals___2018_under_india___iran_bilateral_st_cooperation,Bijan Choudhury,"['Bijan Choudhury', 'Mahua Mukherjee', 'E Rajasekar']"
v0_033_call_for_proposals___2018_under_india___iran_bilateral_st_cooperation,Debabrata Sircar,"['Debabrata Sircar', 'Mahua Mukherjee', 'E Rajasekar']"
v0_033_call_for_proposals___2018_under_india___iran_bilateral_st_cooperation,Deepak Sharma,"['Deepak Sharma', 'Mahua Mukherjee', 'E Rajasekar']"
v0_033_call_for_proposals___2018_under_india___iran_bilateral_st_cooperation,P Gopinath,"['P Gopinath', 'Mahua Mukherjee', 'E Rajasekar']"
v0_033_call_for_proposals___2018_under_india___iran_bilateral_st_cooperation,Harsh Chauhan,"['Harsh Chauhan', 'Mahua Mukherjee', 'E Rajasekar']"
v0_033_call_for_proposals___2018_under_india___iran_bilateral_st_cooperation,Srinivas Kiran Ambatipudi,"['Srinivas Kiran Ambatipudi', 'Mahua Mukherjee', 'E Rajasekar']"
v0_033_call_for_proposals___2018_under_india___iran_bilateral_st_cooperation,Krishna Mohan Poluri,"['Krishna Mohan Poluri', 'Mahua Mukherjee', 'E Rajasekar']"
v0_033_call_for_proposals___2018_under_india___iran_bilateral_st_cooperation,Maya S.Nair,"['Maya S.Nair', 'Mahua Mukherjee', 'E Rajasekar']"
v0_033_call_for_proposals___2018_under_india___iran_bilateral_st_cooperation,N K Navani,"['N K Navani', 'Mahua Mukherjee', 'E Rajasekar']"
v0_033_call_for_proposals___2018_under_india___iran_bilateral_st_cooperation,Partha Roy,"['Partha Roy', 'Mahua Mukherjee', 'E Rajasekar']"
v0_033_call_for_proposals___2018_under_india___iran_bilateral_st_cooperation,Poonam Choudhary,"['Poonam Choudhary', 'Mahua Mukherjee', 'E Rajasekar']"
v0_033_call_for_proposals___2018_under_india___iran_bilateral_st_cooperation,Prabhat Kumar Mandal,"['Prabhat Kumar Mandal', 'Mahua Mukherjee', 'E Rajasekar']"
v0_033_call_for_proposals___2018_under_india___iran_bilateral_st_cooperation,Pranita P Sarangi,"['Pranita P Sarangi', 'Mahua Mukherjee', 'E Rajasekar']"
v0_033_call_for_proposals___2018_under_india___iran_bilateral_st_cooperation,Pravindra Kumar,"['Pravindra Kumar', 'Mahua Mukherjee', 'E Rajasekar']"
v0_033_call_for_proposals___2018_under_india___iran_bilateral_st_cooperation,Prince Tiwari,"['Prince Tiwari', 'Mahua Mukherjee', 'E Rajasekar']"
v0_033_call_for_proposals___2018_under_india___iran_bilateral_st_cooperation,R. P. Singh,"['R. P. Singh', 'Mahua Mukherjee', 'E Rajasekar']"
v0_033_call_for_proposals___2018_under_india___iran_bilateral_st_cooperation,Ramasare Prasad,"['Ramasare Prasad', 'Mahua Mukherjee', 'E Rajasekar']"
v0_033_call_for_proposals___2018_under_india___iran_bilateral_st_cooperation,Ranjana Pathania,"['Ranjana Pathania', 'Mahua Mukherjee', 'E Rajasekar']"
v0_033_call_for_proposals___2018_under_india___iran_bilateral_st_cooperation,Sanjoy Ghosh,"['Sanjoy Ghosh', 'Mahua Mukherjee', 'E Rajasekar']"
v0_033_call_for_proposals___2018_under_india___iran_bilateral_st_cooperation,Saugata Hazra,"['Saugata Hazra', 'Mahua Mukherjee', 'E Rajasekar']"
v0_033_call_for_proposals___2018_under_india___iran_bilateral_st_cooperation,Shailly Tomar,"['Shailly Tomar', 'Mahua Mukherjee', 'E Rajasekar']"
v0_033_call_for_proposals___2018_under_india___iran_bilateral_st_cooperation,Shri Ram Yadav,"['Shri Ram Yadav', 'Mahua Mukherjee', 'E Rajasekar']"
v0_033_call_for_proposals___2018_under_india___iran_bilateral_st_cooperation,Soma Rohatgi,"['Soma Rohatgi', 'Mahua Mukherjee', 'E Rajasekar']"
v0_033_call_for_proposals___2018_under_india___iran_bilateral_st_cooperation,Sachin Suresh Tiwari,"['Sachin Suresh Tiwari', 'Mahua Mukherjee', 'E Rajasekar']"
v0_033_call_for_proposals___2018_under_india___iran_bilateral_st_cooperation,Jitin Singla,"['Jitin Singla', 'Mahua Mukherjee', 'E Rajasekar']"
v0_033_call_for_proposals___2018_under_india___iran_bilateral_st_cooperation,Rajesh Kumar,"['Rajesh Kumar', 'Mahua Mukherjee', 'E Rajasekar']"
v0_033_call_for_proposals___2018_under_india___iran_bilateral_st_cooperation,Akhil Upadhyay,"['Akhil Upadhyay', 'Mahua Mukherjee', 'E Rajasekar']"
v0_034_call_for_proposal_for_device_development_programme___2017,Arindam Biswas,"['Arindam Biswas', 'V Devadas', 'Shailly Tomar', 'N K Navani']"
v0_034_call_for_proposal_for_device_development_programme___2017,Avlokita Agrawal,"['Avlokita Agrawal', 'V Devadas', 'Shailly Tomar', 'N K Navani']"
v0_034_call_for_proposal_for_device_development_programme___2017,Gaurav Raheja,"['Gaurav Raheja', 'V Devadas', 'Shailly Tomar', 'N K Navani']"
v0_034_call_for_proposal_for_device_development_programme___2017,Harshit Sosan Lakra,"['Harshit Sosan Lakra', 'V Devadas', 'Shailly Tomar', 'N K Navani']"
v0_034_call_for_proposal_for_device_development_programme___2017,Mahua Mukherjee,"['Mahua Mukherjee', 'V Devadas', 'Shailly Tomar', 'N K Navani']"
v0_034_call_for_proposal_for_device_development_programme___2017,Prabhjot Singh Chani,"['Prabhjot Singh Chani', 'V Devadas', 'Shailly Tomar', 'N K Navani']"
v0_034_call_for_proposal_for_device_development_programme___2017,E Rajasekar,"['E Rajasekar', 'V Devadas', 'Shailly Tomar', 'N K Navani']"
v0_034_call_for_proposal_for_device_development_programme___2017,Ram Sateesh Pasupuleti,"['Ram Sateesh Pasupuleti', 'V Devadas', 'Shailly Tomar', 'N K Navani']"
v0_034_call_for_proposal_for_device_development_programme___2017,Saptarshi Kolay,"['Saptarshi Kolay', 'V Devadas', 'Shailly Tomar', 'N K Navani']"
v0_034_call_for_proposal_for_device_development_programme___2017,Shubhajit Sadhukhan,"['Shubhajit Sadhukhan', 'V Devadas', 'Shailly Tomar', 'N K Navani']"
v0_034_call_for_proposal_for_device_development_programme___2017,Smriti Saraswat,"['Smriti Saraswat', 'V Devadas', 'Shailly Tomar', 'N K Navani']"
v0_034_call_for_proposal_for_device_development_programme___2017,Sonal Atreya,"['Sonal Atreya', 'V Devadas', 'Shailly Tomar', 'N K Navani']"
v0_034_call_for_proposal_for_device_development_programme___2017,Tina Pujara,"['Tina Pujara', 'V Devadas', 'Shailly Tomar', 'N K Navani']"
v0_034_call_for_proposal_for_device_development_programme___2017,Uttam Kumar Roy,"['Uttam Kumar Roy', 'V Devadas', 'Shailly Tomar', 'N K Navani']"
v0_034_call_for_proposal_for_device_development_programme___2017,V Devadas,"['V Devadas', 'Shailly Tomar', 'N K Navani']"
v0_034_call_for_proposal_for_device_development_programme___2017,Jaydev Dabas,"['Jaydev Dabas', 'V Devadas', 'Shailly Tomar', 'N K Navani']"
v0_034_call_for_proposal_for_device_development_programme___2017,Millie Pant,"['Millie Pant', 'V Devadas', 'Shailly Tomar', 'N K Navani']"
v0_034_call_for_proposal_for_device_development_programme___2017,Rajan Arora,"['Rajan Arora', 'V Devadas', 'Shailly Tomar', 'N K Navani']"
v0_034_call_for_proposal_for_device_development_programme___2017,Ashwani Kumar Sharma,"['Ashwani Kumar Sharma', 'V Devadas', 'Shailly Tomar', 'N K Navani']"
v0_034_call_for_proposal_for_device_development_programme___2017,Bijan Choudhury,"['Bijan Choudhury', 'V Devadas', 'Shailly Tomar', 'N K Navani']"
v0_034_call_for_proposal_for_device_development_programme___2017,Debabrata Sircar,"['Debabrata Sircar', 'V Devadas', 'Shailly Tomar', 'N K Navani']"
v0_034_call_for_proposal_for_device_development_programme___2017,Deepak Sharma,"['Deepak Sharma', 'V Devadas', 'Shailly Tomar', 'N K Navani']"
v0_034_call_for_proposal_for_device_development_programme___2017,P Gopinath,"['P Gopinath', 'V Devadas', 'Shailly Tomar', 'N K Navani']"
v0_034_call_for_proposal_for_device_development_programme___2017,Harsh Chauhan,"['Harsh Chauhan', 'V Devadas', 'Shailly Tomar', 'N K Navani']"
v0_034_call_for_proposal_for_device_development_programme___2017,Srinivas Kiran Ambatipudi,"['Srinivas Kiran Ambatipudi', 'V Devadas', 'Shailly Tomar', 'N K Navani']"
v0_034_call_for_proposal_for_device_development_programme___2017,Krishna Mohan Poluri,"['Krishna Mohan Poluri', 'V Devadas', 'Shailly Tomar', 'N K Navani']"
v0_034_call_for_proposal_for_device_development_programme___2017,Maya S.Nair,"['Maya S.Nair', 'V Devadas', 'Shailly Tomar', 'N K Navani']"
v0_034_call_for_proposal_for_device_development_programme___2017,N K Navani,"['N K Navani', 'V Devadas', 'Shailly Tomar']"
v0_034_call_for_proposal_for_device_development_programme___2017,Partha Roy,"['Partha Roy', 'V Devadas', 'Shailly Tomar', 'N K Navani']"
v0_034_call_for_proposal_for_device_development_programme___2017,Poonam Choudhary,"['Poonam Choudhary', 'V Devadas', 'Shailly Tomar', 'N K Navani']"
v0_034_call_for_proposal_for_device_development_programme___2017,Prabhat Kumar Mandal,"['Prabhat Kumar Mandal', 'V Devadas', 'Shailly Tomar', 'N K Navani']"
v0_034_call_for_proposal_for_device_development_programme___2017,Pranita P Sarangi,"['Pranita P Sarangi', 'V Devadas', 'Shailly Tomar', 'N K Navani']"
v0_034_call_for_proposal_for_device_development_programme___2017,Pravindra Kumar,"['Pravindra Kumar', 'V Devadas', 'Shailly Tomar', 'N K Navani']"
v0_034_call_for_proposal_for_device_development_programme___2017,Prince Tiwari,"['Prince Tiwari', 'V Devadas', 'Shailly Tomar', 'N K Navani']"
v0_034_call_for_proposal_for_device_development_programme___2017,R. P. Singh,"['R. P. Singh', 'V Devadas', 'Shailly Tomar', 'N K Navani']"
v0_034_call_for_proposal_for_device_development_programme___2017,Ramasare Prasad,"['Ramasare Prasad', 'V Devadas', 'Shailly Tomar', 'N K Navani']"
v0_034_call_for_proposal_for_device_development_programme___2017,Ranjana Pathania,"['Ranjana Pathania', 'V Devadas', 'Shailly Tomar', 'N K Navani']"
v0_034_call_for_proposal_for_device_development_programme___2017,Sanjoy Ghosh,"['Sanjoy Ghosh', 'V Devadas', 'Shailly Tomar', 'N K Navani']"
v0_034_call_for_proposal_for_device_development_programme___2017,Saugata Hazra,"['Saugata Hazra', 'V Devadas', 'Shailly Tomar', 'N K Navani']"
v0_034_call_for_proposal_for_device_development_programme___2017,Shailly Tomar,"['Shailly Tomar', 'V Devadas', 'N K Navani']"
v0_034_call_for_proposal_for_device_development_programme___2017,Shri Ram Yadav,"['Shri Ram Yadav', 'V Devadas', 'Shailly Tomar', 'N K Navani']"
v0_034_call_for_proposal_for_device_development_programme___2017,Soma Rohatgi,"['Soma Rohatgi', 'V Devadas', 'Shailly Tomar', 'N K Navani']"
v0_034_call_for_proposal_for_device_development_programme___2017,Sachin Suresh Tiwari,"['Sachin Suresh Tiwari', 'V Devadas', 'Shailly Tomar', 'N K Navani']"
v0_034_call_for_proposal_for_device_development_programme___2017,Jitin Singla,"['Jitin Singla', 'V Devadas', 'Shailly Tomar', 'N K Navani']"
v0_034_call_for_proposal_for_device_development_programme___2017,Rajesh Kumar,"['Rajesh Kumar', 'V Devadas', 'Shailly Tomar', 'N K Navani']"
v0_034_call_for_proposal_for_device_development_programme___2017,Akhil Upadhyay,"['Akhil Upadhyay', 'V Devadas', 'Shailly Tomar', 'N K Navani']"
v0_035_call_for_proposal___science__heritage_research_initiativeshri,Arindam Biswas,"['Arindam Biswas', 'Shubhajit Sadhukhan', 'Shri Ram Yadav', 'Sachin Suresh Tiwari', 'R. P. Singh']"
v0_035_call_for_proposal___science__heritage_research_initiativeshri,Avlokita Agrawal,"['Avlokita Agrawal', 'Shubhajit Sadhukhan', 'Shri Ram Yadav', 'Sachin Suresh Tiwari', 'R. P. Singh']"
v0_035_call_for_proposal___science__heritage_research_initiativeshri,Gaurav Raheja,"['Gaurav Raheja', 'Shubhajit Sadhukhan', 'Shri Ram Yadav', 'Sachin Suresh Tiwari', 'R. P. Singh']"
v0_035_call_for_proposal___science__heritage_research_initiativeshri,Harshit Sosan Lakra,"['Harshit Sosan Lakra', 'Shubhajit Sadhukhan', 'Shri Ram Yadav', 'Sachin Suresh Tiwari', 'R. P. Singh']"
v0_035_call_for_proposal___science__heritage_research_initiativeshri,Mahua Mukherjee,"['Mahua Mukherjee', 'Shubhajit Sadhukhan', 'Shri Ram Yadav', 'Sachin Suresh Tiwari', 'R. P. Singh']"
v0_035_call_for_proposal___science__heritage_research_initiativeshri,Prabhjot Singh Chani,"['Prabhjot Singh Chani', 'Shubhajit Sadhukhan', 'Shri Ram Yadav', 'Sachin Suresh Tiwari', 'R. P. Singh']"
v0_035_call_for_proposal___science__heritage_research_initiativeshri,E Rajasekar,"['E Rajasekar', 'Shubhajit Sadhukhan', 'Shri Ram Yadav', 'Sachin Suresh Tiwari', 'R. P. Singh']"
v0_035_call_for_proposal___science__heritage_research_initiativeshri,Ram Sateesh Pasupuleti,"['Ram Sateesh Pasupuleti', 'Shubhajit Sadhukhan', 'Shri Ram Yadav', 'Sachin Suresh Tiwari', 'R. P. Singh']"
v0_035_call_for_proposal___science__heritage_research_initiativeshri,Saptarshi Kolay,"['Saptarshi Kolay', 'Shubhajit Sadhukhan', 'Shri Ram Yadav', 'Sachin Suresh Tiwari', 'R. P. Singh']"
v0_035_call_for_proposal___science__heritage_research_initiativeshri,Shubhajit Sadhukhan,"['Shubhajit Sadhukhan', 'Shri Ram Yadav', 'Sachin Suresh Tiwari', 'R. P. Singh', 'Millie Pant']"
v0_035_call_for_proposal___science__heritage_research_initiativeshri,Smriti Saraswat,"['Smriti Saraswat', 'Shubhajit Sadhukhan', 'Shri Ram Yadav', 'Sachin Suresh Tiwari', 'R. P. Singh']"
v0_035_call_for_proposal___science__heritage_research_initiativeshri,Sonal Atreya,"['Sonal Atreya', 'Shubhajit Sadhukhan', 'Shri Ram Yadav', 'Sachin Suresh Tiwari', 'R. P. Singh']"
v0_035_call_for_proposal___science__heritage_research_initiativeshri,Tina Pujara,"['Tina Pujara', 'Shubhajit Sadhukhan', 'Shri Ram Yadav', 'Sachin Suresh Tiwari', 'R. P. Singh']"
v0_035_call_for_proposal___science__heritage_research_initiativeshri,Uttam Kumar Roy,"['Uttam Kumar Roy', 'Shubhajit Sadhukhan', 'Shri Ram Yadav', 'Sachin Suresh Tiwari', 'R. P. Singh']"
v0_035_call_for_proposal___science__heritage_research_initiativeshri,V Devadas,"['V Devadas', 'Shubhajit Sadhukhan', 'Shri Ram Yadav', 'Sachin Suresh Tiwari', 'R. P. Singh']"
v0_035_call_for_proposal___science__heritage_research_initiativeshri,Jaydev Dabas,"['Jaydev Dabas', 'Shubhajit Sadhukhan', 'Shri Ram Yadav', 'Sachin Suresh Tiwari', 'R. P. Singh']"
v0_035_call_for_proposal___science__heritage_research_initiativeshri,Millie Pant,"['Millie Pant', 'Shubhajit Sadhukhan', 'Shri Ram Yadav', 'Sachin Suresh Tiwari', 'R. P. Singh']"
v0_035_call_for_proposal___science__heritage_research_initiativeshri,Rajan Arora,"['Rajan Arora', 'Shubhajit Sadhukhan', 'Shri Ram Yadav', 'Sachin Suresh Tiwari', 'R. P. Singh']"
v0_035_call_for_proposal___science__heritage_research_initiativeshri,Ashwani Kumar Sharma,"['Ashwani Kumar Sharma', 'Shubhajit Sadhukhan', 'Shri Ram Yadav', 'Sachin Suresh Tiwari', 'R. P. Singh']"
v0_035_call_for_proposal___science__heritage_research_initiativeshri,Bijan Choudhury,"['Bijan Choudhury', 'Shubhajit Sadhukhan', 'Shri Ram Yadav', 'Sachin Suresh Tiwari', 'R. P. Singh']"
v0_035_call_for_proposal___science__heritage_research_initiativeshri,Debabrata Sircar,"['Debabrata Sircar', 'Shubhajit Sadhukhan', 'Shri Ram Yadav', 'Sachin Suresh Tiwari', 'R. P. Singh']"
v0_035_call_for_proposal___science__heritage_research_initiativeshri,Deepak Sharma,"['Deepak Sharma', 'Shubhajit Sadhukhan', 'Shri Ram Yadav', 'Sachin Suresh Tiwari', 'R. P. Singh']"
v0_035_call_for_proposal___science__heritage_research_initiativeshri,P Gopinath,"['P Gopinath', 'Shubhajit Sadhukhan', 'Shri Ram Yadav', 'Sachin Suresh Tiwari', 'R. P. Singh']"
v0_035_call_for_proposal___science__heritage_research_initiativeshri,Harsh Chauhan,"['Harsh Chauhan', 'Shubhajit Sadhukhan', 'Shri Ram Yadav', 'Sachin Suresh Tiwari', 'R. P. Singh']"
v0_035_call_for_proposal___science__heritage_research_initiativeshri,Srinivas Kiran Ambatipudi,"['Srinivas Kiran Ambatipudi', 'Shubhajit Sadhukhan', 'Shri Ram Yadav', 'Sachin Suresh Tiwari', 'R. P. Singh']"
v0_035_call_for_proposal___science__heritage_research_initiativeshri,Krishna Mohan Poluri,"['Krishna Mohan Poluri', 'Shubhajit Sadhukhan', 'Shri Ram Yadav', 'Sachin Suresh Tiwari', 'R. P. Singh']"
v0_035_call_for_proposal___science__heritage_research_initiativeshri,Maya S.Nair,"['Maya S.Nair', 'Shubhajit Sadhukhan', 'Shri Ram Yadav', 'Sachin Suresh Tiwari', 'R. P. Singh']"
v0_035_call_for_proposal___science__heritage_research_initiativeshri,N K Navani,"['N K Navani', 'Shubhajit Sadhukhan', 'Shri Ram Yadav', 'Sachin Suresh Tiwari', 'R. P. Singh']"
v0_035_call_for_proposal___science__heritage_research_initiativeshri,Partha Roy,"['Partha Roy', 'Shubhajit Sadhukhan', 'Shri Ram Yadav', 'Sachin Suresh Tiwari', 'R. P. Singh']"
v0_035_call_for_proposal___science__heritage_research_initiativeshri,Poonam Choudhary,"['Poonam Choudhary', 'Shubhajit Sadhukhan', 'Shri Ram Yadav', 'Sachin Suresh Tiwari', 'R. P. Singh']"
v0_035_call_for_proposal___science__heritage_research_initiativeshri,Prabhat Kumar Mandal,"['Prabhat Kumar Mandal', 'Shubhajit Sadhukhan', 'Shri Ram Yadav', 'Sachin Suresh Tiwari', 'R. P. Singh']"
v0_035_call_for_proposal___science__heritage_research_initiativeshri,Pranita P Sarangi,"['Pranita P Sarangi', 'Shubhajit Sadhukhan', 'Shri Ram Yadav', 'Sachin Suresh Tiwari', 'R. P. Singh']"
v0_035_call_for_proposal___science__heritage_research_initiativeshri,Pravindra Kumar,"['Pravindra Kumar', 'Shubhajit Sadhukhan', 'Shri Ram Yadav', 'Sachin Suresh Tiwari', 'R. P. Singh']"
v0_035_call_for_proposal___science__heritage_research_initiativeshri,Prince Tiwari,"['Prince Tiwari', 'Shubhajit Sadhukhan', 'Shri Ram Yadav', 'Sachin Suresh Tiwari', 'R. P. Singh']"
v0_035_call_for_proposal___science__heritage_research_initiativeshri,R. P. Singh,"['R. P. Singh', 'Shubhajit Sadhukhan', 'Shri Ram Yadav', 'Sachin Suresh Tiwari', 'Millie Pant']"
v0_035_call_for_proposal___science__heritage_research_initiativeshri,Ramasare Prasad,"['Ramasare Prasad', 'Shubhajit Sadhukhan', 'Shri Ram Yadav', 'Sachin Suresh Tiwari', 'R. P. Singh']"
v0_035_call_for_proposal___science__heritage_research_initiativeshri,Ranjana Pathania,"['Ranjana Pathania', 'Shubhajit Sadhukhan', 'Shri Ram Yadav', 'Sachin Suresh Tiwari', 'R. P. Singh']"
v0_035_call_for_proposal___science__heritage_research_initiativeshri,Sanjoy Ghosh,"['Sanjoy Ghosh', 'Shubhajit Sadhukhan', 'Shri Ram Yadav', 'Sachin Suresh Tiwari', 'R. P. Singh']"
v0_035_call_for_proposal___science__heritage_research_initiativeshri,Saugata Hazra,"['Saugata Hazra', 'Shubhajit Sadhukhan', 'Shri Ram Yadav', 'Sachin Suresh Tiwari', 'R. P. Singh']"
v0_035_call_for_proposal___science__heritage_research_initiativeshri,Shailly Tomar,"['Shailly Tomar', 'Shubhajit Sadhukhan', 'Shri Ram Yadav', 'Sachin Suresh Tiwari', 'R. P. Singh']"
v0_035_call_for_proposal___science__heritage_research_initiativeshri,Shri Ram Yadav,"['Shri Ram Yadav', 'Shubhajit Sadhukhan', 'Sachin Suresh Tiwari', 'R. P. Singh', 'Millie Pant']"
v0_035_call_for_proposal___science__heritage_research_initiativeshri,Soma Rohatgi,"['Soma Rohatgi', 'Shubhajit Sadhukhan', 'Shri Ram Yadav', 'Sachin Suresh Tiwari', 'R. P. Singh']"
v0_035_call_for_proposal___science__heritage_research_initiativeshri,Sachin Suresh Tiwari,"['Sachin Suresh Tiwari', 'Shubhajit Sadhukhan', 'Shri Ram Yadav', 'R. P. Singh', 'Millie Pant']"
v0_035_call_for_proposal___science__heritage_research_initiativeshri,Jitin Singla,"['Jitin Singla', 'Shubhajit Sadhukhan', 'Shri Ram Yadav', 'Sachin Suresh Tiwari', 'R. P. Singh']"
v0_035_call_for_proposal___science__heritage_research_initiativeshri,Rajesh Kumar,"['Rajesh Kumar', 'Shubhajit Sadhukhan', 'Shri Ram Yadav', 'Sachin Suresh Tiwari', 'R. P. Singh']"
v0_035_call_for_proposal___science__heritage_research_initiativeshri,Akhil Upadhyay,"['Akhil Upadhyay', 'Shubhajit Sadhukhan', 'Shri Ram Yadav', 'Sachin Suresh Tiwari', 'R. P. Singh']"
v0_036_indo___norway_joint_energy_call_2017,Arindam Biswas,"['Arindam Biswas', 'Shailly Tomar', 'Sanjoy Ghosh', 'Pravindra Kumar', 'Mahua Mukherjee']"
v0_036_indo___norway_joint_energy_call_2017,Avlokita Agrawal,"['Avlokita Agrawal', 'Shailly Tomar', 'Sanjoy Ghosh', 'Pravindra Kumar', 'Mahua Mukherjee']"
v0_036_indo___norway_joint_energy_call_2017,Gaurav Raheja,"['Gaurav Raheja', 'Shailly Tomar', 'Sanjoy Ghosh', 'Pravindra Kumar', 'Mahua Mukherjee']"
v0_036_indo___norway_joint_energy_call_2017,Harshit Sosan Lakra,"['Harshit Sosan Lakra', 'Shailly Tomar', 'Sanjoy Ghosh', 'Pravindra Kumar', 'Mahua Mukherjee']"
v0_036_indo___norway_joint_energy_call_2017,Mahua Mukherjee,"['Mahua Mukherjee', 'Shailly Tomar', 'Sanjoy Ghosh', 'Pravindra Kumar', 'Bijan Choudhury']"
v0_036_indo___norway_joint_energy_call_2017,Prabhjot Singh Chani,"['Prabhjot Singh Chani', 'Shailly Tomar', 'Sanjoy Ghosh', 'Pravindra Kumar', 'Mahua Mukherjee']"
v0_036_indo___norway_joint_energy_call_2017,E Rajasekar,"['E Rajasekar', 'Shailly Tomar', 'Sanjoy Ghosh', 'Pravindra Kumar', 'Mahua Mukherjee']"
v0_036_indo___norway_joint_energy_call_2017,Ram Sateesh Pasupuleti,"['Ram Sateesh Pasupuleti', 'Shailly Tomar', 'Sanjoy Ghosh', 'Pravindra Kumar', 'Mahua Mukherjee']"
v0_036_indo___norway_joint_energy_call_2017,Saptarshi Kolay,"['Saptarshi Kolay', 'Shailly Tomar', 'Sanjoy Ghosh', 'Pravindra Kumar', 'Mahua Mukherjee']"
v0_036_indo___norway_joint_energy_call_2017,Shubhajit Sadhukhan,"['Shubhajit Sadhukhan', 'Shailly Tomar', 'Sanjoy Ghosh', 'Pravindra Kumar', 'Mahua Mukherjee']"
v0_036_indo___norway_joint_energy_call_2017,Smriti Saraswat,"['Smriti Saraswat', 'Shailly Tomar', 'Sanjoy Ghosh', 'Pravindra Kumar', 'Mahua Mukherjee']"
v0_036_indo___norway_joint_energy_call_2017,Sonal Atreya,"['Sonal Atreya', 'Shailly Tomar', 'Sanjoy Ghosh', 'Pravindra Kumar', 'Mahua Mukherjee']"
v0_036_indo___norway_joint_energy_call_2017,Tina Pujara,"['Tina Pujara', 'Shailly Tomar', 'Sanjoy Ghosh', 'Pravindra Kumar', 'Mahua Mukherjee']"
v0_036_indo___norway_joint_energy_call_2017,Uttam Kumar Roy,"['Uttam Kumar Roy', 'Shailly Tomar', 'Sanjoy Ghosh', 'Pravindra Kumar', 'Mahua Mukherjee']"
v0_036_indo___norway_joint_energy_call_2017,V Devadas,"['V Devadas', 'Shailly Tomar', 'Sanjoy Ghosh', 'Pravindra Kumar', 'Mahua Mukherjee']"
v0_036_indo___norway_joint_energy_call_2017,Jaydev Dabas,"['Jaydev Dabas', 'Shailly Tomar', 'Sanjoy Ghosh', 'Pravindra Kumar', 'Mahua Mukherjee']"
v0_036_indo___norway_joint_energy_call_2017,Millie Pant,"['Millie Pant', 'Shailly Tomar', 'Sanjoy Ghosh', 'Pravindra Kumar', 'Mahua Mukherjee']"
v0_036_indo___norway_joint_energy_call_2017,Rajan Arora,"['Rajan Arora', 'Shailly Tomar', 'Sanjoy Ghosh', 'Pravindra Kumar', 'Mahua Mukherjee']"
v0_036_indo___norway_joint_energy_call_2017,Ashwani Kumar Sharma,"['Ashwani Kumar Sharma', 'Shailly Tomar', 'Sanjoy Ghosh', 'Pravindra Kumar', 'Mahua Mukherjee']"
v0_036_indo___norway_joint_energy_call_2017,Bijan Choudhury,"['Bijan Choudhury', 'Shailly Tomar', 'Sanjoy Ghosh', 'Pravindra Kumar', 'Mahua Mukherjee']"
v0_036_indo___norway_joint_energy_call_2017,Debabrata Sircar,"['Debabrata Sircar', 'Shailly Tomar', 'Sanjoy Ghosh', 'Pravindra Kumar', 'Mahua Mukherjee']"
v0_036_indo___norway_joint_energy_call_2017,Deepak Sharma,"['Deepak Sharma', 'Shailly Tomar', 'Sanjoy Ghosh', 'Pravindra Kumar', 'Mahua Mukherjee']"
v0_036_indo___norway_joint_energy_call_2017,P Gopinath,"['P Gopinath', 'Shailly Tomar', 'Sanjoy Ghosh', 'Pravindra Kumar', 'Mahua Mukherjee']"
v0_036_indo___norway_joint_energy_call_2017,Harsh Chauhan,"['Harsh Chauhan', 'Shailly Tomar', 'Sanjoy Ghosh', 'Pravindra Kumar', 'Mahua Mukherjee']"
v0_036_indo___norway_joint_energy_call_2017,Srinivas Kiran Ambatipudi,"['Srinivas Kiran Ambatipudi', 'Shailly Tomar', 'Sanjoy Ghosh', 'Pravindra Kumar', 'Mahua Mukherjee']"
v0_036_indo___norway_joint_energy_call_2017,Krishna Mohan Poluri,"['Krishna Mohan Poluri', 'Shailly Tomar', 'Sanjoy Ghosh', 'Pravindra Kumar', 'Mahua Mukherjee']"
v0_036_indo___norway_joint_energy_call_2017,Maya S.Nair,"['Maya S.Nair', 'Shailly Tomar', 'Sanjoy Ghosh', 'Pravindra Kumar', 'Mahua Mukherjee']"
v0_036_indo___norway_joint_energy_call_2017,N K Navani,"['N K Navani', 'Shailly Tomar', 'Sanjoy Ghosh', 'Pravindra Kumar', 'Mahua Mukherjee']"
v0_036_indo___norway_joint_energy_call_2017,Partha Roy,"['Partha Roy', 'Shailly Tomar', 'Sanjoy Ghosh', 'Pravindra Kumar', 'Mahua Mukherjee']"
v0_036_indo___norway_joint_energy_call_2017,Poonam Choudhary,"['Poonam Choudhary', 'Shailly Tomar', 'Sanjoy Ghosh', 'Pravindra Kumar', 'Mahua Mukherjee']"
v0_036_indo___norway_joint_energy_call_2017,Prabhat Kumar Mandal,"['Prabhat Kumar Mandal', 'Shailly Tomar', 'Sanjoy Ghosh', 'Pravindra Kumar', 'Mahua Mukherjee']"
v0_036_indo___norway_joint_energy_call_2017,Pranita P Sarangi,"['Pranita P Sarangi', 'Shailly Tomar', 'Sanjoy Ghosh', 'Pravindra Kumar', 'Mahua Mukherjee']"
v0_036_indo___norway_joint_energy_call_2017,Pravindra Kumar,"['Pravindra Kumar', 'Shailly Tomar', 'Sanjoy Ghosh', 'Mahua Mukherjee', 'Bijan Choudhury']"
v0_036_indo___norway_joint_energy_call_2017,Prince Tiwari,"['Prince Tiwari', 'Shailly Tomar', 'Sanjoy Ghosh', 'Pravindra Kumar', 'Mahua Mukherjee']"
v0_036_indo___norway_joint_energy_call_2017,R. P. Singh,"['R. P. Singh', 'Shailly Tomar', 'Sanjoy Ghosh', 'Pravindra Kumar', 'Mahua Mukherjee']"
v0_036_indo___norway_joint_energy_call_2017,Ramasare Prasad,"['Ramasare Prasad', 'Shailly Tomar', 'Sanjoy Ghosh', 'Pravindra Kumar', 'Mahua Mukherjee']"
v0_036_indo___norway_joint_energy_call_2017,Ranjana Pathania,"['Ranjana Pathania', 'Shailly Tomar', 'Sanjoy Ghosh', 'Pravindra Kumar', 'Mahua Mukherjee']"
v0_036_indo___norway_joint_energy_call_2017,Sanjoy Ghosh,"['Sanjoy Ghosh', 'Shailly Tomar', 'Pravindra Kumar', 'Mahua Mukherjee', 'Bijan Choudhury']"
v0_036_indo___norway_joint_energy_call_2017,Saugata Hazra,"['Saugata Hazra', 'Shailly Tomar', 'Sanjoy Ghosh', 'Pravindra Kumar', 'Mahua Mukherjee']"
v0_036_indo___norway_joint_energy_call_2017,Shailly Tomar,"['Shailly Tomar', 'Sanjoy Ghosh', 'Pravindra Kumar', 'Mahua Mukherjee', 'Bijan Choudhury']"
v0_036_indo___norway_joint_energy_call_2017,Shri Ram Yadav,"['Shri Ram Yadav', 'Shailly Tomar', 'Sanjoy Ghosh', 'Pravindra Kumar', 'Mahua Mukherjee']"
v0_036_indo___norway_joint_energy_call_2017,Soma Rohatgi,"['Soma Rohatgi', 'Shailly Tomar', 'Sanjoy Ghosh', 'Pravindra Kumar', 'Mahua Mukherjee']"
v0_036_indo___norway_joint_energy_call_2017,Sachin Suresh Tiwari,"['Sachin Suresh Tiwari', 'Shailly Tomar', 'Sanjoy Ghosh', 'Pravindra Kumar', 'Mahua Mukherjee']"
v0_036_indo___norway_joint_energy_call_2017,Jitin Singla,"['Jitin Singla', 'Shailly Tomar', 'Sanjoy Ghosh', 'Pravindra Kumar', 'Mahua Mukherjee']"
v0_036_indo___norway_joint_energy_call_2017,Rajesh Kumar,"['Rajesh Kumar', 'Shailly Tomar', 'Sanjoy Ghosh', 'Pravindra Kumar', 'Mahua Mukherjee']"
v0_036_indo___norway_joint_energy_call_2017,Akhil Upadhyay,"['Akhil Upadhyay', 'Shailly Tomar', 'Sanjoy Ghosh', 'Pravindra Kumar', 'Mahua Mukherjee']"
v0_037_eu_india_water_cooperation_on_research_and_innovation_joint_call_for_proposals___2017__2018,Arindam Biswas,"['Arindam Biswas', 'Sachin Suresh Tiwari', 'Pravindra Kumar', 'Pranita P Sarangi', 'Akhil Upadhyay']"
v0_037_eu_india_water_cooperation_on_research_and_innovation_joint_call_for_proposals___2017__2018,Avlokita Agrawal,"['Avlokita Agrawal', 'Sachin Suresh Tiwari', 'Pravindra Kumar', 'Pranita P Sarangi', 'Akhil Upadhyay']"
v0_037_eu_india_water_cooperation_on_research_and_innovation_joint_call_for_proposals___2017__2018,Gaurav Raheja,"['Gaurav Raheja', 'Sachin Suresh Tiwari', 'Pravindra Kumar', 'Pranita P Sarangi', 'Akhil Upadhyay']"
v0_037_eu_india_water_cooperation_on_research_and_innovation_joint_call_for_proposals___2017__2018,Harshit Sosan Lakra,"['Harshit Sosan Lakra', 'Sachin Suresh Tiwari', 'Pravindra Kumar', 'Pranita P Sarangi', 'Akhil Upadhyay']"
v0_037_eu_india_water_cooperation_on_research_and_innovation_joint_call_for_proposals___2017__2018,Mahua Mukherjee,"['Mahua Mukherjee', 'Sachin Suresh Tiwari', 'Pravindra Kumar', 'Pranita P Sarangi', 'Akhil Upadhyay']"
v0_037_eu_india_water_cooperation_on_research_and_innovation_joint_call_for_proposals___2017__2018,Prabhjot Singh Chani,"['Prabhjot Singh Chani', 'Sachin Suresh Tiwari', 'Pravindra Kumar', 'Pranita P Sarangi', 'Akhil Upadhyay']"
v0_037_eu_india_water_cooperation_on_research_and_innovation_joint_call_for_proposals___2017__2018,E Rajasekar,"['E Rajasekar', 'Sachin Suresh Tiwari', 'Pravindra Kumar', 'Pranita P Sarangi', 'Akhil Upadhyay']"
v0_037_eu_india_water_cooperation_on_research_and_innovation_joint_call_for_proposals___2017__2018,Ram Sateesh Pasupuleti,"['Ram Sateesh Pasupuleti', 'Sachin Suresh Tiwari', 'Pravindra Kumar', 'Pranita P Sarangi', 'Akhil Upadhyay']"
v0_037_eu_india_water_cooperation_on_research_and_innovation_joint_call_for_proposals___2017__2018,Saptarshi Kolay,"['Saptarshi Kolay', 'Sachin Suresh Tiwari', 'Pravindra Kumar', 'Pranita P Sarangi', 'Akhil Upadhyay']"
v0_037_eu_india_water_cooperation_on_research_and_innovation_joint_call_for_proposals___2017__2018,Shubhajit Sadhukhan,"['Shubhajit Sadhukhan', 'Sachin Suresh Tiwari', 'Pravindra Kumar', 'Pranita P Sarangi', 'Akhil Upadhyay']"
v0_037_eu_india_water_cooperation_on_research_and_innovation_joint_call_for_proposals___2017__2018,Smriti Saraswat,"['Smriti Saraswat', 'Sachin Suresh Tiwari', 'Pravindra Kumar', 'Pranita P Sarangi', 'Akhil Upadhyay']"
v0_037_eu_india_water_cooperation_on_research_and_innovation_joint_call_for_proposals___2017__2018,Sonal Atreya,"['Sonal Atreya', 'Sachin Suresh Tiwari', 'Pravindra Kumar', 'Pranita P Sarangi', 'Akhil Upadhyay']"
v0_037_eu_india_water_cooperation_on_research_and_innovation_joint_call_for_proposals___2017__2018,Tina Pujara,"['Tina Pujara', 'Sachin Suresh Tiwari', 'Pravindra Kumar', 'Pranita P Sarangi', 'Akhil Upadhyay']"
v0_037_eu_india_water_cooperation_on_research_and_innovation_joint_call_for_proposals___2017__2018,Uttam Kumar Roy,"['Uttam Kumar Roy', 'Sachin Suresh Tiwari', 'Pravindra Kumar', 'Pranita P Sarangi', 'Akhil Upadhyay']"
v0_037_eu_india_water_cooperation_on_research_and_innovation_joint_call_for_proposals___2017__2018,V Devadas,"['V Devadas', 'Sachin Suresh Tiwari', 'Pravindra Kumar', 'Pranita P Sarangi', 'Akhil Upadhyay']"
v0_037_eu_india_water_cooperation_on_research_and_innovation_joint_call_for_proposals___2017__2018,Jaydev Dabas,"['Jaydev Dabas', 'Sachin Suresh Tiwari', 'Pravindra Kumar', 'Pranita P Sarangi', 'Akhil Upadhyay']"
v0_037_eu_india_water_cooperation_on_research_and_innovation_joint_call_for_proposals___2017__2018,Millie Pant,"['Millie Pant', 'Sachin Suresh Tiwari', 'Pravindra Kumar', 'Pranita P Sarangi', 'Akhil Upadhyay']"
v0_037_eu_india_water_cooperation_on_research_and_innovation_joint_call_for_proposals___2017__2018,Rajan Arora,"['Rajan Arora', 'Sachin Suresh Tiwari', 'Pravindra Kumar', 'Pranita P Sarangi', 'Akhil Upadhyay']"
v0_037_eu_india_water_cooperation_on_research_and_innovation_joint_call_for_proposals___2017__2018,Ashwani Kumar Sharma,"['Ashwani Kumar Sharma', 'Sachin Suresh Tiwari', 'Pravindra Kumar', 'Pranita P Sarangi', 'Akhil Upadhyay']"
v0_037_eu_india_water_cooperation_on_research_and_innovation_joint_call_for_proposals___2017__2018,Bijan Choudhury,"['Bijan Choudhury', 'Sachin Suresh Tiwari', 'Pravindra Kumar', 'Pranita P Sarangi', 'Akhil Upadhyay']"
v0_037_eu_india_water_cooperation_on_research_and_innovation_joint_call_for_proposals___2017__2018,Debabrata Sircar,"['Debabrata Sircar', 'Sachin Suresh Tiwari', 'Pravindra Kumar', 'Pranita P Sarangi', 'Akhil Upadhyay']"
v0_037_eu_india_water_cooperation_on_research_and_innovation_joint_call_for_proposals___2017__2018,Deepak Sharma,"['Deepak Sharma', 'Sachin Suresh Tiwari', 'Pravindra Kumar', 'Pranita P Sarangi', 'Akhil Upadhyay']"
v0_037_eu_india_water_cooperation_on_research_and_innovation_joint_call_for_proposals___2017__2018,P Gopinath,"['P Gopinath', 'Sachin Suresh Tiwari', 'Pravindra Kumar', 'Pranita P Sarangi', 'Akhil Upadhyay']"
v0_037_eu_india_water_cooperation_on_research_and_innovation_joint_call_for_proposals___2017__2018,Harsh Chauhan,"['Harsh Chauhan', 'Sachin Suresh Tiwari', 'Pravindra Kumar', 'Pranita P Sarangi', 'Akhil Upadhyay']"
v0_037_eu_india_water_cooperation_on_research_and_innovation_joint_call_for_proposals___2017__2018,Srinivas Kiran Ambatipudi,"['Srinivas Kiran Ambatipudi', 'Sachin Suresh Tiwari', 'Pravindra Kumar', 'Pranita P Sarangi', 'Akhil Upadhyay']"
v0_037_eu_india_water_cooperation_on_research_and_innovation_joint_call_for_proposals___2017__2018,Krishna Mohan Poluri,"['Krishna Mohan Poluri', 'Sachin Suresh Tiwari', 'Pravindra Kumar', 'Pranita P Sarangi', 'Akhil Upadhyay']"
v0_037_eu_india_water_cooperation_on_research_and_innovation_joint_call_for_proposals___2017__2018,Maya S.Nair,"['Maya S.Nair', 'Sachin Suresh Tiwari', 'Pravindra Kumar', 'Pranita P Sarangi', 'Akhil Upadhyay']"
v0_037_eu_india_water_cooperation_on_research_and_innovation_joint_call_for_proposals___2017__2018,N K Navani,"['N K Navani', 'Sachin Suresh Tiwari', 'Pravindra Kumar', 'Pranita P Sarangi', 'Akhil Upadhyay']"
v0_037_eu_india_water_cooperation_on_research_and_innovation_joint_call_for_proposals___2017__2018,Partha Roy,"['Partha Roy', 'Sachin Suresh Tiwari', 'Pravindra Kumar', 'Pranita P Sarangi', 'Akhil Upadhyay']"
v0_037_eu_india_water_cooperation_on_research_and_innovation_joint_call_for_proposals___2017__2018,Poonam Choudhary,"['Poonam Choudhary', 'Sachin Suresh Tiwari', 'Pravindra Kumar', 'Pranita P Sarangi', 'Akhil Upadhyay']"
v0_037_eu_india_water_cooperation_on_research_and_innovation_joint_call_for_proposals___2017__2018,Prabhat Kumar Mandal,"['Prabhat Kumar Mandal', 'Sachin Suresh Tiwari', 'Pravindra Kumar', 'Pranita P Sarangi', 'Akhil Upadhyay']"
v0_037_eu_india_water_cooperation_on_research_and_innovation_joint_call_for_proposals___2017__2018,Pranita P Sarangi,"['Pranita P Sarangi', 'Sachin Suresh Tiwari', 'Pravindra Kumar', 'Akhil Upadhyay']"
v0_037_eu_india_water_cooperation_on_research_and_innovation_joint_call_for_proposals___2017__2018,Pravindra Kumar,"['Pravindra Kumar', 'Sachin Suresh Tiwari', 'Pranita P Sarangi', 'Akhil Upadhyay']"
v0_037_eu_india_water_cooperation_on_research_and_innovation_joint_call_for_proposals___2017__2018,Prince Tiwari,"['Prince Tiwari', 'Sachin Suresh Tiwari', 'Pravindra Kumar', 'Pranita P Sarangi', 'Akhil Upadhyay']"
v0_037_eu_india_water_cooperation_on_research_and_innovation_joint_call_for_proposals___2017__2018,R. P. Singh,"['R. P. Singh', 'Sachin Suresh Tiwari', 'Pravindra Kumar', 'Pranita P Sarangi', 'Akhil Upadhyay']"
v0_037_eu_india_water_cooperation_on_research_and_innovation_joint_call_for_proposals___2017__2018,Ramasare Prasad,"['Ramasare Prasad', 'Sachin Suresh Tiwari', 'Pravindra Kumar', 'Pranita P Sarangi', 'Akhil Upadhyay']"
v0_037_eu_india_water_cooperation_on_research_and_innovation_joint_call_for_proposals___2017__2018,Ranjana Pathania,"['Ranjana Pathania', 'Sachin Suresh Tiwari', 'Pravindra Kumar', 'Pranita P Sarangi', 'Akhil Upadhyay']"
v0_037_eu_india_water_cooperation_on_research_and_innovation_joint_call_for_proposals___2017__2018,Sanjoy Ghosh,"['Sanjoy Ghosh', 'Sachin Suresh Tiwari', 'Pravindra Kumar', 'Pranita P Sarangi', 'Akhil Upadhyay']"
v0_037_eu_india_water_cooperation_on_research_and_innovation_joint_call_for_proposals___2017__2018,Saugata Hazra,"['Saugata Hazra', 'Sachin Suresh Tiwari', 'Pravindra Kumar', 'Pranita P Sarangi', 'Akhil Upadhyay']"
v0_037_eu_india_water_cooperation_on_research_and_innovation_joint_call_for_proposals___2017__2018,Shailly Tomar,"['Shailly Tomar', 'Sachin Suresh Tiwari', 'Pravindra Kumar', 'Pranita P Sarangi', 'Akhil Upadhyay']"
v0_037_eu_india_water_cooperation_on_research_and_innovation_joint_call_for_proposals___2017__2018,Shri Ram Yadav,"['Shri Ram Yadav', 'Sachin Suresh Tiwari', 'Pravindra Kumar', 'Pranita P Sarangi', 'Akhil Upadhyay']"
v0_037_eu_india_water_cooperation_on_research_and_innovation_joint_call_for_proposals___2017__2018,Soma Rohatgi,"['Soma Rohatgi', 'Sachin Suresh Tiwari', 'Pravindra Kumar', 'Pranita P Sarangi', 'Akhil Upadhyay']"
v0_037_eu_india_water_cooperation_on_research_and_innovation_joint_call_for_proposals___2017__2018,Sachin Suresh Tiwari,"['Sachin Suresh Tiwari', 'Pravindra Kumar', 'Pranita P Sarangi', 'Akhil Upadhyay']"
v0_037_eu_india_water_cooperation_on_research_and_innovation_joint_call_for_proposals___2017__2018,Jitin Singla,"['Jitin Singla', 'Sachin Suresh Tiwari', 'Pravindra Kumar', 'Pranita P Sarangi', 'Akhil Upadhyay']"
v0_037_eu_india_water_cooperation_on_research_and_innovation_joint_call_for_proposals___2017__2018,Rajesh Kumar,"['Rajesh Kumar', 'Sachin Suresh Tiwari', 'Pravindra Kumar', 'Pranita P Sarangi', 'Akhil Upadhyay']"
v0_037_eu_india_water_cooperation_on_research_and_innovation_joint_call_for_proposals___2017__2018,Akhil Upadhyay,"['Akhil Upadhyay', 'Sachin Suresh Tiwari', 'Pravindra Kumar', 'Pranita P Sarangi']"
v0_038_scheme_for_young_scientists_and_technologists,Arindam Biswas,"['Arindam Biswas', 'Jitin Singla']"
v0_038_scheme_for_young_scientists_and_technologists,Avlokita Agrawal,"['Avlokita Agrawal', 'Poonam Choudhary', 'Rajesh Kumar', 'Partha Roy']"
v0_038_scheme_for_young_scientists_and_technologists,Gaurav Raheja,"['Gaurav Raheja', 'R. P. Singh', 'Partha Roy', 'Jitin Singla']"
v0_038_scheme_for_young_scientists_and_technologists,Harshit Sosan Lakra,"['Harshit Sosan Lakra', 'Ramasare Prasad']"
v0_038_scheme_for_young_scientists_and_technologists,Mahua Mukherjee,"['Mahua Mukherjee', 'Poonam Choudhary', 'Sachin Suresh Tiwari']"
v0_038_scheme_for_young_scientists_and_technologists,Prabhjot Singh Chani,"['Prabhjot Singh Chani', 'Ramasare Prasad', 'Shailly Tomar']"
v0_038_scheme_for_young_scientists_and_technologists,E Rajasekar,"['E Rajasekar', 'N K Navani', 'Poonam Choudhary', 'Rajesh Kumar']"
v0_038_scheme_for_young_scientists_and_technologists,Ram Sateesh Pasupuleti,"['Ram Sateesh Pasupuleti', 'N K Navani']"
v0_038_scheme_for_young_scientists_and_technologists,Saptarshi Kolay,"['Saptarshi Kolay', 'N K Navani', 'Prince Tiwari']"
v0_038_scheme_for_young_scientists_and_technologists,Shubhajit Sadhukhan,"['Shubhajit Sadhukhan', 'Sanjoy Ghosh', 'Shri Ram Yadav']"
v0_038_scheme_for_young_scientists_and_technologists,Smriti Saraswat,"['Smriti Saraswat', 'Rajesh Kumar']"
v0_038_scheme_for_young_scientists_and_technologists,Sonal Atreya,"['Sonal Atreya', 'Akhil Upadhyay', 'Saugata Hazra']"
v0_038_scheme_for_young_scientists_and_technologists,Tina Pujara,"['Tina Pujara', 'Prabhat Kumar Mandal', 'Ramasare Prasad', 'Sanjoy Ghosh', 'Saugata Hazra']"
v0_038_scheme_for_young_scientists_and_technologists,Uttam Kumar Roy,"['Uttam Kumar Roy', 'Rajesh Kumar', 'Ramasare Prasad', 'Sachin Suresh Tiwari', 'N K Navani']"
v0_038_scheme_for_young_scientists_and_technologists,V Devadas,"['V Devadas', 'Partha Roy', 'Shailly Tomar', 'Prabhat Kumar Mandal']"
v0_038_scheme_for_young_scientists_and_technologists,Jaydev Dabas,"['Jaydev Dabas', 'Partha Roy', 'Shri Ram Yadav']"
v0_038_scheme_for_young_scientists_and_technologists,Millie Pant,"['Millie Pant', 'N K Navani']"
v0_038_scheme_for_young_scientists_and_technologists,Rajan Arora,"['Rajan Arora', 'Ramasare Prasad', 'Soma Rohatgi', 'Pranita P Sarangi', 'Sanjoy Ghosh']"
v0_038_scheme_for_young_scientists_and_technologists,Ashwani Kumar Sharma,"['Ashwani Kumar Sharma', 'Rajesh Kumar', 'Sanjoy Ghosh', 'Prabhat Kumar Mandal', 'Shailly Tomar']"
v0_038_scheme_for_young_scientists_and_technologists,Bijan Choudhury,"['Bijan Choudhury', 'Jitin Singla', 'Pravindra Kumar']"
v0_038_scheme_for_young_scientists_and_technologists,Debabrata Sircar,"['Debabrata Sircar', 'Pravindra Kumar']"
v0_038_scheme_for_young_scientists_and_technologists,Deepak Sharma,"['Deepak Sharma', 'Pranita P Sarangi', 'N K Navani', 'Jitin Singla', 'Sanjoy Ghosh']"
v0_038_scheme_for_young_scientists_and_technologists,P Gopinath,"['P Gopinath', 'Partha Roy', 'Maya S.Nair', 'Pranita P Sarangi', 'N K Navani']"
v0_038_scheme_for_young_scientists_and_technologists,Harsh Chauhan,"['Harsh Chauhan', 'Sachin Suresh Tiwari']"
v0_038_scheme_for_young_scientists_and_technologists,Srinivas Kiran Ambatipudi,"['Srinivas Kiran Ambatipudi', 'Jitin Singla', 'Akhil Upadhyay', 'Prince Tiwari', 'Sachin Suresh Tiwari']"
v0_038_scheme_for_young_scientists_and_technologists,Krishna Mohan Poluri,"['Krishna Mohan Poluri', 'Pranita P Sarangi']"
v0_038_scheme_for_young_scientists_and_technologists,Maya S.Nair,"['Maya S.Nair', 'N K Navani', 'Poonam Choudhary', 'R. P. Singh']"
v0_038_scheme_for_young_scientists_and_technologists,N K Navani,"['N K Navani', 'Rajesh Kumar']"
v0_038_scheme_for_young_scientists_and_technologists,Partha Roy,"['Partha Roy', 'Saugata Hazra', 'Soma Rohatgi']"
v0_038_scheme_for_young_scientists_and_technologists,Poonam Choudhary,"['Poonam Choudhary', 'Prince Tiwari', 'Sachin Suresh Tiwari', 'Ramasare Prasad', 'Sanjoy Ghosh']"
v0_038_scheme_for_young_scientists_and_technologists,Prabhat Kumar Mandal,"['Prabhat Kumar Mandal', 'N K Navani']"
v0_038_scheme_for_young_scientists_and_technologists,Pranita P Sarangi,"['Pranita P Sarangi', 'Partha Roy', 'Prabhat Kumar Mandal']"
v0_038_scheme_for_young_scientists_and_technologists,Pravindra Kumar,"['Pravindra Kumar', 'Rajesh Kumar', 'Prince Tiwari']"
v0_038_scheme_for_young_scientists_and_technologists,Prince Tiwari,"['Prince Tiwari', 'Sachin Suresh Tiwari']"
v0_038_scheme_for_young_scientists_and_technologists,R. P. Singh,"['R. P. Singh', 'Shri Ram Yadav']"
v0_038_scheme_for_young_scientists_and_technologists,Ramasare Prasad,"['Ramasare Prasad', 'Pranita P Sarangi']"
v0_038_scheme_for_young_scientists_and_technologists,Ranjana Pathania,"['Ranjana Pathania', 'Prince Tiwari', 'Partha Roy', 'Shailly Tomar']"
v0_038_scheme_for_young_scientists_and_technologists,Sanjoy Ghosh,"['Sanjoy Ghosh', 'Sachin Suresh Tiwari', 'Soma Rohatgi']"
v0_038_scheme_for_young_scientists_and_technologists,Saugata Hazra,"['Saugata Hazra', 'Poonam Choudhary']"
v0_038_scheme_for_young_scientists_and_technologists,Shailly Tomar,"['Shailly Tomar', 'Shri Ram Yadav']"
v0_038_scheme_for_young_scientists_and_technologists,Shri Ram Yadav,"['Shri Ram Yadav', 'Prince Tiwari', 'Sanjoy Ghosh']"
v0_038_scheme_for_young_scientists_and_technologists,Soma Rohatgi,"['Soma Rohatgi', 'Poonam Choudhary', 'Shailly Tomar']"
v0_038_scheme_for_young_scientists_and_technologists,Sachin Suresh Tiwari,"['Sachin Suresh Tiwari', 'Ramasare Prasad', 'Akhil Upadhyay']"
v0_038_scheme_for_young_scientists_and_technologists,Jitin Singla,['Jitin Singla']
v0_038_scheme_for_young_scientists_and_technologists,Rajesh Kumar,"['Rajesh Kumar', 'R. P. Singh', 'Prince Tiwari']"
v0_038_scheme_for_young_scientists_and_technologists,Akhil Upadhyay,"['Akhil Upadhyay', 'Maya S.Nair', 'N K Navani']"
v0_039_invites_rd_project_proposals_on_spatial_data_infrastructures_sdi_for_urban_governance_applications,Arindam Biswas,"['Arindam Biswas', 'Pranita P Sarangi', 'Avlokita Agrawal']"
v0_039_invites_rd_project_proposals_on_spatial_data_infrastructures_sdi_for_urban_governance_applications,Avlokita Agrawal,"['Avlokita Agrawal', 'Pranita P Sarangi']"
v0_039_invites_rd_project_proposals_on_spatial_data_infrastructures_sdi_for_urban_governance_applications,Gaurav Raheja,"['Gaurav Raheja', 'Pranita P Sarangi', 'Avlokita Agrawal']"
v0_039_invites_rd_project_proposals_on_spatial_data_infrastructures_sdi_for_urban_governance_applications,Harshit Sosan Lakra,"['Harshit Sosan Lakra', 'Pranita P Sarangi', 'Avlokita Agrawal']"
v0_039_invites_rd_project_proposals_on_spatial_data_infrastructures_sdi_for_urban_governance_applications,Mahua Mukherjee,"['Mahua Mukherjee', 'Pranita P Sarangi', 'Avlokita Agrawal']"
v0_039_invites_rd_project_proposals_on_spatial_data_infrastructures_sdi_for_urban_governance_applications,Prabhjot Singh Chani,"['Prabhjot Singh Chani', 'Pranita P Sarangi', 'Avlokita Agrawal']"
v0_039_invites_rd_project_proposals_on_spatial_data_infrastructures_sdi_for_urban_governance_applications,E Rajasekar,"['E Rajasekar', 'Pranita P Sarangi', 'Avlokita Agrawal']"
v0_039_invites_rd_project_proposals_on_spatial_data_infrastructures_sdi_for_urban_governance_applications,Ram Sateesh Pasupuleti,"['Ram Sateesh Pasupuleti', 'Pranita P Sarangi', 'Avlokita Agrawal']"
v0_039_invites_rd_project_proposals_on_spatial_data_infrastructures_sdi_for_urban_governance_applications,Saptarshi Kolay,"['Saptarshi Kolay', 'Pranita P Sarangi', 'Avlokita Agrawal']"
v0_039_invites_rd_project_proposals_on_spatial_data_infrastructures_sdi_for_urban_governance_applications,Shubhajit Sadhukhan,"['Shubhajit Sadhukhan', 'Pranita P Sarangi', 'Avlokita Agrawal']"
v0_039_invites_rd_project_proposals_on_spatial_data_infrastructures_sdi_for_urban_governance_applications,Smriti Saraswat,"['Smriti Saraswat', 'Pranita P Sarangi', 'Avlokita Agrawal']"
v0_039_invites_rd_project_proposals_on_spatial_data_infrastructures_sdi_for_urban_governance_applications,Sonal Atreya,"['Sonal Atreya', 'Pranita P Sarangi', 'Avlokita Agrawal']"
v0_039_invites_rd_project_proposals_on_spatial_data_infrastructures_sdi_for_urban_governance_applications,Tina Pujara,"['Tina Pujara', 'Pranita P Sarangi', 'Avlokita Agrawal']"
v0_039_invites_rd_project_proposals_on_spatial_data_infrastructures_sdi_for_urban_governance_applications,Uttam Kumar Roy,"['Uttam Kumar Roy', 'Pranita P Sarangi', 'Avlokita Agrawal']"
v0_039_invites_rd_project_proposals_on_spatial_data_infrastructures_sdi_for_urban_governance_applications,V Devadas,"['V Devadas', 'Pranita P Sarangi', 'Avlokita Agrawal']"
v0_039_invites_rd_project_proposals_on_spatial_data_infrastructures_sdi_for_urban_governance_applications,Jaydev Dabas,"['Jaydev Dabas', 'Pranita P Sarangi', 'Avlokita Agrawal']"
v0_039_invites_rd_project_proposals_on_spatial_data_infrastructures_sdi_for_urban_governance_applications,Millie Pant,"['Millie Pant', 'Pranita P Sarangi', 'Avlokita Agrawal']"
v0_039_invites_rd_project_proposals_on_spatial_data_infrastructures_sdi_for_urban_governance_applications,Rajan Arora,"['Rajan Arora', 'Pranita P Sarangi', 'Avlokita Agrawal']"
v0_039_invites_rd_project_proposals_on_spatial_data_infrastructures_sdi_for_urban_governance_applications,Ashwani Kumar Sharma,"['Ashwani Kumar Sharma', 'Pranita P Sarangi', 'Avlokita Agrawal']"
v0_039_invites_rd_project_proposals_on_spatial_data_infrastructures_sdi_for_urban_governance_applications,Bijan Choudhury,"['Bijan Choudhury', 'Pranita P Sarangi', 'Avlokita Agrawal']"
v0_039_invites_rd_project_proposals_on_spatial_data_infrastructures_sdi_for_urban_governance_applications,Debabrata Sircar,"['Debabrata Sircar', 'Pranita P Sarangi', 'Avlokita Agrawal']"
v0_039_invites_rd_project_proposals_on_spatial_data_infrastructures_sdi_for_urban_governance_applications,Deepak Sharma,"['Deepak Sharma', 'Pranita P Sarangi', 'Avlokita Agrawal']"
v0_039_invites_rd_project_proposals_on_spatial_data_infrastructures_sdi_for_urban_governance_applications,P Gopinath,"['P Gopinath', 'Pranita P Sarangi', 'Avlokita Agrawal']"
v0_039_invites_rd_project_proposals_on_spatial_data_infrastructures_sdi_for_urban_governance_applications,Harsh Chauhan,"['Harsh Chauhan', 'Pranita P Sarangi', 'Avlokita Agrawal']"
v0_039_invites_rd_project_proposals_on_spatial_data_infrastructures_sdi_for_urban_governance_applications,Srinivas Kiran Ambatipudi,"['Srinivas Kiran Ambatipudi', 'Pranita P Sarangi', 'Avlokita Agrawal']"
v0_039_invites_rd_project_proposals_on_spatial_data_infrastructures_sdi_for_urban_governance_applications,Krishna Mohan Poluri,"['Krishna Mohan Poluri', 'Pranita P Sarangi', 'Avlokita Agrawal']"
v0_039_invites_rd_project_proposals_on_spatial_data_infrastructures_sdi_for_urban_governance_applications,Maya S.Nair,"['Maya S.Nair', 'Pranita P Sarangi', 'Avlokita Agrawal']"
v0_039_invites_rd_project_proposals_on_spatial_data_infrastructures_sdi_for_urban_governance_applications,N K Navani,"['N K Navani', 'Pranita P Sarangi', 'Avlokita Agrawal']"
v0_039_invites_rd_project_proposals_on_spatial_data_infrastructures_sdi_for_urban_governance_applications,Partha Roy,"['Partha Roy', 'Pranita P Sarangi', 'Avlokita Agrawal']"
v0_039_invites_rd_project_proposals_on_spatial_data_infrastructures_sdi_for_urban_governance_applications,Poonam Choudhary,"['Poonam Choudhary', 'Pranita P Sarangi', 'Avlokita Agrawal']"
v0_039_invites_rd_project_proposals_on_spatial_data_infrastructures_sdi_for_urban_governance_applications,Prabhat Kumar Mandal,"['Prabhat Kumar Mandal', 'Pranita P Sarangi', 'Avlokita Agrawal']"
v0_039_invites_rd_project_proposals_on_spatial_data_infrastructures_sdi_for_urban_governance_applications,Pranita P Sarangi,"['Pranita P Sarangi', 'Avlokita Agrawal']"
v0_039_invites_rd_project_proposals_on_spatial_data_infrastructures_sdi_for_urban_governance_applications,Pravindra Kumar,"['Pravindra Kumar', 'Pranita P Sarangi', 'Avlokita Agrawal']"
v0_039_invites_rd_project_proposals_on_spatial_data_infrastructures_sdi_for_urban_governance_applications,Prince Tiwari,"['Prince Tiwari', 'Pranita P Sarangi', 'Avlokita Agrawal']"
v0_039_invites_rd_project_proposals_on_spatial_data_infrastructures_sdi_for_urban_governance_applications,R. P. Singh,"['R. P. Singh', 'Pranita P Sarangi', 'Avlokita Agrawal']"
v0_039_invites_rd_project_proposals_on_spatial_data_infrastructures_sdi_for_urban_governance_applications,Ramasare Prasad,"['Ramasare Prasad', 'Pranita P Sarangi', 'Avlokita Agrawal']"
v0_039_invites_rd_project_proposals_on_spatial_data_infrastructures_sdi_for_urban_governance_applications,Ranjana Pathania,"['Ranjana Pathania', 'Pranita P Sarangi', 'Avlokita Agrawal']"
v0_039_invites_rd_project_proposals_on_spatial_data_infrastructures_sdi_for_urban_governance_applications,Sanjoy Ghosh,"['Sanjoy Ghosh', 'Pranita P Sarangi', 'Avlokita Agrawal']"
v0_039_invites_rd_project_proposals_on_spatial_data_infrastructures_sdi_for_urban_governance_applications,Saugata Hazra,"['Saugata Hazra', 'Pranita P Sarangi', 'Avlokita Agrawal']"
v0_039_invites_rd_project_proposals_on_spatial_data_infrastructures_sdi_for_urban_governance_applications,Shailly Tomar,"['Shailly Tomar', 'Pranita P Sarangi', 'Avlokita Agrawal']"
v0_039_invites_rd_project_proposals_on_spatial_data_infrastructures_sdi_for_urban_governance_applications,Shri Ram Yadav,"['Shri Ram Yadav', 'Pranita P Sarangi', 'Avlokita Agrawal']"
v0_039_invites_rd_project_proposals_on_spatial_data_infrastructures_sdi_for_urban_governance_applications,Soma Rohatgi,"['Soma Rohatgi', 'Pranita P Sarangi', 'Avlokita Agrawal']"
v0_039_invites_rd_project_proposals_on_spatial_data_infrastructures_sdi_for_urban_governance_applications,Sachin Suresh Tiwari,"['Sachin Suresh Tiwari', 'Pranita P Sarangi', 'Avlokita Agrawal']"
v0_039_invites_rd_project_proposals_on_spatial_data_infrastructures_sdi_for_urban_governance_applications,Jitin Singla,"['Jitin Singla', 'Pranita P Sarangi', 'Avlokita Agrawal']"
v0_039_invites_rd_project_proposals_on_spatial_data_infrastructures_sdi_for_urban_governance_applications,Rajesh Kumar,"['Rajesh Kumar', 'Pranita P Sarangi', 'Avlokita Agrawal']"
v0_039_invites_rd_project_proposals_on_spatial_data_infrastructures_sdi_for_urban_governance_applications,Akhil Upadhyay,"['Akhil Upadhyay', 'Pranita P Sarangi', 'Avlokita Agrawal']"
v0_040_advertisement_for_the_swarnajayanti_fellowships_scheme_2017_18,Arindam Biswas,"['Arindam Biswas', 'Sonal Atreya', 'N K Navani', 'Mahua Mukherjee', 'Krishna Mohan Poluri']"
v0_040_advertisement_for_the_swarnajayanti_fellowships_scheme_2017_18,Avlokita Agrawal,"['Avlokita Agrawal', 'Sonal Atreya', 'N K Navani', 'Mahua Mukherjee', 'Krishna Mohan Poluri']"
v0_040_advertisement_for_the_swarnajayanti_fellowships_scheme_2017_18,Gaurav Raheja,"['Gaurav Raheja', 'Sonal Atreya', 'N K Navani', 'Mahua Mukherjee', 'Krishna Mohan Poluri']"
v0_040_advertisement_for_the_swarnajayanti_fellowships_scheme_2017_18,Harshit Sosan Lakra,"['Harshit Sosan Lakra', 'Sonal Atreya', 'N K Navani', 'Mahua Mukherjee', 'Krishna Mohan Poluri']"
v0_040_advertisement_for_the_swarnajayanti_fellowships_scheme_2017_18,Mahua Mukherjee,"['Mahua Mukherjee', 'Sonal Atreya', 'N K Navani', 'Krishna Mohan Poluri']"
v0_040_advertisement_for_the_swarnajayanti_fellowships_scheme_2017_18,Prabhjot Singh Chani,"['Prabhjot Singh Chani', 'Sonal Atreya', 'N K Navani', 'Mahua Mukherjee', 'Krishna Mohan Poluri']"
v0_040_advertisement_for_the_swarnajayanti_fellowships_scheme_2017_18,E Rajasekar,"['E Rajasekar', 'Sonal Atreya', 'N K Navani', 'Mahua Mukherjee', 'Krishna Mohan Poluri']"
v0_040_advertisement_for_the_swarnajayanti_fellowships_scheme_2017_18,Ram Sateesh Pasupuleti,"['Ram Sateesh Pasupuleti', 'Sonal Atreya', 'N K Navani', 'Mahua Mukherjee', 'Krishna Mohan Poluri']"
v0_040_advertisement_for_the_swarnajayanti_fellowships_scheme_2017_18,Saptarshi Kolay,"['Saptarshi Kolay', 'Sonal Atreya', 'N K Navani', 'Mahua Mukherjee', 'Krishna Mohan Poluri']"
v0_040_advertisement_for_the_swarnajayanti_fellowships_scheme_2017_18,Shubhajit Sadhukhan,"['Shubhajit Sadhukhan', 'Sonal Atreya', 'N K Navani', 'Mahua Mukherjee', 'Krishna Mohan Poluri']"
v0_040_advertisement_for_the_swarnajayanti_fellowships_scheme_2017_18,Smriti Saraswat,"['Smriti Saraswat', 'Sonal Atreya', 'N K Navani', 'Mahua Mukherjee', 'Krishna Mohan Poluri']"
v0_040_advertisement_for_the_swarnajayanti_fellowships_scheme_2017_18,Sonal Atreya,"['Sonal Atreya', 'N K Navani', 'Mahua Mukherjee', 'Krishna Mohan Poluri']"
v0_040_advertisement_for_the_swarnajayanti_fellowships_scheme_2017_18,Tina Pujara,"['Tina Pujara', 'Sonal Atreya', 'N K Navani', 'Mahua Mukherjee', 'Krishna Mohan Poluri']"
v0_040_advertisement_for_the_swarnajayanti_fellowships_scheme_2017_18,Uttam Kumar Roy,"['Uttam Kumar Roy', 'Sonal Atreya', 'N K Navani', 'Mahua Mukherjee', 'Krishna Mohan Poluri']"
v0_040_advertisement_for_the_swarnajayanti_fellowships_scheme_2017_18,V Devadas,"['V Devadas', 'Sonal Atreya', 'N K Navani', 'Mahua Mukherjee', 'Krishna Mohan Poluri']"
v0_040_advertisement_for_the_swarnajayanti_fellowships_scheme_2017_18,Jaydev Dabas,"['Jaydev Dabas', 'Sonal Atreya', 'N K Navani', 'Mahua Mukherjee', 'Krishna Mohan Poluri']"
v0_040_advertisement_for_the_swarnajayanti_fellowships_scheme_2017_18,Millie Pant,"['Millie Pant', 'Sonal Atreya', 'N K Navani', 'Mahua Mukherjee', 'Krishna Mohan Poluri']"
v0_040_advertisement_for_the_swarnajayanti_fellowships_scheme_2017_18,Rajan Arora,"['Rajan Arora', 'Sonal Atreya', 'N K Navani', 'Mahua Mukherjee', 'Krishna Mohan Poluri']"
v0_040_advertisement_for_the_swarnajayanti_fellowships_scheme_2017_18,Ashwani Kumar Sharma,"['Ashwani Kumar Sharma', 'Sonal Atreya', 'N K Navani', 'Mahua Mukherjee', 'Krishna Mohan Poluri']"
v0_040_advertisement_for_the_swarnajayanti_fellowships_scheme_2017_18,Bijan Choudhury,"['Bijan Choudhury', 'Sonal Atreya', 'N K Navani', 'Mahua Mukherjee', 'Krishna Mohan Poluri']"
v0_040_advertisement_for_the_swarnajayanti_fellowships_scheme_2017_18,Debabrata Sircar,"['Debabrata Sircar', 'Sonal Atreya', 'N K Navani', 'Mahua Mukherjee', 'Krishna Mohan Poluri']"
v0_040_advertisement_for_the_swarnajayanti_fellowships_scheme_2017_18,Deepak Sharma,"['Deepak Sharma', 'Sonal Atreya', 'N K Navani', 'Mahua Mukherjee', 'Krishna Mohan Poluri']"
v0_040_advertisement_for_the_swarnajayanti_fellowships_scheme_2017_18,P Gopinath,"['P Gopinath', 'Sonal Atreya', 'N K Navani', 'Mahua Mukherjee', 'Krishna Mohan Poluri']"
v0_040_advertisement_for_the_swarnajayanti_fellowships_scheme_2017_18,Harsh Chauhan,"['Harsh Chauhan', 'Sonal Atreya', 'N K Navani', 'Mahua Mukherjee', 'Krishna Mohan Poluri']"
v0_040_advertisement_for_the_swarnajayanti_fellowships_scheme_2017_18,Srinivas Kiran Ambatipudi,"['Srinivas Kiran Ambatipudi', 'Sonal Atreya', 'N K Navani', 'Mahua Mukherjee', 'Krishna Mohan Poluri']"
v0_040_advertisement_for_the_swarnajayanti_fellowships_scheme_2017_18,Krishna Mohan Poluri,"['Krishna Mohan Poluri', 'Sonal Atreya', 'N K Navani', 'Mahua Mukherjee']"
v0_040_advertisement_for_the_swarnajayanti_fellowships_scheme_2017_18,Maya S.Nair,"['Maya S.Nair', 'Sonal Atreya', 'N K Navani', 'Mahua Mukherjee', 'Krishna Mohan Poluri']"
v0_040_advertisement_for_the_swarnajayanti_fellowships_scheme_2017_18,N K Navani,"['N K Navani', 'Sonal Atreya', 'Mahua Mukherjee', 'Krishna Mohan Poluri']"
v0_040_advertisement_for_the_swarnajayanti_fellowships_scheme_2017_18,Partha Roy,"['Partha Roy', 'Sonal Atreya', 'N K Navani', 'Mahua Mukherjee', 'Krishna Mohan Poluri']"
v0_040_advertisement_for_the_swarnajayanti_fellowships_scheme_2017_18,Poonam Choudhary,"['Poonam Choudhary', 'Sonal Atreya', 'N K Navani', 'Mahua Mukherjee', 'Krishna Mohan Poluri']"
v0_040_advertisement_for_the_swarnajayanti_fellowships_scheme_2017_18,Prabhat Kumar Mandal,"['Prabhat Kumar Mandal', 'Sonal Atreya', 'N K Navani', 'Mahua Mukherjee', 'Krishna Mohan Poluri']"
v0_040_advertisement_for_the_swarnajayanti_fellowships_scheme_2017_18,Pranita P Sarangi,"['Pranita P Sarangi', 'Sonal Atreya', 'N K Navani', 'Mahua Mukherjee', 'Krishna Mohan Poluri']"
v0_040_advertisement_for_the_swarnajayanti_fellowships_scheme_2017_18,Pravindra Kumar,"['Pravindra Kumar', 'Sonal Atreya', 'N K Navani', 'Mahua Mukherjee', 'Krishna Mohan Poluri']"
v0_040_advertisement_for_the_swarnajayanti_fellowships_scheme_2017_18,Prince Tiwari,"['Prince Tiwari', 'Sonal Atreya', 'N K Navani', 'Mahua Mukherjee', 'Krishna Mohan Poluri']"
v0_040_advertisement_for_the_swarnajayanti_fellowships_scheme_2017_18,R. P. Singh,"['R. P. Singh', 'Sonal Atreya', 'N K Navani', 'Mahua Mukherjee', 'Krishna Mohan Poluri']"
v0_040_advertisement_for_the_swarnajayanti_fellowships_scheme_2017_18,Ramasare Prasad,"['Ramasare Prasad', 'Sonal Atreya', 'N K Navani', 'Mahua Mukherjee', 'Krishna Mohan Poluri']"
v0_040_advertisement_for_the_swarnajayanti_fellowships_scheme_2017_18,Ranjana Pathania,"['Ranjana Pathania', 'Sonal Atreya', 'N K Navani', 'Mahua Mukherjee', 'Krishna Mohan Poluri']"
v0_040_advertisement_for_the_swarnajayanti_fellowships_scheme_2017_18,Sanjoy Ghosh,"['Sanjoy Ghosh', 'Sonal Atreya', 'N K Navani', 'Mahua Mukherjee', 'Krishna Mohan Poluri']"
v0_040_advertisement_for_the_swarnajayanti_fellowships_scheme_2017_18,Saugata Hazra,"['Saugata Hazra', 'Sonal Atreya', 'N K Navani', 'Mahua Mukherjee', 'Krishna Mohan Poluri']"
v0_040_advertisement_for_the_swarnajayanti_fellowships_scheme_2017_18,Shailly Tomar,"['Shailly Tomar', 'Sonal Atreya', 'N K Navani', 'Mahua Mukherjee', 'Krishna Mohan Poluri']"
v0_040_advertisement_for_the_swarnajayanti_fellowships_scheme_2017_18,Shri Ram Yadav,"['Shri Ram Yadav', 'Sonal Atreya', 'N K Navani', 'Mahua Mukherjee', 'Krishna Mohan Poluri']"
v0_040_advertisement_for_the_swarnajayanti_fellowships_scheme_2017_18,Soma Rohatgi,"['Soma Rohatgi', 'Sonal Atreya', 'N K Navani', 'Mahua Mukherjee', 'Krishna Mohan Poluri']"
v0_040_advertisement_for_the_swarnajayanti_fellowships_scheme_2017_18,Sachin Suresh Tiwari,"['Sachin Suresh Tiwari', 'Sonal Atreya', 'N K Navani', 'Mahua Mukherjee', 'Krishna Mohan Poluri']"
v0_040_advertisement_for_the_swarnajayanti_fellowships_scheme_2017_18,Jitin Singla,"['Jitin Singla', 'Sonal Atreya', 'N K Navani', 'Mahua Mukherjee', 'Krishna Mohan Poluri']"
v0_040_advertisement_for_the_swarnajayanti_fellowships_scheme_2017_18,Rajesh Kumar,"['Rajesh Kumar', 'Sonal Atreya', 'N K Navani', 'Mahua Mukherjee', 'Krishna Mohan Poluri']"
v0_040_advertisement_for_the_swarnajayanti_fellowships_scheme_2017_18,Akhil Upadhyay,"['Akhil Upadhyay', 'Sonal Atreya', 'N K Navani', 'Mahua Mukherjee', 'Krishna Mohan Poluri']"
v0_041_announcement_for_inviting_applications_for_participation_in_3rd_brics_young_scientist_conclave_durban_south_africa25_29_june_2018,Arindam Biswas,"['Arindam Biswas', 'Sachin Suresh Tiwari', 'Pravindra Kumar', 'Pranita P Sarangi']"
v0_041_announcement_for_inviting_applications_for_participation_in_3rd_brics_young_scientist_conclave_durban_south_africa25_29_june_2018,Avlokita Agrawal,"['Avlokita Agrawal', 'Sachin Suresh Tiwari', 'Pravindra Kumar', 'Pranita P Sarangi']"
v0_041_announcement_for_inviting_applications_for_participation_in_3rd_brics_young_scientist_conclave_durban_south_africa25_29_june_2018,Gaurav Raheja,"['Gaurav Raheja', 'Sachin Suresh Tiwari', 'Pravindra Kumar', 'Pranita P Sarangi']"
v0_041_announcement_for_inviting_applications_for_participation_in_3rd_brics_young_scientist_conclave_durban_south_africa25_29_june_2018,Harshit Sosan Lakra,"['Harshit Sosan Lakra', 'Sachin Suresh Tiwari', 'Pravindra Kumar', 'Pranita P Sarangi']"
v0_041_announcement_for_inviting_applications_for_participation_in_3rd_brics_young_scientist_conclave_durban_south_africa25_29_june_2018,Mahua Mukherjee,"['Mahua Mukherjee', 'Sachin Suresh Tiwari', 'Pravindra Kumar', 'Pranita P Sarangi']"
v0_041_announcement_for_inviting_applications_for_participation_in_3rd_brics_young_scientist_conclave_durban_south_africa25_29_june_2018,Prabhjot Singh Chani,"['Prabhjot Singh Chani', 'Sachin Suresh Tiwari', 'Pravindra Kumar', 'Pranita P Sarangi']"
v0_041_announcement_for_inviting_applications_for_participation_in_3rd_brics_young_scientist_conclave_durban_south_africa25_29_june_2018,E Rajasekar,"['E Rajasekar', 'Sachin Suresh Tiwari', 'Pravindra Kumar', 'Pranita P Sarangi']"
v0_041_announcement_for_inviting_applications_for_participation_in_3rd_brics_young_scientist_conclave_durban_south_africa25_29_june_2018,Ram Sateesh Pasupuleti,"['Ram Sateesh Pasupuleti', 'Sachin Suresh Tiwari', 'Pravindra Kumar', 'Pranita P Sarangi']"
v0_041_announcement_for_inviting_applications_for_participation_in_3rd_brics_young_scientist_conclave_durban_south_africa25_29_june_2018,Saptarshi Kolay,"['Saptarshi Kolay', 'Sachin Suresh Tiwari', 'Pravindra Kumar', 'Pranita P Sarangi']"
v0_041_announcement_for_inviting_applications_for_participation_in_3rd_brics_young_scientist_conclave_durban_south_africa25_29_june_2018,Shubhajit Sadhukhan,"['Shubhajit Sadhukhan', 'Sachin Suresh Tiwari', 'Pravindra Kumar', 'Pranita P Sarangi']"
v0_041_announcement_for_inviting_applications_for_participation_in_3rd_brics_young_scientist_conclave_durban_south_africa25_29_june_2018,Smriti Saraswat,"['Smriti Saraswat', 'Sachin Suresh Tiwari', 'Pravindra Kumar', 'Pranita P Sarangi']"
v0_041_announcement_for_inviting_applications_for_participation_in_3rd_brics_young_scientist_conclave_durban_south_africa25_29_june_2018,Sonal Atreya,"['Sonal Atreya', 'Sachin Suresh Tiwari', 'Pravindra Kumar', 'Pranita P Sarangi']"
v0_041_announcement_for_inviting_applications_for_participation_in_3rd_brics_young_scientist_conclave_durban_south_africa25_29_june_2018,Tina Pujara,"['Tina Pujara', 'Sachin Suresh Tiwari', 'Pravindra Kumar', 'Pranita P Sarangi']"
v0_041_announcement_for_inviting_applications_for_participation_in_3rd_brics_young_scientist_conclave_durban_south_africa25_29_june_2018,Uttam Kumar Roy,"['Uttam Kumar Roy', 'Sachin Suresh Tiwari', 'Pravindra Kumar', 'Pranita P Sarangi']"
v0_041_announcement_for_inviting_applications_for_participation_in_3rd_brics_young_scientist_conclave_durban_south_africa25_29_june_2018,V Devadas,"['V Devadas', 'Sachin Suresh Tiwari', 'Pravindra Kumar', 'Pranita P Sarangi']"
v0_041_announcement_for_inviting_applications_for_participation_in_3rd_brics_young_scientist_conclave_durban_south_africa25_29_june_2018,Jaydev Dabas,"['Jaydev Dabas', 'Sachin Suresh Tiwari', 'Pravindra Kumar', 'Pranita P Sarangi']"
v0_041_announcement_for_inviting_applications_for_participation_in_3rd_brics_young_scientist_conclave_durban_south_africa25_29_june_2018,Millie Pant,"['Millie Pant', 'Sachin Suresh Tiwari', 'Pravindra Kumar', 'Pranita P Sarangi']"
v0_041_announcement_for_inviting_applications_for_participation_in_3rd_brics_young_scientist_conclave_durban_south_africa25_29_june_2018,Rajan Arora,"['Rajan Arora', 'Sachin Suresh Tiwari', 'Pravindra Kumar', 'Pranita P Sarangi']"
v0_041_announcement_for_inviting_applications_for_participation_in_3rd_brics_young_scientist_conclave_durban_south_africa25_29_june_2018,Ashwani Kumar Sharma,"['Ashwani Kumar Sharma', 'Sachin Suresh Tiwari', 'Pravindra Kumar', 'Pranita P Sarangi']"
v0_041_announcement_for_inviting_applications_for_participation_in_3rd_brics_young_scientist_conclave_durban_south_africa25_29_june_2018,Bijan Choudhury,"['Bijan Choudhury', 'Sachin Suresh Tiwari', 'Pravindra Kumar', 'Pranita P Sarangi']"
v0_041_announcement_for_inviting_applications_for_participation_in_3rd_brics_young_scientist_conclave_durban_south_africa25_29_june_2018,Debabrata Sircar,"['Debabrata Sircar', 'Sachin Suresh Tiwari', 'Pravindra Kumar', 'Pranita P Sarangi']"
v0_041_announcement_for_inviting_applications_for_participation_in_3rd_brics_young_scientist_conclave_durban_south_africa25_29_june_2018,Deepak Sharma,"['Deepak Sharma', 'Sachin Suresh Tiwari', 'Pravindra Kumar', 'Pranita P Sarangi']"
v0_041_announcement_for_inviting_applications_for_participation_in_3rd_brics_young_scientist_conclave_durban_south_africa25_29_june_2018,P Gopinath,"['P Gopinath', 'Sachin Suresh Tiwari', 'Pravindra Kumar', 'Pranita P Sarangi']"
v0_041_announcement_for_inviting_applications_for_participation_in_3rd_brics_young_scientist_conclave_durban_south_africa25_29_june_2018,Harsh Chauhan,"['Harsh Chauhan', 'Sachin Suresh Tiwari', 'Pravindra Kumar', 'Pranita P Sarangi']"
v0_041_announcement_for_inviting_applications_for_participation_in_3rd_brics_young_scientist_conclave_durban_south_africa25_29_june_2018,Srinivas Kiran Ambatipudi,"['Srinivas Kiran Ambatipudi', 'Sachin Suresh Tiwari', 'Pravindra Kumar', 'Pranita P Sarangi']"
v0_041_announcement_for_inviting_applications_for_participation_in_3rd_brics_young_scientist_conclave_durban_south_africa25_29_june_2018,Krishna Mohan Poluri,"['Krishna Mohan Poluri', 'Sachin Suresh Tiwari', 'Pravindra Kumar', 'Pranita P Sarangi']"
v0_041_announcement_for_inviting_applications_for_participation_in_3rd_brics_young_scientist_conclave_durban_south_africa25_29_june_2018,Maya S.Nair,"['Maya S.Nair', 'Sachin Suresh Tiwari', 'Pravindra Kumar', 'Pranita P Sarangi']"
v0_041_announcement_for_inviting_applications_for_participation_in_3rd_brics_young_scientist_conclave_durban_south_africa25_29_june_2018,N K Navani,"['N K Navani', 'Sachin Suresh Tiwari', 'Pravindra Kumar', 'Pranita P Sarangi']"
v0_041_announcement_for_inviting_applications_for_participation_in_3rd_brics_young_scientist_conclave_durban_south_africa25_29_june_2018,Partha Roy,"['Partha Roy', 'Sachin Suresh Tiwari', 'Pravindra Kumar', 'Pranita P Sarangi']"
v0_041_announcement_for_inviting_applications_for_participation_in_3rd_brics_young_scientist_conclave_durban_south_africa25_29_june_2018,Poonam Choudhary,"['Poonam Choudhary', 'Sachin Suresh Tiwari', 'Pravindra Kumar', 'Pranita P Sarangi']"
v0_041_announcement_for_inviting_applications_for_participation_in_3rd_brics_young_scientist_conclave_durban_south_africa25_29_june_2018,Prabhat Kumar Mandal,"['Prabhat Kumar Mandal', 'Sachin Suresh Tiwari', 'Pravindra Kumar', 'Pranita P Sarangi']"
v0_041_announcement_for_inviting_applications_for_participation_in_3rd_brics_young_scientist_conclave_durban_south_africa25_29_june_2018,Pranita P Sarangi,"['Pranita P Sarangi', 'Sachin Suresh Tiwari', 'Pravindra Kumar']"
v0_041_announcement_for_inviting_applications_for_participation_in_3rd_brics_young_scientist_conclave_durban_south_africa25_29_june_2018,Pravindra Kumar,"['Pravindra Kumar', 'Sachin Suresh Tiwari', 'Pranita P Sarangi']"
v0_041_announcement_for_inviting_applications_for_participation_in_3rd_brics_young_scientist_conclave_durban_south_africa25_29_june_2018,Prince Tiwari,"['Prince Tiwari', 'Sachin Suresh Tiwari', 'Pravindra Kumar', 'Pranita P Sarangi']"
v0_041_announcement_for_inviting_applications_for_participation_in_3rd_brics_young_scientist_conclave_durban_south_africa25_29_june_2018,R. P. Singh,"['R. P. Singh', 'Sachin Suresh Tiwari', 'Pravindra Kumar', 'Pranita P Sarangi']"
v0_041_announcement_for_inviting_applications_for_participation_in_3rd_brics_young_scientist_conclave_durban_south_africa25_29_june_2018,Ramasare Prasad,"['Ramasare Prasad', 'Sachin Suresh Tiwari', 'Pravindra Kumar', 'Pranita P Sarangi']"
v0_041_announcement_for_inviting_applications_for_participation_in_3rd_brics_young_scientist_conclave_durban_south_africa25_29_june_2018,Ranjana Pathania,"['Ranjana Pathania', 'Sachin Suresh Tiwari', 'Pravindra Kumar', 'Pranita P Sarangi']"
v0_041_announcement_for_inviting_applications_for_participation_in_3rd_brics_young_scientist_conclave_durban_south_africa25_29_june_2018,Sanjoy Ghosh,"['Sanjoy Ghosh', 'Sachin Suresh Tiwari', 'Pravindra Kumar', 'Pranita P Sarangi']"
v0_041_announcement_for_inviting_applications_for_participation_in_3rd_brics_young_scientist_conclave_durban_south_africa25_29_june_2018,Saugata Hazra,"['Saugata Hazra', 'Sachin Suresh Tiwari', 'Pravindra Kumar', 'Pranita P Sarangi']"
v0_041_announcement_for_inviting_applications_for_participation_in_3rd_brics_young_scientist_conclave_durban_south_africa25_29_june_2018,Shailly Tomar,"['Shailly Tomar', 'Sachin Suresh Tiwari', 'Pravindra Kumar', 'Pranita P Sarangi']"
v0_041_announcement_for_inviting_applications_for_participation_in_3rd_brics_young_scientist_conclave_durban_south_africa25_29_june_2018,Shri Ram Yadav,"['Shri Ram Yadav', 'Sachin Suresh Tiwari', 'Pravindra Kumar', 'Pranita P Sarangi']"
v0_041_announcement_for_inviting_applications_for_participation_in_3rd_brics_young_scientist_conclave_durban_south_africa25_29_june_2018,Soma Rohatgi,"['Soma Rohatgi', 'Sachin Suresh Tiwari', 'Pravindra Kumar', 'Pranita P Sarangi']"
v0_041_announcement_for_inviting_applications_for_participation_in_3rd_brics_young_scientist_conclave_durban_south_africa25_29_june_2018,Sachin Suresh Tiwari,"['Sachin Suresh Tiwari', 'Pravindra Kumar', 'Pranita P Sarangi']"
v0_041_announcement_for_inviting_applications_for_participation_in_3rd_brics_young_scientist_conclave_durban_south_africa25_29_june_2018,Jitin Singla,"['Jitin Singla', 'Sachin Suresh Tiwari', 'Pravindra Kumar', 'Pranita P Sarangi']"
v0_041_announcement_for_inviting_applications_for_participation_in_3rd_brics_young_scientist_conclave_durban_south_africa25_29_june_2018,Rajesh Kumar,"['Rajesh Kumar', 'Sachin Suresh Tiwari', 'Pravindra Kumar', 'Pranita P Sarangi']"
v0_041_announcement_for_inviting_applications_for_participation_in_3rd_brics_young_scientist_conclave_durban_south_africa25_29_june_2018,Akhil Upadhyay,"['Akhil Upadhyay', 'Sachin Suresh Tiwari', 'Pravindra Kumar', 'Pranita P Sarangi']"
v0_042_ministry_of_mines___invites_science_and_technology_project_proposals,Arindam Biswas,"['Arindam Biswas', 'Pranita P Sarangi', 'Shri Ram Yadav', 'Rajesh Kumar']"
v0_042_ministry_of_mines___invites_science_and_technology_project_proposals,Avlokita Agrawal,"['Avlokita Agrawal', 'Jitin Singla', 'Shri Ram Yadav', 'Saugata Hazra']"
v0_042_ministry_of_mines___invites_science_and_technology_project_proposals,Gaurav Raheja,"['Gaurav Raheja', 'Poonam Choudhary', 'Pravindra Kumar', 'Maya S.Nair', 'Soma Rohatgi']"
v0_042_ministry_of_mines___invites_science_and_technology_project_proposals,Harshit Sosan Lakra,"['Harshit Sosan Lakra', 'R. P. Singh']"
v0_042_ministry_of_mines___invites_science_and_technology_project_proposals,Mahua Mukherjee,"['Mahua Mukherjee', 'Rajesh Kumar', 'Saugata Hazra', 'Pravindra Kumar']"
v0_042_ministry_of_mines___invites_science_and_technology_project_proposals,Prabhjot Singh Chani,"['Prabhjot Singh Chani', 'Poonam Choudhary', 'Soma Rohatgi']"
v0_042_ministry_of_mines___invites_science_and_technology_project_proposals,E Rajasekar,"['E Rajasekar', 'Prabhat Kumar Mandal', 'Ranjana Pathania']"
v0_042_ministry_of_mines___invites_science_and_technology_project_proposals,Ram Sateesh Pasupuleti,"['Ram Sateesh Pasupuleti', 'Prabhat Kumar Mandal', 'Sachin Suresh Tiwari', 'R. P. Singh', 'Soma Rohatgi']"
v0_042_ministry_of_mines___invites_science_and_technology_project_proposals,Saptarshi Kolay,"['Saptarshi Kolay', 'Jitin Singla', 'Ranjana Pathania', 'R. P. Singh', 'Partha Roy']"
v0_042_ministry_of_mines___invites_science_and_technology_project_proposals,Shubhajit Sadhukhan,"['Shubhajit Sadhukhan', 'Prince Tiwari']"
v0_042_ministry_of_mines___invites_science_and_technology_project_proposals,Smriti Saraswat,"['Smriti Saraswat', 'Akhil Upadhyay', 'Poonam Choudhary']"
v0_042_ministry_of_mines___invites_science_and_technology_project_proposals,Sonal Atreya,"['Sonal Atreya', 'N K Navani']"
v0_042_ministry_of_mines___invites_science_and_technology_project_proposals,Tina Pujara,"['Tina Pujara', 'Ramasare Prasad']"
v0_042_ministry_of_mines___invites_science_and_technology_project_proposals,Uttam Kumar Roy,"['Uttam Kumar Roy', 'Poonam Choudhary', 'Shri Ram Yadav']"
v0_042_ministry_of_mines___invites_science_and_technology_project_proposals,V Devadas,"['V Devadas', 'Saugata Hazra', 'Akhil Upadhyay', 'Sachin Suresh Tiwari']"
v0_042_ministry_of_mines___invites_science_and_technology_project_proposals,Jaydev Dabas,"['Jaydev Dabas', 'Ramasare Prasad']"
v0_042_ministry_of_mines___invites_science_and_technology_project_proposals,Millie Pant,"['Millie Pant', 'Ramasare Prasad', 'Soma Rohatgi', 'Akhil Upadhyay', 'Saugata Hazra']"
v0_042_ministry_of_mines___invites_science_and_technology_project_proposals,Rajan Arora,"['Rajan Arora', 'Ramasare Prasad', 'Maya S.Nair', 'Sanjoy Ghosh', 'Pranita P Sarangi']"
v0_042_ministry_of_mines___invites_science_and_technology_project_proposals,Ashwani Kumar Sharma,"['Ashwani Kumar Sharma', 'Shailly Tomar', 'Ranjana Pathania']"
v0_042_ministry_of_mines___invites_science_and_technology_project_proposals,Bijan Choudhury,"['Bijan Choudhury', 'Akhil Upadhyay', 'Jitin Singla', 'Ramasare Prasad']"
v0_042_ministry_of_mines___invites_science_and_technology_project_proposals,Debabrata Sircar,"['Debabrata Sircar', 'Partha Roy', 'Akhil Upadhyay', 'Saugata Hazra']"
v0_042_ministry_of_mines___invites_science_and_technology_project_proposals,Deepak Sharma,"['Deepak Sharma', 'Saugata Hazra']"
v0_042_ministry_of_mines___invites_science_and_technology_project_proposals,P Gopinath,"['P Gopinath', 'Ramasare Prasad', 'Ranjana Pathania', 'Prabhat Kumar Mandal']"
v0_042_ministry_of_mines___invites_science_and_technology_project_proposals,Harsh Chauhan,"['Harsh Chauhan', 'N K Navani', 'Maya S.Nair', 'Rajesh Kumar', 'Partha Roy']"
v0_042_ministry_of_mines___invites_science_and_technology_project_proposals,Srinivas Kiran Ambatipudi,"['Srinivas Kiran Ambatipudi', 'Shailly Tomar', 'Sachin Suresh Tiwari', 'Poonam Choudhary']"
v0_042_ministry_of_mines___invites_science_and_technology_project_proposals,Krishna Mohan Poluri,"['Krishna Mohan Poluri', 'Prabhat Kumar Mandal']"
v0_042_ministry_of_mines___invites_science_and_technology_project_proposals,Maya S.Nair,"['Maya S.Nair', 'Ranjana Pathania', 'R. P. Singh']"
v0_042_ministry_of_mines___invites_science_and_technology_project_proposals,N K Navani,"['N K Navani', 'Prince Tiwari']"
v0_042_ministry_of_mines___invites_science_and_technology_project_proposals,Partha Roy,"['Partha Roy', 'Shailly Tomar', 'Pranita P Sarangi']"
v0_042_ministry_of_mines___invites_science_and_technology_project_proposals,Poonam Choudhary,"['Poonam Choudhary', 'Prince Tiwari', 'Pranita P Sarangi']"
v0_042_ministry_of_mines___invites_science_and_technology_project_proposals,Prabhat Kumar Mandal,"['Prabhat Kumar Mandal', 'Shailly Tomar']"
v0_042_ministry_of_mines___invites_science_and_technology_project_proposals,Pranita P Sarangi,"['Pranita P Sarangi', 'Sachin Suresh Tiwari', 'Partha Roy']"
v0_042_ministry_of_mines___invites_science_and_technology_project_proposals,Pravindra Kumar,"['Pravindra Kumar', 'Sanjoy Ghosh', 'Shailly Tomar']"
v0_042_ministry_of_mines___invites_science_and_technology_project_proposals,Prince Tiwari,"['Prince Tiwari', 'Maya S.Nair', 'Pranita P Sarangi', 'N K Navani']"
v0_042_ministry_of_mines___invites_science_and_technology_project_proposals,R. P. Singh,"['R. P. Singh', 'Partha Roy']"
v0_042_ministry_of_mines___invites_science_and_technology_project_proposals,Ramasare Prasad,"['Ramasare Prasad', 'N K Navani']"
v0_042_ministry_of_mines___invites_science_and_technology_project_proposals,Ranjana Pathania,"['Ranjana Pathania', 'Soma Rohatgi', 'Sanjoy Ghosh', 'Jitin Singla', 'Rajesh Kumar']"
v0_042_ministry_of_mines___invites_science_and_technology_project_proposals,Sanjoy Ghosh,"['Sanjoy Ghosh', 'Ramasare Prasad']"
v0_042_ministry_of_mines___invites_science_and_technology_project_proposals,Saugata Hazra,"['Saugata Hazra', 'Shri Ram Yadav', 'Partha Roy', 'Soma Rohatgi', 'Pranita P Sarangi']"
v0_042_ministry_of_mines___invites_science_and_technology_project_proposals,Shailly Tomar,"['Shailly Tomar', 'Sanjoy Ghosh', 'Saugata Hazra', 'Akhil Upadhyay', 'Maya S.Nair']"
v0_042_ministry_of_mines___invites_science_and_technology_project_proposals,Shri Ram Yadav,"['Shri Ram Yadav', 'Pranita P Sarangi', 'Ramasare Prasad']"
v0_042_ministry_of_mines___invites_science_and_technology_project_proposals,Soma Rohatgi,"['Soma Rohatgi', 'N K Navani']"
v0_042_ministry_of_mines___invites_science_and_technology_project_proposals,Sachin Suresh Tiwari,"['Sachin Suresh Tiwari', 'Poonam Choudhary']"
v0_042_ministry_of_mines___invites_science_and_technology_project_proposals,Jitin Singla,"['Jitin Singla', 'Sachin Suresh Tiwari']"
v0_042_ministry_of_mines___invites_science_and_technology_project_proposals,Rajesh Kumar,"['Rajesh Kumar', 'Prabhat Kumar Mandal']"
v0_042_ministry_of_mines___invites_science_and_technology_project_proposals,Akhil Upadhyay,"['Akhil Upadhyay', 'Prince Tiwari', 'Ranjana Pathania', 'Sanjoy Ghosh']"
v0_043_call_for_oriented_researchtechnology_development_proposals_on_materials_for_energy_storage_mes___2018,Arindam Biswas,"['Arindam Biswas', 'Shailly Tomar', 'Sachin Suresh Tiwari', 'Ranjana Pathania', 'Ram Sateesh Pasupuleti']"
v0_043_call_for_oriented_researchtechnology_development_proposals_on_materials_for_energy_storage_mes___2018,Avlokita Agrawal,"['Avlokita Agrawal', 'Shailly Tomar', 'Sachin Suresh Tiwari', 'Ranjana Pathania', 'Ram Sateesh Pasupuleti']"
v0_043_call_for_oriented_researchtechnology_development_proposals_on_materials_for_energy_storage_mes___2018,Gaurav Raheja,"['Gaurav Raheja', 'Shailly Tomar', 'Sachin Suresh Tiwari', 'Ranjana Pathania', 'Ram Sateesh Pasupuleti']"
v0_043_call_for_oriented_researchtechnology_development_proposals_on_materials_for_energy_storage_mes___2018,Harshit Sosan Lakra,"['Harshit Sosan Lakra', 'Shailly Tomar', 'Sachin Suresh Tiwari', 'Ranjana Pathania', 'Ram Sateesh Pasupuleti']"
v0_043_call_for_oriented_researchtechnology_development_proposals_on_materials_for_energy_storage_mes___2018,Mahua Mukherjee,"['Mahua Mukherjee', 'Shailly Tomar', 'Sachin Suresh Tiwari', 'Ranjana Pathania', 'Ram Sateesh Pasupuleti']"
v0_043_call_for_oriented_researchtechnology_development_proposals_on_materials_for_energy_storage_mes___2018,Prabhjot Singh Chani,"['Prabhjot Singh Chani', 'Shailly Tomar', 'Sachin Suresh Tiwari', 'Ranjana Pathania', 'Ram Sateesh Pasupuleti']"
v0_043_call_for_oriented_researchtechnology_development_proposals_on_materials_for_energy_storage_mes___2018,E Rajasekar,"['E Rajasekar', 'Shailly Tomar', 'Sachin Suresh Tiwari', 'Ranjana Pathania', 'Ram Sateesh Pasupuleti']"
v0_043_call_for_oriented_researchtechnology_development_proposals_on_materials_for_energy_storage_mes___2018,Ram Sateesh Pasupuleti,"['Ram Sateesh Pasupuleti', 'Shailly Tomar', 'Sachin Suresh Tiwari', 'Ranjana Pathania', 'Pranita P Sarangi']"
v0_043_call_for_oriented_researchtechnology_development_proposals_on_materials_for_energy_storage_mes___2018,Saptarshi Kolay,"['Saptarshi Kolay', 'Shailly Tomar', 'Sachin Suresh Tiwari', 'Ranjana Pathania', 'Ram Sateesh Pasupuleti']"
v0_043_call_for_oriented_researchtechnology_development_proposals_on_materials_for_energy_storage_mes___2018,Shubhajit Sadhukhan,"['Shubhajit Sadhukhan', 'Shailly Tomar', 'Sachin Suresh Tiwari', 'Ranjana Pathania', 'Ram Sateesh Pasupuleti']"
v0_043_call_for_oriented_researchtechnology_development_proposals_on_materials_for_energy_storage_mes___2018,Smriti Saraswat,"['Smriti Saraswat', 'Shailly Tomar', 'Sachin Suresh Tiwari', 'Ranjana Pathania', 'Ram Sateesh Pasupuleti']"
v0_043_call_for_oriented_researchtechnology_development_proposals_on_materials_for_energy_storage_mes___2018,Sonal Atreya,"['Sonal Atreya', 'Shailly Tomar', 'Sachin Suresh Tiwari', 'Ranjana Pathania', 'Ram Sateesh Pasupuleti']"
v0_043_call_for_oriented_researchtechnology_development_proposals_on_materials_for_energy_storage_mes___2018,Tina Pujara,"['Tina Pujara', 'Shailly Tomar', 'Sachin Suresh Tiwari', 'Ranjana Pathania', 'Ram Sateesh Pasupuleti']"
v0_043_call_for_oriented_researchtechnology_development_proposals_on_materials_for_energy_storage_mes___2018,Uttam Kumar Roy,"['Uttam Kumar Roy', 'Shailly Tomar', 'Sachin Suresh Tiwari', 'Ranjana Pathania', 'Ram Sateesh Pasupuleti']"
v0_043_call_for_oriented_researchtechnology_development_proposals_on_materials_for_energy_storage_mes___2018,V Devadas,"['V Devadas', 'Shailly Tomar', 'Sachin Suresh Tiwari', 'Ranjana Pathania', 'Ram Sateesh Pasupuleti']"
v0_043_call_for_oriented_researchtechnology_development_proposals_on_materials_for_energy_storage_mes___2018,Jaydev Dabas,"['Jaydev Dabas', 'Shailly Tomar', 'Sachin Suresh Tiwari', 'Ranjana Pathania', 'Ram Sateesh Pasupuleti']"
v0_043_call_for_oriented_researchtechnology_development_proposals_on_materials_for_energy_storage_mes___2018,Millie Pant,"['Millie Pant', 'Shailly Tomar', 'Sachin Suresh Tiwari', 'Ranjana Pathania', 'Ram Sateesh Pasupuleti']"
v0_043_call_for_oriented_researchtechnology_development_proposals_on_materials_for_energy_storage_mes___2018,Rajan Arora,"['Rajan Arora', 'Shailly Tomar', 'Sachin Suresh Tiwari', 'Ranjana Pathania', 'Ram Sateesh Pasupuleti']"
v0_043_call_for_oriented_researchtechnology_development_proposals_on_materials_for_energy_storage_mes___2018,Ashwani Kumar Sharma,"['Ashwani Kumar Sharma', 'Shailly Tomar', 'Sachin Suresh Tiwari', 'Ranjana Pathania', 'Ram Sateesh Pasupuleti']"
v0_043_call_for_oriented_researchtechnology_development_proposals_on_materials_for_energy_storage_mes___2018,Bijan Choudhury,"['Bijan Choudhury', 'Shailly Tomar', 'Sachin Suresh Tiwari', 'Ranjana Pathania', 'Ram Sateesh Pasupuleti']"
v0_043_call_for_oriented_researchtechnology_development_proposals_on_materials_for_energy_storage_mes___2018,Debabrata Sircar,"['Debabrata Sircar', 'Shailly Tomar', 'Sachin Suresh Tiwari', 'Ranjana Pathania', 'Ram Sateesh Pasupuleti']"
v0_043_call_for_oriented_researchtechnology_development_proposals_on_materials_for_energy_storage_mes___2018,Deepak Sharma,"['Deepak Sharma', 'Shailly Tomar', 'Sachin Suresh Tiwari', 'Ranjana Pathania', 'Ram Sateesh Pasupuleti']"
v0_043_call_for_oriented_researchtechnology_development_proposals_on_materials_for_energy_storage_mes___2018,P Gopinath,"['P Gopinath', 'Shailly Tomar', 'Sachin Suresh Tiwari', 'Ranjana Pathania', 'Ram Sateesh Pasupuleti']"
v0_043_call_for_oriented_researchtechnology_development_proposals_on_materials_for_energy_storage_mes___2018,Harsh Chauhan,"['Harsh Chauhan', 'Shailly Tomar', 'Sachin Suresh Tiwari', 'Ranjana Pathania', 'Ram Sateesh Pasupuleti']"
v0_043_call_for_oriented_researchtechnology_development_proposals_on_materials_for_energy_storage_mes___2018,Srinivas Kiran Ambatipudi,"['Srinivas Kiran Ambatipudi', 'Shailly Tomar', 'Sachin Suresh Tiwari', 'Ranjana Pathania', 'Ram Sateesh Pasupuleti']"
v0_043_call_for_oriented_researchtechnology_development_proposals_on_materials_for_energy_storage_mes___2018,Krishna Mohan Poluri,"['Krishna Mohan Poluri', 'Shailly Tomar', 'Sachin Suresh Tiwari', 'Ranjana Pathania', 'Ram Sateesh Pasupuleti']"
v0_043_call_for_oriented_researchtechnology_development_proposals_on_materials_for_energy_storage_mes___2018,Maya S.Nair,"['Maya S.Nair', 'Shailly Tomar', 'Sachin Suresh Tiwari', 'Ranjana Pathania', 'Ram Sateesh Pasupuleti']"
v0_043_call_for_oriented_researchtechnology_development_proposals_on_materials_for_energy_storage_mes___2018,N K Navani,"['N K Navani', 'Shailly Tomar', 'Sachin Suresh Tiwari', 'Ranjana Pathania', 'Ram Sateesh Pasupuleti']"
v0_043_call_for_oriented_researchtechnology_development_proposals_on_materials_for_energy_storage_mes___2018,Partha Roy,"['Partha Roy', 'Shailly Tomar', 'Sachin Suresh Tiwari', 'Ranjana Pathania', 'Ram Sateesh Pasupuleti']"
v0_043_call_for_oriented_researchtechnology_development_proposals_on_materials_for_energy_storage_mes___2018,Poonam Choudhary,"['Poonam Choudhary', 'Shailly Tomar', 'Sachin Suresh Tiwari', 'Ranjana Pathania', 'Ram Sateesh Pasupuleti']"
v0_043_call_for_oriented_researchtechnology_development_proposals_on_materials_for_energy_storage_mes___2018,Prabhat Kumar Mandal,"['Prabhat Kumar Mandal', 'Shailly Tomar', 'Sachin Suresh Tiwari', 'Ranjana Pathania', 'Ram Sateesh Pasupuleti']"
v0_043_call_for_oriented_researchtechnology_development_proposals_on_materials_for_energy_storage_mes___2018,Pranita P Sarangi,"['Pranita P Sarangi', 'Shailly Tomar', 'Sachin Suresh Tiwari', 'Ranjana Pathania', 'Ram Sateesh Pasupuleti']"
v0_043_call_for_oriented_researchtechnology_development_proposals_on_materials_for_energy_storage_mes___2018,Pravindra Kumar,"['Pravindra Kumar', 'Shailly Tomar', 'Sachin Suresh Tiwari', 'Ranjana Pathania', 'Ram Sateesh Pasupuleti']"
v0_043_call_for_oriented_researchtechnology_development_proposals_on_materials_for_energy_storage_mes___2018,Prince Tiwari,"['Prince Tiwari', 'Shailly Tomar', 'Sachin Suresh Tiwari', 'Ranjana Pathania', 'Ram Sateesh Pasupuleti']"
v0_043_call_for_oriented_researchtechnology_development_proposals_on_materials_for_energy_storage_mes___2018,R. P. Singh,"['R. P. Singh', 'Shailly Tomar', 'Sachin Suresh Tiwari', 'Ranjana Pathania', 'Ram Sateesh Pasupuleti']"
v0_043_call_for_oriented_researchtechnology_development_proposals_on_materials_for_energy_storage_mes___2018,Ramasare Prasad,"['Ramasare Prasad', 'Shailly Tomar', 'Sachin Suresh Tiwari', 'Ranjana Pathania', 'Ram Sateesh Pasupuleti']"
v0_043_call_for_oriented_researchtechnology_development_proposals_on_materials_for_energy_storage_mes___2018,Ranjana Pathania,"['Ranjana Pathania', 'Shailly Tomar', 'Sachin Suresh Tiwari', 'Ram Sateesh Pasupuleti', 'Pranita P Sarangi']"
v0_043_call_for_oriented_researchtechnology_development_proposals_on_materials_for_energy_storage_mes___2018,Sanjoy Ghosh,"['Sanjoy Ghosh', 'Shailly Tomar', 'Sachin Suresh Tiwari', 'Ranjana Pathania', 'Ram Sateesh Pasupuleti']"
v0_043_call_for_oriented_researchtechnology_development_proposals_on_materials_for_energy_storage_mes___2018,Saugata Hazra,"['Saugata Hazra', 'Shailly Tomar', 'Sachin Suresh Tiwari', 'Ranjana Pathania', 'Ram Sateesh Pasupuleti']"
v0_043_call_for_oriented_researchtechnology_development_proposals_on_materials_for_energy_storage_mes___2018,Shailly Tomar,"['Shailly Tomar', 'Sachin Suresh Tiwari', 'Ranjana Pathania', 'Ram Sateesh Pasupuleti', 'Pranita P Sarangi']"
v0_043_call_for_oriented_researchtechnology_development_proposals_on_materials_for_energy_storage_mes___2018,Shri Ram Yadav,"['Shri Ram Yadav', 'Shailly Tomar', 'Sachin Suresh Tiwari', 'Ranjana Pathania', 'Ram Sateesh Pasupuleti']"
v0_043_call_for_oriented_researchtechnology_development_proposals_on_materials_for_energy_storage_mes___2018,Soma Rohatgi,"['Soma Rohatgi', 'Shailly Tomar', 'Sachin Suresh Tiwari', 'Ranjana Pathania', 'Ram Sateesh Pasupuleti']"
v0_043_call_for_oriented_researchtechnology_development_proposals_on_materials_for_energy_storage_mes___2018,Sachin Suresh Tiwari,"['Sachin Suresh Tiwari', 'Shailly Tomar', 'Ranjana Pathania', 'Ram Sateesh Pasupuleti', 'Pranita P Sarangi']"
v0_043_call_for_oriented_researchtechnology_development_proposals_on_materials_for_energy_storage_mes___2018,Jitin Singla,"['Jitin Singla', 'Shailly Tomar', 'Sachin Suresh Tiwari', 'Ranjana Pathania', 'Ram Sateesh Pasupuleti']"
v0_043_call_for_oriented_researchtechnology_development_proposals_on_materials_for_energy_storage_mes___2018,Rajesh Kumar,"['Rajesh Kumar', 'Shailly Tomar', 'Sachin Suresh Tiwari', 'Ranjana Pathania', 'Ram Sateesh Pasupuleti']"
v0_043_call_for_oriented_researchtechnology_development_proposals_on_materials_for_energy_storage_mes___2018,Akhil Upadhyay,"['Akhil Upadhyay', 'Shailly Tomar', 'Sachin Suresh Tiwari', 'Ranjana Pathania', 'Ram Sateesh Pasupuleti']"
v0_044_call_for_proposals_for_establishing_technology_enabling_centres_tec_in_university_system,Arindam Biswas,"['Arindam Biswas', 'Tina Pujara', 'R. P. Singh', 'Prabhat Kumar Mandal']"
v0_044_call_for_proposals_for_establishing_technology_enabling_centres_tec_in_university_system,Avlokita Agrawal,"['Avlokita Agrawal', 'Tina Pujara', 'R. P. Singh', 'Prabhat Kumar Mandal']"
v0_044_call_for_proposals_for_establishing_technology_enabling_centres_tec_in_university_system,Gaurav Raheja,"['Gaurav Raheja', 'Tina Pujara', 'R. P. Singh', 'Prabhat Kumar Mandal']"
v0_044_call_for_proposals_for_establishing_technology_enabling_centres_tec_in_university_system,Harshit Sosan Lakra,"['Harshit Sosan Lakra', 'Tina Pujara', 'R. P. Singh', 'Prabhat Kumar Mandal']"
v0_044_call_for_proposals_for_establishing_technology_enabling_centres_tec_in_university_system,Mahua Mukherjee,"['Mahua Mukherjee', 'Tina Pujara', 'R. P. Singh', 'Prabhat Kumar Mandal']"
v0_044_call_for_proposals_for_establishing_technology_enabling_centres_tec_in_university_system,Prabhjot Singh Chani,"['Prabhjot Singh Chani', 'Tina Pujara', 'R. P. Singh', 'Prabhat Kumar Mandal']"
v0_044_call_for_proposals_for_establishing_technology_enabling_centres_tec_in_university_system,E Rajasekar,"['E Rajasekar', 'Tina Pujara', 'R. P. Singh', 'Prabhat Kumar Mandal']"
v0_044_call_for_proposals_for_establishing_technology_enabling_centres_tec_in_university_system,Ram Sateesh Pasupuleti,"['Ram Sateesh Pasupuleti', 'Tina Pujara', 'R. P. Singh', 'Prabhat Kumar Mandal']"
v0_044_call_for_proposals_for_establishing_technology_enabling_centres_tec_in_university_system,Saptarshi Kolay,"['Saptarshi Kolay', 'Tina Pujara', 'R. P. Singh', 'Prabhat Kumar Mandal']"
v0_044_call_for_proposals_for_establishing_technology_enabling_centres_tec_in_university_system,Shubhajit Sadhukhan,"['Shubhajit Sadhukhan', 'Tina Pujara', 'R. P. Singh', 'Prabhat Kumar Mandal']"
v0_044_call_for_proposals_for_establishing_technology_enabling_centres_tec_in_university_system,Smriti Saraswat,"['Smriti Saraswat', 'Tina Pujara', 'R. P. Singh', 'Prabhat Kumar Mandal']"
v0_044_call_for_proposals_for_establishing_technology_enabling_centres_tec_in_university_system,Sonal Atreya,"['Sonal Atreya', 'Tina Pujara', 'R. P. Singh', 'Prabhat Kumar Mandal']"
v0_044_call_for_proposals_for_establishing_technology_enabling_centres_tec_in_university_system,Tina Pujara,"['Tina Pujara', 'R. P. Singh', 'Prabhat Kumar Mandal']"
v0_044_call_for_proposals_for_establishing_technology_enabling_centres_tec_in_university_system,Uttam Kumar Roy,"['Uttam Kumar Roy', 'Tina Pujara', 'R. P. Singh', 'Prabhat Kumar Mandal']"
v0_044_call_for_proposals_for_establishing_technology_enabling_centres_tec_in_university_system,V Devadas,"['V Devadas', 'Tina Pujara', 'R. P. Singh', 'Prabhat Kumar Mandal']"
v0_044_call_for_proposals_for_establishing_technology_enabling_centres_tec_in_university_system,Jaydev Dabas,"['Jaydev Dabas', 'Tina Pujara', 'R. P. Singh', 'Prabhat Kumar Mandal']"
v0_044_call_for_proposals_for_establishing_technology_enabling_centres_tec_in_university_system,Millie Pant,"['Millie Pant', 'Tina Pujara', 'R. P. Singh', 'Prabhat Kumar Mandal']"
v0_044_call_for_proposals_for_establishing_technology_enabling_centres_tec_in_university_system,Rajan Arora,"['Rajan Arora', 'Tina Pujara', 'R. P. Singh', 'Prabhat Kumar Mandal']"
v0_044_call_for_proposals_for_establishing_technology_enabling_centres_tec_in_university_system,Ashwani Kumar Sharma,"['Ashwani Kumar Sharma', 'Tina Pujara', 'R. P. Singh', 'Prabhat Kumar Mandal']"
v0_044_call_for_proposals_for_establishing_technology_enabling_centres_tec_in_university_system,Bijan Choudhury,"['Bijan Choudhury', 'Tina Pujara', 'R. P. Singh', 'Prabhat Kumar Mandal']"
v0_044_call_for_proposals_for_establishing_technology_enabling_centres_tec_in_university_system,Debabrata Sircar,"['Debabrata Sircar', 'Tina Pujara', 'R. P. Singh', 'Prabhat Kumar Mandal']"
v0_044_call_for_proposals_for_establishing_technology_enabling_centres_tec_in_university_system,Deepak Sharma,"['Deepak Sharma', 'Tina Pujara', 'R. P. Singh', 'Prabhat Kumar Mandal']"
v0_044_call_for_proposals_for_establishing_technology_enabling_centres_tec_in_university_system,P Gopinath,"['P Gopinath', 'Tina Pujara', 'R. P. Singh', 'Prabhat Kumar Mandal']"
v0_044_call_for_proposals_for_establishing_technology_enabling_centres_tec_in_university_system,Harsh Chauhan,"['Harsh Chauhan', 'Tina Pujara', 'R. P. Singh', 'Prabhat Kumar Mandal']"
v0_044_call_for_proposals_for_establishing_technology_enabling_centres_tec_in_university_system,Srinivas Kiran Ambatipudi,"['Srinivas Kiran Ambatipudi', 'Tina Pujara', 'R. P. Singh', 'Prabhat Kumar Mandal']"
v0_044_call_for_proposals_for_establishing_technology_enabling_centres_tec_in_university_system,Krishna Mohan Poluri,"['Krishna Mohan Poluri', 'Tina Pujara', 'R. P. Singh', 'Prabhat Kumar Mandal']"
v0_044_call_for_proposals_for_establishing_technology_enabling_centres_tec_in_university_system,Maya S.Nair,"['Maya S.Nair', 'Tina Pujara', 'R. P. Singh', 'Prabhat Kumar Mandal']"
v0_044_call_for_proposals_for_establishing_technology_enabling_centres_tec_in_university_system,N K Navani,"['N K Navani', 'Tina Pujara', 'R. P. Singh', 'Prabhat Kumar Mandal']"
v0_044_call_for_proposals_for_establishing_technology_enabling_centres_tec_in_university_system,Partha Roy,"['Partha Roy', 'Tina Pujara', 'R. P. Singh', 'Prabhat Kumar Mandal']"
v0_044_call_for_proposals_for_establishing_technology_enabling_centres_tec_in_university_system,Poonam Choudhary,"['Poonam Choudhary', 'Tina Pujara', 'R. P. Singh', 'Prabhat Kumar Mandal']"
v0_044_call_for_proposals_for_establishing_technology_enabling_centres_tec_in_university_system,Prabhat Kumar Mandal,"['Prabhat Kumar Mandal', 'Tina Pujara', 'R. P. Singh']"
v0_044_call_for_proposals_for_establishing_technology_enabling_centres_tec_in_university_system,Pranita P Sarangi,"['Pranita P Sarangi', 'Tina Pujara', 'R. P. Singh', 'Prabhat Kumar Mandal']"
v0_044_call_for_proposals_for_establishing_technology_enabling_centres_tec_in_university_system,Pravindra Kumar,"['Pravindra Kumar', 'Tina Pujara', 'R. P. Singh', 'Prabhat Kumar Mandal']"
v0_044_call_for_proposals_for_establishing_technology_enabling_centres_tec_in_university_system,Prince Tiwari,"['Prince Tiwari', 'Tina Pujara', 'R. P. Singh', 'Prabhat Kumar Mandal']"
v0_044_call_for_proposals_for_establishing_technology_enabling_centres_tec_in_university_system,R. P. Singh,"['R. P. Singh', 'Tina Pujara', 'Prabhat Kumar Mandal']"
v0_044_call_for_proposals_for_establishing_technology_enabling_centres_tec_in_university_system,Ramasare Prasad,"['Ramasare Prasad', 'Tina Pujara', 'R. P. Singh', 'Prabhat Kumar Mandal']"
v0_044_call_for_proposals_for_establishing_technology_enabling_centres_tec_in_university_system,Ranjana Pathania,"['Ranjana Pathania', 'Tina Pujara', 'R. P. Singh', 'Prabhat Kumar Mandal']"
v0_044_call_for_proposals_for_establishing_technology_enabling_centres_tec_in_university_system,Sanjoy Ghosh,"['Sanjoy Ghosh', 'Tina Pujara', 'R. P. Singh', 'Prabhat Kumar Mandal']"
v0_044_call_for_proposals_for_establishing_technology_enabling_centres_tec_in_university_system,Saugata Hazra,"['Saugata Hazra', 'Tina Pujara', 'R. P. Singh', 'Prabhat Kumar Mandal']"
v0_044_call_for_proposals_for_establishing_technology_enabling_centres_tec_in_university_system,Shailly Tomar,"['Shailly Tomar', 'Tina Pujara', 'R. P. Singh', 'Prabhat Kumar Mandal']"
v0_044_call_for_proposals_for_establishing_technology_enabling_centres_tec_in_university_system,Shri Ram Yadav,"['Shri Ram Yadav', 'Tina Pujara', 'R. P. Singh', 'Prabhat Kumar Mandal']"
v0_044_call_for_proposals_for_establishing_technology_enabling_centres_tec_in_university_system,Soma Rohatgi,"['Soma Rohatgi', 'Tina Pujara', 'R. P. Singh', 'Prabhat Kumar Mandal']"
v0_044_call_for_proposals_for_establishing_technology_enabling_centres_tec_in_university_system,Sachin Suresh Tiwari,"['Sachin Suresh Tiwari', 'Tina Pujara', 'R. P. Singh', 'Prabhat Kumar Mandal']"
v0_044_call_for_proposals_for_establishing_technology_enabling_centres_tec_in_university_system,Jitin Singla,"['Jitin Singla', 'Tina Pujara', 'R. P. Singh', 'Prabhat Kumar Mandal']"
v0_044_call_for_proposals_for_establishing_technology_enabling_centres_tec_in_university_system,Rajesh Kumar,"['Rajesh Kumar', 'Tina Pujara', 'R. P. Singh', 'Prabhat Kumar Mandal']"
v0_044_call_for_proposals_for_establishing_technology_enabling_centres_tec_in_university_system,Akhil Upadhyay,"['Akhil Upadhyay', 'Tina Pujara', 'R. P. Singh', 'Prabhat Kumar Mandal']"
v0_045_call_for_proposals_under_state_science_and_technology_sstp__2018_19___call_date_18042018_to_31052018,Arindam Biswas,"['Arindam Biswas', 'V Devadas', 'Ram Sateesh Pasupuleti', 'Pravindra Kumar', 'Jaydev Dabas']"
v0_045_call_for_proposals_under_state_science_and_technology_sstp__2018_19___call_date_18042018_to_31052018,Avlokita Agrawal,"['Avlokita Agrawal', 'V Devadas', 'Ram Sateesh Pasupuleti', 'Pravindra Kumar', 'Jaydev Dabas']"
v0_045_call_for_proposals_under_state_science_and_technology_sstp__2018_19___call_date_18042018_to_31052018,Gaurav Raheja,"['Gaurav Raheja', 'V Devadas', 'Ram Sateesh Pasupuleti', 'Pravindra Kumar', 'Jaydev Dabas']"
v0_045_call_for_proposals_under_state_science_and_technology_sstp__2018_19___call_date_18042018_to_31052018,Harshit Sosan Lakra,"['Harshit Sosan Lakra', 'V Devadas', 'Ram Sateesh Pasupuleti', 'Pravindra Kumar', 'Jaydev Dabas']"
v0_045_call_for_proposals_under_state_science_and_technology_sstp__2018_19___call_date_18042018_to_31052018,Mahua Mukherjee,"['Mahua Mukherjee', 'V Devadas', 'Ram Sateesh Pasupuleti', 'Pravindra Kumar', 'Jaydev Dabas']"
v0_045_call_for_proposals_under_state_science_and_technology_sstp__2018_19___call_date_18042018_to_31052018,Prabhjot Singh Chani,"['Prabhjot Singh Chani', 'V Devadas', 'Ram Sateesh Pasupuleti', 'Pravindra Kumar', 'Jaydev Dabas']"
v0_045_call_for_proposals_under_state_science_and_technology_sstp__2018_19___call_date_18042018_to_31052018,E Rajasekar,"['E Rajasekar', 'V Devadas', 'Ram Sateesh Pasupuleti', 'Pravindra Kumar', 'Jaydev Dabas']"
v0_045_call_for_proposals_under_state_science_and_technology_sstp__2018_19___call_date_18042018_to_31052018,Ram Sateesh Pasupuleti,"['Ram Sateesh Pasupuleti', 'V Devadas', 'Pravindra Kumar', 'Jaydev Dabas', 'Harsh Chauhan']"
v0_045_call_for_proposals_under_state_science_and_technology_sstp__2018_19___call_date_18042018_to_31052018,Saptarshi Kolay,"['Saptarshi Kolay', 'V Devadas', 'Ram Sateesh Pasupuleti', 'Pravindra Kumar', 'Jaydev Dabas']"
v0_045_call_for_proposals_under_state_science_and_technology_sstp__2018_19___call_date_18042018_to_31052018,Shubhajit Sadhukhan,"['Shubhajit Sadhukhan', 'V Devadas', 'Ram Sateesh Pasupuleti', 'Pravindra Kumar', 'Jaydev Dabas']"
v0_045_call_for_proposals_under_state_science_and_technology_sstp__2018_19___call_date_18042018_to_31052018,Smriti Saraswat,"['Smriti Saraswat', 'V Devadas', 'Ram Sateesh Pasupuleti', 'Pravindra Kumar', 'Jaydev Dabas']"
v0_045_call_for_proposals_under_state_science_and_technology_sstp__2018_19___call_date_18042018_to_31052018,Sonal Atreya,"['Sonal Atreya', 'V Devadas', 'Ram Sateesh Pasupuleti', 'Pravindra Kumar', 'Jaydev Dabas']"
v0_045_call_for_proposals_under_state_science_and_technology_sstp__2018_19___call_date_18042018_to_31052018,Tina Pujara,"['Tina Pujara', 'V Devadas', 'Ram Sateesh Pasupuleti', 'Pravindra Kumar', 'Jaydev Dabas']"
v0_045_call_for_proposals_under_state_science_and_technology_sstp__2018_19___call_date_18042018_to_31052018,Uttam Kumar Roy,"['Uttam Kumar Roy', 'V Devadas', 'Ram Sateesh Pasupuleti', 'Pravindra Kumar', 'Jaydev Dabas']"
v0_045_call_for_proposals_under_state_science_and_technology_sstp__2018_19___call_date_18042018_to_31052018,V Devadas,"['V Devadas', 'Ram Sateesh Pasupuleti', 'Pravindra Kumar', 'Jaydev Dabas', 'Harsh Chauhan']"
v0_045_call_for_proposals_under_state_science_and_technology_sstp__2018_19___call_date_18042018_to_31052018,Jaydev Dabas,"['Jaydev Dabas', 'V Devadas', 'Ram Sateesh Pasupuleti', 'Pravindra Kumar', 'Harsh Chauhan']"
v0_045_call_for_proposals_under_state_science_and_technology_sstp__2018_19___call_date_18042018_to_31052018,Millie Pant,"['Millie Pant', 'V Devadas', 'Ram Sateesh Pasupuleti', 'Pravindra Kumar', 'Jaydev Dabas']"
v0_045_call_for_proposals_under_state_science_and_technology_sstp__2018_19___call_date_18042018_to_31052018,Rajan Arora,"['Rajan Arora', 'V Devadas', 'Ram Sateesh Pasupuleti', 'Pravindra Kumar', 'Jaydev Dabas']"
v0_045_call_for_proposals_under_state_science_and_technology_sstp__2018_19___call_date_18042018_to_31052018,Ashwani Kumar Sharma,"['Ashwani Kumar Sharma', 'V Devadas', 'Ram Sateesh Pasupuleti', 'Pravindra Kumar', 'Jaydev Dabas']"
v0_045_call_for_proposals_under_state_science_and_technology_sstp__2018_19___call_date_18042018_to_31052018,Bijan Choudhury,"['Bijan Choudhury', 'V Devadas', 'Ram Sateesh Pasupuleti', 'Pravindra Kumar', 'Jaydev Dabas']"
v0_045_call_for_proposals_under_state_science_and_technology_sstp__2018_19___call_date_18042018_to_31052018,Debabrata Sircar,"['Debabrata Sircar', 'V Devadas', 'Ram Sateesh Pasupuleti', 'Pravindra Kumar', 'Jaydev Dabas']"
v0_045_call_for_proposals_under_state_science_and_technology_sstp__2018_19___call_date_18042018_to_31052018,Deepak Sharma,"['Deepak Sharma', 'V Devadas', 'Ram Sateesh Pasupuleti', 'Pravindra Kumar', 'Jaydev Dabas']"
v0_045_call_for_proposals_under_state_science_and_technology_sstp__2018_19___call_date_18042018_to_31052018,P Gopinath,"['P Gopinath', 'V Devadas', 'Ram Sateesh Pasupuleti', 'Pravindra Kumar', 'Jaydev Dabas']"
v0_045_call_for_proposals_under_state_science_and_technology_sstp__2018_19___call_date_18042018_to_31052018,Harsh Chauhan,"['Harsh Chauhan', 'V Devadas', 'Ram Sateesh Pasupuleti', 'Pravindra Kumar', 'Jaydev Dabas']"
v0_045_call_for_proposals_under_state_science_and_technology_sstp__2018_19___call_date_18042018_to_31052018,Srinivas Kiran Ambatipudi,"['Srinivas Kiran Ambatipudi', 'V Devadas', 'Ram Sateesh Pasupuleti', 'Pravindra Kumar', 'Jaydev Dabas']"
v0_045_call_for_proposals_under_state_science_and_technology_sstp__2018_19___call_date_18042018_to_31052018,Krishna Mohan Poluri,"['Krishna Mohan Poluri', 'V Devadas', 'Ram Sateesh Pasupuleti', 'Pravindra Kumar', 'Jaydev Dabas']"
v0_045_call_for_proposals_under_state_science_and_technology_sstp__2018_19___call_date_18042018_to_31052018,Maya S.Nair,"['Maya S.Nair', 'V Devadas', 'Ram Sateesh Pasupuleti', 'Pravindra Kumar', 'Jaydev Dabas']"
v0_045_call_for_proposals_under_state_science_and_technology_sstp__2018_19___call_date_18042018_to_31052018,N K Navani,"['N K Navani', 'V Devadas', 'Ram Sateesh Pasupuleti', 'Pravindra Kumar', 'Jaydev Dabas']"
v0_045_call_for_proposals_under_state_science_and_technology_sstp__2018_19___call_date_18042018_to_31052018,Partha Roy,"['Partha Roy', 'V Devadas', 'Ram Sateesh Pasupuleti', 'Pravindra Kumar', 'Jaydev Dabas']"
v0_045_call_for_proposals_under_state_science_and_technology_sstp__2018_19___call_date_18042018_to_31052018,Poonam Choudhary,"['Poonam Choudhary', 'V Devadas', 'Ram Sateesh Pasupuleti', 'Pravindra Kumar', 'Jaydev Dabas']"
v0_045_call_for_proposals_under_state_science_and_technology_sstp__2018_19___call_date_18042018_to_31052018,Prabhat Kumar Mandal,"['Prabhat Kumar Mandal', 'V Devadas', 'Ram Sateesh Pasupuleti', 'Pravindra Kumar', 'Jaydev Dabas']"
v0_045_call_for_proposals_under_state_science_and_technology_sstp__2018_19___call_date_18042018_to_31052018,Pranita P Sarangi,"['Pranita P Sarangi', 'V Devadas', 'Ram Sateesh Pasupuleti', 'Pravindra Kumar', 'Jaydev Dabas']"
v0_045_call_for_proposals_under_state_science_and_technology_sstp__2018_19___call_date_18042018_to_31052018,Pravindra Kumar,"['Pravindra Kumar', 'V Devadas', 'Ram Sateesh Pasupuleti', 'Jaydev Dabas', 'Harsh Chauhan']"
v0_045_call_for_proposals_under_state_science_and_technology_sstp__2018_19___call_date_18042018_to_31052018,Prince Tiwari,"['Prince Tiwari', 'V Devadas', 'Ram Sateesh Pasupuleti', 'Pravindra Kumar', 'Jaydev Dabas']"
v0_045_call_for_proposals_under_state_science_and_technology_sstp__2018_19___call_date_18042018_to_31052018,R. P. Singh,"['R. P. Singh', 'V Devadas', 'Ram Sateesh Pasupuleti', 'Pravindra Kumar', 'Jaydev Dabas']"
v0_045_call_for_proposals_under_state_science_and_technology_sstp__2018_19___call_date_18042018_to_31052018,Ramasare Prasad,"['Ramasare Prasad', 'V Devadas', 'Ram Sateesh Pasupuleti', 'Pravindra Kumar', 'Jaydev Dabas']"
v0_045_call_for_proposals_under_state_science_and_technology_sstp__2018_19___call_date_18042018_to_31052018,Ranjana Pathania,"['Ranjana Pathania', 'V Devadas', 'Ram Sateesh Pasupuleti', 'Pravindra Kumar', 'Jaydev Dabas']"
v0_045_call_for_proposals_under_state_science_and_technology_sstp__2018_19___call_date_18042018_to_31052018,Sanjoy Ghosh,"['Sanjoy Ghosh', 'V Devadas', 'Ram Sateesh Pasupuleti', 'Pravindra Kumar', 'Jaydev Dabas']"
v0_045_call_for_proposals_under_state_science_and_technology_sstp__2018_19___call_date_18042018_to_31052018,Saugata Hazra,"['Saugata Hazra', 'V Devadas', 'Ram Sateesh Pasupuleti', 'Pravindra Kumar', 'Jaydev Dabas']"
v0_045_call_for_proposals_under_state_science_and_technology_sstp__2018_19___call_date_18042018_to_31052018,Shailly Tomar,"['Shailly Tomar', 'V Devadas', 'Ram Sateesh Pasupuleti', 'Pravindra Kumar', 'Jaydev Dabas']"
v0_045_call_for_proposals_under_state_science_and_technology_sstp__2018_19___call_date_18042018_to_31052018,Shri Ram Yadav,"['Shri Ram Yadav', 'V Devadas', 'Ram Sateesh Pasupuleti', 'Pravindra Kumar', 'Jaydev Dabas']"
v0_045_call_for_proposals_under_state_science_and_technology_sstp__2018_19___call_date_18042018_to_31052018,Soma Rohatgi,"['Soma Rohatgi', 'V Devadas', 'Ram Sateesh Pasupuleti', 'Pravindra Kumar', 'Jaydev Dabas']"
v0_045_call_for_proposals_under_state_science_and_technology_sstp__2018_19___call_date_18042018_to_31052018,Sachin Suresh Tiwari,"['Sachin Suresh Tiwari', 'V Devadas', 'Ram Sateesh Pasupuleti', 'Pravindra Kumar', 'Jaydev Dabas']"
v0_045_call_for_proposals_under_state_science_and_technology_sstp__2018_19___call_date_18042018_to_31052018,Jitin Singla,"['Jitin Singla', 'V Devadas', 'Ram Sateesh Pasupuleti', 'Pravindra Kumar', 'Jaydev Dabas']"
v0_045_call_for_proposals_under_state_science_and_technology_sstp__2018_19___call_date_18042018_to_31052018,Rajesh Kumar,"['Rajesh Kumar', 'V Devadas', 'Ram Sateesh Pasupuleti', 'Pravindra Kumar', 'Jaydev Dabas']"
v0_045_call_for_proposals_under_state_science_and_technology_sstp__2018_19___call_date_18042018_to_31052018,Akhil Upadhyay,"['Akhil Upadhyay', 'V Devadas', 'Ram Sateesh Pasupuleti', 'Pravindra Kumar', 'Jaydev Dabas']"
v0_046_call_for_proposals_for_biomedical_device_and_technology_development_bdtd_tdt_division,Arindam Biswas,"['Arindam Biswas', 'Smriti Saraswat', 'Shri Ram Yadav', 'Saptarshi Kolay', 'R. P. Singh']"
v0_046_call_for_proposals_for_biomedical_device_and_technology_development_bdtd_tdt_division,Avlokita Agrawal,"['Avlokita Agrawal', 'Smriti Saraswat', 'Shri Ram Yadav', 'Saptarshi Kolay', 'R. P. Singh']"
v0_046_call_for_proposals_for_biomedical_device_and_technology_development_bdtd_tdt_division,Gaurav Raheja,"['Gaurav Raheja', 'Smriti Saraswat', 'Shri Ram Yadav', 'Saptarshi Kolay', 'R. P. Singh']"
v0_046_call_for_proposals_for_biomedical_device_and_technology_development_bdtd_tdt_division,Harshit Sosan Lakra,"['Harshit Sosan Lakra', 'Smriti Saraswat', 'Shri Ram Yadav', 'Saptarshi Kolay', 'R. P. Singh']"
v0_046_call_for_proposals_for_biomedical_device_and_technology_development_bdtd_tdt_division,Mahua Mukherjee,"['Mahua Mukherjee', 'Smriti Saraswat', 'Shri Ram Yadav', 'Saptarshi Kolay', 'R. P. Singh']"
v0_046_call_for_proposals_for_biomedical_device_and_technology_development_bdtd_tdt_division,Prabhjot Singh Chani,"['Prabhjot Singh Chani', 'Smriti Saraswat', 'Shri Ram Yadav', 'Saptarshi Kolay', 'R. P. Singh']"
v0_046_call_for_proposals_for_biomedical_device_and_technology_development_bdtd_tdt_division,E Rajasekar,"['E Rajasekar', 'Smriti Saraswat', 'Shri Ram Yadav', 'Saptarshi Kolay', 'R. P. Singh']"
v0_046_call_for_proposals_for_biomedical_device_and_technology_development_bdtd_tdt_division,Ram Sateesh Pasupuleti,"['Ram Sateesh Pasupuleti', 'Smriti Saraswat', 'Shri Ram Yadav', 'Saptarshi Kolay', 'R. P. Singh']"
v0_046_call_for_proposals_for_biomedical_device_and_technology_development_bdtd_tdt_division,Saptarshi Kolay,"['Saptarshi Kolay', 'Smriti Saraswat', 'Shri Ram Yadav', 'R. P. Singh', 'Partha Roy']"
v0_046_call_for_proposals_for_biomedical_device_and_technology_development_bdtd_tdt_division,Shubhajit Sadhukhan,"['Shubhajit Sadhukhan', 'Smriti Saraswat', 'Shri Ram Yadav', 'Saptarshi Kolay', 'R. P. Singh']"
v0_046_call_for_proposals_for_biomedical_device_and_technology_development_bdtd_tdt_division,Smriti Saraswat,"['Smriti Saraswat', 'Shri Ram Yadav', 'Saptarshi Kolay', 'R. P. Singh', 'Partha Roy']"
v0_046_call_for_proposals_for_biomedical_device_and_technology_development_bdtd_tdt_division,Sonal Atreya,"['Sonal Atreya', 'Smriti Saraswat', 'Shri Ram Yadav', 'Saptarshi Kolay', 'R. P. Singh']"
v0_046_call_for_proposals_for_biomedical_device_and_technology_development_bdtd_tdt_division,Tina Pujara,"['Tina Pujara', 'Smriti Saraswat', 'Shri Ram Yadav', 'Saptarshi Kolay', 'R. P. Singh']"
v0_046_call_for_proposals_for_biomedical_device_and_technology_development_bdtd_tdt_division,Uttam Kumar Roy,"['Uttam Kumar Roy', 'Smriti Saraswat', 'Shri Ram Yadav', 'Saptarshi Kolay', 'R. P. Singh']"
v0_046_call_for_proposals_for_biomedical_device_and_technology_development_bdtd_tdt_division,V Devadas,"['V Devadas', 'Smriti Saraswat', 'Shri Ram Yadav', 'Saptarshi Kolay', 'R. P. Singh']"
v0_046_call_for_proposals_for_biomedical_device_and_technology_development_bdtd_tdt_division,Jaydev Dabas,"['Jaydev Dabas', 'Smriti Saraswat', 'Shri Ram Yadav', 'Saptarshi Kolay', 'R. P. Singh']"
v0_046_call_for_proposals_for_biomedical_device_and_technology_development_bdtd_tdt_division,Millie Pant,"['Millie Pant', 'Smriti Saraswat', 'Shri Ram Yadav', 'Saptarshi Kolay', 'R. P. Singh']"
v0_046_call_for_proposals_for_biomedical_device_and_technology_development_bdtd_tdt_division,Rajan Arora,"['Rajan Arora', 'Smriti Saraswat', 'Shri Ram Yadav', 'Saptarshi Kolay', 'R. P. Singh']"
v0_046_call_for_proposals_for_biomedical_device_and_technology_development_bdtd_tdt_division,Ashwani Kumar Sharma,"['Ashwani Kumar Sharma', 'Smriti Saraswat', 'Shri Ram Yadav', 'Saptarshi Kolay', 'R. P. Singh']"
v0_046_call_for_proposals_for_biomedical_device_and_technology_development_bdtd_tdt_division,Bijan Choudhury,"['Bijan Choudhury', 'Smriti Saraswat', 'Shri Ram Yadav', 'Saptarshi Kolay', 'R. P. Singh']"
v0_046_call_for_proposals_for_biomedical_device_and_technology_development_bdtd_tdt_division,Debabrata Sircar,"['Debabrata Sircar', 'Smriti Saraswat', 'Shri Ram Yadav', 'Saptarshi Kolay', 'R. P. Singh']"
v0_046_call_for_proposals_for_biomedical_device_and_technology_development_bdtd_tdt_division,Deepak Sharma,"['Deepak Sharma', 'Smriti Saraswat', 'Shri Ram Yadav', 'Saptarshi Kolay', 'R. P. Singh']"
v0_046_call_for_proposals_for_biomedical_device_and_technology_development_bdtd_tdt_division,P Gopinath,"['P Gopinath', 'Smriti Saraswat', 'Shri Ram Yadav', 'Saptarshi Kolay', 'R. P. Singh']"
v0_046_call_for_proposals_for_biomedical_device_and_technology_development_bdtd_tdt_division,Harsh Chauhan,"['Harsh Chauhan', 'Smriti Saraswat', 'Shri Ram Yadav', 'Saptarshi Kolay', 'R. P. Singh']"
v0_046_call_for_proposals_for_biomedical_device_and_technology_development_bdtd_tdt_division,Srinivas Kiran Ambatipudi,"['Srinivas Kiran Ambatipudi', 'Smriti Saraswat', 'Shri Ram Yadav', 'Saptarshi Kolay', 'R. P. Singh']"
v0_046_call_for_proposals_for_biomedical_device_and_technology_development_bdtd_tdt_division,Krishna Mohan Poluri,"['Krishna Mohan Poluri', 'Smriti Saraswat', 'Shri Ram Yadav', 'Saptarshi Kolay', 'R. P. Singh']"
v0_046_call_for_proposals_for_biomedical_device_and_technology_development_bdtd_tdt_division,Maya S.Nair,"['Maya S.Nair', 'Smriti Saraswat', 'Shri Ram Yadav', 'Saptarshi Kolay', 'R. P. Singh']"
v0_046_call_for_proposals_for_biomedical_device_and_technology_development_bdtd_tdt_division,N K Navani,"['N K Navani', 'Smriti Saraswat', 'Shri Ram Yadav', 'Saptarshi Kolay', 'R. P. Singh']"
v0_046_call_for_proposals_for_biomedical_device_and_technology_development_bdtd_tdt_division,Partha Roy,"['Partha Roy', 'Smriti Saraswat', 'Shri Ram Yadav', 'Saptarshi Kolay', 'R. P. Singh']"
v0_046_call_for_proposals_for_biomedical_device_and_technology_development_bdtd_tdt_division,Poonam Choudhary,"['Poonam Choudhary', 'Smriti Saraswat', 'Shri Ram Yadav', 'Saptarshi Kolay', 'R. P. Singh']"
v0_046_call_for_proposals_for_biomedical_device_and_technology_development_bdtd_tdt_division,Prabhat Kumar Mandal,"['Prabhat Kumar Mandal', 'Smriti Saraswat', 'Shri Ram Yadav', 'Saptarshi Kolay', 'R. P. Singh']"
v0_046_call_for_proposals_for_biomedical_device_and_technology_development_bdtd_tdt_division,Pranita P Sarangi,"['Pranita P Sarangi', 'Smriti Saraswat', 'Shri Ram Yadav', 'Saptarshi Kolay', 'R. P. Singh']"
v0_046_call_for_proposals_for_biomedical_device_and_technology_development_bdtd_tdt_division,Pravindra Kumar,"['Pravindra Kumar', 'Smriti Saraswat', 'Shri Ram Yadav', 'Saptarshi Kolay', 'R. P. Singh']"
v0_046_call_for_proposals_for_biomedical_device_and_technology_development_bdtd_tdt_division,Prince Tiwari,"['Prince Tiwari', 'Smriti Saraswat', 'Shri Ram Yadav', 'Saptarshi Kolay', 'R. P. Singh']"
v0_046_call_for_proposals_for_biomedical_device_and_technology_development_bdtd_tdt_division,R. P. Singh,"['R. P. Singh', 'Smriti Saraswat', 'Shri Ram Yadav', 'Saptarshi Kolay', 'Partha Roy']"
v0_046_call_for_proposals_for_biomedical_device_and_technology_development_bdtd_tdt_division,Ramasare Prasad,"['Ramasare Prasad', 'Smriti Saraswat', 'Shri Ram Yadav', 'Saptarshi Kolay', 'R. P. Singh']"
v0_046_call_for_proposals_for_biomedical_device_and_technology_development_bdtd_tdt_division,Ranjana Pathania,"['Ranjana Pathania', 'Smriti Saraswat', 'Shri Ram Yadav', 'Saptarshi Kolay', 'R. P. Singh']"
v0_046_call_for_proposals_for_biomedical_device_and_technology_development_bdtd_tdt_division,Sanjoy Ghosh,"['Sanjoy Ghosh', 'Smriti Saraswat', 'Shri Ram Yadav', 'Saptarshi Kolay', 'R. P. Singh']"
v0_046_call_for_proposals_for_biomedical_device_and_technology_development_bdtd_tdt_division,Saugata Hazra,"['Saugata Hazra', 'Smriti Saraswat', 'Shri Ram Yadav', 'Saptarshi Kolay', 'R. P. Singh']"
v0_046_call_for_proposals_for_biomedical_device_and_technology_development_bdtd_tdt_division,Shailly Tomar,"['Shailly Tomar', 'Smriti Saraswat', 'Shri Ram Yadav', 'Saptarshi Kolay', 'R. P. Singh']"
v0_046_call_for_proposals_for_biomedical_device_and_technology_development_bdtd_tdt_division,Shri Ram Yadav,"['Shri Ram Yadav', 'Smriti Saraswat', 'Saptarshi Kolay', 'R. P. Singh', 'Partha Roy']"
v0_046_call_for_proposals_for_biomedical_device_and_technology_development_bdtd_tdt_division,Soma Rohatgi,"['Soma Rohatgi', 'Smriti Saraswat', 'Shri Ram Yadav', 'Saptarshi Kolay', 'R. P. Singh']"
v0_046_call_for_proposals_for_biomedical_device_and_technology_development_bdtd_tdt_division,Sachin Suresh Tiwari,"['Sachin Suresh Tiwari', 'Smriti Saraswat', 'Shri Ram Yadav', 'Saptarshi Kolay', 'R. P. Singh']"
v0_046_call_for_proposals_for_biomedical_device_and_technology_development_bdtd_tdt_division,Jitin Singla,"['Jitin Singla', 'Smriti Saraswat', 'Shri Ram Yadav', 'Saptarshi Kolay', 'R. P. Singh']"
v0_046_call_for_proposals_for_biomedical_device_and_technology_development_bdtd_tdt_division,Rajesh Kumar,"['Rajesh Kumar', 'Smriti Saraswat', 'Shri Ram Yadav', 'Saptarshi Kolay', 'R. P. Singh']"
v0_046_call_for_proposals_for_biomedical_device_and_technology_development_bdtd_tdt_division,Akhil Upadhyay,"['Akhil Upadhyay', 'Smriti Saraswat', 'Shri Ram Yadav', 'Saptarshi Kolay', 'R. P. Singh']"
v0_047_indo_canada_joint_call_for_proposals_improving_occupant_survivability_in_buildings_during_fires_using_innovations_in_structural_engineering_materials_science_and_cyber_physical_interfaces,Arindam Biswas,"['Arindam Biswas', 'V Devadas', 'Akhil Upadhyay']"
v0_047_indo_canada_joint_call_for_proposals_improving_occupant_survivability_in_buildings_during_fires_using_innovations_in_structural_engineering_materials_science_and_cyber_physical_interfaces,Avlokita Agrawal,"['Avlokita Agrawal', 'V Devadas', 'Akhil Upadhyay']"
v0_047_indo_canada_joint_call_for_proposals_improving_occupant_survivability_in_buildings_during_fires_using_innovations_in_structural_engineering_materials_science_and_cyber_physical_interfaces,Gaurav Raheja,"['Gaurav Raheja', 'V Devadas', 'Akhil Upadhyay']"
v0_047_indo_canada_joint_call_for_proposals_improving_occupant_survivability_in_buildings_during_fires_using_innovations_in_structural_engineering_materials_science_and_cyber_physical_interfaces,Harshit Sosan Lakra,"['Harshit Sosan Lakra', 'V Devadas', 'Akhil Upadhyay']"
v0_047_indo_canada_joint_call_for_proposals_improving_occupant_survivability_in_buildings_during_fires_using_innovations_in_structural_engineering_materials_science_and_cyber_physical_interfaces,Mahua Mukherjee,"['Mahua Mukherjee', 'V Devadas', 'Akhil Upadhyay']"
v0_047_indo_canada_joint_call_for_proposals_improving_occupant_survivability_in_buildings_during_fires_using_innovations_in_structural_engineering_materials_science_and_cyber_physical_interfaces,Prabhjot Singh Chani,"['Prabhjot Singh Chani', 'V Devadas', 'Akhil Upadhyay']"
v0_047_indo_canada_joint_call_for_proposals_improving_occupant_survivability_in_buildings_during_fires_using_innovations_in_structural_engineering_materials_science_and_cyber_physical_interfaces,E Rajasekar,"['E Rajasekar', 'V Devadas', 'Akhil Upadhyay']"
v0_047_indo_canada_joint_call_for_proposals_improving_occupant_survivability_in_buildings_during_fires_using_innovations_in_structural_engineering_materials_science_and_cyber_physical_interfaces,Ram Sateesh Pasupuleti,"['Ram Sateesh Pasupuleti', 'V Devadas', 'Akhil Upadhyay']"
v0_047_indo_canada_joint_call_for_proposals_improving_occupant_survivability_in_buildings_during_fires_using_innovations_in_structural_engineering_materials_science_and_cyber_physical_interfaces,Saptarshi Kolay,"['Saptarshi Kolay', 'V Devadas', 'Akhil Upadhyay']"
v0_047_indo_canada_joint_call_for_proposals_improving_occupant_survivability_in_buildings_during_fires_using_innovations_in_structural_engineering_materials_science_and_cyber_physical_interfaces,Shubhajit Sadhukhan,"['Shubhajit Sadhukhan', 'V Devadas', 'Akhil Upadhyay']"
v0_047_indo_canada_joint_call_for_proposals_improving_occupant_survivability_in_buildings_during_fires_using_innovations_in_structural_engineering_materials_science_and_cyber_physical_interfaces,Smriti Saraswat,"['Smriti Saraswat', 'V Devadas', 'Akhil Upadhyay']"
v0_047_indo_canada_joint_call_for_proposals_improving_occupant_survivability_in_buildings_during_fires_using_innovations_in_structural_engineering_materials_science_and_cyber_physical_interfaces,Sonal Atreya,"['Sonal Atreya', 'V Devadas', 'Akhil Upadhyay']"
v0_047_indo_canada_joint_call_for_proposals_improving_occupant_survivability_in_buildings_during_fires_using_innovations_in_structural_engineering_materials_science_and_cyber_physical_interfaces,Tina Pujara,"['Tina Pujara', 'V Devadas', 'Akhil Upadhyay']"
v0_047_indo_canada_joint_call_for_proposals_improving_occupant_survivability_in_buildings_during_fires_using_innovations_in_structural_engineering_materials_science_and_cyber_physical_interfaces,Uttam Kumar Roy,"['Uttam Kumar Roy', 'V Devadas', 'Akhil Upadhyay']"
v0_047_indo_canada_joint_call_for_proposals_improving_occupant_survivability_in_buildings_during_fires_using_innovations_in_structural_engineering_materials_science_and_cyber_physical_interfaces,V Devadas,"['V Devadas', 'Akhil Upadhyay']"
v0_047_indo_canada_joint_call_for_proposals_improving_occupant_survivability_in_buildings_during_fires_using_innovations_in_structural_engineering_materials_science_and_cyber_physical_interfaces,Jaydev Dabas,"['Jaydev Dabas', 'V Devadas', 'Akhil Upadhyay']"
v0_047_indo_canada_joint_call_for_proposals_improving_occupant_survivability_in_buildings_during_fires_using_innovations_in_structural_engineering_materials_science_and_cyber_physical_interfaces,Millie Pant,"['Millie Pant', 'V Devadas', 'Akhil Upadhyay']"
v0_047_indo_canada_joint_call_for_proposals_improving_occupant_survivability_in_buildings_during_fires_using_innovations_in_structural_engineering_materials_science_and_cyber_physical_interfaces,Rajan Arora,"['Rajan Arora', 'V Devadas', 'Akhil Upadhyay']"
v0_047_indo_canada_joint_call_for_proposals_improving_occupant_survivability_in_buildings_during_fires_using_innovations_in_structural_engineering_materials_science_and_cyber_physical_interfaces,Ashwani Kumar Sharma,"['Ashwani Kumar Sharma', 'V Devadas', 'Akhil Upadhyay']"
v0_047_indo_canada_joint_call_for_proposals_improving_occupant_survivability_in_buildings_during_fires_using_innovations_in_structural_engineering_materials_science_and_cyber_physical_interfaces,Bijan Choudhury,"['Bijan Choudhury', 'V Devadas', 'Akhil Upadhyay']"
v0_047_indo_canada_joint_call_for_proposals_improving_occupant_survivability_in_buildings_during_fires_using_innovations_in_structural_engineering_materials_science_and_cyber_physical_interfaces,Debabrata Sircar,"['Debabrata Sircar', 'V Devadas', 'Akhil Upadhyay']"
v0_047_indo_canada_joint_call_for_proposals_improving_occupant_survivability_in_buildings_during_fires_using_innovations_in_structural_engineering_materials_science_and_cyber_physical_interfaces,Deepak Sharma,"['Deepak Sharma', 'V Devadas', 'Akhil Upadhyay']"
v0_047_indo_canada_joint_call_for_proposals_improving_occupant_survivability_in_buildings_during_fires_using_innovations_in_structural_engineering_materials_science_and_cyber_physical_interfaces,P Gopinath,"['P Gopinath', 'V Devadas', 'Akhil Upadhyay']"
v0_047_indo_canada_joint_call_for_proposals_improving_occupant_survivability_in_buildings_during_fires_using_innovations_in_structural_engineering_materials_science_and_cyber_physical_interfaces,Harsh Chauhan,"['Harsh Chauhan', 'V Devadas', 'Akhil Upadhyay']"
v0_047_indo_canada_joint_call_for_proposals_improving_occupant_survivability_in_buildings_during_fires_using_innovations_in_structural_engineering_materials_science_and_cyber_physical_interfaces,Srinivas Kiran Ambatipudi,"['Srinivas Kiran Ambatipudi', 'V Devadas', 'Akhil Upadhyay']"
v0_047_indo_canada_joint_call_for_proposals_improving_occupant_survivability_in_buildings_during_fires_using_innovations_in_structural_engineering_materials_science_and_cyber_physical_interfaces,Krishna Mohan Poluri,"['Krishna Mohan Poluri', 'V Devadas', 'Akhil Upadhyay']"
v0_047_indo_canada_joint_call_for_proposals_improving_occupant_survivability_in_buildings_during_fires_using_innovations_in_structural_engineering_materials_science_and_cyber_physical_interfaces,Maya S.Nair,"['Maya S.Nair', 'V Devadas', 'Akhil Upadhyay']"
v0_047_indo_canada_joint_call_for_proposals_improving_occupant_survivability_in_buildings_during_fires_using_innovations_in_structural_engineering_materials_science_and_cyber_physical_interfaces,N K Navani,"['N K Navani', 'V Devadas', 'Akhil Upadhyay']"
v0_047_indo_canada_joint_call_for_proposals_improving_occupant_survivability_in_buildings_during_fires_using_innovations_in_structural_engineering_materials_science_and_cyber_physical_interfaces,Partha Roy,"['Partha Roy', 'V Devadas', 'Akhil Upadhyay']"
v0_047_indo_canada_joint_call_for_proposals_improving_occupant_survivability_in_buildings_during_fires_using_innovations_in_structural_engineering_materials_science_and_cyber_physical_interfaces,Poonam Choudhary,"['Poonam Choudhary', 'V Devadas', 'Akhil Upadhyay']"
v0_047_indo_canada_joint_call_for_proposals_improving_occupant_survivability_in_buildings_during_fires_using_innovations_in_structural_engineering_materials_science_and_cyber_physical_interfaces,Prabhat Kumar Mandal,"['Prabhat Kumar Mandal', 'V Devadas', 'Akhil Upadhyay']"
v0_047_indo_canada_joint_call_for_proposals_improving_occupant_survivability_in_buildings_during_fires_using_innovations_in_structural_engineering_materials_science_and_cyber_physical_interfaces,Pranita P Sarangi,"['Pranita P Sarangi', 'V Devadas', 'Akhil Upadhyay']"
v0_047_indo_canada_joint_call_for_proposals_improving_occupant_survivability_in_buildings_during_fires_using_innovations_in_structural_engineering_materials_science_and_cyber_physical_interfaces,Pravindra Kumar,"['Pravindra Kumar', 'V Devadas', 'Akhil Upadhyay']"
v0_047_indo_canada_joint_call_for_proposals_improving_occupant_survivability_in_buildings_during_fires_using_innovations_in_structural_engineering_materials_science_and_cyber_physical_interfaces,Prince Tiwari,"['Prince Tiwari', 'V Devadas', 'Akhil Upadhyay']"
v0_047_indo_canada_joint_call_for_proposals_improving_occupant_survivability_in_buildings_during_fires_using_innovations_in_structural_engineering_materials_science_and_cyber_physical_interfaces,R. P. Singh,"['R. P. Singh', 'V Devadas', 'Akhil Upadhyay']"
v0_047_indo_canada_joint_call_for_proposals_improving_occupant_survivability_in_buildings_during_fires_using_innovations_in_structural_engineering_materials_science_and_cyber_physical_interfaces,Ramasare Prasad,"['Ramasare Prasad', 'V Devadas', 'Akhil Upadhyay']"
v0_047_indo_canada_joint_call_for_proposals_improving_occupant_survivability_in_buildings_during_fires_using_innovations_in_structural_engineering_materials_science_and_cyber_physical_interfaces,Ranjana Pathania,"['Ranjana Pathania', 'V Devadas', 'Akhil Upadhyay']"
v0_047_indo_canada_joint_call_for_proposals_improving_occupant_survivability_in_buildings_during_fires_using_innovations_in_structural_engineering_materials_science_and_cyber_physical_interfaces,Sanjoy Ghosh,"['Sanjoy Ghosh', 'V Devadas', 'Akhil Upadhyay']"
v0_047_indo_canada_joint_call_for_proposals_improving_occupant_survivability_in_buildings_during_fires_using_innovations_in_structural_engineering_materials_science_and_cyber_physical_interfaces,Saugata Hazra,"['Saugata Hazra', 'V Devadas', 'Akhil Upadhyay']"
v0_047_indo_canada_joint_call_for_proposals_improving_occupant_survivability_in_buildings_during_fires_using_innovations_in_structural_engineering_materials_science_and_cyber_physical_interfaces,Shailly Tomar,"['Shailly Tomar', 'V Devadas', 'Akhil Upadhyay']"
v0_047_indo_canada_joint_call_for_proposals_improving_occupant_survivability_in_buildings_during_fires_using_innovations_in_structural_engineering_materials_science_and_cyber_physical_interfaces,Shri Ram Yadav,"['Shri Ram Yadav', 'V Devadas', 'Akhil Upadhyay']"
v0_047_indo_canada_joint_call_for_proposals_improving_occupant_survivability_in_buildings_during_fires_using_innovations_in_structural_engineering_materials_science_and_cyber_physical_interfaces,Soma Rohatgi,"['Soma Rohatgi', 'V Devadas', 'Akhil Upadhyay']"
v0_047_indo_canada_joint_call_for_proposals_improving_occupant_survivability_in_buildings_during_fires_using_innovations_in_structural_engineering_materials_science_and_cyber_physical_interfaces,Sachin Suresh Tiwari,"['Sachin Suresh Tiwari', 'V Devadas', 'Akhil Upadhyay']"
v0_047_indo_canada_joint_call_for_proposals_improving_occupant_survivability_in_buildings_during_fires_using_innovations_in_structural_engineering_materials_science_and_cyber_physical_interfaces,Jitin Singla,"['Jitin Singla', 'V Devadas', 'Akhil Upadhyay']"
v0_047_indo_canada_joint_call_for_proposals_improving_occupant_survivability_in_buildings_during_fires_using_innovations_in_structural_engineering_materials_science_and_cyber_physical_interfaces,Rajesh Kumar,"['Rajesh Kumar', 'V Devadas', 'Akhil Upadhyay']"
v0_047_indo_canada_joint_call_for_proposals_improving_occupant_survivability_in_buildings_during_fires_using_innovations_in_structural_engineering_materials_science_and_cyber_physical_interfaces,Akhil Upadhyay,"['Akhil Upadhyay', 'V Devadas']"
v0_048_call_for_oriented_research__technology_development_proposals_on_hydrogen_and_fuel_cell_hfc___2018,Arindam Biswas,"['Arindam Biswas', 'Ramasare Prasad', 'R. P. Singh', 'Partha Roy', 'Jitin Singla']"
v0_048_call_for_oriented_research__technology_development_proposals_on_hydrogen_and_fuel_cell_hfc___2018,Avlokita Agrawal,"['Avlokita Agrawal', 'Ramasare Prasad', 'R. P. Singh', 'Partha Roy', 'Jitin Singla']"
v0_048_call_for_oriented_research__technology_development_proposals_on_hydrogen_and_fuel_cell_hfc___2018,Gaurav Raheja,"['Gaurav Raheja', 'Ramasare Prasad', 'R. P. Singh', 'Partha Roy', 'Jitin Singla']"
v0_048_call_for_oriented_research__technology_development_proposals_on_hydrogen_and_fuel_cell_hfc___2018,Harshit Sosan Lakra,"['Harshit Sosan Lakra', 'Ramasare Prasad', 'R. P. Singh', 'Partha Roy', 'Jitin Singla']"
v0_048_call_for_oriented_research__technology_development_proposals_on_hydrogen_and_fuel_cell_hfc___2018,Mahua Mukherjee,"['Mahua Mukherjee', 'Ramasare Prasad', 'R. P. Singh', 'Partha Roy', 'Jitin Singla']"
v0_048_call_for_oriented_research__technology_development_proposals_on_hydrogen_and_fuel_cell_hfc___2018,Prabhjot Singh Chani,"['Prabhjot Singh Chani', 'Ramasare Prasad', 'R. P. Singh', 'Partha Roy', 'Jitin Singla']"
v0_048_call_for_oriented_research__technology_development_proposals_on_hydrogen_and_fuel_cell_hfc___2018,E Rajasekar,"['E Rajasekar', 'Ramasare Prasad', 'R. P. Singh', 'Partha Roy', 'Jitin Singla']"
v0_048_call_for_oriented_research__technology_development_proposals_on_hydrogen_and_fuel_cell_hfc___2018,Ram Sateesh Pasupuleti,"['Ram Sateesh Pasupuleti', 'Ramasare Prasad', 'R. P. Singh', 'Partha Roy', 'Jitin Singla']"
v0_048_call_for_oriented_research__technology_development_proposals_on_hydrogen_and_fuel_cell_hfc___2018,Saptarshi Kolay,"['Saptarshi Kolay', 'Ramasare Prasad', 'R. P. Singh', 'Partha Roy', 'Jitin Singla']"
v0_048_call_for_oriented_research__technology_development_proposals_on_hydrogen_and_fuel_cell_hfc___2018,Shubhajit Sadhukhan,"['Shubhajit Sadhukhan', 'Ramasare Prasad', 'R. P. Singh', 'Partha Roy', 'Jitin Singla']"
v0_048_call_for_oriented_research__technology_development_proposals_on_hydrogen_and_fuel_cell_hfc___2018,Smriti Saraswat,"['Smriti Saraswat', 'Ramasare Prasad', 'R. P. Singh', 'Partha Roy', 'Jitin Singla']"
v0_048_call_for_oriented_research__technology_development_proposals_on_hydrogen_and_fuel_cell_hfc___2018,Sonal Atreya,"['Sonal Atreya', 'Ramasare Prasad', 'R. P. Singh', 'Partha Roy', 'Jitin Singla']"
v0_048_call_for_oriented_research__technology_development_proposals_on_hydrogen_and_fuel_cell_hfc___2018,Tina Pujara,"['Tina Pujara', 'Ramasare Prasad', 'R. P. Singh', 'Partha Roy', 'Jitin Singla']"
v0_048_call_for_oriented_research__technology_development_proposals_on_hydrogen_and_fuel_cell_hfc___2018,Uttam Kumar Roy,"['Uttam Kumar Roy', 'Ramasare Prasad', 'R. P. Singh', 'Partha Roy', 'Jitin Singla']"
v0_048_call_for_oriented_research__technology_development_proposals_on_hydrogen_and_fuel_cell_hfc___2018,V Devadas,"['V Devadas', 'Ramasare Prasad', 'R. P. Singh', 'Partha Roy', 'Jitin Singla']"
v0_048_call_for_oriented_research__technology_development_proposals_on_hydrogen_and_fuel_cell_hfc___2018,Jaydev Dabas,"['Jaydev Dabas', 'Ramasare Prasad', 'R. P. Singh', 'Partha Roy', 'Jitin Singla']"
v0_048_call_for_oriented_research__technology_development_proposals_on_hydrogen_and_fuel_cell_hfc___2018,Millie Pant,"['Millie Pant', 'Ramasare Prasad', 'R. P. Singh', 'Partha Roy', 'Jitin Singla']"
v0_048_call_for_oriented_research__technology_development_proposals_on_hydrogen_and_fuel_cell_hfc___2018,Rajan Arora,"['Rajan Arora', 'Ramasare Prasad', 'R. P. Singh', 'Partha Roy', 'Jitin Singla']"
v0_048_call_for_oriented_research__technology_development_proposals_on_hydrogen_and_fuel_cell_hfc___2018,Ashwani Kumar Sharma,"['Ashwani Kumar Sharma', 'Ramasare Prasad', 'R. P. Singh', 'Partha Roy', 'Jitin Singla']"
v0_048_call_for_oriented_research__technology_development_proposals_on_hydrogen_and_fuel_cell_hfc___2018,Bijan Choudhury,"['Bijan Choudhury', 'Ramasare Prasad', 'R. P. Singh', 'Partha Roy', 'Jitin Singla']"
v0_048_call_for_oriented_research__technology_development_proposals_on_hydrogen_and_fuel_cell_hfc___2018,Debabrata Sircar,"['Debabrata Sircar', 'Ramasare Prasad', 'R. P. Singh', 'Partha Roy', 'Jitin Singla']"
v0_048_call_for_oriented_research__technology_development_proposals_on_hydrogen_and_fuel_cell_hfc___2018,Deepak Sharma,"['Deepak Sharma', 'Ramasare Prasad', 'R. P. Singh', 'Partha Roy', 'Jitin Singla']"
v0_048_call_for_oriented_research__technology_development_proposals_on_hydrogen_and_fuel_cell_hfc___2018,P Gopinath,"['P Gopinath', 'Ramasare Prasad', 'R. P. Singh', 'Partha Roy', 'Jitin Singla']"
v0_048_call_for_oriented_research__technology_development_proposals_on_hydrogen_and_fuel_cell_hfc___2018,Harsh Chauhan,"['Harsh Chauhan', 'Ramasare Prasad', 'R. P. Singh', 'Partha Roy', 'Jitin Singla']"
v0_048_call_for_oriented_research__technology_development_proposals_on_hydrogen_and_fuel_cell_hfc___2018,Srinivas Kiran Ambatipudi,"['Srinivas Kiran Ambatipudi', 'Ramasare Prasad', 'R. P. Singh', 'Partha Roy', 'Jitin Singla']"
v0_048_call_for_oriented_research__technology_development_proposals_on_hydrogen_and_fuel_cell_hfc___2018,Krishna Mohan Poluri,"['Krishna Mohan Poluri', 'Ramasare Prasad', 'R. P. Singh', 'Partha Roy', 'Jitin Singla']"
v0_048_call_for_oriented_research__technology_development_proposals_on_hydrogen_and_fuel_cell_hfc___2018,Maya S.Nair,"['Maya S.Nair', 'Ramasare Prasad', 'R. P. Singh', 'Partha Roy', 'Jitin Singla']"
v0_048_call_for_oriented_research__technology_development_proposals_on_hydrogen_and_fuel_cell_hfc___2018,N K Navani,"['N K Navani', 'Ramasare Prasad', 'R. P. Singh', 'Partha Roy', 'Jitin Singla']"
v0_048_call_for_oriented_research__technology_development_proposals_on_hydrogen_and_fuel_cell_hfc___2018,Partha Roy,"['Partha Roy', 'Ramasare Prasad', 'R. P. Singh', 'Jitin Singla']"
v0_048_call_for_oriented_research__technology_development_proposals_on_hydrogen_and_fuel_cell_hfc___2018,Poonam Choudhary,"['Poonam Choudhary', 'Ramasare Prasad', 'R. P. Singh', 'Partha Roy', 'Jitin Singla']"
v0_048_call_for_oriented_research__technology_development_proposals_on_hydrogen_and_fuel_cell_hfc___2018,Prabhat Kumar Mandal,"['Prabhat Kumar Mandal', 'Ramasare Prasad', 'R. P. Singh', 'Partha Roy', 'Jitin Singla']"
v0_048_call_for_oriented_research__technology_development_proposals_on_hydrogen_and_fuel_cell_hfc___2018,Pranita P Sarangi,"['Pranita P Sarangi', 'Ramasare Prasad', 'R. P. Singh', 'Partha Roy', 'Jitin Singla']"
v0_048_call_for_oriented_research__technology_development_proposals_on_hydrogen_and_fuel_cell_hfc___2018,Pravindra Kumar,"['Pravindra Kumar', 'Ramasare Prasad', 'R. P. Singh', 'Partha Roy', 'Jitin Singla']"
v0_048_call_for_oriented_research__technology_development_proposals_on_hydrogen_and_fuel_cell_hfc___2018,Prince Tiwari,"['Prince Tiwari', 'Ramasare Prasad', 'R. P. Singh', 'Partha Roy', 'Jitin Singla']"
v0_048_call_for_oriented_research__technology_development_proposals_on_hydrogen_and_fuel_cell_hfc___2018,R. P. Singh,"['R. P. Singh', 'Ramasare Prasad', 'Partha Roy', 'Jitin Singla']"
v0_048_call_for_oriented_research__technology_development_proposals_on_hydrogen_and_fuel_cell_hfc___2018,Ramasare Prasad,"['Ramasare Prasad', 'R. P. Singh', 'Partha Roy', 'Jitin Singla']"
v0_048_call_for_oriented_research__technology_development_proposals_on_hydrogen_and_fuel_cell_hfc___2018,Ranjana Pathania,"['Ranjana Pathania', 'Ramasare Prasad', 'R. P. Singh', 'Partha Roy', 'Jitin Singla']"
v0_048_call_for_oriented_research__technology_development_proposals_on_hydrogen_and_fuel_cell_hfc___2018,Sanjoy Ghosh,"['Sanjoy Ghosh', 'Ramasare Prasad', 'R. P. Singh', 'Partha Roy', 'Jitin Singla']"
v0_048_call_for_oriented_research__technology_development_proposals_on_hydrogen_and_fuel_cell_hfc___2018,Saugata Hazra,"['Saugata Hazra', 'Ramasare Prasad', 'R. P. Singh', 'Partha Roy', 'Jitin Singla']"
v0_048_call_for_oriented_research__technology_development_proposals_on_hydrogen_and_fuel_cell_hfc___2018,Shailly Tomar,"['Shailly Tomar', 'Ramasare Prasad', 'R. P. Singh', 'Partha Roy', 'Jitin Singla']"
v0_048_call_for_oriented_research__technology_development_proposals_on_hydrogen_and_fuel_cell_hfc___2018,Shri Ram Yadav,"['Shri Ram Yadav', 'Ramasare Prasad', 'R. P. Singh', 'Partha Roy', 'Jitin Singla']"
v0_048_call_for_oriented_research__technology_development_proposals_on_hydrogen_and_fuel_cell_hfc___2018,Soma Rohatgi,"['Soma Rohatgi', 'Ramasare Prasad', 'R. P. Singh', 'Partha Roy', 'Jitin Singla']"
v0_048_call_for_oriented_research__technology_development_proposals_on_hydrogen_and_fuel_cell_hfc___2018,Sachin Suresh Tiwari,"['Sachin Suresh Tiwari', 'Ramasare Prasad', 'R. P. Singh', 'Partha Roy', 'Jitin Singla']"
v0_048_call_for_oriented_research__technology_development_proposals_on_hydrogen_and_fuel_cell_hfc___2018,Jitin Singla,"['Jitin Singla', 'Ramasare Prasad', 'R. P. Singh', 'Partha Roy']"
v0_048_call_for_oriented_research__technology_development_proposals_on_hydrogen_and_fuel_cell_hfc___2018,Rajesh Kumar,"['Rajesh Kumar', 'Ramasare Prasad', 'R. P. Singh', 'Partha Roy', 'Jitin Singla']"
v0_048_call_for_oriented_research__technology_development_proposals_on_hydrogen_and_fuel_cell_hfc___2018,Akhil Upadhyay,"['Akhil Upadhyay', 'Ramasare Prasad', 'R. P. Singh', 'Partha Roy', 'Jitin Singla']"
v0_049_initiative_in_coordinated_programme_for_arid_semi_arid_and_cold_desert_regionsasacoder,Arindam Biswas,"['Arindam Biswas', 'Shailly Tomar']"
v0_049_initiative_in_coordinated_programme_for_arid_semi_arid_and_cold_desert_regionsasacoder,Avlokita Agrawal,"['Avlokita Agrawal', 'Shri Ram Yadav', 'Pranita P Sarangi', 'Ranjana Pathania', 'Rajesh Kumar']"
v0_049_initiative_in_coordinated_programme_for_arid_semi_arid_and_cold_desert_regionsasacoder,Gaurav Raheja,"['Gaurav Raheja', 'N K Navani', 'Akhil Upadhyay']"
v0_049_initiative_in_coordinated_programme_for_arid_semi_arid_and_cold_desert_regionsasacoder,Harshit Sosan Lakra,"['Harshit Sosan Lakra', 'Prince Tiwari', 'Ramasare Prasad']"
v0_049_initiative_in_coordinated_programme_for_arid_semi_arid_and_cold_desert_regionsasacoder,Mahua Mukherjee,"['Mahua Mukherjee', 'Maya S.Nair', 'Sachin Suresh Tiwari', 'Pravindra Kumar', 'Prabhat Kumar Mandal']"
v0_049_initiative_in_coordinated_programme_for_arid_semi_arid_and_cold_desert_regionsasacoder,Prabhjot Singh Chani,"['Prabhjot Singh Chani', 'N K Navani', 'Soma Rohatgi']"
v0_049_initiative_in_coordinated_programme_for_arid_semi_arid_and_cold_desert_regionsasacoder,E Rajasekar,"['E Rajasekar', 'Shailly Tomar', 'Sanjoy Ghosh']"
v0_049_initiative_in_coordinated_programme_for_arid_semi_arid_and_cold_desert_regionsasacoder,Ram Sateesh Pasupuleti,"['Ram Sateesh Pasupuleti', 'Soma Rohatgi']"
v0_049_initiative_in_coordinated_programme_for_arid_semi_arid_and_cold_desert_regionsasacoder,Saptarshi Kolay,"['Saptarshi Kolay', 'Saugata Hazra', 'Rajesh Kumar', 'Shailly Tomar']"
v0_049_initiative_in_coordinated_programme_for_arid_semi_arid_and_cold_desert_regionsasacoder,Shubhajit Sadhukhan,"['Shubhajit Sadhukhan', 'Sanjoy Ghosh', 'Jitin Singla']"
v0_049_initiative_in_coordinated_programme_for_arid_semi_arid_and_cold_desert_regionsasacoder,Smriti Saraswat,"['Smriti Saraswat', 'Sachin Suresh Tiwari', 'Sanjoy Ghosh', 'Pravindra Kumar', 'Shri Ram Yadav']"
v0_049_initiative_in_coordinated_programme_for_arid_semi_arid_and_cold_desert_regionsasacoder,Sonal Atreya,"['Sonal Atreya', 'Poonam Choudhary']"
v0_049_initiative_in_coordinated_programme_for_arid_semi_arid_and_cold_desert_regionsasacoder,Tina Pujara,"['Tina Pujara', 'Saugata Hazra']"
v0_049_initiative_in_coordinated_programme_for_arid_semi_arid_and_cold_desert_regionsasacoder,Uttam Kumar Roy,"['Uttam Kumar Roy', 'Partha Roy', 'Soma Rohatgi']"
v0_049_initiative_in_coordinated_programme_for_arid_semi_arid_and_cold_desert_regionsasacoder,V Devadas,"['V Devadas', 'Akhil Upadhyay', 'Jitin Singla', 'Ranjana Pathania']"
v0_049_initiative_in_coordinated_programme_for_arid_semi_arid_and_cold_desert_regionsasacoder,Jaydev Dabas,"['Jaydev Dabas', 'R. P. Singh', 'Prince Tiwari']"
v0_049_initiative_in_coordinated_programme_for_arid_semi_arid_and_cold_desert_regionsasacoder,Millie Pant,"['Millie Pant', 'Ramasare Prasad']"
v0_049_initiative_in_coordinated_programme_for_arid_semi_arid_and_cold_desert_regionsasacoder,Rajan Arora,"['Rajan Arora', 'Rajesh Kumar']"
v0_049_initiative_in_coordinated_programme_for_arid_semi_arid_and_cold_desert_regionsasacoder,Ashwani Kumar Sharma,"['Ashwani Kumar Sharma', 'Soma Rohatgi']"
v0_049_initiative_in_coordinated_programme_for_arid_semi_arid_and_cold_desert_regionsasacoder,Bijan Choudhury,"['Bijan Choudhury', 'Poonam Choudhary', 'Akhil Upadhyay']"
v0_049_initiative_in_coordinated_programme_for_arid_semi_arid_and_cold_desert_regionsasacoder,Debabrata Sircar,"['Debabrata Sircar', 'Saugata Hazra']"
v0_049_initiative_in_coordinated_programme_for_arid_semi_arid_and_cold_desert_regionsasacoder,Deepak Sharma,"['Deepak Sharma', 'Sanjoy Ghosh', 'Pravindra Kumar']"
v0_049_initiative_in_coordinated_programme_for_arid_semi_arid_and_cold_desert_regionsasacoder,P Gopinath,"['P Gopinath', 'Prabhat Kumar Mandal', 'Ranjana Pathania', 'Pravindra Kumar', 'Shri Ram Yadav']"
v0_049_initiative_in_coordinated_programme_for_arid_semi_arid_and_cold_desert_regionsasacoder,Harsh Chauhan,"['Harsh Chauhan', 'Maya S.Nair', 'Prince Tiwari']"
v0_049_initiative_in_coordinated_programme_for_arid_semi_arid_and_cold_desert_regionsasacoder,Srinivas Kiran Ambatipudi,"['Srinivas Kiran Ambatipudi', 'Sachin Suresh Tiwari', 'Soma Rohatgi', 'Saugata Hazra', 'Shri Ram Yadav']"
v0_049_initiative_in_coordinated_programme_for_arid_semi_arid_and_cold_desert_regionsasacoder,Krishna Mohan Poluri,"['Krishna Mohan Poluri', 'Sanjoy Ghosh']"
v0_049_initiative_in_coordinated_programme_for_arid_semi_arid_and_cold_desert_regionsasacoder,Maya S.Nair,"['Maya S.Nair', 'R. P. Singh']"
v0_049_initiative_in_coordinated_programme_for_arid_semi_arid_and_cold_desert_regionsasacoder,N K Navani,"['N K Navani', 'Shri Ram Yadav']"
v0_049_initiative_in_coordinated_programme_for_arid_semi_arid_and_cold_desert_regionsasacoder,Partha Roy,"['Partha Roy', 'Jitin Singla', 'Prabhat Kumar Mandal', 'Pranita P Sarangi']"
v0_049_initiative_in_coordinated_programme_for_arid_semi_arid_and_cold_desert_regionsasacoder,Poonam Choudhary,"['Poonam Choudhary', 'Shri Ram Yadav']"
v0_049_initiative_in_coordinated_programme_for_arid_semi_arid_and_cold_desert_regionsasacoder,Prabhat Kumar Mandal,"['Prabhat Kumar Mandal', 'Prince Tiwari', 'Pranita P Sarangi']"
v0_049_initiative_in_coordinated_programme_for_arid_semi_arid_and_cold_desert_regionsasacoder,Pranita P Sarangi,"['Pranita P Sarangi', 'Shailly Tomar', 'Saugata Hazra']"
v0_049_initiative_in_coordinated_programme_for_arid_semi_arid_and_cold_desert_regionsasacoder,Pravindra Kumar,"['Pravindra Kumar', 'Prabhat Kumar Mandal', 'Saugata Hazra', 'R. P. Singh', 'Soma Rohatgi']"
v0_049_initiative_in_coordinated_programme_for_arid_semi_arid_and_cold_desert_regionsasacoder,Prince Tiwari,"['Prince Tiwari', 'Ranjana Pathania', 'R. P. Singh', 'Sachin Suresh Tiwari', 'Jitin Singla']"
v0_049_initiative_in_coordinated_programme_for_arid_semi_arid_and_cold_desert_regionsasacoder,R. P. Singh,"['R. P. Singh', 'N K Navani', 'Shailly Tomar', 'Saugata Hazra']"
v0_049_initiative_in_coordinated_programme_for_arid_semi_arid_and_cold_desert_regionsasacoder,Ramasare Prasad,"['Ramasare Prasad', 'R. P. Singh', 'Akhil Upadhyay', 'Sanjoy Ghosh', 'Rajesh Kumar']"
v0_049_initiative_in_coordinated_programme_for_arid_semi_arid_and_cold_desert_regionsasacoder,Ranjana Pathania,"['Ranjana Pathania', 'Prabhat Kumar Mandal', 'Rajesh Kumar']"
v0_049_initiative_in_coordinated_programme_for_arid_semi_arid_and_cold_desert_regionsasacoder,Sanjoy Ghosh,"['Sanjoy Ghosh', 'Pranita P Sarangi', 'Ranjana Pathania', 'Prince Tiwari']"
v0_049_initiative_in_coordinated_programme_for_arid_semi_arid_and_cold_desert_regionsasacoder,Saugata Hazra,"['Saugata Hazra', 'Partha Roy', 'Ramasare Prasad', 'Sanjoy Ghosh', 'N K Navani']"
v0_049_initiative_in_coordinated_programme_for_arid_semi_arid_and_cold_desert_regionsasacoder,Shailly Tomar,"['Shailly Tomar', 'Prabhat Kumar Mandal', 'Sanjoy Ghosh']"
v0_049_initiative_in_coordinated_programme_for_arid_semi_arid_and_cold_desert_regionsasacoder,Shri Ram Yadav,"['Shri Ram Yadav', 'Ranjana Pathania', 'Jitin Singla', 'Partha Roy', 'Sanjoy Ghosh']"
v0_049_initiative_in_coordinated_programme_for_arid_semi_arid_and_cold_desert_regionsasacoder,Soma Rohatgi,"['Soma Rohatgi', 'N K Navani']"
v0_049_initiative_in_coordinated_programme_for_arid_semi_arid_and_cold_desert_regionsasacoder,Sachin Suresh Tiwari,"['Sachin Suresh Tiwari', 'Ranjana Pathania', 'Maya S.Nair']"
v0_049_initiative_in_coordinated_programme_for_arid_semi_arid_and_cold_desert_regionsasacoder,Jitin Singla,"['Jitin Singla', 'Rajesh Kumar', 'Partha Roy', 'Pravindra Kumar']"
v0_049_initiative_in_coordinated_programme_for_arid_semi_arid_and_cold_desert_regionsasacoder,Rajesh Kumar,"['Rajesh Kumar', 'Maya S.Nair', 'Pravindra Kumar', 'Shailly Tomar']"
v0_049_initiative_in_coordinated_programme_for_arid_semi_arid_and_cold_desert_regionsasacoder,Akhil Upadhyay,"['Akhil Upadhyay', 'Prabhat Kumar Mandal', 'Sanjoy Ghosh', 'N K Navani', 'Poonam Choudhary']"
v0_050_india___thailand_joint_call_for_proposals,Arindam Biswas,"['Arindam Biswas', 'Sanjoy Ghosh', 'Harsh Chauhan', 'Ashwani Kumar Sharma']"
v0_050_india___thailand_joint_call_for_proposals,Avlokita Agrawal,"['Avlokita Agrawal', 'Sanjoy Ghosh', 'Harsh Chauhan', 'Ashwani Kumar Sharma', 'Arindam Biswas']"
v0_050_india___thailand_joint_call_for_proposals,Gaurav Raheja,"['Gaurav Raheja', 'Sanjoy Ghosh', 'Harsh Chauhan', 'Ashwani Kumar Sharma', 'Arindam Biswas']"
v0_050_india___thailand_joint_call_for_proposals,Harshit Sosan Lakra,"['Harshit Sosan Lakra', 'Sanjoy Ghosh', 'Harsh Chauhan', 'Ashwani Kumar Sharma', 'Arindam Biswas']"
v0_050_india___thailand_joint_call_for_proposals,Mahua Mukherjee,"['Mahua Mukherjee', 'Sanjoy Ghosh', 'Harsh Chauhan', 'Ashwani Kumar Sharma', 'Arindam Biswas']"
v0_050_india___thailand_joint_call_for_proposals,Prabhjot Singh Chani,"['Prabhjot Singh Chani', 'Sanjoy Ghosh', 'Harsh Chauhan', 'Ashwani Kumar Sharma', 'Arindam Biswas']"
v0_050_india___thailand_joint_call_for_proposals,E Rajasekar,"['E Rajasekar', 'Sanjoy Ghosh', 'Harsh Chauhan', 'Ashwani Kumar Sharma', 'Arindam Biswas']"
v0_050_india___thailand_joint_call_for_proposals,Ram Sateesh Pasupuleti,"['Ram Sateesh Pasupuleti', 'Sanjoy Ghosh', 'Harsh Chauhan', 'Ashwani Kumar Sharma', 'Arindam Biswas']"
v0_050_india___thailand_joint_call_for_proposals,Saptarshi Kolay,"['Saptarshi Kolay', 'Sanjoy Ghosh', 'Harsh Chauhan', 'Ashwani Kumar Sharma', 'Arindam Biswas']"
v0_050_india___thailand_joint_call_for_proposals,Shubhajit Sadhukhan,"['Shubhajit Sadhukhan', 'Sanjoy Ghosh', 'Harsh Chauhan', 'Ashwani Kumar Sharma', 'Arindam Biswas']"
v0_050_india___thailand_joint_call_for_proposals,Smriti Saraswat,"['Smriti Saraswat', 'Sanjoy Ghosh', 'Harsh Chauhan', 'Ashwani Kumar Sharma', 'Arindam Biswas']"
v0_050_india___thailand_joint_call_for_proposals,Sonal Atreya,"['Sonal Atreya', 'Sanjoy Ghosh', 'Harsh Chauhan', 'Ashwani Kumar Sharma', 'Arindam Biswas']"
v0_050_india___thailand_joint_call_for_proposals,Tina Pujara,"['Tina Pujara', 'Sanjoy Ghosh', 'Harsh Chauhan', 'Ashwani Kumar Sharma', 'Arindam Biswas']"
v0_050_india___thailand_joint_call_for_proposals,Uttam Kumar Roy,"['Uttam Kumar Roy', 'Sanjoy Ghosh', 'Harsh Chauhan', 'Ashwani Kumar Sharma', 'Arindam Biswas']"
v0_050_india___thailand_joint_call_for_proposals,V Devadas,"['V Devadas', 'Sanjoy Ghosh', 'Harsh Chauhan', 'Ashwani Kumar Sharma', 'Arindam Biswas']"
v0_050_india___thailand_joint_call_for_proposals,Jaydev Dabas,"['Jaydev Dabas', 'Sanjoy Ghosh', 'Harsh Chauhan', 'Ashwani Kumar Sharma', 'Arindam Biswas']"
v0_050_india___thailand_joint_call_for_proposals,Millie Pant,"['Millie Pant', 'Sanjoy Ghosh', 'Harsh Chauhan', 'Ashwani Kumar Sharma', 'Arindam Biswas']"
v0_050_india___thailand_joint_call_for_proposals,Rajan Arora,"['Rajan Arora', 'Sanjoy Ghosh', 'Harsh Chauhan', 'Ashwani Kumar Sharma', 'Arindam Biswas']"
v0_050_india___thailand_joint_call_for_proposals,Ashwani Kumar Sharma,"['Ashwani Kumar Sharma', 'Sanjoy Ghosh', 'Harsh Chauhan', 'Arindam Biswas']"
v0_050_india___thailand_joint_call_for_proposals,Bijan Choudhury,"['Bijan Choudhury', 'Sanjoy Ghosh', 'Harsh Chauhan', 'Ashwani Kumar Sharma', 'Arindam Biswas']"
v0_050_india___thailand_joint_call_for_proposals,Debabrata Sircar,"['Debabrata Sircar', 'Sanjoy Ghosh', 'Harsh Chauhan', 'Ashwani Kumar Sharma', 'Arindam Biswas']"
v0_050_india___thailand_joint_call_for_proposals,Deepak Sharma,"['Deepak Sharma', 'Sanjoy Ghosh', 'Harsh Chauhan', 'Ashwani Kumar Sharma', 'Arindam Biswas']"
v0_050_india___thailand_joint_call_for_proposals,P Gopinath,"['P Gopinath', 'Sanjoy Ghosh', 'Harsh Chauhan', 'Ashwani Kumar Sharma', 'Arindam Biswas']"
v0_050_india___thailand_joint_call_for_proposals,Harsh Chauhan,"['Harsh Chauhan', 'Sanjoy Ghosh', 'Ashwani Kumar Sharma', 'Arindam Biswas']"
v0_050_india___thailand_joint_call_for_proposals,Srinivas Kiran Ambatipudi,"['Srinivas Kiran Ambatipudi', 'Sanjoy Ghosh', 'Harsh Chauhan', 'Ashwani Kumar Sharma', 'Arindam Biswas']"
v0_050_india___thailand_joint_call_for_proposals,Krishna Mohan Poluri,"['Krishna Mohan Poluri', 'Sanjoy Ghosh', 'Harsh Chauhan', 'Ashwani Kumar Sharma', 'Arindam Biswas']"
v0_050_india___thailand_joint_call_for_proposals,Maya S.Nair,"['Maya S.Nair', 'Sanjoy Ghosh', 'Harsh Chauhan', 'Ashwani Kumar Sharma', 'Arindam Biswas']"
v0_050_india___thailand_joint_call_for_proposals,N K Navani,"['N K Navani', 'Sanjoy Ghosh', 'Harsh Chauhan', 'Ashwani Kumar Sharma', 'Arindam Biswas']"
v0_050_india___thailand_joint_call_for_proposals,Partha Roy,"['Partha Roy', 'Sanjoy Ghosh', 'Harsh Chauhan', 'Ashwani Kumar Sharma', 'Arindam Biswas']"
v0_050_india___thailand_joint_call_for_proposals,Poonam Choudhary,"['Poonam Choudhary', 'Sanjoy Ghosh', 'Harsh Chauhan', 'Ashwani Kumar Sharma', 'Arindam Biswas']"
v0_050_india___thailand_joint_call_for_proposals,Prabhat Kumar Mandal,"['Prabhat Kumar Mandal', 'Sanjoy Ghosh', 'Harsh Chauhan', 'Ashwani Kumar Sharma', 'Arindam Biswas']"
v0_050_india___thailand_joint_call_for_proposals,Pranita P Sarangi,"['Pranita P Sarangi', 'Sanjoy Ghosh', 'Harsh Chauhan', 'Ashwani Kumar Sharma', 'Arindam Biswas']"
v0_050_india___thailand_joint_call_for_proposals,Pravindra Kumar,"['Pravindra Kumar', 'Sanjoy Ghosh', 'Harsh Chauhan', 'Ashwani Kumar Sharma', 'Arindam Biswas']"
v0_050_india___thailand_joint_call_for_proposals,Prince Tiwari,"['Prince Tiwari', 'Sanjoy Ghosh', 'Harsh Chauhan', 'Ashwani Kumar Sharma', 'Arindam Biswas']"
v0_050_india___thailand_joint_call_for_proposals,R. P. Singh,"['R. P. Singh', 'Sanjoy Ghosh', 'Harsh Chauhan', 'Ashwani Kumar Sharma', 'Arindam Biswas']"
v0_050_india___thailand_joint_call_for_proposals,Ramasare Prasad,"['Ramasare Prasad', 'Sanjoy Ghosh', 'Harsh Chauhan', 'Ashwani Kumar Sharma', 'Arindam Biswas']"
v0_050_india___thailand_joint_call_for_proposals,Ranjana Pathania,"['Ranjana Pathania', 'Sanjoy Ghosh', 'Harsh Chauhan', 'Ashwani Kumar Sharma', 'Arindam Biswas']"
v0_050_india___thailand_joint_call_for_proposals,Sanjoy Ghosh,"['Sanjoy Ghosh', 'Harsh Chauhan', 'Ashwani Kumar Sharma', 'Arindam Biswas']"
v0_050_india___thailand_joint_call_for_proposals,Saugata Hazra,"['Saugata Hazra', 'Sanjoy Ghosh', 'Harsh Chauhan', 'Ashwani Kumar Sharma', 'Arindam Biswas']"
v0_050_india___thailand_joint_call_for_proposals,Shailly Tomar,"['Shailly Tomar', 'Sanjoy Ghosh', 'Harsh Chauhan', 'Ashwani Kumar Sharma', 'Arindam Biswas']"
v0_050_india___thailand_joint_call_for_proposals,Shri Ram Yadav,"['Shri Ram Yadav', 'Sanjoy Ghosh', 'Harsh Chauhan', 'Ashwani Kumar Sharma', 'Arindam Biswas']"
v0_050_india___thailand_joint_call_for_proposals,Soma Rohatgi,"['Soma Rohatgi', 'Sanjoy Ghosh', 'Harsh Chauhan', 'Ashwani Kumar Sharma', 'Arindam Biswas']"
v0_050_india___thailand_joint_call_for_proposals,Sachin Suresh Tiwari,"['Sachin Suresh Tiwari', 'Sanjoy Ghosh', 'Harsh Chauhan', 'Ashwani Kumar Sharma', 'Arindam Biswas']"
v0_050_india___thailand_joint_call_for_proposals,Jitin Singla,"['Jitin Singla', 'Sanjoy Ghosh', 'Harsh Chauhan', 'Ashwani Kumar Sharma', 'Arindam Biswas']"
v0_050_india___thailand_joint_call_for_proposals,Rajesh Kumar,"['Rajesh Kumar', 'Sanjoy Ghosh', 'Harsh Chauhan', 'Ashwani Kumar Sharma', 'Arindam Biswas']"
v0_050_india___thailand_joint_call_for_proposals,Akhil Upadhyay,"['Akhil Upadhyay', 'Sanjoy Ghosh', 'Harsh Chauhan', 'Ashwani Kumar Sharma', 'Arindam Biswas']"
v0_051_dst_science_technology_and_innovation_policy_fellowships,Arindam Biswas,"['Arindam Biswas', 'Smriti Saraswat', 'R. P. Singh', 'N K Navani']"
v0_051_dst_science_technology_and_innovation_policy_fellowships,Avlokita Agrawal,"['Avlokita Agrawal', 'Smriti Saraswat', 'R. P. Singh', 'N K Navani']"
v0_051_dst_science_technology_and_innovation_policy_fellowships,Gaurav Raheja,"['Gaurav Raheja', 'Smriti Saraswat', 'R. P. Singh', 'N K Navani']"
v0_051_dst_science_technology_and_innovation_policy_fellowships,Harshit Sosan Lakra,"['Harshit Sosan Lakra', 'Smriti Saraswat', 'R. P. Singh', 'N K Navani']"
v0_051_dst_science_technology_and_innovation_policy_fellowships,Mahua Mukherjee,"['Mahua Mukherjee', 'Smriti Saraswat', 'R. P. Singh', 'N K Navani']"
v0_051_dst_science_technology_and_innovation_policy_fellowships,Prabhjot Singh Chani,"['Prabhjot Singh Chani', 'Smriti Saraswat', 'R. P. Singh', 'N K Navani']"
v0_051_dst_science_technology_and_innovation_policy_fellowships,E Rajasekar,"['E Rajasekar', 'Smriti Saraswat', 'R. P. Singh', 'N K Navani']"
v0_051_dst_science_technology_and_innovation_policy_fellowships,Ram Sateesh Pasupuleti,"['Ram Sateesh Pasupuleti', 'Smriti Saraswat', 'R. P. Singh', 'N K Navani']"
v0_051_dst_science_technology_and_innovation_policy_fellowships,Saptarshi Kolay,"['Saptarshi Kolay', 'Smriti Saraswat', 'R. P. Singh', 'N K Navani']"
v0_051_dst_science_technology_and_innovation_policy_fellowships,Shubhajit Sadhukhan,"['Shubhajit Sadhukhan', 'Smriti Saraswat', 'R. P. Singh', 'N K Navani']"
v0_051_dst_science_technology_and_innovation_policy_fellowships,Smriti Saraswat,"['Smriti Saraswat', 'R. P. Singh', 'N K Navani']"
v0_051_dst_science_technology_and_innovation_policy_fellowships,Sonal Atreya,"['Sonal Atreya', 'Smriti Saraswat', 'R. P. Singh', 'N K Navani']"
v0_051_dst_science_technology_and_innovation_policy_fellowships,Tina Pujara,"['Tina Pujara', 'Smriti Saraswat', 'R. P. Singh', 'N K Navani']"
v0_051_dst_science_technology_and_innovation_policy_fellowships,Uttam Kumar Roy,"['Uttam Kumar Roy', 'Smriti Saraswat', 'R. P. Singh', 'N K Navani']"
v0_051_dst_science_technology_and_innovation_policy_fellowships,V Devadas,"['V Devadas', 'Smriti Saraswat', 'R. P. Singh', 'N K Navani']"
v0_051_dst_science_technology_and_innovation_policy_fellowships,Jaydev Dabas,"['Jaydev Dabas', 'Smriti Saraswat', 'R. P. Singh', 'N K Navani']"
v0_051_dst_science_technology_and_innovation_policy_fellowships,Millie Pant,"['Millie Pant', 'Smriti Saraswat', 'R. P. Singh', 'N K Navani']"
v0_051_dst_science_technology_and_innovation_policy_fellowships,Rajan Arora,"['Rajan Arora', 'Smriti Saraswat', 'R. P. Singh', 'N K Navani']"
v0_051_dst_science_technology_and_innovation_policy_fellowships,Ashwani Kumar Sharma,"['Ashwani Kumar Sharma', 'Smriti Saraswat', 'R. P. Singh', 'N K Navani']"
v0_051_dst_science_technology_and_innovation_policy_fellowships,Bijan Choudhury,"['Bijan Choudhury', 'Smriti Saraswat', 'R. P. Singh', 'N K Navani']"
v0_051_dst_science_technology_and_innovation_policy_fellowships,Debabrata Sircar,"['Debabrata Sircar', 'Smriti Saraswat', 'R. P. Singh', 'N K Navani']"
v0_051_dst_science_technology_and_innovation_policy_fellowships,Deepak Sharma,"['Deepak Sharma', 'Smriti Saraswat', 'R. P. Singh', 'N K Navani']"
v0_051_dst_science_technology_and_innovation_policy_fellowships,P Gopinath,"['P Gopinath', 'Smriti Saraswat', 'R. P. Singh', 'N K Navani']"
v0_051_dst_science_technology_and_innovation_policy_fellowships,Harsh Chauhan,"['Harsh Chauhan', 'Smriti Saraswat', 'R. P. Singh', 'N K Navani']"
v0_051_dst_science_technology_and_innovation_policy_fellowships,Srinivas Kiran Ambatipudi,"['Srinivas Kiran Ambatipudi', 'Smriti Saraswat', 'R. P. Singh', 'N K Navani']"
v0_051_dst_science_technology_and_innovation_policy_fellowships,Krishna Mohan Poluri,"['Krishna Mohan Poluri', 'Smriti Saraswat', 'R. P. Singh', 'N K Navani']"
v0_051_dst_science_technology_and_innovation_policy_fellowships,Maya S.Nair,"['Maya S.Nair', 'Smriti Saraswat', 'R. P. Singh', 'N K Navani']"
v0_051_dst_science_technology_and_innovation_policy_fellowships,N K Navani,"['N K Navani', 'Smriti Saraswat', 'R. P. Singh']"
v0_051_dst_science_technology_and_innovation_policy_fellowships,Partha Roy,"['Partha Roy', 'Smriti Saraswat', 'R. P. Singh', 'N K Navani']"
v0_051_dst_science_technology_and_innovation_policy_fellowships,Poonam Choudhary,"['Poonam Choudhary', 'Smriti Saraswat', 'R. P. Singh', 'N K Navani']"
v0_051_dst_science_technology_and_innovation_policy_fellowships,Prabhat Kumar Mandal,"['Prabhat Kumar Mandal', 'Smriti Saraswat', 'R. P. Singh', 'N K Navani']"
v0_051_dst_science_technology_and_innovation_policy_fellowships,Pranita P Sarangi,"['Pranita P Sarangi', 'Smriti Saraswat', 'R. P. Singh', 'N K Navani']"
v0_051_dst_science_technology_and_innovation_policy_fellowships,Pravindra Kumar,"['Pravindra Kumar', 'Smriti Saraswat', 'R. P. Singh', 'N K Navani']"
v0_051_dst_science_technology_and_innovation_policy_fellowships,Prince Tiwari,"['Prince Tiwari', 'Smriti Saraswat', 'R. P. Singh', 'N K Navani']"
v0_051_dst_science_technology_and_innovation_policy_fellowships,R. P. Singh,"['R. P. Singh', 'Smriti Saraswat', 'N K Navani']"
v0_051_dst_science_technology_and_innovation_policy_fellowships,Ramasare Prasad,"['Ramasare Prasad', 'Smriti Saraswat', 'R. P. Singh', 'N K Navani']"
v0_051_dst_science_technology_and_innovation_policy_fellowships,Ranjana Pathania,"['Ranjana Pathania', 'Smriti Saraswat', 'R. P. Singh', 'N K Navani']"
v0_051_dst_science_technology_and_innovation_policy_fellowships,Sanjoy Ghosh,"['Sanjoy Ghosh', 'Smriti Saraswat', 'R. P. Singh', 'N K Navani']"
v0_051_dst_science_technology_and_innovation_policy_fellowships,Saugata Hazra,"['Saugata Hazra', 'Smriti Saraswat', 'R. P. Singh', 'N K Navani']"
v0_051_dst_science_technology_and_innovation_policy_fellowships,Shailly Tomar,"['Shailly Tomar', 'Smriti Saraswat', 'R. P. Singh', 'N K Navani']"
v0_051_dst_science_technology_and_innovation_policy_fellowships,Shri Ram Yadav,"['Shri Ram Yadav', 'Smriti Saraswat', 'R. P. Singh', 'N K Navani']"
v0_051_dst_science_technology_and_innovation_policy_fellowships,Soma Rohatgi,"['Soma Rohatgi', 'Smriti Saraswat', 'R. P. Singh', 'N K Navani']"
v0_051_dst_science_technology_and_innovation_policy_fellowships,Sachin Suresh Tiwari,"['Sachin Suresh Tiwari', 'Smriti Saraswat', 'R. P. Singh', 'N K Navani']"
v0_051_dst_science_technology_and_innovation_policy_fellowships,Jitin Singla,"['Jitin Singla', 'Smriti Saraswat', 'R. P. Singh', 'N K Navani']"
v0_051_dst_science_technology_and_innovation_policy_fellowships,Rajesh Kumar,"['Rajesh Kumar', 'Smriti Saraswat', 'R. P. Singh', 'N K Navani']"
v0_051_dst_science_technology_and_innovation_policy_fellowships,Akhil Upadhyay,"['Akhil Upadhyay', 'Smriti Saraswat', 'R. P. Singh', 'N K Navani']"
v0_052_dst_daad_2018_call_for_personal_exchanges_between_india_and_germany,Arindam Biswas,"['Arindam Biswas', 'Shailly Tomar', 'Ram Sateesh Pasupuleti', 'R. P. Singh', 'Bijan Choudhury']"
v0_052_dst_daad_2018_call_for_personal_exchanges_between_india_and_germany,Avlokita Agrawal,"['Avlokita Agrawal', 'Shailly Tomar', 'Ram Sateesh Pasupuleti', 'R. P. Singh', 'Bijan Choudhury']"
v0_052_dst_daad_2018_call_for_personal_exchanges_between_india_and_germany,Gaurav Raheja,"['Gaurav Raheja', 'Shailly Tomar', 'Ram Sateesh Pasupuleti', 'R. P. Singh', 'Bijan Choudhury']"
v0_052_dst_daad_2018_call_for_personal_exchanges_between_india_and_germany,Harshit Sosan Lakra,"['Harshit Sosan Lakra', 'Shailly Tomar', 'Ram Sateesh Pasupuleti', 'R. P. Singh', 'Bijan Choudhury']"
v0_052_dst_daad_2018_call_for_personal_exchanges_between_india_and_germany,Mahua Mukherjee,"['Mahua Mukherjee', 'Shailly Tomar', 'Ram Sateesh Pasupuleti', 'R. P. Singh', 'Bijan Choudhury']"
v0_052_dst_daad_2018_call_for_personal_exchanges_between_india_and_germany,Prabhjot Singh Chani,"['Prabhjot Singh Chani', 'Shailly Tomar', 'Ram Sateesh Pasupuleti', 'R. P. Singh', 'Bijan Choudhury']"
v0_052_dst_daad_2018_call_for_personal_exchanges_between_india_and_germany,E Rajasekar,"['E Rajasekar', 'Shailly Tomar', 'Ram Sateesh Pasupuleti', 'R. P. Singh', 'Bijan Choudhury']"
v0_052_dst_daad_2018_call_for_personal_exchanges_between_india_and_germany,Ram Sateesh Pasupuleti,"['Ram Sateesh Pasupuleti', 'Shailly Tomar', 'R. P. Singh', 'Bijan Choudhury']"
v0_052_dst_daad_2018_call_for_personal_exchanges_between_india_and_germany,Saptarshi Kolay,"['Saptarshi Kolay', 'Shailly Tomar', 'Ram Sateesh Pasupuleti', 'R. P. Singh', 'Bijan Choudhury']"
v0_052_dst_daad_2018_call_for_personal_exchanges_between_india_and_germany,Shubhajit Sadhukhan,"['Shubhajit Sadhukhan', 'Shailly Tomar', 'Ram Sateesh Pasupuleti', 'R. P. Singh', 'Bijan Choudhury']"
v0_052_dst_daad_2018_call_for_personal_exchanges_between_india_and_germany,Smriti Saraswat,"['Smriti Saraswat', 'Shailly Tomar', 'Ram Sateesh Pasupuleti', 'R. P. Singh', 'Bijan Choudhury']"
v0_052_dst_daad_2018_call_for_personal_exchanges_between_india_and_germany,Sonal Atreya,"['Sonal Atreya', 'Shailly Tomar', 'Ram Sateesh Pasupuleti', 'R. P. Singh', 'Bijan Choudhury']"
v0_052_dst_daad_2018_call_for_personal_exchanges_between_india_and_germany,Tina Pujara,"['Tina Pujara', 'Shailly Tomar', 'Ram Sateesh Pasupuleti', 'R. P. Singh', 'Bijan Choudhury']"
v0_052_dst_daad_2018_call_for_personal_exchanges_between_india_and_germany,Uttam Kumar Roy,"['Uttam Kumar Roy', 'Shailly Tomar', 'Ram Sateesh Pasupuleti', 'R. P. Singh', 'Bijan Choudhury']"
v0_052_dst_daad_2018_call_for_personal_exchanges_between_india_and_germany,V Devadas,"['V Devadas', 'Shailly Tomar', 'Ram Sateesh Pasupuleti', 'R. P. Singh', 'Bijan Choudhury']"
v0_052_dst_daad_2018_call_for_personal_exchanges_between_india_and_germany,Jaydev Dabas,"['Jaydev Dabas', 'Shailly Tomar', 'Ram Sateesh Pasupuleti', 'R. P. Singh', 'Bijan Choudhury']"
v0_052_dst_daad_2018_call_for_personal_exchanges_between_india_and_germany,Millie Pant,"['Millie Pant', 'Shailly Tomar', 'Ram Sateesh Pasupuleti', 'R. P. Singh', 'Bijan Choudhury']"
v0_052_dst_daad_2018_call_for_personal_exchanges_between_india_and_germany,Rajan Arora,"['Rajan Arora', 'Shailly Tomar', 'Ram Sateesh Pasupuleti', 'R. P. Singh', 'Bijan Choudhury']"
v0_052_dst_daad_2018_call_for_personal_exchanges_between_india_and_germany,Ashwani Kumar Sharma,"['Ashwani Kumar Sharma', 'Shailly Tomar', 'Ram Sateesh Pasupuleti', 'R. P. Singh', 'Bijan Choudhury']"
v0_052_dst_daad_2018_call_for_personal_exchanges_between_india_and_germany,Bijan Choudhury,"['Bijan Choudhury', 'Shailly Tomar', 'Ram Sateesh Pasupuleti', 'R. P. Singh']"
v0_052_dst_daad_2018_call_for_personal_exchanges_between_india_and_germany,Debabrata Sircar,"['Debabrata Sircar', 'Shailly Tomar', 'Ram Sateesh Pasupuleti', 'R. P. Singh', 'Bijan Choudhury']"
v0_052_dst_daad_2018_call_for_personal_exchanges_between_india_and_germany,Deepak Sharma,"['Deepak Sharma', 'Shailly Tomar', 'Ram Sateesh Pasupuleti', 'R. P. Singh', 'Bijan Choudhury']"
v0_052_dst_daad_2018_call_for_personal_exchanges_between_india_and_germany,P Gopinath,"['P Gopinath', 'Shailly Tomar', 'Ram Sateesh Pasupuleti', 'R. P. Singh', 'Bijan Choudhury']"
v0_052_dst_daad_2018_call_for_personal_exchanges_between_india_and_germany,Harsh Chauhan,"['Harsh Chauhan', 'Shailly Tomar', 'Ram Sateesh Pasupuleti', 'R. P. Singh', 'Bijan Choudhury']"
v0_052_dst_daad_2018_call_for_personal_exchanges_between_india_and_germany,Srinivas Kiran Ambatipudi,"['Srinivas Kiran Ambatipudi', 'Shailly Tomar', 'Ram Sateesh Pasupuleti', 'R. P. Singh', 'Bijan Choudhury']"
v0_052_dst_daad_2018_call_for_personal_exchanges_between_india_and_germany,Krishna Mohan Poluri,"['Krishna Mohan Poluri', 'Shailly Tomar', 'Ram Sateesh Pasupuleti', 'R. P. Singh', 'Bijan Choudhury']"
v0_052_dst_daad_2018_call_for_personal_exchanges_between_india_and_germany,Maya S.Nair,"['Maya S.Nair', 'Shailly Tomar', 'Ram Sateesh Pasupuleti', 'R. P. Singh', 'Bijan Choudhury']"
v0_052_dst_daad_2018_call_for_personal_exchanges_between_india_and_germany,N K Navani,"['N K Navani', 'Shailly Tomar', 'Ram Sateesh Pasupuleti', 'R. P. Singh', 'Bijan Choudhury']"
v0_052_dst_daad_2018_call_for_personal_exchanges_between_india_and_germany,Partha Roy,"['Partha Roy', 'Shailly Tomar', 'Ram Sateesh Pasupuleti', 'R. P. Singh', 'Bijan Choudhury']"
v0_052_dst_daad_2018_call_for_personal_exchanges_between_india_and_germany,Poonam Choudhary,"['Poonam Choudhary', 'Shailly Tomar', 'Ram Sateesh Pasupuleti', 'R. P. Singh', 'Bijan Choudhury']"
v0_052_dst_daad_2018_call_for_personal_exchanges_between_india_and_germany,Prabhat Kumar Mandal,"['Prabhat Kumar Mandal', 'Shailly Tomar', 'Ram Sateesh Pasupuleti', 'R. P. Singh', 'Bijan Choudhury']"
v0_052_dst_daad_2018_call_for_personal_exchanges_between_india_and_germany,Pranita P Sarangi,"['Pranita P Sarangi', 'Shailly Tomar', 'Ram Sateesh Pasupuleti', 'R. P. Singh', 'Bijan Choudhury']"
v0_052_dst_daad_2018_call_for_personal_exchanges_between_india_and_germany,Pravindra Kumar,"['Pravindra Kumar', 'Shailly Tomar', 'Ram Sateesh Pasupuleti', 'R. P. Singh', 'Bijan Choudhury']"
v0_052_dst_daad_2018_call_for_personal_exchanges_between_india_and_germany,Prince Tiwari,"['Prince Tiwari', 'Shailly Tomar', 'Ram Sateesh Pasupuleti', 'R. P. Singh', 'Bijan Choudhury']"
v0_052_dst_daad_2018_call_for_personal_exchanges_between_india_and_germany,R. P. Singh,"['R. P. Singh', 'Shailly Tomar', 'Ram Sateesh Pasupuleti', 'Bijan Choudhury']"
v0_052_dst_daad_2018_call_for_personal_exchanges_between_india_and_germany,Ramasare Prasad,"['Ramasare Prasad', 'Shailly Tomar', 'Ram Sateesh Pasupuleti', 'R. P. Singh', 'Bijan Choudhury']"
v0_052_dst_daad_2018_call_for_personal_exchanges_between_india_and_germany,Ranjana Pathania,"['Ranjana Pathania', 'Shailly Tomar', 'Ram Sateesh Pasupuleti', 'R. P. Singh', 'Bijan Choudhury']"
v0_052_dst_daad_2018_call_for_personal_exchanges_between_india_and_germany,Sanjoy Ghosh,"['Sanjoy Ghosh', 'Shailly Tomar', 'Ram Sateesh Pasupuleti', 'R. P. Singh', 'Bijan Choudhury']"
v0_052_dst_daad_2018_call_for_personal_exchanges_between_india_and_germany,Saugata Hazra,"['Saugata Hazra', 'Shailly Tomar', 'Ram Sateesh Pasupuleti', 'R. P. Singh', 'Bijan Choudhury']"
v0_052_dst_daad_2018_call_for_personal_exchanges_between_india_and_germany,Shailly Tomar,"['Shailly Tomar', 'Ram Sateesh Pasupuleti', 'R. P. Singh', 'Bijan Choudhury']"
v0_052_dst_daad_2018_call_for_personal_exchanges_between_india_and_germany,Shri Ram Yadav,"['Shri Ram Yadav', 'Shailly Tomar', 'Ram Sateesh Pasupuleti', 'R. P. Singh', 'Bijan Choudhury']"
v0_052_dst_daad_2018_call_for_personal_exchanges_between_india_and_germany,Soma Rohatgi,"['Soma Rohatgi', 'Shailly Tomar', 'Ram Sateesh Pasupuleti', 'R. P. Singh', 'Bijan Choudhury']"
v0_052_dst_daad_2018_call_for_personal_exchanges_between_india_and_germany,Sachin Suresh Tiwari,"['Sachin Suresh Tiwari', 'Shailly Tomar', 'Ram Sateesh Pasupuleti', 'R. P. Singh', 'Bijan Choudhury']"
v0_052_dst_daad_2018_call_for_personal_exchanges_between_india_and_germany,Jitin Singla,"['Jitin Singla', 'Shailly Tomar', 'Ram Sateesh Pasupuleti', 'R. P. Singh', 'Bijan Choudhury']"
v0_052_dst_daad_2018_call_for_personal_exchanges_between_india_and_germany,Rajesh Kumar,"['Rajesh Kumar', 'Shailly Tomar', 'Ram Sateesh Pasupuleti', 'R. P. Singh', 'Bijan Choudhury']"
v0_052_dst_daad_2018_call_for_personal_exchanges_between_india_and_germany,Akhil Upadhyay,"['Akhil Upadhyay', 'Shailly Tomar', 'Ram Sateesh Pasupuleti', 'R. P. Singh', 'Bijan Choudhury']"
v0_053_joint_call_for_project_proposals_2018___indo_danish_research_and_innovation_cooperation_in_the_areas_of_renewable_energy,Arindam Biswas,"['Arindam Biswas', 'Smriti Saraswat', 'Millie Pant', 'Krishna Mohan Poluri', 'Bijan Choudhury']"
v0_053_joint_call_for_project_proposals_2018___indo_danish_research_and_innovation_cooperation_in_the_areas_of_renewable_energy,Avlokita Agrawal,"['Avlokita Agrawal', 'Smriti Saraswat', 'Millie Pant', 'Krishna Mohan Poluri', 'Bijan Choudhury']"
v0_053_joint_call_for_project_proposals_2018___indo_danish_research_and_innovation_cooperation_in_the_areas_of_renewable_energy,Gaurav Raheja,"['Gaurav Raheja', 'Smriti Saraswat', 'Millie Pant', 'Krishna Mohan Poluri', 'Bijan Choudhury']"
v0_053_joint_call_for_project_proposals_2018___indo_danish_research_and_innovation_cooperation_in_the_areas_of_renewable_energy,Harshit Sosan Lakra,"['Harshit Sosan Lakra', 'Smriti Saraswat', 'Millie Pant', 'Krishna Mohan Poluri', 'Bijan Choudhury']"
v0_053_joint_call_for_project_proposals_2018___indo_danish_research_and_innovation_cooperation_in_the_areas_of_renewable_energy,Mahua Mukherjee,"['Mahua Mukherjee', 'Smriti Saraswat', 'Millie Pant', 'Krishna Mohan Poluri', 'Bijan Choudhury']"
v0_053_joint_call_for_project_proposals_2018___indo_danish_research_and_innovation_cooperation_in_the_areas_of_renewable_energy,Prabhjot Singh Chani,"['Prabhjot Singh Chani', 'Smriti Saraswat', 'Millie Pant', 'Krishna Mohan Poluri', 'Bijan Choudhury']"
v0_053_joint_call_for_project_proposals_2018___indo_danish_research_and_innovation_cooperation_in_the_areas_of_renewable_energy,E Rajasekar,"['E Rajasekar', 'Smriti Saraswat', 'Millie Pant', 'Krishna Mohan Poluri', 'Bijan Choudhury']"
v0_053_joint_call_for_project_proposals_2018___indo_danish_research_and_innovation_cooperation_in_the_areas_of_renewable_energy,Ram Sateesh Pasupuleti,"['Ram Sateesh Pasupuleti', 'Smriti Saraswat', 'Millie Pant', 'Krishna Mohan Poluri', 'Bijan Choudhury']"
v0_053_joint_call_for_project_proposals_2018___indo_danish_research_and_innovation_cooperation_in_the_areas_of_renewable_energy,Saptarshi Kolay,"['Saptarshi Kolay', 'Smriti Saraswat', 'Millie Pant', 'Krishna Mohan Poluri', 'Bijan Choudhury']"
v0_053_joint_call_for_project_proposals_2018___indo_danish_research_and_innovation_cooperation_in_the_areas_of_renewable_energy,Shubhajit Sadhukhan,"['Shubhajit Sadhukhan', 'Smriti Saraswat', 'Millie Pant', 'Krishna Mohan Poluri', 'Bijan Choudhury']"
v0_053_joint_call_for_project_proposals_2018___indo_danish_research_and_innovation_cooperation_in_the_areas_of_renewable_energy,Smriti Saraswat,"['Smriti Saraswat', 'Millie Pant', 'Krishna Mohan Poluri', 'Bijan Choudhury']"
v0_053_joint_call_for_project_proposals_2018___indo_danish_research_and_innovation_cooperation_in_the_areas_of_renewable_energy,Sonal Atreya,"['Sonal Atreya', 'Smriti Saraswat', 'Millie Pant', 'Krishna Mohan Poluri', 'Bijan Choudhury']"
v0_053_joint_call_for_project_proposals_2018___indo_danish_research_and_innovation_cooperation_in_the_areas_of_renewable_energy,Tina Pujara,"['Tina Pujara', 'Smriti Saraswat', 'Millie Pant', 'Krishna Mohan Poluri', 'Bijan Choudhury']"
v0_053_joint_call_for_project_proposals_2018___indo_danish_research_and_innovation_cooperation_in_the_areas_of_renewable_energy,Uttam Kumar Roy,"['Uttam Kumar Roy', 'Smriti Saraswat', 'Millie Pant', 'Krishna Mohan Poluri', 'Bijan Choudhury']"
v0_053_joint_call_for_project_proposals_2018___indo_danish_research_and_innovation_cooperation_in_the_areas_of_renewable_energy,V Devadas,"['V Devadas', 'Smriti Saraswat', 'Millie Pant', 'Krishna Mohan Poluri', 'Bijan Choudhury']"
v0_053_joint_call_for_project_proposals_2018___indo_danish_research_and_innovation_cooperation_in_the_areas_of_renewable_energy,Jaydev Dabas,"['Jaydev Dabas', 'Smriti Saraswat', 'Millie Pant', 'Krishna Mohan Poluri', 'Bijan Choudhury']"
v0_053_joint_call_for_project_proposals_2018___indo_danish_research_and_innovation_cooperation_in_the_areas_of_renewable_energy,Millie Pant,"['Millie Pant', 'Smriti Saraswat', 'Krishna Mohan Poluri', 'Bijan Choudhury']"
v0_053_joint_call_for_project_proposals_2018___indo_danish_research_and_innovation_cooperation_in_the_areas_of_renewable_energy,Rajan Arora,"['Rajan Arora', 'Smriti Saraswat', 'Millie Pant', 'Krishna Mohan Poluri', 'Bijan Choudhury']"
v0_053_joint_call_for_project_proposals_2018___indo_danish_research_and_innovation_cooperation_in_the_areas_of_renewable_energy,Ashwani Kumar Sharma,"['Ashwani Kumar Sharma', 'Smriti Saraswat', 'Millie Pant', 'Krishna Mohan Poluri', 'Bijan Choudhury']"
v0_053_joint_call_for_project_proposals_2018___indo_danish_research_and_innovation_cooperation_in_the_areas_of_renewable_energy,Bijan Choudhury,"['Bijan Choudhury', 'Smriti Saraswat', 'Millie Pant', 'Krishna Mohan Poluri']"
v0_053_joint_call_for_project_proposals_2018___indo_danish_research_and_innovation_cooperation_in_the_areas_of_renewable_energy,Debabrata Sircar,"['Debabrata Sircar', 'Smriti Saraswat', 'Millie Pant', 'Krishna Mohan Poluri', 'Bijan Choudhury']"
v0_053_joint_call_for_project_proposals_2018___indo_danish_research_and_innovation_cooperation_in_the_areas_of_renewable_energy,Deepak Sharma,"['Deepak Sharma', 'Smriti Saraswat', 'Millie Pant', 'Krishna Mohan Poluri', 'Bijan Choudhury']"
v0_053_joint_call_for_project_proposals_2018___indo_danish_research_and_innovation_cooperation_in_the_areas_of_renewable_energy,P Gopinath,"['P Gopinath', 'Smriti Saraswat', 'Millie Pant', 'Krishna Mohan Poluri', 'Bijan Choudhury']"
v0_053_joint_call_for_project_proposals_2018___indo_danish_research_and_innovation_cooperation_in_the_areas_of_renewable_energy,Harsh Chauhan,"['Harsh Chauhan', 'Smriti Saraswat', 'Millie Pant', 'Krishna Mohan Poluri', 'Bijan Choudhury']"
v0_053_joint_call_for_project_proposals_2018___indo_danish_research_and_innovation_cooperation_in_the_areas_of_renewable_energy,Srinivas Kiran Ambatipudi,"['Srinivas Kiran Ambatipudi', 'Smriti Saraswat', 'Millie Pant', 'Krishna Mohan Poluri', 'Bijan Choudhury']"
v0_053_joint_call_for_project_proposals_2018___indo_danish_research_and_innovation_cooperation_in_the_areas_of_renewable_energy,Krishna Mohan Poluri,"['Krishna Mohan Poluri', 'Smriti Saraswat', 'Millie Pant', 'Bijan Choudhury']"
v0_053_joint_call_for_project_proposals_2018___indo_danish_research_and_innovation_cooperation_in_the_areas_of_renewable_energy,Maya S.Nair,"['Maya S.Nair', 'Smriti Saraswat', 'Millie Pant', 'Krishna Mohan Poluri', 'Bijan Choudhury']"
v0_053_joint_call_for_project_proposals_2018___indo_danish_research_and_innovation_cooperation_in_the_areas_of_renewable_energy,N K Navani,"['N K Navani', 'Smriti Saraswat', 'Millie Pant', 'Krishna Mohan Poluri', 'Bijan Choudhury']"
v0_053_joint_call_for_project_proposals_2018___indo_danish_research_and_innovation_cooperation_in_the_areas_of_renewable_energy,Partha Roy,"['Partha Roy', 'Smriti Saraswat', 'Millie Pant', 'Krishna Mohan Poluri', 'Bijan Choudhury']"
v0_053_joint_call_for_project_proposals_2018___indo_danish_research_and_innovation_cooperation_in_the_areas_of_renewable_energy,Poonam Choudhary,"['Poonam Choudhary', 'Smriti Saraswat', 'Millie Pant', 'Krishna Mohan Poluri', 'Bijan Choudhury']"
v0_053_joint_call_for_project_proposals_2018___indo_danish_research_and_innovation_cooperation_in_the_areas_of_renewable_energy,Prabhat Kumar Mandal,"['Prabhat Kumar Mandal', 'Smriti Saraswat', 'Millie Pant', 'Krishna Mohan Poluri', 'Bijan Choudhury']"
v0_053_joint_call_for_project_proposals_2018___indo_danish_research_and_innovation_cooperation_in_the_areas_of_renewable_energy,Pranita P Sarangi,"['Pranita P Sarangi', 'Smriti Saraswat', 'Millie Pant', 'Krishna Mohan Poluri', 'Bijan Choudhury']"
v0_053_joint_call_for_project_proposals_2018___indo_danish_research_and_innovation_cooperation_in_the_areas_of_renewable_energy,Pravindra Kumar,"['Pravindra Kumar', 'Smriti Saraswat', 'Millie Pant', 'Krishna Mohan Poluri', 'Bijan Choudhury']"
v0_053_joint_call_for_project_proposals_2018___indo_danish_research_and_innovation_cooperation_in_the_areas_of_renewable_energy,Prince Tiwari,"['Prince Tiwari', 'Smriti Saraswat', 'Millie Pant', 'Krishna Mohan Poluri', 'Bijan Choudhury']"
v0_053_joint_call_for_project_proposals_2018___indo_danish_research_and_innovation_cooperation_in_the_areas_of_renewable_energy,R. P. Singh,"['R. P. Singh', 'Smriti Saraswat', 'Millie Pant', 'Krishna Mohan Poluri', 'Bijan Choudhury']"
v0_053_joint_call_for_project_proposals_2018___indo_danish_research_and_innovation_cooperation_in_the_areas_of_renewable_energy,Ramasare Prasad,"['Ramasare Prasad', 'Smriti Saraswat', 'Millie Pant', 'Krishna Mohan Poluri', 'Bijan Choudhury']"
v0_053_joint_call_for_project_proposals_2018___indo_danish_research_and_innovation_cooperation_in_the_areas_of_renewable_energy,Ranjana Pathania,"['Ranjana Pathania', 'Smriti Saraswat', 'Millie Pant', 'Krishna Mohan Poluri', 'Bijan Choudhury']"
v0_053_joint_call_for_project_proposals_2018___indo_danish_research_and_innovation_cooperation_in_the_areas_of_renewable_energy,Sanjoy Ghosh,"['Sanjoy Ghosh', 'Smriti Saraswat', 'Millie Pant', 'Krishna Mohan Poluri', 'Bijan Choudhury']"
v0_053_joint_call_for_project_proposals_2018___indo_danish_research_and_innovation_cooperation_in_the_areas_of_renewable_energy,Saugata Hazra,"['Saugata Hazra', 'Smriti Saraswat', 'Millie Pant', 'Krishna Mohan Poluri', 'Bijan Choudhury']"
v0_053_joint_call_for_project_proposals_2018___indo_danish_research_and_innovation_cooperation_in_the_areas_of_renewable_energy,Shailly Tomar,"['Shailly Tomar', 'Smriti Saraswat', 'Millie Pant', 'Krishna Mohan Poluri', 'Bijan Choudhury']"
v0_053_joint_call_for_project_proposals_2018___indo_danish_research_and_innovation_cooperation_in_the_areas_of_renewable_energy,Shri Ram Yadav,"['Shri Ram Yadav', 'Smriti Saraswat', 'Millie Pant', 'Krishna Mohan Poluri', 'Bijan Choudhury']"
v0_053_joint_call_for_project_proposals_2018___indo_danish_research_and_innovation_cooperation_in_the_areas_of_renewable_energy,Soma Rohatgi,"['Soma Rohatgi', 'Smriti Saraswat', 'Millie Pant', 'Krishna Mohan Poluri', 'Bijan Choudhury']"
v0_053_joint_call_for_project_proposals_2018___indo_danish_research_and_innovation_cooperation_in_the_areas_of_renewable_energy,Sachin Suresh Tiwari,"['Sachin Suresh Tiwari', 'Smriti Saraswat', 'Millie Pant', 'Krishna Mohan Poluri', 'Bijan Choudhury']"
v0_053_joint_call_for_project_proposals_2018___indo_danish_research_and_innovation_cooperation_in_the_areas_of_renewable_energy,Jitin Singla,"['Jitin Singla', 'Smriti Saraswat', 'Millie Pant', 'Krishna Mohan Poluri', 'Bijan Choudhury']"
v0_053_joint_call_for_project_proposals_2018___indo_danish_research_and_innovation_cooperation_in_the_areas_of_renewable_energy,Rajesh Kumar,"['Rajesh Kumar', 'Smriti Saraswat', 'Millie Pant', 'Krishna Mohan Poluri', 'Bijan Choudhury']"
v0_053_joint_call_for_project_proposals_2018___indo_danish_research_and_innovation_cooperation_in_the_areas_of_renewable_energy,Akhil Upadhyay,"['Akhil Upadhyay', 'Smriti Saraswat', 'Millie Pant', 'Krishna Mohan Poluri', 'Bijan Choudhury']"
v0_054_funding_opportunity_announcement_foa_in_converting_sunlight_to_storable_fuels_energyrich_chemicals_and_biochemicals_ic5,Arindam Biswas,"['Arindam Biswas', 'N K Navani', 'Deepak Sharma', 'Avlokita Agrawal', 'Akhil Upadhyay']"
v0_054_funding_opportunity_announcement_foa_in_converting_sunlight_to_storable_fuels_energyrich_chemicals_and_biochemicals_ic5,Avlokita Agrawal,"['Avlokita Agrawal', 'N K Navani', 'Deepak Sharma', 'Akhil Upadhyay']"
v0_054_funding_opportunity_announcement_foa_in_converting_sunlight_to_storable_fuels_energyrich_chemicals_and_biochemicals_ic5,Gaurav Raheja,"['Gaurav Raheja', 'N K Navani', 'Deepak Sharma', 'Avlokita Agrawal', 'Akhil Upadhyay']"
v0_054_funding_opportunity_announcement_foa_in_converting_sunlight_to_storable_fuels_energyrich_chemicals_and_biochemicals_ic5,Harshit Sosan Lakra,"['Harshit Sosan Lakra', 'N K Navani', 'Deepak Sharma', 'Avlokita Agrawal', 'Akhil Upadhyay']"
v0_054_funding_opportunity_announcement_foa_in_converting_sunlight_to_storable_fuels_energyrich_chemicals_and_biochemicals_ic5,Mahua Mukherjee,"['Mahua Mukherjee', 'N K Navani', 'Deepak Sharma', 'Avlokita Agrawal', 'Akhil Upadhyay']"
v0_054_funding_opportunity_announcement_foa_in_converting_sunlight_to_storable_fuels_energyrich_chemicals_and_biochemicals_ic5,Prabhjot Singh Chani,"['Prabhjot Singh Chani', 'N K Navani', 'Deepak Sharma', 'Avlokita Agrawal', 'Akhil Upadhyay']"
v0_054_funding_opportunity_announcement_foa_in_converting_sunlight_to_storable_fuels_energyrich_chemicals_and_biochemicals_ic5,E Rajasekar,"['E Rajasekar', 'N K Navani', 'Deepak Sharma', 'Avlokita Agrawal', 'Akhil Upadhyay']"
v0_054_funding_opportunity_announcement_foa_in_converting_sunlight_to_storable_fuels_energyrich_chemicals_and_biochemicals_ic5,Ram Sateesh Pasupuleti,"['Ram Sateesh Pasupuleti', 'N K Navani', 'Deepak Sharma', 'Avlokita Agrawal', 'Akhil Upadhyay']"
v0_054_funding_opportunity_announcement_foa_in_converting_sunlight_to_storable_fuels_energyrich_chemicals_and_biochemicals_ic5,Saptarshi Kolay,"['Saptarshi Kolay', 'N K Navani', 'Deepak Sharma', 'Avlokita Agrawal', 'Akhil Upadhyay']"
v0_054_funding_opportunity_announcement_foa_in_converting_sunlight_to_storable_fuels_energyrich_chemicals_and_biochemicals_ic5,Shubhajit Sadhukhan,"['Shubhajit Sadhukhan', 'N K Navani', 'Deepak Sharma', 'Avlokita Agrawal', 'Akhil Upadhyay']"
v0_054_funding_opportunity_announcement_foa_in_converting_sunlight_to_storable_fuels_energyrich_chemicals_and_biochemicals_ic5,Smriti Saraswat,"['Smriti Saraswat', 'N K Navani', 'Deepak Sharma', 'Avlokita Agrawal', 'Akhil Upadhyay']"
v0_054_funding_opportunity_announcement_foa_in_converting_sunlight_to_storable_fuels_energyrich_chemicals_and_biochemicals_ic5,Sonal Atreya,"['Sonal Atreya', 'N K Navani', 'Deepak Sharma', 'Avlokita Agrawal', 'Akhil Upadhyay']"
v0_054_funding_opportunity_announcement_foa_in_converting_sunlight_to_storable_fuels_energyrich_chemicals_and_biochemicals_ic5,Tina Pujara,"['Tina Pujara', 'N K Navani', 'Deepak Sharma', 'Avlokita Agrawal', 'Akhil Upadhyay']"
v0_054_funding_opportunity_announcement_foa_in_converting_sunlight_to_storable_fuels_energyrich_chemicals_and_biochemicals_ic5,Uttam Kumar Roy,"['Uttam Kumar Roy', 'N K Navani', 'Deepak Sharma', 'Avlokita Agrawal', 'Akhil Upadhyay']"
v0_054_funding_opportunity_announcement_foa_in_converting_sunlight_to_storable_fuels_energyrich_chemicals_and_biochemicals_ic5,V Devadas,"['V Devadas', 'N K Navani', 'Deepak Sharma', 'Avlokita Agrawal', 'Akhil Upadhyay']"
v0_054_funding_opportunity_announcement_foa_in_converting_sunlight_to_storable_fuels_energyrich_chemicals_and_biochemicals_ic5,Jaydev Dabas,"['Jaydev Dabas', 'N K Navani', 'Deepak Sharma', 'Avlokita Agrawal', 'Akhil Upadhyay']"
v0_054_funding_opportunity_announcement_foa_in_converting_sunlight_to_storable_fuels_energyrich_chemicals_and_biochemicals_ic5,Millie Pant,"['Millie Pant', 'N K Navani', 'Deepak Sharma', 'Avlokita Agrawal', 'Akhil Upadhyay']"
v0_054_funding_opportunity_announcement_foa_in_converting_sunlight_to_storable_fuels_energyrich_chemicals_and_biochemicals_ic5,Rajan Arora,"['Rajan Arora', 'N K Navani', 'Deepak Sharma', 'Avlokita Agrawal', 'Akhil Upadhyay']"
v0_054_funding_opportunity_announcement_foa_in_converting_sunlight_to_storable_fuels_energyrich_chemicals_and_biochemicals_ic5,Ashwani Kumar Sharma,"['Ashwani Kumar Sharma', 'N K Navani', 'Deepak Sharma', 'Avlokita Agrawal', 'Akhil Upadhyay']"
v0_054_funding_opportunity_announcement_foa_in_converting_sunlight_to_storable_fuels_energyrich_chemicals_and_biochemicals_ic5,Bijan Choudhury,"['Bijan Choudhury', 'N K Navani', 'Deepak Sharma', 'Avlokita Agrawal', 'Akhil Upadhyay']"
v0_054_funding_opportunity_announcement_foa_in_converting_sunlight_to_storable_fuels_energyrich_chemicals_and_biochemicals_ic5,Debabrata Sircar,"['Debabrata Sircar', 'N K Navani', 'Deepak Sharma', 'Avlokita Agrawal', 'Akhil Upadhyay']"
v0_054_funding_opportunity_announcement_foa_in_converting_sunlight_to_storable_fuels_energyrich_chemicals_and_biochemicals_ic5,Deepak Sharma,"['Deepak Sharma', 'N K Navani', 'Avlokita Agrawal', 'Akhil Upadhyay']"
v0_054_funding_opportunity_announcement_foa_in_converting_sunlight_to_storable_fuels_energyrich_chemicals_and_biochemicals_ic5,P Gopinath,"['P Gopinath', 'N K Navani', 'Deepak Sharma', 'Avlokita Agrawal', 'Akhil Upadhyay']"
v0_054_funding_opportunity_announcement_foa_in_converting_sunlight_to_storable_fuels_energyrich_chemicals_and_biochemicals_ic5,Harsh Chauhan,"['Harsh Chauhan', 'N K Navani', 'Deepak Sharma', 'Avlokita Agrawal', 'Akhil Upadhyay']"
v0_054_funding_opportunity_announcement_foa_in_converting_sunlight_to_storable_fuels_energyrich_chemicals_and_biochemicals_ic5,Srinivas Kiran Ambatipudi,"['Srinivas Kiran Ambatipudi', 'N K Navani', 'Deepak Sharma', 'Avlokita Agrawal', 'Akhil Upadhyay']"
v0_054_funding_opportunity_announcement_foa_in_converting_sunlight_to_storable_fuels_energyrich_chemicals_and_biochemicals_ic5,Krishna Mohan Poluri,"['Krishna Mohan Poluri', 'N K Navani', 'Deepak Sharma', 'Avlokita Agrawal', 'Akhil Upadhyay']"
v0_054_funding_opportunity_announcement_foa_in_converting_sunlight_to_storable_fuels_energyrich_chemicals_and_biochemicals_ic5,Maya S.Nair,"['Maya S.Nair', 'N K Navani', 'Deepak Sharma', 'Avlokita Agrawal', 'Akhil Upadhyay']"
v0_054_funding_opportunity_announcement_foa_in_converting_sunlight_to_storable_fuels_energyrich_chemicals_and_biochemicals_ic5,N K Navani,"['N K Navani', 'Deepak Sharma', 'Avlokita Agrawal', 'Akhil Upadhyay']"
v0_054_funding_opportunity_announcement_foa_in_converting_sunlight_to_storable_fuels_energyrich_chemicals_and_biochemicals_ic5,Partha Roy,"['Partha Roy', 'N K Navani', 'Deepak Sharma', 'Avlokita Agrawal', 'Akhil Upadhyay']"
v0_054_funding_opportunity_announcement_foa_in_converting_sunlight_to_storable_fuels_energyrich_chemicals_and_biochemicals_ic5,Poonam Choudhary,"['Poonam Choudhary', 'N K Navani', 'Deepak Sharma', 'Avlokita Agrawal', 'Akhil Upadhyay']"
v0_054_funding_opportunity_announcement_foa_in_converting_sunlight_to_storable_fuels_energyrich_chemicals_and_biochemicals_ic5,Prabhat Kumar Mandal,"['Prabhat Kumar Mandal', 'N K Navani', 'Deepak Sharma', 'Avlokita Agrawal', 'Akhil Upadhyay']"
v0_054_funding_opportunity_announcement_foa_in_converting_sunlight_to_storable_fuels_energyrich_chemicals_and_biochemicals_ic5,Pranita P Sarangi,"['Pranita P Sarangi', 'N K Navani', 'Deepak Sharma', 'Avlokita Agrawal', 'Akhil Upadhyay']"
v0_054_funding_opportunity_announcement_foa_in_converting_sunlight_to_storable_fuels_energyrich_chemicals_and_biochemicals_ic5,Pravindra Kumar,"['Pravindra Kumar', 'N K Navani', 'Deepak Sharma', 'Avlokita Agrawal', 'Akhil Upadhyay']"
v0_054_funding_opportunity_announcement_foa_in_converting_sunlight_to_storable_fuels_energyrich_chemicals_and_biochemicals_ic5,Prince Tiwari,"['Prince Tiwari', 'N K Navani', 'Deepak Sharma', 'Avlokita Agrawal', 'Akhil Upadhyay']"
v0_054_funding_opportunity_announcement_foa_in_converting_sunlight_to_storable_fuels_energyrich_chemicals_and_biochemicals_ic5,R. P. Singh,"['R. P. Singh', 'N K Navani', 'Deepak Sharma', 'Avlokita Agrawal', 'Akhil Upadhyay']"
v0_054_funding_opportunity_announcement_foa_in_converting_sunlight_to_storable_fuels_energyrich_chemicals_and_biochemicals_ic5,Ramasare Prasad,"['Ramasare Prasad', 'N K Navani', 'Deepak Sharma', 'Avlokita Agrawal', 'Akhil Upadhyay']"
v0_054_funding_opportunity_announcement_foa_in_converting_sunlight_to_storable_fuels_energyrich_chemicals_and_biochemicals_ic5,Ranjana Pathania,"['Ranjana Pathania', 'N K Navani', 'Deepak Sharma', 'Avlokita Agrawal', 'Akhil Upadhyay']"
v0_054_funding_opportunity_announcement_foa_in_converting_sunlight_to_storable_fuels_energyrich_chemicals_and_biochemicals_ic5,Sanjoy Ghosh,"['Sanjoy Ghosh', 'N K Navani', 'Deepak Sharma', 'Avlokita Agrawal', 'Akhil Upadhyay']"
v0_054_funding_opportunity_announcement_foa_in_converting_sunlight_to_storable_fuels_energyrich_chemicals_and_biochemicals_ic5,Saugata Hazra,"['Saugata Hazra', 'N K Navani', 'Deepak Sharma', 'Avlokita Agrawal', 'Akhil Upadhyay']"
v0_054_funding_opportunity_announcement_foa_in_converting_sunlight_to_storable_fuels_energyrich_chemicals_and_biochemicals_ic5,Shailly Tomar,"['Shailly Tomar', 'N K Navani', 'Deepak Sharma', 'Avlokita Agrawal', 'Akhil Upadhyay']"
v0_054_funding_opportunity_announcement_foa_in_converting_sunlight_to_storable_fuels_energyrich_chemicals_and_biochemicals_ic5,Shri Ram Yadav,"['Shri Ram Yadav', 'N K Navani', 'Deepak Sharma', 'Avlokita Agrawal', 'Akhil Upadhyay']"
v0_054_funding_opportunity_announcement_foa_in_converting_sunlight_to_storable_fuels_energyrich_chemicals_and_biochemicals_ic5,Soma Rohatgi,"['Soma Rohatgi', 'N K Navani', 'Deepak Sharma', 'Avlokita Agrawal', 'Akhil Upadhyay']"
v0_054_funding_opportunity_announcement_foa_in_converting_sunlight_to_storable_fuels_energyrich_chemicals_and_biochemicals_ic5,Sachin Suresh Tiwari,"['Sachin Suresh Tiwari', 'N K Navani', 'Deepak Sharma', 'Avlokita Agrawal', 'Akhil Upadhyay']"
v0_054_funding_opportunity_announcement_foa_in_converting_sunlight_to_storable_fuels_energyrich_chemicals_and_biochemicals_ic5,Jitin Singla,"['Jitin Singla', 'N K Navani', 'Deepak Sharma', 'Avlokita Agrawal', 'Akhil Upadhyay']"
v0_054_funding_opportunity_announcement_foa_in_converting_sunlight_to_storable_fuels_energyrich_chemicals_and_biochemicals_ic5,Rajesh Kumar,"['Rajesh Kumar', 'N K Navani', 'Deepak Sharma', 'Avlokita Agrawal', 'Akhil Upadhyay']"
v0_054_funding_opportunity_announcement_foa_in_converting_sunlight_to_storable_fuels_energyrich_chemicals_and_biochemicals_ic5,Akhil Upadhyay,"['Akhil Upadhyay', 'N K Navani', 'Deepak Sharma', 'Avlokita Agrawal']"
v0_055_india_belarus_joint_call_for_proposals,Arindam Biswas,"['Arindam Biswas', 'Shubhajit Sadhukhan', 'Pranita P Sarangi', 'Mahua Mukherjee', 'Ashwani Kumar Sharma']"
v0_055_india_belarus_joint_call_for_proposals,Avlokita Agrawal,"['Avlokita Agrawal', 'Shubhajit Sadhukhan', 'Pranita P Sarangi', 'Mahua Mukherjee', 'Ashwani Kumar Sharma']"
v0_055_india_belarus_joint_call_for_proposals,Gaurav Raheja,"['Gaurav Raheja', 'Shubhajit Sadhukhan', 'Pranita P Sarangi', 'Mahua Mukherjee', 'Ashwani Kumar Sharma']"
v0_055_india_belarus_joint_call_for_proposals,Harshit Sosan Lakra,"['Harshit Sosan Lakra', 'Shubhajit Sadhukhan', 'Pranita P Sarangi', 'Mahua Mukherjee', 'Ashwani Kumar Sharma']"
v0_055_india_belarus_joint_call_for_proposals,Mahua Mukherjee,"['Mahua Mukherjee', 'Shubhajit Sadhukhan', 'Pranita P Sarangi', 'Ashwani Kumar Sharma']"
v0_055_india_belarus_joint_call_for_proposals,Prabhjot Singh Chani,"['Prabhjot Singh Chani', 'Shubhajit Sadhukhan', 'Pranita P Sarangi', 'Mahua Mukherjee', 'Ashwani Kumar Sharma']"
v0_055_india_belarus_joint_call_for_proposals,E Rajasekar,"['E Rajasekar', 'Shubhajit Sadhukhan', 'Pranita P Sarangi', 'Mahua Mukherjee', 'Ashwani Kumar Sharma']"
v0_055_india_belarus_joint_call_for_proposals,Ram Sateesh Pasupuleti,"['Ram Sateesh Pasupuleti', 'Shubhajit Sadhukhan', 'Pranita P Sarangi', 'Mahua Mukherjee', 'Ashwani Kumar Sharma']"
v0_055_india_belarus_joint_call_for_proposals,Saptarshi Kolay,"['Saptarshi Kolay', 'Shubhajit Sadhukhan', 'Pranita P Sarangi', 'Mahua Mukherjee', 'Ashwani Kumar Sharma']"
v0_055_india_belarus_joint_call_for_proposals,Shubhajit Sadhukhan,"['Shubhajit Sadhukhan', 'Pranita P Sarangi', 'Mahua Mukherjee', 'Ashwani Kumar Sharma']"
v0_055_india_belarus_joint_call_for_proposals,Smriti Saraswat,"['Smriti Saraswat', 'Shubhajit Sadhukhan', 'Pranita P Sarangi', 'Mahua Mukherjee', 'Ashwani Kumar Sharma']"
v0_055_india_belarus_joint_call_for_proposals,Sonal Atreya,"['Sonal Atreya', 'Shubhajit Sadhukhan', 'Pranita P Sarangi', 'Mahua Mukherjee', 'Ashwani Kumar Sharma']"
v0_055_india_belarus_joint_call_for_proposals,Tina Pujara,"['Tina Pujara', 'Shubhajit Sadhukhan', 'Pranita P Sarangi', 'Mahua Mukherjee', 'Ashwani Kumar Sharma']"
v0_055_india_belarus_joint_call_for_proposals,Uttam Kumar Roy,"['Uttam Kumar Roy', 'Shubhajit Sadhukhan', 'Pranita P Sarangi', 'Mahua Mukherjee', 'Ashwani Kumar Sharma']"
v0_055_india_belarus_joint_call_for_proposals,V Devadas,"['V Devadas', 'Shubhajit Sadhukhan', 'Pranita P Sarangi', 'Mahua Mukherjee', 'Ashwani Kumar Sharma']"
v0_055_india_belarus_joint_call_for_proposals,Jaydev Dabas,"['Jaydev Dabas', 'Shubhajit Sadhukhan', 'Pranita P Sarangi', 'Mahua Mukherjee', 'Ashwani Kumar Sharma']"
v0_055_india_belarus_joint_call_for_proposals,Millie Pant,"['Millie Pant', 'Shubhajit Sadhukhan', 'Pranita P Sarangi', 'Mahua Mukherjee', 'Ashwani Kumar Sharma']"
v0_055_india_belarus_joint_call_for_proposals,Rajan Arora,"['Rajan Arora', 'Shubhajit Sadhukhan', 'Pranita P Sarangi', 'Mahua Mukherjee', 'Ashwani Kumar Sharma']"
v0_055_india_belarus_joint_call_for_proposals,Ashwani Kumar Sharma,"['Ashwani Kumar Sharma', 'Shubhajit Sadhukhan', 'Pranita P Sarangi', 'Mahua Mukherjee']"
v0_055_india_belarus_joint_call_for_proposals,Bijan Choudhury,"['Bijan Choudhury', 'Shubhajit Sadhukhan', 'Pranita P Sarangi', 'Mahua Mukherjee', 'Ashwani Kumar Sharma']"
v0_055_india_belarus_joint_call_for_proposals,Debabrata Sircar,"['Debabrata Sircar', 'Shubhajit Sadhukhan', 'Pranita P Sarangi', 'Mahua Mukherjee', 'Ashwani Kumar Sharma']"
v0_055_india_belarus_joint_call_for_proposals,Deepak Sharma,"['Deepak Sharma', 'Shubhajit Sadhukhan', 'Pranita P Sarangi', 'Mahua Mukherjee', 'Ashwani Kumar Sharma']"
v0_055_india_belarus_joint_call_for_proposals,P Gopinath,"['P Gopinath', 'Shubhajit Sadhukhan', 'Pranita P Sarangi', 'Mahua Mukherjee', 'Ashwani Kumar Sharma']"
v0_055_india_belarus_joint_call_for_proposals,Harsh Chauhan,"['Harsh Chauhan', 'Shubhajit Sadhukhan', 'Pranita P Sarangi', 'Mahua Mukherjee', 'Ashwani Kumar Sharma']"
v0_055_india_belarus_joint_call_for_proposals,Srinivas Kiran Ambatipudi,"['Srinivas Kiran Ambatipudi', 'Shubhajit Sadhukhan', 'Pranita P Sarangi', 'Mahua Mukherjee', 'Ashwani Kumar Sharma']"
v0_055_india_belarus_joint_call_for_proposals,Krishna Mohan Poluri,"['Krishna Mohan Poluri', 'Shubhajit Sadhukhan', 'Pranita P Sarangi', 'Mahua Mukherjee', 'Ashwani Kumar Sharma']"
v0_055_india_belarus_joint_call_for_proposals,Maya S.Nair,"['Maya S.Nair', 'Shubhajit Sadhukhan', 'Pranita P Sarangi', 'Mahua Mukherjee', 'Ashwani Kumar Sharma']"
v0_055_india_belarus_joint_call_for_proposals,N K Navani,"['N K Navani', 'Shubhajit Sadhukhan', 'Pranita P Sarangi', 'Mahua Mukherjee', 'Ashwani Kumar Sharma']"
v0_055_india_belarus_joint_call_for_proposals,Partha Roy,"['Partha Roy', 'Shubhajit Sadhukhan', 'Pranita P Sarangi', 'Mahua Mukherjee', 'Ashwani Kumar Sharma']"
v0_055_india_belarus_joint_call_for_proposals,Poonam Choudhary,"['Poonam Choudhary', 'Shubhajit Sadhukhan', 'Pranita P Sarangi', 'Mahua Mukherjee', 'Ashwani Kumar Sharma']"
v0_055_india_belarus_joint_call_for_proposals,Prabhat Kumar Mandal,"['Prabhat Kumar Mandal', 'Shubhajit Sadhukhan', 'Pranita P Sarangi', 'Mahua Mukherjee', 'Ashwani Kumar Sharma']"
v0_055_india_belarus_joint_call_for_proposals,Pranita P Sarangi,"['Pranita P Sarangi', 'Shubhajit Sadhukhan', 'Mahua Mukherjee', 'Ashwani Kumar Sharma']"
v0_055_india_belarus_joint_call_for_proposals,Pravindra Kumar,"['Pravindra Kumar', 'Shubhajit Sadhukhan', 'Pranita P Sarangi', 'Mahua Mukherjee', 'Ashwani Kumar Sharma']"
v0_055_india_belarus_joint_call_for_proposals,Prince Tiwari,"['Prince Tiwari', 'Shubhajit Sadhukhan', 'Pranita P Sarangi', 'Mahua Mukherjee', 'Ashwani Kumar Sharma']"
v0_055_india_belarus_joint_call_for_proposals,R. P. Singh,"['R. P. Singh', 'Shubhajit Sadhukhan', 'Pranita P Sarangi', 'Mahua Mukherjee', 'Ashwani Kumar Sharma']"
v0_055_india_belarus_joint_call_for_proposals,Ramasare Prasad,"['Ramasare Prasad', 'Shubhajit Sadhukhan', 'Pranita P Sarangi', 'Mahua Mukherjee', 'Ashwani Kumar Sharma']"
v0_055_india_belarus_joint_call_for_proposals,Ranjana Pathania,"['Ranjana Pathania', 'Shubhajit Sadhukhan', 'Pranita P Sarangi', 'Mahua Mukherjee', 'Ashwani Kumar Sharma']"
v0_055_india_belarus_joint_call_for_proposals,Sanjoy Ghosh,"['Sanjoy Ghosh', 'Shubhajit Sadhukhan', 'Pranita P Sarangi', 'Mahua Mukherjee', 'Ashwani Kumar Sharma']"
v0_055_india_belarus_joint_call_for_proposals,Saugata Hazra,"['Saugata Hazra', 'Shubhajit Sadhukhan', 'Pranita P Sarangi', 'Mahua Mukherjee', 'Ashwani Kumar Sharma']"
v0_055_india_belarus_joint_call_for_proposals,Shailly Tomar,"['Shailly Tomar', 'Shubhajit Sadhukhan', 'Pranita P Sarangi', 'Mahua Mukherjee', 'Ashwani Kumar Sharma']"
v0_055_india_belarus_joint_call_for_proposals,Shri Ram Yadav,"['Shri Ram Yadav', 'Shubhajit Sadhukhan', 'Pranita P Sarangi', 'Mahua Mukherjee', 'Ashwani Kumar Sharma']"
v0_055_india_belarus_joint_call_for_proposals,Soma Rohatgi,"['Soma Rohatgi', 'Shubhajit Sadhukhan', 'Pranita P Sarangi', 'Mahua Mukherjee', 'Ashwani Kumar Sharma']"
v0_055_india_belarus_joint_call_for_proposals,Sachin Suresh Tiwari,"['Sachin Suresh Tiwari', 'Shubhajit Sadhukhan', 'Pranita P Sarangi', 'Mahua Mukherjee', 'Ashwani Kumar Sharma']"
v0_055_india_belarus_joint_call_for_proposals,Jitin Singla,"['Jitin Singla', 'Shubhajit Sadhukhan', 'Pranita P Sarangi', 'Mahua Mukherjee', 'Ashwani Kumar Sharma']"
v0_055_india_belarus_joint_call_for_proposals,Rajesh Kumar,"['Rajesh Kumar', 'Shubhajit Sadhukhan', 'Pranita P Sarangi', 'Mahua Mukherjee', 'Ashwani Kumar Sharma']"
v0_055_india_belarus_joint_call_for_proposals,Akhil Upadhyay,"['Akhil Upadhyay', 'Shubhajit Sadhukhan', 'Pranita P Sarangi', 'Mahua Mukherjee', 'Ashwani Kumar Sharma']"
v0_056_call_for_enrollment_of_desalination_solution_providers,Arindam Biswas,"['Arindam Biswas', 'Millie Pant']"
v0_056_call_for_enrollment_of_desalination_solution_providers,Avlokita Agrawal,"['Avlokita Agrawal', 'Millie Pant', 'Arindam Biswas']"
v0_056_call_for_enrollment_of_desalination_solution_providers,Gaurav Raheja,"['Gaurav Raheja', 'Millie Pant', 'Arindam Biswas']"
v0_056_call_for_enrollment_of_desalination_solution_providers,Harshit Sosan Lakra,"['Harshit Sosan Lakra', 'Millie Pant', 'Arindam Biswas']"
v0_056_call_for_enrollment_of_desalination_solution_providers,Mahua Mukherjee,"['Mahua Mukherjee', 'Millie Pant', 'Arindam Biswas']"
v0_056_call_for_enrollment_of_desalination_solution_providers,Prabhjot Singh Chani,"['Prabhjot Singh Chani', 'Millie Pant', 'Arindam Biswas']"
v0_056_call_for_enrollment_of_desalination_solution_providers,E Rajasekar,"['E Rajasekar', 'Millie Pant', 'Arindam Biswas']"
v0_056_call_for_enrollment_of_desalination_solution_providers,Ram Sateesh Pasupuleti,"['Ram Sateesh Pasupuleti', 'Millie Pant', 'Arindam Biswas']"
v0_056_call_for_enrollment_of_desalination_solution_providers,Saptarshi Kolay,"['Saptarshi Kolay', 'Millie Pant', 'Arindam Biswas']"
v0_056_call_for_enrollment_of_desalination_solution_providers,Shubhajit Sadhukhan,"['Shubhajit Sadhukhan', 'Millie Pant', 'Arindam Biswas']"
v0_056_call_for_enrollment_of_desalination_solution_providers,Smriti Saraswat,"['Smriti Saraswat', 'Millie Pant', 'Arindam Biswas']"
v0_056_call_for_enrollment_of_desalination_solution_providers,Sonal Atreya,"['Sonal Atreya', 'Millie Pant', 'Arindam Biswas']"
v0_056_call_for_enrollment_of_desalination_solution_providers,Tina Pujara,"['Tina Pujara', 'Millie Pant', 'Arindam Biswas']"
v0_056_call_for_enrollment_of_desalination_solution_providers,Uttam Kumar Roy,"['Uttam Kumar Roy', 'Millie Pant', 'Arindam Biswas']"
v0_056_call_for_enrollment_of_desalination_solution_providers,V Devadas,"['V Devadas', 'Millie Pant', 'Arindam Biswas']"
v0_056_call_for_enrollment_of_desalination_solution_providers,Jaydev Dabas,"['Jaydev Dabas', 'Millie Pant', 'Arindam Biswas']"
v0_056_call_for_enrollment_of_desalination_solution_providers,Millie Pant,"['Millie Pant', 'Arindam Biswas']"
v0_056_call_for_enrollment_of_desalination_solution_providers,Rajan Arora,"['Rajan Arora', 'Millie Pant', 'Arindam Biswas']"
v0_056_call_for_enrollment_of_desalination_solution_providers,Ashwani Kumar Sharma,"['Ashwani Kumar Sharma', 'Millie Pant', 'Arindam Biswas']"
v0_056_call_for_enrollment_of_desalination_solution_providers,Bijan Choudhury,"['Bijan Choudhury', 'Millie Pant', 'Arindam Biswas']"
v0_056_call_for_enrollment_of_desalination_solution_providers,Debabrata Sircar,"['Debabrata Sircar', 'Millie Pant', 'Arindam Biswas']"
v0_056_call_for_enrollment_of_desalination_solution_providers,Deepak Sharma,"['Deepak Sharma', 'Millie Pant', 'Arindam Biswas']"
v0_056_call_for_enrollment_of_desalination_solution_providers,P Gopinath,"['P Gopinath', 'Millie Pant', 'Arindam Biswas']"
v0_056_call_for_enrollment_of_desalination_solution_providers,Harsh Chauhan,"['Harsh Chauhan', 'Millie Pant', 'Arindam Biswas']"
v0_056_call_for_enrollment_of_desalination_solution_providers,Srinivas Kiran Ambatipudi,"['Srinivas Kiran Ambatipudi', 'Millie Pant', 'Arindam Biswas']"
v0_056_call_for_enrollment_of_desalination_solution_providers,Krishna Mohan Poluri,"['Krishna Mohan Poluri', 'Millie Pant', 'Arindam Biswas']"
v0_056_call_for_enrollment_of_desalination_solution_providers,Maya S.Nair,"['Maya S.Nair', 'Millie Pant', 'Arindam Biswas']"
v0_056_call_for_enrollment_of_desalination_solution_providers,N K Navani,"['N K Navani', 'Millie Pant', 'Arindam Biswas']"
v0_056_call_for_enrollment_of_desalination_solution_providers,Partha Roy,"['Partha Roy', 'Millie Pant', 'Arindam Biswas']"
v0_056_call_for_enrollment_of_desalination_solution_providers,Poonam Choudhary,"['Poonam Choudhary', 'Millie Pant', 'Arindam Biswas']"
v0_056_call_for_enrollment_of_desalination_solution_providers,Prabhat Kumar Mandal,"['Prabhat Kumar Mandal', 'Millie Pant', 'Arindam Biswas']"
v0_056_call_for_enrollment_of_desalination_solution_providers,Pranita P Sarangi,"['Pranita P Sarangi', 'Millie Pant', 'Arindam Biswas']"
v0_056_call_for_enrollment_of_desalination_solution_providers,Pravindra Kumar,"['Pravindra Kumar', 'Millie Pant', 'Arindam Biswas']"
v0_056_call_for_enrollment_of_desalination_solution_providers,Prince Tiwari,"['Prince Tiwari', 'Millie Pant', 'Arindam Biswas']"
v0_056_call_for_enrollment_of_desalination_solution_providers,R. P. Singh,"['R. P. Singh', 'Millie Pant', 'Arindam Biswas']"
v0_056_call_for_enrollment_of_desalination_solution_providers,Ramasare Prasad,"['Ramasare Prasad', 'Millie Pant', 'Arindam Biswas']"
v0_056_call_for_enrollment_of_desalination_solution_providers,Ranjana Pathania,"['Ranjana Pathania', 'Millie Pant', 'Arindam Biswas']"
v0_056_call_for_enrollment_of_desalination_solution_providers,Sanjoy Ghosh,"['Sanjoy Ghosh', 'Millie Pant', 'Arindam Biswas']"
v0_056_call_for_enrollment_of_desalination_solution_providers,Saugata Hazra,"['Saugata Hazra', 'Millie Pant', 'Arindam Biswas']"
v0_056_call_for_enrollment_of_desalination_solution_providers,Shailly Tomar,"['Shailly Tomar', 'Millie Pant', 'Arindam Biswas']"
v0_056_call_for_enrollment_of_desalination_solution_providers,Shri Ram Yadav,"['Shri Ram Yadav', 'Millie Pant', 'Arindam Biswas']"
v0_056_call_for_enrollment_of_desalination_solution_providers,Soma Rohatgi,"['Soma Rohatgi', 'Millie Pant', 'Arindam Biswas']"
v0_056_call_for_enrollment_of_desalination_solution_providers,Sachin Suresh Tiwari,"['Sachin Suresh Tiwari', 'Millie Pant', 'Arindam Biswas']"
v0_056_call_for_enrollment_of_desalination_solution_providers,Jitin Singla,"['Jitin Singla', 'Millie Pant', 'Arindam Biswas']"
v0_056_call_for_enrollment_of_desalination_solution_providers,Rajesh Kumar,"['Rajesh Kumar', 'Millie Pant', 'Arindam Biswas']"
v0_056_call_for_enrollment_of_desalination_solution_providers,Akhil Upadhyay,"['Akhil Upadhyay', 'Millie Pant', 'Arindam Biswas']"
v0_057_india_japan_cooperative_science_programme_ijcsp,Arindam Biswas,"['Arindam Biswas', 'Uttam Kumar Roy', 'Ram Sateesh Pasupuleti', 'Pranita P Sarangi', 'Partha Roy']"
v0_057_india_japan_cooperative_science_programme_ijcsp,Avlokita Agrawal,"['Avlokita Agrawal', 'Uttam Kumar Roy', 'Ram Sateesh Pasupuleti', 'Pranita P Sarangi', 'Partha Roy']"
v0_057_india_japan_cooperative_science_programme_ijcsp,Gaurav Raheja,"['Gaurav Raheja', 'Uttam Kumar Roy', 'Ram Sateesh Pasupuleti', 'Pranita P Sarangi', 'Partha Roy']"
v0_057_india_japan_cooperative_science_programme_ijcsp,Harshit Sosan Lakra,"['Harshit Sosan Lakra', 'Uttam Kumar Roy', 'Ram Sateesh Pasupuleti', 'Pranita P Sarangi', 'Partha Roy']"
v0_057_india_japan_cooperative_science_programme_ijcsp,Mahua Mukherjee,"['Mahua Mukherjee', 'Uttam Kumar Roy', 'Ram Sateesh Pasupuleti', 'Pranita P Sarangi', 'Partha Roy']"
v0_057_india_japan_cooperative_science_programme_ijcsp,Prabhjot Singh Chani,"['Prabhjot Singh Chani', 'Uttam Kumar Roy', 'Ram Sateesh Pasupuleti', 'Pranita P Sarangi', 'Partha Roy']"
v0_057_india_japan_cooperative_science_programme_ijcsp,E Rajasekar,"['E Rajasekar', 'Uttam Kumar Roy', 'Ram Sateesh Pasupuleti', 'Pranita P Sarangi', 'Partha Roy']"
v0_057_india_japan_cooperative_science_programme_ijcsp,Ram Sateesh Pasupuleti,"['Ram Sateesh Pasupuleti', 'Uttam Kumar Roy', 'Pranita P Sarangi', 'Partha Roy', 'Harsh Chauhan']"
v0_057_india_japan_cooperative_science_programme_ijcsp,Saptarshi Kolay,"['Saptarshi Kolay', 'Uttam Kumar Roy', 'Ram Sateesh Pasupuleti', 'Pranita P Sarangi', 'Partha Roy']"
v0_057_india_japan_cooperative_science_programme_ijcsp,Shubhajit Sadhukhan,"['Shubhajit Sadhukhan', 'Uttam Kumar Roy', 'Ram Sateesh Pasupuleti', 'Pranita P Sarangi', 'Partha Roy']"
v0_057_india_japan_cooperative_science_programme_ijcsp,Smriti Saraswat,"['Smriti Saraswat', 'Uttam Kumar Roy', 'Ram Sateesh Pasupuleti', 'Pranita P Sarangi', 'Partha Roy']"
v0_057_india_japan_cooperative_science_programme_ijcsp,Sonal Atreya,"['Sonal Atreya', 'Uttam Kumar Roy', 'Ram Sateesh Pasupuleti', 'Pranita P Sarangi', 'Partha Roy']"
v0_057_india_japan_cooperative_science_programme_ijcsp,Tina Pujara,"['Tina Pujara', 'Uttam Kumar Roy', 'Ram Sateesh Pasupuleti', 'Pranita P Sarangi', 'Partha Roy']"
v0_057_india_japan_cooperative_science_programme_ijcsp,Uttam Kumar Roy,"['Uttam Kumar Roy', 'Ram Sateesh Pasupuleti', 'Pranita P Sarangi', 'Partha Roy', 'Harsh Chauhan']"
v0_057_india_japan_cooperative_science_programme_ijcsp,V Devadas,"['V Devadas', 'Uttam Kumar Roy', 'Ram Sateesh Pasupuleti', 'Pranita P Sarangi', 'Partha Roy']"
v0_057_india_japan_cooperative_science_programme_ijcsp,Jaydev Dabas,"['Jaydev Dabas', 'Uttam Kumar Roy', 'Ram Sateesh Pasupuleti', 'Pranita P Sarangi', 'Partha Roy']"
v0_057_india_japan_cooperative_science_programme_ijcsp,Millie Pant,"['Millie Pant', 'Uttam Kumar Roy', 'Ram Sateesh Pasupuleti', 'Pranita P Sarangi', 'Partha Roy']"
v0_057_india_japan_cooperative_science_programme_ijcsp,Rajan Arora,"['Rajan Arora', 'Uttam Kumar Roy', 'Ram Sateesh Pasupuleti', 'Pranita P Sarangi', 'Partha Roy']"
v0_057_india_japan_cooperative_science_programme_ijcsp,Ashwani Kumar Sharma,"['Ashwani Kumar Sharma', 'Uttam Kumar Roy', 'Ram Sateesh Pasupuleti', 'Pranita P Sarangi', 'Partha Roy']"
v0_057_india_japan_cooperative_science_programme_ijcsp,Bijan Choudhury,"['Bijan Choudhury', 'Uttam Kumar Roy', 'Ram Sateesh Pasupuleti', 'Pranita P Sarangi', 'Partha Roy']"
v0_057_india_japan_cooperative_science_programme_ijcsp,Debabrata Sircar,"['Debabrata Sircar', 'Uttam Kumar Roy', 'Ram Sateesh Pasupuleti', 'Pranita P Sarangi', 'Partha Roy']"
v0_057_india_japan_cooperative_science_programme_ijcsp,Deepak Sharma,"['Deepak Sharma', 'Uttam Kumar Roy', 'Ram Sateesh Pasupuleti', 'Pranita P Sarangi', 'Partha Roy']"
v0_057_india_japan_cooperative_science_programme_ijcsp,P Gopinath,"['P Gopinath', 'Uttam Kumar Roy', 'Ram Sateesh Pasupuleti', 'Pranita P Sarangi', 'Partha Roy']"
v0_057_india_japan_cooperative_science_programme_ijcsp,Harsh Chauhan,"['Harsh Chauhan', 'Uttam Kumar Roy', 'Ram Sateesh Pasupuleti', 'Pranita P Sarangi', 'Partha Roy']"
v0_057_india_japan_cooperative_science_programme_ijcsp,Srinivas Kiran Ambatipudi,"['Srinivas Kiran Ambatipudi', 'Uttam Kumar Roy', 'Ram Sateesh Pasupuleti', 'Pranita P Sarangi', 'Partha Roy']"
v0_057_india_japan_cooperative_science_programme_ijcsp,Krishna Mohan Poluri,"['Krishna Mohan Poluri', 'Uttam Kumar Roy', 'Ram Sateesh Pasupuleti', 'Pranita P Sarangi', 'Partha Roy']"
v0_057_india_japan_cooperative_science_programme_ijcsp,Maya S.Nair,"['Maya S.Nair', 'Uttam Kumar Roy', 'Ram Sateesh Pasupuleti', 'Pranita P Sarangi', 'Partha Roy']"
v0_057_india_japan_cooperative_science_programme_ijcsp,N K Navani,"['N K Navani', 'Uttam Kumar Roy', 'Ram Sateesh Pasupuleti', 'Pranita P Sarangi', 'Partha Roy']"
v0_057_india_japan_cooperative_science_programme_ijcsp,Partha Roy,"['Partha Roy', 'Uttam Kumar Roy', 'Ram Sateesh Pasupuleti', 'Pranita P Sarangi', 'Harsh Chauhan']"
v0_057_india_japan_cooperative_science_programme_ijcsp,Poonam Choudhary,"['Poonam Choudhary', 'Uttam Kumar Roy', 'Ram Sateesh Pasupuleti', 'Pranita P Sarangi', 'Partha Roy']"
v0_057_india_japan_cooperative_science_programme_ijcsp,Prabhat Kumar Mandal,"['Prabhat Kumar Mandal', 'Uttam Kumar Roy', 'Ram Sateesh Pasupuleti', 'Pranita P Sarangi', 'Partha Roy']"
v0_057_india_japan_cooperative_science_programme_ijcsp,Pranita P Sarangi,"['Pranita P Sarangi', 'Uttam Kumar Roy', 'Ram Sateesh Pasupuleti', 'Partha Roy', 'Harsh Chauhan']"
v0_057_india_japan_cooperative_science_programme_ijcsp,Pravindra Kumar,"['Pravindra Kumar', 'Uttam Kumar Roy', 'Ram Sateesh Pasupuleti', 'Pranita P Sarangi', 'Partha Roy']"
v0_057_india_japan_cooperative_science_programme_ijcsp,Prince Tiwari,"['Prince Tiwari', 'Uttam Kumar Roy', 'Ram Sateesh Pasupuleti', 'Pranita P Sarangi', 'Partha Roy']"
v0_057_india_japan_cooperative_science_programme_ijcsp,R. P. Singh,"['R. P. Singh', 'Uttam Kumar Roy', 'Ram Sateesh Pasupuleti', 'Pranita P Sarangi', 'Partha Roy']"
v0_057_india_japan_cooperative_science_programme_ijcsp,Ramasare Prasad,"['Ramasare Prasad', 'Uttam Kumar Roy', 'Ram Sateesh Pasupuleti', 'Pranita P Sarangi', 'Partha Roy']"
v0_057_india_japan_cooperative_science_programme_ijcsp,Ranjana Pathania,"['Ranjana Pathania', 'Uttam Kumar Roy', 'Ram Sateesh Pasupuleti', 'Pranita P Sarangi', 'Partha Roy']"
v0_057_india_japan_cooperative_science_programme_ijcsp,Sanjoy Ghosh,"['Sanjoy Ghosh', 'Uttam Kumar Roy', 'Ram Sateesh Pasupuleti', 'Pranita P Sarangi', 'Partha Roy']"
v0_057_india_japan_cooperative_science_programme_ijcsp,Saugata Hazra,"['Saugata Hazra', 'Uttam Kumar Roy', 'Ram Sateesh Pasupuleti', 'Pranita P Sarangi', 'Partha Roy']"
v0_057_india_japan_cooperative_science_programme_ijcsp,Shailly Tomar,"['Shailly Tomar', 'Uttam Kumar Roy', 'Ram Sateesh Pasupuleti', 'Pranita P Sarangi', 'Partha Roy']"
v0_057_india_japan_cooperative_science_programme_ijcsp,Shri Ram Yadav,"['Shri Ram Yadav', 'Uttam Kumar Roy', 'Ram Sateesh Pasupuleti', 'Pranita P Sarangi', 'Partha Roy']"
v0_057_india_japan_cooperative_science_programme_ijcsp,Soma Rohatgi,"['Soma Rohatgi', 'Uttam Kumar Roy', 'Ram Sateesh Pasupuleti', 'Pranita P Sarangi', 'Partha Roy']"
v0_057_india_japan_cooperative_science_programme_ijcsp,Sachin Suresh Tiwari,"['Sachin Suresh Tiwari', 'Uttam Kumar Roy', 'Ram Sateesh Pasupuleti', 'Pranita P Sarangi', 'Partha Roy']"
v0_057_india_japan_cooperative_science_programme_ijcsp,Jitin Singla,"['Jitin Singla', 'Uttam Kumar Roy', 'Ram Sateesh Pasupuleti', 'Pranita P Sarangi', 'Partha Roy']"
v0_057_india_japan_cooperative_science_programme_ijcsp,Rajesh Kumar,"['Rajesh Kumar', 'Uttam Kumar Roy', 'Ram Sateesh Pasupuleti', 'Pranita P Sarangi', 'Partha Roy']"
v0_057_india_japan_cooperative_science_programme_ijcsp,Akhil Upadhyay,"['Akhil Upadhyay', 'Uttam Kumar Roy', 'Ram Sateesh Pasupuleti', 'Pranita P Sarangi', 'Partha Roy']"
v0_058_dst_nwo_joint_call_on_urban_water_systems,Arindam Biswas,"['Arindam Biswas', 'Shailly Tomar', 'R. P. Singh', 'Prince Tiwari', 'N K Navani']"
v0_058_dst_nwo_joint_call_on_urban_water_systems,Avlokita Agrawal,"['Avlokita Agrawal', 'Shailly Tomar', 'R. P. Singh', 'Prince Tiwari', 'N K Navani']"
v0_058_dst_nwo_joint_call_on_urban_water_systems,Gaurav Raheja,"['Gaurav Raheja', 'Shailly Tomar', 'R. P. Singh', 'Prince Tiwari', 'N K Navani']"
v0_058_dst_nwo_joint_call_on_urban_water_systems,Harshit Sosan Lakra,"['Harshit Sosan Lakra', 'Shailly Tomar', 'R. P. Singh', 'Prince Tiwari', 'N K Navani']"
v0_058_dst_nwo_joint_call_on_urban_water_systems,Mahua Mukherjee,"['Mahua Mukherjee', 'Shailly Tomar', 'R. P. Singh', 'Prince Tiwari', 'N K Navani']"
v0_058_dst_nwo_joint_call_on_urban_water_systems,Prabhjot Singh Chani,"['Prabhjot Singh Chani', 'Shailly Tomar', 'R. P. Singh', 'Prince Tiwari', 'N K Navani']"
v0_058_dst_nwo_joint_call_on_urban_water_systems,E Rajasekar,"['E Rajasekar', 'Shailly Tomar', 'R. P. Singh', 'Prince Tiwari', 'N K Navani']"
v0_058_dst_nwo_joint_call_on_urban_water_systems,Ram Sateesh Pasupuleti,"['Ram Sateesh Pasupuleti', 'Shailly Tomar', 'R. P. Singh', 'Prince Tiwari', 'N K Navani']"
v0_058_dst_nwo_joint_call_on_urban_water_systems,Saptarshi Kolay,"['Saptarshi Kolay', 'Shailly Tomar', 'R. P. Singh', 'Prince Tiwari', 'N K Navani']"
v0_058_dst_nwo_joint_call_on_urban_water_systems,Shubhajit Sadhukhan,"['Shubhajit Sadhukhan', 'Shailly Tomar', 'R. P. Singh', 'Prince Tiwari', 'N K Navani']"
v0_058_dst_nwo_joint_call_on_urban_water_systems,Smriti Saraswat,"['Smriti Saraswat', 'Shailly Tomar', 'R. P. Singh', 'Prince Tiwari', 'N K Navani']"
v0_058_dst_nwo_joint_call_on_urban_water_systems,Sonal Atreya,"['Sonal Atreya', 'Shailly Tomar', 'R. P. Singh', 'Prince Tiwari', 'N K Navani']"
v0_058_dst_nwo_joint_call_on_urban_water_systems,Tina Pujara,"['Tina Pujara', 'Shailly Tomar', 'R. P. Singh', 'Prince Tiwari', 'N K Navani']"
v0_058_dst_nwo_joint_call_on_urban_water_systems,Uttam Kumar Roy,"['Uttam Kumar Roy', 'Shailly Tomar', 'R. P. Singh', 'Prince Tiwari', 'N K Navani']"
v0_058_dst_nwo_joint_call_on_urban_water_systems,V Devadas,"['V Devadas', 'Shailly Tomar', 'R. P. Singh', 'Prince Tiwari', 'N K Navani']"
v0_058_dst_nwo_joint_call_on_urban_water_systems,Jaydev Dabas,"['Jaydev Dabas', 'Shailly Tomar', 'R. P. Singh', 'Prince Tiwari', 'N K Navani']"
v0_058_dst_nwo_joint_call_on_urban_water_systems,Millie Pant,"['Millie Pant', 'Shailly Tomar', 'R. P. Singh', 'Prince Tiwari', 'N K Navani']"
v0_058_dst_nwo_joint_call_on_urban_water_systems,Rajan Arora,"['Rajan Arora', 'Shailly Tomar', 'R. P. Singh', 'Prince Tiwari', 'N K Navani']"
v0_058_dst_nwo_joint_call_on_urban_water_systems,Ashwani Kumar Sharma,"['Ashwani Kumar Sharma', 'Shailly Tomar', 'R. P. Singh', 'Prince Tiwari', 'N K Navani']"
v0_058_dst_nwo_joint_call_on_urban_water_systems,Bijan Choudhury,"['Bijan Choudhury', 'Shailly Tomar', 'R. P. Singh', 'Prince Tiwari', 'N K Navani']"
v0_058_dst_nwo_joint_call_on_urban_water_systems,Debabrata Sircar,"['Debabrata Sircar', 'Shailly Tomar', 'R. P. Singh', 'Prince Tiwari', 'N K Navani']"
v0_058_dst_nwo_joint_call_on_urban_water_systems,Deepak Sharma,"['Deepak Sharma', 'Shailly Tomar', 'R. P. Singh', 'Prince Tiwari', 'N K Navani']"
v0_058_dst_nwo_joint_call_on_urban_water_systems,P Gopinath,"['P Gopinath', 'Shailly Tomar', 'R. P. Singh', 'Prince Tiwari', 'N K Navani']"
v0_058_dst_nwo_joint_call_on_urban_water_systems,Harsh Chauhan,"['Harsh Chauhan', 'Shailly Tomar', 'R. P. Singh', 'Prince Tiwari', 'N K Navani']"
v0_058_dst_nwo_joint_call_on_urban_water_systems,Srinivas Kiran Ambatipudi,"['Srinivas Kiran Ambatipudi', 'Shailly Tomar', 'R. P. Singh', 'Prince Tiwari', 'N K Navani']"
v0_058_dst_nwo_joint_call_on_urban_water_systems,Krishna Mohan Poluri,"['Krishna Mohan Poluri', 'Shailly Tomar', 'R. P. Singh', 'Prince Tiwari', 'N K Navani']"
v0_058_dst_nwo_joint_call_on_urban_water_systems,Maya S.Nair,"['Maya S.Nair', 'Shailly Tomar', 'R. P. Singh', 'Prince Tiwari', 'N K Navani']"
v0_058_dst_nwo_joint_call_on_urban_water_systems,N K Navani,"['N K Navani', 'Shailly Tomar', 'R. P. Singh', 'Prince Tiwari', 'Millie Pant']"
v0_058_dst_nwo_joint_call_on_urban_water_systems,Partha Roy,"['Partha Roy', 'Shailly Tomar', 'R. P. Singh', 'Prince Tiwari', 'N K Navani']"
v0_058_dst_nwo_joint_call_on_urban_water_systems,Poonam Choudhary,"['Poonam Choudhary', 'Shailly Tomar', 'R. P. Singh', 'Prince Tiwari', 'N K Navani']"
v0_058_dst_nwo_joint_call_on_urban_water_systems,Prabhat Kumar Mandal,"['Prabhat Kumar Mandal', 'Shailly Tomar', 'R. P. Singh', 'Prince Tiwari', 'N K Navani']"
v0_058_dst_nwo_joint_call_on_urban_water_systems,Pranita P Sarangi,"['Pranita P Sarangi', 'Shailly Tomar', 'R. P. Singh', 'Prince Tiwari', 'N K Navani']"
v0_058_dst_nwo_joint_call_on_urban_water_systems,Pravindra Kumar,"['Pravindra Kumar', 'Shailly Tomar', 'R. P. Singh', 'Prince Tiwari', 'N K Navani']"
v0_058_dst_nwo_joint_call_on_urban_water_systems,Prince Tiwari,"['Prince Tiwari', 'Shailly Tomar', 'R. P. Singh', 'N K Navani', 'Millie Pant']"
v0_058_dst_nwo_joint_call_on_urban_water_systems,R. P. Singh,"['R. P. Singh', 'Shailly Tomar', 'Prince Tiwari', 'N K Navani', 'Millie Pant']"
v0_058_dst_nwo_joint_call_on_urban_water_systems,Ramasare Prasad,"['Ramasare Prasad', 'Shailly Tomar', 'R. P. Singh', 'Prince Tiwari', 'N K Navani']"
v0_058_dst_nwo_joint_call_on_urban_water_systems,Ranjana Pathania,"['Ranjana Pathania', 'Shailly Tomar', 'R. P. Singh', 'Prince Tiwari', 'N K Navani']"
v0_058_dst_nwo_joint_call_on_urban_water_systems,Sanjoy Ghosh,"['Sanjoy Ghosh', 'Shailly Tomar', 'R. P. Singh', 'Prince Tiwari', 'N K Navani']"
v0_058_dst_nwo_joint_call_on_urban_water_systems,Saugata Hazra,"['Saugata Hazra', 'Shailly Tomar', 'R. P. Singh', 'Prince Tiwari', 'N K Navani']"
v0_058_dst_nwo_joint_call_on_urban_water_systems,Shailly Tomar,"['Shailly Tomar', 'R. P. Singh', 'Prince Tiwari', 'N K Navani', 'Millie Pant']"
v0_058_dst_nwo_joint_call_on_urban_water_systems,Shri Ram Yadav,"['Shri Ram Yadav', 'Shailly Tomar', 'R. P. Singh', 'Prince Tiwari', 'N K Navani']"
v0_058_dst_nwo_joint_call_on_urban_water_systems,Soma Rohatgi,"['Soma Rohatgi', 'Shailly Tomar', 'R. P. Singh', 'Prince Tiwari', 'N K Navani']"
v0_058_dst_nwo_joint_call_on_urban_water_systems,Sachin Suresh Tiwari,"['Sachin Suresh Tiwari', 'Shailly Tomar', 'R. P. Singh', 'Prince Tiwari', 'N K Navani']"
v0_058_dst_nwo_joint_call_on_urban_water_systems,Jitin Singla,"['Jitin Singla', 'Shailly Tomar', 'R. P. Singh', 'Prince Tiwari', 'N K Navani']"
v0_058_dst_nwo_joint_call_on_urban_water_systems,Rajesh Kumar,"['Rajesh Kumar', 'Shailly Tomar', 'R. P. Singh', 'Prince Tiwari', 'N K Navani']"
v0_058_dst_nwo_joint_call_on_urban_water_systems,Akhil Upadhyay,"['Akhil Upadhyay', 'Shailly Tomar', 'R. P. Singh', 'Prince Tiwari', 'N K Navani']"
v0_059_indo_russian_joint_research_call_for_proposals_2018,Arindam Biswas,"['Arindam Biswas', 'N K Navani', 'Krishna Mohan Poluri', 'Jaydev Dabas', 'Harsh Chauhan']"
v0_059_indo_russian_joint_research_call_for_proposals_2018,Avlokita Agrawal,"['Avlokita Agrawal', 'N K Navani', 'Krishna Mohan Poluri', 'Jaydev Dabas', 'Harsh Chauhan']"
v0_059_indo_russian_joint_research_call_for_proposals_2018,Gaurav Raheja,"['Gaurav Raheja', 'N K Navani', 'Krishna Mohan Poluri', 'Jaydev Dabas', 'Harsh Chauhan']"
v0_059_indo_russian_joint_research_call_for_proposals_2018,Harshit Sosan Lakra,"['Harshit Sosan Lakra', 'N K Navani', 'Krishna Mohan Poluri', 'Jaydev Dabas', 'Harsh Chauhan']"
v0_059_indo_russian_joint_research_call_for_proposals_2018,Mahua Mukherjee,"['Mahua Mukherjee', 'N K Navani', 'Krishna Mohan Poluri', 'Jaydev Dabas', 'Harsh Chauhan']"
v0_059_indo_russian_joint_research_call_for_proposals_2018,Prabhjot Singh Chani,"['Prabhjot Singh Chani', 'N K Navani', 'Krishna Mohan Poluri', 'Jaydev Dabas', 'Harsh Chauhan']"
v0_059_indo_russian_joint_research_call_for_proposals_2018,E Rajasekar,"['E Rajasekar', 'N K Navani', 'Krishna Mohan Poluri', 'Jaydev Dabas', 'Harsh Chauhan']"
v0_059_indo_russian_joint_research_call_for_proposals_2018,Ram Sateesh Pasupuleti,"['Ram Sateesh Pasupuleti', 'N K Navani', 'Krishna Mohan Poluri', 'Jaydev Dabas', 'Harsh Chauhan']"
v0_059_indo_russian_joint_research_call_for_proposals_2018,Saptarshi Kolay,"['Saptarshi Kolay', 'N K Navani', 'Krishna Mohan Poluri', 'Jaydev Dabas', 'Harsh Chauhan']"
v0_059_indo_russian_joint_research_call_for_proposals_2018,Shubhajit Sadhukhan,"['Shubhajit Sadhukhan', 'N K Navani', 'Krishna Mohan Poluri', 'Jaydev Dabas', 'Harsh Chauhan']"
v0_059_indo_russian_joint_research_call_for_proposals_2018,Smriti Saraswat,"['Smriti Saraswat', 'N K Navani', 'Krishna Mohan Poluri', 'Jaydev Dabas', 'Harsh Chauhan']"
v0_059_indo_russian_joint_research_call_for_proposals_2018,Sonal Atreya,"['Sonal Atreya', 'N K Navani', 'Krishna Mohan Poluri', 'Jaydev Dabas', 'Harsh Chauhan']"
v0_059_indo_russian_joint_research_call_for_proposals_2018,Tina Pujara,"['Tina Pujara', 'N K Navani', 'Krishna Mohan Poluri', 'Jaydev Dabas', 'Harsh Chauhan']"
v0_059_indo_russian_joint_research_call_for_proposals_2018,Uttam Kumar Roy,"['Uttam Kumar Roy', 'N K Navani', 'Krishna Mohan Poluri', 'Jaydev Dabas', 'Harsh Chauhan']"
v0_059_indo_russian_joint_research_call_for_proposals_2018,V Devadas,"['V Devadas', 'N K Navani', 'Krishna Mohan Poluri', 'Jaydev Dabas', 'Harsh Chauhan']"
v0_059_indo_russian_joint_research_call_for_proposals_2018,Jaydev Dabas,"['Jaydev Dabas', 'N K Navani', 'Krishna Mohan Poluri', 'Harsh Chauhan', 'Ashwani Kumar Sharma']"
v0_059_indo_russian_joint_research_call_for_proposals_2018,Millie Pant,"['Millie Pant', 'N K Navani', 'Krishna Mohan Poluri', 'Jaydev Dabas', 'Harsh Chauhan']"
v0_059_indo_russian_joint_research_call_for_proposals_2018,Rajan Arora,"['Rajan Arora', 'N K Navani', 'Krishna Mohan Poluri', 'Jaydev Dabas', 'Harsh Chauhan']"
v0_059_indo_russian_joint_research_call_for_proposals_2018,Ashwani Kumar Sharma,"['Ashwani Kumar Sharma', 'N K Navani', 'Krishna Mohan Poluri', 'Jaydev Dabas', 'Harsh Chauhan']"
v0_059_indo_russian_joint_research_call_for_proposals_2018,Bijan Choudhury,"['Bijan Choudhury', 'N K Navani', 'Krishna Mohan Poluri', 'Jaydev Dabas', 'Harsh Chauhan']"
v0_059_indo_russian_joint_research_call_for_proposals_2018,Debabrata Sircar,"['Debabrata Sircar', 'N K Navani', 'Krishna Mohan Poluri', 'Jaydev Dabas', 'Harsh Chauhan']"
v0_059_indo_russian_joint_research_call_for_proposals_2018,Deepak Sharma,"['Deepak Sharma', 'N K Navani', 'Krishna Mohan Poluri', 'Jaydev Dabas', 'Harsh Chauhan']"
v0_059_indo_russian_joint_research_call_for_proposals_2018,P Gopinath,"['P Gopinath', 'N K Navani', 'Krishna Mohan Poluri', 'Jaydev Dabas', 'Harsh Chauhan']"
v0_059_indo_russian_joint_research_call_for_proposals_2018,Harsh Chauhan,"['Harsh Chauhan', 'N K Navani', 'Krishna Mohan Poluri', 'Jaydev Dabas', 'Ashwani Kumar Sharma']"
v0_059_indo_russian_joint_research_call_for_proposals_2018,Srinivas Kiran Ambatipudi,"['Srinivas Kiran Ambatipudi', 'N K Navani', 'Krishna Mohan Poluri', 'Jaydev Dabas', 'Harsh Chauhan']"
v0_059_indo_russian_joint_research_call_for_proposals_2018,Krishna Mohan Poluri,"['Krishna Mohan Poluri', 'N K Navani', 'Jaydev Dabas', 'Harsh Chauhan', 'Ashwani Kumar Sharma']"
v0_059_indo_russian_joint_research_call_for_proposals_2018,Maya S.Nair,"['Maya S.Nair', 'N K Navani', 'Krishna Mohan Poluri', 'Jaydev Dabas', 'Harsh Chauhan']"
v0_059_indo_russian_joint_research_call_for_proposals_2018,N K Navani,"['N K Navani', 'Krishna Mohan Poluri', 'Jaydev Dabas', 'Harsh Chauhan', 'Ashwani Kumar Sharma']"
v0_059_indo_russian_joint_research_call_for_proposals_2018,Partha Roy,"['Partha Roy', 'N K Navani', 'Krishna Mohan Poluri', 'Jaydev Dabas', 'Harsh Chauhan']"
v0_059_indo_russian_joint_research_call_for_proposals_2018,Poonam Choudhary,"['Poonam Choudhary', 'N K Navani', 'Krishna Mohan Poluri', 'Jaydev Dabas', 'Harsh Chauhan']"
v0_059_indo_russian_joint_research_call_for_proposals_2018,Prabhat Kumar Mandal,"['Prabhat Kumar Mandal', 'N K Navani', 'Krishna Mohan Poluri', 'Jaydev Dabas', 'Harsh Chauhan']"
v0_059_indo_russian_joint_research_call_for_proposals_2018,Pranita P Sarangi,"['Pranita P Sarangi', 'N K Navani', 'Krishna Mohan Poluri', 'Jaydev Dabas', 'Harsh Chauhan']"
v0_059_indo_russian_joint_research_call_for_proposals_2018,Pravindra Kumar,"['Pravindra Kumar', 'N K Navani', 'Krishna Mohan Poluri', 'Jaydev Dabas', 'Harsh Chauhan']"
v0_059_indo_russian_joint_research_call_for_proposals_2018,Prince Tiwari,"['Prince Tiwari', 'N K Navani', 'Krishna Mohan Poluri', 'Jaydev Dabas', 'Harsh Chauhan']"
v0_059_indo_russian_joint_research_call_for_proposals_2018,R. P. Singh,"['R. P. Singh', 'N K Navani', 'Krishna Mohan Poluri', 'Jaydev Dabas', 'Harsh Chauhan']"
v0_059_indo_russian_joint_research_call_for_proposals_2018,Ramasare Prasad,"['Ramasare Prasad', 'N K Navani', 'Krishna Mohan Poluri', 'Jaydev Dabas', 'Harsh Chauhan']"
v0_059_indo_russian_joint_research_call_for_proposals_2018,Ranjana Pathania,"['Ranjana Pathania', 'N K Navani', 'Krishna Mohan Poluri', 'Jaydev Dabas', 'Harsh Chauhan']"
v0_059_indo_russian_joint_research_call_for_proposals_2018,Sanjoy Ghosh,"['Sanjoy Ghosh', 'N K Navani', 'Krishna Mohan Poluri', 'Jaydev Dabas', 'Harsh Chauhan']"
v0_059_indo_russian_joint_research_call_for_proposals_2018,Saugata Hazra,"['Saugata Hazra', 'N K Navani', 'Krishna Mohan Poluri', 'Jaydev Dabas', 'Harsh Chauhan']"
v0_059_indo_russian_joint_research_call_for_proposals_2018,Shailly Tomar,"['Shailly Tomar', 'N K Navani', 'Krishna Mohan Poluri', 'Jaydev Dabas', 'Harsh Chauhan']"
v0_059_indo_russian_joint_research_call_for_proposals_2018,Shri Ram Yadav,"['Shri Ram Yadav', 'N K Navani', 'Krishna Mohan Poluri', 'Jaydev Dabas', 'Harsh Chauhan']"
v0_059_indo_russian_joint_research_call_for_proposals_2018,Soma Rohatgi,"['Soma Rohatgi', 'N K Navani', 'Krishna Mohan Poluri', 'Jaydev Dabas', 'Harsh Chauhan']"
v0_059_indo_russian_joint_research_call_for_proposals_2018,Sachin Suresh Tiwari,"['Sachin Suresh Tiwari', 'N K Navani', 'Krishna Mohan Poluri', 'Jaydev Dabas', 'Harsh Chauhan']"
v0_059_indo_russian_joint_research_call_for_proposals_2018,Jitin Singla,"['Jitin Singla', 'N K Navani', 'Krishna Mohan Poluri', 'Jaydev Dabas', 'Harsh Chauhan']"
v0_059_indo_russian_joint_research_call_for_proposals_2018,Rajesh Kumar,"['Rajesh Kumar', 'N K Navani', 'Krishna Mohan Poluri', 'Jaydev Dabas', 'Harsh Chauhan']"
v0_059_indo_russian_joint_research_call_for_proposals_2018,Akhil Upadhyay,"['Akhil Upadhyay', 'N K Navani', 'Krishna Mohan Poluri', 'Jaydev Dabas', 'Harsh Chauhan']"
v0_060_funding_opportunity_announcement_foa_in_carbon_capture_innovation_challenge_ic3,Arindam Biswas,"['Arindam Biswas', 'Partha Roy', 'Avlokita Agrawal']"
v0_060_funding_opportunity_announcement_foa_in_carbon_capture_innovation_challenge_ic3,Avlokita Agrawal,"['Avlokita Agrawal', 'Partha Roy']"
v0_060_funding_opportunity_announcement_foa_in_carbon_capture_innovation_challenge_ic3,Gaurav Raheja,"['Gaurav Raheja', 'Partha Roy', 'Avlokita Agrawal']"
v0_060_funding_opportunity_announcement_foa_in_carbon_capture_innovation_challenge_ic3,Harshit Sosan Lakra,"['Harshit Sosan Lakra', 'Partha Roy', 'Avlokita Agrawal']"
v0_060_funding_opportunity_announcement_foa_in_carbon_capture_innovation_challenge_ic3,Mahua Mukherjee,"['Mahua Mukherjee', 'Partha Roy', 'Avlokita Agrawal']"
v0_060_funding_opportunity_announcement_foa_in_carbon_capture_innovation_challenge_ic3,Prabhjot Singh Chani,"['Prabhjot Singh Chani', 'Partha Roy', 'Avlokita Agrawal']"
v0_060_funding_opportunity_announcement_foa_in_carbon_capture_innovation_challenge_ic3,E Rajasekar,"['E Rajasekar', 'Partha Roy', 'Avlokita Agrawal']"
v0_060_funding_opportunity_announcement_foa_in_carbon_capture_innovation_challenge_ic3,Ram Sateesh Pasupuleti,"['Ram Sateesh Pasupuleti', 'Partha Roy', 'Avlokita Agrawal']"
v0_060_funding_opportunity_announcement_foa_in_carbon_capture_innovation_challenge_ic3,Saptarshi Kolay,"['Saptarshi Kolay', 'Partha Roy', 'Avlokita Agrawal']"
v0_060_funding_opportunity_announcement_foa_in_carbon_capture_innovation_challenge_ic3,Shubhajit Sadhukhan,"['Shubhajit Sadhukhan', 'Partha Roy', 'Avlokita Agrawal']"
v0_060_funding_opportunity_announcement_foa_in_carbon_capture_innovation_challenge_ic3,Smriti Saraswat,"['Smriti Saraswat', 'Partha Roy', 'Avlokita Agrawal']"
v0_060_funding_opportunity_announcement_foa_in_carbon_capture_innovation_challenge_ic3,Sonal Atreya,"['Sonal Atreya', 'Partha Roy', 'Avlokita Agrawal']"
v0_060_funding_opportunity_announcement_foa_in_carbon_capture_innovation_challenge_ic3,Tina Pujara,"['Tina Pujara', 'Partha Roy', 'Avlokita Agrawal']"
v0_060_funding_opportunity_announcement_foa_in_carbon_capture_innovation_challenge_ic3,Uttam Kumar Roy,"['Uttam Kumar Roy', 'Partha Roy', 'Avlokita Agrawal']"
v0_060_funding_opportunity_announcement_foa_in_carbon_capture_innovation_challenge_ic3,V Devadas,"['V Devadas', 'Partha Roy', 'Avlokita Agrawal']"
v0_060_funding_opportunity_announcement_foa_in_carbon_capture_innovation_challenge_ic3,Jaydev Dabas,"['Jaydev Dabas', 'Partha Roy', 'Avlokita Agrawal']"
v0_060_funding_opportunity_announcement_foa_in_carbon_capture_innovation_challenge_ic3,Millie Pant,"['Millie Pant', 'Partha Roy', 'Avlokita Agrawal']"
v0_060_funding_opportunity_announcement_foa_in_carbon_capture_innovation_challenge_ic3,Rajan Arora,"['Rajan Arora', 'Partha Roy', 'Avlokita Agrawal']"
v0_060_funding_opportunity_announcement_foa_in_carbon_capture_innovation_challenge_ic3,Ashwani Kumar Sharma,"['Ashwani Kumar Sharma', 'Partha Roy', 'Avlokita Agrawal']"
v0_060_funding_opportunity_announcement_foa_in_carbon_capture_innovation_challenge_ic3,Bijan Choudhury,"['Bijan Choudhury', 'Partha Roy', 'Avlokita Agrawal']"
v0_060_funding_opportunity_announcement_foa_in_carbon_capture_innovation_challenge_ic3,Debabrata Sircar,"['Debabrata Sircar', 'Partha Roy', 'Avlokita Agrawal']"
v0_060_funding_opportunity_announcement_foa_in_carbon_capture_innovation_challenge_ic3,Deepak Sharma,"['Deepak Sharma', 'Partha Roy', 'Avlokita Agrawal']"
v0_060_funding_opportunity_announcement_foa_in_carbon_capture_innovation_challenge_ic3,P Gopinath,"['P Gopinath', 'Partha Roy', 'Avlokita Agrawal']"
v0_060_funding_opportunity_announcement_foa_in_carbon_capture_innovation_challenge_ic3,Harsh Chauhan,"['Harsh Chauhan', 'Partha Roy', 'Avlokita Agrawal']"
v0_060_funding_opportunity_announcement_foa_in_carbon_capture_innovation_challenge_ic3,Srinivas Kiran Ambatipudi,"['Srinivas Kiran Ambatipudi', 'Partha Roy', 'Avlokita Agrawal']"
v0_060_funding_opportunity_announcement_foa_in_carbon_capture_innovation_challenge_ic3,Krishna Mohan Poluri,"['Krishna Mohan Poluri', 'Partha Roy', 'Avlokita Agrawal']"
v0_060_funding_opportunity_announcement_foa_in_carbon_capture_innovation_challenge_ic3,Maya S.Nair,"['Maya S.Nair', 'Partha Roy', 'Avlokita Agrawal']"
v0_060_funding_opportunity_announcement_foa_in_carbon_capture_innovation_challenge_ic3,N K Navani,"['N K Navani', 'Partha Roy', 'Avlokita Agrawal']"
v0_060_funding_opportunity_announcement_foa_in_carbon_capture_innovation_challenge_ic3,Partha Roy,"['Partha Roy', 'Avlokita Agrawal']"
v0_060_funding_opportunity_announcement_foa_in_carbon_capture_innovation_challenge_ic3,Poonam Choudhary,"['Poonam Choudhary', 'Partha Roy', 'Avlokita Agrawal']"
v0_060_funding_opportunity_announcement_foa_in_carbon_capture_innovation_challenge_ic3,Prabhat Kumar Mandal,"['Prabhat Kumar Mandal', 'Partha Roy', 'Avlokita Agrawal']"
v0_060_funding_opportunity_announcement_foa_in_carbon_capture_innovation_challenge_ic3,Pranita P Sarangi,"['Pranita P Sarangi', 'Partha Roy', 'Avlokita Agrawal']"
v0_060_funding_opportunity_announcement_foa_in_carbon_capture_innovation_challenge_ic3,Pravindra Kumar,"['Pravindra Kumar', 'Partha Roy', 'Avlokita Agrawal']"
v0_060_funding_opportunity_announcement_foa_in_carbon_capture_innovation_challenge_ic3,Prince Tiwari,"['Prince Tiwari', 'Partha Roy', 'Avlokita Agrawal']"
v0_060_funding_opportunity_announcement_foa_in_carbon_capture_innovation_challenge_ic3,R. P. Singh,"['R. P. Singh', 'Partha Roy', 'Avlokita Agrawal']"
v0_060_funding_opportunity_announcement_foa_in_carbon_capture_innovation_challenge_ic3,Ramasare Prasad,"['Ramasare Prasad', 'Partha Roy', 'Avlokita Agrawal']"
v0_060_funding_opportunity_announcement_foa_in_carbon_capture_innovation_challenge_ic3,Ranjana Pathania,"['Ranjana Pathania', 'Partha Roy', 'Avlokita Agrawal']"
v0_060_funding_opportunity_announcement_foa_in_carbon_capture_innovation_challenge_ic3,Sanjoy Ghosh,"['Sanjoy Ghosh', 'Partha Roy', 'Avlokita Agrawal']"
v0_060_funding_opportunity_announcement_foa_in_carbon_capture_innovation_challenge_ic3,Saugata Hazra,"['Saugata Hazra', 'Partha Roy', 'Avlokita Agrawal']"
v0_060_funding_opportunity_announcement_foa_in_carbon_capture_innovation_challenge_ic3,Shailly Tomar,"['Shailly Tomar', 'Partha Roy', 'Avlokita Agrawal']"
v0_060_funding_opportunity_announcement_foa_in_carbon_capture_innovation_challenge_ic3,Shri Ram Yadav,"['Shri Ram Yadav', 'Partha Roy', 'Avlokita Agrawal']"
v0_060_funding_opportunity_announcement_foa_in_carbon_capture_innovation_challenge_ic3,Soma Rohatgi,"['Soma Rohatgi', 'Partha Roy', 'Avlokita Agrawal']"
v0_060_funding_opportunity_announcement_foa_in_carbon_capture_innovation_challenge_ic3,Sachin Suresh Tiwari,"['Sachin Suresh Tiwari', 'Partha Roy', 'Avlokita Agrawal']"
v0_060_funding_opportunity_announcement_foa_in_carbon_capture_innovation_challenge_ic3,Jitin Singla,"['Jitin Singla', 'Partha Roy', 'Avlokita Agrawal']"
v0_060_funding_opportunity_announcement_foa_in_carbon_capture_innovation_challenge_ic3,Rajesh Kumar,"['Rajesh Kumar', 'Partha Roy', 'Avlokita Agrawal']"
v0_060_funding_opportunity_announcement_foa_in_carbon_capture_innovation_challenge_ic3,Akhil Upadhyay,"['Akhil Upadhyay', 'Partha Roy', 'Avlokita Agrawal']"
v0_061_call_for_rd_project_proposals_from_indian_pharma_industrynational_laboratoriesacademic_institutions,Arindam Biswas,"['Arindam Biswas', 'V Devadas', 'Poonam Choudhary', 'Partha Roy', 'N K Navani']"
v0_061_call_for_rd_project_proposals_from_indian_pharma_industrynational_laboratoriesacademic_institutions,Avlokita Agrawal,"['Avlokita Agrawal', 'V Devadas', 'Poonam Choudhary', 'Partha Roy', 'N K Navani']"
v0_061_call_for_rd_project_proposals_from_indian_pharma_industrynational_laboratoriesacademic_institutions,Gaurav Raheja,"['Gaurav Raheja', 'V Devadas', 'Poonam Choudhary', 'Partha Roy', 'N K Navani']"
v0_061_call_for_rd_project_proposals_from_indian_pharma_industrynational_laboratoriesacademic_institutions,Harshit Sosan Lakra,"['Harshit Sosan Lakra', 'V Devadas', 'Poonam Choudhary', 'Partha Roy', 'N K Navani']"
v0_061_call_for_rd_project_proposals_from_indian_pharma_industrynational_laboratoriesacademic_institutions,Mahua Mukherjee,"['Mahua Mukherjee', 'V Devadas', 'Poonam Choudhary', 'Partha Roy', 'N K Navani']"
v0_061_call_for_rd_project_proposals_from_indian_pharma_industrynational_laboratoriesacademic_institutions,Prabhjot Singh Chani,"['Prabhjot Singh Chani', 'V Devadas', 'Poonam Choudhary', 'Partha Roy', 'N K Navani']"
v0_061_call_for_rd_project_proposals_from_indian_pharma_industrynational_laboratoriesacademic_institutions,E Rajasekar,"['E Rajasekar', 'V Devadas', 'Poonam Choudhary', 'Partha Roy', 'N K Navani']"
v0_061_call_for_rd_project_proposals_from_indian_pharma_industrynational_laboratoriesacademic_institutions,Ram Sateesh Pasupuleti,"['Ram Sateesh Pasupuleti', 'V Devadas', 'Poonam Choudhary', 'Partha Roy', 'N K Navani']"
v0_061_call_for_rd_project_proposals_from_indian_pharma_industrynational_laboratoriesacademic_institutions,Saptarshi Kolay,"['Saptarshi Kolay', 'V Devadas', 'Poonam Choudhary', 'Partha Roy', 'N K Navani']"
v0_061_call_for_rd_project_proposals_from_indian_pharma_industrynational_laboratoriesacademic_institutions,Shubhajit Sadhukhan,"['Shubhajit Sadhukhan', 'V Devadas', 'Poonam Choudhary', 'Partha Roy', 'N K Navani']"
v0_061_call_for_rd_project_proposals_from_indian_pharma_industrynational_laboratoriesacademic_institutions,Smriti Saraswat,"['Smriti Saraswat', 'V Devadas', 'Poonam Choudhary', 'Partha Roy', 'N K Navani']"
v0_061_call_for_rd_project_proposals_from_indian_pharma_industrynational_laboratoriesacademic_institutions,Sonal Atreya,"['Sonal Atreya', 'V Devadas', 'Poonam Choudhary', 'Partha Roy', 'N K Navani']"
v0_061_call_for_rd_project_proposals_from_indian_pharma_industrynational_laboratoriesacademic_institutions,Tina Pujara,"['Tina Pujara', 'V Devadas', 'Poonam Choudhary', 'Partha Roy', 'N K Navani']"
v0_061_call_for_rd_project_proposals_from_indian_pharma_industrynational_laboratoriesacademic_institutions,Uttam Kumar Roy,"['Uttam Kumar Roy', 'V Devadas', 'Poonam Choudhary', 'Partha Roy', 'N K Navani']"
v0_061_call_for_rd_project_proposals_from_indian_pharma_industrynational_laboratoriesacademic_institutions,V Devadas,"['V Devadas', 'Poonam Choudhary', 'Partha Roy', 'N K Navani', 'Millie Pant']"
v0_061_call_for_rd_project_proposals_from_indian_pharma_industrynational_laboratoriesacademic_institutions,Jaydev Dabas,"['Jaydev Dabas', 'V Devadas', 'Poonam Choudhary', 'Partha Roy', 'N K Navani']"
v0_061_call_for_rd_project_proposals_from_indian_pharma_industrynational_laboratoriesacademic_institutions,Millie Pant,"['Millie Pant', 'V Devadas', 'Poonam Choudhary', 'Partha Roy', 'N K Navani']"
v0_061_call_for_rd_project_proposals_from_indian_pharma_industrynational_laboratoriesacademic_institutions,Rajan Arora,"['Rajan Arora', 'V Devadas', 'Poonam Choudhary', 'Partha Roy', 'N K Navani']"
v0_061_call_for_rd_project_proposals_from_indian_pharma_industrynational_laboratoriesacademic_institutions,Ashwani Kumar Sharma,"['Ashwani Kumar Sharma', 'V Devadas', 'Poonam Choudhary', 'Partha Roy', 'N K Navani']"
v0_061_call_for_rd_project_proposals_from_indian_pharma_industrynational_laboratoriesacademic_institutions,Bijan Choudhury,"['Bijan Choudhury', 'V Devadas', 'Poonam Choudhary', 'Partha Roy', 'N K Navani']"
v0_061_call_for_rd_project_proposals_from_indian_pharma_industrynational_laboratoriesacademic_institutions,Debabrata Sircar,"['Debabrata Sircar', 'V Devadas', 'Poonam Choudhary', 'Partha Roy', 'N K Navani']"
v0_061_call_for_rd_project_proposals_from_indian_pharma_industrynational_laboratoriesacademic_institutions,Deepak Sharma,"['Deepak Sharma', 'V Devadas', 'Poonam Choudhary', 'Partha Roy', 'N K Navani']"
v0_061_call_for_rd_project_proposals_from_indian_pharma_industrynational_laboratoriesacademic_institutions,P Gopinath,"['P Gopinath', 'V Devadas', 'Poonam Choudhary', 'Partha Roy', 'N K Navani']"
v0_061_call_for_rd_project_proposals_from_indian_pharma_industrynational_laboratoriesacademic_institutions,Harsh Chauhan,"['Harsh Chauhan', 'V Devadas', 'Poonam Choudhary', 'Partha Roy', 'N K Navani']"
v0_061_call_for_rd_project_proposals_from_indian_pharma_industrynational_laboratoriesacademic_institutions,Srinivas Kiran Ambatipudi,"['Srinivas Kiran Ambatipudi', 'V Devadas', 'Poonam Choudhary', 'Partha Roy', 'N K Navani']"
v0_061_call_for_rd_project_proposals_from_indian_pharma_industrynational_laboratoriesacademic_institutions,Krishna Mohan Poluri,"['Krishna Mohan Poluri', 'V Devadas', 'Poonam Choudhary', 'Partha Roy', 'N K Navani']"
v0_061_call_for_rd_project_proposals_from_indian_pharma_industrynational_laboratoriesacademic_institutions,Maya S.Nair,"['Maya S.Nair', 'V Devadas', 'Poonam Choudhary', 'Partha Roy', 'N K Navani']"
v0_061_call_for_rd_project_proposals_from_indian_pharma_industrynational_laboratoriesacademic_institutions,N K Navani,"['N K Navani', 'V Devadas', 'Poonam Choudhary', 'Partha Roy', 'Millie Pant']"
v0_061_call_for_rd_project_proposals_from_indian_pharma_industrynational_laboratoriesacademic_institutions,Partha Roy,"['Partha Roy', 'V Devadas', 'Poonam Choudhary', 'N K Navani', 'Millie Pant']"
v0_061_call_for_rd_project_proposals_from_indian_pharma_industrynational_laboratoriesacademic_institutions,Poonam Choudhary,"['Poonam Choudhary', 'V Devadas', 'Partha Roy', 'N K Navani', 'Millie Pant']"
v0_061_call_for_rd_project_proposals_from_indian_pharma_industrynational_laboratoriesacademic_institutions,Prabhat Kumar Mandal,"['Prabhat Kumar Mandal', 'V Devadas', 'Poonam Choudhary', 'Partha Roy', 'N K Navani']"
v0_061_call_for_rd_project_proposals_from_indian_pharma_industrynational_laboratoriesacademic_institutions,Pranita P Sarangi,"['Pranita P Sarangi', 'V Devadas', 'Poonam Choudhary', 'Partha Roy', 'N K Navani']"
v0_061_call_for_rd_project_proposals_from_indian_pharma_industrynational_laboratoriesacademic_institutions,Pravindra Kumar,"['Pravindra Kumar', 'V Devadas', 'Poonam Choudhary', 'Partha Roy', 'N K Navani']"
v0_061_call_for_rd_project_proposals_from_indian_pharma_industrynational_laboratoriesacademic_institutions,Prince Tiwari,"['Prince Tiwari', 'V Devadas', 'Poonam Choudhary', 'Partha Roy', 'N K Navani']"
v0_061_call_for_rd_project_proposals_from_indian_pharma_industrynational_laboratoriesacademic_institutions,R. P. Singh,"['R. P. Singh', 'V Devadas', 'Poonam Choudhary', 'Partha Roy', 'N K Navani']"
v0_061_call_for_rd_project_proposals_from_indian_pharma_industrynational_laboratoriesacademic_institutions,Ramasare Prasad,"['Ramasare Prasad', 'V Devadas', 'Poonam Choudhary', 'Partha Roy', 'N K Navani']"
v0_061_call_for_rd_project_proposals_from_indian_pharma_industrynational_laboratoriesacademic_institutions,Ranjana Pathania,"['Ranjana Pathania', 'V Devadas', 'Poonam Choudhary', 'Partha Roy', 'N K Navani']"
v0_061_call_for_rd_project_proposals_from_indian_pharma_industrynational_laboratoriesacademic_institutions,Sanjoy Ghosh,"['Sanjoy Ghosh', 'V Devadas', 'Poonam Choudhary', 'Partha Roy', 'N K Navani']"
v0_061_call_for_rd_project_proposals_from_indian_pharma_industrynational_laboratoriesacademic_institutions,Saugata Hazra,"['Saugata Hazra', 'V Devadas', 'Poonam Choudhary', 'Partha Roy', 'N K Navani']"
v0_061_call_for_rd_project_proposals_from_indian_pharma_industrynational_laboratoriesacademic_institutions,Shailly Tomar,"['Shailly Tomar', 'V Devadas', 'Poonam Choudhary', 'Partha Roy', 'N K Navani']"
v0_061_call_for_rd_project_proposals_from_indian_pharma_industrynational_laboratoriesacademic_institutions,Shri Ram Yadav,"['Shri Ram Yadav', 'V Devadas', 'Poonam Choudhary', 'Partha Roy', 'N K Navani']"
v0_061_call_for_rd_project_proposals_from_indian_pharma_industrynational_laboratoriesacademic_institutions,Soma Rohatgi,"['Soma Rohatgi', 'V Devadas', 'Poonam Choudhary', 'Partha Roy', 'N K Navani']"
v0_061_call_for_rd_project_proposals_from_indian_pharma_industrynational_laboratoriesacademic_institutions,Sachin Suresh Tiwari,"['Sachin Suresh Tiwari', 'V Devadas', 'Poonam Choudhary', 'Partha Roy', 'N K Navani']"
v0_061_call_for_rd_project_proposals_from_indian_pharma_industrynational_laboratoriesacademic_institutions,Jitin Singla,"['Jitin Singla', 'V Devadas', 'Poonam Choudhary', 'Partha Roy', 'N K Navani']"
v0_061_call_for_rd_project_proposals_from_indian_pharma_industrynational_laboratoriesacademic_institutions,Rajesh Kumar,"['Rajesh Kumar', 'V Devadas', 'Poonam Choudhary', 'Partha Roy', 'N K Navani']"
v0_061_call_for_rd_project_proposals_from_indian_pharma_industrynational_laboratoriesacademic_institutions,Akhil Upadhyay,"['Akhil Upadhyay', 'V Devadas', 'Poonam Choudhary', 'Partha Roy', 'N K Navani']"
v0_062_dst_cnrs_france_joint_call_for_proposals,Arindam Biswas,"['Arindam Biswas', 'R. P. Singh', 'N K Navani']"
v0_062_dst_cnrs_france_joint_call_for_proposals,Avlokita Agrawal,"['Avlokita Agrawal', 'R. P. Singh', 'N K Navani']"
v0_062_dst_cnrs_france_joint_call_for_proposals,Gaurav Raheja,"['Gaurav Raheja', 'R. P. Singh', 'N K Navani']"
v0_062_dst_cnrs_france_joint_call_for_proposals,Harshit Sosan Lakra,"['Harshit Sosan Lakra', 'R. P. Singh', 'N K Navani']"
v0_062_dst_cnrs_france_joint_call_for_proposals,Mahua Mukherjee,"['Mahua Mukherjee', 'R. P. Singh', 'N K Navani']"
v0_062_dst_cnrs_france_joint_call_for_proposals,Prabhjot Singh Chani,"['Prabhjot Singh Chani', 'R. P. Singh', 'N K Navani']"
v0_062_dst_cnrs_france_joint_call_for_proposals,E Rajasekar,"['E Rajasekar', 'R. P. Singh', 'N K Navani']"
v0_062_dst_cnrs_france_joint_call_for_proposals,Ram Sateesh Pasupuleti,"['Ram Sateesh Pasupuleti', 'R. P. Singh', 'N K Navani']"
v0_062_dst_cnrs_france_joint_call_for_proposals,Saptarshi Kolay,"['Saptarshi Kolay', 'R. P. Singh', 'N K Navani']"
v0_062_dst_cnrs_france_joint_call_for_proposals,Shubhajit Sadhukhan,"['Shubhajit Sadhukhan', 'R. P. Singh', 'N K Navani']"
v0_062_dst_cnrs_france_joint_call_for_proposals,Smriti Saraswat,"['Smriti Saraswat', 'R. P. Singh', 'N K Navani']"
v0_062_dst_cnrs_france_joint_call_for_proposals,Sonal Atreya,"['Sonal Atreya', 'R. P. Singh', 'N K Navani']"
v0_062_dst_cnrs_france_joint_call_for_proposals,Tina Pujara,"['Tina Pujara', 'R. P. Singh', 'N K Navani']"
v0_062_dst_cnrs_france_joint_call_for_proposals,Uttam Kumar Roy,"['Uttam Kumar Roy', 'R. P. Singh', 'N K Navani']"
v0_062_dst_cnrs_france_joint_call_for_proposals,V Devadas,"['V Devadas', 'R. P. Singh', 'N K Navani']"
v0_062_dst_cnrs_france_joint_call_for_proposals,Jaydev Dabas,"['Jaydev Dabas', 'R. P. Singh', 'N K Navani']"
v0_062_dst_cnrs_france_joint_call_for_proposals,Millie Pant,"['Millie Pant', 'R. P. Singh', 'N K Navani']"
v0_062_dst_cnrs_france_joint_call_for_proposals,Rajan Arora,"['Rajan Arora', 'R. P. Singh', 'N K Navani']"
v0_062_dst_cnrs_france_joint_call_for_proposals,Ashwani Kumar Sharma,"['Ashwani Kumar Sharma', 'R. P. Singh', 'N K Navani']"
v0_062_dst_cnrs_france_joint_call_for_proposals,Bijan Choudhury,"['Bijan Choudhury', 'R. P. Singh', 'N K Navani']"
v0_062_dst_cnrs_france_joint_call_for_proposals,Debabrata Sircar,"['Debabrata Sircar', 'R. P. Singh', 'N K Navani']"
v0_062_dst_cnrs_france_joint_call_for_proposals,Deepak Sharma,"['Deepak Sharma', 'R. P. Singh', 'N K Navani']"
v0_062_dst_cnrs_france_joint_call_for_proposals,P Gopinath,"['P Gopinath', 'R. P. Singh', 'N K Navani']"
v0_062_dst_cnrs_france_joint_call_for_proposals,Harsh Chauhan,"['Harsh Chauhan', 'R. P. Singh', 'N K Navani']"
v0_062_dst_cnrs_france_joint_call_for_proposals,Srinivas Kiran Ambatipudi,"['Srinivas Kiran Ambatipudi', 'R. P. Singh', 'N K Navani']"
v0_062_dst_cnrs_france_joint_call_for_proposals,Krishna Mohan Poluri,"['Krishna Mohan Poluri', 'R. P. Singh', 'N K Navani']"
v0_062_dst_cnrs_france_joint_call_for_proposals,Maya S.Nair,"['Maya S.Nair', 'R. P. Singh', 'N K Navani']"
v0_062_dst_cnrs_france_joint_call_for_proposals,N K Navani,"['N K Navani', 'R. P. Singh']"
v0_062_dst_cnrs_france_joint_call_for_proposals,Partha Roy,"['Partha Roy', 'R. P. Singh', 'N K Navani']"
v0_062_dst_cnrs_france_joint_call_for_proposals,Poonam Choudhary,"['Poonam Choudhary', 'R. P. Singh', 'N K Navani']"
v0_062_dst_cnrs_france_joint_call_for_proposals,Prabhat Kumar Mandal,"['Prabhat Kumar Mandal', 'R. P. Singh', 'N K Navani']"
v0_062_dst_cnrs_france_joint_call_for_proposals,Pranita P Sarangi,"['Pranita P Sarangi', 'R. P. Singh', 'N K Navani']"
v0_062_dst_cnrs_france_joint_call_for_proposals,Pravindra Kumar,"['Pravindra Kumar', 'R. P. Singh', 'N K Navani']"
v0_062_dst_cnrs_france_joint_call_for_proposals,Prince Tiwari,"['Prince Tiwari', 'R. P. Singh', 'N K Navani']"
v0_062_dst_cnrs_france_joint_call_for_proposals,R. P. Singh,"['R. P. Singh', 'N K Navani']"
v0_062_dst_cnrs_france_joint_call_for_proposals,Ramasare Prasad,"['Ramasare Prasad', 'R. P. Singh', 'N K Navani']"
v0_062_dst_cnrs_france_joint_call_for_proposals,Ranjana Pathania,"['Ranjana Pathania', 'R. P. Singh', 'N K Navani']"
v0_062_dst_cnrs_france_joint_call_for_proposals,Sanjoy Ghosh,"['Sanjoy Ghosh', 'R. P. Singh', 'N K Navani']"
v0_062_dst_cnrs_france_joint_call_for_proposals,Saugata Hazra,"['Saugata Hazra', 'R. P. Singh', 'N K Navani']"
v0_062_dst_cnrs_france_joint_call_for_proposals,Shailly Tomar,"['Shailly Tomar', 'R. P. Singh', 'N K Navani']"
v0_062_dst_cnrs_france_joint_call_for_proposals,Shri Ram Yadav,"['Shri Ram Yadav', 'R. P. Singh', 'N K Navani']"
v0_062_dst_cnrs_france_joint_call_for_proposals,Soma Rohatgi,"['Soma Rohatgi', 'R. P. Singh', 'N K Navani']"
v0_062_dst_cnrs_france_joint_call_for_proposals,Sachin Suresh Tiwari,"['Sachin Suresh Tiwari', 'R. P. Singh', 'N K Navani']"
v0_062_dst_cnrs_france_joint_call_for_proposals,Jitin Singla,"['Jitin Singla', 'R. P. Singh', 'N K Navani']"
v0_062_dst_cnrs_france_joint_call_for_proposals,Rajesh Kumar,"['Rajesh Kumar', 'R. P. Singh', 'N K Navani']"
v0_062_dst_cnrs_france_joint_call_for_proposals,Akhil Upadhyay,"['Akhil Upadhyay', 'R. P. Singh', 'N K Navani']"
v0_063_call_for_entries___awsar_programme,Arindam Biswas,"['Arindam Biswas', 'Prabhat Kumar Mandal']"
v0_063_call_for_entries___awsar_programme,Avlokita Agrawal,"['Avlokita Agrawal', 'Sanjoy Ghosh']"
v0_063_call_for_entries___awsar_programme,Gaurav Raheja,"['Gaurav Raheja', 'Shailly Tomar', 'Ranjana Pathania', 'Jitin Singla']"
v0_063_call_for_entries___awsar_programme,Harshit Sosan Lakra,"['Harshit Sosan Lakra', 'Sanjoy Ghosh', 'Pravindra Kumar', 'Ranjana Pathania']"
v0_063_call_for_entries___awsar_programme,Mahua Mukherjee,"['Mahua Mukherjee', 'Poonam Choudhary', 'Pranita P Sarangi', 'Rajesh Kumar', 'Jitin Singla']"
v0_063_call_for_entries___awsar_programme,Prabhjot Singh Chani,"['Prabhjot Singh Chani', 'Jitin Singla']"
v0_063_call_for_entries___awsar_programme,E Rajasekar,"['E Rajasekar', 'Soma Rohatgi', 'Jitin Singla', 'Pravindra Kumar']"
v0_063_call_for_entries___awsar_programme,Ram Sateesh Pasupuleti,"['Ram Sateesh Pasupuleti', 'Sachin Suresh Tiwari', 'R. P. Singh', 'Partha Roy', 'Pranita P Sarangi']"
v0_063_call_for_entries___awsar_programme,Saptarshi Kolay,"['Saptarshi Kolay', 'Pranita P Sarangi']"
v0_063_call_for_entries___awsar_programme,Shubhajit Sadhukhan,"['Shubhajit Sadhukhan', 'Poonam Choudhary', 'R. P. Singh', 'Maya S.Nair', 'Sachin Suresh Tiwari']"
v0_063_call_for_entries___awsar_programme,Smriti Saraswat,"['Smriti Saraswat', 'Rajesh Kumar', 'Sachin Suresh Tiwari']"
v0_063_call_for_entries___awsar_programme,Sonal Atreya,"['Sonal Atreya', 'Jitin Singla', 'Poonam Choudhary', 'Sanjoy Ghosh', 'Akhil Upadhyay']"
v0_063_call_for_entries___awsar_programme,Tina Pujara,"['Tina Pujara', 'Poonam Choudhary', 'Shri Ram Yadav', 'Ranjana Pathania', 'Maya S.Nair']"
v0_063_call_for_entries___awsar_programme,Uttam Kumar Roy,"['Uttam Kumar Roy', 'Akhil Upadhyay', 'R. P. Singh', 'Shri Ram Yadav', 'Jitin Singla']"
v0_063_call_for_entries___awsar_programme,V Devadas,"['V Devadas', 'Ranjana Pathania', 'Shailly Tomar', 'Prabhat Kumar Mandal']"
v0_063_call_for_entries___awsar_programme,Jaydev Dabas,"['Jaydev Dabas', 'R. P. Singh', 'Poonam Choudhary']"
v0_063_call_for_entries___awsar_programme,Millie Pant,"['Millie Pant', 'N K Navani', 'Ramasare Prasad', 'Poonam Choudhary', 'Soma Rohatgi']"
v0_063_call_for_entries___awsar_programme,Rajan Arora,"['Rajan Arora', 'Shailly Tomar', 'Shri Ram Yadav']"
v0_063_call_for_entries___awsar_programme,Ashwani Kumar Sharma,"['Ashwani Kumar Sharma', 'Partha Roy', 'Prince Tiwari']"
v0_063_call_for_entries___awsar_programme,Bijan Choudhury,"['Bijan Choudhury', 'Prince Tiwari', 'Pravindra Kumar']"
v0_063_call_for_entries___awsar_programme,Debabrata Sircar,"['Debabrata Sircar', 'Saugata Hazra', 'Pravindra Kumar', 'Akhil Upadhyay', 'N K Navani']"
v0_063_call_for_entries___awsar_programme,Deepak Sharma,"['Deepak Sharma', 'Pravindra Kumar', 'Akhil Upadhyay', 'Shri Ram Yadav', 'Ramasare Prasad']"
v0_063_call_for_entries___awsar_programme,P Gopinath,"['P Gopinath', 'Maya S.Nair']"
v0_063_call_for_entries___awsar_programme,Harsh Chauhan,"['Harsh Chauhan', 'Ranjana Pathania', 'Shailly Tomar']"
v0_063_call_for_entries___awsar_programme,Srinivas Kiran Ambatipudi,"['Srinivas Kiran Ambatipudi', 'Prince Tiwari']"
v0_063_call_for_entries___awsar_programme,Krishna Mohan Poluri,"['Krishna Mohan Poluri', 'Soma Rohatgi']"
v0_063_call_for_entries___awsar_programme,Maya S.Nair,"['Maya S.Nair', 'Ranjana Pathania', 'Partha Roy']"
v0_063_call_for_entries___awsar_programme,N K Navani,"['N K Navani', 'Prince Tiwari', 'Partha Roy']"
v0_063_call_for_entries___awsar_programme,Partha Roy,"['Partha Roy', 'Saugata Hazra', 'Ramasare Prasad', 'Akhil Upadhyay']"
v0_063_call_for_entries___awsar_programme,Poonam Choudhary,"['Poonam Choudhary', 'Akhil Upadhyay']"
v0_063_call_for_entries___awsar_programme,Prabhat Kumar Mandal,"['Prabhat Kumar Mandal', 'Soma Rohatgi', 'Partha Roy', 'Prince Tiwari']"
v0_063_call_for_entries___awsar_programme,Pranita P Sarangi,"['Pranita P Sarangi', 'Prince Tiwari']"
v0_063_call_for_entries___awsar_programme,Pravindra Kumar,"['Pravindra Kumar', 'Jitin Singla']"
v0_063_call_for_entries___awsar_programme,Prince Tiwari,"['Prince Tiwari', 'Maya S.Nair']"
v0_063_call_for_entries___awsar_programme,R. P. Singh,"['R. P. Singh', 'Partha Roy', 'Saugata Hazra']"
v0_063_call_for_entries___awsar_programme,Ramasare Prasad,"['Ramasare Prasad', 'Shailly Tomar', 'N K Navani', 'Soma Rohatgi']"
v0_063_call_for_entries___awsar_programme,Ranjana Pathania,"['Ranjana Pathania', 'Ramasare Prasad', 'Jitin Singla']"
v0_063_call_for_entries___awsar_programme,Sanjoy Ghosh,"['Sanjoy Ghosh', 'Jitin Singla', 'Pranita P Sarangi']"
v0_063_call_for_entries___awsar_programme,Saugata Hazra,"['Saugata Hazra', 'N K Navani']"
v0_063_call_for_entries___awsar_programme,Shailly Tomar,"['Shailly Tomar', 'Saugata Hazra', 'Sachin Suresh Tiwari']"
v0_063_call_for_entries___awsar_programme,Shri Ram Yadav,"['Shri Ram Yadav', 'Prince Tiwari', 'Pranita P Sarangi', 'Jitin Singla', 'Sanjoy Ghosh']"
v0_063_call_for_entries___awsar_programme,Soma Rohatgi,"['Soma Rohatgi', 'Akhil Upadhyay', 'Shailly Tomar', 'Pranita P Sarangi', 'Partha Roy']"
v0_063_call_for_entries___awsar_programme,Sachin Suresh Tiwari,"['Sachin Suresh Tiwari', 'Shri Ram Yadav', 'Partha Roy']"
v0_063_call_for_entries___awsar_programme,Jitin Singla,"['Jitin Singla', 'Sachin Suresh Tiwari', 'R. P. Singh', 'Soma Rohatgi']"
v0_063_call_for_entries___awsar_programme,Rajesh Kumar,"['Rajesh Kumar', 'Shailly Tomar']"
v0_063_call_for_entries___awsar_programme,Akhil Upadhyay,"['Akhil Upadhyay', 'Prabhat Kumar Mandal', 'Soma Rohatgi']"
v0_064_call_for_papers___9th_national_teachers_science_congress,Arindam Biswas,"['Arindam Biswas', 'Sonal Atreya', 'Shailly Tomar']"
v0_064_call_for_papers___9th_national_teachers_science_congress,Avlokita Agrawal,"['Avlokita Agrawal', 'Sonal Atreya', 'Shailly Tomar']"
v0_064_call_for_papers___9th_national_teachers_science_congress,Gaurav Raheja,"['Gaurav Raheja', 'Sonal Atreya', 'Shailly Tomar']"
v0_064_call_for_papers___9th_national_teachers_science_congress,Harshit Sosan Lakra,"['Harshit Sosan Lakra', 'Sonal Atreya', 'Shailly Tomar']"
v0_064_call_for_papers___9th_national_teachers_science_congress,Mahua Mukherjee,"['Mahua Mukherjee', 'Sonal Atreya', 'Shailly Tomar']"
v0_064_call_for_papers___9th_national_teachers_science_congress,Prabhjot Singh Chani,"['Prabhjot Singh Chani', 'Sonal Atreya', 'Shailly Tomar']"
v0_064_call_for_papers___9th_national_teachers_science_congress,E Rajasekar,"['E Rajasekar', 'Sonal Atreya', 'Shailly Tomar']"
v0_064_call_for_papers___9th_national_teachers_science_congress,Ram Sateesh Pasupuleti,"['Ram Sateesh Pasupuleti', 'Sonal Atreya', 'Shailly Tomar']"
v0_064_call_for_papers___9th_national_teachers_science_congress,Saptarshi Kolay,"['Saptarshi Kolay', 'Sonal Atreya', 'Shailly Tomar']"
v0_064_call_for_papers___9th_national_teachers_science_congress,Shubhajit Sadhukhan,"['Shubhajit Sadhukhan', 'Sonal Atreya', 'Shailly Tomar']"
v0_064_call_for_papers___9th_national_teachers_science_congress,Smriti Saraswat,"['Smriti Saraswat', 'Sonal Atreya', 'Shailly Tomar']"
v0_064_call_for_papers___9th_national_teachers_science_congress,Sonal Atreya,"['Sonal Atreya', 'Shailly Tomar']"
v0_064_call_for_papers___9th_national_teachers_science_congress,Tina Pujara,"['Tina Pujara', 'Sonal Atreya', 'Shailly Tomar']"
v0_064_call_for_papers___9th_national_teachers_science_congress,Uttam Kumar Roy,"['Uttam Kumar Roy', 'Sonal Atreya', 'Shailly Tomar']"
v0_064_call_for_papers___9th_national_teachers_science_congress,V Devadas,"['V Devadas', 'Sonal Atreya', 'Shailly Tomar']"
v0_064_call_for_papers___9th_national_teachers_science_congress,Jaydev Dabas,"['Jaydev Dabas', 'Sonal Atreya', 'Shailly Tomar']"
v0_064_call_for_papers___9th_national_teachers_science_congress,Millie Pant,"['Millie Pant', 'Sonal Atreya', 'Shailly Tomar']"
v0_064_call_for_papers___9th_national_teachers_science_congress,Rajan Arora,"['Rajan Arora', 'Sonal Atreya', 'Shailly Tomar']"
v0_064_call_for_papers___9th_national_teachers_science_congress,Ashwani Kumar Sharma,"['Ashwani Kumar Sharma', 'Sonal Atreya', 'Shailly Tomar']"
v0_064_call_for_papers___9th_national_teachers_science_congress,Bijan Choudhury,"['Bijan Choudhury', 'Sonal Atreya', 'Shailly Tomar']"
v0_064_call_for_papers___9th_national_teachers_science_congress,Debabrata Sircar,"['Debabrata Sircar', 'Sonal Atreya', 'Shailly Tomar']"
v0_064_call_for_papers___9th_national_teachers_science_congress,Deepak Sharma,"['Deepak Sharma', 'Sonal Atreya', 'Shailly Tomar']"
v0_064_call_for_papers___9th_national_teachers_science_congress,P Gopinath,"['P Gopinath', 'Sonal Atreya', 'Shailly Tomar']"
v0_064_call_for_papers___9th_national_teachers_science_congress,Harsh Chauhan,"['Harsh Chauhan', 'Sonal Atreya', 'Shailly Tomar']"
v0_064_call_for_papers___9th_national_teachers_science_congress,Srinivas Kiran Ambatipudi,"['Srinivas Kiran Ambatipudi', 'Sonal Atreya', 'Shailly Tomar']"
v0_064_call_for_papers___9th_national_teachers_science_congress,Krishna Mohan Poluri,"['Krishna Mohan Poluri', 'Sonal Atreya', 'Shailly Tomar']"
v0_064_call_for_papers___9th_national_teachers_science_congress,Maya S.Nair,"['Maya S.Nair', 'Sonal Atreya', 'Shailly Tomar']"
v0_064_call_for_papers___9th_national_teachers_science_congress,N K Navani,"['N K Navani', 'Sonal Atreya', 'Shailly Tomar']"
v0_064_call_for_papers___9th_national_teachers_science_congress,Partha Roy,"['Partha Roy', 'Sonal Atreya', 'Shailly Tomar']"
v0_064_call_for_papers___9th_national_teachers_science_congress,Poonam Choudhary,"['Poonam Choudhary', 'Sonal Atreya', 'Shailly Tomar']"
v0_064_call_for_papers___9th_national_teachers_science_congress,Prabhat Kumar Mandal,"['Prabhat Kumar Mandal', 'Sonal Atreya', 'Shailly Tomar']"
v0_064_call_for_papers___9th_national_teachers_science_congress,Pranita P Sarangi,"['Pranita P Sarangi', 'Sonal Atreya', 'Shailly Tomar']"
v0_064_call_for_papers___9th_national_teachers_science_congress,Pravindra Kumar,"['Pravindra Kumar', 'Sonal Atreya', 'Shailly Tomar']"
v0_064_call_for_papers___9th_national_teachers_science_congress,Prince Tiwari,"['Prince Tiwari', 'Sonal Atreya', 'Shailly Tomar']"
v0_064_call_for_papers___9th_national_teachers_science_congress,R. P. Singh,"['R. P. Singh', 'Sonal Atreya', 'Shailly Tomar']"
v0_064_call_for_papers___9th_national_teachers_science_congress,Ramasare Prasad,"['Ramasare Prasad', 'Sonal Atreya', 'Shailly Tomar']"
v0_064_call_for_papers___9th_national_teachers_science_congress,Ranjana Pathania,"['Ranjana Pathania', 'Sonal Atreya', 'Shailly Tomar']"
v0_064_call_for_papers___9th_national_teachers_science_congress,Sanjoy Ghosh,"['Sanjoy Ghosh', 'Sonal Atreya', 'Shailly Tomar']"
v0_064_call_for_papers___9th_national_teachers_science_congress,Saugata Hazra,"['Saugata Hazra', 'Sonal Atreya', 'Shailly Tomar']"
v0_064_call_for_papers___9th_national_teachers_science_congress,Shailly Tomar,"['Shailly Tomar', 'Sonal Atreya']"
v0_064_call_for_papers___9th_national_teachers_science_congress,Shri Ram Yadav,"['Shri Ram Yadav', 'Sonal Atreya', 'Shailly Tomar']"
v0_064_call_for_papers___9th_national_teachers_science_congress,Soma Rohatgi,"['Soma Rohatgi', 'Sonal Atreya', 'Shailly Tomar']"
v0_064_call_for_papers___9th_national_teachers_science_congress,Sachin Suresh Tiwari,"['Sachin Suresh Tiwari', 'Sonal Atreya', 'Shailly Tomar']"
v0_064_call_for_papers___9th_national_teachers_science_congress,Jitin Singla,"['Jitin Singla', 'Sonal Atreya', 'Shailly Tomar']"
v0_064_call_for_papers___9th_national_teachers_science_congress,Rajesh Kumar,"['Rajesh Kumar', 'Sonal Atreya', 'Shailly Tomar']"
v0_064_call_for_papers___9th_national_teachers_science_congress,Akhil Upadhyay,"['Akhil Upadhyay', 'Sonal Atreya', 'Shailly Tomar']"
v0_065_indo_finnish_joint_call_for_mobility_of_researchers,Arindam Biswas,"['Arindam Biswas', 'Sonal Atreya', 'R. P. Singh', 'Pravindra Kumar', 'Prabhjot Singh Chani']"
v0_065_indo_finnish_joint_call_for_mobility_of_researchers,Avlokita Agrawal,"['Avlokita Agrawal', 'Sonal Atreya', 'R. P. Singh', 'Pravindra Kumar', 'Prabhjot Singh Chani']"
v0_065_indo_finnish_joint_call_for_mobility_of_researchers,Gaurav Raheja,"['Gaurav Raheja', 'Sonal Atreya', 'R. P. Singh', 'Pravindra Kumar', 'Prabhjot Singh Chani']"
v0_065_indo_finnish_joint_call_for_mobility_of_researchers,Harshit Sosan Lakra,"['Harshit Sosan Lakra', 'Sonal Atreya', 'R. P. Singh', 'Pravindra Kumar', 'Prabhjot Singh Chani']"
v0_065_indo_finnish_joint_call_for_mobility_of_researchers,Mahua Mukherjee,"['Mahua Mukherjee', 'Sonal Atreya', 'R. P. Singh', 'Pravindra Kumar', 'Prabhjot Singh Chani']"
v0_065_indo_finnish_joint_call_for_mobility_of_researchers,Prabhjot Singh Chani,"['Prabhjot Singh Chani', 'Sonal Atreya', 'R. P. Singh', 'Pravindra Kumar', 'N K Navani']"
v0_065_indo_finnish_joint_call_for_mobility_of_researchers,E Rajasekar,"['E Rajasekar', 'Sonal Atreya', 'R. P. Singh', 'Pravindra Kumar', 'Prabhjot Singh Chani']"
v0_065_indo_finnish_joint_call_for_mobility_of_researchers,Ram Sateesh Pasupuleti,"['Ram Sateesh Pasupuleti', 'Sonal Atreya', 'R. P. Singh', 'Pravindra Kumar', 'Prabhjot Singh Chani']"
v0_065_indo_finnish_joint_call_for_mobility_of_researchers,Saptarshi Kolay,"['Saptarshi Kolay', 'Sonal Atreya', 'R. P. Singh', 'Pravindra Kumar', 'Prabhjot Singh Chani']"
v0_065_indo_finnish_joint_call_for_mobility_of_researchers,Shubhajit Sadhukhan,"['Shubhajit Sadhukhan', 'Sonal Atreya', 'R. P. Singh', 'Pravindra Kumar', 'Prabhjot Singh Chani']"
v0_065_indo_finnish_joint_call_for_mobility_of_researchers,Smriti Saraswat,"['Smriti Saraswat', 'Sonal Atreya', 'R. P. Singh', 'Pravindra Kumar', 'Prabhjot Singh Chani']"
v0_065_indo_finnish_joint_call_for_mobility_of_researchers,Sonal Atreya,"['Sonal Atreya', 'R. P. Singh', 'Pravindra Kumar', 'Prabhjot Singh Chani', 'N K Navani']"
v0_065_indo_finnish_joint_call_for_mobility_of_researchers,Tina Pujara,"['Tina Pujara', 'Sonal Atreya', 'R. P. Singh', 'Pravindra Kumar', 'Prabhjot Singh Chani']"
v0_065_indo_finnish_joint_call_for_mobility_of_researchers,Uttam Kumar Roy,"['Uttam Kumar Roy', 'Sonal Atreya', 'R. P. Singh', 'Pravindra Kumar', 'Prabhjot Singh Chani']"
v0_065_indo_finnish_joint_call_for_mobility_of_researchers,V Devadas,"['V Devadas', 'Sonal Atreya', 'R. P. Singh', 'Pravindra Kumar', 'Prabhjot Singh Chani']"
v0_065_indo_finnish_joint_call_for_mobility_of_researchers,Jaydev Dabas,"['Jaydev Dabas', 'Sonal Atreya', 'R. P. Singh', 'Pravindra Kumar', 'Prabhjot Singh Chani']"
v0_065_indo_finnish_joint_call_for_mobility_of_researchers,Millie Pant,"['Millie Pant', 'Sonal Atreya', 'R. P. Singh', 'Pravindra Kumar', 'Prabhjot Singh Chani']"
v0_065_indo_finnish_joint_call_for_mobility_of_researchers,Rajan Arora,"['Rajan Arora', 'Sonal Atreya', 'R. P. Singh', 'Pravindra Kumar', 'Prabhjot Singh Chani']"
v0_065_indo_finnish_joint_call_for_mobility_of_researchers,Ashwani Kumar Sharma,"['Ashwani Kumar Sharma', 'Sonal Atreya', 'R. P. Singh', 'Pravindra Kumar', 'Prabhjot Singh Chani']"
v0_065_indo_finnish_joint_call_for_mobility_of_researchers,Bijan Choudhury,"['Bijan Choudhury', 'Sonal Atreya', 'R. P. Singh', 'Pravindra Kumar', 'Prabhjot Singh Chani']"
v0_065_indo_finnish_joint_call_for_mobility_of_researchers,Debabrata Sircar,"['Debabrata Sircar', 'Sonal Atreya', 'R. P. Singh', 'Pravindra Kumar', 'Prabhjot Singh Chani']"
v0_065_indo_finnish_joint_call_for_mobility_of_researchers,Deepak Sharma,"['Deepak Sharma', 'Sonal Atreya', 'R. P. Singh', 'Pravindra Kumar', 'Prabhjot Singh Chani']"
v0_065_indo_finnish_joint_call_for_mobility_of_researchers,P Gopinath,"['P Gopinath', 'Sonal Atreya', 'R. P. Singh', 'Pravindra Kumar', 'Prabhjot Singh Chani']"
v0_065_indo_finnish_joint_call_for_mobility_of_researchers,Harsh Chauhan,"['Harsh Chauhan', 'Sonal Atreya', 'R. P. Singh', 'Pravindra Kumar', 'Prabhjot Singh Chani']"
v0_065_indo_finnish_joint_call_for_mobility_of_researchers,Srinivas Kiran Ambatipudi,"['Srinivas Kiran Ambatipudi', 'Sonal Atreya', 'R. P. Singh', 'Pravindra Kumar', 'Prabhjot Singh Chani']"
v0_065_indo_finnish_joint_call_for_mobility_of_researchers,Krishna Mohan Poluri,"['Krishna Mohan Poluri', 'Sonal Atreya', 'R. P. Singh', 'Pravindra Kumar', 'Prabhjot Singh Chani']"
v0_065_indo_finnish_joint_call_for_mobility_of_researchers,Maya S.Nair,"['Maya S.Nair', 'Sonal Atreya', 'R. P. Singh', 'Pravindra Kumar', 'Prabhjot Singh Chani']"
v0_065_indo_finnish_joint_call_for_mobility_of_researchers,N K Navani,"['N K Navani', 'Sonal Atreya', 'R. P. Singh', 'Pravindra Kumar', 'Prabhjot Singh Chani']"
v0_065_indo_finnish_joint_call_for_mobility_of_researchers,Partha Roy,"['Partha Roy', 'Sonal Atreya', 'R. P. Singh', 'Pravindra Kumar', 'Prabhjot Singh Chani']"
v0_065_indo_finnish_joint_call_for_mobility_of_researchers,Poonam Choudhary,"['Poonam Choudhary', 'Sonal Atreya', 'R. P. Singh', 'Pravindra Kumar', 'Prabhjot Singh Chani']"
v0_065_indo_finnish_joint_call_for_mobility_of_researchers,Prabhat Kumar Mandal,"['Prabhat Kumar Mandal', 'Sonal Atreya', 'R. P. Singh', 'Pravindra Kumar', 'Prabhjot Singh Chani']"
v0_065_indo_finnish_joint_call_for_mobility_of_researchers,Pranita P Sarangi,"['Pranita P Sarangi', 'Sonal Atreya', 'R. P. Singh', 'Pravindra Kumar', 'Prabhjot Singh Chani']"
v0_065_indo_finnish_joint_call_for_mobility_of_researchers,Pravindra Kumar,"['Pravindra Kumar', 'Sonal Atreya', 'R. P. Singh', 'Prabhjot Singh Chani', 'N K Navani']"
v0_065_indo_finnish_joint_call_for_mobility_of_researchers,Prince Tiwari,"['Prince Tiwari', 'Sonal Atreya', 'R. P. Singh', 'Pravindra Kumar', 'Prabhjot Singh Chani']"
v0_065_indo_finnish_joint_call_for_mobility_of_researchers,R. P. Singh,"['R. P. Singh', 'Sonal Atreya', 'Pravindra Kumar', 'Prabhjot Singh Chani', 'N K Navani']"
v0_065_indo_finnish_joint_call_for_mobility_of_researchers,Ramasare Prasad,"['Ramasare Prasad', 'Sonal Atreya', 'R. P. Singh', 'Pravindra Kumar', 'Prabhjot Singh Chani']"
v0_065_indo_finnish_joint_call_for_mobility_of_researchers,Ranjana Pathania,"['Ranjana Pathania', 'Sonal Atreya', 'R. P. Singh', 'Pravindra Kumar', 'Prabhjot Singh Chani']"
v0_065_indo_finnish_joint_call_for_mobility_of_researchers,Sanjoy Ghosh,"['Sanjoy Ghosh', 'Sonal Atreya', 'R. P. Singh', 'Pravindra Kumar', 'Prabhjot Singh Chani']"
v0_065_indo_finnish_joint_call_for_mobility_of_researchers,Saugata Hazra,"['Saugata Hazra', 'Sonal Atreya', 'R. P. Singh', 'Pravindra Kumar', 'Prabhjot Singh Chani']"
v0_065_indo_finnish_joint_call_for_mobility_of_researchers,Shailly Tomar,"['Shailly Tomar', 'Sonal Atreya', 'R. P. Singh', 'Pravindra Kumar', 'Prabhjot Singh Chani']"
v0_065_indo_finnish_joint_call_for_mobility_of_researchers,Shri Ram Yadav,"['Shri Ram Yadav', 'Sonal Atreya', 'R. P. Singh', 'Pravindra Kumar', 'Prabhjot Singh Chani']"
v0_065_indo_finnish_joint_call_for_mobility_of_researchers,Soma Rohatgi,"['Soma Rohatgi', 'Sonal Atreya', 'R. P. Singh', 'Pravindra Kumar', 'Prabhjot Singh Chani']"
v0_065_indo_finnish_joint_call_for_mobility_of_researchers,Sachin Suresh Tiwari,"['Sachin Suresh Tiwari', 'Sonal Atreya', 'R. P. Singh', 'Pravindra Kumar', 'Prabhjot Singh Chani']"
v0_065_indo_finnish_joint_call_for_mobility_of_researchers,Jitin Singla,"['Jitin Singla', 'Sonal Atreya', 'R. P. Singh', 'Pravindra Kumar', 'Prabhjot Singh Chani']"
v0_065_indo_finnish_joint_call_for_mobility_of_researchers,Rajesh Kumar,"['Rajesh Kumar', 'Sonal Atreya', 'R. P. Singh', 'Pravindra Kumar', 'Prabhjot Singh Chani']"
v0_065_indo_finnish_joint_call_for_mobility_of_researchers,Akhil Upadhyay,"['Akhil Upadhyay', 'Sonal Atreya', 'R. P. Singh', 'Pravindra Kumar', 'Prabhjot Singh Chani']"
v0_066_call_open_for_women_scientist_scheme_b_wos_b_2018_19,Arindam Biswas,"['Arindam Biswas', 'Sonal Atreya', 'Bijan Choudhury', 'Ashwani Kumar Sharma']"
v0_066_call_open_for_women_scientist_scheme_b_wos_b_2018_19,Avlokita Agrawal,"['Avlokita Agrawal', 'Sonal Atreya', 'Bijan Choudhury', 'Ashwani Kumar Sharma']"
v0_066_call_open_for_women_scientist_scheme_b_wos_b_2018_19,Gaurav Raheja,"['Gaurav Raheja', 'Sonal Atreya', 'Bijan Choudhury', 'Ashwani Kumar Sharma']"
v0_066_call_open_for_women_scientist_scheme_b_wos_b_2018_19,Harshit Sosan Lakra,"['Harshit Sosan Lakra', 'Sonal Atreya', 'Bijan Choudhury', 'Ashwani Kumar Sharma']"
v0_066_call_open_for_women_scientist_scheme_b_wos_b_2018_19,Mahua Mukherjee,"['Mahua Mukherjee', 'Sonal Atreya', 'Bijan Choudhury', 'Ashwani Kumar Sharma']"
v0_066_call_open_for_women_scientist_scheme_b_wos_b_2018_19,Prabhjot Singh Chani,"['Prabhjot Singh Chani', 'Sonal Atreya', 'Bijan Choudhury', 'Ashwani Kumar Sharma']"
v0_066_call_open_for_women_scientist_scheme_b_wos_b_2018_19,E Rajasekar,"['E Rajasekar', 'Sonal Atreya', 'Bijan Choudhury', 'Ashwani Kumar Sharma']"
v0_066_call_open_for_women_scientist_scheme_b_wos_b_2018_19,Ram Sateesh Pasupuleti,"['Ram Sateesh Pasupuleti', 'Sonal Atreya', 'Bijan Choudhury', 'Ashwani Kumar Sharma']"
v0_066_call_open_for_women_scientist_scheme_b_wos_b_2018_19,Saptarshi Kolay,"['Saptarshi Kolay', 'Sonal Atreya', 'Bijan Choudhury', 'Ashwani Kumar Sharma']"
v0_066_call_open_for_women_scientist_scheme_b_wos_b_2018_19,Shubhajit Sadhukhan,"['Shubhajit Sadhukhan', 'Sonal Atreya', 'Bijan Choudhury', 'Ashwani Kumar Sharma']"
v0_066_call_open_for_women_scientist_scheme_b_wos_b_2018_19,Smriti Saraswat,"['Smriti Saraswat', 'Sonal Atreya', 'Bijan Choudhury', 'Ashwani Kumar Sharma']"
v0_066_call_open_for_women_scientist_scheme_b_wos_b_2018_19,Sonal Atreya,"['Sonal Atreya', 'Bijan Choudhury', 'Ashwani Kumar Sharma']"
v0_066_call_open_for_women_scientist_scheme_b_wos_b_2018_19,Tina Pujara,"['Tina Pujara', 'Sonal Atreya', 'Bijan Choudhury', 'Ashwani Kumar Sharma']"
v0_066_call_open_for_women_scientist_scheme_b_wos_b_2018_19,Uttam Kumar Roy,"['Uttam Kumar Roy', 'Sonal Atreya', 'Bijan Choudhury', 'Ashwani Kumar Sharma']"
v0_066_call_open_for_women_scientist_scheme_b_wos_b_2018_19,V Devadas,"['V Devadas', 'Sonal Atreya', 'Bijan Choudhury', 'Ashwani Kumar Sharma']"
v0_066_call_open_for_women_scientist_scheme_b_wos_b_2018_19,Jaydev Dabas,"['Jaydev Dabas', 'Sonal Atreya', 'Bijan Choudhury', 'Ashwani Kumar Sharma']"
v0_066_call_open_for_women_scientist_scheme_b_wos_b_2018_19,Millie Pant,"['Millie Pant', 'Sonal Atreya', 'Bijan Choudhury', 'Ashwani Kumar Sharma']"
v0_066_call_open_for_women_scientist_scheme_b_wos_b_2018_19,Rajan Arora,"['Rajan Arora', 'Sonal Atreya', 'Bijan Choudhury', 'Ashwani Kumar Sharma']"
v0_066_call_open_for_women_scientist_scheme_b_wos_b_2018_19,Ashwani Kumar Sharma,"['Ashwani Kumar Sharma', 'Sonal Atreya', 'Bijan Choudhury']"
v0_066_call_open_for_women_scientist_scheme_b_wos_b_2018_19,Bijan Choudhury,"['Bijan Choudhury', 'Sonal Atreya', 'Ashwani Kumar Sharma']"
v0_066_call_open_for_women_scientist_scheme_b_wos_b_2018_19,Debabrata Sircar,"['Debabrata Sircar', 'Sonal Atreya', 'Bijan Choudhury', 'Ashwani Kumar Sharma']"
v0_066_call_open_for_women_scientist_scheme_b_wos_b_2018_19,Deepak Sharma,"['Deepak Sharma', 'Sonal Atreya', 'Bijan Choudhury', 'Ashwani Kumar Sharma']"
v0_066_call_open_for_women_scientist_scheme_b_wos_b_2018_19,P Gopinath,"['P Gopinath', 'Sonal Atreya', 'Bijan Choudhury', 'Ashwani Kumar Sharma']"
v0_066_call_open_for_women_scientist_scheme_b_wos_b_2018_19,Harsh Chauhan,"['Harsh Chauhan', 'Sonal Atreya', 'Bijan Choudhury', 'Ashwani Kumar Sharma']"
v0_066_call_open_for_women_scientist_scheme_b_wos_b_2018_19,Srinivas Kiran Ambatipudi,"['Srinivas Kiran Ambatipudi', 'Sonal Atreya', 'Bijan Choudhury', 'Ashwani Kumar Sharma']"
v0_066_call_open_for_women_scientist_scheme_b_wos_b_2018_19,Krishna Mohan Poluri,"['Krishna Mohan Poluri', 'Sonal Atreya', 'Bijan Choudhury', 'Ashwani Kumar Sharma']"
v0_066_call_open_for_women_scientist_scheme_b_wos_b_2018_19,Maya S.Nair,"['Maya S.Nair', 'Sonal Atreya', 'Bijan Choudhury', 'Ashwani Kumar Sharma']"
v0_066_call_open_for_women_scientist_scheme_b_wos_b_2018_19,N K Navani,"['N K Navani', 'Sonal Atreya', 'Bijan Choudhury', 'Ashwani Kumar Sharma']"
v0_066_call_open_for_women_scientist_scheme_b_wos_b_2018_19,Partha Roy,"['Partha Roy', 'Sonal Atreya', 'Bijan Choudhury', 'Ashwani Kumar Sharma']"
v0_066_call_open_for_women_scientist_scheme_b_wos_b_2018_19,Poonam Choudhary,"['Poonam Choudhary', 'Sonal Atreya', 'Bijan Choudhury', 'Ashwani Kumar Sharma']"
v0_066_call_open_for_women_scientist_scheme_b_wos_b_2018_19,Prabhat Kumar Mandal,"['Prabhat Kumar Mandal', 'Sonal Atreya', 'Bijan Choudhury', 'Ashwani Kumar Sharma']"
v0_066_call_open_for_women_scientist_scheme_b_wos_b_2018_19,Pranita P Sarangi,"['Pranita P Sarangi', 'Sonal Atreya', 'Bijan Choudhury', 'Ashwani Kumar Sharma']"
v0_066_call_open_for_women_scientist_scheme_b_wos_b_2018_19,Pravindra Kumar,"['Pravindra Kumar', 'Sonal Atreya', 'Bijan Choudhury', 'Ashwani Kumar Sharma']"
v0_066_call_open_for_women_scientist_scheme_b_wos_b_2018_19,Prince Tiwari,"['Prince Tiwari', 'Sonal Atreya', 'Bijan Choudhury', 'Ashwani Kumar Sharma']"
v0_066_call_open_for_women_scientist_scheme_b_wos_b_2018_19,R. P. Singh,"['R. P. Singh', 'Sonal Atreya', 'Bijan Choudhury', 'Ashwani Kumar Sharma']"
v0_066_call_open_for_women_scientist_scheme_b_wos_b_2018_19,Ramasare Prasad,"['Ramasare Prasad', 'Sonal Atreya', 'Bijan Choudhury', 'Ashwani Kumar Sharma']"
v0_066_call_open_for_women_scientist_scheme_b_wos_b_2018_19,Ranjana Pathania,"['Ranjana Pathania', 'Sonal Atreya', 'Bijan Choudhury', 'Ashwani Kumar Sharma']"
v0_066_call_open_for_women_scientist_scheme_b_wos_b_2018_19,Sanjoy Ghosh,"['Sanjoy Ghosh', 'Sonal Atreya', 'Bijan Choudhury', 'Ashwani Kumar Sharma']"
v0_066_call_open_for_women_scientist_scheme_b_wos_b_2018_19,Saugata Hazra,"['Saugata Hazra', 'Sonal Atreya', 'Bijan Choudhury', 'Ashwani Kumar Sharma']"
v0_066_call_open_for_women_scientist_scheme_b_wos_b_2018_19,Shailly Tomar,"['Shailly Tomar', 'Sonal Atreya', 'Bijan Choudhury', 'Ashwani Kumar Sharma']"
v0_066_call_open_for_women_scientist_scheme_b_wos_b_2018_19,Shri Ram Yadav,"['Shri Ram Yadav', 'Sonal Atreya', 'Bijan Choudhury', 'Ashwani Kumar Sharma']"
v0_066_call_open_for_women_scientist_scheme_b_wos_b_2018_19,Soma Rohatgi,"['Soma Rohatgi', 'Sonal Atreya', 'Bijan Choudhury', 'Ashwani Kumar Sharma']"
v0_066_call_open_for_women_scientist_scheme_b_wos_b_2018_19,Sachin Suresh Tiwari,"['Sachin Suresh Tiwari', 'Sonal Atreya', 'Bijan Choudhury', 'Ashwani Kumar Sharma']"
v0_066_call_open_for_women_scientist_scheme_b_wos_b_2018_19,Jitin Singla,"['Jitin Singla', 'Sonal Atreya', 'Bijan Choudhury', 'Ashwani Kumar Sharma']"
v0_066_call_open_for_women_scientist_scheme_b_wos_b_2018_19,Rajesh Kumar,"['Rajesh Kumar', 'Sonal Atreya', 'Bijan Choudhury', 'Ashwani Kumar Sharma']"
v0_066_call_open_for_women_scientist_scheme_b_wos_b_2018_19,Akhil Upadhyay,"['Akhil Upadhyay', 'Sonal Atreya', 'Bijan Choudhury', 'Ashwani Kumar Sharma']"
v0_067_dst_dfg_joint_call_inviting_joint_research_proposals,Arindam Biswas,"['Arindam Biswas', 'Saptarshi Kolay', 'Sachin Suresh Tiwari', 'R. P. Singh', 'Partha Roy']"
v0_067_dst_dfg_joint_call_inviting_joint_research_proposals,Avlokita Agrawal,"['Avlokita Agrawal', 'Saptarshi Kolay', 'Sachin Suresh Tiwari', 'R. P. Singh', 'Partha Roy']"
v0_067_dst_dfg_joint_call_inviting_joint_research_proposals,Gaurav Raheja,"['Gaurav Raheja', 'Saptarshi Kolay', 'Sachin Suresh Tiwari', 'R. P. Singh', 'Partha Roy']"
v0_067_dst_dfg_joint_call_inviting_joint_research_proposals,Harshit Sosan Lakra,"['Harshit Sosan Lakra', 'Saptarshi Kolay', 'Sachin Suresh Tiwari', 'R. P. Singh', 'Partha Roy']"
v0_067_dst_dfg_joint_call_inviting_joint_research_proposals,Mahua Mukherjee,"['Mahua Mukherjee', 'Saptarshi Kolay', 'Sachin Suresh Tiwari', 'R. P. Singh', 'Partha Roy']"
v0_067_dst_dfg_joint_call_inviting_joint_research_proposals,Prabhjot Singh Chani,"['Prabhjot Singh Chani', 'Saptarshi Kolay', 'Sachin Suresh Tiwari', 'R. P. Singh', 'Partha Roy']"
v0_067_dst_dfg_joint_call_inviting_joint_research_proposals,E Rajasekar,"['E Rajasekar', 'Saptarshi Kolay', 'Sachin Suresh Tiwari', 'R. P. Singh', 'Partha Roy']"
v0_067_dst_dfg_joint_call_inviting_joint_research_proposals,Ram Sateesh Pasupuleti,"['Ram Sateesh Pasupuleti', 'Saptarshi Kolay', 'Sachin Suresh Tiwari', 'R. P. Singh', 'Partha Roy']"
v0_067_dst_dfg_joint_call_inviting_joint_research_proposals,Saptarshi Kolay,"['Saptarshi Kolay', 'Sachin Suresh Tiwari', 'R. P. Singh', 'Partha Roy', 'Jaydev Dabas']"
v0_067_dst_dfg_joint_call_inviting_joint_research_proposals,Shubhajit Sadhukhan,"['Shubhajit Sadhukhan', 'Saptarshi Kolay', 'Sachin Suresh Tiwari', 'R. P. Singh', 'Partha Roy']"
v0_067_dst_dfg_joint_call_inviting_joint_research_proposals,Smriti Saraswat,"['Smriti Saraswat', 'Saptarshi Kolay', 'Sachin Suresh Tiwari', 'R. P. Singh', 'Partha Roy']"
v0_067_dst_dfg_joint_call_inviting_joint_research_proposals,Sonal Atreya,"['Sonal Atreya', 'Saptarshi Kolay', 'Sachin Suresh Tiwari', 'R. P. Singh', 'Partha Roy']"
v0_067_dst_dfg_joint_call_inviting_joint_research_proposals,Tina Pujara,"['Tina Pujara', 'Saptarshi Kolay', 'Sachin Suresh Tiwari', 'R. P. Singh', 'Partha Roy']"
v0_067_dst_dfg_joint_call_inviting_joint_research_proposals,Uttam Kumar Roy,"['Uttam Kumar Roy', 'Saptarshi Kolay', 'Sachin Suresh Tiwari', 'R. P. Singh', 'Partha Roy']"
v0_067_dst_dfg_joint_call_inviting_joint_research_proposals,V Devadas,"['V Devadas', 'Saptarshi Kolay', 'Sachin Suresh Tiwari', 'R. P. Singh', 'Partha Roy']"
v0_067_dst_dfg_joint_call_inviting_joint_research_proposals,Jaydev Dabas,"['Jaydev Dabas', 'Saptarshi Kolay', 'Sachin Suresh Tiwari', 'R. P. Singh', 'Partha Roy']"
v0_067_dst_dfg_joint_call_inviting_joint_research_proposals,Millie Pant,"['Millie Pant', 'Saptarshi Kolay', 'Sachin Suresh Tiwari', 'R. P. Singh', 'Partha Roy']"
v0_067_dst_dfg_joint_call_inviting_joint_research_proposals,Rajan Arora,"['Rajan Arora', 'Saptarshi Kolay', 'Sachin Suresh Tiwari', 'R. P. Singh', 'Partha Roy']"
v0_067_dst_dfg_joint_call_inviting_joint_research_proposals,Ashwani Kumar Sharma,"['Ashwani Kumar Sharma', 'Saptarshi Kolay', 'Sachin Suresh Tiwari', 'R. P. Singh', 'Partha Roy']"
v0_067_dst_dfg_joint_call_inviting_joint_research_proposals,Bijan Choudhury,"['Bijan Choudhury', 'Saptarshi Kolay', 'Sachin Suresh Tiwari', 'R. P. Singh', 'Partha Roy']"
v0_067_dst_dfg_joint_call_inviting_joint_research_proposals,Debabrata Sircar,"['Debabrata Sircar', 'Saptarshi Kolay', 'Sachin Suresh Tiwari', 'R. P. Singh', 'Partha Roy']"
v0_067_dst_dfg_joint_call_inviting_joint_research_proposals,Deepak Sharma,"['Deepak Sharma', 'Saptarshi Kolay', 'Sachin Suresh Tiwari', 'R. P. Singh', 'Partha Roy']"
v0_067_dst_dfg_joint_call_inviting_joint_research_proposals,P Gopinath,"['P Gopinath', 'Saptarshi Kolay', 'Sachin Suresh Tiwari', 'R. P. Singh', 'Partha Roy']"
v0_067_dst_dfg_joint_call_inviting_joint_research_proposals,Harsh Chauhan,"['Harsh Chauhan', 'Saptarshi Kolay', 'Sachin Suresh Tiwari', 'R. P. Singh', 'Partha Roy']"
v0_067_dst_dfg_joint_call_inviting_joint_research_proposals,Srinivas Kiran Ambatipudi,"['Srinivas Kiran Ambatipudi', 'Saptarshi Kolay', 'Sachin Suresh Tiwari', 'R. P. Singh', 'Partha Roy']"
v0_067_dst_dfg_joint_call_inviting_joint_research_proposals,Krishna Mohan Poluri,"['Krishna Mohan Poluri', 'Saptarshi Kolay', 'Sachin Suresh Tiwari', 'R. P. Singh', 'Partha Roy']"
v0_067_dst_dfg_joint_call_inviting_joint_research_proposals,Maya S.Nair,"['Maya S.Nair', 'Saptarshi Kolay', 'Sachin Suresh Tiwari', 'R. P. Singh', 'Partha Roy']"
v0_067_dst_dfg_joint_call_inviting_joint_research_proposals,N K Navani,"['N K Navani', 'Saptarshi Kolay', 'Sachin Suresh Tiwari', 'R. P. Singh', 'Partha Roy']"
v0_067_dst_dfg_joint_call_inviting_joint_research_proposals,Partha Roy,"['Partha Roy', 'Saptarshi Kolay', 'Sachin Suresh Tiwari', 'R. P. Singh', 'Jaydev Dabas']"
v0_067_dst_dfg_joint_call_inviting_joint_research_proposals,Poonam Choudhary,"['Poonam Choudhary', 'Saptarshi Kolay', 'Sachin Suresh Tiwari', 'R. P. Singh', 'Partha Roy']"
v0_067_dst_dfg_joint_call_inviting_joint_research_proposals,Prabhat Kumar Mandal,"['Prabhat Kumar Mandal', 'Saptarshi Kolay', 'Sachin Suresh Tiwari', 'R. P. Singh', 'Partha Roy']"
v0_067_dst_dfg_joint_call_inviting_joint_research_proposals,Pranita P Sarangi,"['Pranita P Sarangi', 'Saptarshi Kolay', 'Sachin Suresh Tiwari', 'R. P. Singh', 'Partha Roy']"
v0_067_dst_dfg_joint_call_inviting_joint_research_proposals,Pravindra Kumar,"['Pravindra Kumar', 'Saptarshi Kolay', 'Sachin Suresh Tiwari', 'R. P. Singh', 'Partha Roy']"
v0_067_dst_dfg_joint_call_inviting_joint_research_proposals,Prince Tiwari,"['Prince Tiwari', 'Saptarshi Kolay', 'Sachin Suresh Tiwari', 'R. P. Singh', 'Partha Roy']"
v0_067_dst_dfg_joint_call_inviting_joint_research_proposals,R. P. Singh,"['R. P. Singh', 'Saptarshi Kolay', 'Sachin Suresh Tiwari', 'Partha Roy', 'Jaydev Dabas']"
v0_067_dst_dfg_joint_call_inviting_joint_research_proposals,Ramasare Prasad,"['Ramasare Prasad', 'Saptarshi Kolay', 'Sachin Suresh Tiwari', 'R. P. Singh', 'Partha Roy']"
v0_067_dst_dfg_joint_call_inviting_joint_research_proposals,Ranjana Pathania,"['Ranjana Pathania', 'Saptarshi Kolay', 'Sachin Suresh Tiwari', 'R. P. Singh', 'Partha Roy']"
v0_067_dst_dfg_joint_call_inviting_joint_research_proposals,Sanjoy Ghosh,"['Sanjoy Ghosh', 'Saptarshi Kolay', 'Sachin Suresh Tiwari', 'R. P. Singh', 'Partha Roy']"
v0_067_dst_dfg_joint_call_inviting_joint_research_proposals,Saugata Hazra,"['Saugata Hazra', 'Saptarshi Kolay', 'Sachin Suresh Tiwari', 'R. P. Singh', 'Partha Roy']"
v0_067_dst_dfg_joint_call_inviting_joint_research_proposals,Shailly Tomar,"['Shailly Tomar', 'Saptarshi Kolay', 'Sachin Suresh Tiwari', 'R. P. Singh', 'Partha Roy']"
v0_067_dst_dfg_joint_call_inviting_joint_research_proposals,Shri Ram Yadav,"['Shri Ram Yadav', 'Saptarshi Kolay', 'Sachin Suresh Tiwari', 'R. P. Singh', 'Partha Roy']"
v0_067_dst_dfg_joint_call_inviting_joint_research_proposals,Soma Rohatgi,"['Soma Rohatgi', 'Saptarshi Kolay', 'Sachin Suresh Tiwari', 'R. P. Singh', 'Partha Roy']"
v0_067_dst_dfg_joint_call_inviting_joint_research_proposals,Sachin Suresh Tiwari,"['Sachin Suresh Tiwari', 'Saptarshi Kolay', 'R. P. Singh', 'Partha Roy', 'Jaydev Dabas']"
v0_067_dst_dfg_joint_call_inviting_joint_research_proposals,Jitin Singla,"['Jitin Singla', 'Saptarshi Kolay', 'Sachin Suresh Tiwari', 'R. P. Singh', 'Partha Roy']"
v0_067_dst_dfg_joint_call_inviting_joint_research_proposals,Rajesh Kumar,"['Rajesh Kumar', 'Saptarshi Kolay', 'Sachin Suresh Tiwari', 'R. P. Singh', 'Partha Roy']"
v0_067_dst_dfg_joint_call_inviting_joint_research_proposals,Akhil Upadhyay,"['Akhil Upadhyay', 'Saptarshi Kolay', 'Sachin Suresh Tiwari', 'R. P. Singh', 'Partha Roy']"
v0_068_call_for_proposal_cfp__2_under_india___israel_industrial_rd_and_technological_innovation_fund_i4f,Arindam Biswas,"['Arindam Biswas', 'Mahua Mukherjee']"
v0_068_call_for_proposal_cfp__2_under_india___israel_industrial_rd_and_technological_innovation_fund_i4f,Avlokita Agrawal,"['Avlokita Agrawal', 'Mahua Mukherjee']"
v0_068_call_for_proposal_cfp__2_under_india___israel_industrial_rd_and_technological_innovation_fund_i4f,Gaurav Raheja,"['Gaurav Raheja', 'Mahua Mukherjee']"
v0_068_call_for_proposal_cfp__2_under_india___israel_industrial_rd_and_technological_innovation_fund_i4f,Harshit Sosan Lakra,"['Harshit Sosan Lakra', 'Mahua Mukherjee']"
v0_068_call_for_proposal_cfp__2_under_india___israel_industrial_rd_and_technological_innovation_fund_i4f,Mahua Mukherjee,['Mahua Mukherjee']
v0_068_call_for_proposal_cfp__2_under_india___israel_industrial_rd_and_technological_innovation_fund_i4f,Prabhjot Singh Chani,"['Prabhjot Singh Chani', 'Mahua Mukherjee']"
v0_068_call_for_proposal_cfp__2_under_india___israel_industrial_rd_and_technological_innovation_fund_i4f,E Rajasekar,"['E Rajasekar', 'Mahua Mukherjee']"
v0_068_call_for_proposal_cfp__2_under_india___israel_industrial_rd_and_technological_innovation_fund_i4f,Ram Sateesh Pasupuleti,"['Ram Sateesh Pasupuleti', 'Mahua Mukherjee']"
v0_068_call_for_proposal_cfp__2_under_india___israel_industrial_rd_and_technological_innovation_fund_i4f,Saptarshi Kolay,"['Saptarshi Kolay', 'Mahua Mukherjee']"
v0_068_call_for_proposal_cfp__2_under_india___israel_industrial_rd_and_technological_innovation_fund_i4f,Shubhajit Sadhukhan,"['Shubhajit Sadhukhan', 'Mahua Mukherjee']"
v0_068_call_for_proposal_cfp__2_under_india___israel_industrial_rd_and_technological_innovation_fund_i4f,Smriti Saraswat,"['Smriti Saraswat', 'Mahua Mukherjee']"
v0_068_call_for_proposal_cfp__2_under_india___israel_industrial_rd_and_technological_innovation_fund_i4f,Sonal Atreya,"['Sonal Atreya', 'Mahua Mukherjee']"
v0_068_call_for_proposal_cfp__2_under_india___israel_industrial_rd_and_technological_innovation_fund_i4f,Tina Pujara,"['Tina Pujara', 'Mahua Mukherjee']"
v0_068_call_for_proposal_cfp__2_under_india___israel_industrial_rd_and_technological_innovation_fund_i4f,Uttam Kumar Roy,"['Uttam Kumar Roy', 'Mahua Mukherjee']"
v0_068_call_for_proposal_cfp__2_under_india___israel_industrial_rd_and_technological_innovation_fund_i4f,V Devadas,"['V Devadas', 'Mahua Mukherjee']"
v0_068_call_for_proposal_cfp__2_under_india___israel_industrial_rd_and_technological_innovation_fund_i4f,Jaydev Dabas,"['Jaydev Dabas', 'Mahua Mukherjee']"
v0_068_call_for_proposal_cfp__2_under_india___israel_industrial_rd_and_technological_innovation_fund_i4f,Millie Pant,"['Millie Pant', 'Mahua Mukherjee']"
v0_068_call_for_proposal_cfp__2_under_india___israel_industrial_rd_and_technological_innovation_fund_i4f,Rajan Arora,"['Rajan Arora', 'Mahua Mukherjee']"
v0_068_call_for_proposal_cfp__2_under_india___israel_industrial_rd_and_technological_innovation_fund_i4f,Ashwani Kumar Sharma,"['Ashwani Kumar Sharma', 'Mahua Mukherjee']"
v0_068_call_for_proposal_cfp__2_under_india___israel_industrial_rd_and_technological_innovation_fund_i4f,Bijan Choudhury,"['Bijan Choudhury', 'Mahua Mukherjee']"
v0_068_call_for_proposal_cfp__2_under_india___israel_industrial_rd_and_technological_innovation_fund_i4f,Debabrata Sircar,"['Debabrata Sircar', 'Mahua Mukherjee']"
v0_068_call_for_proposal_cfp__2_under_india___israel_industrial_rd_and_technological_innovation_fund_i4f,Deepak Sharma,"['Deepak Sharma', 'Mahua Mukherjee']"
v0_068_call_for_proposal_cfp__2_under_india___israel_industrial_rd_and_technological_innovation_fund_i4f,P Gopinath,"['P Gopinath', 'Mahua Mukherjee']"
v0_068_call_for_proposal_cfp__2_under_india___israel_industrial_rd_and_technological_innovation_fund_i4f,Harsh Chauhan,"['Harsh Chauhan', 'Mahua Mukherjee']"
v0_068_call_for_proposal_cfp__2_under_india___israel_industrial_rd_and_technological_innovation_fund_i4f,Srinivas Kiran Ambatipudi,"['Srinivas Kiran Ambatipudi', 'Mahua Mukherjee']"
v0_068_call_for_proposal_cfp__2_under_india___israel_industrial_rd_and_technological_innovation_fund_i4f,Krishna Mohan Poluri,"['Krishna Mohan Poluri', 'Mahua Mukherjee']"
v0_068_call_for_proposal_cfp__2_under_india___israel_industrial_rd_and_technological_innovation_fund_i4f,Maya S.Nair,"['Maya S.Nair', 'Mahua Mukherjee']"
v0_068_call_for_proposal_cfp__2_under_india___israel_industrial_rd_and_technological_innovation_fund_i4f,N K Navani,"['N K Navani', 'Mahua Mukherjee']"
v0_068_call_for_proposal_cfp__2_under_india___israel_industrial_rd_and_technological_innovation_fund_i4f,Partha Roy,"['Partha Roy', 'Mahua Mukherjee']"
v0_068_call_for_proposal_cfp__2_under_india___israel_industrial_rd_and_technological_innovation_fund_i4f,Poonam Choudhary,"['Poonam Choudhary', 'Mahua Mukherjee']"
v0_068_call_for_proposal_cfp__2_under_india___israel_industrial_rd_and_technological_innovation_fund_i4f,Prabhat Kumar Mandal,"['Prabhat Kumar Mandal', 'Mahua Mukherjee']"
v0_068_call_for_proposal_cfp__2_under_india___israel_industrial_rd_and_technological_innovation_fund_i4f,Pranita P Sarangi,"['Pranita P Sarangi', 'Mahua Mukherjee']"
v0_068_call_for_proposal_cfp__2_under_india___israel_industrial_rd_and_technological_innovation_fund_i4f,Pravindra Kumar,"['Pravindra Kumar', 'Mahua Mukherjee']"
v0_068_call_for_proposal_cfp__2_under_india___israel_industrial_rd_and_technological_innovation_fund_i4f,Prince Tiwari,"['Prince Tiwari', 'Mahua Mukherjee']"
v0_068_call_for_proposal_cfp__2_under_india___israel_industrial_rd_and_technological_innovation_fund_i4f,R. P. Singh,"['R. P. Singh', 'Mahua Mukherjee']"
v0_068_call_for_proposal_cfp__2_under_india___israel_industrial_rd_and_technological_innovation_fund_i4f,Ramasare Prasad,"['Ramasare Prasad', 'Mahua Mukherjee']"
v0_068_call_for_proposal_cfp__2_under_india___israel_industrial_rd_and_technological_innovation_fund_i4f,Ranjana Pathania,"['Ranjana Pathania', 'Mahua Mukherjee']"
v0_068_call_for_proposal_cfp__2_under_india___israel_industrial_rd_and_technological_innovation_fund_i4f,Sanjoy Ghosh,"['Sanjoy Ghosh', 'Mahua Mukherjee']"
v0_068_call_for_proposal_cfp__2_under_india___israel_industrial_rd_and_technological_innovation_fund_i4f,Saugata Hazra,"['Saugata Hazra', 'Mahua Mukherjee']"
v0_068_call_for_proposal_cfp__2_under_india___israel_industrial_rd_and_technological_innovation_fund_i4f,Shailly Tomar,"['Shailly Tomar', 'Mahua Mukherjee']"
v0_068_call_for_proposal_cfp__2_under_india___israel_industrial_rd_and_technological_innovation_fund_i4f,Shri Ram Yadav,"['Shri Ram Yadav', 'Mahua Mukherjee']"
v0_068_call_for_proposal_cfp__2_under_india___israel_industrial_rd_and_technological_innovation_fund_i4f,Soma Rohatgi,"['Soma Rohatgi', 'Mahua Mukherjee']"
v0_068_call_for_proposal_cfp__2_under_india___israel_industrial_rd_and_technological_innovation_fund_i4f,Sachin Suresh Tiwari,"['Sachin Suresh Tiwari', 'Mahua Mukherjee']"
v0_068_call_for_proposal_cfp__2_under_india___israel_industrial_rd_and_technological_innovation_fund_i4f,Jitin Singla,"['Jitin Singla', 'Mahua Mukherjee']"
v0_068_call_for_proposal_cfp__2_under_india___israel_industrial_rd_and_technological_innovation_fund_i4f,Rajesh Kumar,"['Rajesh Kumar', 'Mahua Mukherjee']"
v0_068_call_for_proposal_cfp__2_under_india___israel_industrial_rd_and_technological_innovation_fund_i4f,Akhil Upadhyay,"['Akhil Upadhyay', 'Mahua Mukherjee']"
v0_069_call___unescojapan_young_researchs_fellowship_programme_unescokeizo_obuchi_research_fellowships_programme_cycle_2018,Arindam Biswas,"['Arindam Biswas', 'Ranjana Pathania', 'R. P. Singh']"
v0_069_call___unescojapan_young_researchs_fellowship_programme_unescokeizo_obuchi_research_fellowships_programme_cycle_2018,Avlokita Agrawal,"['Avlokita Agrawal', 'Maya S.Nair', 'Poonam Choudhary']"
v0_069_call___unescojapan_young_researchs_fellowship_programme_unescokeizo_obuchi_research_fellowships_programme_cycle_2018,Gaurav Raheja,"['Gaurav Raheja', 'Prince Tiwari']"
v0_069_call___unescojapan_young_researchs_fellowship_programme_unescokeizo_obuchi_research_fellowships_programme_cycle_2018,Harshit Sosan Lakra,"['Harshit Sosan Lakra', 'Pravindra Kumar', 'Prince Tiwari']"
v0_069_call___unescojapan_young_researchs_fellowship_programme_unescokeizo_obuchi_research_fellowships_programme_cycle_2018,Mahua Mukherjee,"['Mahua Mukherjee', 'Soma Rohatgi', 'Shailly Tomar']"
v0_069_call___unescojapan_young_researchs_fellowship_programme_unescokeizo_obuchi_research_fellowships_programme_cycle_2018,Prabhjot Singh Chani,"['Prabhjot Singh Chani', 'Krishna Mohan Poluri', 'Jitin Singla']"
v0_069_call___unescojapan_young_researchs_fellowship_programme_unescokeizo_obuchi_research_fellowships_programme_cycle_2018,E Rajasekar,"['E Rajasekar', 'Ranjana Pathania', 'R. P. Singh', 'Soma Rohatgi', 'Ramasare Prasad']"
v0_069_call___unescojapan_young_researchs_fellowship_programme_unescokeizo_obuchi_research_fellowships_programme_cycle_2018,Ram Sateesh Pasupuleti,"['Ram Sateesh Pasupuleti', 'Krishna Mohan Poluri', 'Jitin Singla', 'Sachin Suresh Tiwari', 'N K Navani']"
v0_069_call___unescojapan_young_researchs_fellowship_programme_unescokeizo_obuchi_research_fellowships_programme_cycle_2018,Saptarshi Kolay,"['Saptarshi Kolay', 'Krishna Mohan Poluri']"
v0_069_call___unescojapan_young_researchs_fellowship_programme_unescokeizo_obuchi_research_fellowships_programme_cycle_2018,Shubhajit Sadhukhan,"['Shubhajit Sadhukhan', 'Soma Rohatgi', 'Sanjoy Ghosh', 'Pravindra Kumar']"
v0_069_call___unescojapan_young_researchs_fellowship_programme_unescokeizo_obuchi_research_fellowships_programme_cycle_2018,Smriti Saraswat,"['Smriti Saraswat', 'Ranjana Pathania', 'N K Navani', 'Prince Tiwari']"
v0_069_call___unescojapan_young_researchs_fellowship_programme_unescokeizo_obuchi_research_fellowships_programme_cycle_2018,Sonal Atreya,"['Sonal Atreya', 'Pravindra Kumar', 'Jitin Singla', 'Shri Ram Yadav']"
v0_069_call___unescojapan_young_researchs_fellowship_programme_unescokeizo_obuchi_research_fellowships_programme_cycle_2018,Tina Pujara,"['Tina Pujara', 'Saugata Hazra', 'N K Navani']"
v0_069_call___unescojapan_young_researchs_fellowship_programme_unescokeizo_obuchi_research_fellowships_programme_cycle_2018,Uttam Kumar Roy,"['Uttam Kumar Roy', 'Sanjoy Ghosh', 'Jitin Singla']"
v0_069_call___unescojapan_young_researchs_fellowship_programme_unescokeizo_obuchi_research_fellowships_programme_cycle_2018,V Devadas,"['V Devadas', 'Shailly Tomar', 'Prince Tiwari', 'Ranjana Pathania']"
v0_069_call___unescojapan_young_researchs_fellowship_programme_unescokeizo_obuchi_research_fellowships_programme_cycle_2018,Jaydev Dabas,"['Jaydev Dabas', 'Poonam Choudhary', 'Ranjana Pathania', 'Pravindra Kumar']"
v0_069_call___unescojapan_young_researchs_fellowship_programme_unescokeizo_obuchi_research_fellowships_programme_cycle_2018,Millie Pant,"['Millie Pant', 'Shri Ram Yadav', 'Krishna Mohan Poluri', 'Ranjana Pathania']"
v0_069_call___unescojapan_young_researchs_fellowship_programme_unescokeizo_obuchi_research_fellowships_programme_cycle_2018,Rajan Arora,"['Rajan Arora', 'Ramasare Prasad']"
v0_069_call___unescojapan_young_researchs_fellowship_programme_unescokeizo_obuchi_research_fellowships_programme_cycle_2018,Ashwani Kumar Sharma,"['Ashwani Kumar Sharma', 'Rajesh Kumar', 'Sachin Suresh Tiwari']"
v0_069_call___unescojapan_young_researchs_fellowship_programme_unescokeizo_obuchi_research_fellowships_programme_cycle_2018,Bijan Choudhury,"['Bijan Choudhury', 'Shri Ram Yadav', 'Maya S.Nair', 'Sanjoy Ghosh']"
v0_069_call___unescojapan_young_researchs_fellowship_programme_unescokeizo_obuchi_research_fellowships_programme_cycle_2018,Debabrata Sircar,"['Debabrata Sircar', 'Poonam Choudhary', 'Prabhat Kumar Mandal', 'Soma Rohatgi', 'Harsh Chauhan']"
v0_069_call___unescojapan_young_researchs_fellowship_programme_unescokeizo_obuchi_research_fellowships_programme_cycle_2018,Deepak Sharma,"['Deepak Sharma', 'Prince Tiwari', 'Saugata Hazra', 'Sachin Suresh Tiwari']"
v0_069_call___unescojapan_young_researchs_fellowship_programme_unescokeizo_obuchi_research_fellowships_programme_cycle_2018,P Gopinath,"['P Gopinath', 'Akhil Upadhyay', 'Ranjana Pathania']"
v0_069_call___unescojapan_young_researchs_fellowship_programme_unescokeizo_obuchi_research_fellowships_programme_cycle_2018,Harsh Chauhan,"['Harsh Chauhan', 'Shri Ram Yadav', 'Poonam Choudhary', 'Saugata Hazra', 'Ranjana Pathania']"
v0_069_call___unescojapan_young_researchs_fellowship_programme_unescokeizo_obuchi_research_fellowships_programme_cycle_2018,Srinivas Kiran Ambatipudi,"['Srinivas Kiran Ambatipudi', 'Soma Rohatgi', 'Maya S.Nair', 'Pravindra Kumar']"
v0_069_call___unescojapan_young_researchs_fellowship_programme_unescokeizo_obuchi_research_fellowships_programme_cycle_2018,Krishna Mohan Poluri,"['Krishna Mohan Poluri', 'Jitin Singla']"
v0_069_call___unescojapan_young_researchs_fellowship_programme_unescokeizo_obuchi_research_fellowships_programme_cycle_2018,Maya S.Nair,"['Maya S.Nair', 'Prabhat Kumar Mandal']"
v0_069_call___unescojapan_young_researchs_fellowship_programme_unescokeizo_obuchi_research_fellowships_programme_cycle_2018,N K Navani,"['N K Navani', 'Akhil Upadhyay', 'Poonam Choudhary']"
v0_069_call___unescojapan_young_researchs_fellowship_programme_unescokeizo_obuchi_research_fellowships_programme_cycle_2018,Partha Roy,"['Partha Roy', 'Poonam Choudhary']"
v0_069_call___unescojapan_young_researchs_fellowship_programme_unescokeizo_obuchi_research_fellowships_programme_cycle_2018,Poonam Choudhary,"['Poonam Choudhary', 'Maya S.Nair', 'Shri Ram Yadav', 'R. P. Singh']"
v0_069_call___unescojapan_young_researchs_fellowship_programme_unescokeizo_obuchi_research_fellowships_programme_cycle_2018,Prabhat Kumar Mandal,"['Prabhat Kumar Mandal', 'Saugata Hazra']"
v0_069_call___unescojapan_young_researchs_fellowship_programme_unescokeizo_obuchi_research_fellowships_programme_cycle_2018,Pranita P Sarangi,"['Pranita P Sarangi', 'Saugata Hazra', 'Sanjoy Ghosh', 'Jitin Singla']"
v0_069_call___unescojapan_young_researchs_fellowship_programme_unescokeizo_obuchi_research_fellowships_programme_cycle_2018,Pravindra Kumar,"['Pravindra Kumar', 'Jitin Singla', 'Shailly Tomar', 'Harsh Chauhan', 'N K Navani']"
v0_069_call___unescojapan_young_researchs_fellowship_programme_unescokeizo_obuchi_research_fellowships_programme_cycle_2018,Prince Tiwari,"['Prince Tiwari', 'Shri Ram Yadav', 'Pravindra Kumar', 'N K Navani', 'Saugata Hazra']"
v0_069_call___unescojapan_young_researchs_fellowship_programme_unescokeizo_obuchi_research_fellowships_programme_cycle_2018,R. P. Singh,"['R. P. Singh', 'Saugata Hazra', 'Shri Ram Yadav']"
v0_069_call___unescojapan_young_researchs_fellowship_programme_unescokeizo_obuchi_research_fellowships_programme_cycle_2018,Ramasare Prasad,"['Ramasare Prasad', 'Ranjana Pathania', 'Saugata Hazra']"
v0_069_call___unescojapan_young_researchs_fellowship_programme_unescokeizo_obuchi_research_fellowships_programme_cycle_2018,Ranjana Pathania,"['Ranjana Pathania', 'Soma Rohatgi', 'Shailly Tomar']"
v0_069_call___unescojapan_young_researchs_fellowship_programme_unescokeizo_obuchi_research_fellowships_programme_cycle_2018,Sanjoy Ghosh,"['Sanjoy Ghosh', 'Shailly Tomar']"
v0_069_call___unescojapan_young_researchs_fellowship_programme_unescokeizo_obuchi_research_fellowships_programme_cycle_2018,Saugata Hazra,"['Saugata Hazra', 'R. P. Singh', 'Sachin Suresh Tiwari', 'Harsh Chauhan']"
v0_069_call___unescojapan_young_researchs_fellowship_programme_unescokeizo_obuchi_research_fellowships_programme_cycle_2018,Shailly Tomar,"['Shailly Tomar', 'Krishna Mohan Poluri', 'Pravindra Kumar', 'Harsh Chauhan']"
v0_069_call___unescojapan_young_researchs_fellowship_programme_unescokeizo_obuchi_research_fellowships_programme_cycle_2018,Shri Ram Yadav,"['Shri Ram Yadav', 'Saugata Hazra', 'R. P. Singh', 'Akhil Upadhyay', 'Sachin Suresh Tiwari']"
v0_069_call___unescojapan_young_researchs_fellowship_programme_unescokeizo_obuchi_research_fellowships_programme_cycle_2018,Soma Rohatgi,"['Soma Rohatgi', 'Sanjoy Ghosh', 'Shailly Tomar', 'Akhil Upadhyay']"
v0_069_call___unescojapan_young_researchs_fellowship_programme_unescokeizo_obuchi_research_fellowships_programme_cycle_2018,Sachin Suresh Tiwari,"['Sachin Suresh Tiwari', 'Poonam Choudhary', 'R. P. Singh']"
v0_069_call___unescojapan_young_researchs_fellowship_programme_unescokeizo_obuchi_research_fellowships_programme_cycle_2018,Jitin Singla,"['Jitin Singla', 'Pravindra Kumar', 'Prabhat Kumar Mandal', 'Poonam Choudhary']"
v0_069_call___unescojapan_young_researchs_fellowship_programme_unescokeizo_obuchi_research_fellowships_programme_cycle_2018,Rajesh Kumar,"['Rajesh Kumar', 'Akhil Upadhyay', 'Jitin Singla']"
v0_069_call___unescojapan_young_researchs_fellowship_programme_unescokeizo_obuchi_research_fellowships_programme_cycle_2018,Akhil Upadhyay,"['Akhil Upadhyay', 'Jitin Singla']"
v0_070_call_for_nominations_serb_distinguished_fellowship_last_date_upto_30_november_2018,Arindam Biswas,"['Arindam Biswas', 'P Gopinath', 'Rajan Arora', 'V Devadas']"
v0_070_call_for_nominations_serb_distinguished_fellowship_last_date_upto_30_november_2018,Avlokita Agrawal,"['Avlokita Agrawal', 'Sachin Suresh Tiwari', 'R. P. Singh', 'Akhil Upadhyay', 'Rajesh Kumar']"
v0_070_call_for_nominations_serb_distinguished_fellowship_last_date_upto_30_november_2018,Gaurav Raheja,"['Gaurav Raheja', 'Ram Sateesh Pasupuleti']"
v0_070_call_for_nominations_serb_distinguished_fellowship_last_date_upto_30_november_2018,Harshit Sosan Lakra,"['Harshit Sosan Lakra', 'Jaydev Dabas']"
v0_070_call_for_nominations_serb_distinguished_fellowship_last_date_upto_30_november_2018,Mahua Mukherjee,"['Mahua Mukherjee', 'Shri Ram Yadav', 'Arindam Biswas']"
v0_070_call_for_nominations_serb_distinguished_fellowship_last_date_upto_30_november_2018,Prabhjot Singh Chani,"['Prabhjot Singh Chani', 'Maya S.Nair', 'Bijan Choudhury', 'V Devadas']"
v0_070_call_for_nominations_serb_distinguished_fellowship_last_date_upto_30_november_2018,E Rajasekar,"['E Rajasekar', 'Uttam Kumar Roy', 'Sachin Suresh Tiwari', 'Shailly Tomar', 'Ram Sateesh Pasupuleti']"
v0_070_call_for_nominations_serb_distinguished_fellowship_last_date_upto_30_november_2018,Ram Sateesh Pasupuleti,"['Ram Sateesh Pasupuleti', 'Arindam Biswas']"
v0_070_call_for_nominations_serb_distinguished_fellowship_last_date_upto_30_november_2018,Saptarshi Kolay,"['Saptarshi Kolay', 'Jitin Singla', 'Rajan Arora']"
v0_070_call_for_nominations_serb_distinguished_fellowship_last_date_upto_30_november_2018,Shubhajit Sadhukhan,"['Shubhajit Sadhukhan', 'Saugata Hazra', 'Sanjoy Ghosh', 'Jaydev Dabas']"
v0_070_call_for_nominations_serb_distinguished_fellowship_last_date_upto_30_november_2018,Smriti Saraswat,"['Smriti Saraswat', 'Sanjoy Ghosh']"
v0_070_call_for_nominations_serb_distinguished_fellowship_last_date_upto_30_november_2018,Sonal Atreya,"['Sonal Atreya', 'Arindam Biswas']"
v0_070_call_for_nominations_serb_distinguished_fellowship_last_date_upto_30_november_2018,Tina Pujara,"['Tina Pujara', 'Arindam Biswas', 'Maya S.Nair', 'Saugata Hazra']"
v0_070_call_for_nominations_serb_distinguished_fellowship_last_date_upto_30_november_2018,Uttam Kumar Roy,"['Uttam Kumar Roy', 'Rajesh Kumar']"
v0_070_call_for_nominations_serb_distinguished_fellowship_last_date_upto_30_november_2018,V Devadas,"['V Devadas', 'Rajesh Kumar']"
v0_070_call_for_nominations_serb_distinguished_fellowship_last_date_upto_30_november_2018,Jaydev Dabas,"['Jaydev Dabas', 'Maya S.Nair', 'Sachin Suresh Tiwari', 'Shubhajit Sadhukhan']"
v0_070_call_for_nominations_serb_distinguished_fellowship_last_date_upto_30_november_2018,Millie Pant,"['Millie Pant', 'P Gopinath', 'Sanjoy Ghosh', 'Shubhajit Sadhukhan']"
v0_070_call_for_nominations_serb_distinguished_fellowship_last_date_upto_30_november_2018,Rajan Arora,"['Rajan Arora', 'R. P. Singh', 'Shri Ram Yadav', 'Jaydev Dabas', 'Jitin Singla']"
v0_070_call_for_nominations_serb_distinguished_fellowship_last_date_upto_30_november_2018,Ashwani Kumar Sharma,"['Ashwani Kumar Sharma', 'Rajesh Kumar', 'Maya S.Nair', 'Ram Sateesh Pasupuleti', 'Arindam Biswas']"
v0_070_call_for_nominations_serb_distinguished_fellowship_last_date_upto_30_november_2018,Bijan Choudhury,"['Bijan Choudhury', 'Sachin Suresh Tiwari']"
v0_070_call_for_nominations_serb_distinguished_fellowship_last_date_upto_30_november_2018,Debabrata Sircar,"['Debabrata Sircar', 'Bijan Choudhury', 'Shri Ram Yadav']"
v0_070_call_for_nominations_serb_distinguished_fellowship_last_date_upto_30_november_2018,Deepak Sharma,"['Deepak Sharma', 'Sachin Suresh Tiwari', 'Rajan Arora']"
v0_070_call_for_nominations_serb_distinguished_fellowship_last_date_upto_30_november_2018,P Gopinath,"['P Gopinath', 'Arindam Biswas']"
v0_070_call_for_nominations_serb_distinguished_fellowship_last_date_upto_30_november_2018,Harsh Chauhan,"['Harsh Chauhan', 'Uttam Kumar Roy', 'Maya S.Nair', 'Saugata Hazra', 'Sachin Suresh Tiwari']"
v0_070_call_for_nominations_serb_distinguished_fellowship_last_date_upto_30_november_2018,Srinivas Kiran Ambatipudi,"['Srinivas Kiran Ambatipudi', 'Rajesh Kumar']"
v0_070_call_for_nominations_serb_distinguished_fellowship_last_date_upto_30_november_2018,Krishna Mohan Poluri,"['Krishna Mohan Poluri', 'Uttam Kumar Roy', 'Soma Rohatgi', 'Jaydev Dabas', 'Saugata Hazra']"
v0_070_call_for_nominations_serb_distinguished_fellowship_last_date_upto_30_november_2018,Maya S.Nair,"['Maya S.Nair', 'P Gopinath', 'Sanjoy Ghosh', 'Jaydev Dabas']"
v0_070_call_for_nominations_serb_distinguished_fellowship_last_date_upto_30_november_2018,N K Navani,"['N K Navani', 'Jaydev Dabas', 'Rajesh Kumar', 'Rajan Arora', 'Jitin Singla']"
v0_070_call_for_nominations_serb_distinguished_fellowship_last_date_upto_30_november_2018,Partha Roy,"['Partha Roy', 'Sanjoy Ghosh', 'Sachin Suresh Tiwari']"
v0_070_call_for_nominations_serb_distinguished_fellowship_last_date_upto_30_november_2018,Poonam Choudhary,"['Poonam Choudhary', 'Shubhajit Sadhukhan']"
v0_070_call_for_nominations_serb_distinguished_fellowship_last_date_upto_30_november_2018,Prabhat Kumar Mandal,"['Prabhat Kumar Mandal', 'Soma Rohatgi', 'V Devadas', 'Maya S.Nair']"
v0_070_call_for_nominations_serb_distinguished_fellowship_last_date_upto_30_november_2018,Pranita P Sarangi,"['Pranita P Sarangi', 'Soma Rohatgi', 'Saugata Hazra', 'Jaydev Dabas']"
v0_070_call_for_nominations_serb_distinguished_fellowship_last_date_upto_30_november_2018,Pravindra Kumar,"['Pravindra Kumar', 'Ram Sateesh Pasupuleti', 'Saugata Hazra', 'Maya S.Nair', 'Akhil Upadhyay']"
v0_070_call_for_nominations_serb_distinguished_fellowship_last_date_upto_30_november_2018,Prince Tiwari,"['Prince Tiwari', 'Arindam Biswas']"
v0_070_call_for_nominations_serb_distinguished_fellowship_last_date_upto_30_november_2018,R. P. Singh,"['R. P. Singh', 'Shubhajit Sadhukhan', 'Bijan Choudhury', 'Soma Rohatgi', 'Uttam Kumar Roy']"
v0_070_call_for_nominations_serb_distinguished_fellowship_last_date_upto_30_november_2018,Ramasare Prasad,"['Ramasare Prasad', 'Jaydev Dabas', 'Maya S.Nair', 'Ram Sateesh Pasupuleti', 'Akhil Upadhyay']"
v0_070_call_for_nominations_serb_distinguished_fellowship_last_date_upto_30_november_2018,Ranjana Pathania,"['Ranjana Pathania', 'R. P. Singh', 'Ram Sateesh Pasupuleti', 'Sanjoy Ghosh']"
v0_070_call_for_nominations_serb_distinguished_fellowship_last_date_upto_30_november_2018,Sanjoy Ghosh,"['Sanjoy Ghosh', 'V Devadas', 'Shailly Tomar', 'Maya S.Nair']"
v0_070_call_for_nominations_serb_distinguished_fellowship_last_date_upto_30_november_2018,Saugata Hazra,"['Saugata Hazra', 'Shailly Tomar', 'Rajan Arora', 'Arindam Biswas', 'Bijan Choudhury']"
v0_070_call_for_nominations_serb_distinguished_fellowship_last_date_upto_30_november_2018,Shailly Tomar,"['Shailly Tomar', 'Shubhajit Sadhukhan', 'Sanjoy Ghosh', 'Akhil Upadhyay', 'Jaydev Dabas']"
v0_070_call_for_nominations_serb_distinguished_fellowship_last_date_upto_30_november_2018,Shri Ram Yadav,"['Shri Ram Yadav', 'Shailly Tomar', 'Jitin Singla']"
v0_070_call_for_nominations_serb_distinguished_fellowship_last_date_upto_30_november_2018,Soma Rohatgi,"['Soma Rohatgi', 'Shri Ram Yadav']"
v0_070_call_for_nominations_serb_distinguished_fellowship_last_date_upto_30_november_2018,Sachin Suresh Tiwari,"['Sachin Suresh Tiwari', 'Rajan Arora']"
v0_070_call_for_nominations_serb_distinguished_fellowship_last_date_upto_30_november_2018,Jitin Singla,"['Jitin Singla', 'Sanjoy Ghosh', 'P Gopinath', 'Akhil Upadhyay']"
v0_070_call_for_nominations_serb_distinguished_fellowship_last_date_upto_30_november_2018,Rajesh Kumar,"['Rajesh Kumar', 'Uttam Kumar Roy', 'Akhil Upadhyay', 'Rajan Arora']"
v0_070_call_for_nominations_serb_distinguished_fellowship_last_date_upto_30_november_2018,Akhil Upadhyay,"['Akhil Upadhyay', 'Arindam Biswas']"
v0_071_dst_dfg_awards_for_participation_in_the_69th_meeting_of_nobel_laureates__students_lindau_germany,Arindam Biswas,"['Arindam Biswas', 'Saptarshi Kolay', 'Sanjoy Ghosh', 'Pravindra Kumar', 'Millie Pant']"
v0_071_dst_dfg_awards_for_participation_in_the_69th_meeting_of_nobel_laureates__students_lindau_germany,Avlokita Agrawal,"['Avlokita Agrawal', 'Saptarshi Kolay', 'Sanjoy Ghosh', 'Pravindra Kumar', 'Millie Pant']"
v0_071_dst_dfg_awards_for_participation_in_the_69th_meeting_of_nobel_laureates__students_lindau_germany,Gaurav Raheja,"['Gaurav Raheja', 'Saptarshi Kolay', 'Sanjoy Ghosh', 'Pravindra Kumar', 'Millie Pant']"
v0_071_dst_dfg_awards_for_participation_in_the_69th_meeting_of_nobel_laureates__students_lindau_germany,Harshit Sosan Lakra,"['Harshit Sosan Lakra', 'Saptarshi Kolay', 'Sanjoy Ghosh', 'Pravindra Kumar', 'Millie Pant']"
v0_071_dst_dfg_awards_for_participation_in_the_69th_meeting_of_nobel_laureates__students_lindau_germany,Mahua Mukherjee,"['Mahua Mukherjee', 'Saptarshi Kolay', 'Sanjoy Ghosh', 'Pravindra Kumar', 'Millie Pant']"
v0_071_dst_dfg_awards_for_participation_in_the_69th_meeting_of_nobel_laureates__students_lindau_germany,Prabhjot Singh Chani,"['Prabhjot Singh Chani', 'Saptarshi Kolay', 'Sanjoy Ghosh', 'Pravindra Kumar', 'Millie Pant']"
v0_071_dst_dfg_awards_for_participation_in_the_69th_meeting_of_nobel_laureates__students_lindau_germany,E Rajasekar,"['E Rajasekar', 'Saptarshi Kolay', 'Sanjoy Ghosh', 'Pravindra Kumar', 'Millie Pant']"
v0_071_dst_dfg_awards_for_participation_in_the_69th_meeting_of_nobel_laureates__students_lindau_germany,Ram Sateesh Pasupuleti,"['Ram Sateesh Pasupuleti', 'Saptarshi Kolay', 'Sanjoy Ghosh', 'Pravindra Kumar', 'Millie Pant']"
v0_071_dst_dfg_awards_for_participation_in_the_69th_meeting_of_nobel_laureates__students_lindau_germany,Saptarshi Kolay,"['Saptarshi Kolay', 'Sanjoy Ghosh', 'Pravindra Kumar', 'Millie Pant']"
v0_071_dst_dfg_awards_for_participation_in_the_69th_meeting_of_nobel_laureates__students_lindau_germany,Shubhajit Sadhukhan,"['Shubhajit Sadhukhan', 'Saptarshi Kolay', 'Sanjoy Ghosh', 'Pravindra Kumar', 'Millie Pant']"
v0_071_dst_dfg_awards_for_participation_in_the_69th_meeting_of_nobel_laureates__students_lindau_germany,Smriti Saraswat,"['Smriti Saraswat', 'Saptarshi Kolay', 'Sanjoy Ghosh', 'Pravindra Kumar', 'Millie Pant']"
v0_071_dst_dfg_awards_for_participation_in_the_69th_meeting_of_nobel_laureates__students_lindau_germany,Sonal Atreya,"['Sonal Atreya', 'Saptarshi Kolay', 'Sanjoy Ghosh', 'Pravindra Kumar', 'Millie Pant']"
v0_071_dst_dfg_awards_for_participation_in_the_69th_meeting_of_nobel_laureates__students_lindau_germany,Tina Pujara,"['Tina Pujara', 'Saptarshi Kolay', 'Sanjoy Ghosh', 'Pravindra Kumar', 'Millie Pant']"
v0_071_dst_dfg_awards_for_participation_in_the_69th_meeting_of_nobel_laureates__students_lindau_germany,Uttam Kumar Roy,"['Uttam Kumar Roy', 'Saptarshi Kolay', 'Sanjoy Ghosh', 'Pravindra Kumar', 'Millie Pant']"
v0_071_dst_dfg_awards_for_participation_in_the_69th_meeting_of_nobel_laureates__students_lindau_germany,V Devadas,"['V Devadas', 'Saptarshi Kolay', 'Sanjoy Ghosh', 'Pravindra Kumar', 'Millie Pant']"
v0_071_dst_dfg_awards_for_participation_in_the_69th_meeting_of_nobel_laureates__students_lindau_germany,Jaydev Dabas,"['Jaydev Dabas', 'Saptarshi Kolay', 'Sanjoy Ghosh', 'Pravindra Kumar', 'Millie Pant']"
v0_071_dst_dfg_awards_for_participation_in_the_69th_meeting_of_nobel_laureates__students_lindau_germany,Millie Pant,"['Millie Pant', 'Saptarshi Kolay', 'Sanjoy Ghosh', 'Pravindra Kumar']"
v0_071_dst_dfg_awards_for_participation_in_the_69th_meeting_of_nobel_laureates__students_lindau_germany,Rajan Arora,"['Rajan Arora', 'Saptarshi Kolay', 'Sanjoy Ghosh', 'Pravindra Kumar', 'Millie Pant']"
v0_071_dst_dfg_awards_for_participation_in_the_69th_meeting_of_nobel_laureates__students_lindau_germany,Ashwani Kumar Sharma,"['Ashwani Kumar Sharma', 'Saptarshi Kolay', 'Sanjoy Ghosh', 'Pravindra Kumar', 'Millie Pant']"
v0_071_dst_dfg_awards_for_participation_in_the_69th_meeting_of_nobel_laureates__students_lindau_germany,Bijan Choudhury,"['Bijan Choudhury', 'Saptarshi Kolay', 'Sanjoy Ghosh', 'Pravindra Kumar', 'Millie Pant']"
v0_071_dst_dfg_awards_for_participation_in_the_69th_meeting_of_nobel_laureates__students_lindau_germany,Debabrata Sircar,"['Debabrata Sircar', 'Saptarshi Kolay', 'Sanjoy Ghosh', 'Pravindra Kumar', 'Millie Pant']"
v0_071_dst_dfg_awards_for_participation_in_the_69th_meeting_of_nobel_laureates__students_lindau_germany,Deepak Sharma,"['Deepak Sharma', 'Saptarshi Kolay', 'Sanjoy Ghosh', 'Pravindra Kumar', 'Millie Pant']"
v0_071_dst_dfg_awards_for_participation_in_the_69th_meeting_of_nobel_laureates__students_lindau_germany,P Gopinath,"['P Gopinath', 'Saptarshi Kolay', 'Sanjoy Ghosh', 'Pravindra Kumar', 'Millie Pant']"
v0_071_dst_dfg_awards_for_participation_in_the_69th_meeting_of_nobel_laureates__students_lindau_germany,Harsh Chauhan,"['Harsh Chauhan', 'Saptarshi Kolay', 'Sanjoy Ghosh', 'Pravindra Kumar', 'Millie Pant']"
v0_071_dst_dfg_awards_for_participation_in_the_69th_meeting_of_nobel_laureates__students_lindau_germany,Srinivas Kiran Ambatipudi,"['Srinivas Kiran Ambatipudi', 'Saptarshi Kolay', 'Sanjoy Ghosh', 'Pravindra Kumar', 'Millie Pant']"
v0_071_dst_dfg_awards_for_participation_in_the_69th_meeting_of_nobel_laureates__students_lindau_germany,Krishna Mohan Poluri,"['Krishna Mohan Poluri', 'Saptarshi Kolay', 'Sanjoy Ghosh', 'Pravindra Kumar', 'Millie Pant']"
v0_071_dst_dfg_awards_for_participation_in_the_69th_meeting_of_nobel_laureates__students_lindau_germany,Maya S.Nair,"['Maya S.Nair', 'Saptarshi Kolay', 'Sanjoy Ghosh', 'Pravindra Kumar', 'Millie Pant']"
v0_071_dst_dfg_awards_for_participation_in_the_69th_meeting_of_nobel_laureates__students_lindau_germany,N K Navani,"['N K Navani', 'Saptarshi Kolay', 'Sanjoy Ghosh', 'Pravindra Kumar', 'Millie Pant']"
v0_071_dst_dfg_awards_for_participation_in_the_69th_meeting_of_nobel_laureates__students_lindau_germany,Partha Roy,"['Partha Roy', 'Saptarshi Kolay', 'Sanjoy Ghosh', 'Pravindra Kumar', 'Millie Pant']"
v0_071_dst_dfg_awards_for_participation_in_the_69th_meeting_of_nobel_laureates__students_lindau_germany,Poonam Choudhary,"['Poonam Choudhary', 'Saptarshi Kolay', 'Sanjoy Ghosh', 'Pravindra Kumar', 'Millie Pant']"
v0_071_dst_dfg_awards_for_participation_in_the_69th_meeting_of_nobel_laureates__students_lindau_germany,Prabhat Kumar Mandal,"['Prabhat Kumar Mandal', 'Saptarshi Kolay', 'Sanjoy Ghosh', 'Pravindra Kumar', 'Millie Pant']"
v0_071_dst_dfg_awards_for_participation_in_the_69th_meeting_of_nobel_laureates__students_lindau_germany,Pranita P Sarangi,"['Pranita P Sarangi', 'Saptarshi Kolay', 'Sanjoy Ghosh', 'Pravindra Kumar', 'Millie Pant']"
v0_071_dst_dfg_awards_for_participation_in_the_69th_meeting_of_nobel_laureates__students_lindau_germany,Pravindra Kumar,"['Pravindra Kumar', 'Saptarshi Kolay', 'Sanjoy Ghosh', 'Millie Pant']"
v0_071_dst_dfg_awards_for_participation_in_the_69th_meeting_of_nobel_laureates__students_lindau_germany,Prince Tiwari,"['Prince Tiwari', 'Saptarshi Kolay', 'Sanjoy Ghosh', 'Pravindra Kumar', 'Millie Pant']"
v0_071_dst_dfg_awards_for_participation_in_the_69th_meeting_of_nobel_laureates__students_lindau_germany,R. P. Singh,"['R. P. Singh', 'Saptarshi Kolay', 'Sanjoy Ghosh', 'Pravindra Kumar', 'Millie Pant']"
v0_071_dst_dfg_awards_for_participation_in_the_69th_meeting_of_nobel_laureates__students_lindau_germany,Ramasare Prasad,"['Ramasare Prasad', 'Saptarshi Kolay', 'Sanjoy Ghosh', 'Pravindra Kumar', 'Millie Pant']"
v0_071_dst_dfg_awards_for_participation_in_the_69th_meeting_of_nobel_laureates__students_lindau_germany,Ranjana Pathania,"['Ranjana Pathania', 'Saptarshi Kolay', 'Sanjoy Ghosh', 'Pravindra Kumar', 'Millie Pant']"
v0_071_dst_dfg_awards_for_participation_in_the_69th_meeting_of_nobel_laureates__students_lindau_germany,Sanjoy Ghosh,"['Sanjoy Ghosh', 'Saptarshi Kolay', 'Pravindra Kumar', 'Millie Pant']"
v0_071_dst_dfg_awards_for_participation_in_the_69th_meeting_of_nobel_laureates__students_lindau_germany,Saugata Hazra,"['Saugata Hazra', 'Saptarshi Kolay', 'Sanjoy Ghosh', 'Pravindra Kumar', 'Millie Pant']"
v0_071_dst_dfg_awards_for_participation_in_the_69th_meeting_of_nobel_laureates__students_lindau_germany,Shailly Tomar,"['Shailly Tomar', 'Saptarshi Kolay', 'Sanjoy Ghosh', 'Pravindra Kumar', 'Millie Pant']"
v0_071_dst_dfg_awards_for_participation_in_the_69th_meeting_of_nobel_laureates__students_lindau_germany,Shri Ram Yadav,"['Shri Ram Yadav', 'Saptarshi Kolay', 'Sanjoy Ghosh', 'Pravindra Kumar', 'Millie Pant']"
v0_071_dst_dfg_awards_for_participation_in_the_69th_meeting_of_nobel_laureates__students_lindau_germany,Soma Rohatgi,"['Soma Rohatgi', 'Saptarshi Kolay', 'Sanjoy Ghosh', 'Pravindra Kumar', 'Millie Pant']"
v0_071_dst_dfg_awards_for_participation_in_the_69th_meeting_of_nobel_laureates__students_lindau_germany,Sachin Suresh Tiwari,"['Sachin Suresh Tiwari', 'Saptarshi Kolay', 'Sanjoy Ghosh', 'Pravindra Kumar', 'Millie Pant']"
v0_071_dst_dfg_awards_for_participation_in_the_69th_meeting_of_nobel_laureates__students_lindau_germany,Jitin Singla,"['Jitin Singla', 'Saptarshi Kolay', 'Sanjoy Ghosh', 'Pravindra Kumar', 'Millie Pant']"
v0_071_dst_dfg_awards_for_participation_in_the_69th_meeting_of_nobel_laureates__students_lindau_germany,Rajesh Kumar,"['Rajesh Kumar', 'Saptarshi Kolay', 'Sanjoy Ghosh', 'Pravindra Kumar', 'Millie Pant']"
v0_071_dst_dfg_awards_for_participation_in_the_69th_meeting_of_nobel_laureates__students_lindau_germany,Akhil Upadhyay,"['Akhil Upadhyay', 'Saptarshi Kolay', 'Sanjoy Ghosh', 'Pravindra Kumar', 'Millie Pant']"
v0_072_india_sweden_joint_call_2018,Arindam Biswas,"['Arindam Biswas', 'Pravindra Kumar', 'Gaurav Raheja']"
v0_072_india_sweden_joint_call_2018,Avlokita Agrawal,"['Avlokita Agrawal', 'Pravindra Kumar', 'Gaurav Raheja']"
v0_072_india_sweden_joint_call_2018,Gaurav Raheja,"['Gaurav Raheja', 'Pravindra Kumar']"
v0_072_india_sweden_joint_call_2018,Harshit Sosan Lakra,"['Harshit Sosan Lakra', 'Pravindra Kumar', 'Gaurav Raheja']"
v0_072_india_sweden_joint_call_2018,Mahua Mukherjee,"['Mahua Mukherjee', 'Pravindra Kumar', 'Gaurav Raheja']"
v0_072_india_sweden_joint_call_2018,Prabhjot Singh Chani,"['Prabhjot Singh Chani', 'Pravindra Kumar', 'Gaurav Raheja']"
v0_072_india_sweden_joint_call_2018,E Rajasekar,"['E Rajasekar', 'Pravindra Kumar', 'Gaurav Raheja']"
v0_072_india_sweden_joint_call_2018,Ram Sateesh Pasupuleti,"['Ram Sateesh Pasupuleti', 'Pravindra Kumar', 'Gaurav Raheja']"
v0_072_india_sweden_joint_call_2018,Saptarshi Kolay,"['Saptarshi Kolay', 'Pravindra Kumar', 'Gaurav Raheja']"
v0_072_india_sweden_joint_call_2018,Shubhajit Sadhukhan,"['Shubhajit Sadhukhan', 'Pravindra Kumar', 'Gaurav Raheja']"
v0_072_india_sweden_joint_call_2018,Smriti Saraswat,"['Smriti Saraswat', 'Pravindra Kumar', 'Gaurav Raheja']"
v0_072_india_sweden_joint_call_2018,Sonal Atreya,"['Sonal Atreya', 'Pravindra Kumar', 'Gaurav Raheja']"
v0_072_india_sweden_joint_call_2018,Tina Pujara,"['Tina Pujara', 'Pravindra Kumar', 'Gaurav Raheja']"
v0_072_india_sweden_joint_call_2018,Uttam Kumar Roy,"['Uttam Kumar Roy', 'Pravindra Kumar', 'Gaurav Raheja']"
v0_072_india_sweden_joint_call_2018,V Devadas,"['V Devadas', 'Pravindra Kumar', 'Gaurav Raheja']"
v0_072_india_sweden_joint_call_2018,Jaydev Dabas,"['Jaydev Dabas', 'Pravindra Kumar', 'Gaurav Raheja']"
v0_072_india_sweden_joint_call_2018,Millie Pant,"['Millie Pant', 'Pravindra Kumar', 'Gaurav Raheja']"
v0_072_india_sweden_joint_call_2018,Rajan Arora,"['Rajan Arora', 'Pravindra Kumar', 'Gaurav Raheja']"
v0_072_india_sweden_joint_call_2018,Ashwani Kumar Sharma,"['Ashwani Kumar Sharma', 'Pravindra Kumar', 'Gaurav Raheja']"
v0_072_india_sweden_joint_call_2018,Bijan Choudhury,"['Bijan Choudhury', 'Pravindra Kumar', 'Gaurav Raheja']"
v0_072_india_sweden_joint_call_2018,Debabrata Sircar,"['Debabrata Sircar', 'Pravindra Kumar', 'Gaurav Raheja']"
v0_072_india_sweden_joint_call_2018,Deepak Sharma,"['Deepak Sharma', 'Pravindra Kumar', 'Gaurav Raheja']"
v0_072_india_sweden_joint_call_2018,P Gopinath,"['P Gopinath', 'Pravindra Kumar', 'Gaurav Raheja']"
v0_072_india_sweden_joint_call_2018,Harsh Chauhan,"['Harsh Chauhan', 'Pravindra Kumar', 'Gaurav Raheja']"
v0_072_india_sweden_joint_call_2018,Srinivas Kiran Ambatipudi,"['Srinivas Kiran Ambatipudi', 'Pravindra Kumar', 'Gaurav Raheja']"
v0_072_india_sweden_joint_call_2018,Krishna Mohan Poluri,"['Krishna Mohan Poluri', 'Pravindra Kumar', 'Gaurav Raheja']"
v0_072_india_sweden_joint_call_2018,Maya S.Nair,"['Maya S.Nair', 'Pravindra Kumar', 'Gaurav Raheja']"
v0_072_india_sweden_joint_call_2018,N K Navani,"['N K Navani', 'Pravindra Kumar', 'Gaurav Raheja']"
v0_072_india_sweden_joint_call_2018,Partha Roy,"['Partha Roy', 'Pravindra Kumar', 'Gaurav Raheja']"
v0_072_india_sweden_joint_call_2018,Poonam Choudhary,"['Poonam Choudhary', 'Pravindra Kumar', 'Gaurav Raheja']"
v0_072_india_sweden_joint_call_2018,Prabhat Kumar Mandal,"['Prabhat Kumar Mandal', 'Pravindra Kumar', 'Gaurav Raheja']"
v0_072_india_sweden_joint_call_2018,Pranita P Sarangi,"['Pranita P Sarangi', 'Pravindra Kumar', 'Gaurav Raheja']"
v0_072_india_sweden_joint_call_2018,Pravindra Kumar,"['Pravindra Kumar', 'Gaurav Raheja']"
v0_072_india_sweden_joint_call_2018,Prince Tiwari,"['Prince Tiwari', 'Pravindra Kumar', 'Gaurav Raheja']"
v0_072_india_sweden_joint_call_2018,R. P. Singh,"['R. P. Singh', 'Pravindra Kumar', 'Gaurav Raheja']"
v0_072_india_sweden_joint_call_2018,Ramasare Prasad,"['Ramasare Prasad', 'Pravindra Kumar', 'Gaurav Raheja']"
v0_072_india_sweden_joint_call_2018,Ranjana Pathania,"['Ranjana Pathania', 'Pravindra Kumar', 'Gaurav Raheja']"
v0_072_india_sweden_joint_call_2018,Sanjoy Ghosh,"['Sanjoy Ghosh', 'Pravindra Kumar', 'Gaurav Raheja']"
v0_072_india_sweden_joint_call_2018,Saugata Hazra,"['Saugata Hazra', 'Pravindra Kumar', 'Gaurav Raheja']"
v0_072_india_sweden_joint_call_2018,Shailly Tomar,"['Shailly Tomar', 'Pravindra Kumar', 'Gaurav Raheja']"
v0_072_india_sweden_joint_call_2018,Shri Ram Yadav,"['Shri Ram Yadav', 'Pravindra Kumar', 'Gaurav Raheja']"
v0_072_india_sweden_joint_call_2018,Soma Rohatgi,"['Soma Rohatgi', 'Pravindra Kumar', 'Gaurav Raheja']"
v0_072_india_sweden_joint_call_2018,Sachin Suresh Tiwari,"['Sachin Suresh Tiwari', 'Pravindra Kumar', 'Gaurav Raheja']"
v0_072_india_sweden_joint_call_2018,Jitin Singla,"['Jitin Singla', 'Pravindra Kumar', 'Gaurav Raheja']"
v0_072_india_sweden_joint_call_2018,Rajesh Kumar,"['Rajesh Kumar', 'Pravindra Kumar', 'Gaurav Raheja']"
v0_072_india_sweden_joint_call_2018,Akhil Upadhyay,"['Akhil Upadhyay', 'Pravindra Kumar', 'Gaurav Raheja']"
v0_073_joint_call_for_proposals___india_bulgaria_bilateral_scientific_and_technological_cooperation,Arindam Biswas,"['Arindam Biswas', 'Saptarshi Kolay', 'Ranjana Pathania', 'Ram Sateesh Pasupuleti', 'Mahua Mukherjee']"
v0_073_joint_call_for_proposals___india_bulgaria_bilateral_scientific_and_technological_cooperation,Avlokita Agrawal,"['Avlokita Agrawal', 'Saptarshi Kolay', 'Ranjana Pathania', 'Ram Sateesh Pasupuleti', 'Mahua Mukherjee']"
v0_073_joint_call_for_proposals___india_bulgaria_bilateral_scientific_and_technological_cooperation,Gaurav Raheja,"['Gaurav Raheja', 'Saptarshi Kolay', 'Ranjana Pathania', 'Ram Sateesh Pasupuleti', 'Mahua Mukherjee']"
v0_073_joint_call_for_proposals___india_bulgaria_bilateral_scientific_and_technological_cooperation,Harshit Sosan Lakra,"['Harshit Sosan Lakra', 'Saptarshi Kolay', 'Ranjana Pathania', 'Ram Sateesh Pasupuleti', 'Mahua Mukherjee']"
v0_073_joint_call_for_proposals___india_bulgaria_bilateral_scientific_and_technological_cooperation,Mahua Mukherjee,"['Mahua Mukherjee', 'Saptarshi Kolay', 'Ranjana Pathania', 'Ram Sateesh Pasupuleti', 'Bijan Choudhury']"
v0_073_joint_call_for_proposals___india_bulgaria_bilateral_scientific_and_technological_cooperation,Prabhjot Singh Chani,"['Prabhjot Singh Chani', 'Saptarshi Kolay', 'Ranjana Pathania', 'Ram Sateesh Pasupuleti', 'Mahua Mukherjee']"
v0_073_joint_call_for_proposals___india_bulgaria_bilateral_scientific_and_technological_cooperation,E Rajasekar,"['E Rajasekar', 'Saptarshi Kolay', 'Ranjana Pathania', 'Ram Sateesh Pasupuleti', 'Mahua Mukherjee']"
v0_073_joint_call_for_proposals___india_bulgaria_bilateral_scientific_and_technological_cooperation,Ram Sateesh Pasupuleti,"['Ram Sateesh Pasupuleti', 'Saptarshi Kolay', 'Ranjana Pathania', 'Mahua Mukherjee', 'Bijan Choudhury']"
v0_073_joint_call_for_proposals___india_bulgaria_bilateral_scientific_and_technological_cooperation,Saptarshi Kolay,"['Saptarshi Kolay', 'Ranjana Pathania', 'Ram Sateesh Pasupuleti', 'Mahua Mukherjee', 'Bijan Choudhury']"
v0_073_joint_call_for_proposals___india_bulgaria_bilateral_scientific_and_technological_cooperation,Shubhajit Sadhukhan,"['Shubhajit Sadhukhan', 'Saptarshi Kolay', 'Ranjana Pathania', 'Ram Sateesh Pasupuleti', 'Mahua Mukherjee']"
v0_073_joint_call_for_proposals___india_bulgaria_bilateral_scientific_and_technological_cooperation,Smriti Saraswat,"['Smriti Saraswat', 'Saptarshi Kolay', 'Ranjana Pathania', 'Ram Sateesh Pasupuleti', 'Mahua Mukherjee']"
v0_073_joint_call_for_proposals___india_bulgaria_bilateral_scientific_and_technological_cooperation,Sonal Atreya,"['Sonal Atreya', 'Saptarshi Kolay', 'Ranjana Pathania', 'Ram Sateesh Pasupuleti', 'Mahua Mukherjee']"
v0_073_joint_call_for_proposals___india_bulgaria_bilateral_scientific_and_technological_cooperation,Tina Pujara,"['Tina Pujara', 'Saptarshi Kolay', 'Ranjana Pathania', 'Ram Sateesh Pasupuleti', 'Mahua Mukherjee']"
v0_073_joint_call_for_proposals___india_bulgaria_bilateral_scientific_and_technological_cooperation,Uttam Kumar Roy,"['Uttam Kumar Roy', 'Saptarshi Kolay', 'Ranjana Pathania', 'Ram Sateesh Pasupuleti', 'Mahua Mukherjee']"
v0_073_joint_call_for_proposals___india_bulgaria_bilateral_scientific_and_technological_cooperation,V Devadas,"['V Devadas', 'Saptarshi Kolay', 'Ranjana Pathania', 'Ram Sateesh Pasupuleti', 'Mahua Mukherjee']"
v0_073_joint_call_for_proposals___india_bulgaria_bilateral_scientific_and_technological_cooperation,Jaydev Dabas,"['Jaydev Dabas', 'Saptarshi Kolay', 'Ranjana Pathania', 'Ram Sateesh Pasupuleti', 'Mahua Mukherjee']"
v0_073_joint_call_for_proposals___india_bulgaria_bilateral_scientific_and_technological_cooperation,Millie Pant,"['Millie Pant', 'Saptarshi Kolay', 'Ranjana Pathania', 'Ram Sateesh Pasupuleti', 'Mahua Mukherjee']"
v0_073_joint_call_for_proposals___india_bulgaria_bilateral_scientific_and_technological_cooperation,Rajan Arora,"['Rajan Arora', 'Saptarshi Kolay', 'Ranjana Pathania', 'Ram Sateesh Pasupuleti', 'Mahua Mukherjee']"
v0_073_joint_call_for_proposals___india_bulgaria_bilateral_scientific_and_technological_cooperation,Ashwani Kumar Sharma,"['Ashwani Kumar Sharma', 'Saptarshi Kolay', 'Ranjana Pathania', 'Ram Sateesh Pasupuleti', 'Mahua Mukherjee']"
v0_073_joint_call_for_proposals___india_bulgaria_bilateral_scientific_and_technological_cooperation,Bijan Choudhury,"['Bijan Choudhury', 'Saptarshi Kolay', 'Ranjana Pathania', 'Ram Sateesh Pasupuleti', 'Mahua Mukherjee']"
v0_073_joint_call_for_proposals___india_bulgaria_bilateral_scientific_and_technological_cooperation,Debabrata Sircar,"['Debabrata Sircar', 'Saptarshi Kolay', 'Ranjana Pathania', 'Ram Sateesh Pasupuleti', 'Mahua Mukherjee']"
v0_073_joint_call_for_proposals___india_bulgaria_bilateral_scientific_and_technological_cooperation,Deepak Sharma,"['Deepak Sharma', 'Saptarshi Kolay', 'Ranjana Pathania', 'Ram Sateesh Pasupuleti', 'Mahua Mukherjee']"
v0_073_joint_call_for_proposals___india_bulgaria_bilateral_scientific_and_technological_cooperation,P Gopinath,"['P Gopinath', 'Saptarshi Kolay', 'Ranjana Pathania', 'Ram Sateesh Pasupuleti', 'Mahua Mukherjee']"
v0_073_joint_call_for_proposals___india_bulgaria_bilateral_scientific_and_technological_cooperation,Harsh Chauhan,"['Harsh Chauhan', 'Saptarshi Kolay', 'Ranjana Pathania', 'Ram Sateesh Pasupuleti', 'Mahua Mukherjee']"
v0_073_joint_call_for_proposals___india_bulgaria_bilateral_scientific_and_technological_cooperation,Srinivas Kiran Ambatipudi,"['Srinivas Kiran Ambatipudi', 'Saptarshi Kolay', 'Ranjana Pathania', 'Ram Sateesh Pasupuleti', 'Mahua Mukherjee']"
v0_073_joint_call_for_proposals___india_bulgaria_bilateral_scientific_and_technological_cooperation,Krishna Mohan Poluri,"['Krishna Mohan Poluri', 'Saptarshi Kolay', 'Ranjana Pathania', 'Ram Sateesh Pasupuleti', 'Mahua Mukherjee']"
v0_073_joint_call_for_proposals___india_bulgaria_bilateral_scientific_and_technological_cooperation,Maya S.Nair,"['Maya S.Nair', 'Saptarshi Kolay', 'Ranjana Pathania', 'Ram Sateesh Pasupuleti', 'Mahua Mukherjee']"
v0_073_joint_call_for_proposals___india_bulgaria_bilateral_scientific_and_technological_cooperation,N K Navani,"['N K Navani', 'Saptarshi Kolay', 'Ranjana Pathania', 'Ram Sateesh Pasupuleti', 'Mahua Mukherjee']"
v0_073_joint_call_for_proposals___india_bulgaria_bilateral_scientific_and_technological_cooperation,Partha Roy,"['Partha Roy', 'Saptarshi Kolay', 'Ranjana Pathania', 'Ram Sateesh Pasupuleti', 'Mahua Mukherjee']"
v0_073_joint_call_for_proposals___india_bulgaria_bilateral_scientific_and_technological_cooperation,Poonam Choudhary,"['Poonam Choudhary', 'Saptarshi Kolay', 'Ranjana Pathania', 'Ram Sateesh Pasupuleti', 'Mahua Mukherjee']"
v0_073_joint_call_for_proposals___india_bulgaria_bilateral_scientific_and_technological_cooperation,Prabhat Kumar Mandal,"['Prabhat Kumar Mandal', 'Saptarshi Kolay', 'Ranjana Pathania', 'Ram Sateesh Pasupuleti', 'Mahua Mukherjee']"
v0_073_joint_call_for_proposals___india_bulgaria_bilateral_scientific_and_technological_cooperation,Pranita P Sarangi,"['Pranita P Sarangi', 'Saptarshi Kolay', 'Ranjana Pathania', 'Ram Sateesh Pasupuleti', 'Mahua Mukherjee']"
v0_073_joint_call_for_proposals___india_bulgaria_bilateral_scientific_and_technological_cooperation,Pravindra Kumar,"['Pravindra Kumar', 'Saptarshi Kolay', 'Ranjana Pathania', 'Ram Sateesh Pasupuleti', 'Mahua Mukherjee']"
v0_073_joint_call_for_proposals___india_bulgaria_bilateral_scientific_and_technological_cooperation,Prince Tiwari,"['Prince Tiwari', 'Saptarshi Kolay', 'Ranjana Pathania', 'Ram Sateesh Pasupuleti', 'Mahua Mukherjee']"
v0_073_joint_call_for_proposals___india_bulgaria_bilateral_scientific_and_technological_cooperation,R. P. Singh,"['R. P. Singh', 'Saptarshi Kolay', 'Ranjana Pathania', 'Ram Sateesh Pasupuleti', 'Mahua Mukherjee']"
v0_073_joint_call_for_proposals___india_bulgaria_bilateral_scientific_and_technological_cooperation,Ramasare Prasad,"['Ramasare Prasad', 'Saptarshi Kolay', 'Ranjana Pathania', 'Ram Sateesh Pasupuleti', 'Mahua Mukherjee']"
v0_073_joint_call_for_proposals___india_bulgaria_bilateral_scientific_and_technological_cooperation,Ranjana Pathania,"['Ranjana Pathania', 'Saptarshi Kolay', 'Ram Sateesh Pasupuleti', 'Mahua Mukherjee', 'Bijan Choudhury']"
v0_073_joint_call_for_proposals___india_bulgaria_bilateral_scientific_and_technological_cooperation,Sanjoy Ghosh,"['Sanjoy Ghosh', 'Saptarshi Kolay', 'Ranjana Pathania', 'Ram Sateesh Pasupuleti', 'Mahua Mukherjee']"
v0_073_joint_call_for_proposals___india_bulgaria_bilateral_scientific_and_technological_cooperation,Saugata Hazra,"['Saugata Hazra', 'Saptarshi Kolay', 'Ranjana Pathania', 'Ram Sateesh Pasupuleti', 'Mahua Mukherjee']"
v0_073_joint_call_for_proposals___india_bulgaria_bilateral_scientific_and_technological_cooperation,Shailly Tomar,"['Shailly Tomar', 'Saptarshi Kolay', 'Ranjana Pathania', 'Ram Sateesh Pasupuleti', 'Mahua Mukherjee']"
v0_073_joint_call_for_proposals___india_bulgaria_bilateral_scientific_and_technological_cooperation,Shri Ram Yadav,"['Shri Ram Yadav', 'Saptarshi Kolay', 'Ranjana Pathania', 'Ram Sateesh Pasupuleti', 'Mahua Mukherjee']"
v0_073_joint_call_for_proposals___india_bulgaria_bilateral_scientific_and_technological_cooperation,Soma Rohatgi,"['Soma Rohatgi', 'Saptarshi Kolay', 'Ranjana Pathania', 'Ram Sateesh Pasupuleti', 'Mahua Mukherjee']"
v0_073_joint_call_for_proposals___india_bulgaria_bilateral_scientific_and_technological_cooperation,Sachin Suresh Tiwari,"['Sachin Suresh Tiwari', 'Saptarshi Kolay', 'Ranjana Pathania', 'Ram Sateesh Pasupuleti', 'Mahua Mukherjee']"
v0_073_joint_call_for_proposals___india_bulgaria_bilateral_scientific_and_technological_cooperation,Jitin Singla,"['Jitin Singla', 'Saptarshi Kolay', 'Ranjana Pathania', 'Ram Sateesh Pasupuleti', 'Mahua Mukherjee']"
v0_073_joint_call_for_proposals___india_bulgaria_bilateral_scientific_and_technological_cooperation,Rajesh Kumar,"['Rajesh Kumar', 'Saptarshi Kolay', 'Ranjana Pathania', 'Ram Sateesh Pasupuleti', 'Mahua Mukherjee']"
v0_073_joint_call_for_proposals___india_bulgaria_bilateral_scientific_and_technological_cooperation,Akhil Upadhyay,"['Akhil Upadhyay', 'Saptarshi Kolay', 'Ranjana Pathania', 'Ram Sateesh Pasupuleti', 'Mahua Mukherjee']"
v0_074_advertisement_for_science_and_technology_of_yoga_and_meditation_satyam,Arindam Biswas,"['Arindam Biswas', 'Smriti Saraswat', 'Sachin Suresh Tiwari', 'R. P. Singh', 'Pravindra Kumar']"
v0_074_advertisement_for_science_and_technology_of_yoga_and_meditation_satyam,Avlokita Agrawal,"['Avlokita Agrawal', 'Smriti Saraswat', 'Sachin Suresh Tiwari', 'R. P. Singh', 'Pravindra Kumar']"
v0_074_advertisement_for_science_and_technology_of_yoga_and_meditation_satyam,Gaurav Raheja,"['Gaurav Raheja', 'Smriti Saraswat', 'Sachin Suresh Tiwari', 'R. P. Singh', 'Pravindra Kumar']"
v0_074_advertisement_for_science_and_technology_of_yoga_and_meditation_satyam,Harshit Sosan Lakra,"['Harshit Sosan Lakra', 'Smriti Saraswat', 'Sachin Suresh Tiwari', 'R. P. Singh', 'Pravindra Kumar']"
v0_074_advertisement_for_science_and_technology_of_yoga_and_meditation_satyam,Mahua Mukherjee,"['Mahua Mukherjee', 'Smriti Saraswat', 'Sachin Suresh Tiwari', 'R. P. Singh', 'Pravindra Kumar']"
v0_074_advertisement_for_science_and_technology_of_yoga_and_meditation_satyam,Prabhjot Singh Chani,"['Prabhjot Singh Chani', 'Smriti Saraswat', 'Sachin Suresh Tiwari', 'R. P. Singh', 'Pravindra Kumar']"
v0_074_advertisement_for_science_and_technology_of_yoga_and_meditation_satyam,E Rajasekar,"['E Rajasekar', 'Smriti Saraswat', 'Sachin Suresh Tiwari', 'R. P. Singh', 'Pravindra Kumar']"
v0_074_advertisement_for_science_and_technology_of_yoga_and_meditation_satyam,Ram Sateesh Pasupuleti,"['Ram Sateesh Pasupuleti', 'Smriti Saraswat', 'Sachin Suresh Tiwari', 'R. P. Singh', 'Pravindra Kumar']"
v0_074_advertisement_for_science_and_technology_of_yoga_and_meditation_satyam,Saptarshi Kolay,"['Saptarshi Kolay', 'Smriti Saraswat', 'Sachin Suresh Tiwari', 'R. P. Singh', 'Pravindra Kumar']"
v0_074_advertisement_for_science_and_technology_of_yoga_and_meditation_satyam,Shubhajit Sadhukhan,"['Shubhajit Sadhukhan', 'Smriti Saraswat', 'Sachin Suresh Tiwari', 'R. P. Singh', 'Pravindra Kumar']"
v0_074_advertisement_for_science_and_technology_of_yoga_and_meditation_satyam,Smriti Saraswat,"['Smriti Saraswat', 'Sachin Suresh Tiwari', 'R. P. Singh', 'Pravindra Kumar', 'Millie Pant']"
v0_074_advertisement_for_science_and_technology_of_yoga_and_meditation_satyam,Sonal Atreya,"['Sonal Atreya', 'Smriti Saraswat', 'Sachin Suresh Tiwari', 'R. P. Singh', 'Pravindra Kumar']"
v0_074_advertisement_for_science_and_technology_of_yoga_and_meditation_satyam,Tina Pujara,"['Tina Pujara', 'Smriti Saraswat', 'Sachin Suresh Tiwari', 'R. P. Singh', 'Pravindra Kumar']"
v0_074_advertisement_for_science_and_technology_of_yoga_and_meditation_satyam,Uttam Kumar Roy,"['Uttam Kumar Roy', 'Smriti Saraswat', 'Sachin Suresh Tiwari', 'R. P. Singh', 'Pravindra Kumar']"
v0_074_advertisement_for_science_and_technology_of_yoga_and_meditation_satyam,V Devadas,"['V Devadas', 'Smriti Saraswat', 'Sachin Suresh Tiwari', 'R. P. Singh', 'Pravindra Kumar']"
v0_074_advertisement_for_science_and_technology_of_yoga_and_meditation_satyam,Jaydev Dabas,"['Jaydev Dabas', 'Smriti Saraswat', 'Sachin Suresh Tiwari', 'R. P. Singh', 'Pravindra Kumar']"
v0_074_advertisement_for_science_and_technology_of_yoga_and_meditation_satyam,Millie Pant,"['Millie Pant', 'Smriti Saraswat', 'Sachin Suresh Tiwari', 'R. P. Singh', 'Pravindra Kumar']"
v0_074_advertisement_for_science_and_technology_of_yoga_and_meditation_satyam,Rajan Arora,"['Rajan Arora', 'Smriti Saraswat', 'Sachin Suresh Tiwari', 'R. P. Singh', 'Pravindra Kumar']"
v0_074_advertisement_for_science_and_technology_of_yoga_and_meditation_satyam,Ashwani Kumar Sharma,"['Ashwani Kumar Sharma', 'Smriti Saraswat', 'Sachin Suresh Tiwari', 'R. P. Singh', 'Pravindra Kumar']"
v0_074_advertisement_for_science_and_technology_of_yoga_and_meditation_satyam,Bijan Choudhury,"['Bijan Choudhury', 'Smriti Saraswat', 'Sachin Suresh Tiwari', 'R. P. Singh', 'Pravindra Kumar']"
v0_074_advertisement_for_science_and_technology_of_yoga_and_meditation_satyam,Debabrata Sircar,"['Debabrata Sircar', 'Smriti Saraswat', 'Sachin Suresh Tiwari', 'R. P. Singh', 'Pravindra Kumar']"
v0_074_advertisement_for_science_and_technology_of_yoga_and_meditation_satyam,Deepak Sharma,"['Deepak Sharma', 'Smriti Saraswat', 'Sachin Suresh Tiwari', 'R. P. Singh', 'Pravindra Kumar']"
v0_074_advertisement_for_science_and_technology_of_yoga_and_meditation_satyam,P Gopinath,"['P Gopinath', 'Smriti Saraswat', 'Sachin Suresh Tiwari', 'R. P. Singh', 'Pravindra Kumar']"
v0_074_advertisement_for_science_and_technology_of_yoga_and_meditation_satyam,Harsh Chauhan,"['Harsh Chauhan', 'Smriti Saraswat', 'Sachin Suresh Tiwari', 'R. P. Singh', 'Pravindra Kumar']"
v0_074_advertisement_for_science_and_technology_of_yoga_and_meditation_satyam,Srinivas Kiran Ambatipudi,"['Srinivas Kiran Ambatipudi', 'Smriti Saraswat', 'Sachin Suresh Tiwari', 'R. P. Singh', 'Pravindra Kumar']"
v0_074_advertisement_for_science_and_technology_of_yoga_and_meditation_satyam,Krishna Mohan Poluri,"['Krishna Mohan Poluri', 'Smriti Saraswat', 'Sachin Suresh Tiwari', 'R. P. Singh', 'Pravindra Kumar']"
v0_074_advertisement_for_science_and_technology_of_yoga_and_meditation_satyam,Maya S.Nair,"['Maya S.Nair', 'Smriti Saraswat', 'Sachin Suresh Tiwari', 'R. P. Singh', 'Pravindra Kumar']"
v0_074_advertisement_for_science_and_technology_of_yoga_and_meditation_satyam,N K Navani,"['N K Navani', 'Smriti Saraswat', 'Sachin Suresh Tiwari', 'R. P. Singh', 'Pravindra Kumar']"
v0_074_advertisement_for_science_and_technology_of_yoga_and_meditation_satyam,Partha Roy,"['Partha Roy', 'Smriti Saraswat', 'Sachin Suresh Tiwari', 'R. P. Singh', 'Pravindra Kumar']"
v0_074_advertisement_for_science_and_technology_of_yoga_and_meditation_satyam,Poonam Choudhary,"['Poonam Choudhary', 'Smriti Saraswat', 'Sachin Suresh Tiwari', 'R. P. Singh', 'Pravindra Kumar']"
v0_074_advertisement_for_science_and_technology_of_yoga_and_meditation_satyam,Prabhat Kumar Mandal,"['Prabhat Kumar Mandal', 'Smriti Saraswat', 'Sachin Suresh Tiwari', 'R. P. Singh', 'Pravindra Kumar']"
v0_074_advertisement_for_science_and_technology_of_yoga_and_meditation_satyam,Pranita P Sarangi,"['Pranita P Sarangi', 'Smriti Saraswat', 'Sachin Suresh Tiwari', 'R. P. Singh', 'Pravindra Kumar']"
v0_074_advertisement_for_science_and_technology_of_yoga_and_meditation_satyam,Pravindra Kumar,"['Pravindra Kumar', 'Smriti Saraswat', 'Sachin Suresh Tiwari', 'R. P. Singh', 'Millie Pant']"
v0_074_advertisement_for_science_and_technology_of_yoga_and_meditation_satyam,Prince Tiwari,"['Prince Tiwari', 'Smriti Saraswat', 'Sachin Suresh Tiwari', 'R. P. Singh', 'Pravindra Kumar']"
v0_074_advertisement_for_science_and_technology_of_yoga_and_meditation_satyam,R. P. Singh,"['R. P. Singh', 'Smriti Saraswat', 'Sachin Suresh Tiwari', 'Pravindra Kumar', 'Millie Pant']"
v0_074_advertisement_for_science_and_technology_of_yoga_and_meditation_satyam,Ramasare Prasad,"['Ramasare Prasad', 'Smriti Saraswat', 'Sachin Suresh Tiwari', 'R. P. Singh', 'Pravindra Kumar']"
v0_074_advertisement_for_science_and_technology_of_yoga_and_meditation_satyam,Ranjana Pathania,"['Ranjana Pathania', 'Smriti Saraswat', 'Sachin Suresh Tiwari', 'R. P. Singh', 'Pravindra Kumar']"
v0_074_advertisement_for_science_and_technology_of_yoga_and_meditation_satyam,Sanjoy Ghosh,"['Sanjoy Ghosh', 'Smriti Saraswat', 'Sachin Suresh Tiwari', 'R. P. Singh', 'Pravindra Kumar']"
v0_074_advertisement_for_science_and_technology_of_yoga_and_meditation_satyam,Saugata Hazra,"['Saugata Hazra', 'Smriti Saraswat', 'Sachin Suresh Tiwari', 'R. P. Singh', 'Pravindra Kumar']"
v0_074_advertisement_for_science_and_technology_of_yoga_and_meditation_satyam,Shailly Tomar,"['Shailly Tomar', 'Smriti Saraswat', 'Sachin Suresh Tiwari', 'R. P. Singh', 'Pravindra Kumar']"
v0_074_advertisement_for_science_and_technology_of_yoga_and_meditation_satyam,Shri Ram Yadav,"['Shri Ram Yadav', 'Smriti Saraswat', 'Sachin Suresh Tiwari', 'R. P. Singh', 'Pravindra Kumar']"
v0_074_advertisement_for_science_and_technology_of_yoga_and_meditation_satyam,Soma Rohatgi,"['Soma Rohatgi', 'Smriti Saraswat', 'Sachin Suresh Tiwari', 'R. P. Singh', 'Pravindra Kumar']"
v0_074_advertisement_for_science_and_technology_of_yoga_and_meditation_satyam,Sachin Suresh Tiwari,"['Sachin Suresh Tiwari', 'Smriti Saraswat', 'R. P. Singh', 'Pravindra Kumar', 'Millie Pant']"
v0_074_advertisement_for_science_and_technology_of_yoga_and_meditation_satyam,Jitin Singla,"['Jitin Singla', 'Smriti Saraswat', 'Sachin Suresh Tiwari', 'R. P. Singh', 'Pravindra Kumar']"
v0_074_advertisement_for_science_and_technology_of_yoga_and_meditation_satyam,Rajesh Kumar,"['Rajesh Kumar', 'Smriti Saraswat', 'Sachin Suresh Tiwari', 'R. P. Singh', 'Pravindra Kumar']"
v0_074_advertisement_for_science_and_technology_of_yoga_and_meditation_satyam,Akhil Upadhyay,"['Akhil Upadhyay', 'Smriti Saraswat', 'Sachin Suresh Tiwari', 'R. P. Singh', 'Pravindra Kumar']"
v0_075_call_for_proposals_for_optimal_water_use_in_industrial_sector_water_conservation_water_use_efficiency_waste_water_recovery_utilization_of_residues,Arindam Biswas,"['Arindam Biswas', 'Uttam Kumar Roy', 'Shri Ram Yadav', 'Rajan Arora', 'Partha Roy']"
v0_075_call_for_proposals_for_optimal_water_use_in_industrial_sector_water_conservation_water_use_efficiency_waste_water_recovery_utilization_of_residues,Avlokita Agrawal,"['Avlokita Agrawal', 'Uttam Kumar Roy', 'Shri Ram Yadav', 'Rajan Arora', 'Partha Roy']"
v0_075_call_for_proposals_for_optimal_water_use_in_industrial_sector_water_conservation_water_use_efficiency_waste_water_recovery_utilization_of_residues,Gaurav Raheja,"['Gaurav Raheja', 'Uttam Kumar Roy', 'Shri Ram Yadav', 'Rajan Arora', 'Partha Roy']"
v0_075_call_for_proposals_for_optimal_water_use_in_industrial_sector_water_conservation_water_use_efficiency_waste_water_recovery_utilization_of_residues,Harshit Sosan Lakra,"['Harshit Sosan Lakra', 'Uttam Kumar Roy', 'Shri Ram Yadav', 'Rajan Arora', 'Partha Roy']"
v0_075_call_for_proposals_for_optimal_water_use_in_industrial_sector_water_conservation_water_use_efficiency_waste_water_recovery_utilization_of_residues,Mahua Mukherjee,"['Mahua Mukherjee', 'Uttam Kumar Roy', 'Shri Ram Yadav', 'Rajan Arora', 'Partha Roy']"
v0_075_call_for_proposals_for_optimal_water_use_in_industrial_sector_water_conservation_water_use_efficiency_waste_water_recovery_utilization_of_residues,Prabhjot Singh Chani,"['Prabhjot Singh Chani', 'Uttam Kumar Roy', 'Shri Ram Yadav', 'Rajan Arora', 'Partha Roy']"
v0_075_call_for_proposals_for_optimal_water_use_in_industrial_sector_water_conservation_water_use_efficiency_waste_water_recovery_utilization_of_residues,E Rajasekar,"['E Rajasekar', 'Uttam Kumar Roy', 'Shri Ram Yadav', 'Rajan Arora', 'Partha Roy']"
v0_075_call_for_proposals_for_optimal_water_use_in_industrial_sector_water_conservation_water_use_efficiency_waste_water_recovery_utilization_of_residues,Ram Sateesh Pasupuleti,"['Ram Sateesh Pasupuleti', 'Uttam Kumar Roy', 'Shri Ram Yadav', 'Rajan Arora', 'Partha Roy']"
v0_075_call_for_proposals_for_optimal_water_use_in_industrial_sector_water_conservation_water_use_efficiency_waste_water_recovery_utilization_of_residues,Saptarshi Kolay,"['Saptarshi Kolay', 'Uttam Kumar Roy', 'Shri Ram Yadav', 'Rajan Arora', 'Partha Roy']"
v0_075_call_for_proposals_for_optimal_water_use_in_industrial_sector_water_conservation_water_use_efficiency_waste_water_recovery_utilization_of_residues,Shubhajit Sadhukhan,"['Shubhajit Sadhukhan', 'Uttam Kumar Roy', 'Shri Ram Yadav', 'Rajan Arora', 'Partha Roy']"
v0_075_call_for_proposals_for_optimal_water_use_in_industrial_sector_water_conservation_water_use_efficiency_waste_water_recovery_utilization_of_residues,Smriti Saraswat,"['Smriti Saraswat', 'Uttam Kumar Roy', 'Shri Ram Yadav', 'Rajan Arora', 'Partha Roy']"
v0_075_call_for_proposals_for_optimal_water_use_in_industrial_sector_water_conservation_water_use_efficiency_waste_water_recovery_utilization_of_residues,Sonal Atreya,"['Sonal Atreya', 'Uttam Kumar Roy', 'Shri Ram Yadav', 'Rajan Arora', 'Partha Roy']"
v0_075_call_for_proposals_for_optimal_water_use_in_industrial_sector_water_conservation_water_use_efficiency_waste_water_recovery_utilization_of_residues,Tina Pujara,"['Tina Pujara', 'Uttam Kumar Roy', 'Shri Ram Yadav', 'Rajan Arora', 'Partha Roy']"
v0_075_call_for_proposals_for_optimal_water_use_in_industrial_sector_water_conservation_water_use_efficiency_waste_water_recovery_utilization_of_residues,Uttam Kumar Roy,"['Uttam Kumar Roy', 'Shri Ram Yadav', 'Rajan Arora', 'Partha Roy', 'Millie Pant']"
v0_075_call_for_proposals_for_optimal_water_use_in_industrial_sector_water_conservation_water_use_efficiency_waste_water_recovery_utilization_of_residues,V Devadas,"['V Devadas', 'Uttam Kumar Roy', 'Shri Ram Yadav', 'Rajan Arora', 'Partha Roy']"
v0_075_call_for_proposals_for_optimal_water_use_in_industrial_sector_water_conservation_water_use_efficiency_waste_water_recovery_utilization_of_residues,Jaydev Dabas,"['Jaydev Dabas', 'Uttam Kumar Roy', 'Shri Ram Yadav', 'Rajan Arora', 'Partha Roy']"
v0_075_call_for_proposals_for_optimal_water_use_in_industrial_sector_water_conservation_water_use_efficiency_waste_water_recovery_utilization_of_residues,Millie Pant,"['Millie Pant', 'Uttam Kumar Roy', 'Shri Ram Yadav', 'Rajan Arora', 'Partha Roy']"
v0_075_call_for_proposals_for_optimal_water_use_in_industrial_sector_water_conservation_water_use_efficiency_waste_water_recovery_utilization_of_residues,Rajan Arora,"['Rajan Arora', 'Uttam Kumar Roy', 'Shri Ram Yadav', 'Partha Roy', 'Millie Pant']"
v0_075_call_for_proposals_for_optimal_water_use_in_industrial_sector_water_conservation_water_use_efficiency_waste_water_recovery_utilization_of_residues,Ashwani Kumar Sharma,"['Ashwani Kumar Sharma', 'Uttam Kumar Roy', 'Shri Ram Yadav', 'Rajan Arora', 'Partha Roy']"
v0_075_call_for_proposals_for_optimal_water_use_in_industrial_sector_water_conservation_water_use_efficiency_waste_water_recovery_utilization_of_residues,Bijan Choudhury,"['Bijan Choudhury', 'Uttam Kumar Roy', 'Shri Ram Yadav', 'Rajan Arora', 'Partha Roy']"
v0_075_call_for_proposals_for_optimal_water_use_in_industrial_sector_water_conservation_water_use_efficiency_waste_water_recovery_utilization_of_residues,Debabrata Sircar,"['Debabrata Sircar', 'Uttam Kumar Roy', 'Shri Ram Yadav', 'Rajan Arora', 'Partha Roy']"
v0_075_call_for_proposals_for_optimal_water_use_in_industrial_sector_water_conservation_water_use_efficiency_waste_water_recovery_utilization_of_residues,Deepak Sharma,"['Deepak Sharma', 'Uttam Kumar Roy', 'Shri Ram Yadav', 'Rajan Arora', 'Partha Roy']"
v0_075_call_for_proposals_for_optimal_water_use_in_industrial_sector_water_conservation_water_use_efficiency_waste_water_recovery_utilization_of_residues,P Gopinath,"['P Gopinath', 'Uttam Kumar Roy', 'Shri Ram Yadav', 'Rajan Arora', 'Partha Roy']"
v0_075_call_for_proposals_for_optimal_water_use_in_industrial_sector_water_conservation_water_use_efficiency_waste_water_recovery_utilization_of_residues,Harsh Chauhan,"['Harsh Chauhan', 'Uttam Kumar Roy', 'Shri Ram Yadav', 'Rajan Arora', 'Partha Roy']"
v0_075_call_for_proposals_for_optimal_water_use_in_industrial_sector_water_conservation_water_use_efficiency_waste_water_recovery_utilization_of_residues,Srinivas Kiran Ambatipudi,"['Srinivas Kiran Ambatipudi', 'Uttam Kumar Roy', 'Shri Ram Yadav', 'Rajan Arora', 'Partha Roy']"
v0_075_call_for_proposals_for_optimal_water_use_in_industrial_sector_water_conservation_water_use_efficiency_waste_water_recovery_utilization_of_residues,Krishna Mohan Poluri,"['Krishna Mohan Poluri', 'Uttam Kumar Roy', 'Shri Ram Yadav', 'Rajan Arora', 'Partha Roy']"
v0_075_call_for_proposals_for_optimal_water_use_in_industrial_sector_water_conservation_water_use_efficiency_waste_water_recovery_utilization_of_residues,Maya S.Nair,"['Maya S.Nair', 'Uttam Kumar Roy', 'Shri Ram Yadav', 'Rajan Arora', 'Partha Roy']"
v0_075_call_for_proposals_for_optimal_water_use_in_industrial_sector_water_conservation_water_use_efficiency_waste_water_recovery_utilization_of_residues,N K Navani,"['N K Navani', 'Uttam Kumar Roy', 'Shri Ram Yadav', 'Rajan Arora', 'Partha Roy']"
v0_075_call_for_proposals_for_optimal_water_use_in_industrial_sector_water_conservation_water_use_efficiency_waste_water_recovery_utilization_of_residues,Partha Roy,"['Partha Roy', 'Uttam Kumar Roy', 'Shri Ram Yadav', 'Rajan Arora', 'Millie Pant']"
v0_075_call_for_proposals_for_optimal_water_use_in_industrial_sector_water_conservation_water_use_efficiency_waste_water_recovery_utilization_of_residues,Poonam Choudhary,"['Poonam Choudhary', 'Uttam Kumar Roy', 'Shri Ram Yadav', 'Rajan Arora', 'Partha Roy']"
v0_075_call_for_proposals_for_optimal_water_use_in_industrial_sector_water_conservation_water_use_efficiency_waste_water_recovery_utilization_of_residues,Prabhat Kumar Mandal,"['Prabhat Kumar Mandal', 'Uttam Kumar Roy', 'Shri Ram Yadav', 'Rajan Arora', 'Partha Roy']"
v0_075_call_for_proposals_for_optimal_water_use_in_industrial_sector_water_conservation_water_use_efficiency_waste_water_recovery_utilization_of_residues,Pranita P Sarangi,"['Pranita P Sarangi', 'Uttam Kumar Roy', 'Shri Ram Yadav', 'Rajan Arora', 'Partha Roy']"
v0_075_call_for_proposals_for_optimal_water_use_in_industrial_sector_water_conservation_water_use_efficiency_waste_water_recovery_utilization_of_residues,Pravindra Kumar,"['Pravindra Kumar', 'Uttam Kumar Roy', 'Shri Ram Yadav', 'Rajan Arora', 'Partha Roy']"
v0_075_call_for_proposals_for_optimal_water_use_in_industrial_sector_water_conservation_water_use_efficiency_waste_water_recovery_utilization_of_residues,Prince Tiwari,"['Prince Tiwari', 'Uttam Kumar Roy', 'Shri Ram Yadav', 'Rajan Arora', 'Partha Roy']"
v0_075_call_for_proposals_for_optimal_water_use_in_industrial_sector_water_conservation_water_use_efficiency_waste_water_recovery_utilization_of_residues,R. P. Singh,"['R. P. Singh', 'Uttam Kumar Roy', 'Shri Ram Yadav', 'Rajan Arora', 'Partha Roy']"
v0_075_call_for_proposals_for_optimal_water_use_in_industrial_sector_water_conservation_water_use_efficiency_waste_water_recovery_utilization_of_residues,Ramasare Prasad,"['Ramasare Prasad', 'Uttam Kumar Roy', 'Shri Ram Yadav', 'Rajan Arora', 'Partha Roy']"
v0_075_call_for_proposals_for_optimal_water_use_in_industrial_sector_water_conservation_water_use_efficiency_waste_water_recovery_utilization_of_residues,Ranjana Pathania,"['Ranjana Pathania', 'Uttam Kumar Roy', 'Shri Ram Yadav', 'Rajan Arora', 'Partha Roy']"
v0_075_call_for_proposals_for_optimal_water_use_in_industrial_sector_water_conservation_water_use_efficiency_waste_water_recovery_utilization_of_residues,Sanjoy Ghosh,"['Sanjoy Ghosh', 'Uttam Kumar Roy', 'Shri Ram Yadav', 'Rajan Arora', 'Partha Roy']"
v0_075_call_for_proposals_for_optimal_water_use_in_industrial_sector_water_conservation_water_use_efficiency_waste_water_recovery_utilization_of_residues,Saugata Hazra,"['Saugata Hazra', 'Uttam Kumar Roy', 'Shri Ram Yadav', 'Rajan Arora', 'Partha Roy']"
v0_075_call_for_proposals_for_optimal_water_use_in_industrial_sector_water_conservation_water_use_efficiency_waste_water_recovery_utilization_of_residues,Shailly Tomar,"['Shailly Tomar', 'Uttam Kumar Roy', 'Shri Ram Yadav', 'Rajan Arora', 'Partha Roy']"
v0_075_call_for_proposals_for_optimal_water_use_in_industrial_sector_water_conservation_water_use_efficiency_waste_water_recovery_utilization_of_residues,Shri Ram Yadav,"['Shri Ram Yadav', 'Uttam Kumar Roy', 'Rajan Arora', 'Partha Roy', 'Millie Pant']"
v0_075_call_for_proposals_for_optimal_water_use_in_industrial_sector_water_conservation_water_use_efficiency_waste_water_recovery_utilization_of_residues,Soma Rohatgi,"['Soma Rohatgi', 'Uttam Kumar Roy', 'Shri Ram Yadav', 'Rajan Arora', 'Partha Roy']"
v0_075_call_for_proposals_for_optimal_water_use_in_industrial_sector_water_conservation_water_use_efficiency_waste_water_recovery_utilization_of_residues,Sachin Suresh Tiwari,"['Sachin Suresh Tiwari', 'Uttam Kumar Roy', 'Shri Ram Yadav', 'Rajan Arora', 'Partha Roy']"
v0_075_call_for_proposals_for_optimal_water_use_in_industrial_sector_water_conservation_water_use_efficiency_waste_water_recovery_utilization_of_residues,Jitin Singla,"['Jitin Singla', 'Uttam Kumar Roy', 'Shri Ram Yadav', 'Rajan Arora', 'Partha Roy']"
v0_075_call_for_proposals_for_optimal_water_use_in_industrial_sector_water_conservation_water_use_efficiency_waste_water_recovery_utilization_of_residues,Rajesh Kumar,"['Rajesh Kumar', 'Uttam Kumar Roy', 'Shri Ram Yadav', 'Rajan Arora', 'Partha Roy']"
v0_075_call_for_proposals_for_optimal_water_use_in_industrial_sector_water_conservation_water_use_efficiency_waste_water_recovery_utilization_of_residues,Akhil Upadhyay,"['Akhil Upadhyay', 'Uttam Kumar Roy', 'Shri Ram Yadav', 'Rajan Arora', 'Partha Roy']"
v0_076_call___indo_australia_fund_for_scientific_and_technological_cooperation_indo_aisrf_round_11,Arindam Biswas,"['Arindam Biswas', 'V Devadas', 'Smriti Saraswat', 'Ram Sateesh Pasupuleti', 'Partha Roy']"
v0_076_call___indo_australia_fund_for_scientific_and_technological_cooperation_indo_aisrf_round_11,Avlokita Agrawal,"['Avlokita Agrawal', 'V Devadas', 'Smriti Saraswat', 'Ram Sateesh Pasupuleti', 'Partha Roy']"
v0_076_call___indo_australia_fund_for_scientific_and_technological_cooperation_indo_aisrf_round_11,Gaurav Raheja,"['Gaurav Raheja', 'V Devadas', 'Smriti Saraswat', 'Ram Sateesh Pasupuleti', 'Partha Roy']"
v0_076_call___indo_australia_fund_for_scientific_and_technological_cooperation_indo_aisrf_round_11,Harshit Sosan Lakra,"['Harshit Sosan Lakra', 'V Devadas', 'Smriti Saraswat', 'Ram Sateesh Pasupuleti', 'Partha Roy']"
v0_076_call___indo_australia_fund_for_scientific_and_technological_cooperation_indo_aisrf_round_11,Mahua Mukherjee,"['Mahua Mukherjee', 'V Devadas', 'Smriti Saraswat', 'Ram Sateesh Pasupuleti', 'Partha Roy']"
v0_076_call___indo_australia_fund_for_scientific_and_technological_cooperation_indo_aisrf_round_11,Prabhjot Singh Chani,"['Prabhjot Singh Chani', 'V Devadas', 'Smriti Saraswat', 'Ram Sateesh Pasupuleti', 'Partha Roy']"
v0_076_call___indo_australia_fund_for_scientific_and_technological_cooperation_indo_aisrf_round_11,E Rajasekar,"['E Rajasekar', 'V Devadas', 'Smriti Saraswat', 'Ram Sateesh Pasupuleti', 'Partha Roy']"
v0_076_call___indo_australia_fund_for_scientific_and_technological_cooperation_indo_aisrf_round_11,Ram Sateesh Pasupuleti,"['Ram Sateesh Pasupuleti', 'V Devadas', 'Smriti Saraswat', 'Partha Roy', 'Millie Pant']"
v0_076_call___indo_australia_fund_for_scientific_and_technological_cooperation_indo_aisrf_round_11,Saptarshi Kolay,"['Saptarshi Kolay', 'V Devadas', 'Smriti Saraswat', 'Ram Sateesh Pasupuleti', 'Partha Roy']"
v0_076_call___indo_australia_fund_for_scientific_and_technological_cooperation_indo_aisrf_round_11,Shubhajit Sadhukhan,"['Shubhajit Sadhukhan', 'V Devadas', 'Smriti Saraswat', 'Ram Sateesh Pasupuleti', 'Partha Roy']"
v0_076_call___indo_australia_fund_for_scientific_and_technological_cooperation_indo_aisrf_round_11,Smriti Saraswat,"['Smriti Saraswat', 'V Devadas', 'Ram Sateesh Pasupuleti', 'Partha Roy', 'Millie Pant']"
v0_076_call___indo_australia_fund_for_scientific_and_technological_cooperation_indo_aisrf_round_11,Sonal Atreya,"['Sonal Atreya', 'V Devadas', 'Smriti Saraswat', 'Ram Sateesh Pasupuleti', 'Partha Roy']"
v0_076_call___indo_australia_fund_for_scientific_and_technological_cooperation_indo_aisrf_round_11,Tina Pujara,"['Tina Pujara', 'V Devadas', 'Smriti Saraswat', 'Ram Sateesh Pasupuleti', 'Partha Roy']"
v0_076_call___indo_australia_fund_for_scientific_and_technological_cooperation_indo_aisrf_round_11,Uttam Kumar Roy,"['Uttam Kumar Roy', 'V Devadas', 'Smriti Saraswat', 'Ram Sateesh Pasupuleti', 'Partha Roy']"
v0_076_call___indo_australia_fund_for_scientific_and_technological_cooperation_indo_aisrf_round_11,V Devadas,"['V Devadas', 'Smriti Saraswat', 'Ram Sateesh Pasupuleti', 'Partha Roy', 'Millie Pant']"
v0_076_call___indo_australia_fund_for_scientific_and_technological_cooperation_indo_aisrf_round_11,Jaydev Dabas,"['Jaydev Dabas', 'V Devadas', 'Smriti Saraswat', 'Ram Sateesh Pasupuleti', 'Partha Roy']"
v0_076_call___indo_australia_fund_for_scientific_and_technological_cooperation_indo_aisrf_round_11,Millie Pant,"['Millie Pant', 'V Devadas', 'Smriti Saraswat', 'Ram Sateesh Pasupuleti', 'Partha Roy']"
v0_076_call___indo_australia_fund_for_scientific_and_technological_cooperation_indo_aisrf_round_11,Rajan Arora,"['Rajan Arora', 'V Devadas', 'Smriti Saraswat', 'Ram Sateesh Pasupuleti', 'Partha Roy']"
v0_076_call___indo_australia_fund_for_scientific_and_technological_cooperation_indo_aisrf_round_11,Ashwani Kumar Sharma,"['Ashwani Kumar Sharma', 'V Devadas', 'Smriti Saraswat', 'Ram Sateesh Pasupuleti', 'Partha Roy']"
v0_076_call___indo_australia_fund_for_scientific_and_technological_cooperation_indo_aisrf_round_11,Bijan Choudhury,"['Bijan Choudhury', 'V Devadas', 'Smriti Saraswat', 'Ram Sateesh Pasupuleti', 'Partha Roy']"
v0_076_call___indo_australia_fund_for_scientific_and_technological_cooperation_indo_aisrf_round_11,Debabrata Sircar,"['Debabrata Sircar', 'V Devadas', 'Smriti Saraswat', 'Ram Sateesh Pasupuleti', 'Partha Roy']"
v0_076_call___indo_australia_fund_for_scientific_and_technological_cooperation_indo_aisrf_round_11,Deepak Sharma,"['Deepak Sharma', 'V Devadas', 'Smriti Saraswat', 'Ram Sateesh Pasupuleti', 'Partha Roy']"
v0_076_call___indo_australia_fund_for_scientific_and_technological_cooperation_indo_aisrf_round_11,P Gopinath,"['P Gopinath', 'V Devadas', 'Smriti Saraswat', 'Ram Sateesh Pasupuleti', 'Partha Roy']"
v0_076_call___indo_australia_fund_for_scientific_and_technological_cooperation_indo_aisrf_round_11,Harsh Chauhan,"['Harsh Chauhan', 'V Devadas', 'Smriti Saraswat', 'Ram Sateesh Pasupuleti', 'Partha Roy']"
v0_076_call___indo_australia_fund_for_scientific_and_technological_cooperation_indo_aisrf_round_11,Srinivas Kiran Ambatipudi,"['Srinivas Kiran Ambatipudi', 'V Devadas', 'Smriti Saraswat', 'Ram Sateesh Pasupuleti', 'Partha Roy']"
v0_076_call___indo_australia_fund_for_scientific_and_technological_cooperation_indo_aisrf_round_11,Krishna Mohan Poluri,"['Krishna Mohan Poluri', 'V Devadas', 'Smriti Saraswat', 'Ram Sateesh Pasupuleti', 'Partha Roy']"
v0_076_call___indo_australia_fund_for_scientific_and_technological_cooperation_indo_aisrf_round_11,Maya S.Nair,"['Maya S.Nair', 'V Devadas', 'Smriti Saraswat', 'Ram Sateesh Pasupuleti', 'Partha Roy']"
v0_076_call___indo_australia_fund_for_scientific_and_technological_cooperation_indo_aisrf_round_11,N K Navani,"['N K Navani', 'V Devadas', 'Smriti Saraswat', 'Ram Sateesh Pasupuleti', 'Partha Roy']"
v0_076_call___indo_australia_fund_for_scientific_and_technological_cooperation_indo_aisrf_round_11,Partha Roy,"['Partha Roy', 'V Devadas', 'Smriti Saraswat', 'Ram Sateesh Pasupuleti', 'Millie Pant']"
v0_076_call___indo_australia_fund_for_scientific_and_technological_cooperation_indo_aisrf_round_11,Poonam Choudhary,"['Poonam Choudhary', 'V Devadas', 'Smriti Saraswat', 'Ram Sateesh Pasupuleti', 'Partha Roy']"
v0_076_call___indo_australia_fund_for_scientific_and_technological_cooperation_indo_aisrf_round_11,Prabhat Kumar Mandal,"['Prabhat Kumar Mandal', 'V Devadas', 'Smriti Saraswat', 'Ram Sateesh Pasupuleti', 'Partha Roy']"
v0_076_call___indo_australia_fund_for_scientific_and_technological_cooperation_indo_aisrf_round_11,Pranita P Sarangi,"['Pranita P Sarangi', 'V Devadas', 'Smriti Saraswat', 'Ram Sateesh Pasupuleti', 'Partha Roy']"
v0_076_call___indo_australia_fund_for_scientific_and_technological_cooperation_indo_aisrf_round_11,Pravindra Kumar,"['Pravindra Kumar', 'V Devadas', 'Smriti Saraswat', 'Ram Sateesh Pasupuleti', 'Partha Roy']"
v0_076_call___indo_australia_fund_for_scientific_and_technological_cooperation_indo_aisrf_round_11,Prince Tiwari,"['Prince Tiwari', 'V Devadas', 'Smriti Saraswat', 'Ram Sateesh Pasupuleti', 'Partha Roy']"
v0_076_call___indo_australia_fund_for_scientific_and_technological_cooperation_indo_aisrf_round_11,R. P. Singh,"['R. P. Singh', 'V Devadas', 'Smriti Saraswat', 'Ram Sateesh Pasupuleti', 'Partha Roy']"
v0_076_call___indo_australia_fund_for_scientific_and_technological_cooperation_indo_aisrf_round_11,Ramasare Prasad,"['Ramasare Prasad', 'V Devadas', 'Smriti Saraswat', 'Ram Sateesh Pasupuleti', 'Partha Roy']"
v0_076_call___indo_australia_fund_for_scientific_and_technological_cooperation_indo_aisrf_round_11,Ranjana Pathania,"['Ranjana Pathania', 'V Devadas', 'Smriti Saraswat', 'Ram Sateesh Pasupuleti', 'Partha Roy']"
v0_076_call___indo_australia_fund_for_scientific_and_technological_cooperation_indo_aisrf_round_11,Sanjoy Ghosh,"['Sanjoy Ghosh', 'V Devadas', 'Smriti Saraswat', 'Ram Sateesh Pasupuleti', 'Partha Roy']"
v0_076_call___indo_australia_fund_for_scientific_and_technological_cooperation_indo_aisrf_round_11,Saugata Hazra,"['Saugata Hazra', 'V Devadas', 'Smriti Saraswat', 'Ram Sateesh Pasupuleti', 'Partha Roy']"
v0_076_call___indo_australia_fund_for_scientific_and_technological_cooperation_indo_aisrf_round_11,Shailly Tomar,"['Shailly Tomar', 'V Devadas', 'Smriti Saraswat', 'Ram Sateesh Pasupuleti', 'Partha Roy']"
v0_076_call___indo_australia_fund_for_scientific_and_technological_cooperation_indo_aisrf_round_11,Shri Ram Yadav,"['Shri Ram Yadav', 'V Devadas', 'Smriti Saraswat', 'Ram Sateesh Pasupuleti', 'Partha Roy']"
v0_076_call___indo_australia_fund_for_scientific_and_technological_cooperation_indo_aisrf_round_11,Soma Rohatgi,"['Soma Rohatgi', 'V Devadas', 'Smriti Saraswat', 'Ram Sateesh Pasupuleti', 'Partha Roy']"
v0_076_call___indo_australia_fund_for_scientific_and_technological_cooperation_indo_aisrf_round_11,Sachin Suresh Tiwari,"['Sachin Suresh Tiwari', 'V Devadas', 'Smriti Saraswat', 'Ram Sateesh Pasupuleti', 'Partha Roy']"
v0_076_call___indo_australia_fund_for_scientific_and_technological_cooperation_indo_aisrf_round_11,Jitin Singla,"['Jitin Singla', 'V Devadas', 'Smriti Saraswat', 'Ram Sateesh Pasupuleti', 'Partha Roy']"
v0_076_call___indo_australia_fund_for_scientific_and_technological_cooperation_indo_aisrf_round_11,Rajesh Kumar,"['Rajesh Kumar', 'V Devadas', 'Smriti Saraswat', 'Ram Sateesh Pasupuleti', 'Partha Roy']"
v0_076_call___indo_australia_fund_for_scientific_and_technological_cooperation_indo_aisrf_round_11,Akhil Upadhyay,"['Akhil Upadhyay', 'V Devadas', 'Smriti Saraswat', 'Ram Sateesh Pasupuleti', 'Partha Roy']"
v0_077_india___ukieri_call_for_proposal,Arindam Biswas,"['Arindam Biswas', 'Smriti Saraswat', 'Harsh Chauhan', 'Bijan Choudhury']"
v0_077_india___ukieri_call_for_proposal,Avlokita Agrawal,"['Avlokita Agrawal', 'Smriti Saraswat', 'Harsh Chauhan', 'Bijan Choudhury']"
v0_077_india___ukieri_call_for_proposal,Gaurav Raheja,"['Gaurav Raheja', 'Smriti Saraswat', 'Harsh Chauhan', 'Bijan Choudhury']"
v0_077_india___ukieri_call_for_proposal,Harshit Sosan Lakra,"['Harshit Sosan Lakra', 'Smriti Saraswat', 'Harsh Chauhan', 'Bijan Choudhury']"
v0_077_india___ukieri_call_for_proposal,Mahua Mukherjee,"['Mahua Mukherjee', 'Smriti Saraswat', 'Harsh Chauhan', 'Bijan Choudhury']"
v0_077_india___ukieri_call_for_proposal,Prabhjot Singh Chani,"['Prabhjot Singh Chani', 'Smriti Saraswat', 'Harsh Chauhan', 'Bijan Choudhury']"
v0_077_india___ukieri_call_for_proposal,E Rajasekar,"['E Rajasekar', 'Smriti Saraswat', 'Harsh Chauhan', 'Bijan Choudhury']"
v0_077_india___ukieri_call_for_proposal,Ram Sateesh Pasupuleti,"['Ram Sateesh Pasupuleti', 'Smriti Saraswat', 'Harsh Chauhan', 'Bijan Choudhury']"
v0_077_india___ukieri_call_for_proposal,Saptarshi Kolay,"['Saptarshi Kolay', 'Smriti Saraswat', 'Harsh Chauhan', 'Bijan Choudhury']"
v0_077_india___ukieri_call_for_proposal,Shubhajit Sadhukhan,"['Shubhajit Sadhukhan', 'Smriti Saraswat', 'Harsh Chauhan', 'Bijan Choudhury']"
v0_077_india___ukieri_call_for_proposal,Smriti Saraswat,"['Smriti Saraswat', 'Harsh Chauhan', 'Bijan Choudhury']"
v0_077_india___ukieri_call_for_proposal,Sonal Atreya,"['Sonal Atreya', 'Smriti Saraswat', 'Harsh Chauhan', 'Bijan Choudhury']"
v0_077_india___ukieri_call_for_proposal,Tina Pujara,"['Tina Pujara', 'Smriti Saraswat', 'Harsh Chauhan', 'Bijan Choudhury']"
v0_077_india___ukieri_call_for_proposal,Uttam Kumar Roy,"['Uttam Kumar Roy', 'Smriti Saraswat', 'Harsh Chauhan', 'Bijan Choudhury']"
v0_077_india___ukieri_call_for_proposal,V Devadas,"['V Devadas', 'Smriti Saraswat', 'Harsh Chauhan', 'Bijan Choudhury']"
v0_077_india___ukieri_call_for_proposal,Jaydev Dabas,"['Jaydev Dabas', 'Smriti Saraswat', 'Harsh Chauhan', 'Bijan Choudhury']"
v0_077_india___ukieri_call_for_proposal,Millie Pant,"['Millie Pant', 'Smriti Saraswat', 'Harsh Chauhan', 'Bijan Choudhury']"
v0_077_india___ukieri_call_for_proposal,Rajan Arora,"['Rajan Arora', 'Smriti Saraswat', 'Harsh Chauhan', 'Bijan Choudhury']"
v0_077_india___ukieri_call_for_proposal,Ashwani Kumar Sharma,"['Ashwani Kumar Sharma', 'Smriti Saraswat', 'Harsh Chauhan', 'Bijan Choudhury']"
v0_077_india___ukieri_call_for_proposal,Bijan Choudhury,"['Bijan Choudhury', 'Smriti Saraswat', 'Harsh Chauhan']"
v0_077_india___ukieri_call_for_proposal,Debabrata Sircar,"['Debabrata Sircar', 'Smriti Saraswat', 'Harsh Chauhan', 'Bijan Choudhury']"
v0_077_india___ukieri_call_for_proposal,Deepak Sharma,"['Deepak Sharma', 'Smriti Saraswat', 'Harsh Chauhan', 'Bijan Choudhury']"
v0_077_india___ukieri_call_for_proposal,P Gopinath,"['P Gopinath', 'Smriti Saraswat', 'Harsh Chauhan', 'Bijan Choudhury']"
v0_077_india___ukieri_call_for_proposal,Harsh Chauhan,"['Harsh Chauhan', 'Smriti Saraswat', 'Bijan Choudhury']"
v0_077_india___ukieri_call_for_proposal,Srinivas Kiran Ambatipudi,"['Srinivas Kiran Ambatipudi', 'Smriti Saraswat', 'Harsh Chauhan', 'Bijan Choudhury']"
v0_077_india___ukieri_call_for_proposal,Krishna Mohan Poluri,"['Krishna Mohan Poluri', 'Smriti Saraswat', 'Harsh Chauhan', 'Bijan Choudhury']"
v0_077_india___ukieri_call_for_proposal,Maya S.Nair,"['Maya S.Nair', 'Smriti Saraswat', 'Harsh Chauhan', 'Bijan Choudhury']"
v0_077_india___ukieri_call_for_proposal,N K Navani,"['N K Navani', 'Smriti Saraswat', 'Harsh Chauhan', 'Bijan Choudhury']"
v0_077_india___ukieri_call_for_proposal,Partha Roy,"['Partha Roy', 'Smriti Saraswat', 'Harsh Chauhan', 'Bijan Choudhury']"
v0_077_india___ukieri_call_for_proposal,Poonam Choudhary,"['Poonam Choudhary', 'Smriti Saraswat', 'Harsh Chauhan', 'Bijan Choudhury']"
v0_077_india___ukieri_call_for_proposal,Prabhat Kumar Mandal,"['Prabhat Kumar Mandal', 'Smriti Saraswat', 'Harsh Chauhan', 'Bijan Choudhury']"
v0_077_india___ukieri_call_for_proposal,Pranita P Sarangi,"['Pranita P Sarangi', 'Smriti Saraswat', 'Harsh Chauhan', 'Bijan Choudhury']"
v0_077_india___ukieri_call_for_proposal,Pravindra Kumar,"['Pravindra Kumar', 'Smriti Saraswat', 'Harsh Chauhan', 'Bijan Choudhury']"
v0_077_india___ukieri_call_for_proposal,Prince Tiwari,"['Prince Tiwari', 'Smriti Saraswat', 'Harsh Chauhan', 'Bijan Choudhury']"
v0_077_india___ukieri_call_for_proposal,R. P. Singh,"['R. P. Singh', 'Smriti Saraswat', 'Harsh Chauhan', 'Bijan Choudhury']"
v0_077_india___ukieri_call_for_proposal,Ramasare Prasad,"['Ramasare Prasad', 'Smriti Saraswat', 'Harsh Chauhan', 'Bijan Choudhury']"
v0_077_india___ukieri_call_for_proposal,Ranjana Pathania,"['Ranjana Pathania', 'Smriti Saraswat', 'Harsh Chauhan', 'Bijan Choudhury']"
v0_077_india___ukieri_call_for_proposal,Sanjoy Ghosh,"['Sanjoy Ghosh', 'Smriti Saraswat', 'Harsh Chauhan', 'Bijan Choudhury']"
v0_077_india___ukieri_call_for_proposal,Saugata Hazra,"['Saugata Hazra', 'Smriti Saraswat', 'Harsh Chauhan', 'Bijan Choudhury']"
v0_077_india___ukieri_call_for_proposal,Shailly Tomar,"['Shailly Tomar', 'Smriti Saraswat', 'Harsh Chauhan', 'Bijan Choudhury']"
v0_077_india___ukieri_call_for_proposal,Shri Ram Yadav,"['Shri Ram Yadav', 'Smriti Saraswat', 'Harsh Chauhan', 'Bijan Choudhury']"
v0_077_india___ukieri_call_for_proposal,Soma Rohatgi,"['Soma Rohatgi', 'Smriti Saraswat', 'Harsh Chauhan', 'Bijan Choudhury']"
v0_077_india___ukieri_call_for_proposal,Sachin Suresh Tiwari,"['Sachin Suresh Tiwari', 'Smriti Saraswat', 'Harsh Chauhan', 'Bijan Choudhury']"
v0_077_india___ukieri_call_for_proposal,Jitin Singla,"['Jitin Singla', 'Smriti Saraswat', 'Harsh Chauhan', 'Bijan Choudhury']"
v0_077_india___ukieri_call_for_proposal,Rajesh Kumar,"['Rajesh Kumar', 'Smriti Saraswat', 'Harsh Chauhan', 'Bijan Choudhury']"
v0_077_india___ukieri_call_for_proposal,Akhil Upadhyay,"['Akhil Upadhyay', 'Smriti Saraswat', 'Harsh Chauhan', 'Bijan Choudhury']"
v0_078_india_science_and_research_fellowship_programme,Arindam Biswas,"['Arindam Biswas', 'Smriti Saraswat', 'Mahua Mukherjee', 'E Rajasekar', 'Ashwani Kumar Sharma']"
v0_078_india_science_and_research_fellowship_programme,Avlokita Agrawal,"['Avlokita Agrawal', 'Smriti Saraswat', 'Mahua Mukherjee', 'E Rajasekar', 'Ashwani Kumar Sharma']"
v0_078_india_science_and_research_fellowship_programme,Gaurav Raheja,"['Gaurav Raheja', 'Smriti Saraswat', 'Mahua Mukherjee', 'E Rajasekar', 'Ashwani Kumar Sharma']"
v0_078_india_science_and_research_fellowship_programme,Harshit Sosan Lakra,"['Harshit Sosan Lakra', 'Smriti Saraswat', 'Mahua Mukherjee', 'E Rajasekar', 'Ashwani Kumar Sharma']"
v0_078_india_science_and_research_fellowship_programme,Mahua Mukherjee,"['Mahua Mukherjee', 'Smriti Saraswat', 'E Rajasekar', 'Ashwani Kumar Sharma']"
v0_078_india_science_and_research_fellowship_programme,Prabhjot Singh Chani,"['Prabhjot Singh Chani', 'Smriti Saraswat', 'Mahua Mukherjee', 'E Rajasekar', 'Ashwani Kumar Sharma']"
v0_078_india_science_and_research_fellowship_programme,E Rajasekar,"['E Rajasekar', 'Smriti Saraswat', 'Mahua Mukherjee', 'Ashwani Kumar Sharma']"
v0_078_india_science_and_research_fellowship_programme,Ram Sateesh Pasupuleti,"['Ram Sateesh Pasupuleti', 'Smriti Saraswat', 'Mahua Mukherjee', 'E Rajasekar', 'Ashwani Kumar Sharma']"
v0_078_india_science_and_research_fellowship_programme,Saptarshi Kolay,"['Saptarshi Kolay', 'Smriti Saraswat', 'Mahua Mukherjee', 'E Rajasekar', 'Ashwani Kumar Sharma']"
v0_078_india_science_and_research_fellowship_programme,Shubhajit Sadhukhan,"['Shubhajit Sadhukhan', 'Smriti Saraswat', 'Mahua Mukherjee', 'E Rajasekar', 'Ashwani Kumar Sharma']"
v0_078_india_science_and_research_fellowship_programme,Smriti Saraswat,"['Smriti Saraswat', 'Mahua Mukherjee', 'E Rajasekar', 'Ashwani Kumar Sharma']"
v0_078_india_science_and_research_fellowship_programme,Sonal Atreya,"['Sonal Atreya', 'Smriti Saraswat', 'Mahua Mukherjee', 'E Rajasekar', 'Ashwani Kumar Sharma']"
v0_078_india_science_and_research_fellowship_programme,Tina Pujara,"['Tina Pujara', 'Smriti Saraswat', 'Mahua Mukherjee', 'E Rajasekar', 'Ashwani Kumar Sharma']"
v0_078_india_science_and_research_fellowship_programme,Uttam Kumar Roy,"['Uttam Kumar Roy', 'Smriti Saraswat', 'Mahua Mukherjee', 'E Rajasekar', 'Ashwani Kumar Sharma']"
v0_078_india_science_and_research_fellowship_programme,V Devadas,"['V Devadas', 'Smriti Saraswat', 'Mahua Mukherjee', 'E Rajasekar', 'Ashwani Kumar Sharma']"
v0_078_india_science_and_research_fellowship_programme,Jaydev Dabas,"['Jaydev Dabas', 'Smriti Saraswat', 'Mahua Mukherjee', 'E Rajasekar', 'Ashwani Kumar Sharma']"
v0_078_india_science_and_research_fellowship_programme,Millie Pant,"['Millie Pant', 'Smriti Saraswat', 'Mahua Mukherjee', 'E Rajasekar', 'Ashwani Kumar Sharma']"
v0_078_india_science_and_research_fellowship_programme,Rajan Arora,"['Rajan Arora', 'Smriti Saraswat', 'Mahua Mukherjee', 'E Rajasekar', 'Ashwani Kumar Sharma']"
v0_078_india_science_and_research_fellowship_programme,Ashwani Kumar Sharma,"['Ashwani Kumar Sharma', 'Smriti Saraswat', 'Mahua Mukherjee', 'E Rajasekar']"
v0_078_india_science_and_research_fellowship_programme,Bijan Choudhury,"['Bijan Choudhury', 'Smriti Saraswat', 'Mahua Mukherjee', 'E Rajasekar', 'Ashwani Kumar Sharma']"
v0_078_india_science_and_research_fellowship_programme,Debabrata Sircar,"['Debabrata Sircar', 'Smriti Saraswat', 'Mahua Mukherjee', 'E Rajasekar', 'Ashwani Kumar Sharma']"
v0_078_india_science_and_research_fellowship_programme,Deepak Sharma,"['Deepak Sharma', 'Smriti Saraswat', 'Mahua Mukherjee', 'E Rajasekar', 'Ashwani Kumar Sharma']"
v0_078_india_science_and_research_fellowship_programme,P Gopinath,"['P Gopinath', 'Smriti Saraswat', 'Mahua Mukherjee', 'E Rajasekar', 'Ashwani Kumar Sharma']"
v0_078_india_science_and_research_fellowship_programme,Harsh Chauhan,"['Harsh Chauhan', 'Smriti Saraswat', 'Mahua Mukherjee', 'E Rajasekar', 'Ashwani Kumar Sharma']"
v0_078_india_science_and_research_fellowship_programme,Srinivas Kiran Ambatipudi,"['Srinivas Kiran Ambatipudi', 'Smriti Saraswat', 'Mahua Mukherjee', 'E Rajasekar', 'Ashwani Kumar Sharma']"
v0_078_india_science_and_research_fellowship_programme,Krishna Mohan Poluri,"['Krishna Mohan Poluri', 'Smriti Saraswat', 'Mahua Mukherjee', 'E Rajasekar', 'Ashwani Kumar Sharma']"
v0_078_india_science_and_research_fellowship_programme,Maya S.Nair,"['Maya S.Nair', 'Smriti Saraswat', 'Mahua Mukherjee', 'E Rajasekar', 'Ashwani Kumar Sharma']"
v0_078_india_science_and_research_fellowship_programme,N K Navani,"['N K Navani', 'Smriti Saraswat', 'Mahua Mukherjee', 'E Rajasekar', 'Ashwani Kumar Sharma']"
v0_078_india_science_and_research_fellowship_programme,Partha Roy,"['Partha Roy', 'Smriti Saraswat', 'Mahua Mukherjee', 'E Rajasekar', 'Ashwani Kumar Sharma']"
v0_078_india_science_and_research_fellowship_programme,Poonam Choudhary,"['Poonam Choudhary', 'Smriti Saraswat', 'Mahua Mukherjee', 'E Rajasekar', 'Ashwani Kumar Sharma']"
v0_078_india_science_and_research_fellowship_programme,Prabhat Kumar Mandal,"['Prabhat Kumar Mandal', 'Smriti Saraswat', 'Mahua Mukherjee', 'E Rajasekar', 'Ashwani Kumar Sharma']"
v0_078_india_science_and_research_fellowship_programme,Pranita P Sarangi,"['Pranita P Sarangi', 'Smriti Saraswat', 'Mahua Mukherjee', 'E Rajasekar', 'Ashwani Kumar Sharma']"
v0_078_india_science_and_research_fellowship_programme,Pravindra Kumar,"['Pravindra Kumar', 'Smriti Saraswat', 'Mahua Mukherjee', 'E Rajasekar', 'Ashwani Kumar Sharma']"
v0_078_india_science_and_research_fellowship_programme,Prince Tiwari,"['Prince Tiwari', 'Smriti Saraswat', 'Mahua Mukherjee', 'E Rajasekar', 'Ashwani Kumar Sharma']"
v0_078_india_science_and_research_fellowship_programme,R. P. Singh,"['R. P. Singh', 'Smriti Saraswat', 'Mahua Mukherjee', 'E Rajasekar', 'Ashwani Kumar Sharma']"
v0_078_india_science_and_research_fellowship_programme,Ramasare Prasad,"['Ramasare Prasad', 'Smriti Saraswat', 'Mahua Mukherjee', 'E Rajasekar', 'Ashwani Kumar Sharma']"
v0_078_india_science_and_research_fellowship_programme,Ranjana Pathania,"['Ranjana Pathania', 'Smriti Saraswat', 'Mahua Mukherjee', 'E Rajasekar', 'Ashwani Kumar Sharma']"
v0_078_india_science_and_research_fellowship_programme,Sanjoy Ghosh,"['Sanjoy Ghosh', 'Smriti Saraswat', 'Mahua Mukherjee', 'E Rajasekar', 'Ashwani Kumar Sharma']"
v0_078_india_science_and_research_fellowship_programme,Saugata Hazra,"['Saugata Hazra', 'Smriti Saraswat', 'Mahua Mukherjee', 'E Rajasekar', 'Ashwani Kumar Sharma']"
v0_078_india_science_and_research_fellowship_programme,Shailly Tomar,"['Shailly Tomar', 'Smriti Saraswat', 'Mahua Mukherjee', 'E Rajasekar', 'Ashwani Kumar Sharma']"
v0_078_india_science_and_research_fellowship_programme,Shri Ram Yadav,"['Shri Ram Yadav', 'Smriti Saraswat', 'Mahua Mukherjee', 'E Rajasekar', 'Ashwani Kumar Sharma']"
v0_078_india_science_and_research_fellowship_programme,Soma Rohatgi,"['Soma Rohatgi', 'Smriti Saraswat', 'Mahua Mukherjee', 'E Rajasekar', 'Ashwani Kumar Sharma']"
v0_078_india_science_and_research_fellowship_programme,Sachin Suresh Tiwari,"['Sachin Suresh Tiwari', 'Smriti Saraswat', 'Mahua Mukherjee', 'E Rajasekar', 'Ashwani Kumar Sharma']"
v0_078_india_science_and_research_fellowship_programme,Jitin Singla,"['Jitin Singla', 'Smriti Saraswat', 'Mahua Mukherjee', 'E Rajasekar', 'Ashwani Kumar Sharma']"
v0_078_india_science_and_research_fellowship_programme,Rajesh Kumar,"['Rajesh Kumar', 'Smriti Saraswat', 'Mahua Mukherjee', 'E Rajasekar', 'Ashwani Kumar Sharma']"
v0_078_india_science_and_research_fellowship_programme,Akhil Upadhyay,"['Akhil Upadhyay', 'Smriti Saraswat', 'Mahua Mukherjee', 'E Rajasekar', 'Ashwani Kumar Sharma']"
v0_079_indo_german_science__technology_centre_igstc_announces_call_for_grant_applications_for_indo_german_r__d_partnership_on_research_projects_with_industrial_relevance,Arindam Biswas,"['Arindam Biswas', 'Shubhajit Sadhukhan', 'R. P. Singh', 'Pranita P Sarangi', 'Partha Roy']"
v0_079_indo_german_science__technology_centre_igstc_announces_call_for_grant_applications_for_indo_german_r__d_partnership_on_research_projects_with_industrial_relevance,Avlokita Agrawal,"['Avlokita Agrawal', 'Shubhajit Sadhukhan', 'R. P. Singh', 'Pranita P Sarangi', 'Partha Roy']"
v0_079_indo_german_science__technology_centre_igstc_announces_call_for_grant_applications_for_indo_german_r__d_partnership_on_research_projects_with_industrial_relevance,Gaurav Raheja,"['Gaurav Raheja', 'Shubhajit Sadhukhan', 'R. P. Singh', 'Pranita P Sarangi', 'Partha Roy']"
v0_079_indo_german_science__technology_centre_igstc_announces_call_for_grant_applications_for_indo_german_r__d_partnership_on_research_projects_with_industrial_relevance,Harshit Sosan Lakra,"['Harshit Sosan Lakra', 'Shubhajit Sadhukhan', 'R. P. Singh', 'Pranita P Sarangi', 'Partha Roy']"
v0_079_indo_german_science__technology_centre_igstc_announces_call_for_grant_applications_for_indo_german_r__d_partnership_on_research_projects_with_industrial_relevance,Mahua Mukherjee,"['Mahua Mukherjee', 'Shubhajit Sadhukhan', 'R. P. Singh', 'Pranita P Sarangi', 'Partha Roy']"
v0_079_indo_german_science__technology_centre_igstc_announces_call_for_grant_applications_for_indo_german_r__d_partnership_on_research_projects_with_industrial_relevance,Prabhjot Singh Chani,"['Prabhjot Singh Chani', 'Shubhajit Sadhukhan', 'R. P. Singh', 'Pranita P Sarangi', 'Partha Roy']"
v0_079_indo_german_science__technology_centre_igstc_announces_call_for_grant_applications_for_indo_german_r__d_partnership_on_research_projects_with_industrial_relevance,E Rajasekar,"['E Rajasekar', 'Shubhajit Sadhukhan', 'R. P. Singh', 'Pranita P Sarangi', 'Partha Roy']"
v0_079_indo_german_science__technology_centre_igstc_announces_call_for_grant_applications_for_indo_german_r__d_partnership_on_research_projects_with_industrial_relevance,Ram Sateesh Pasupuleti,"['Ram Sateesh Pasupuleti', 'Shubhajit Sadhukhan', 'R. P. Singh', 'Pranita P Sarangi', 'Partha Roy']"
v0_079_indo_german_science__technology_centre_igstc_announces_call_for_grant_applications_for_indo_german_r__d_partnership_on_research_projects_with_industrial_relevance,Saptarshi Kolay,"['Saptarshi Kolay', 'Shubhajit Sadhukhan', 'R. P. Singh', 'Pranita P Sarangi', 'Partha Roy']"
v0_079_indo_german_science__technology_centre_igstc_announces_call_for_grant_applications_for_indo_german_r__d_partnership_on_research_projects_with_industrial_relevance,Shubhajit Sadhukhan,"['Shubhajit Sadhukhan', 'R. P. Singh', 'Pranita P Sarangi', 'Partha Roy', 'Harsh Chauhan']"
v0_079_indo_german_science__technology_centre_igstc_announces_call_for_grant_applications_for_indo_german_r__d_partnership_on_research_projects_with_industrial_relevance,Smriti Saraswat,"['Smriti Saraswat', 'Shubhajit Sadhukhan', 'R. P. Singh', 'Pranita P Sarangi', 'Partha Roy']"
v0_079_indo_german_science__technology_centre_igstc_announces_call_for_grant_applications_for_indo_german_r__d_partnership_on_research_projects_with_industrial_relevance,Sonal Atreya,"['Sonal Atreya', 'Shubhajit Sadhukhan', 'R. P. Singh', 'Pranita P Sarangi', 'Partha Roy']"
v0_079_indo_german_science__technology_centre_igstc_announces_call_for_grant_applications_for_indo_german_r__d_partnership_on_research_projects_with_industrial_relevance,Tina Pujara,"['Tina Pujara', 'Shubhajit Sadhukhan', 'R. P. Singh', 'Pranita P Sarangi', 'Partha Roy']"
v0_079_indo_german_science__technology_centre_igstc_announces_call_for_grant_applications_for_indo_german_r__d_partnership_on_research_projects_with_industrial_relevance,Uttam Kumar Roy,"['Uttam Kumar Roy', 'Shubhajit Sadhukhan', 'R. P. Singh', 'Pranita P Sarangi', 'Partha Roy']"
v0_079_indo_german_science__technology_centre_igstc_announces_call_for_grant_applications_for_indo_german_r__d_partnership_on_research_projects_with_industrial_relevance,V Devadas,"['V Devadas', 'Shubhajit Sadhukhan', 'R. P. Singh', 'Pranita P Sarangi', 'Partha Roy']"
v0_079_indo_german_science__technology_centre_igstc_announces_call_for_grant_applications_for_indo_german_r__d_partnership_on_research_projects_with_industrial_relevance,Jaydev Dabas,"['Jaydev Dabas', 'Shubhajit Sadhukhan', 'R. P. Singh', 'Pranita P Sarangi', 'Partha Roy']"
v0_079_indo_german_science__technology_centre_igstc_announces_call_for_grant_applications_for_indo_german_r__d_partnership_on_research_projects_with_industrial_relevance,Millie Pant,"['Millie Pant', 'Shubhajit Sadhukhan', 'R. P. Singh', 'Pranita P Sarangi', 'Partha Roy']"
v0_079_indo_german_science__technology_centre_igstc_announces_call_for_grant_applications_for_indo_german_r__d_partnership_on_research_projects_with_industrial_relevance,Rajan Arora,"['Rajan Arora', 'Shubhajit Sadhukhan', 'R. P. Singh', 'Pranita P Sarangi', 'Partha Roy']"
v0_079_indo_german_science__technology_centre_igstc_announces_call_for_grant_applications_for_indo_german_r__d_partnership_on_research_projects_with_industrial_relevance,Ashwani Kumar Sharma,"['Ashwani Kumar Sharma', 'Shubhajit Sadhukhan', 'R. P. Singh', 'Pranita P Sarangi', 'Partha Roy']"
v0_079_indo_german_science__technology_centre_igstc_announces_call_for_grant_applications_for_indo_german_r__d_partnership_on_research_projects_with_industrial_relevance,Bijan Choudhury,"['Bijan Choudhury', 'Shubhajit Sadhukhan', 'R. P. Singh', 'Pranita P Sarangi', 'Partha Roy']"
v0_079_indo_german_science__technology_centre_igstc_announces_call_for_grant_applications_for_indo_german_r__d_partnership_on_research_projects_with_industrial_relevance,Debabrata Sircar,"['Debabrata Sircar', 'Shubhajit Sadhukhan', 'R. P. Singh', 'Pranita P Sarangi', 'Partha Roy']"
v0_079_indo_german_science__technology_centre_igstc_announces_call_for_grant_applications_for_indo_german_r__d_partnership_on_research_projects_with_industrial_relevance,Deepak Sharma,"['Deepak Sharma', 'Shubhajit Sadhukhan', 'R. P. Singh', 'Pranita P Sarangi', 'Partha Roy']"
v0_079_indo_german_science__technology_centre_igstc_announces_call_for_grant_applications_for_indo_german_r__d_partnership_on_research_projects_with_industrial_relevance,P Gopinath,"['P Gopinath', 'Shubhajit Sadhukhan', 'R. P. Singh', 'Pranita P Sarangi', 'Partha Roy']"
v0_079_indo_german_science__technology_centre_igstc_announces_call_for_grant_applications_for_indo_german_r__d_partnership_on_research_projects_with_industrial_relevance,Harsh Chauhan,"['Harsh Chauhan', 'Shubhajit Sadhukhan', 'R. P. Singh', 'Pranita P Sarangi', 'Partha Roy']"
v0_079_indo_german_science__technology_centre_igstc_announces_call_for_grant_applications_for_indo_german_r__d_partnership_on_research_projects_with_industrial_relevance,Srinivas Kiran Ambatipudi,"['Srinivas Kiran Ambatipudi', 'Shubhajit Sadhukhan', 'R. P. Singh', 'Pranita P Sarangi', 'Partha Roy']"
v0_079_indo_german_science__technology_centre_igstc_announces_call_for_grant_applications_for_indo_german_r__d_partnership_on_research_projects_with_industrial_relevance,Krishna Mohan Poluri,"['Krishna Mohan Poluri', 'Shubhajit Sadhukhan', 'R. P. Singh', 'Pranita P Sarangi', 'Partha Roy']"
v0_079_indo_german_science__technology_centre_igstc_announces_call_for_grant_applications_for_indo_german_r__d_partnership_on_research_projects_with_industrial_relevance,Maya S.Nair,"['Maya S.Nair', 'Shubhajit Sadhukhan', 'R. P. Singh', 'Pranita P Sarangi', 'Partha Roy']"
v0_079_indo_german_science__technology_centre_igstc_announces_call_for_grant_applications_for_indo_german_r__d_partnership_on_research_projects_with_industrial_relevance,N K Navani,"['N K Navani', 'Shubhajit Sadhukhan', 'R. P. Singh', 'Pranita P Sarangi', 'Partha Roy']"
v0_079_indo_german_science__technology_centre_igstc_announces_call_for_grant_applications_for_indo_german_r__d_partnership_on_research_projects_with_industrial_relevance,Partha Roy,"['Partha Roy', 'Shubhajit Sadhukhan', 'R. P. Singh', 'Pranita P Sarangi', 'Harsh Chauhan']"
v0_079_indo_german_science__technology_centre_igstc_announces_call_for_grant_applications_for_indo_german_r__d_partnership_on_research_projects_with_industrial_relevance,Poonam Choudhary,"['Poonam Choudhary', 'Shubhajit Sadhukhan', 'R. P. Singh', 'Pranita P Sarangi', 'Partha Roy']"
v0_079_indo_german_science__technology_centre_igstc_announces_call_for_grant_applications_for_indo_german_r__d_partnership_on_research_projects_with_industrial_relevance,Prabhat Kumar Mandal,"['Prabhat Kumar Mandal', 'Shubhajit Sadhukhan', 'R. P. Singh', 'Pranita P Sarangi', 'Partha Roy']"
v0_079_indo_german_science__technology_centre_igstc_announces_call_for_grant_applications_for_indo_german_r__d_partnership_on_research_projects_with_industrial_relevance,Pranita P Sarangi,"['Pranita P Sarangi', 'Shubhajit Sadhukhan', 'R. P. Singh', 'Partha Roy', 'Harsh Chauhan']"
v0_079_indo_german_science__technology_centre_igstc_announces_call_for_grant_applications_for_indo_german_r__d_partnership_on_research_projects_with_industrial_relevance,Pravindra Kumar,"['Pravindra Kumar', 'Shubhajit Sadhukhan', 'R. P. Singh', 'Pranita P Sarangi', 'Partha Roy']"
v0_079_indo_german_science__technology_centre_igstc_announces_call_for_grant_applications_for_indo_german_r__d_partnership_on_research_projects_with_industrial_relevance,Prince Tiwari,"['Prince Tiwari', 'Shubhajit Sadhukhan', 'R. P. Singh', 'Pranita P Sarangi', 'Partha Roy']"
v0_079_indo_german_science__technology_centre_igstc_announces_call_for_grant_applications_for_indo_german_r__d_partnership_on_research_projects_with_industrial_relevance,R. P. Singh,"['R. P. Singh', 'Shubhajit Sadhukhan', 'Pranita P Sarangi', 'Partha Roy', 'Harsh Chauhan']"
v0_079_indo_german_science__technology_centre_igstc_announces_call_for_grant_applications_for_indo_german_r__d_partnership_on_research_projects_with_industrial_relevance,Ramasare Prasad,"['Ramasare Prasad', 'Shubhajit Sadhukhan', 'R. P. Singh', 'Pranita P Sarangi', 'Partha Roy']"
v0_079_indo_german_science__technology_centre_igstc_announces_call_for_grant_applications_for_indo_german_r__d_partnership_on_research_projects_with_industrial_relevance,Ranjana Pathania,"['Ranjana Pathania', 'Shubhajit Sadhukhan', 'R. P. Singh', 'Pranita P Sarangi', 'Partha Roy']"
v0_079_indo_german_science__technology_centre_igstc_announces_call_for_grant_applications_for_indo_german_r__d_partnership_on_research_projects_with_industrial_relevance,Sanjoy Ghosh,"['Sanjoy Ghosh', 'Shubhajit Sadhukhan', 'R. P. Singh', 'Pranita P Sarangi', 'Partha Roy']"
v0_079_indo_german_science__technology_centre_igstc_announces_call_for_grant_applications_for_indo_german_r__d_partnership_on_research_projects_with_industrial_relevance,Saugata Hazra,"['Saugata Hazra', 'Shubhajit Sadhukhan', 'R. P. Singh', 'Pranita P Sarangi', 'Partha Roy']"
v0_079_indo_german_science__technology_centre_igstc_announces_call_for_grant_applications_for_indo_german_r__d_partnership_on_research_projects_with_industrial_relevance,Shailly Tomar,"['Shailly Tomar', 'Shubhajit Sadhukhan', 'R. P. Singh', 'Pranita P Sarangi', 'Partha Roy']"
v0_079_indo_german_science__technology_centre_igstc_announces_call_for_grant_applications_for_indo_german_r__d_partnership_on_research_projects_with_industrial_relevance,Shri Ram Yadav,"['Shri Ram Yadav', 'Shubhajit Sadhukhan', 'R. P. Singh', 'Pranita P Sarangi', 'Partha Roy']"
v0_079_indo_german_science__technology_centre_igstc_announces_call_for_grant_applications_for_indo_german_r__d_partnership_on_research_projects_with_industrial_relevance,Soma Rohatgi,"['Soma Rohatgi', 'Shubhajit Sadhukhan', 'R. P. Singh', 'Pranita P Sarangi', 'Partha Roy']"
v0_079_indo_german_science__technology_centre_igstc_announces_call_for_grant_applications_for_indo_german_r__d_partnership_on_research_projects_with_industrial_relevance,Sachin Suresh Tiwari,"['Sachin Suresh Tiwari', 'Shubhajit Sadhukhan', 'R. P. Singh', 'Pranita P Sarangi', 'Partha Roy']"
v0_079_indo_german_science__technology_centre_igstc_announces_call_for_grant_applications_for_indo_german_r__d_partnership_on_research_projects_with_industrial_relevance,Jitin Singla,"['Jitin Singla', 'Shubhajit Sadhukhan', 'R. P. Singh', 'Pranita P Sarangi', 'Partha Roy']"
v0_079_indo_german_science__technology_centre_igstc_announces_call_for_grant_applications_for_indo_german_r__d_partnership_on_research_projects_with_industrial_relevance,Rajesh Kumar,"['Rajesh Kumar', 'Shubhajit Sadhukhan', 'R. P. Singh', 'Pranita P Sarangi', 'Partha Roy']"
v0_079_indo_german_science__technology_centre_igstc_announces_call_for_grant_applications_for_indo_german_r__d_partnership_on_research_projects_with_industrial_relevance,Akhil Upadhyay,"['Akhil Upadhyay', 'Shubhajit Sadhukhan', 'R. P. Singh', 'Pranita P Sarangi', 'Partha Roy']"
v0_080_special_call_for_proposals_under_scheduled_castes_sc_and_scheduled_tribes_st_category_under_icps_programme,Arindam Biswas,"['Arindam Biswas', 'Pravindra Kumar', 'Partha Roy', 'E Rajasekar']"
v0_080_special_call_for_proposals_under_scheduled_castes_sc_and_scheduled_tribes_st_category_under_icps_programme,Avlokita Agrawal,"['Avlokita Agrawal', 'Pravindra Kumar', 'Partha Roy', 'E Rajasekar']"
v0_080_special_call_for_proposals_under_scheduled_castes_sc_and_scheduled_tribes_st_category_under_icps_programme,Gaurav Raheja,"['Gaurav Raheja', 'Pravindra Kumar', 'Partha Roy', 'E Rajasekar']"
v0_080_special_call_for_proposals_under_scheduled_castes_sc_and_scheduled_tribes_st_category_under_icps_programme,Harshit Sosan Lakra,"['Harshit Sosan Lakra', 'Pravindra Kumar', 'Partha Roy', 'E Rajasekar']"
v0_080_special_call_for_proposals_under_scheduled_castes_sc_and_scheduled_tribes_st_category_under_icps_programme,Mahua Mukherjee,"['Mahua Mukherjee', 'Pravindra Kumar', 'Partha Roy', 'E Rajasekar']"
v0_080_special_call_for_proposals_under_scheduled_castes_sc_and_scheduled_tribes_st_category_under_icps_programme,Prabhjot Singh Chani,"['Prabhjot Singh Chani', 'Pravindra Kumar', 'Partha Roy', 'E Rajasekar']"
v0_080_special_call_for_proposals_under_scheduled_castes_sc_and_scheduled_tribes_st_category_under_icps_programme,E Rajasekar,"['E Rajasekar', 'Pravindra Kumar', 'Partha Roy']"
v0_080_special_call_for_proposals_under_scheduled_castes_sc_and_scheduled_tribes_st_category_under_icps_programme,Ram Sateesh Pasupuleti,"['Ram Sateesh Pasupuleti', 'Pravindra Kumar', 'Partha Roy', 'E Rajasekar']"
v0_080_special_call_for_proposals_under_scheduled_castes_sc_and_scheduled_tribes_st_category_under_icps_programme,Saptarshi Kolay,"['Saptarshi Kolay', 'Pravindra Kumar', 'Partha Roy', 'E Rajasekar']"
v0_080_special_call_for_proposals_under_scheduled_castes_sc_and_scheduled_tribes_st_category_under_icps_programme,Shubhajit Sadhukhan,"['Shubhajit Sadhukhan', 'Pravindra Kumar', 'Partha Roy', 'E Rajasekar']"
v0_080_special_call_for_proposals_under_scheduled_castes_sc_and_scheduled_tribes_st_category_under_icps_programme,Smriti Saraswat,"['Smriti Saraswat', 'Pravindra Kumar', 'Partha Roy', 'E Rajasekar']"
v0_080_special_call_for_proposals_under_scheduled_castes_sc_and_scheduled_tribes_st_category_under_icps_programme,Sonal Atreya,"['Sonal Atreya', 'Pravindra Kumar', 'Partha Roy', 'E Rajasekar']"
v0_080_special_call_for_proposals_under_scheduled_castes_sc_and_scheduled_tribes_st_category_under_icps_programme,Tina Pujara,"['Tina Pujara', 'Pravindra Kumar', 'Partha Roy', 'E Rajasekar']"
v0_080_special_call_for_proposals_under_scheduled_castes_sc_and_scheduled_tribes_st_category_under_icps_programme,Uttam Kumar Roy,"['Uttam Kumar Roy', 'Pravindra Kumar', 'Partha Roy', 'E Rajasekar']"
v0_080_special_call_for_proposals_under_scheduled_castes_sc_and_scheduled_tribes_st_category_under_icps_programme,V Devadas,"['V Devadas', 'Pravindra Kumar', 'Partha Roy', 'E Rajasekar']"
v0_080_special_call_for_proposals_under_scheduled_castes_sc_and_scheduled_tribes_st_category_under_icps_programme,Jaydev Dabas,"['Jaydev Dabas', 'Pravindra Kumar', 'Partha Roy', 'E Rajasekar']"
v0_080_special_call_for_proposals_under_scheduled_castes_sc_and_scheduled_tribes_st_category_under_icps_programme,Millie Pant,"['Millie Pant', 'Pravindra Kumar', 'Partha Roy', 'E Rajasekar']"
v0_080_special_call_for_proposals_under_scheduled_castes_sc_and_scheduled_tribes_st_category_under_icps_programme,Rajan Arora,"['Rajan Arora', 'Pravindra Kumar', 'Partha Roy', 'E Rajasekar']"
v0_080_special_call_for_proposals_under_scheduled_castes_sc_and_scheduled_tribes_st_category_under_icps_programme,Ashwani Kumar Sharma,"['Ashwani Kumar Sharma', 'Pravindra Kumar', 'Partha Roy', 'E Rajasekar']"
v0_080_special_call_for_proposals_under_scheduled_castes_sc_and_scheduled_tribes_st_category_under_icps_programme,Bijan Choudhury,"['Bijan Choudhury', 'Pravindra Kumar', 'Partha Roy', 'E Rajasekar']"
v0_080_special_call_for_proposals_under_scheduled_castes_sc_and_scheduled_tribes_st_category_under_icps_programme,Debabrata Sircar,"['Debabrata Sircar', 'Pravindra Kumar', 'Partha Roy', 'E Rajasekar']"
v0_080_special_call_for_proposals_under_scheduled_castes_sc_and_scheduled_tribes_st_category_under_icps_programme,Deepak Sharma,"['Deepak Sharma', 'Pravindra Kumar', 'Partha Roy', 'E Rajasekar']"
v0_080_special_call_for_proposals_under_scheduled_castes_sc_and_scheduled_tribes_st_category_under_icps_programme,P Gopinath,"['P Gopinath', 'Pravindra Kumar', 'Partha Roy', 'E Rajasekar']"
v0_080_special_call_for_proposals_under_scheduled_castes_sc_and_scheduled_tribes_st_category_under_icps_programme,Harsh Chauhan,"['Harsh Chauhan', 'Pravindra Kumar', 'Partha Roy', 'E Rajasekar']"
v0_080_special_call_for_proposals_under_scheduled_castes_sc_and_scheduled_tribes_st_category_under_icps_programme,Srinivas Kiran Ambatipudi,"['Srinivas Kiran Ambatipudi', 'Pravindra Kumar', 'Partha Roy', 'E Rajasekar']"
v0_080_special_call_for_proposals_under_scheduled_castes_sc_and_scheduled_tribes_st_category_under_icps_programme,Krishna Mohan Poluri,"['Krishna Mohan Poluri', 'Pravindra Kumar', 'Partha Roy', 'E Rajasekar']"
v0_080_special_call_for_proposals_under_scheduled_castes_sc_and_scheduled_tribes_st_category_under_icps_programme,Maya S.Nair,"['Maya S.Nair', 'Pravindra Kumar', 'Partha Roy', 'E Rajasekar']"
v0_080_special_call_for_proposals_under_scheduled_castes_sc_and_scheduled_tribes_st_category_under_icps_programme,N K Navani,"['N K Navani', 'Pravindra Kumar', 'Partha Roy', 'E Rajasekar']"
v0_080_special_call_for_proposals_under_scheduled_castes_sc_and_scheduled_tribes_st_category_under_icps_programme,Partha Roy,"['Partha Roy', 'Pravindra Kumar', 'E Rajasekar']"
v0_080_special_call_for_proposals_under_scheduled_castes_sc_and_scheduled_tribes_st_category_under_icps_programme,Poonam Choudhary,"['Poonam Choudhary', 'Pravindra Kumar', 'Partha Roy', 'E Rajasekar']"
v0_080_special_call_for_proposals_under_scheduled_castes_sc_and_scheduled_tribes_st_category_under_icps_programme,Prabhat Kumar Mandal,"['Prabhat Kumar Mandal', 'Pravindra Kumar', 'Partha Roy', 'E Rajasekar']"
v0_080_special_call_for_proposals_under_scheduled_castes_sc_and_scheduled_tribes_st_category_under_icps_programme,Pranita P Sarangi,"['Pranita P Sarangi', 'Pravindra Kumar', 'Partha Roy', 'E Rajasekar']"
v0_080_special_call_for_proposals_under_scheduled_castes_sc_and_scheduled_tribes_st_category_under_icps_programme,Pravindra Kumar,"['Pravindra Kumar', 'Partha Roy', 'E Rajasekar']"
v0_080_special_call_for_proposals_under_scheduled_castes_sc_and_scheduled_tribes_st_category_under_icps_programme,Prince Tiwari,"['Prince Tiwari', 'Pravindra Kumar', 'Partha Roy', 'E Rajasekar']"
v0_080_special_call_for_proposals_under_scheduled_castes_sc_and_scheduled_tribes_st_category_under_icps_programme,R. P. Singh,"['R. P. Singh', 'Pravindra Kumar', 'Partha Roy', 'E Rajasekar']"
v0_080_special_call_for_proposals_under_scheduled_castes_sc_and_scheduled_tribes_st_category_under_icps_programme,Ramasare Prasad,"['Ramasare Prasad', 'Pravindra Kumar', 'Partha Roy', 'E Rajasekar']"
v0_080_special_call_for_proposals_under_scheduled_castes_sc_and_scheduled_tribes_st_category_under_icps_programme,Ranjana Pathania,"['Ranjana Pathania', 'Pravindra Kumar', 'Partha Roy', 'E Rajasekar']"
v0_080_special_call_for_proposals_under_scheduled_castes_sc_and_scheduled_tribes_st_category_under_icps_programme,Sanjoy Ghosh,"['Sanjoy Ghosh', 'Pravindra Kumar', 'Partha Roy', 'E Rajasekar']"
v0_080_special_call_for_proposals_under_scheduled_castes_sc_and_scheduled_tribes_st_category_under_icps_programme,Saugata Hazra,"['Saugata Hazra', 'Pravindra Kumar', 'Partha Roy', 'E Rajasekar']"
v0_080_special_call_for_proposals_under_scheduled_castes_sc_and_scheduled_tribes_st_category_under_icps_programme,Shailly Tomar,"['Shailly Tomar', 'Pravindra Kumar', 'Partha Roy', 'E Rajasekar']"
v0_080_special_call_for_proposals_under_scheduled_castes_sc_and_scheduled_tribes_st_category_under_icps_programme,Shri Ram Yadav,"['Shri Ram Yadav', 'Pravindra Kumar', 'Partha Roy', 'E Rajasekar']"
v0_080_special_call_for_proposals_under_scheduled_castes_sc_and_scheduled_tribes_st_category_under_icps_programme,Soma Rohatgi,"['Soma Rohatgi', 'Pravindra Kumar', 'Partha Roy', 'E Rajasekar']"
v0_080_special_call_for_proposals_under_scheduled_castes_sc_and_scheduled_tribes_st_category_under_icps_programme,Sachin Suresh Tiwari,"['Sachin Suresh Tiwari', 'Pravindra Kumar', 'Partha Roy', 'E Rajasekar']"
v0_080_special_call_for_proposals_under_scheduled_castes_sc_and_scheduled_tribes_st_category_under_icps_programme,Jitin Singla,"['Jitin Singla', 'Pravindra Kumar', 'Partha Roy', 'E Rajasekar']"
v0_080_special_call_for_proposals_under_scheduled_castes_sc_and_scheduled_tribes_st_category_under_icps_programme,Rajesh Kumar,"['Rajesh Kumar', 'Pravindra Kumar', 'Partha Roy', 'E Rajasekar']"
v0_080_special_call_for_proposals_under_scheduled_castes_sc_and_scheduled_tribes_st_category_under_icps_programme,Akhil Upadhyay,"['Akhil Upadhyay', 'Pravindra Kumar', 'Partha Roy', 'E Rajasekar']"
v0_081_call___indo_norway_joint_research_projects_in_st,Arindam Biswas,"['Arindam Biswas', 'Uttam Kumar Roy', 'Ramasare Prasad', 'Partha Roy']"
v0_081_call___indo_norway_joint_research_projects_in_st,Avlokita Agrawal,"['Avlokita Agrawal', 'Uttam Kumar Roy', 'Ramasare Prasad', 'Partha Roy', 'Arindam Biswas']"
v0_081_call___indo_norway_joint_research_projects_in_st,Gaurav Raheja,"['Gaurav Raheja', 'Uttam Kumar Roy', 'Ramasare Prasad', 'Partha Roy', 'Arindam Biswas']"
v0_081_call___indo_norway_joint_research_projects_in_st,Harshit Sosan Lakra,"['Harshit Sosan Lakra', 'Uttam Kumar Roy', 'Ramasare Prasad', 'Partha Roy', 'Arindam Biswas']"
v0_081_call___indo_norway_joint_research_projects_in_st,Mahua Mukherjee,"['Mahua Mukherjee', 'Uttam Kumar Roy', 'Ramasare Prasad', 'Partha Roy', 'Arindam Biswas']"
v0_081_call___indo_norway_joint_research_projects_in_st,Prabhjot Singh Chani,"['Prabhjot Singh Chani', 'Uttam Kumar Roy', 'Ramasare Prasad', 'Partha Roy', 'Arindam Biswas']"
v0_081_call___indo_norway_joint_research_projects_in_st,E Rajasekar,"['E Rajasekar', 'Uttam Kumar Roy', 'Ramasare Prasad', 'Partha Roy', 'Arindam Biswas']"
v0_081_call___indo_norway_joint_research_projects_in_st,Ram Sateesh Pasupuleti,"['Ram Sateesh Pasupuleti', 'Uttam Kumar Roy', 'Ramasare Prasad', 'Partha Roy', 'Arindam Biswas']"
v0_081_call___indo_norway_joint_research_projects_in_st,Saptarshi Kolay,"['Saptarshi Kolay', 'Uttam Kumar Roy', 'Ramasare Prasad', 'Partha Roy', 'Arindam Biswas']"
v0_081_call___indo_norway_joint_research_projects_in_st,Shubhajit Sadhukhan,"['Shubhajit Sadhukhan', 'Uttam Kumar Roy', 'Ramasare Prasad', 'Partha Roy', 'Arindam Biswas']"
v0_081_call___indo_norway_joint_research_projects_in_st,Smriti Saraswat,"['Smriti Saraswat', 'Uttam Kumar Roy', 'Ramasare Prasad', 'Partha Roy', 'Arindam Biswas']"
v0_081_call___indo_norway_joint_research_projects_in_st,Sonal Atreya,"['Sonal Atreya', 'Uttam Kumar Roy', 'Ramasare Prasad', 'Partha Roy', 'Arindam Biswas']"
v0_081_call___indo_norway_joint_research_projects_in_st,Tina Pujara,"['Tina Pujara', 'Uttam Kumar Roy', 'Ramasare Prasad', 'Partha Roy', 'Arindam Biswas']"
v0_081_call___indo_norway_joint_research_projects_in_st,Uttam Kumar Roy,"['Uttam Kumar Roy', 'Ramasare Prasad', 'Partha Roy', 'Arindam Biswas']"
v0_081_call___indo_norway_joint_research_projects_in_st,V Devadas,"['V Devadas', 'Uttam Kumar Roy', 'Ramasare Prasad', 'Partha Roy', 'Arindam Biswas']"
v0_081_call___indo_norway_joint_research_projects_in_st,Jaydev Dabas,"['Jaydev Dabas', 'Uttam Kumar Roy', 'Ramasare Prasad', 'Partha Roy', 'Arindam Biswas']"
v0_081_call___indo_norway_joint_research_projects_in_st,Millie Pant,"['Millie Pant', 'Uttam Kumar Roy', 'Ramasare Prasad', 'Partha Roy', 'Arindam Biswas']"
v0_081_call___indo_norway_joint_research_projects_in_st,Rajan Arora,"['Rajan Arora', 'Uttam Kumar Roy', 'Ramasare Prasad', 'Partha Roy', 'Arindam Biswas']"
v0_081_call___indo_norway_joint_research_projects_in_st,Ashwani Kumar Sharma,"['Ashwani Kumar Sharma', 'Uttam Kumar Roy', 'Ramasare Prasad', 'Partha Roy', 'Arindam Biswas']"
v0_081_call___indo_norway_joint_research_projects_in_st,Bijan Choudhury,"['Bijan Choudhury', 'Uttam Kumar Roy', 'Ramasare Prasad', 'Partha Roy', 'Arindam Biswas']"
v0_081_call___indo_norway_joint_research_projects_in_st,Debabrata Sircar,"['Debabrata Sircar', 'Uttam Kumar Roy', 'Ramasare Prasad', 'Partha Roy', 'Arindam Biswas']"
v0_081_call___indo_norway_joint_research_projects_in_st,Deepak Sharma,"['Deepak Sharma', 'Uttam Kumar Roy', 'Ramasare Prasad', 'Partha Roy', 'Arindam Biswas']"
v0_081_call___indo_norway_joint_research_projects_in_st,P Gopinath,"['P Gopinath', 'Uttam Kumar Roy', 'Ramasare Prasad', 'Partha Roy', 'Arindam Biswas']"
v0_081_call___indo_norway_joint_research_projects_in_st,Harsh Chauhan,"['Harsh Chauhan', 'Uttam Kumar Roy', 'Ramasare Prasad', 'Partha Roy', 'Arindam Biswas']"
v0_081_call___indo_norway_joint_research_projects_in_st,Srinivas Kiran Ambatipudi,"['Srinivas Kiran Ambatipudi', 'Uttam Kumar Roy', 'Ramasare Prasad', 'Partha Roy', 'Arindam Biswas']"
v0_081_call___indo_norway_joint_research_projects_in_st,Krishna Mohan Poluri,"['Krishna Mohan Poluri', 'Uttam Kumar Roy', 'Ramasare Prasad', 'Partha Roy', 'Arindam Biswas']"
v0_081_call___indo_norway_joint_research_projects_in_st,Maya S.Nair,"['Maya S.Nair', 'Uttam Kumar Roy', 'Ramasare Prasad', 'Partha Roy', 'Arindam Biswas']"
v0_081_call___indo_norway_joint_research_projects_in_st,N K Navani,"['N K Navani', 'Uttam Kumar Roy', 'Ramasare Prasad', 'Partha Roy', 'Arindam Biswas']"
v0_081_call___indo_norway_joint_research_projects_in_st,Partha Roy,"['Partha Roy', 'Uttam Kumar Roy', 'Ramasare Prasad', 'Arindam Biswas']"
v0_081_call___indo_norway_joint_research_projects_in_st,Poonam Choudhary,"['Poonam Choudhary', 'Uttam Kumar Roy', 'Ramasare Prasad', 'Partha Roy', 'Arindam Biswas']"
v0_081_call___indo_norway_joint_research_projects_in_st,Prabhat Kumar Mandal,"['Prabhat Kumar Mandal', 'Uttam Kumar Roy', 'Ramasare Prasad', 'Partha Roy', 'Arindam Biswas']"
v0_081_call___indo_norway_joint_research_projects_in_st,Pranita P Sarangi,"['Pranita P Sarangi', 'Uttam Kumar Roy', 'Ramasare Prasad', 'Partha Roy', 'Arindam Biswas']"
v0_081_call___indo_norway_joint_research_projects_in_st,Pravindra Kumar,"['Pravindra Kumar', 'Uttam Kumar Roy', 'Ramasare Prasad', 'Partha Roy', 'Arindam Biswas']"
v0_081_call___indo_norway_joint_research_projects_in_st,Prince Tiwari,"['Prince Tiwari', 'Uttam Kumar Roy', 'Ramasare Prasad', 'Partha Roy', 'Arindam Biswas']"
v0_081_call___indo_norway_joint_research_projects_in_st,R. P. Singh,"['R. P. Singh', 'Uttam Kumar Roy', 'Ramasare Prasad', 'Partha Roy', 'Arindam Biswas']"
v0_081_call___indo_norway_joint_research_projects_in_st,Ramasare Prasad,"['Ramasare Prasad', 'Uttam Kumar Roy', 'Partha Roy', 'Arindam Biswas']"
v0_081_call___indo_norway_joint_research_projects_in_st,Ranjana Pathania,"['Ranjana Pathania', 'Uttam Kumar Roy', 'Ramasare Prasad', 'Partha Roy', 'Arindam Biswas']"
v0_081_call___indo_norway_joint_research_projects_in_st,Sanjoy Ghosh,"['Sanjoy Ghosh', 'Uttam Kumar Roy', 'Ramasare Prasad', 'Partha Roy', 'Arindam Biswas']"
v0_081_call___indo_norway_joint_research_projects_in_st,Saugata Hazra,"['Saugata Hazra', 'Uttam Kumar Roy', 'Ramasare Prasad', 'Partha Roy', 'Arindam Biswas']"
v0_081_call___indo_norway_joint_research_projects_in_st,Shailly Tomar,"['Shailly Tomar', 'Uttam Kumar Roy', 'Ramasare Prasad', 'Partha Roy', 'Arindam Biswas']"
v0_081_call___indo_norway_joint_research_projects_in_st,Shri Ram Yadav,"['Shri Ram Yadav', 'Uttam Kumar Roy', 'Ramasare Prasad', 'Partha Roy', 'Arindam Biswas']"
v0_081_call___indo_norway_joint_research_projects_in_st,Soma Rohatgi,"['Soma Rohatgi', 'Uttam Kumar Roy', 'Ramasare Prasad', 'Partha Roy', 'Arindam Biswas']"
v0_081_call___indo_norway_joint_research_projects_in_st,Sachin Suresh Tiwari,"['Sachin Suresh Tiwari', 'Uttam Kumar Roy', 'Ramasare Prasad', 'Partha Roy', 'Arindam Biswas']"
v0_081_call___indo_norway_joint_research_projects_in_st,Jitin Singla,"['Jitin Singla', 'Uttam Kumar Roy', 'Ramasare Prasad', 'Partha Roy', 'Arindam Biswas']"
v0_081_call___indo_norway_joint_research_projects_in_st,Rajesh Kumar,"['Rajesh Kumar', 'Uttam Kumar Roy', 'Ramasare Prasad', 'Partha Roy', 'Arindam Biswas']"
v0_081_call___indo_norway_joint_research_projects_in_st,Akhil Upadhyay,"['Akhil Upadhyay', 'Uttam Kumar Roy', 'Ramasare Prasad', 'Partha Roy', 'Arindam Biswas']"
v0_082_call_for_nomination_workshop_on_design_and_evaluation_of_innovation_policies_with_a_specific_focus_on_scientometrics,Arindam Biswas,"['Arindam Biswas', 'Shubhajit Sadhukhan', 'Millie Pant', 'Maya S.Nair']"
v0_082_call_for_nomination_workshop_on_design_and_evaluation_of_innovation_policies_with_a_specific_focus_on_scientometrics,Avlokita Agrawal,"['Avlokita Agrawal', 'Shubhajit Sadhukhan', 'Millie Pant', 'Maya S.Nair']"
v0_082_call_for_nomination_workshop_on_design_and_evaluation_of_innovation_policies_with_a_specific_focus_on_scientometrics,Gaurav Raheja,"['Gaurav Raheja', 'Shubhajit Sadhukhan', 'Millie Pant', 'Maya S.Nair']"
v0_082_call_for_nomination_workshop_on_design_and_evaluation_of_innovation_policies_with_a_specific_focus_on_scientometrics,Harshit Sosan Lakra,"['Harshit Sosan Lakra', 'Shubhajit Sadhukhan', 'Millie Pant', 'Maya S.Nair']"
v0_082_call_for_nomination_workshop_on_design_and_evaluation_of_innovation_policies_with_a_specific_focus_on_scientometrics,Mahua Mukherjee,"['Mahua Mukherjee', 'Shubhajit Sadhukhan', 'Millie Pant', 'Maya S.Nair']"
v0_082_call_for_nomination_workshop_on_design_and_evaluation_of_innovation_policies_with_a_specific_focus_on_scientometrics,Prabhjot Singh Chani,"['Prabhjot Singh Chani', 'Shubhajit Sadhukhan', 'Millie Pant', 'Maya S.Nair']"
v0_082_call_for_nomination_workshop_on_design_and_evaluation_of_innovation_policies_with_a_specific_focus_on_scientometrics,E Rajasekar,"['E Rajasekar', 'Shubhajit Sadhukhan', 'Millie Pant', 'Maya S.Nair']"
v0_082_call_for_nomination_workshop_on_design_and_evaluation_of_innovation_policies_with_a_specific_focus_on_scientometrics,Ram Sateesh Pasupuleti,"['Ram Sateesh Pasupuleti', 'Shubhajit Sadhukhan', 'Millie Pant', 'Maya S.Nair']"
v0_082_call_for_nomination_workshop_on_design_and_evaluation_of_innovation_policies_with_a_specific_focus_on_scientometrics,Saptarshi Kolay,"['Saptarshi Kolay', 'Shubhajit Sadhukhan', 'Millie Pant', 'Maya S.Nair']"
v0_082_call_for_nomination_workshop_on_design_and_evaluation_of_innovation_policies_with_a_specific_focus_on_scientometrics,Shubhajit Sadhukhan,"['Shubhajit Sadhukhan', 'Millie Pant', 'Maya S.Nair']"
v0_082_call_for_nomination_workshop_on_design_and_evaluation_of_innovation_policies_with_a_specific_focus_on_scientometrics,Smriti Saraswat,"['Smriti Saraswat', 'Shubhajit Sadhukhan', 'Millie Pant', 'Maya S.Nair']"
v0_082_call_for_nomination_workshop_on_design_and_evaluation_of_innovation_policies_with_a_specific_focus_on_scientometrics,Sonal Atreya,"['Sonal Atreya', 'Shubhajit Sadhukhan', 'Millie Pant', 'Maya S.Nair']"
v0_082_call_for_nomination_workshop_on_design_and_evaluation_of_innovation_policies_with_a_specific_focus_on_scientometrics,Tina Pujara,"['Tina Pujara', 'Shubhajit Sadhukhan', 'Millie Pant', 'Maya S.Nair']"
v0_082_call_for_nomination_workshop_on_design_and_evaluation_of_innovation_policies_with_a_specific_focus_on_scientometrics,Uttam Kumar Roy,"['Uttam Kumar Roy', 'Shubhajit Sadhukhan', 'Millie Pant', 'Maya S.Nair']"
v0_082_call_for_nomination_workshop_on_design_and_evaluation_of_innovation_policies_with_a_specific_focus_on_scientometrics,V Devadas,"['V Devadas', 'Shubhajit Sadhukhan', 'Millie Pant', 'Maya S.Nair']"
v0_082_call_for_nomination_workshop_on_design_and_evaluation_of_innovation_policies_with_a_specific_focus_on_scientometrics,Jaydev Dabas,"['Jaydev Dabas', 'Shubhajit Sadhukhan', 'Millie Pant', 'Maya S.Nair']"
v0_082_call_for_nomination_workshop_on_design_and_evaluation_of_innovation_policies_with_a_specific_focus_on_scientometrics,Millie Pant,"['Millie Pant', 'Shubhajit Sadhukhan', 'Maya S.Nair']"
v0_082_call_for_nomination_workshop_on_design_and_evaluation_of_innovation_policies_with_a_specific_focus_on_scientometrics,Rajan Arora,"['Rajan Arora', 'Shubhajit Sadhukhan', 'Millie Pant', 'Maya S.Nair']"
v0_082_call_for_nomination_workshop_on_design_and_evaluation_of_innovation_policies_with_a_specific_focus_on_scientometrics,Ashwani Kumar Sharma,"['Ashwani Kumar Sharma', 'Shubhajit Sadhukhan', 'Millie Pant', 'Maya S.Nair']"
v0_082_call_for_nomination_workshop_on_design_and_evaluation_of_innovation_policies_with_a_specific_focus_on_scientometrics,Bijan Choudhury,"['Bijan Choudhury', 'Shubhajit Sadhukhan', 'Millie Pant', 'Maya S.Nair']"
v0_082_call_for_nomination_workshop_on_design_and_evaluation_of_innovation_policies_with_a_specific_focus_on_scientometrics,Debabrata Sircar,"['Debabrata Sircar', 'Shubhajit Sadhukhan', 'Millie Pant', 'Maya S.Nair']"
v0_082_call_for_nomination_workshop_on_design_and_evaluation_of_innovation_policies_with_a_specific_focus_on_scientometrics,Deepak Sharma,"['Deepak Sharma', 'Shubhajit Sadhukhan', 'Millie Pant', 'Maya S.Nair']"
v0_082_call_for_nomination_workshop_on_design_and_evaluation_of_innovation_policies_with_a_specific_focus_on_scientometrics,P Gopinath,"['P Gopinath', 'Shubhajit Sadhukhan', 'Millie Pant', 'Maya S.Nair']"
v0_082_call_for_nomination_workshop_on_design_and_evaluation_of_innovation_policies_with_a_specific_focus_on_scientometrics,Harsh Chauhan,"['Harsh Chauhan', 'Shubhajit Sadhukhan', 'Millie Pant', 'Maya S.Nair']"
v0_082_call_for_nomination_workshop_on_design_and_evaluation_of_innovation_policies_with_a_specific_focus_on_scientometrics,Srinivas Kiran Ambatipudi,"['Srinivas Kiran Ambatipudi', 'Shubhajit Sadhukhan', 'Millie Pant', 'Maya S.Nair']"
v0_082_call_for_nomination_workshop_on_design_and_evaluation_of_innovation_policies_with_a_specific_focus_on_scientometrics,Krishna Mohan Poluri,"['Krishna Mohan Poluri', 'Shubhajit Sadhukhan', 'Millie Pant', 'Maya S.Nair']"
v0_082_call_for_nomination_workshop_on_design_and_evaluation_of_innovation_policies_with_a_specific_focus_on_scientometrics,Maya S.Nair,"['Maya S.Nair', 'Shubhajit Sadhukhan', 'Millie Pant']"
v0_082_call_for_nomination_workshop_on_design_and_evaluation_of_innovation_policies_with_a_specific_focus_on_scientometrics,N K Navani,"['N K Navani', 'Shubhajit Sadhukhan', 'Millie Pant', 'Maya S.Nair']"
v0_082_call_for_nomination_workshop_on_design_and_evaluation_of_innovation_policies_with_a_specific_focus_on_scientometrics,Partha Roy,"['Partha Roy', 'Shubhajit Sadhukhan', 'Millie Pant', 'Maya S.Nair']"
v0_082_call_for_nomination_workshop_on_design_and_evaluation_of_innovation_policies_with_a_specific_focus_on_scientometrics,Poonam Choudhary,"['Poonam Choudhary', 'Shubhajit Sadhukhan', 'Millie Pant', 'Maya S.Nair']"
v0_082_call_for_nomination_workshop_on_design_and_evaluation_of_innovation_policies_with_a_specific_focus_on_scientometrics,Prabhat Kumar Mandal,"['Prabhat Kumar Mandal', 'Shubhajit Sadhukhan', 'Millie Pant', 'Maya S.Nair']"
v0_082_call_for_nomination_workshop_on_design_and_evaluation_of_innovation_policies_with_a_specific_focus_on_scientometrics,Pranita P Sarangi,"['Pranita P Sarangi', 'Shubhajit Sadhukhan', 'Millie Pant', 'Maya S.Nair']"
v0_082_call_for_nomination_workshop_on_design_and_evaluation_of_innovation_policies_with_a_specific_focus_on_scientometrics,Pravindra Kumar,"['Pravindra Kumar', 'Shubhajit Sadhukhan', 'Millie Pant', 'Maya S.Nair']"
v0_082_call_for_nomination_workshop_on_design_and_evaluation_of_innovation_policies_with_a_specific_focus_on_scientometrics,Prince Tiwari,"['Prince Tiwari', 'Shubhajit Sadhukhan', 'Millie Pant', 'Maya S.Nair']"
v0_082_call_for_nomination_workshop_on_design_and_evaluation_of_innovation_policies_with_a_specific_focus_on_scientometrics,R. P. Singh,"['R. P. Singh', 'Shubhajit Sadhukhan', 'Millie Pant', 'Maya S.Nair']"
v0_082_call_for_nomination_workshop_on_design_and_evaluation_of_innovation_policies_with_a_specific_focus_on_scientometrics,Ramasare Prasad,"['Ramasare Prasad', 'Shubhajit Sadhukhan', 'Millie Pant', 'Maya S.Nair']"
v0_082_call_for_nomination_workshop_on_design_and_evaluation_of_innovation_policies_with_a_specific_focus_on_scientometrics,Ranjana Pathania,"['Ranjana Pathania', 'Shubhajit Sadhukhan', 'Millie Pant', 'Maya S.Nair']"
v0_082_call_for_nomination_workshop_on_design_and_evaluation_of_innovation_policies_with_a_specific_focus_on_scientometrics,Sanjoy Ghosh,"['Sanjoy Ghosh', 'Shubhajit Sadhukhan', 'Millie Pant', 'Maya S.Nair']"
v0_082_call_for_nomination_workshop_on_design_and_evaluation_of_innovation_policies_with_a_specific_focus_on_scientometrics,Saugata Hazra,"['Saugata Hazra', 'Shubhajit Sadhukhan', 'Millie Pant', 'Maya S.Nair']"
v0_082_call_for_nomination_workshop_on_design_and_evaluation_of_innovation_policies_with_a_specific_focus_on_scientometrics,Shailly Tomar,"['Shailly Tomar', 'Shubhajit Sadhukhan', 'Millie Pant', 'Maya S.Nair']"
v0_082_call_for_nomination_workshop_on_design_and_evaluation_of_innovation_policies_with_a_specific_focus_on_scientometrics,Shri Ram Yadav,"['Shri Ram Yadav', 'Shubhajit Sadhukhan', 'Millie Pant', 'Maya S.Nair']"
v0_082_call_for_nomination_workshop_on_design_and_evaluation_of_innovation_policies_with_a_specific_focus_on_scientometrics,Soma Rohatgi,"['Soma Rohatgi', 'Shubhajit Sadhukhan', 'Millie Pant', 'Maya S.Nair']"
v0_082_call_for_nomination_workshop_on_design_and_evaluation_of_innovation_policies_with_a_specific_focus_on_scientometrics,Sachin Suresh Tiwari,"['Sachin Suresh Tiwari', 'Shubhajit Sadhukhan', 'Millie Pant', 'Maya S.Nair']"
v0_082_call_for_nomination_workshop_on_design_and_evaluation_of_innovation_policies_with_a_specific_focus_on_scientometrics,Jitin Singla,"['Jitin Singla', 'Shubhajit Sadhukhan', 'Millie Pant', 'Maya S.Nair']"
v0_082_call_for_nomination_workshop_on_design_and_evaluation_of_innovation_policies_with_a_specific_focus_on_scientometrics,Rajesh Kumar,"['Rajesh Kumar', 'Shubhajit Sadhukhan', 'Millie Pant', 'Maya S.Nair']"
v0_082_call_for_nomination_workshop_on_design_and_evaluation_of_innovation_policies_with_a_specific_focus_on_scientometrics,Akhil Upadhyay,"['Akhil Upadhyay', 'Shubhajit Sadhukhan', 'Millie Pant', 'Maya S.Nair']"
v0_083_indo_russian_joint_call_for_proposals_dst_rfbr,Arindam Biswas,"['Arindam Biswas', 'Uttam Kumar Roy', 'Smriti Saraswat', 'R. P. Singh', 'Millie Pant']"
v0_083_indo_russian_joint_call_for_proposals_dst_rfbr,Avlokita Agrawal,"['Avlokita Agrawal', 'Uttam Kumar Roy', 'Smriti Saraswat', 'R. P. Singh', 'Millie Pant']"
v0_083_indo_russian_joint_call_for_proposals_dst_rfbr,Gaurav Raheja,"['Gaurav Raheja', 'Uttam Kumar Roy', 'Smriti Saraswat', 'R. P. Singh', 'Millie Pant']"
v0_083_indo_russian_joint_call_for_proposals_dst_rfbr,Harshit Sosan Lakra,"['Harshit Sosan Lakra', 'Uttam Kumar Roy', 'Smriti Saraswat', 'R. P. Singh', 'Millie Pant']"
v0_083_indo_russian_joint_call_for_proposals_dst_rfbr,Mahua Mukherjee,"['Mahua Mukherjee', 'Uttam Kumar Roy', 'Smriti Saraswat', 'R. P. Singh', 'Millie Pant']"
v0_083_indo_russian_joint_call_for_proposals_dst_rfbr,Prabhjot Singh Chani,"['Prabhjot Singh Chani', 'Uttam Kumar Roy', 'Smriti Saraswat', 'R. P. Singh', 'Millie Pant']"
v0_083_indo_russian_joint_call_for_proposals_dst_rfbr,E Rajasekar,"['E Rajasekar', 'Uttam Kumar Roy', 'Smriti Saraswat', 'R. P. Singh', 'Millie Pant']"
v0_083_indo_russian_joint_call_for_proposals_dst_rfbr,Ram Sateesh Pasupuleti,"['Ram Sateesh Pasupuleti', 'Uttam Kumar Roy', 'Smriti Saraswat', 'R. P. Singh', 'Millie Pant']"
v0_083_indo_russian_joint_call_for_proposals_dst_rfbr,Saptarshi Kolay,"['Saptarshi Kolay', 'Uttam Kumar Roy', 'Smriti Saraswat', 'R. P. Singh', 'Millie Pant']"
v0_083_indo_russian_joint_call_for_proposals_dst_rfbr,Shubhajit Sadhukhan,"['Shubhajit Sadhukhan', 'Uttam Kumar Roy', 'Smriti Saraswat', 'R. P. Singh', 'Millie Pant']"
v0_083_indo_russian_joint_call_for_proposals_dst_rfbr,Smriti Saraswat,"['Smriti Saraswat', 'Uttam Kumar Roy', 'R. P. Singh', 'Millie Pant', 'Maya S.Nair']"
v0_083_indo_russian_joint_call_for_proposals_dst_rfbr,Sonal Atreya,"['Sonal Atreya', 'Uttam Kumar Roy', 'Smriti Saraswat', 'R. P. Singh', 'Millie Pant']"
v0_083_indo_russian_joint_call_for_proposals_dst_rfbr,Tina Pujara,"['Tina Pujara', 'Uttam Kumar Roy', 'Smriti Saraswat', 'R. P. Singh', 'Millie Pant']"
v0_083_indo_russian_joint_call_for_proposals_dst_rfbr,Uttam Kumar Roy,"['Uttam Kumar Roy', 'Smriti Saraswat', 'R. P. Singh', 'Millie Pant', 'Maya S.Nair']"
v0_083_indo_russian_joint_call_for_proposals_dst_rfbr,V Devadas,"['V Devadas', 'Uttam Kumar Roy', 'Smriti Saraswat', 'R. P. Singh', 'Millie Pant']"
v0_083_indo_russian_joint_call_for_proposals_dst_rfbr,Jaydev Dabas,"['Jaydev Dabas', 'Uttam Kumar Roy', 'Smriti Saraswat', 'R. P. Singh', 'Millie Pant']"
v0_083_indo_russian_joint_call_for_proposals_dst_rfbr,Millie Pant,"['Millie Pant', 'Uttam Kumar Roy', 'Smriti Saraswat', 'R. P. Singh', 'Maya S.Nair']"
v0_083_indo_russian_joint_call_for_proposals_dst_rfbr,Rajan Arora,"['Rajan Arora', 'Uttam Kumar Roy', 'Smriti Saraswat', 'R. P. Singh', 'Millie Pant']"
v0_083_indo_russian_joint_call_for_proposals_dst_rfbr,Ashwani Kumar Sharma,"['Ashwani Kumar Sharma', 'Uttam Kumar Roy', 'Smriti Saraswat', 'R. P. Singh', 'Millie Pant']"
v0_083_indo_russian_joint_call_for_proposals_dst_rfbr,Bijan Choudhury,"['Bijan Choudhury', 'Uttam Kumar Roy', 'Smriti Saraswat', 'R. P. Singh', 'Millie Pant']"
v0_083_indo_russian_joint_call_for_proposals_dst_rfbr,Debabrata Sircar,"['Debabrata Sircar', 'Uttam Kumar Roy', 'Smriti Saraswat', 'R. P. Singh', 'Millie Pant']"
v0_083_indo_russian_joint_call_for_proposals_dst_rfbr,Deepak Sharma,"['Deepak Sharma', 'Uttam Kumar Roy', 'Smriti Saraswat', 'R. P. Singh', 'Millie Pant']"
v0_083_indo_russian_joint_call_for_proposals_dst_rfbr,P Gopinath,"['P Gopinath', 'Uttam Kumar Roy', 'Smriti Saraswat', 'R. P. Singh', 'Millie Pant']"
v0_083_indo_russian_joint_call_for_proposals_dst_rfbr,Harsh Chauhan,"['Harsh Chauhan', 'Uttam Kumar Roy', 'Smriti Saraswat', 'R. P. Singh', 'Millie Pant']"
v0_083_indo_russian_joint_call_for_proposals_dst_rfbr,Srinivas Kiran Ambatipudi,"['Srinivas Kiran Ambatipudi', 'Uttam Kumar Roy', 'Smriti Saraswat', 'R. P. Singh', 'Millie Pant']"
v0_083_indo_russian_joint_call_for_proposals_dst_rfbr,Krishna Mohan Poluri,"['Krishna Mohan Poluri', 'Uttam Kumar Roy', 'Smriti Saraswat', 'R. P. Singh', 'Millie Pant']"
v0_083_indo_russian_joint_call_for_proposals_dst_rfbr,Maya S.Nair,"['Maya S.Nair', 'Uttam Kumar Roy', 'Smriti Saraswat', 'R. P. Singh', 'Millie Pant']"
v0_083_indo_russian_joint_call_for_proposals_dst_rfbr,N K Navani,"['N K Navani', 'Uttam Kumar Roy', 'Smriti Saraswat', 'R. P. Singh', 'Millie Pant']"
v0_083_indo_russian_joint_call_for_proposals_dst_rfbr,Partha Roy,"['Partha Roy', 'Uttam Kumar Roy', 'Smriti Saraswat', 'R. P. Singh', 'Millie Pant']"
v0_083_indo_russian_joint_call_for_proposals_dst_rfbr,Poonam Choudhary,"['Poonam Choudhary', 'Uttam Kumar Roy', 'Smriti Saraswat', 'R. P. Singh', 'Millie Pant']"
v0_083_indo_russian_joint_call_for_proposals_dst_rfbr,Prabhat Kumar Mandal,"['Prabhat Kumar Mandal', 'Uttam Kumar Roy', 'Smriti Saraswat', 'R. P. Singh', 'Millie Pant']"
v0_083_indo_russian_joint_call_for_proposals_dst_rfbr,Pranita P Sarangi,"['Pranita P Sarangi', 'Uttam Kumar Roy', 'Smriti Saraswat', 'R. P. Singh', 'Millie Pant']"
v0_083_indo_russian_joint_call_for_proposals_dst_rfbr,Pravindra Kumar,"['Pravindra Kumar', 'Uttam Kumar Roy', 'Smriti Saraswat', 'R. P. Singh', 'Millie Pant']"
v0_083_indo_russian_joint_call_for_proposals_dst_rfbr,Prince Tiwari,"['Prince Tiwari', 'Uttam Kumar Roy', 'Smriti Saraswat', 'R. P. Singh', 'Millie Pant']"
v0_083_indo_russian_joint_call_for_proposals_dst_rfbr,R. P. Singh,"['R. P. Singh', 'Uttam Kumar Roy', 'Smriti Saraswat', 'Millie Pant', 'Maya S.Nair']"
v0_083_indo_russian_joint_call_for_proposals_dst_rfbr,Ramasare Prasad,"['Ramasare Prasad', 'Uttam Kumar Roy', 'Smriti Saraswat', 'R. P. Singh', 'Millie Pant']"
v0_083_indo_russian_joint_call_for_proposals_dst_rfbr,Ranjana Pathania,"['Ranjana Pathania', 'Uttam Kumar Roy', 'Smriti Saraswat', 'R. P. Singh', 'Millie Pant']"
v0_083_indo_russian_joint_call_for_proposals_dst_rfbr,Sanjoy Ghosh,"['Sanjoy Ghosh', 'Uttam Kumar Roy', 'Smriti Saraswat', 'R. P. Singh', 'Millie Pant']"
v0_083_indo_russian_joint_call_for_proposals_dst_rfbr,Saugata Hazra,"['Saugata Hazra', 'Uttam Kumar Roy', 'Smriti Saraswat', 'R. P. Singh', 'Millie Pant']"
v0_083_indo_russian_joint_call_for_proposals_dst_rfbr,Shailly Tomar,"['Shailly Tomar', 'Uttam Kumar Roy', 'Smriti Saraswat', 'R. P. Singh', 'Millie Pant']"
v0_083_indo_russian_joint_call_for_proposals_dst_rfbr,Shri Ram Yadav,"['Shri Ram Yadav', 'Uttam Kumar Roy', 'Smriti Saraswat', 'R. P. Singh', 'Millie Pant']"
v0_083_indo_russian_joint_call_for_proposals_dst_rfbr,Soma Rohatgi,"['Soma Rohatgi', 'Uttam Kumar Roy', 'Smriti Saraswat', 'R. P. Singh', 'Millie Pant']"
v0_083_indo_russian_joint_call_for_proposals_dst_rfbr,Sachin Suresh Tiwari,"['Sachin Suresh Tiwari', 'Uttam Kumar Roy', 'Smriti Saraswat', 'R. P. Singh', 'Millie Pant']"
v0_083_indo_russian_joint_call_for_proposals_dst_rfbr,Jitin Singla,"['Jitin Singla', 'Uttam Kumar Roy', 'Smriti Saraswat', 'R. P. Singh', 'Millie Pant']"
v0_083_indo_russian_joint_call_for_proposals_dst_rfbr,Rajesh Kumar,"['Rajesh Kumar', 'Uttam Kumar Roy', 'Smriti Saraswat', 'R. P. Singh', 'Millie Pant']"
v0_083_indo_russian_joint_call_for_proposals_dst_rfbr,Akhil Upadhyay,"['Akhil Upadhyay', 'Uttam Kumar Roy', 'Smriti Saraswat', 'R. P. Singh', 'Millie Pant']"
v0_084_call_open_for_11th_batch_of_wos_ckiran_ipr,Arindam Biswas,"['Arindam Biswas', 'Shailly Tomar', 'Saptarshi Kolay', 'Pravindra Kumar']"
v0_084_call_open_for_11th_batch_of_wos_ckiran_ipr,Avlokita Agrawal,"['Avlokita Agrawal', 'Shailly Tomar', 'Saptarshi Kolay', 'Pravindra Kumar']"
v0_084_call_open_for_11th_batch_of_wos_ckiran_ipr,Gaurav Raheja,"['Gaurav Raheja', 'Shailly Tomar', 'Saptarshi Kolay', 'Pravindra Kumar']"
v0_084_call_open_for_11th_batch_of_wos_ckiran_ipr,Harshit Sosan Lakra,"['Harshit Sosan Lakra', 'Shailly Tomar', 'Saptarshi Kolay', 'Pravindra Kumar']"
v0_084_call_open_for_11th_batch_of_wos_ckiran_ipr,Mahua Mukherjee,"['Mahua Mukherjee', 'Shailly Tomar', 'Saptarshi Kolay', 'Pravindra Kumar']"
v0_084_call_open_for_11th_batch_of_wos_ckiran_ipr,Prabhjot Singh Chani,"['Prabhjot Singh Chani', 'Shailly Tomar', 'Saptarshi Kolay', 'Pravindra Kumar']"
v0_084_call_open_for_11th_batch_of_wos_ckiran_ipr,E Rajasekar,"['E Rajasekar', 'Shailly Tomar', 'Saptarshi Kolay', 'Pravindra Kumar']"
v0_084_call_open_for_11th_batch_of_wos_ckiran_ipr,Ram Sateesh Pasupuleti,"['Ram Sateesh Pasupuleti', 'Shailly Tomar', 'Saptarshi Kolay', 'Pravindra Kumar']"
v0_084_call_open_for_11th_batch_of_wos_ckiran_ipr,Saptarshi Kolay,"['Saptarshi Kolay', 'Shailly Tomar', 'Pravindra Kumar']"
v0_084_call_open_for_11th_batch_of_wos_ckiran_ipr,Shubhajit Sadhukhan,"['Shubhajit Sadhukhan', 'Shailly Tomar', 'Saptarshi Kolay', 'Pravindra Kumar']"
v0_084_call_open_for_11th_batch_of_wos_ckiran_ipr,Smriti Saraswat,"['Smriti Saraswat', 'Shailly Tomar', 'Saptarshi Kolay', 'Pravindra Kumar']"
v0_084_call_open_for_11th_batch_of_wos_ckiran_ipr,Sonal Atreya,"['Sonal Atreya', 'Shailly Tomar', 'Saptarshi Kolay', 'Pravindra Kumar']"
v0_084_call_open_for_11th_batch_of_wos_ckiran_ipr,Tina Pujara,"['Tina Pujara', 'Shailly Tomar', 'Saptarshi Kolay', 'Pravindra Kumar']"
v0_084_call_open_for_11th_batch_of_wos_ckiran_ipr,Uttam Kumar Roy,"['Uttam Kumar Roy', 'Shailly Tomar', 'Saptarshi Kolay', 'Pravindra Kumar']"
v0_084_call_open_for_11th_batch_of_wos_ckiran_ipr,V Devadas,"['V Devadas', 'Shailly Tomar', 'Saptarshi Kolay', 'Pravindra Kumar']"
v0_084_call_open_for_11th_batch_of_wos_ckiran_ipr,Jaydev Dabas,"['Jaydev Dabas', 'Shailly Tomar', 'Saptarshi Kolay', 'Pravindra Kumar']"
v0_084_call_open_for_11th_batch_of_wos_ckiran_ipr,Millie Pant,"['Millie Pant', 'Shailly Tomar', 'Saptarshi Kolay', 'Pravindra Kumar']"
v0_084_call_open_for_11th_batch_of_wos_ckiran_ipr,Rajan Arora,"['Rajan Arora', 'Shailly Tomar', 'Saptarshi Kolay', 'Pravindra Kumar']"
v0_084_call_open_for_11th_batch_of_wos_ckiran_ipr,Ashwani Kumar Sharma,"['Ashwani Kumar Sharma', 'Shailly Tomar', 'Saptarshi Kolay', 'Pravindra Kumar']"
v0_084_call_open_for_11th_batch_of_wos_ckiran_ipr,Bijan Choudhury,"['Bijan Choudhury', 'Shailly Tomar', 'Saptarshi Kolay', 'Pravindra Kumar']"
v0_084_call_open_for_11th_batch_of_wos_ckiran_ipr,Debabrata Sircar,"['Debabrata Sircar', 'Shailly Tomar', 'Saptarshi Kolay', 'Pravindra Kumar']"
v0_084_call_open_for_11th_batch_of_wos_ckiran_ipr,Deepak Sharma,"['Deepak Sharma', 'Shailly Tomar', 'Saptarshi Kolay', 'Pravindra Kumar']"
v0_084_call_open_for_11th_batch_of_wos_ckiran_ipr,P Gopinath,"['P Gopinath', 'Shailly Tomar', 'Saptarshi Kolay', 'Pravindra Kumar']"
v0_084_call_open_for_11th_batch_of_wos_ckiran_ipr,Harsh Chauhan,"['Harsh Chauhan', 'Shailly Tomar', 'Saptarshi Kolay', 'Pravindra Kumar']"
v0_084_call_open_for_11th_batch_of_wos_ckiran_ipr,Srinivas Kiran Ambatipudi,"['Srinivas Kiran Ambatipudi', 'Shailly Tomar', 'Saptarshi Kolay', 'Pravindra Kumar']"
v0_084_call_open_for_11th_batch_of_wos_ckiran_ipr,Krishna Mohan Poluri,"['Krishna Mohan Poluri', 'Shailly Tomar', 'Saptarshi Kolay', 'Pravindra Kumar']"
v0_084_call_open_for_11th_batch_of_wos_ckiran_ipr,Maya S.Nair,"['Maya S.Nair', 'Shailly Tomar', 'Saptarshi Kolay', 'Pravindra Kumar']"
v0_084_call_open_for_11th_batch_of_wos_ckiran_ipr,N K Navani,"['N K Navani', 'Shailly Tomar', 'Saptarshi Kolay', 'Pravindra Kumar']"
v0_084_call_open_for_11th_batch_of_wos_ckiran_ipr,Partha Roy,"['Partha Roy', 'Shailly Tomar', 'Saptarshi Kolay', 'Pravindra Kumar']"
v0_084_call_open_for_11th_batch_of_wos_ckiran_ipr,Poonam Choudhary,"['Poonam Choudhary', 'Shailly Tomar', 'Saptarshi Kolay', 'Pravindra Kumar']"
v0_084_call_open_for_11th_batch_of_wos_ckiran_ipr,Prabhat Kumar Mandal,"['Prabhat Kumar Mandal', 'Shailly Tomar', 'Saptarshi Kolay', 'Pravindra Kumar']"
v0_084_call_open_for_11th_batch_of_wos_ckiran_ipr,Pranita P Sarangi,"['Pranita P Sarangi', 'Shailly Tomar', 'Saptarshi Kolay', 'Pravindra Kumar']"
v0_084_call_open_for_11th_batch_of_wos_ckiran_ipr,Pravindra Kumar,"['Pravindra Kumar', 'Shailly Tomar', 'Saptarshi Kolay']"
v0_084_call_open_for_11th_batch_of_wos_ckiran_ipr,Prince Tiwari,"['Prince Tiwari', 'Shailly Tomar', 'Saptarshi Kolay', 'Pravindra Kumar']"
v0_084_call_open_for_11th_batch_of_wos_ckiran_ipr,R. P. Singh,"['R. P. Singh', 'Shailly Tomar', 'Saptarshi Kolay', 'Pravindra Kumar']"
v0_084_call_open_for_11th_batch_of_wos_ckiran_ipr,Ramasare Prasad,"['Ramasare Prasad', 'Shailly Tomar', 'Saptarshi Kolay', 'Pravindra Kumar']"
v0_084_call_open_for_11th_batch_of_wos_ckiran_ipr,Ranjana Pathania,"['Ranjana Pathania', 'Shailly Tomar', 'Saptarshi Kolay', 'Pravindra Kumar']"
v0_084_call_open_for_11th_batch_of_wos_ckiran_ipr,Sanjoy Ghosh,"['Sanjoy Ghosh', 'Shailly Tomar', 'Saptarshi Kolay', 'Pravindra Kumar']"
v0_084_call_open_for_11th_batch_of_wos_ckiran_ipr,Saugata Hazra,"['Saugata Hazra', 'Shailly Tomar', 'Saptarshi Kolay', 'Pravindra Kumar']"
v0_084_call_open_for_11th_batch_of_wos_ckiran_ipr,Shailly Tomar,"['Shailly Tomar', 'Saptarshi Kolay', 'Pravindra Kumar']"
v0_084_call_open_for_11th_batch_of_wos_ckiran_ipr,Shri Ram Yadav,"['Shri Ram Yadav', 'Shailly Tomar', 'Saptarshi Kolay', 'Pravindra Kumar']"
v0_084_call_open_for_11th_batch_of_wos_ckiran_ipr,Soma Rohatgi,"['Soma Rohatgi', 'Shailly Tomar', 'Saptarshi Kolay', 'Pravindra Kumar']"
v0_084_call_open_for_11th_batch_of_wos_ckiran_ipr,Sachin Suresh Tiwari,"['Sachin Suresh Tiwari', 'Shailly Tomar', 'Saptarshi Kolay', 'Pravindra Kumar']"
v0_084_call_open_for_11th_batch_of_wos_ckiran_ipr,Jitin Singla,"['Jitin Singla', 'Shailly Tomar', 'Saptarshi Kolay', 'Pravindra Kumar']"
v0_084_call_open_for_11th_batch_of_wos_ckiran_ipr,Rajesh Kumar,"['Rajesh Kumar', 'Shailly Tomar', 'Saptarshi Kolay', 'Pravindra Kumar']"
v0_084_call_open_for_11th_batch_of_wos_ckiran_ipr,Akhil Upadhyay,"['Akhil Upadhyay', 'Shailly Tomar', 'Saptarshi Kolay', 'Pravindra Kumar']"
v0_085_national_grand_challenge_awards_for_designing_user_friendly_smart_solar_cooking_solutions,Arindam Biswas,"['Arindam Biswas', 'Uttam Kumar Roy', 'Shailly Tomar', 'Rajan Arora', 'Pranita P Sarangi']"
v0_085_national_grand_challenge_awards_for_designing_user_friendly_smart_solar_cooking_solutions,Avlokita Agrawal,"['Avlokita Agrawal', 'Uttam Kumar Roy', 'Shailly Tomar', 'Rajan Arora', 'Pranita P Sarangi']"
v0_085_national_grand_challenge_awards_for_designing_user_friendly_smart_solar_cooking_solutions,Gaurav Raheja,"['Gaurav Raheja', 'Uttam Kumar Roy', 'Shailly Tomar', 'Rajan Arora', 'Pranita P Sarangi']"
v0_085_national_grand_challenge_awards_for_designing_user_friendly_smart_solar_cooking_solutions,Harshit Sosan Lakra,"['Harshit Sosan Lakra', 'Uttam Kumar Roy', 'Shailly Tomar', 'Rajan Arora', 'Pranita P Sarangi']"
v0_085_national_grand_challenge_awards_for_designing_user_friendly_smart_solar_cooking_solutions,Mahua Mukherjee,"['Mahua Mukherjee', 'Uttam Kumar Roy', 'Shailly Tomar', 'Rajan Arora', 'Pranita P Sarangi']"
v0_085_national_grand_challenge_awards_for_designing_user_friendly_smart_solar_cooking_solutions,Prabhjot Singh Chani,"['Prabhjot Singh Chani', 'Uttam Kumar Roy', 'Shailly Tomar', 'Rajan Arora', 'Pranita P Sarangi']"
v0_085_national_grand_challenge_awards_for_designing_user_friendly_smart_solar_cooking_solutions,E Rajasekar,"['E Rajasekar', 'Uttam Kumar Roy', 'Shailly Tomar', 'Rajan Arora', 'Pranita P Sarangi']"
v0_085_national_grand_challenge_awards_for_designing_user_friendly_smart_solar_cooking_solutions,Ram Sateesh Pasupuleti,"['Ram Sateesh Pasupuleti', 'Uttam Kumar Roy', 'Shailly Tomar', 'Rajan Arora', 'Pranita P Sarangi']"
v0_085_national_grand_challenge_awards_for_designing_user_friendly_smart_solar_cooking_solutions,Saptarshi Kolay,"['Saptarshi Kolay', 'Uttam Kumar Roy', 'Shailly Tomar', 'Rajan Arora', 'Pranita P Sarangi']"
v0_085_national_grand_challenge_awards_for_designing_user_friendly_smart_solar_cooking_solutions,Shubhajit Sadhukhan,"['Shubhajit Sadhukhan', 'Uttam Kumar Roy', 'Shailly Tomar', 'Rajan Arora', 'Pranita P Sarangi']"
v0_085_national_grand_challenge_awards_for_designing_user_friendly_smart_solar_cooking_solutions,Smriti Saraswat,"['Smriti Saraswat', 'Uttam Kumar Roy', 'Shailly Tomar', 'Rajan Arora', 'Pranita P Sarangi']"
v0_085_national_grand_challenge_awards_for_designing_user_friendly_smart_solar_cooking_solutions,Sonal Atreya,"['Sonal Atreya', 'Uttam Kumar Roy', 'Shailly Tomar', 'Rajan Arora', 'Pranita P Sarangi']"
v0_085_national_grand_challenge_awards_for_designing_user_friendly_smart_solar_cooking_solutions,Tina Pujara,"['Tina Pujara', 'Uttam Kumar Roy', 'Shailly Tomar', 'Rajan Arora', 'Pranita P Sarangi']"
v0_085_national_grand_challenge_awards_for_designing_user_friendly_smart_solar_cooking_solutions,Uttam Kumar Roy,"['Uttam Kumar Roy', 'Shailly Tomar', 'Rajan Arora', 'Pranita P Sarangi', 'Partha Roy']"
v0_085_national_grand_challenge_awards_for_designing_user_friendly_smart_solar_cooking_solutions,V Devadas,"['V Devadas', 'Uttam Kumar Roy', 'Shailly Tomar', 'Rajan Arora', 'Pranita P Sarangi']"
v0_085_national_grand_challenge_awards_for_designing_user_friendly_smart_solar_cooking_solutions,Jaydev Dabas,"['Jaydev Dabas', 'Uttam Kumar Roy', 'Shailly Tomar', 'Rajan Arora', 'Pranita P Sarangi']"
v0_085_national_grand_challenge_awards_for_designing_user_friendly_smart_solar_cooking_solutions,Millie Pant,"['Millie Pant', 'Uttam Kumar Roy', 'Shailly Tomar', 'Rajan Arora', 'Pranita P Sarangi']"
v0_085_national_grand_challenge_awards_for_designing_user_friendly_smart_solar_cooking_solutions,Rajan Arora,"['Rajan Arora', 'Uttam Kumar Roy', 'Shailly Tomar', 'Pranita P Sarangi', 'Partha Roy']"
v0_085_national_grand_challenge_awards_for_designing_user_friendly_smart_solar_cooking_solutions,Ashwani Kumar Sharma,"['Ashwani Kumar Sharma', 'Uttam Kumar Roy', 'Shailly Tomar', 'Rajan Arora', 'Pranita P Sarangi']"
v0_085_national_grand_challenge_awards_for_designing_user_friendly_smart_solar_cooking_solutions,Bijan Choudhury,"['Bijan Choudhury', 'Uttam Kumar Roy', 'Shailly Tomar', 'Rajan Arora', 'Pranita P Sarangi']"
v0_085_national_grand_challenge_awards_for_designing_user_friendly_smart_solar_cooking_solutions,Debabrata Sircar,"['Debabrata Sircar', 'Uttam Kumar Roy', 'Shailly Tomar', 'Rajan Arora', 'Pranita P Sarangi']"
v0_085_national_grand_challenge_awards_for_designing_user_friendly_smart_solar_cooking_solutions,Deepak Sharma,"['Deepak Sharma', 'Uttam Kumar Roy', 'Shailly Tomar', 'Rajan Arora', 'Pranita P Sarangi']"
v0_085_national_grand_challenge_awards_for_designing_user_friendly_smart_solar_cooking_solutions,P Gopinath,"['P Gopinath', 'Uttam Kumar Roy', 'Shailly Tomar', 'Rajan Arora', 'Pranita P Sarangi']"
v0_085_national_grand_challenge_awards_for_designing_user_friendly_smart_solar_cooking_solutions,Harsh Chauhan,"['Harsh Chauhan', 'Uttam Kumar Roy', 'Shailly Tomar', 'Rajan Arora', 'Pranita P Sarangi']"
v0_085_national_grand_challenge_awards_for_designing_user_friendly_smart_solar_cooking_solutions,Srinivas Kiran Ambatipudi,"['Srinivas Kiran Ambatipudi', 'Uttam Kumar Roy', 'Shailly Tomar', 'Rajan Arora', 'Pranita P Sarangi']"
v0_085_national_grand_challenge_awards_for_designing_user_friendly_smart_solar_cooking_solutions,Krishna Mohan Poluri,"['Krishna Mohan Poluri', 'Uttam Kumar Roy', 'Shailly Tomar', 'Rajan Arora', 'Pranita P Sarangi']"
v0_085_national_grand_challenge_awards_for_designing_user_friendly_smart_solar_cooking_solutions,Maya S.Nair,"['Maya S.Nair', 'Uttam Kumar Roy', 'Shailly Tomar', 'Rajan Arora', 'Pranita P Sarangi']"
v0_085_national_grand_challenge_awards_for_designing_user_friendly_smart_solar_cooking_solutions,N K Navani,"['N K Navani', 'Uttam Kumar Roy', 'Shailly Tomar', 'Rajan Arora', 'Pranita P Sarangi']"
v0_085_national_grand_challenge_awards_for_designing_user_friendly_smart_solar_cooking_solutions,Partha Roy,"['Partha Roy', 'Uttam Kumar Roy', 'Shailly Tomar', 'Rajan Arora', 'Pranita P Sarangi']"
v0_085_national_grand_challenge_awards_for_designing_user_friendly_smart_solar_cooking_solutions,Poonam Choudhary,"['Poonam Choudhary', 'Uttam Kumar Roy', 'Shailly Tomar', 'Rajan Arora', 'Pranita P Sarangi']"
v0_085_national_grand_challenge_awards_for_designing_user_friendly_smart_solar_cooking_solutions,Prabhat Kumar Mandal,"['Prabhat Kumar Mandal', 'Uttam Kumar Roy', 'Shailly Tomar', 'Rajan Arora', 'Pranita P Sarangi']"
v0_085_national_grand_challenge_awards_for_designing_user_friendly_smart_solar_cooking_solutions,Pranita P Sarangi,"['Pranita P Sarangi', 'Uttam Kumar Roy', 'Shailly Tomar', 'Rajan Arora', 'Partha Roy']"
v0_085_national_grand_challenge_awards_for_designing_user_friendly_smart_solar_cooking_solutions,Pravindra Kumar,"['Pravindra Kumar', 'Uttam Kumar Roy', 'Shailly Tomar', 'Rajan Arora', 'Pranita P Sarangi']"
v0_085_national_grand_challenge_awards_for_designing_user_friendly_smart_solar_cooking_solutions,Prince Tiwari,"['Prince Tiwari', 'Uttam Kumar Roy', 'Shailly Tomar', 'Rajan Arora', 'Pranita P Sarangi']"
v0_085_national_grand_challenge_awards_for_designing_user_friendly_smart_solar_cooking_solutions,R. P. Singh,"['R. P. Singh', 'Uttam Kumar Roy', 'Shailly Tomar', 'Rajan Arora', 'Pranita P Sarangi']"
v0_085_national_grand_challenge_awards_for_designing_user_friendly_smart_solar_cooking_solutions,Ramasare Prasad,"['Ramasare Prasad', 'Uttam Kumar Roy', 'Shailly Tomar', 'Rajan Arora', 'Pranita P Sarangi']"
v0_085_national_grand_challenge_awards_for_designing_user_friendly_smart_solar_cooking_solutions,Ranjana Pathania,"['Ranjana Pathania', 'Uttam Kumar Roy', 'Shailly Tomar', 'Rajan Arora', 'Pranita P Sarangi']"
v0_085_national_grand_challenge_awards_for_designing_user_friendly_smart_solar_cooking_solutions,Sanjoy Ghosh,"['Sanjoy Ghosh', 'Uttam Kumar Roy', 'Shailly Tomar', 'Rajan Arora', 'Pranita P Sarangi']"
v0_085_national_grand_challenge_awards_for_designing_user_friendly_smart_solar_cooking_solutions,Saugata Hazra,"['Saugata Hazra', 'Uttam Kumar Roy', 'Shailly Tomar', 'Rajan Arora', 'Pranita P Sarangi']"
v0_085_national_grand_challenge_awards_for_designing_user_friendly_smart_solar_cooking_solutions,Shailly Tomar,"['Shailly Tomar', 'Uttam Kumar Roy', 'Rajan Arora', 'Pranita P Sarangi', 'Partha Roy']"
v0_085_national_grand_challenge_awards_for_designing_user_friendly_smart_solar_cooking_solutions,Shri Ram Yadav,"['Shri Ram Yadav', 'Uttam Kumar Roy', 'Shailly Tomar', 'Rajan Arora', 'Pranita P Sarangi']"
v0_085_national_grand_challenge_awards_for_designing_user_friendly_smart_solar_cooking_solutions,Soma Rohatgi,"['Soma Rohatgi', 'Uttam Kumar Roy', 'Shailly Tomar', 'Rajan Arora', 'Pranita P Sarangi']"
v0_085_national_grand_challenge_awards_for_designing_user_friendly_smart_solar_cooking_solutions,Sachin Suresh Tiwari,"['Sachin Suresh Tiwari', 'Uttam Kumar Roy', 'Shailly Tomar', 'Rajan Arora', 'Pranita P Sarangi']"
v0_085_national_grand_challenge_awards_for_designing_user_friendly_smart_solar_cooking_solutions,Jitin Singla,"['Jitin Singla', 'Uttam Kumar Roy', 'Shailly Tomar', 'Rajan Arora', 'Pranita P Sarangi']"
v0_085_national_grand_challenge_awards_for_designing_user_friendly_smart_solar_cooking_solutions,Rajesh Kumar,"['Rajesh Kumar', 'Uttam Kumar Roy', 'Shailly Tomar', 'Rajan Arora', 'Pranita P Sarangi']"
v0_085_national_grand_challenge_awards_for_designing_user_friendly_smart_solar_cooking_solutions,Akhil Upadhyay,"['Akhil Upadhyay', 'Uttam Kumar Roy', 'Shailly Tomar', 'Rajan Arora', 'Pranita P Sarangi']"
v0_086_india__egypt_call_for_proposal,Arindam Biswas,"['Arindam Biswas', 'Smriti Saraswat', 'Sanjoy Ghosh', 'Pravindra Kumar', 'Mahua Mukherjee']"
v0_086_india__egypt_call_for_proposal,Avlokita Agrawal,"['Avlokita Agrawal', 'Smriti Saraswat', 'Sanjoy Ghosh', 'Pravindra Kumar', 'Mahua Mukherjee']"
v0_086_india__egypt_call_for_proposal,Gaurav Raheja,"['Gaurav Raheja', 'Smriti Saraswat', 'Sanjoy Ghosh', 'Pravindra Kumar', 'Mahua Mukherjee']"
v0_086_india__egypt_call_for_proposal,Harshit Sosan Lakra,"['Harshit Sosan Lakra', 'Smriti Saraswat', 'Sanjoy Ghosh', 'Pravindra Kumar', 'Mahua Mukherjee']"
v0_086_india__egypt_call_for_proposal,Mahua Mukherjee,"['Mahua Mukherjee', 'Smriti Saraswat', 'Sanjoy Ghosh', 'Pravindra Kumar', 'Jitin Singla']"
v0_086_india__egypt_call_for_proposal,Prabhjot Singh Chani,"['Prabhjot Singh Chani', 'Smriti Saraswat', 'Sanjoy Ghosh', 'Pravindra Kumar', 'Mahua Mukherjee']"
v0_086_india__egypt_call_for_proposal,E Rajasekar,"['E Rajasekar', 'Smriti Saraswat', 'Sanjoy Ghosh', 'Pravindra Kumar', 'Mahua Mukherjee']"
v0_086_india__egypt_call_for_proposal,Ram Sateesh Pasupuleti,"['Ram Sateesh Pasupuleti', 'Smriti Saraswat', 'Sanjoy Ghosh', 'Pravindra Kumar', 'Mahua Mukherjee']"
v0_086_india__egypt_call_for_proposal,Saptarshi Kolay,"['Saptarshi Kolay', 'Smriti Saraswat', 'Sanjoy Ghosh', 'Pravindra Kumar', 'Mahua Mukherjee']"
v0_086_india__egypt_call_for_proposal,Shubhajit Sadhukhan,"['Shubhajit Sadhukhan', 'Smriti Saraswat', 'Sanjoy Ghosh', 'Pravindra Kumar', 'Mahua Mukherjee']"
v0_086_india__egypt_call_for_proposal,Smriti Saraswat,"['Smriti Saraswat', 'Sanjoy Ghosh', 'Pravindra Kumar', 'Mahua Mukherjee', 'Jitin Singla']"
v0_086_india__egypt_call_for_proposal,Sonal Atreya,"['Sonal Atreya', 'Smriti Saraswat', 'Sanjoy Ghosh', 'Pravindra Kumar', 'Mahua Mukherjee']"
v0_086_india__egypt_call_for_proposal,Tina Pujara,"['Tina Pujara', 'Smriti Saraswat', 'Sanjoy Ghosh', 'Pravindra Kumar', 'Mahua Mukherjee']"
v0_086_india__egypt_call_for_proposal,Uttam Kumar Roy,"['Uttam Kumar Roy', 'Smriti Saraswat', 'Sanjoy Ghosh', 'Pravindra Kumar', 'Mahua Mukherjee']"
v0_086_india__egypt_call_for_proposal,V Devadas,"['V Devadas', 'Smriti Saraswat', 'Sanjoy Ghosh', 'Pravindra Kumar', 'Mahua Mukherjee']"
v0_086_india__egypt_call_for_proposal,Jaydev Dabas,"['Jaydev Dabas', 'Smriti Saraswat', 'Sanjoy Ghosh', 'Pravindra Kumar', 'Mahua Mukherjee']"
v0_086_india__egypt_call_for_proposal,Millie Pant,"['Millie Pant', 'Smriti Saraswat', 'Sanjoy Ghosh', 'Pravindra Kumar', 'Mahua Mukherjee']"
v0_086_india__egypt_call_for_proposal,Rajan Arora,"['Rajan Arora', 'Smriti Saraswat', 'Sanjoy Ghosh', 'Pravindra Kumar', 'Mahua Mukherjee']"
v0_086_india__egypt_call_for_proposal,Ashwani Kumar Sharma,"['Ashwani Kumar Sharma', 'Smriti Saraswat', 'Sanjoy Ghosh', 'Pravindra Kumar', 'Mahua Mukherjee']"
v0_086_india__egypt_call_for_proposal,Bijan Choudhury,"['Bijan Choudhury', 'Smriti Saraswat', 'Sanjoy Ghosh', 'Pravindra Kumar', 'Mahua Mukherjee']"
v0_086_india__egypt_call_for_proposal,Debabrata Sircar,"['Debabrata Sircar', 'Smriti Saraswat', 'Sanjoy Ghosh', 'Pravindra Kumar', 'Mahua Mukherjee']"
v0_086_india__egypt_call_for_proposal,Deepak Sharma,"['Deepak Sharma', 'Smriti Saraswat', 'Sanjoy Ghosh', 'Pravindra Kumar', 'Mahua Mukherjee']"
v0_086_india__egypt_call_for_proposal,P Gopinath,"['P Gopinath', 'Smriti Saraswat', 'Sanjoy Ghosh', 'Pravindra Kumar', 'Mahua Mukherjee']"
v0_086_india__egypt_call_for_proposal,Harsh Chauhan,"['Harsh Chauhan', 'Smriti Saraswat', 'Sanjoy Ghosh', 'Pravindra Kumar', 'Mahua Mukherjee']"
v0_086_india__egypt_call_for_proposal,Srinivas Kiran Ambatipudi,"['Srinivas Kiran Ambatipudi', 'Smriti Saraswat', 'Sanjoy Ghosh', 'Pravindra Kumar', 'Mahua Mukherjee']"
v0_086_india__egypt_call_for_proposal,Krishna Mohan Poluri,"['Krishna Mohan Poluri', 'Smriti Saraswat', 'Sanjoy Ghosh', 'Pravindra Kumar', 'Mahua Mukherjee']"
v0_086_india__egypt_call_for_proposal,Maya S.Nair,"['Maya S.Nair', 'Smriti Saraswat', 'Sanjoy Ghosh', 'Pravindra Kumar', 'Mahua Mukherjee']"
v0_086_india__egypt_call_for_proposal,N K Navani,"['N K Navani', 'Smriti Saraswat', 'Sanjoy Ghosh', 'Pravindra Kumar', 'Mahua Mukherjee']"
v0_086_india__egypt_call_for_proposal,Partha Roy,"['Partha Roy', 'Smriti Saraswat', 'Sanjoy Ghosh', 'Pravindra Kumar', 'Mahua Mukherjee']"
v0_086_india__egypt_call_for_proposal,Poonam Choudhary,"['Poonam Choudhary', 'Smriti Saraswat', 'Sanjoy Ghosh', 'Pravindra Kumar', 'Mahua Mukherjee']"
v0_086_india__egypt_call_for_proposal,Prabhat Kumar Mandal,"['Prabhat Kumar Mandal', 'Smriti Saraswat', 'Sanjoy Ghosh', 'Pravindra Kumar', 'Mahua Mukherjee']"
v0_086_india__egypt_call_for_proposal,Pranita P Sarangi,"['Pranita P Sarangi', 'Smriti Saraswat', 'Sanjoy Ghosh', 'Pravindra Kumar', 'Mahua Mukherjee']"
v0_086_india__egypt_call_for_proposal,Pravindra Kumar,"['Pravindra Kumar', 'Smriti Saraswat', 'Sanjoy Ghosh', 'Mahua Mukherjee', 'Jitin Singla']"
v0_086_india__egypt_call_for_proposal,Prince Tiwari,"['Prince Tiwari', 'Smriti Saraswat', 'Sanjoy Ghosh', 'Pravindra Kumar', 'Mahua Mukherjee']"
v0_086_india__egypt_call_for_proposal,R. P. Singh,"['R. P. Singh', 'Smriti Saraswat', 'Sanjoy Ghosh', 'Pravindra Kumar', 'Mahua Mukherjee']"
v0_086_india__egypt_call_for_proposal,Ramasare Prasad,"['Ramasare Prasad', 'Smriti Saraswat', 'Sanjoy Ghosh', 'Pravindra Kumar', 'Mahua Mukherjee']"
v0_086_india__egypt_call_for_proposal,Ranjana Pathania,"['Ranjana Pathania', 'Smriti Saraswat', 'Sanjoy Ghosh', 'Pravindra Kumar', 'Mahua Mukherjee']"
v0_086_india__egypt_call_for_proposal,Sanjoy Ghosh,"['Sanjoy Ghosh', 'Smriti Saraswat', 'Pravindra Kumar', 'Mahua Mukherjee', 'Jitin Singla']"
v0_086_india__egypt_call_for_proposal,Saugata Hazra,"['Saugata Hazra', 'Smriti Saraswat', 'Sanjoy Ghosh', 'Pravindra Kumar', 'Mahua Mukherjee']"
v0_086_india__egypt_call_for_proposal,Shailly Tomar,"['Shailly Tomar', 'Smriti Saraswat', 'Sanjoy Ghosh', 'Pravindra Kumar', 'Mahua Mukherjee']"
v0_086_india__egypt_call_for_proposal,Shri Ram Yadav,"['Shri Ram Yadav', 'Smriti Saraswat', 'Sanjoy Ghosh', 'Pravindra Kumar', 'Mahua Mukherjee']"
v0_086_india__egypt_call_for_proposal,Soma Rohatgi,"['Soma Rohatgi', 'Smriti Saraswat', 'Sanjoy Ghosh', 'Pravindra Kumar', 'Mahua Mukherjee']"
v0_086_india__egypt_call_for_proposal,Sachin Suresh Tiwari,"['Sachin Suresh Tiwari', 'Smriti Saraswat', 'Sanjoy Ghosh', 'Pravindra Kumar', 'Mahua Mukherjee']"
v0_086_india__egypt_call_for_proposal,Jitin Singla,"['Jitin Singla', 'Smriti Saraswat', 'Sanjoy Ghosh', 'Pravindra Kumar', 'Mahua Mukherjee']"
v0_086_india__egypt_call_for_proposal,Rajesh Kumar,"['Rajesh Kumar', 'Smriti Saraswat', 'Sanjoy Ghosh', 'Pravindra Kumar', 'Mahua Mukherjee']"
v0_086_india__egypt_call_for_proposal,Akhil Upadhyay,"['Akhil Upadhyay', 'Smriti Saraswat', 'Sanjoy Ghosh', 'Pravindra Kumar', 'Mahua Mukherjee']"
v0_087_swarnajayanti_fellowships_scheme_2018_19,Arindam Biswas,"['Arindam Biswas', 'Smriti Saraswat', 'Shubhajit Sadhukhan', 'Ram Sateesh Pasupuleti', 'Rajan Arora']"
v0_087_swarnajayanti_fellowships_scheme_2018_19,Avlokita Agrawal,"['Avlokita Agrawal', 'Smriti Saraswat', 'Shubhajit Sadhukhan', 'Ram Sateesh Pasupuleti', 'Rajan Arora']"
v0_087_swarnajayanti_fellowships_scheme_2018_19,Gaurav Raheja,"['Gaurav Raheja', 'Smriti Saraswat', 'Shubhajit Sadhukhan', 'Ram Sateesh Pasupuleti', 'Rajan Arora']"
v0_087_swarnajayanti_fellowships_scheme_2018_19,Harshit Sosan Lakra,"['Harshit Sosan Lakra', 'Smriti Saraswat', 'Shubhajit Sadhukhan', 'Ram Sateesh Pasupuleti', 'Rajan Arora']"
v0_087_swarnajayanti_fellowships_scheme_2018_19,Mahua Mukherjee,"['Mahua Mukherjee', 'Smriti Saraswat', 'Shubhajit Sadhukhan', 'Ram Sateesh Pasupuleti', 'Rajan Arora']"
v0_087_swarnajayanti_fellowships_scheme_2018_19,Prabhjot Singh Chani,"['Prabhjot Singh Chani', 'Smriti Saraswat', 'Shubhajit Sadhukhan', 'Ram Sateesh Pasupuleti', 'Rajan Arora']"
v0_087_swarnajayanti_fellowships_scheme_2018_19,E Rajasekar,"['E Rajasekar', 'Smriti Saraswat', 'Shubhajit Sadhukhan', 'Ram Sateesh Pasupuleti', 'Rajan Arora']"
v0_087_swarnajayanti_fellowships_scheme_2018_19,Ram Sateesh Pasupuleti,"['Ram Sateesh Pasupuleti', 'Smriti Saraswat', 'Shubhajit Sadhukhan', 'Rajan Arora', 'Pranita P Sarangi']"
v0_087_swarnajayanti_fellowships_scheme_2018_19,Saptarshi Kolay,"['Saptarshi Kolay', 'Smriti Saraswat', 'Shubhajit Sadhukhan', 'Ram Sateesh Pasupuleti', 'Rajan Arora']"
v0_087_swarnajayanti_fellowships_scheme_2018_19,Shubhajit Sadhukhan,"['Shubhajit Sadhukhan', 'Smriti Saraswat', 'Ram Sateesh Pasupuleti', 'Rajan Arora', 'Pranita P Sarangi']"
v0_087_swarnajayanti_fellowships_scheme_2018_19,Smriti Saraswat,"['Smriti Saraswat', 'Shubhajit Sadhukhan', 'Ram Sateesh Pasupuleti', 'Rajan Arora', 'Pranita P Sarangi']"
v0_087_swarnajayanti_fellowships_scheme_2018_19,Sonal Atreya,"['Sonal Atreya', 'Smriti Saraswat', 'Shubhajit Sadhukhan', 'Ram Sateesh Pasupuleti', 'Rajan Arora']"
v0_087_swarnajayanti_fellowships_scheme_2018_19,Tina Pujara,"['Tina Pujara', 'Smriti Saraswat', 'Shubhajit Sadhukhan', 'Ram Sateesh Pasupuleti', 'Rajan Arora']"
v0_087_swarnajayanti_fellowships_scheme_2018_19,Uttam Kumar Roy,"['Uttam Kumar Roy', 'Smriti Saraswat', 'Shubhajit Sadhukhan', 'Ram Sateesh Pasupuleti', 'Rajan Arora']"
v0_087_swarnajayanti_fellowships_scheme_2018_19,V Devadas,"['V Devadas', 'Smriti Saraswat', 'Shubhajit Sadhukhan', 'Ram Sateesh Pasupuleti', 'Rajan Arora']"
v0_087_swarnajayanti_fellowships_scheme_2018_19,Jaydev Dabas,"['Jaydev Dabas', 'Smriti Saraswat', 'Shubhajit Sadhukhan', 'Ram Sateesh Pasupuleti', 'Rajan Arora']"
v0_087_swarnajayanti_fellowships_scheme_2018_19,Millie Pant,"['Millie Pant', 'Smriti Saraswat', 'Shubhajit Sadhukhan', 'Ram Sateesh Pasupuleti', 'Rajan Arora']"
v0_087_swarnajayanti_fellowships_scheme_2018_19,Rajan Arora,"['Rajan Arora', 'Smriti Saraswat', 'Shubhajit Sadhukhan', 'Ram Sateesh Pasupuleti', 'Pranita P Sarangi']"
v0_087_swarnajayanti_fellowships_scheme_2018_19,Ashwani Kumar Sharma,"['Ashwani Kumar Sharma', 'Smriti Saraswat', 'Shubhajit Sadhukhan', 'Ram Sateesh Pasupuleti', 'Rajan Arora']"
v0_087_swarnajayanti_fellowships_scheme_2018_19,Bijan Choudhury,"['Bijan Choudhury', 'Smriti Saraswat', 'Shubhajit Sadhukhan', 'Ram Sateesh Pasupuleti', 'Rajan Arora']"
v0_087_swarnajayanti_fellowships_scheme_2018_19,Debabrata Sircar,"['Debabrata Sircar', 'Smriti Saraswat', 'Shubhajit Sadhukhan', 'Ram Sateesh Pasupuleti', 'Rajan Arora']"
v0_087_swarnajayanti_fellowships_scheme_2018_19,Deepak Sharma,"['Deepak Sharma', 'Smriti Saraswat', 'Shubhajit Sadhukhan', 'Ram Sateesh Pasupuleti', 'Rajan Arora']"
v0_087_swarnajayanti_fellowships_scheme_2018_19,P Gopinath,"['P Gopinath', 'Smriti Saraswat', 'Shubhajit Sadhukhan', 'Ram Sateesh Pasupuleti', 'Rajan Arora']"
v0_087_swarnajayanti_fellowships_scheme_2018_19,Harsh Chauhan,"['Harsh Chauhan', 'Smriti Saraswat', 'Shubhajit Sadhukhan', 'Ram Sateesh Pasupuleti', 'Rajan Arora']"
v0_087_swarnajayanti_fellowships_scheme_2018_19,Srinivas Kiran Ambatipudi,"['Srinivas Kiran Ambatipudi', 'Smriti Saraswat', 'Shubhajit Sadhukhan', 'Ram Sateesh Pasupuleti', 'Rajan Arora']"
v0_087_swarnajayanti_fellowships_scheme_2018_19,Krishna Mohan Poluri,"['Krishna Mohan Poluri', 'Smriti Saraswat', 'Shubhajit Sadhukhan', 'Ram Sateesh Pasupuleti', 'Rajan Arora']"
v0_087_swarnajayanti_fellowships_scheme_2018_19,Maya S.Nair,"['Maya S.Nair', 'Smriti Saraswat', 'Shubhajit Sadhukhan', 'Ram Sateesh Pasupuleti', 'Rajan Arora']"
v0_087_swarnajayanti_fellowships_scheme_2018_19,N K Navani,"['N K Navani', 'Smriti Saraswat', 'Shubhajit Sadhukhan', 'Ram Sateesh Pasupuleti', 'Rajan Arora']"
v0_087_swarnajayanti_fellowships_scheme_2018_19,Partha Roy,"['Partha Roy', 'Smriti Saraswat', 'Shubhajit Sadhukhan', 'Ram Sateesh Pasupuleti', 'Rajan Arora']"
v0_087_swarnajayanti_fellowships_scheme_2018_19,Poonam Choudhary,"['Poonam Choudhary', 'Smriti Saraswat', 'Shubhajit Sadhukhan', 'Ram Sateesh Pasupuleti', 'Rajan Arora']"
v0_087_swarnajayanti_fellowships_scheme_2018_19,Prabhat Kumar Mandal,"['Prabhat Kumar Mandal', 'Smriti Saraswat', 'Shubhajit Sadhukhan', 'Ram Sateesh Pasupuleti', 'Rajan Arora']"
v0_087_swarnajayanti_fellowships_scheme_2018_19,Pranita P Sarangi,"['Pranita P Sarangi', 'Smriti Saraswat', 'Shubhajit Sadhukhan', 'Ram Sateesh Pasupuleti', 'Rajan Arora']"
v0_087_swarnajayanti_fellowships_scheme_2018_19,Pravindra Kumar,"['Pravindra Kumar', 'Smriti Saraswat', 'Shubhajit Sadhukhan', 'Ram Sateesh Pasupuleti', 'Rajan Arora']"
v0_087_swarnajayanti_fellowships_scheme_2018_19,Prince Tiwari,"['Prince Tiwari', 'Smriti Saraswat', 'Shubhajit Sadhukhan', 'Ram Sateesh Pasupuleti', 'Rajan Arora']"
v0_087_swarnajayanti_fellowships_scheme_2018_19,R. P. Singh,"['R. P. Singh', 'Smriti Saraswat', 'Shubhajit Sadhukhan', 'Ram Sateesh Pasupuleti', 'Rajan Arora']"
v0_087_swarnajayanti_fellowships_scheme_2018_19,Ramasare Prasad,"['Ramasare Prasad', 'Smriti Saraswat', 'Shubhajit Sadhukhan', 'Ram Sateesh Pasupuleti', 'Rajan Arora']"
v0_087_swarnajayanti_fellowships_scheme_2018_19,Ranjana Pathania,"['Ranjana Pathania', 'Smriti Saraswat', 'Shubhajit Sadhukhan', 'Ram Sateesh Pasupuleti', 'Rajan Arora']"
v0_087_swarnajayanti_fellowships_scheme_2018_19,Sanjoy Ghosh,"['Sanjoy Ghosh', 'Smriti Saraswat', 'Shubhajit Sadhukhan', 'Ram Sateesh Pasupuleti', 'Rajan Arora']"
v0_087_swarnajayanti_fellowships_scheme_2018_19,Saugata Hazra,"['Saugata Hazra', 'Smriti Saraswat', 'Shubhajit Sadhukhan', 'Ram Sateesh Pasupuleti', 'Rajan Arora']"
v0_087_swarnajayanti_fellowships_scheme_2018_19,Shailly Tomar,"['Shailly Tomar', 'Smriti Saraswat', 'Shubhajit Sadhukhan', 'Ram Sateesh Pasupuleti', 'Rajan Arora']"
v0_087_swarnajayanti_fellowships_scheme_2018_19,Shri Ram Yadav,"['Shri Ram Yadav', 'Smriti Saraswat', 'Shubhajit Sadhukhan', 'Ram Sateesh Pasupuleti', 'Rajan Arora']"
v0_087_swarnajayanti_fellowships_scheme_2018_19,Soma Rohatgi,"['Soma Rohatgi', 'Smriti Saraswat', 'Shubhajit Sadhukhan', 'Ram Sateesh Pasupuleti', 'Rajan Arora']"
v0_087_swarnajayanti_fellowships_scheme_2018_19,Sachin Suresh Tiwari,"['Sachin Suresh Tiwari', 'Smriti Saraswat', 'Shubhajit Sadhukhan', 'Ram Sateesh Pasupuleti', 'Rajan Arora']"
v0_087_swarnajayanti_fellowships_scheme_2018_19,Jitin Singla,"['Jitin Singla', 'Smriti Saraswat', 'Shubhajit Sadhukhan', 'Ram Sateesh Pasupuleti', 'Rajan Arora']"
v0_087_swarnajayanti_fellowships_scheme_2018_19,Rajesh Kumar,"['Rajesh Kumar', 'Smriti Saraswat', 'Shubhajit Sadhukhan', 'Ram Sateesh Pasupuleti', 'Rajan Arora']"
v0_087_swarnajayanti_fellowships_scheme_2018_19,Akhil Upadhyay,"['Akhil Upadhyay', 'Smriti Saraswat', 'Shubhajit Sadhukhan', 'Ram Sateesh Pasupuleti', 'Rajan Arora']"
v0_088_dst_overseas_visiting_fellowship_admissions,Arindam Biswas,"['Arindam Biswas', 'Smriti Saraswat', 'Shailly Tomar', 'Saptarshi Kolay', 'R. P. Singh']"
v0_088_dst_overseas_visiting_fellowship_admissions,Avlokita Agrawal,"['Avlokita Agrawal', 'Smriti Saraswat', 'Shailly Tomar', 'Saptarshi Kolay', 'R. P. Singh']"
v0_088_dst_overseas_visiting_fellowship_admissions,Gaurav Raheja,"['Gaurav Raheja', 'Smriti Saraswat', 'Shailly Tomar', 'Saptarshi Kolay', 'R. P. Singh']"
v0_088_dst_overseas_visiting_fellowship_admissions,Harshit Sosan Lakra,"['Harshit Sosan Lakra', 'Smriti Saraswat', 'Shailly Tomar', 'Saptarshi Kolay', 'R. P. Singh']"
v0_088_dst_overseas_visiting_fellowship_admissions,Mahua Mukherjee,"['Mahua Mukherjee', 'Smriti Saraswat', 'Shailly Tomar', 'Saptarshi Kolay', 'R. P. Singh']"
v0_088_dst_overseas_visiting_fellowship_admissions,Prabhjot Singh Chani,"['Prabhjot Singh Chani', 'Smriti Saraswat', 'Shailly Tomar', 'Saptarshi Kolay', 'R. P. Singh']"
v0_088_dst_overseas_visiting_fellowship_admissions,E Rajasekar,"['E Rajasekar', 'Smriti Saraswat', 'Shailly Tomar', 'Saptarshi Kolay', 'R. P. Singh']"
v0_088_dst_overseas_visiting_fellowship_admissions,Ram Sateesh Pasupuleti,"['Ram Sateesh Pasupuleti', 'Smriti Saraswat', 'Shailly Tomar', 'Saptarshi Kolay', 'R. P. Singh']"
v0_088_dst_overseas_visiting_fellowship_admissions,Saptarshi Kolay,"['Saptarshi Kolay', 'Smriti Saraswat', 'Shailly Tomar', 'R. P. Singh', 'Pranita P Sarangi']"
v0_088_dst_overseas_visiting_fellowship_admissions,Shubhajit Sadhukhan,"['Shubhajit Sadhukhan', 'Smriti Saraswat', 'Shailly Tomar', 'Saptarshi Kolay', 'R. P. Singh']"
v0_088_dst_overseas_visiting_fellowship_admissions,Smriti Saraswat,"['Smriti Saraswat', 'Shailly Tomar', 'Saptarshi Kolay', 'R. P. Singh', 'Pranita P Sarangi']"
v0_088_dst_overseas_visiting_fellowship_admissions,Sonal Atreya,"['Sonal Atreya', 'Smriti Saraswat', 'Shailly Tomar', 'Saptarshi Kolay', 'R. P. Singh']"
v0_088_dst_overseas_visiting_fellowship_admissions,Tina Pujara,"['Tina Pujara', 'Smriti Saraswat', 'Shailly Tomar', 'Saptarshi Kolay', 'R. P. Singh']"
v0_088_dst_overseas_visiting_fellowship_admissions,Uttam Kumar Roy,"['Uttam Kumar Roy', 'Smriti Saraswat', 'Shailly Tomar', 'Saptarshi Kolay', 'R. P. Singh']"
v0_088_dst_overseas_visiting_fellowship_admissions,V Devadas,"['V Devadas', 'Smriti Saraswat', 'Shailly Tomar', 'Saptarshi Kolay', 'R. P. Singh']"
v0_088_dst_overseas_visiting_fellowship_admissions,Jaydev Dabas,"['Jaydev Dabas', 'Smriti Saraswat', 'Shailly Tomar', 'Saptarshi Kolay', 'R. P. Singh']"
v0_088_dst_overseas_visiting_fellowship_admissions,Millie Pant,"['Millie Pant', 'Smriti Saraswat', 'Shailly Tomar', 'Saptarshi Kolay', 'R. P. Singh']"
v0_088_dst_overseas_visiting_fellowship_admissions,Rajan Arora,"['Rajan Arora', 'Smriti Saraswat', 'Shailly Tomar', 'Saptarshi Kolay', 'R. P. Singh']"
v0_088_dst_overseas_visiting_fellowship_admissions,Ashwani Kumar Sharma,"['Ashwani Kumar Sharma', 'Smriti Saraswat', 'Shailly Tomar', 'Saptarshi Kolay', 'R. P. Singh']"
v0_088_dst_overseas_visiting_fellowship_admissions,Bijan Choudhury,"['Bijan Choudhury', 'Smriti Saraswat', 'Shailly Tomar', 'Saptarshi Kolay', 'R. P. Singh']"
v0_088_dst_overseas_visiting_fellowship_admissions,Debabrata Sircar,"['Debabrata Sircar', 'Smriti Saraswat', 'Shailly Tomar', 'Saptarshi Kolay', 'R. P. Singh']"
v0_088_dst_overseas_visiting_fellowship_admissions,Deepak Sharma,"['Deepak Sharma', 'Smriti Saraswat', 'Shailly Tomar', 'Saptarshi Kolay', 'R. P. Singh']"
v0_088_dst_overseas_visiting_fellowship_admissions,P Gopinath,"['P Gopinath', 'Smriti Saraswat', 'Shailly Tomar', 'Saptarshi Kolay', 'R. P. Singh']"
v0_088_dst_overseas_visiting_fellowship_admissions,Harsh Chauhan,"['Harsh Chauhan', 'Smriti Saraswat', 'Shailly Tomar', 'Saptarshi Kolay', 'R. P. Singh']"
v0_088_dst_overseas_visiting_fellowship_admissions,Srinivas Kiran Ambatipudi,"['Srinivas Kiran Ambatipudi', 'Smriti Saraswat', 'Shailly Tomar', 'Saptarshi Kolay', 'R. P. Singh']"
v0_088_dst_overseas_visiting_fellowship_admissions,Krishna Mohan Poluri,"['Krishna Mohan Poluri', 'Smriti Saraswat', 'Shailly Tomar', 'Saptarshi Kolay', 'R. P. Singh']"
v0_088_dst_overseas_visiting_fellowship_admissions,Maya S.Nair,"['Maya S.Nair', 'Smriti Saraswat', 'Shailly Tomar', 'Saptarshi Kolay', 'R. P. Singh']"
v0_088_dst_overseas_visiting_fellowship_admissions,N K Navani,"['N K Navani', 'Smriti Saraswat', 'Shailly Tomar', 'Saptarshi Kolay', 'R. P. Singh']"
v0_088_dst_overseas_visiting_fellowship_admissions,Partha Roy,"['Partha Roy', 'Smriti Saraswat', 'Shailly Tomar', 'Saptarshi Kolay', 'R. P. Singh']"
v0_088_dst_overseas_visiting_fellowship_admissions,Poonam Choudhary,"['Poonam Choudhary', 'Smriti Saraswat', 'Shailly Tomar', 'Saptarshi Kolay', 'R. P. Singh']"
v0_088_dst_overseas_visiting_fellowship_admissions,Prabhat Kumar Mandal,"['Prabhat Kumar Mandal', 'Smriti Saraswat', 'Shailly Tomar', 'Saptarshi Kolay', 'R. P. Singh']"
v0_088_dst_overseas_visiting_fellowship_admissions,Pranita P Sarangi,"['Pranita P Sarangi', 'Smriti Saraswat', 'Shailly Tomar', 'Saptarshi Kolay', 'R. P. Singh']"
v0_088_dst_overseas_visiting_fellowship_admissions,Pravindra Kumar,"['Pravindra Kumar', 'Smriti Saraswat', 'Shailly Tomar', 'Saptarshi Kolay', 'R. P. Singh']"
v0_088_dst_overseas_visiting_fellowship_admissions,Prince Tiwari,"['Prince Tiwari', 'Smriti Saraswat', 'Shailly Tomar', 'Saptarshi Kolay', 'R. P. Singh']"
v0_088_dst_overseas_visiting_fellowship_admissions,R. P. Singh,"['R. P. Singh', 'Smriti Saraswat', 'Shailly Tomar', 'Saptarshi Kolay', 'Pranita P Sarangi']"
v0_088_dst_overseas_visiting_fellowship_admissions,Ramasare Prasad,"['Ramasare Prasad', 'Smriti Saraswat', 'Shailly Tomar', 'Saptarshi Kolay', 'R. P. Singh']"
v0_088_dst_overseas_visiting_fellowship_admissions,Ranjana Pathania,"['Ranjana Pathania', 'Smriti Saraswat', 'Shailly Tomar', 'Saptarshi Kolay', 'R. P. Singh']"
v0_088_dst_overseas_visiting_fellowship_admissions,Sanjoy Ghosh,"['Sanjoy Ghosh', 'Smriti Saraswat', 'Shailly Tomar', 'Saptarshi Kolay', 'R. P. Singh']"
v0_088_dst_overseas_visiting_fellowship_admissions,Saugata Hazra,"['Saugata Hazra', 'Smriti Saraswat', 'Shailly Tomar', 'Saptarshi Kolay', 'R. P. Singh']"
v0_088_dst_overseas_visiting_fellowship_admissions,Shailly Tomar,"['Shailly Tomar', 'Smriti Saraswat', 'Saptarshi Kolay', 'R. P. Singh', 'Pranita P Sarangi']"
v0_088_dst_overseas_visiting_fellowship_admissions,Shri Ram Yadav,"['Shri Ram Yadav', 'Smriti Saraswat', 'Shailly Tomar', 'Saptarshi Kolay', 'R. P. Singh']"
v0_088_dst_overseas_visiting_fellowship_admissions,Soma Rohatgi,"['Soma Rohatgi', 'Smriti Saraswat', 'Shailly Tomar', 'Saptarshi Kolay', 'R. P. Singh']"
v0_088_dst_overseas_visiting_fellowship_admissions,Sachin Suresh Tiwari,"['Sachin Suresh Tiwari', 'Smriti Saraswat', 'Shailly Tomar', 'Saptarshi Kolay', 'R. P. Singh']"
v0_088_dst_overseas_visiting_fellowship_admissions,Jitin Singla,"['Jitin Singla', 'Smriti Saraswat', 'Shailly Tomar', 'Saptarshi Kolay', 'R. P. Singh']"
v0_088_dst_overseas_visiting_fellowship_admissions,Rajesh Kumar,"['Rajesh Kumar', 'Smriti Saraswat', 'Shailly Tomar', 'Saptarshi Kolay', 'R. P. Singh']"
v0_088_dst_overseas_visiting_fellowship_admissions,Akhil Upadhyay,"['Akhil Upadhyay', 'Smriti Saraswat', 'Shailly Tomar', 'Saptarshi Kolay', 'R. P. Singh']"
v0_089_sustainable__innovative_technologies_in_agricultureagro_tech_under_the_scheme_technology_development_programme,Arindam Biswas,"['Arindam Biswas', 'N K Navani', 'Millie Pant', 'Krishna Mohan Poluri', 'E Rajasekar']"
v0_089_sustainable__innovative_technologies_in_agricultureagro_tech_under_the_scheme_technology_development_programme,Avlokita Agrawal,"['Avlokita Agrawal', 'N K Navani', 'Millie Pant', 'Krishna Mohan Poluri', 'E Rajasekar']"
v0_089_sustainable__innovative_technologies_in_agricultureagro_tech_under_the_scheme_technology_development_programme,Gaurav Raheja,"['Gaurav Raheja', 'N K Navani', 'Millie Pant', 'Krishna Mohan Poluri', 'E Rajasekar']"
v0_089_sustainable__innovative_technologies_in_agricultureagro_tech_under_the_scheme_technology_development_programme,Harshit Sosan Lakra,"['Harshit Sosan Lakra', 'N K Navani', 'Millie Pant', 'Krishna Mohan Poluri', 'E Rajasekar']"
v0_089_sustainable__innovative_technologies_in_agricultureagro_tech_under_the_scheme_technology_development_programme,Mahua Mukherjee,"['Mahua Mukherjee', 'N K Navani', 'Millie Pant', 'Krishna Mohan Poluri', 'E Rajasekar']"
v0_089_sustainable__innovative_technologies_in_agricultureagro_tech_under_the_scheme_technology_development_programme,Prabhjot Singh Chani,"['Prabhjot Singh Chani', 'N K Navani', 'Millie Pant', 'Krishna Mohan Poluri', 'E Rajasekar']"
v0_089_sustainable__innovative_technologies_in_agricultureagro_tech_under_the_scheme_technology_development_programme,E Rajasekar,"['E Rajasekar', 'N K Navani', 'Millie Pant', 'Krishna Mohan Poluri']"
v0_089_sustainable__innovative_technologies_in_agricultureagro_tech_under_the_scheme_technology_development_programme,Ram Sateesh Pasupuleti,"['Ram Sateesh Pasupuleti', 'N K Navani', 'Millie Pant', 'Krishna Mohan Poluri', 'E Rajasekar']"
v0_089_sustainable__innovative_technologies_in_agricultureagro_tech_under_the_scheme_technology_development_programme,Saptarshi Kolay,"['Saptarshi Kolay', 'N K Navani', 'Millie Pant', 'Krishna Mohan Poluri', 'E Rajasekar']"
v0_089_sustainable__innovative_technologies_in_agricultureagro_tech_under_the_scheme_technology_development_programme,Shubhajit Sadhukhan,"['Shubhajit Sadhukhan', 'N K Navani', 'Millie Pant', 'Krishna Mohan Poluri', 'E Rajasekar']"
v0_089_sustainable__innovative_technologies_in_agricultureagro_tech_under_the_scheme_technology_development_programme,Smriti Saraswat,"['Smriti Saraswat', 'N K Navani', 'Millie Pant', 'Krishna Mohan Poluri', 'E Rajasekar']"
v0_089_sustainable__innovative_technologies_in_agricultureagro_tech_under_the_scheme_technology_development_programme,Sonal Atreya,"['Sonal Atreya', 'N K Navani', 'Millie Pant', 'Krishna Mohan Poluri', 'E Rajasekar']"
v0_089_sustainable__innovative_technologies_in_agricultureagro_tech_under_the_scheme_technology_development_programme,Tina Pujara,"['Tina Pujara', 'N K Navani', 'Millie Pant', 'Krishna Mohan Poluri', 'E Rajasekar']"
v0_089_sustainable__innovative_technologies_in_agricultureagro_tech_under_the_scheme_technology_development_programme,Uttam Kumar Roy,"['Uttam Kumar Roy', 'N K Navani', 'Millie Pant', 'Krishna Mohan Poluri', 'E Rajasekar']"
v0_089_sustainable__innovative_technologies_in_agricultureagro_tech_under_the_scheme_technology_development_programme,V Devadas,"['V Devadas', 'N K Navani', 'Millie Pant', 'Krishna Mohan Poluri', 'E Rajasekar']"
v0_089_sustainable__innovative_technologies_in_agricultureagro_tech_under_the_scheme_technology_development_programme,Jaydev Dabas,"['Jaydev Dabas', 'N K Navani', 'Millie Pant', 'Krishna Mohan Poluri', 'E Rajasekar']"
v0_089_sustainable__innovative_technologies_in_agricultureagro_tech_under_the_scheme_technology_development_programme,Millie Pant,"['Millie Pant', 'N K Navani', 'Krishna Mohan Poluri', 'E Rajasekar']"
v0_089_sustainable__innovative_technologies_in_agricultureagro_tech_under_the_scheme_technology_development_programme,Rajan Arora,"['Rajan Arora', 'N K Navani', 'Millie Pant', 'Krishna Mohan Poluri', 'E Rajasekar']"
v0_089_sustainable__innovative_technologies_in_agricultureagro_tech_under_the_scheme_technology_development_programme,Ashwani Kumar Sharma,"['Ashwani Kumar Sharma', 'N K Navani', 'Millie Pant', 'Krishna Mohan Poluri', 'E Rajasekar']"
v0_089_sustainable__innovative_technologies_in_agricultureagro_tech_under_the_scheme_technology_development_programme,Bijan Choudhury,"['Bijan Choudhury', 'N K Navani', 'Millie Pant', 'Krishna Mohan Poluri', 'E Rajasekar']"
v0_089_sustainable__innovative_technologies_in_agricultureagro_tech_under_the_scheme_technology_development_programme,Debabrata Sircar,"['Debabrata Sircar', 'N K Navani', 'Millie Pant', 'Krishna Mohan Poluri', 'E Rajasekar']"
v0_089_sustainable__innovative_technologies_in_agricultureagro_tech_under_the_scheme_technology_development_programme,Deepak Sharma,"['Deepak Sharma', 'N K Navani', 'Millie Pant', 'Krishna Mohan Poluri', 'E Rajasekar']"
v0_089_sustainable__innovative_technologies_in_agricultureagro_tech_under_the_scheme_technology_development_programme,P Gopinath,"['P Gopinath', 'N K Navani', 'Millie Pant', 'Krishna Mohan Poluri', 'E Rajasekar']"
v0_089_sustainable__innovative_technologies_in_agricultureagro_tech_under_the_scheme_technology_development_programme,Harsh Chauhan,"['Harsh Chauhan', 'N K Navani', 'Millie Pant', 'Krishna Mohan Poluri', 'E Rajasekar']"
v0_089_sustainable__innovative_technologies_in_agricultureagro_tech_under_the_scheme_technology_development_programme,Srinivas Kiran Ambatipudi,"['Srinivas Kiran Ambatipudi', 'N K Navani', 'Millie Pant', 'Krishna Mohan Poluri', 'E Rajasekar']"
v0_089_sustainable__innovative_technologies_in_agricultureagro_tech_under_the_scheme_technology_development_programme,Krishna Mohan Poluri,"['Krishna Mohan Poluri', 'N K Navani', 'Millie Pant', 'E Rajasekar']"
v0_089_sustainable__innovative_technologies_in_agricultureagro_tech_under_the_scheme_technology_development_programme,Maya S.Nair,"['Maya S.Nair', 'N K Navani', 'Millie Pant', 'Krishna Mohan Poluri', 'E Rajasekar']"
v0_089_sustainable__innovative_technologies_in_agricultureagro_tech_under_the_scheme_technology_development_programme,N K Navani,"['N K Navani', 'Millie Pant', 'Krishna Mohan Poluri', 'E Rajasekar']"
v0_089_sustainable__innovative_technologies_in_agricultureagro_tech_under_the_scheme_technology_development_programme,Partha Roy,"['Partha Roy', 'N K Navani', 'Millie Pant', 'Krishna Mohan Poluri', 'E Rajasekar']"
v0_089_sustainable__innovative_technologies_in_agricultureagro_tech_under_the_scheme_technology_development_programme,Poonam Choudhary,"['Poonam Choudhary', 'N K Navani', 'Millie Pant', 'Krishna Mohan Poluri', 'E Rajasekar']"
v0_089_sustainable__innovative_technologies_in_agricultureagro_tech_under_the_scheme_technology_development_programme,Prabhat Kumar Mandal,"['Prabhat Kumar Mandal', 'N K Navani', 'Millie Pant', 'Krishna Mohan Poluri', 'E Rajasekar']"
v0_089_sustainable__innovative_technologies_in_agricultureagro_tech_under_the_scheme_technology_development_programme,Pranita P Sarangi,"['Pranita P Sarangi', 'N K Navani', 'Millie Pant', 'Krishna Mohan Poluri', 'E Rajasekar']"
v0_089_sustainable__innovative_technologies_in_agricultureagro_tech_under_the_scheme_technology_development_programme,Pravindra Kumar,"['Pravindra Kumar', 'N K Navani', 'Millie Pant', 'Krishna Mohan Poluri', 'E Rajasekar']"
v0_089_sustainable__innovative_technologies_in_agricultureagro_tech_under_the_scheme_technology_development_programme,Prince Tiwari,"['Prince Tiwari', 'N K Navani', 'Millie Pant', 'Krishna Mohan Poluri', 'E Rajasekar']"
v0_089_sustainable__innovative_technologies_in_agricultureagro_tech_under_the_scheme_technology_development_programme,R. P. Singh,"['R. P. Singh', 'N K Navani', 'Millie Pant', 'Krishna Mohan Poluri', 'E Rajasekar']"
v0_089_sustainable__innovative_technologies_in_agricultureagro_tech_under_the_scheme_technology_development_programme,Ramasare Prasad,"['Ramasare Prasad', 'N K Navani', 'Millie Pant', 'Krishna Mohan Poluri', 'E Rajasekar']"
v0_089_sustainable__innovative_technologies_in_agricultureagro_tech_under_the_scheme_technology_development_programme,Ranjana Pathania,"['Ranjana Pathania', 'N K Navani', 'Millie Pant', 'Krishna Mohan Poluri', 'E Rajasekar']"
v0_089_sustainable__innovative_technologies_in_agricultureagro_tech_under_the_scheme_technology_development_programme,Sanjoy Ghosh,"['Sanjoy Ghosh', 'N K Navani', 'Millie Pant', 'Krishna Mohan Poluri', 'E Rajasekar']"
v0_089_sustainable__innovative_technologies_in_agricultureagro_tech_under_the_scheme_technology_development_programme,Saugata Hazra,"['Saugata Hazra', 'N K Navani', 'Millie Pant', 'Krishna Mohan Poluri', 'E Rajasekar']"
v0_089_sustainable__innovative_technologies_in_agricultureagro_tech_under_the_scheme_technology_development_programme,Shailly Tomar,"['Shailly Tomar', 'N K Navani', 'Millie Pant', 'Krishna Mohan Poluri', 'E Rajasekar']"
v0_089_sustainable__innovative_technologies_in_agricultureagro_tech_under_the_scheme_technology_development_programme,Shri Ram Yadav,"['Shri Ram Yadav', 'N K Navani', 'Millie Pant', 'Krishna Mohan Poluri', 'E Rajasekar']"
v0_089_sustainable__innovative_technologies_in_agricultureagro_tech_under_the_scheme_technology_development_programme,Soma Rohatgi,"['Soma Rohatgi', 'N K Navani', 'Millie Pant', 'Krishna Mohan Poluri', 'E Rajasekar']"
v0_089_sustainable__innovative_technologies_in_agricultureagro_tech_under_the_scheme_technology_development_programme,Sachin Suresh Tiwari,"['Sachin Suresh Tiwari', 'N K Navani', 'Millie Pant', 'Krishna Mohan Poluri', 'E Rajasekar']"
v0_089_sustainable__innovative_technologies_in_agricultureagro_tech_under_the_scheme_technology_development_programme,Jitin Singla,"['Jitin Singla', 'N K Navani', 'Millie Pant', 'Krishna Mohan Poluri', 'E Rajasekar']"
v0_089_sustainable__innovative_technologies_in_agricultureagro_tech_under_the_scheme_technology_development_programme,Rajesh Kumar,"['Rajesh Kumar', 'N K Navani', 'Millie Pant', 'Krishna Mohan Poluri', 'E Rajasekar']"
v0_089_sustainable__innovative_technologies_in_agricultureagro_tech_under_the_scheme_technology_development_programme,Akhil Upadhyay,"['Akhil Upadhyay', 'N K Navani', 'Millie Pant', 'Krishna Mohan Poluri', 'E Rajasekar']"
v0_090_scheme_for_young_scientists_and_technologists,Arindam Biswas,"['Arindam Biswas', 'Rajesh Kumar']"
v0_090_scheme_for_young_scientists_and_technologists,Avlokita Agrawal,"['Avlokita Agrawal', 'Saugata Hazra', 'R. P. Singh', 'Sachin Suresh Tiwari', 'Sanjoy Ghosh']"
v0_090_scheme_for_young_scientists_and_technologists,Gaurav Raheja,"['Gaurav Raheja', 'Rajesh Kumar', 'Akhil Upadhyay']"
v0_090_scheme_for_young_scientists_and_technologists,Harshit Sosan Lakra,"['Harshit Sosan Lakra', 'Ranjana Pathania', 'Maya S.Nair', 'Rajesh Kumar', 'Partha Roy']"
v0_090_scheme_for_young_scientists_and_technologists,Mahua Mukherjee,"['Mahua Mukherjee', 'Sachin Suresh Tiwari', 'Soma Rohatgi', 'Sanjoy Ghosh', 'Saugata Hazra']"
v0_090_scheme_for_young_scientists_and_technologists,Prabhjot Singh Chani,"['Prabhjot Singh Chani', 'Akhil Upadhyay']"
v0_090_scheme_for_young_scientists_and_technologists,E Rajasekar,"['E Rajasekar', 'Prince Tiwari']"
v0_090_scheme_for_young_scientists_and_technologists,Ram Sateesh Pasupuleti,"['Ram Sateesh Pasupuleti', 'Akhil Upadhyay']"
v0_090_scheme_for_young_scientists_and_technologists,Saptarshi Kolay,"['Saptarshi Kolay', 'Poonam Choudhary', 'Ramasare Prasad', 'Prabhat Kumar Mandal', 'Jitin Singla']"
v0_090_scheme_for_young_scientists_and_technologists,Shubhajit Sadhukhan,"['Shubhajit Sadhukhan', 'Pravindra Kumar']"
v0_090_scheme_for_young_scientists_and_technologists,Smriti Saraswat,"['Smriti Saraswat', 'Maya S.Nair', 'Pranita P Sarangi', 'Sanjoy Ghosh']"
v0_090_scheme_for_young_scientists_and_technologists,Sonal Atreya,"['Sonal Atreya', 'Prince Tiwari', 'Prabhat Kumar Mandal']"
v0_090_scheme_for_young_scientists_and_technologists,Tina Pujara,"['Tina Pujara', 'Saugata Hazra', 'Poonam Choudhary']"
v0_090_scheme_for_young_scientists_and_technologists,Uttam Kumar Roy,"['Uttam Kumar Roy', 'Ranjana Pathania', 'Prince Tiwari', 'Soma Rohatgi', 'Sanjoy Ghosh']"
v0_090_scheme_for_young_scientists_and_technologists,V Devadas,"['V Devadas', 'Pranita P Sarangi', 'Ramasare Prasad']"
v0_090_scheme_for_young_scientists_and_technologists,Jaydev Dabas,"['Jaydev Dabas', 'Partha Roy']"
v0_090_scheme_for_young_scientists_and_technologists,Millie Pant,"['Millie Pant', 'N K Navani']"
v0_090_scheme_for_young_scientists_and_technologists,Rajan Arora,"['Rajan Arora', 'Akhil Upadhyay', 'Partha Roy']"
v0_090_scheme_for_young_scientists_and_technologists,Ashwani Kumar Sharma,"['Ashwani Kumar Sharma', 'Akhil Upadhyay']"
v0_090_scheme_for_young_scientists_and_technologists,Bijan Choudhury,"['Bijan Choudhury', 'Maya S.Nair', 'Poonam Choudhary']"
v0_090_scheme_for_young_scientists_and_technologists,Debabrata Sircar,"['Debabrata Sircar', 'Jitin Singla']"
v0_090_scheme_for_young_scientists_and_technologists,Deepak Sharma,"['Deepak Sharma', 'Shri Ram Yadav', 'Akhil Upadhyay', 'Ramasare Prasad']"
v0_090_scheme_for_young_scientists_and_technologists,P Gopinath,"['P Gopinath', 'Sanjoy Ghosh', 'Rajesh Kumar', 'Prabhat Kumar Mandal']"
v0_090_scheme_for_young_scientists_and_technologists,Harsh Chauhan,"['Harsh Chauhan', 'Akhil Upadhyay', 'Jitin Singla', 'Saugata Hazra', 'Soma Rohatgi']"
v0_090_scheme_for_young_scientists_and_technologists,Srinivas Kiran Ambatipudi,"['Srinivas Kiran Ambatipudi', 'R. P. Singh', 'Akhil Upadhyay']"
v0_090_scheme_for_young_scientists_and_technologists,Krishna Mohan Poluri,"['Krishna Mohan Poluri', 'Poonam Choudhary']"
v0_090_scheme_for_young_scientists_and_technologists,Maya S.Nair,"['Maya S.Nair', 'Partha Roy']"
v0_090_scheme_for_young_scientists_and_technologists,N K Navani,"['N K Navani', 'Prince Tiwari', 'Shailly Tomar', 'Soma Rohatgi', 'Poonam Choudhary']"
v0_090_scheme_for_young_scientists_and_technologists,Partha Roy,"['Partha Roy', 'Rajesh Kumar', 'Ramasare Prasad', 'Shri Ram Yadav', 'N K Navani']"
v0_090_scheme_for_young_scientists_and_technologists,Poonam Choudhary,"['Poonam Choudhary', 'Akhil Upadhyay', 'Shailly Tomar']"
v0_090_scheme_for_young_scientists_and_technologists,Prabhat Kumar Mandal,"['Prabhat Kumar Mandal', 'Shri Ram Yadav', 'Shailly Tomar', 'Maya S.Nair']"
v0_090_scheme_for_young_scientists_and_technologists,Pranita P Sarangi,"['Pranita P Sarangi', 'Prabhat Kumar Mandal', 'Sachin Suresh Tiwari']"
v0_090_scheme_for_young_scientists_and_technologists,Pravindra Kumar,"['Pravindra Kumar', 'Ranjana Pathania', 'Akhil Upadhyay', 'R. P. Singh']"
v0_090_scheme_for_young_scientists_and_technologists,Prince Tiwari,"['Prince Tiwari', 'Jitin Singla', 'Pravindra Kumar']"
v0_090_scheme_for_young_scientists_and_technologists,R. P. Singh,"['R. P. Singh', 'Sanjoy Ghosh', 'Prince Tiwari', 'Ramasare Prasad', 'Ranjana Pathania']"
v0_090_scheme_for_young_scientists_and_technologists,Ramasare Prasad,"['Ramasare Prasad', 'Shri Ram Yadav', 'Prince Tiwari', 'Sanjoy Ghosh']"
v0_090_scheme_for_young_scientists_and_technologists,Ranjana Pathania,"['Ranjana Pathania', 'Poonam Choudhary']"
v0_090_scheme_for_young_scientists_and_technologists,Sanjoy Ghosh,"['Sanjoy Ghosh', 'N K Navani', 'Pravindra Kumar']"
v0_090_scheme_for_young_scientists_and_technologists,Saugata Hazra,"['Saugata Hazra', 'Prabhat Kumar Mandal', 'R. P. Singh', 'Rajesh Kumar']"
v0_090_scheme_for_young_scientists_and_technologists,Shailly Tomar,"['Shailly Tomar', 'Rajesh Kumar', 'Poonam Choudhary']"
v0_090_scheme_for_young_scientists_and_technologists,Shri Ram Yadav,"['Shri Ram Yadav', 'Prabhat Kumar Mandal']"
v0_090_scheme_for_young_scientists_and_technologists,Soma Rohatgi,"['Soma Rohatgi', 'Ranjana Pathania', 'Partha Roy', 'Ramasare Prasad', 'Pranita P Sarangi']"
v0_090_scheme_for_young_scientists_and_technologists,Sachin Suresh Tiwari,"['Sachin Suresh Tiwari', 'Prabhat Kumar Mandal', 'Poonam Choudhary']"
v0_090_scheme_for_young_scientists_and_technologists,Jitin Singla,"['Jitin Singla', 'Shri Ram Yadav', 'R. P. Singh']"
v0_090_scheme_for_young_scientists_and_technologists,Rajesh Kumar,"['Rajesh Kumar', 'Sanjoy Ghosh', 'Ranjana Pathania', 'Shailly Tomar']"
v0_090_scheme_for_young_scientists_and_technologists,Akhil Upadhyay,"['Akhil Upadhyay', 'Sanjoy Ghosh']"
v0_091_chord_nstmis_scheme_call_for_proposals_2018_19,Arindam Biswas,"['Arindam Biswas', 'Smriti Saraswat', 'Saptarshi Kolay', 'P Gopinath', 'Debabrata Sircar']"
v0_091_chord_nstmis_scheme_call_for_proposals_2018_19,Avlokita Agrawal,"['Avlokita Agrawal', 'Smriti Saraswat', 'Saptarshi Kolay', 'P Gopinath', 'Debabrata Sircar']"
v0_091_chord_nstmis_scheme_call_for_proposals_2018_19,Gaurav Raheja,"['Gaurav Raheja', 'Smriti Saraswat', 'Saptarshi Kolay', 'P Gopinath', 'Debabrata Sircar']"
v0_091_chord_nstmis_scheme_call_for_proposals_2018_19,Harshit Sosan Lakra,"['Harshit Sosan Lakra', 'Smriti Saraswat', 'Saptarshi Kolay', 'P Gopinath', 'Debabrata Sircar']"
v0_091_chord_nstmis_scheme_call_for_proposals_2018_19,Mahua Mukherjee,"['Mahua Mukherjee', 'Smriti Saraswat', 'Saptarshi Kolay', 'P Gopinath', 'Debabrata Sircar']"
v0_091_chord_nstmis_scheme_call_for_proposals_2018_19,Prabhjot Singh Chani,"['Prabhjot Singh Chani', 'Smriti Saraswat', 'Saptarshi Kolay', 'P Gopinath', 'Debabrata Sircar']"
v0_091_chord_nstmis_scheme_call_for_proposals_2018_19,E Rajasekar,"['E Rajasekar', 'Smriti Saraswat', 'Saptarshi Kolay', 'P Gopinath', 'Debabrata Sircar']"
v0_091_chord_nstmis_scheme_call_for_proposals_2018_19,Ram Sateesh Pasupuleti,"['Ram Sateesh Pasupuleti', 'Smriti Saraswat', 'Saptarshi Kolay', 'P Gopinath', 'Debabrata Sircar']"
v0_091_chord_nstmis_scheme_call_for_proposals_2018_19,Saptarshi Kolay,"['Saptarshi Kolay', 'Smriti Saraswat', 'P Gopinath', 'Debabrata Sircar', 'Avlokita Agrawal']"
v0_091_chord_nstmis_scheme_call_for_proposals_2018_19,Shubhajit Sadhukhan,"['Shubhajit Sadhukhan', 'Smriti Saraswat', 'Saptarshi Kolay', 'P Gopinath', 'Debabrata Sircar']"
v0_091_chord_nstmis_scheme_call_for_proposals_2018_19,Smriti Saraswat,"['Smriti Saraswat', 'Saptarshi Kolay', 'P Gopinath', 'Debabrata Sircar', 'Avlokita Agrawal']"
v0_091_chord_nstmis_scheme_call_for_proposals_2018_19,Sonal Atreya,"['Sonal Atreya', 'Smriti Saraswat', 'Saptarshi Kolay', 'P Gopinath', 'Debabrata Sircar']"
v0_091_chord_nstmis_scheme_call_for_proposals_2018_19,Tina Pujara,"['Tina Pujara', 'Smriti Saraswat', 'Saptarshi Kolay', 'P Gopinath', 'Debabrata Sircar']"
v0_091_chord_nstmis_scheme_call_for_proposals_2018_19,Uttam Kumar Roy,"['Uttam Kumar Roy', 'Smriti Saraswat', 'Saptarshi Kolay', 'P Gopinath', 'Debabrata Sircar']"
v0_091_chord_nstmis_scheme_call_for_proposals_2018_19,V Devadas,"['V Devadas', 'Smriti Saraswat', 'Saptarshi Kolay', 'P Gopinath', 'Debabrata Sircar']"
v0_091_chord_nstmis_scheme_call_for_proposals_2018_19,Jaydev Dabas,"['Jaydev Dabas', 'Smriti Saraswat', 'Saptarshi Kolay', 'P Gopinath', 'Debabrata Sircar']"
v0_091_chord_nstmis_scheme_call_for_proposals_2018_19,Millie Pant,"['Millie Pant', 'Smriti Saraswat', 'Saptarshi Kolay', 'P Gopinath', 'Debabrata Sircar']"
v0_091_chord_nstmis_scheme_call_for_proposals_2018_19,Rajan Arora,"['Rajan Arora', 'Smriti Saraswat', 'Saptarshi Kolay', 'P Gopinath', 'Debabrata Sircar']"
v0_091_chord_nstmis_scheme_call_for_proposals_2018_19,Ashwani Kumar Sharma,"['Ashwani Kumar Sharma', 'Smriti Saraswat', 'Saptarshi Kolay', 'P Gopinath', 'Debabrata Sircar']"
v0_091_chord_nstmis_scheme_call_for_proposals_2018_19,Bijan Choudhury,"['Bijan Choudhury', 'Smriti Saraswat', 'Saptarshi Kolay', 'P Gopinath', 'Debabrata Sircar']"
v0_091_chord_nstmis_scheme_call_for_proposals_2018_19,Debabrata Sircar,"['Debabrata Sircar', 'Smriti Saraswat', 'Saptarshi Kolay', 'P Gopinath', 'Avlokita Agrawal']"
v0_091_chord_nstmis_scheme_call_for_proposals_2018_19,Deepak Sharma,"['Deepak Sharma', 'Smriti Saraswat', 'Saptarshi Kolay', 'P Gopinath', 'Debabrata Sircar']"
v0_091_chord_nstmis_scheme_call_for_proposals_2018_19,P Gopinath,"['P Gopinath', 'Smriti Saraswat', 'Saptarshi Kolay', 'Debabrata Sircar', 'Avlokita Agrawal']"
v0_091_chord_nstmis_scheme_call_for_proposals_2018_19,Harsh Chauhan,"['Harsh Chauhan', 'Smriti Saraswat', 'Saptarshi Kolay', 'P Gopinath', 'Debabrata Sircar']"
v0_091_chord_nstmis_scheme_call_for_proposals_2018_19,Srinivas Kiran Ambatipudi,"['Srinivas Kiran Ambatipudi', 'Smriti Saraswat', 'Saptarshi Kolay', 'P Gopinath', 'Debabrata Sircar']"
v0_091_chord_nstmis_scheme_call_for_proposals_2018_19,Krishna Mohan Poluri,"['Krishna Mohan Poluri', 'Smriti Saraswat', 'Saptarshi Kolay', 'P Gopinath', 'Debabrata Sircar']"
v0_091_chord_nstmis_scheme_call_for_proposals_2018_19,Maya S.Nair,"['Maya S.Nair', 'Smriti Saraswat', 'Saptarshi Kolay', 'P Gopinath', 'Debabrata Sircar']"
v0_091_chord_nstmis_scheme_call_for_proposals_2018_19,N K Navani,"['N K Navani', 'Smriti Saraswat', 'Saptarshi Kolay', 'P Gopinath', 'Debabrata Sircar']"
v0_091_chord_nstmis_scheme_call_for_proposals_2018_19,Partha Roy,"['Partha Roy', 'Smriti Saraswat', 'Saptarshi Kolay', 'P Gopinath', 'Debabrata Sircar']"
v0_091_chord_nstmis_scheme_call_for_proposals_2018_19,Poonam Choudhary,"['Poonam Choudhary', 'Smriti Saraswat', 'Saptarshi Kolay', 'P Gopinath', 'Debabrata Sircar']"
v0_091_chord_nstmis_scheme_call_for_proposals_2018_19,Prabhat Kumar Mandal,"['Prabhat Kumar Mandal', 'Smriti Saraswat', 'Saptarshi Kolay', 'P Gopinath', 'Debabrata Sircar']"
v0_091_chord_nstmis_scheme_call_for_proposals_2018_19,Pranita P Sarangi,"['Pranita P Sarangi', 'Smriti Saraswat', 'Saptarshi Kolay', 'P Gopinath', 'Debabrata Sircar']"
v0_091_chord_nstmis_scheme_call_for_proposals_2018_19,Pravindra Kumar,"['Pravindra Kumar', 'Smriti Saraswat', 'Saptarshi Kolay', 'P Gopinath', 'Debabrata Sircar']"
v0_091_chord_nstmis_scheme_call_for_proposals_2018_19,Prince Tiwari,"['Prince Tiwari', 'Smriti Saraswat', 'Saptarshi Kolay', 'P Gopinath', 'Debabrata Sircar']"
v0_091_chord_nstmis_scheme_call_for_proposals_2018_19,R. P. Singh,"['R. P. Singh', 'Smriti Saraswat', 'Saptarshi Kolay', 'P Gopinath', 'Debabrata Sircar']"
v0_091_chord_nstmis_scheme_call_for_proposals_2018_19,Ramasare Prasad,"['Ramasare Prasad', 'Smriti Saraswat', 'Saptarshi Kolay', 'P Gopinath', 'Debabrata Sircar']"
v0_091_chord_nstmis_scheme_call_for_proposals_2018_19,Ranjana Pathania,"['Ranjana Pathania', 'Smriti Saraswat', 'Saptarshi Kolay', 'P Gopinath', 'Debabrata Sircar']"
v0_091_chord_nstmis_scheme_call_for_proposals_2018_19,Sanjoy Ghosh,"['Sanjoy Ghosh', 'Smriti Saraswat', 'Saptarshi Kolay', 'P Gopinath', 'Debabrata Sircar']"
v0_091_chord_nstmis_scheme_call_for_proposals_2018_19,Saugata Hazra,"['Saugata Hazra', 'Smriti Saraswat', 'Saptarshi Kolay', 'P Gopinath', 'Debabrata Sircar']"
v0_091_chord_nstmis_scheme_call_for_proposals_2018_19,Shailly Tomar,"['Shailly Tomar', 'Smriti Saraswat', 'Saptarshi Kolay', 'P Gopinath', 'Debabrata Sircar']"
v0_091_chord_nstmis_scheme_call_for_proposals_2018_19,Shri Ram Yadav,"['Shri Ram Yadav', 'Smriti Saraswat', 'Saptarshi Kolay', 'P Gopinath', 'Debabrata Sircar']"
v0_091_chord_nstmis_scheme_call_for_proposals_2018_19,Soma Rohatgi,"['Soma Rohatgi', 'Smriti Saraswat', 'Saptarshi Kolay', 'P Gopinath', 'Debabrata Sircar']"
v0_091_chord_nstmis_scheme_call_for_proposals_2018_19,Sachin Suresh Tiwari,"['Sachin Suresh Tiwari', 'Smriti Saraswat', 'Saptarshi Kolay', 'P Gopinath', 'Debabrata Sircar']"
v0_091_chord_nstmis_scheme_call_for_proposals_2018_19,Jitin Singla,"['Jitin Singla', 'Smriti Saraswat', 'Saptarshi Kolay', 'P Gopinath', 'Debabrata Sircar']"
v0_091_chord_nstmis_scheme_call_for_proposals_2018_19,Rajesh Kumar,"['Rajesh Kumar', 'Smriti Saraswat', 'Saptarshi Kolay', 'P Gopinath', 'Debabrata Sircar']"
v0_091_chord_nstmis_scheme_call_for_proposals_2018_19,Akhil Upadhyay,"['Akhil Upadhyay', 'Smriti Saraswat', 'Saptarshi Kolay', 'P Gopinath', 'Debabrata Sircar']"
v0_092_call_for_proposals_under_dst_ic_impact_indo_canada_joint_research_programmes,Arindam Biswas,"['Arindam Biswas', 'V Devadas', 'Prabhjot Singh Chani', 'Jitin Singla', 'Bijan Choudhury']"
v0_092_call_for_proposals_under_dst_ic_impact_indo_canada_joint_research_programmes,Avlokita Agrawal,"['Avlokita Agrawal', 'V Devadas', 'Prabhjot Singh Chani', 'Jitin Singla', 'Bijan Choudhury']"
v0_092_call_for_proposals_under_dst_ic_impact_indo_canada_joint_research_programmes,Gaurav Raheja,"['Gaurav Raheja', 'V Devadas', 'Prabhjot Singh Chani', 'Jitin Singla', 'Bijan Choudhury']"
v0_092_call_for_proposals_under_dst_ic_impact_indo_canada_joint_research_programmes,Harshit Sosan Lakra,"['Harshit Sosan Lakra', 'V Devadas', 'Prabhjot Singh Chani', 'Jitin Singla', 'Bijan Choudhury']"
v0_092_call_for_proposals_under_dst_ic_impact_indo_canada_joint_research_programmes,Mahua Mukherjee,"['Mahua Mukherjee', 'V Devadas', 'Prabhjot Singh Chani', 'Jitin Singla', 'Bijan Choudhury']"
v0_092_call_for_proposals_under_dst_ic_impact_indo_canada_joint_research_programmes,Prabhjot Singh Chani,"['Prabhjot Singh Chani', 'V Devadas', 'Jitin Singla', 'Bijan Choudhury', 'Ashwani Kumar Sharma']"
v0_092_call_for_proposals_under_dst_ic_impact_indo_canada_joint_research_programmes,E Rajasekar,"['E Rajasekar', 'V Devadas', 'Prabhjot Singh Chani', 'Jitin Singla', 'Bijan Choudhury']"
v0_092_call_for_proposals_under_dst_ic_impact_indo_canada_joint_research_programmes,Ram Sateesh Pasupuleti,"['Ram Sateesh Pasupuleti', 'V Devadas', 'Prabhjot Singh Chani', 'Jitin Singla', 'Bijan Choudhury']"
v0_092_call_for_proposals_under_dst_ic_impact_indo_canada_joint_research_programmes,Saptarshi Kolay,"['Saptarshi Kolay', 'V Devadas', 'Prabhjot Singh Chani', 'Jitin Singla', 'Bijan Choudhury']"
v0_092_call_for_proposals_under_dst_ic_impact_indo_canada_joint_research_programmes,Shubhajit Sadhukhan,"['Shubhajit Sadhukhan', 'V Devadas', 'Prabhjot Singh Chani', 'Jitin Singla', 'Bijan Choudhury']"
v0_092_call_for_proposals_under_dst_ic_impact_indo_canada_joint_research_programmes,Smriti Saraswat,"['Smriti Saraswat', 'V Devadas', 'Prabhjot Singh Chani', 'Jitin Singla', 'Bijan Choudhury']"
v0_092_call_for_proposals_under_dst_ic_impact_indo_canada_joint_research_programmes,Sonal Atreya,"['Sonal Atreya', 'V Devadas', 'Prabhjot Singh Chani', 'Jitin Singla', 'Bijan Choudhury']"
v0_092_call_for_proposals_under_dst_ic_impact_indo_canada_joint_research_programmes,Tina Pujara,"['Tina Pujara', 'V Devadas', 'Prabhjot Singh Chani', 'Jitin Singla', 'Bijan Choudhury']"
v0_092_call_for_proposals_under_dst_ic_impact_indo_canada_joint_research_programmes,Uttam Kumar Roy,"['Uttam Kumar Roy', 'V Devadas', 'Prabhjot Singh Chani', 'Jitin Singla', 'Bijan Choudhury']"
v0_092_call_for_proposals_under_dst_ic_impact_indo_canada_joint_research_programmes,V Devadas,"['V Devadas', 'Prabhjot Singh Chani', 'Jitin Singla', 'Bijan Choudhury', 'Ashwani Kumar Sharma']"
v0_092_call_for_proposals_under_dst_ic_impact_indo_canada_joint_research_programmes,Jaydev Dabas,"['Jaydev Dabas', 'V Devadas', 'Prabhjot Singh Chani', 'Jitin Singla', 'Bijan Choudhury']"
v0_092_call_for_proposals_under_dst_ic_impact_indo_canada_joint_research_programmes,Millie Pant,"['Millie Pant', 'V Devadas', 'Prabhjot Singh Chani', 'Jitin Singla', 'Bijan Choudhury']"
v0_092_call_for_proposals_under_dst_ic_impact_indo_canada_joint_research_programmes,Rajan Arora,"['Rajan Arora', 'V Devadas', 'Prabhjot Singh Chani', 'Jitin Singla', 'Bijan Choudhury']"
v0_092_call_for_proposals_under_dst_ic_impact_indo_canada_joint_research_programmes,Ashwani Kumar Sharma,"['Ashwani Kumar Sharma', 'V Devadas', 'Prabhjot Singh Chani', 'Jitin Singla', 'Bijan Choudhury']"
v0_092_call_for_proposals_under_dst_ic_impact_indo_canada_joint_research_programmes,Bijan Choudhury,"['Bijan Choudhury', 'V Devadas', 'Prabhjot Singh Chani', 'Jitin Singla', 'Ashwani Kumar Sharma']"
v0_092_call_for_proposals_under_dst_ic_impact_indo_canada_joint_research_programmes,Debabrata Sircar,"['Debabrata Sircar', 'V Devadas', 'Prabhjot Singh Chani', 'Jitin Singla', 'Bijan Choudhury']"
v0_092_call_for_proposals_under_dst_ic_impact_indo_canada_joint_research_programmes,Deepak Sharma,"['Deepak Sharma', 'V Devadas', 'Prabhjot Singh Chani', 'Jitin Singla', 'Bijan Choudhury']"
v0_092_call_for_proposals_under_dst_ic_impact_indo_canada_joint_research_programmes,P Gopinath,"['P Gopinath', 'V Devadas', 'Prabhjot Singh Chani', 'Jitin Singla', 'Bijan Choudhury']"
v0_092_call_for_proposals_under_dst_ic_impact_indo_canada_joint_research_programmes,Harsh Chauhan,"['Harsh Chauhan', 'V Devadas', 'Prabhjot Singh Chani', 'Jitin Singla', 'Bijan Choudhury']"
v0_092_call_for_proposals_under_dst_ic_impact_indo_canada_joint_research_programmes,Srinivas Kiran Ambatipudi,"['Srinivas Kiran Ambatipudi', 'V Devadas', 'Prabhjot Singh Chani', 'Jitin Singla', 'Bijan Choudhury']"
v0_092_call_for_proposals_under_dst_ic_impact_indo_canada_joint_research_programmes,Krishna Mohan Poluri,"['Krishna Mohan Poluri', 'V Devadas', 'Prabhjot Singh Chani', 'Jitin Singla', 'Bijan Choudhury']"
v0_092_call_for_proposals_under_dst_ic_impact_indo_canada_joint_research_programmes,Maya S.Nair,"['Maya S.Nair', 'V Devadas', 'Prabhjot Singh Chani', 'Jitin Singla', 'Bijan Choudhury']"
v0_092_call_for_proposals_under_dst_ic_impact_indo_canada_joint_research_programmes,N K Navani,"['N K Navani', 'V Devadas', 'Prabhjot Singh Chani', 'Jitin Singla', 'Bijan Choudhury']"
v0_092_call_for_proposals_under_dst_ic_impact_indo_canada_joint_research_programmes,Partha Roy,"['Partha Roy', 'V Devadas', 'Prabhjot Singh Chani', 'Jitin Singla', 'Bijan Choudhury']"
v0_092_call_for_proposals_under_dst_ic_impact_indo_canada_joint_research_programmes,Poonam Choudhary,"['Poonam Choudhary', 'V Devadas', 'Prabhjot Singh Chani', 'Jitin Singla', 'Bijan Choudhury']"
v0_092_call_for_proposals_under_dst_ic_impact_indo_canada_joint_research_programmes,Prabhat Kumar Mandal,"['Prabhat Kumar Mandal', 'V Devadas', 'Prabhjot Singh Chani', 'Jitin Singla', 'Bijan Choudhury']"
v0_092_call_for_proposals_under_dst_ic_impact_indo_canada_joint_research_programmes,Pranita P Sarangi,"['Pranita P Sarangi', 'V Devadas', 'Prabhjot Singh Chani', 'Jitin Singla', 'Bijan Choudhury']"
v0_092_call_for_proposals_under_dst_ic_impact_indo_canada_joint_research_programmes,Pravindra Kumar,"['Pravindra Kumar', 'V Devadas', 'Prabhjot Singh Chani', 'Jitin Singla', 'Bijan Choudhury']"
v0_092_call_for_proposals_under_dst_ic_impact_indo_canada_joint_research_programmes,Prince Tiwari,"['Prince Tiwari', 'V Devadas', 'Prabhjot Singh Chani', 'Jitin Singla', 'Bijan Choudhury']"
v0_092_call_for_proposals_under_dst_ic_impact_indo_canada_joint_research_programmes,R. P. Singh,"['R. P. Singh', 'V Devadas', 'Prabhjot Singh Chani', 'Jitin Singla', 'Bijan Choudhury']"
v0_092_call_for_proposals_under_dst_ic_impact_indo_canada_joint_research_programmes,Ramasare Prasad,"['Ramasare Prasad', 'V Devadas', 'Prabhjot Singh Chani', 'Jitin Singla', 'Bijan Choudhury']"
v0_092_call_for_proposals_under_dst_ic_impact_indo_canada_joint_research_programmes,Ranjana Pathania,"['Ranjana Pathania', 'V Devadas', 'Prabhjot Singh Chani', 'Jitin Singla', 'Bijan Choudhury']"
v0_092_call_for_proposals_under_dst_ic_impact_indo_canada_joint_research_programmes,Sanjoy Ghosh,"['Sanjoy Ghosh', 'V Devadas', 'Prabhjot Singh Chani', 'Jitin Singla', 'Bijan Choudhury']"
v0_092_call_for_proposals_under_dst_ic_impact_indo_canada_joint_research_programmes,Saugata Hazra,"['Saugata Hazra', 'V Devadas', 'Prabhjot Singh Chani', 'Jitin Singla', 'Bijan Choudhury']"
v0_092_call_for_proposals_under_dst_ic_impact_indo_canada_joint_research_programmes,Shailly Tomar,"['Shailly Tomar', 'V Devadas', 'Prabhjot Singh Chani', 'Jitin Singla', 'Bijan Choudhury']"
v0_092_call_for_proposals_under_dst_ic_impact_indo_canada_joint_research_programmes,Shri Ram Yadav,"['Shri Ram Yadav', 'V Devadas', 'Prabhjot Singh Chani', 'Jitin Singla', 'Bijan Choudhury']"
v0_092_call_for_proposals_under_dst_ic_impact_indo_canada_joint_research_programmes,Soma Rohatgi,"['Soma Rohatgi', 'V Devadas', 'Prabhjot Singh Chani', 'Jitin Singla', 'Bijan Choudhury']"
v0_092_call_for_proposals_under_dst_ic_impact_indo_canada_joint_research_programmes,Sachin Suresh Tiwari,"['Sachin Suresh Tiwari', 'V Devadas', 'Prabhjot Singh Chani', 'Jitin Singla', 'Bijan Choudhury']"
v0_092_call_for_proposals_under_dst_ic_impact_indo_canada_joint_research_programmes,Jitin Singla,"['Jitin Singla', 'V Devadas', 'Prabhjot Singh Chani', 'Bijan Choudhury', 'Ashwani Kumar Sharma']"
v0_092_call_for_proposals_under_dst_ic_impact_indo_canada_joint_research_programmes,Rajesh Kumar,"['Rajesh Kumar', 'V Devadas', 'Prabhjot Singh Chani', 'Jitin Singla', 'Bijan Choudhury']"
v0_092_call_for_proposals_under_dst_ic_impact_indo_canada_joint_research_programmes,Akhil Upadhyay,"['Akhil Upadhyay', 'V Devadas', 'Prabhjot Singh Chani', 'Jitin Singla', 'Bijan Choudhury']"
v0_093_2019_brics_calls_for_proposals_for_multilateral_rd_projects,Arindam Biswas,"['Arindam Biswas', 'Tina Pujara', 'Shailly Tomar', 'Ranjana Pathania', 'Ram Sateesh Pasupuleti']"
v0_093_2019_brics_calls_for_proposals_for_multilateral_rd_projects,Avlokita Agrawal,"['Avlokita Agrawal', 'Tina Pujara', 'Shailly Tomar', 'Ranjana Pathania', 'Ram Sateesh Pasupuleti']"
v0_093_2019_brics_calls_for_proposals_for_multilateral_rd_projects,Gaurav Raheja,"['Gaurav Raheja', 'Tina Pujara', 'Shailly Tomar', 'Ranjana Pathania', 'Ram Sateesh Pasupuleti']"
v0_093_2019_brics_calls_for_proposals_for_multilateral_rd_projects,Harshit Sosan Lakra,"['Harshit Sosan Lakra', 'Tina Pujara', 'Shailly Tomar', 'Ranjana Pathania', 'Ram Sateesh Pasupuleti']"
v0_093_2019_brics_calls_for_proposals_for_multilateral_rd_projects,Mahua Mukherjee,"['Mahua Mukherjee', 'Tina Pujara', 'Shailly Tomar', 'Ranjana Pathania', 'Ram Sateesh Pasupuleti']"
v0_093_2019_brics_calls_for_proposals_for_multilateral_rd_projects,Prabhjot Singh Chani,"['Prabhjot Singh Chani', 'Tina Pujara', 'Shailly Tomar', 'Ranjana Pathania', 'Ram Sateesh Pasupuleti']"
v0_093_2019_brics_calls_for_proposals_for_multilateral_rd_projects,E Rajasekar,"['E Rajasekar', 'Tina Pujara', 'Shailly Tomar', 'Ranjana Pathania', 'Ram Sateesh Pasupuleti']"
v0_093_2019_brics_calls_for_proposals_for_multilateral_rd_projects,Ram Sateesh Pasupuleti,"['Ram Sateesh Pasupuleti', 'Tina Pujara', 'Shailly Tomar', 'Ranjana Pathania', 'Rajan Arora']"
v0_093_2019_brics_calls_for_proposals_for_multilateral_rd_projects,Saptarshi Kolay,"['Saptarshi Kolay', 'Tina Pujara', 'Shailly Tomar', 'Ranjana Pathania', 'Ram Sateesh Pasupuleti']"
v0_093_2019_brics_calls_for_proposals_for_multilateral_rd_projects,Shubhajit Sadhukhan,"['Shubhajit Sadhukhan', 'Tina Pujara', 'Shailly Tomar', 'Ranjana Pathania', 'Ram Sateesh Pasupuleti']"
v0_093_2019_brics_calls_for_proposals_for_multilateral_rd_projects,Smriti Saraswat,"['Smriti Saraswat', 'Tina Pujara', 'Shailly Tomar', 'Ranjana Pathania', 'Ram Sateesh Pasupuleti']"
v0_093_2019_brics_calls_for_proposals_for_multilateral_rd_projects,Sonal Atreya,"['Sonal Atreya', 'Tina Pujara', 'Shailly Tomar', 'Ranjana Pathania', 'Ram Sateesh Pasupuleti']"
v0_093_2019_brics_calls_for_proposals_for_multilateral_rd_projects,Tina Pujara,"['Tina Pujara', 'Shailly Tomar', 'Ranjana Pathania', 'Ram Sateesh Pasupuleti', 'Rajan Arora']"
v0_093_2019_brics_calls_for_proposals_for_multilateral_rd_projects,Uttam Kumar Roy,"['Uttam Kumar Roy', 'Tina Pujara', 'Shailly Tomar', 'Ranjana Pathania', 'Ram Sateesh Pasupuleti']"
v0_093_2019_brics_calls_for_proposals_for_multilateral_rd_projects,V Devadas,"['V Devadas', 'Tina Pujara', 'Shailly Tomar', 'Ranjana Pathania', 'Ram Sateesh Pasupuleti']"
v0_093_2019_brics_calls_for_proposals_for_multilateral_rd_projects,Jaydev Dabas,"['Jaydev Dabas', 'Tina Pujara', 'Shailly Tomar', 'Ranjana Pathania', 'Ram Sateesh Pasupuleti']"
v0_093_2019_brics_calls_for_proposals_for_multilateral_rd_projects,Millie Pant,"['Millie Pant', 'Tina Pujara', 'Shailly Tomar', 'Ranjana Pathania', 'Ram Sateesh Pasupuleti']"
v0_093_2019_brics_calls_for_proposals_for_multilateral_rd_projects,Rajan Arora,"['Rajan Arora', 'Tina Pujara', 'Shailly Tomar', 'Ranjana Pathania', 'Ram Sateesh Pasupuleti']"
v0_093_2019_brics_calls_for_proposals_for_multilateral_rd_projects,Ashwani Kumar Sharma,"['Ashwani Kumar Sharma', 'Tina Pujara', 'Shailly Tomar', 'Ranjana Pathania', 'Ram Sateesh Pasupuleti']"
v0_093_2019_brics_calls_for_proposals_for_multilateral_rd_projects,Bijan Choudhury,"['Bijan Choudhury', 'Tina Pujara', 'Shailly Tomar', 'Ranjana Pathania', 'Ram Sateesh Pasupuleti']"
v0_093_2019_brics_calls_for_proposals_for_multilateral_rd_projects,Debabrata Sircar,"['Debabrata Sircar', 'Tina Pujara', 'Shailly Tomar', 'Ranjana Pathania', 'Ram Sateesh Pasupuleti']"
v0_093_2019_brics_calls_for_proposals_for_multilateral_rd_projects,Deepak Sharma,"['Deepak Sharma', 'Tina Pujara', 'Shailly Tomar', 'Ranjana Pathania', 'Ram Sateesh Pasupuleti']"
v0_093_2019_brics_calls_for_proposals_for_multilateral_rd_projects,P Gopinath,"['P Gopinath', 'Tina Pujara', 'Shailly Tomar', 'Ranjana Pathania', 'Ram Sateesh Pasupuleti']"
v0_093_2019_brics_calls_for_proposals_for_multilateral_rd_projects,Harsh Chauhan,"['Harsh Chauhan', 'Tina Pujara', 'Shailly Tomar', 'Ranjana Pathania', 'Ram Sateesh Pasupuleti']"
v0_093_2019_brics_calls_for_proposals_for_multilateral_rd_projects,Srinivas Kiran Ambatipudi,"['Srinivas Kiran Ambatipudi', 'Tina Pujara', 'Shailly Tomar', 'Ranjana Pathania', 'Ram Sateesh Pasupuleti']"
v0_093_2019_brics_calls_for_proposals_for_multilateral_rd_projects,Krishna Mohan Poluri,"['Krishna Mohan Poluri', 'Tina Pujara', 'Shailly Tomar', 'Ranjana Pathania', 'Ram Sateesh Pasupuleti']"
v0_093_2019_brics_calls_for_proposals_for_multilateral_rd_projects,Maya S.Nair,"['Maya S.Nair', 'Tina Pujara', 'Shailly Tomar', 'Ranjana Pathania', 'Ram Sateesh Pasupuleti']"
v0_093_2019_brics_calls_for_proposals_for_multilateral_rd_projects,N K Navani,"['N K Navani', 'Tina Pujara', 'Shailly Tomar', 'Ranjana Pathania', 'Ram Sateesh Pasupuleti']"
v0_093_2019_brics_calls_for_proposals_for_multilateral_rd_projects,Partha Roy,"['Partha Roy', 'Tina Pujara', 'Shailly Tomar', 'Ranjana Pathania', 'Ram Sateesh Pasupuleti']"
v0_093_2019_brics_calls_for_proposals_for_multilateral_rd_projects,Poonam Choudhary,"['Poonam Choudhary', 'Tina Pujara', 'Shailly Tomar', 'Ranjana Pathania', 'Ram Sateesh Pasupuleti']"
v0_093_2019_brics_calls_for_proposals_for_multilateral_rd_projects,Prabhat Kumar Mandal,"['Prabhat Kumar Mandal', 'Tina Pujara', 'Shailly Tomar', 'Ranjana Pathania', 'Ram Sateesh Pasupuleti']"
v0_093_2019_brics_calls_for_proposals_for_multilateral_rd_projects,Pranita P Sarangi,"['Pranita P Sarangi', 'Tina Pujara', 'Shailly Tomar', 'Ranjana Pathania', 'Ram Sateesh Pasupuleti']"
v0_093_2019_brics_calls_for_proposals_for_multilateral_rd_projects,Pravindra Kumar,"['Pravindra Kumar', 'Tina Pujara', 'Shailly Tomar', 'Ranjana Pathania', 'Ram Sateesh Pasupuleti']"
v0_093_2019_brics_calls_for_proposals_for_multilateral_rd_projects,Prince Tiwari,"['Prince Tiwari', 'Tina Pujara', 'Shailly Tomar', 'Ranjana Pathania', 'Ram Sateesh Pasupuleti']"
v0_093_2019_brics_calls_for_proposals_for_multilateral_rd_projects,R. P. Singh,"['R. P. Singh', 'Tina Pujara', 'Shailly Tomar', 'Ranjana Pathania', 'Ram Sateesh Pasupuleti']"
v0_093_2019_brics_calls_for_proposals_for_multilateral_rd_projects,Ramasare Prasad,"['Ramasare Prasad', 'Tina Pujara', 'Shailly Tomar', 'Ranjana Pathania', 'Ram Sateesh Pasupuleti']"
v0_093_2019_brics_calls_for_proposals_for_multilateral_rd_projects,Ranjana Pathania,"['Ranjana Pathania', 'Tina Pujara', 'Shailly Tomar', 'Ram Sateesh Pasupuleti', 'Rajan Arora']"
v0_093_2019_brics_calls_for_proposals_for_multilateral_rd_projects,Sanjoy Ghosh,"['Sanjoy Ghosh', 'Tina Pujara', 'Shailly Tomar', 'Ranjana Pathania', 'Ram Sateesh Pasupuleti']"
v0_093_2019_brics_calls_for_proposals_for_multilateral_rd_projects,Saugata Hazra,"['Saugata Hazra', 'Tina Pujara', 'Shailly Tomar', 'Ranjana Pathania', 'Ram Sateesh Pasupuleti']"
v0_093_2019_brics_calls_for_proposals_for_multilateral_rd_projects,Shailly Tomar,"['Shailly Tomar', 'Tina Pujara', 'Ranjana Pathania', 'Ram Sateesh Pasupuleti', 'Rajan Arora']"
v0_093_2019_brics_calls_for_proposals_for_multilateral_rd_projects,Shri Ram Yadav,"['Shri Ram Yadav', 'Tina Pujara', 'Shailly Tomar', 'Ranjana Pathania', 'Ram Sateesh Pasupuleti']"
v0_093_2019_brics_calls_for_proposals_for_multilateral_rd_projects,Soma Rohatgi,"['Soma Rohatgi', 'Tina Pujara', 'Shailly Tomar', 'Ranjana Pathania', 'Ram Sateesh Pasupuleti']"
v0_093_2019_brics_calls_for_proposals_for_multilateral_rd_projects,Sachin Suresh Tiwari,"['Sachin Suresh Tiwari', 'Tina Pujara', 'Shailly Tomar', 'Ranjana Pathania', 'Ram Sateesh Pasupuleti']"
v0_093_2019_brics_calls_for_proposals_for_multilateral_rd_projects,Jitin Singla,"['Jitin Singla', 'Tina Pujara', 'Shailly Tomar', 'Ranjana Pathania', 'Ram Sateesh Pasupuleti']"
v0_093_2019_brics_calls_for_proposals_for_multilateral_rd_projects,Rajesh Kumar,"['Rajesh Kumar', 'Tina Pujara', 'Shailly Tomar', 'Ranjana Pathania', 'Ram Sateesh Pasupuleti']"
v0_093_2019_brics_calls_for_proposals_for_multilateral_rd_projects,Akhil Upadhyay,"['Akhil Upadhyay', 'Tina Pujara', 'Shailly Tomar', 'Ranjana Pathania', 'Ram Sateesh Pasupuleti']"
v0_094_global_cooling_prize,Arindam Biswas,"['Arindam Biswas', 'Smriti Saraswat', 'Shailly Tomar', 'Sachin Suresh Tiwari', 'Ramasare Prasad']"
v0_094_global_cooling_prize,Avlokita Agrawal,"['Avlokita Agrawal', 'Smriti Saraswat', 'Shailly Tomar', 'Sachin Suresh Tiwari', 'Ramasare Prasad']"
v0_094_global_cooling_prize,Gaurav Raheja,"['Gaurav Raheja', 'Smriti Saraswat', 'Shailly Tomar', 'Sachin Suresh Tiwari', 'Ramasare Prasad']"
v0_094_global_cooling_prize,Harshit Sosan Lakra,"['Harshit Sosan Lakra', 'Smriti Saraswat', 'Shailly Tomar', 'Sachin Suresh Tiwari', 'Ramasare Prasad']"
v0_094_global_cooling_prize,Mahua Mukherjee,"['Mahua Mukherjee', 'Smriti Saraswat', 'Shailly Tomar', 'Sachin Suresh Tiwari', 'Ramasare Prasad']"
v0_094_global_cooling_prize,Prabhjot Singh Chani,"['Prabhjot Singh Chani', 'Smriti Saraswat', 'Shailly Tomar', 'Sachin Suresh Tiwari', 'Ramasare Prasad']"
v0_094_global_cooling_prize,E Rajasekar,"['E Rajasekar', 'Smriti Saraswat', 'Shailly Tomar', 'Sachin Suresh Tiwari', 'Ramasare Prasad']"
v0_094_global_cooling_prize,Ram Sateesh Pasupuleti,"['Ram Sateesh Pasupuleti', 'Smriti Saraswat', 'Shailly Tomar', 'Sachin Suresh Tiwari', 'Ramasare Prasad']"
v0_094_global_cooling_prize,Saptarshi Kolay,"['Saptarshi Kolay', 'Smriti Saraswat', 'Shailly Tomar', 'Sachin Suresh Tiwari', 'Ramasare Prasad']"
v0_094_global_cooling_prize,Shubhajit Sadhukhan,"['Shubhajit Sadhukhan', 'Smriti Saraswat', 'Shailly Tomar', 'Sachin Suresh Tiwari', 'Ramasare Prasad']"
v0_094_global_cooling_prize,Smriti Saraswat,"['Smriti Saraswat', 'Shailly Tomar', 'Sachin Suresh Tiwari', 'Ramasare Prasad', 'E Rajasekar']"
v0_094_global_cooling_prize,Sonal Atreya,"['Sonal Atreya', 'Smriti Saraswat', 'Shailly Tomar', 'Sachin Suresh Tiwari', 'Ramasare Prasad']"
v0_094_global_cooling_prize,Tina Pujara,"['Tina Pujara', 'Smriti Saraswat', 'Shailly Tomar', 'Sachin Suresh Tiwari', 'Ramasare Prasad']"
v0_094_global_cooling_prize,Uttam Kumar Roy,"['Uttam Kumar Roy', 'Smriti Saraswat', 'Shailly Tomar', 'Sachin Suresh Tiwari', 'Ramasare Prasad']"
v0_094_global_cooling_prize,V Devadas,"['V Devadas', 'Smriti Saraswat', 'Shailly Tomar', 'Sachin Suresh Tiwari', 'Ramasare Prasad']"
v0_094_global_cooling_prize,Jaydev Dabas,"['Jaydev Dabas', 'Smriti Saraswat', 'Shailly Tomar', 'Sachin Suresh Tiwari', 'Ramasare Prasad']"
v0_094_global_cooling_prize,Millie Pant,"['Millie Pant', 'Smriti Saraswat', 'Shailly Tomar', 'Sachin Suresh Tiwari', 'Ramasare Prasad']"
v0_094_global_cooling_prize,Rajan Arora,"['Rajan Arora', 'Smriti Saraswat', 'Shailly Tomar', 'Sachin Suresh Tiwari', 'Ramasare Prasad']"
v0_094_global_cooling_prize,Ashwani Kumar Sharma,"['Ashwani Kumar Sharma', 'Smriti Saraswat', 'Shailly Tomar', 'Sachin Suresh Tiwari', 'Ramasare Prasad']"
v0_094_global_cooling_prize,Bijan Choudhury,"['Bijan Choudhury', 'Smriti Saraswat', 'Shailly Tomar', 'Sachin Suresh Tiwari', 'Ramasare Prasad']"
v0_094_global_cooling_prize,Debabrata Sircar,"['Debabrata Sircar', 'Smriti Saraswat', 'Shailly Tomar', 'Sachin Suresh Tiwari', 'Ramasare Prasad']"
v0_094_global_cooling_prize,Deepak Sharma,"['Deepak Sharma', 'Smriti Saraswat', 'Shailly Tomar', 'Sachin Suresh Tiwari', 'Ramasare Prasad']"
v0_094_global_cooling_prize,P Gopinath,"['P Gopinath', 'Smriti Saraswat', 'Shailly Tomar', 'Sachin Suresh Tiwari', 'Ramasare Prasad']"
v0_094_global_cooling_prize,Harsh Chauhan,"['Harsh Chauhan', 'Smriti Saraswat', 'Shailly Tomar', 'Sachin Suresh Tiwari', 'Ramasare Prasad']"
v0_094_global_cooling_prize,Srinivas Kiran Ambatipudi,"['Srinivas Kiran Ambatipudi', 'Smriti Saraswat', 'Shailly Tomar', 'Sachin Suresh Tiwari', 'Ramasare Prasad']"
v0_094_global_cooling_prize,Krishna Mohan Poluri,"['Krishna Mohan Poluri', 'Smriti Saraswat', 'Shailly Tomar', 'Sachin Suresh Tiwari', 'Ramasare Prasad']"
v0_094_global_cooling_prize,Maya S.Nair,"['Maya S.Nair', 'Smriti Saraswat', 'Shailly Tomar', 'Sachin Suresh Tiwari', 'Ramasare Prasad']"
v0_094_global_cooling_prize,N K Navani,"['N K Navani', 'Smriti Saraswat', 'Shailly Tomar', 'Sachin Suresh Tiwari', 'Ramasare Prasad']"
v0_094_global_cooling_prize,Partha Roy,"['Partha Roy', 'Smriti Saraswat', 'Shailly Tomar', 'Sachin Suresh Tiwari', 'Ramasare Prasad']"
v0_094_global_cooling_prize,Poonam Choudhary,"['Poonam Choudhary', 'Smriti Saraswat', 'Shailly Tomar', 'Sachin Suresh Tiwari', 'Ramasare Prasad']"
v0_094_global_cooling_prize,Prabhat Kumar Mandal,"['Prabhat Kumar Mandal', 'Smriti Saraswat', 'Shailly Tomar', 'Sachin Suresh Tiwari', 'Ramasare Prasad']"
v0_094_global_cooling_prize,Pranita P Sarangi,"['Pranita P Sarangi', 'Smriti Saraswat', 'Shailly Tomar', 'Sachin Suresh Tiwari', 'Ramasare Prasad']"
v0_094_global_cooling_prize,Pravindra Kumar,"['Pravindra Kumar', 'Smriti Saraswat', 'Shailly Tomar', 'Sachin Suresh Tiwari', 'Ramasare Prasad']"
v0_094_global_cooling_prize,Prince Tiwari,"['Prince Tiwari', 'Smriti Saraswat', 'Shailly Tomar', 'Sachin Suresh Tiwari', 'Ramasare Prasad']"
v0_094_global_cooling_prize,R. P. Singh,"['R. P. Singh', 'Smriti Saraswat', 'Shailly Tomar', 'Sachin Suresh Tiwari', 'Ramasare Prasad']"
v0_094_global_cooling_prize,Ramasare Prasad,"['Ramasare Prasad', 'Smriti Saraswat', 'Shailly Tomar', 'Sachin Suresh Tiwari', 'E Rajasekar']"
v0_094_global_cooling_prize,Ranjana Pathania,"['Ranjana Pathania', 'Smriti Saraswat', 'Shailly Tomar', 'Sachin Suresh Tiwari', 'Ramasare Prasad']"
v0_094_global_cooling_prize,Sanjoy Ghosh,"['Sanjoy Ghosh', 'Smriti Saraswat', 'Shailly Tomar', 'Sachin Suresh Tiwari', 'Ramasare Prasad']"
v0_094_global_cooling_prize,Saugata Hazra,"['Saugata Hazra', 'Smriti Saraswat', 'Shailly Tomar', 'Sachin Suresh Tiwari', 'Ramasare Prasad']"
v0_094_global_cooling_prize,Shailly Tomar,"['Shailly Tomar', 'Smriti Saraswat', 'Sachin Suresh Tiwari', 'Ramasare Prasad', 'E Rajasekar']"
v0_094_global_cooling_prize,Shri Ram Yadav,"['Shri Ram Yadav', 'Smriti Saraswat', 'Shailly Tomar', 'Sachin Suresh Tiwari', 'Ramasare Prasad']"
v0_094_global_cooling_prize,Soma Rohatgi,"['Soma Rohatgi', 'Smriti Saraswat', 'Shailly Tomar', 'Sachin Suresh Tiwari', 'Ramasare Prasad']"
v0_094_global_cooling_prize,Sachin Suresh Tiwari,"['Sachin Suresh Tiwari', 'Smriti Saraswat', 'Shailly Tomar', 'Ramasare Prasad', 'E Rajasekar']"
v0_094_global_cooling_prize,Jitin Singla,"['Jitin Singla', 'Smriti Saraswat', 'Shailly Tomar', 'Sachin Suresh Tiwari', 'Ramasare Prasad']"
v0_094_global_cooling_prize,Rajesh Kumar,"['Rajesh Kumar', 'Smriti Saraswat', 'Shailly Tomar', 'Sachin Suresh Tiwari', 'Ramasare Prasad']"
v0_094_global_cooling_prize,Akhil Upadhyay,"['Akhil Upadhyay', 'Smriti Saraswat', 'Shailly Tomar', 'Sachin Suresh Tiwari', 'Ramasare Prasad']"
v0_095_wti_call_2019_research_technology_innovation_on_nexus_of_water_with_energy_food_and_health,Arindam Biswas,"['Arindam Biswas', 'Saptarshi Kolay', 'Rajesh Kumar', 'Poonam Choudhary', 'Deepak Sharma']"
v0_095_wti_call_2019_research_technology_innovation_on_nexus_of_water_with_energy_food_and_health,Avlokita Agrawal,"['Avlokita Agrawal', 'Saptarshi Kolay', 'Rajesh Kumar', 'Poonam Choudhary', 'Deepak Sharma']"
v0_095_wti_call_2019_research_technology_innovation_on_nexus_of_water_with_energy_food_and_health,Gaurav Raheja,"['Gaurav Raheja', 'Saptarshi Kolay', 'Rajesh Kumar', 'Poonam Choudhary', 'Deepak Sharma']"
v0_095_wti_call_2019_research_technology_innovation_on_nexus_of_water_with_energy_food_and_health,Harshit Sosan Lakra,"['Harshit Sosan Lakra', 'Saptarshi Kolay', 'Rajesh Kumar', 'Poonam Choudhary', 'Deepak Sharma']"
v0_095_wti_call_2019_research_technology_innovation_on_nexus_of_water_with_energy_food_and_health,Mahua Mukherjee,"['Mahua Mukherjee', 'Saptarshi Kolay', 'Rajesh Kumar', 'Poonam Choudhary', 'Deepak Sharma']"
v0_095_wti_call_2019_research_technology_innovation_on_nexus_of_water_with_energy_food_and_health,Prabhjot Singh Chani,"['Prabhjot Singh Chani', 'Saptarshi Kolay', 'Rajesh Kumar', 'Poonam Choudhary', 'Deepak Sharma']"
v0_095_wti_call_2019_research_technology_innovation_on_nexus_of_water_with_energy_food_and_health,E Rajasekar,"['E Rajasekar', 'Saptarshi Kolay', 'Rajesh Kumar', 'Poonam Choudhary', 'Deepak Sharma']"
v0_095_wti_call_2019_research_technology_innovation_on_nexus_of_water_with_energy_food_and_health,Ram Sateesh Pasupuleti,"['Ram Sateesh Pasupuleti', 'Saptarshi Kolay', 'Rajesh Kumar', 'Poonam Choudhary', 'Deepak Sharma']"
v0_095_wti_call_2019_research_technology_innovation_on_nexus_of_water_with_energy_food_and_health,Saptarshi Kolay,"['Saptarshi Kolay', 'Rajesh Kumar', 'Poonam Choudhary', 'Deepak Sharma']"
v0_095_wti_call_2019_research_technology_innovation_on_nexus_of_water_with_energy_food_and_health,Shubhajit Sadhukhan,"['Shubhajit Sadhukhan', 'Saptarshi Kolay', 'Rajesh Kumar', 'Poonam Choudhary', 'Deepak Sharma']"
v0_095_wti_call_2019_research_technology_innovation_on_nexus_of_water_with_energy_food_and_health,Smriti Saraswat,"['Smriti Saraswat', 'Saptarshi Kolay', 'Rajesh Kumar', 'Poonam Choudhary', 'Deepak Sharma']"
v0_095_wti_call_2019_research_technology_innovation_on_nexus_of_water_with_energy_food_and_health,Sonal Atreya,"['Sonal Atreya', 'Saptarshi Kolay', 'Rajesh Kumar', 'Poonam Choudhary', 'Deepak Sharma']"
v0_095_wti_call_2019_research_technology_innovation_on_nexus_of_water_with_energy_food_and_health,Tina Pujara,"['Tina Pujara', 'Saptarshi Kolay', 'Rajesh Kumar', 'Poonam Choudhary', 'Deepak Sharma']"
v0_095_wti_call_2019_research_technology_innovation_on_nexus_of_water_with_energy_food_and_health,Uttam Kumar Roy,"['Uttam Kumar Roy', 'Saptarshi Kolay', 'Rajesh Kumar', 'Poonam Choudhary', 'Deepak Sharma']"
v0_095_wti_call_2019_research_technology_innovation_on_nexus_of_water_with_energy_food_and_health,V Devadas,"['V Devadas', 'Saptarshi Kolay', 'Rajesh Kumar', 'Poonam Choudhary', 'Deepak Sharma']"
v0_095_wti_call_2019_research_technology_innovation_on_nexus_of_water_with_energy_food_and_health,Jaydev Dabas,"['Jaydev Dabas', 'Saptarshi Kolay', 'Rajesh Kumar', 'Poonam Choudhary', 'Deepak Sharma']"
v0_095_wti_call_2019_research_technology_innovation_on_nexus_of_water_with_energy_food_and_health,Millie Pant,"['Millie Pant', 'Saptarshi Kolay', 'Rajesh Kumar', 'Poonam Choudhary', 'Deepak Sharma']"
v0_095_wti_call_2019_research_technology_innovation_on_nexus_of_water_with_energy_food_and_health,Rajan Arora,"['Rajan Arora', 'Saptarshi Kolay', 'Rajesh Kumar', 'Poonam Choudhary', 'Deepak Sharma']"
v0_095_wti_call_2019_research_technology_innovation_on_nexus_of_water_with_energy_food_and_health,Ashwani Kumar Sharma,"['Ashwani Kumar Sharma', 'Saptarshi Kolay', 'Rajesh Kumar', 'Poonam Choudhary', 'Deepak Sharma']"
v0_095_wti_call_2019_research_technology_innovation_on_nexus_of_water_with_energy_food_and_health,Bijan Choudhury,"['Bijan Choudhury', 'Saptarshi Kolay', 'Rajesh Kumar', 'Poonam Choudhary', 'Deepak Sharma']"
v0_095_wti_call_2019_research_technology_innovation_on_nexus_of_water_with_energy_food_and_health,Debabrata Sircar,"['Debabrata Sircar', 'Saptarshi Kolay', 'Rajesh Kumar', 'Poonam Choudhary', 'Deepak Sharma']"
v0_095_wti_call_2019_research_technology_innovation_on_nexus_of_water_with_energy_food_and_health,Deepak Sharma,"['Deepak Sharma', 'Saptarshi Kolay', 'Rajesh Kumar', 'Poonam Choudhary']"
v0_095_wti_call_2019_research_technology_innovation_on_nexus_of_water_with_energy_food_and_health,P Gopinath,"['P Gopinath', 'Saptarshi Kolay', 'Rajesh Kumar', 'Poonam Choudhary', 'Deepak Sharma']"
v0_095_wti_call_2019_research_technology_innovation_on_nexus_of_water_with_energy_food_and_health,Harsh Chauhan,"['Harsh Chauhan', 'Saptarshi Kolay', 'Rajesh Kumar', 'Poonam Choudhary', 'Deepak Sharma']"
v0_095_wti_call_2019_research_technology_innovation_on_nexus_of_water_with_energy_food_and_health,Srinivas Kiran Ambatipudi,"['Srinivas Kiran Ambatipudi', 'Saptarshi Kolay', 'Rajesh Kumar', 'Poonam Choudhary', 'Deepak Sharma']"
v0_095_wti_call_2019_research_technology_innovation_on_nexus_of_water_with_energy_food_and_health,Krishna Mohan Poluri,"['Krishna Mohan Poluri', 'Saptarshi Kolay', 'Rajesh Kumar', 'Poonam Choudhary', 'Deepak Sharma']"
v0_095_wti_call_2019_research_technology_innovation_on_nexus_of_water_with_energy_food_and_health,Maya S.Nair,"['Maya S.Nair', 'Saptarshi Kolay', 'Rajesh Kumar', 'Poonam Choudhary', 'Deepak Sharma']"
v0_095_wti_call_2019_research_technology_innovation_on_nexus_of_water_with_energy_food_and_health,N K Navani,"['N K Navani', 'Saptarshi Kolay', 'Rajesh Kumar', 'Poonam Choudhary', 'Deepak Sharma']"
v0_095_wti_call_2019_research_technology_innovation_on_nexus_of_water_with_energy_food_and_health,Partha Roy,"['Partha Roy', 'Saptarshi Kolay', 'Rajesh Kumar', 'Poonam Choudhary', 'Deepak Sharma']"
v0_095_wti_call_2019_research_technology_innovation_on_nexus_of_water_with_energy_food_and_health,Poonam Choudhary,"['Poonam Choudhary', 'Saptarshi Kolay', 'Rajesh Kumar', 'Deepak Sharma']"
v0_095_wti_call_2019_research_technology_innovation_on_nexus_of_water_with_energy_food_and_health,Prabhat Kumar Mandal,"['Prabhat Kumar Mandal', 'Saptarshi Kolay', 'Rajesh Kumar', 'Poonam Choudhary', 'Deepak Sharma']"
v0_095_wti_call_2019_research_technology_innovation_on_nexus_of_water_with_energy_food_and_health,Pranita P Sarangi,"['Pranita P Sarangi', 'Saptarshi Kolay', 'Rajesh Kumar', 'Poonam Choudhary', 'Deepak Sharma']"
v0_095_wti_call_2019_research_technology_innovation_on_nexus_of_water_with_energy_food_and_health,Pravindra Kumar,"['Pravindra Kumar', 'Saptarshi Kolay', 'Rajesh Kumar', 'Poonam Choudhary', 'Deepak Sharma']"
v0_095_wti_call_2019_research_technology_innovation_on_nexus_of_water_with_energy_food_and_health,Prince Tiwari,"['Prince Tiwari', 'Saptarshi Kolay', 'Rajesh Kumar', 'Poonam Choudhary', 'Deepak Sharma']"
v0_095_wti_call_2019_research_technology_innovation_on_nexus_of_water_with_energy_food_and_health,R. P. Singh,"['R. P. Singh', 'Saptarshi Kolay', 'Rajesh Kumar', 'Poonam Choudhary', 'Deepak Sharma']"
v0_095_wti_call_2019_research_technology_innovation_on_nexus_of_water_with_energy_food_and_health,Ramasare Prasad,"['Ramasare Prasad', 'Saptarshi Kolay', 'Rajesh Kumar', 'Poonam Choudhary', 'Deepak Sharma']"
v0_095_wti_call_2019_research_technology_innovation_on_nexus_of_water_with_energy_food_and_health,Ranjana Pathania,"['Ranjana Pathania', 'Saptarshi Kolay', 'Rajesh Kumar', 'Poonam Choudhary', 'Deepak Sharma']"
v0_095_wti_call_2019_research_technology_innovation_on_nexus_of_water_with_energy_food_and_health,Sanjoy Ghosh,"['Sanjoy Ghosh', 'Saptarshi Kolay', 'Rajesh Kumar', 'Poonam Choudhary', 'Deepak Sharma']"
v0_095_wti_call_2019_research_technology_innovation_on_nexus_of_water_with_energy_food_and_health,Saugata Hazra,"['Saugata Hazra', 'Saptarshi Kolay', 'Rajesh Kumar', 'Poonam Choudhary', 'Deepak Sharma']"
v0_095_wti_call_2019_research_technology_innovation_on_nexus_of_water_with_energy_food_and_health,Shailly Tomar,"['Shailly Tomar', 'Saptarshi Kolay', 'Rajesh Kumar', 'Poonam Choudhary', 'Deepak Sharma']"
v0_095_wti_call_2019_research_technology_innovation_on_nexus_of_water_with_energy_food_and_health,Shri Ram Yadav,"['Shri Ram Yadav', 'Saptarshi Kolay', 'Rajesh Kumar', 'Poonam Choudhary', 'Deepak Sharma']"
v0_095_wti_call_2019_research_technology_innovation_on_nexus_of_water_with_energy_food_and_health,Soma Rohatgi,"['Soma Rohatgi', 'Saptarshi Kolay', 'Rajesh Kumar', 'Poonam Choudhary', 'Deepak Sharma']"
v0_095_wti_call_2019_research_technology_innovation_on_nexus_of_water_with_energy_food_and_health,Sachin Suresh Tiwari,"['Sachin Suresh Tiwari', 'Saptarshi Kolay', 'Rajesh Kumar', 'Poonam Choudhary', 'Deepak Sharma']"
v0_095_wti_call_2019_research_technology_innovation_on_nexus_of_water_with_energy_food_and_health,Jitin Singla,"['Jitin Singla', 'Saptarshi Kolay', 'Rajesh Kumar', 'Poonam Choudhary', 'Deepak Sharma']"
v0_095_wti_call_2019_research_technology_innovation_on_nexus_of_water_with_energy_food_and_health,Rajesh Kumar,"['Rajesh Kumar', 'Saptarshi Kolay', 'Poonam Choudhary', 'Deepak Sharma']"
v0_095_wti_call_2019_research_technology_innovation_on_nexus_of_water_with_energy_food_and_health,Akhil Upadhyay,"['Akhil Upadhyay', 'Saptarshi Kolay', 'Rajesh Kumar', 'Poonam Choudhary', 'Deepak Sharma']"
v0_096_ukieri_dst_partnership_development_workshops,Arindam Biswas,"['Arindam Biswas', 'Prince Tiwari', 'N K Navani', 'Millie Pant', 'Bijan Choudhury']"
v0_096_ukieri_dst_partnership_development_workshops,Avlokita Agrawal,"['Avlokita Agrawal', 'Prince Tiwari', 'N K Navani', 'Millie Pant', 'Bijan Choudhury']"
v0_096_ukieri_dst_partnership_development_workshops,Gaurav Raheja,"['Gaurav Raheja', 'Prince Tiwari', 'N K Navani', 'Millie Pant', 'Bijan Choudhury']"
v0_096_ukieri_dst_partnership_development_workshops,Harshit Sosan Lakra,"['Harshit Sosan Lakra', 'Prince Tiwari', 'N K Navani', 'Millie Pant', 'Bijan Choudhury']"
v0_096_ukieri_dst_partnership_development_workshops,Mahua Mukherjee,"['Mahua Mukherjee', 'Prince Tiwari', 'N K Navani', 'Millie Pant', 'Bijan Choudhury']"
v0_096_ukieri_dst_partnership_development_workshops,Prabhjot Singh Chani,"['Prabhjot Singh Chani', 'Prince Tiwari', 'N K Navani', 'Millie Pant', 'Bijan Choudhury']"
v0_096_ukieri_dst_partnership_development_workshops,E Rajasekar,"['E Rajasekar', 'Prince Tiwari', 'N K Navani', 'Millie Pant', 'Bijan Choudhury']"
v0_096_ukieri_dst_partnership_development_workshops,Ram Sateesh Pasupuleti,"['Ram Sateesh Pasupuleti', 'Prince Tiwari', 'N K Navani', 'Millie Pant', 'Bijan Choudhury']"
v0_096_ukieri_dst_partnership_development_workshops,Saptarshi Kolay,"['Saptarshi Kolay', 'Prince Tiwari', 'N K Navani', 'Millie Pant', 'Bijan Choudhury']"
v0_096_ukieri_dst_partnership_development_workshops,Shubhajit Sadhukhan,"['Shubhajit Sadhukhan', 'Prince Tiwari', 'N K Navani', 'Millie Pant', 'Bijan Choudhury']"
v0_096_ukieri_dst_partnership_development_workshops,Smriti Saraswat,"['Smriti Saraswat', 'Prince Tiwari', 'N K Navani', 'Millie Pant', 'Bijan Choudhury']"
v0_096_ukieri_dst_partnership_development_workshops,Sonal Atreya,"['Sonal Atreya', 'Prince Tiwari', 'N K Navani', 'Millie Pant', 'Bijan Choudhury']"
v0_096_ukieri_dst_partnership_development_workshops,Tina Pujara,"['Tina Pujara', 'Prince Tiwari', 'N K Navani', 'Millie Pant', 'Bijan Choudhury']"
v0_096_ukieri_dst_partnership_development_workshops,Uttam Kumar Roy,"['Uttam Kumar Roy', 'Prince Tiwari', 'N K Navani', 'Millie Pant', 'Bijan Choudhury']"
v0_096_ukieri_dst_partnership_development_workshops,V Devadas,"['V Devadas', 'Prince Tiwari', 'N K Navani', 'Millie Pant', 'Bijan Choudhury']"
v0_096_ukieri_dst_partnership_development_workshops,Jaydev Dabas,"['Jaydev Dabas', 'Prince Tiwari', 'N K Navani', 'Millie Pant', 'Bijan Choudhury']"
v0_096_ukieri_dst_partnership_development_workshops,Millie Pant,"['Millie Pant', 'Prince Tiwari', 'N K Navani', 'Bijan Choudhury', 'Arindam Biswas']"
v0_096_ukieri_dst_partnership_development_workshops,Rajan Arora,"['Rajan Arora', 'Prince Tiwari', 'N K Navani', 'Millie Pant', 'Bijan Choudhury']"
v0_096_ukieri_dst_partnership_development_workshops,Ashwani Kumar Sharma,"['Ashwani Kumar Sharma', 'Prince Tiwari', 'N K Navani', 'Millie Pant', 'Bijan Choudhury']"
v0_096_ukieri_dst_partnership_development_workshops,Bijan Choudhury,"['Bijan Choudhury', 'Prince Tiwari', 'N K Navani', 'Millie Pant', 'Arindam Biswas']"
v0_096_ukieri_dst_partnership_development_workshops,Debabrata Sircar,"['Debabrata Sircar', 'Prince Tiwari', 'N K Navani', 'Millie Pant', 'Bijan Choudhury']"
v0_096_ukieri_dst_partnership_development_workshops,Deepak Sharma,"['Deepak Sharma', 'Prince Tiwari', 'N K Navani', 'Millie Pant', 'Bijan Choudhury']"
v0_096_ukieri_dst_partnership_development_workshops,P Gopinath,"['P Gopinath', 'Prince Tiwari', 'N K Navani', 'Millie Pant', 'Bijan Choudhury']"
v0_096_ukieri_dst_partnership_development_workshops,Harsh Chauhan,"['Harsh Chauhan', 'Prince Tiwari', 'N K Navani', 'Millie Pant', 'Bijan Choudhury']"
v0_096_ukieri_dst_partnership_development_workshops,Srinivas Kiran Ambatipudi,"['Srinivas Kiran Ambatipudi', 'Prince Tiwari', 'N K Navani', 'Millie Pant', 'Bijan Choudhury']"
v0_096_ukieri_dst_partnership_development_workshops,Krishna Mohan Poluri,"['Krishna Mohan Poluri', 'Prince Tiwari', 'N K Navani', 'Millie Pant', 'Bijan Choudhury']"
v0_096_ukieri_dst_partnership_development_workshops,Maya S.Nair,"['Maya S.Nair', 'Prince Tiwari', 'N K Navani', 'Millie Pant', 'Bijan Choudhury']"
v0_096_ukieri_dst_partnership_development_workshops,N K Navani,"['N K Navani', 'Prince Tiwari', 'Millie Pant', 'Bijan Choudhury', 'Arindam Biswas']"
v0_096_ukieri_dst_partnership_development_workshops,Partha Roy,"['Partha Roy', 'Prince Tiwari', 'N K Navani', 'Millie Pant', 'Bijan Choudhury']"
v0_096_ukieri_dst_partnership_development_workshops,Poonam Choudhary,"['Poonam Choudhary', 'Prince Tiwari', 'N K Navani', 'Millie Pant', 'Bijan Choudhury']"
v0_096_ukieri_dst_partnership_development_workshops,Prabhat Kumar Mandal,"['Prabhat Kumar Mandal', 'Prince Tiwari', 'N K Navani', 'Millie Pant', 'Bijan Choudhury']"
v0_096_ukieri_dst_partnership_development_workshops,Pranita P Sarangi,"['Pranita P Sarangi', 'Prince Tiwari', 'N K Navani', 'Millie Pant', 'Bijan Choudhury']"
v0_096_ukieri_dst_partnership_development_workshops,Pravindra Kumar,"['Pravindra Kumar', 'Prince Tiwari', 'N K Navani', 'Millie Pant', 'Bijan Choudhury']"
v0_096_ukieri_dst_partnership_development_workshops,Prince Tiwari,"['Prince Tiwari', 'N K Navani', 'Millie Pant', 'Bijan Choudhury', 'Arindam Biswas']"
v0_096_ukieri_dst_partnership_development_workshops,R. P. Singh,"['R. P. Singh', 'Prince Tiwari', 'N K Navani', 'Millie Pant', 'Bijan Choudhury']"
v0_096_ukieri_dst_partnership_development_workshops,Ramasare Prasad,"['Ramasare Prasad', 'Prince Tiwari', 'N K Navani', 'Millie Pant', 'Bijan Choudhury']"
v0_096_ukieri_dst_partnership_development_workshops,Ranjana Pathania,"['Ranjana Pathania', 'Prince Tiwari', 'N K Navani', 'Millie Pant', 'Bijan Choudhury']"
v0_096_ukieri_dst_partnership_development_workshops,Sanjoy Ghosh,"['Sanjoy Ghosh', 'Prince Tiwari', 'N K Navani', 'Millie Pant', 'Bijan Choudhury']"
v0_096_ukieri_dst_partnership_development_workshops,Saugata Hazra,"['Saugata Hazra', 'Prince Tiwari', 'N K Navani', 'Millie Pant', 'Bijan Choudhury']"
v0_096_ukieri_dst_partnership_development_workshops,Shailly Tomar,"['Shailly Tomar', 'Prince Tiwari', 'N K Navani', 'Millie Pant', 'Bijan Choudhury']"
v0_096_ukieri_dst_partnership_development_workshops,Shri Ram Yadav,"['Shri Ram Yadav', 'Prince Tiwari', 'N K Navani', 'Millie Pant', 'Bijan Choudhury']"
v0_096_ukieri_dst_partnership_development_workshops,Soma Rohatgi,"['Soma Rohatgi', 'Prince Tiwari', 'N K Navani', 'Millie Pant', 'Bijan Choudhury']"
v0_096_ukieri_dst_partnership_development_workshops,Sachin Suresh Tiwari,"['Sachin Suresh Tiwari', 'Prince Tiwari', 'N K Navani', 'Millie Pant', 'Bijan Choudhury']"
v0_096_ukieri_dst_partnership_development_workshops,Jitin Singla,"['Jitin Singla', 'Prince Tiwari', 'N K Navani', 'Millie Pant', 'Bijan Choudhury']"
v0_096_ukieri_dst_partnership_development_workshops,Rajesh Kumar,"['Rajesh Kumar', 'Prince Tiwari', 'N K Navani', 'Millie Pant', 'Bijan Choudhury']"
v0_096_ukieri_dst_partnership_development_workshops,Akhil Upadhyay,"['Akhil Upadhyay', 'Prince Tiwari', 'N K Navani', 'Millie Pant', 'Bijan Choudhury']"
v0_097_call_for_joint_project_proposals_2019___india_czech_bilateral_scientific_and_technological_cooperation,Arindam Biswas,"['Arindam Biswas', 'Smriti Saraswat', 'Sachin Suresh Tiwari', 'E Rajasekar', 'Ashwani Kumar Sharma']"
v0_097_call_for_joint_project_proposals_2019___india_czech_bilateral_scientific_and_technological_cooperation,Avlokita Agrawal,"['Avlokita Agrawal', 'Smriti Saraswat', 'Sachin Suresh Tiwari', 'E Rajasekar', 'Ashwani Kumar Sharma']"
v0_097_call_for_joint_project_proposals_2019___india_czech_bilateral_scientific_and_technological_cooperation,Gaurav Raheja,"['Gaurav Raheja', 'Smriti Saraswat', 'Sachin Suresh Tiwari', 'E Rajasekar', 'Ashwani Kumar Sharma']"
v0_097_call_for_joint_project_proposals_2019___india_czech_bilateral_scientific_and_technological_cooperation,Harshit Sosan Lakra,"['Harshit Sosan Lakra', 'Smriti Saraswat', 'Sachin Suresh Tiwari', 'E Rajasekar', 'Ashwani Kumar Sharma']"
v0_097_call_for_joint_project_proposals_2019___india_czech_bilateral_scientific_and_technological_cooperation,Mahua Mukherjee,"['Mahua Mukherjee', 'Smriti Saraswat', 'Sachin Suresh Tiwari', 'E Rajasekar', 'Ashwani Kumar Sharma']"
v0_097_call_for_joint_project_proposals_2019___india_czech_bilateral_scientific_and_technological_cooperation,Prabhjot Singh Chani,"['Prabhjot Singh Chani', 'Smriti Saraswat', 'Sachin Suresh Tiwari', 'E Rajasekar', 'Ashwani Kumar Sharma']"
v0_097_call_for_joint_project_proposals_2019___india_czech_bilateral_scientific_and_technological_cooperation,E Rajasekar,"['E Rajasekar', 'Smriti Saraswat', 'Sachin Suresh Tiwari', 'Ashwani Kumar Sharma']"
v0_097_call_for_joint_project_proposals_2019___india_czech_bilateral_scientific_and_technological_cooperation,Ram Sateesh Pasupuleti,"['Ram Sateesh Pasupuleti', 'Smriti Saraswat', 'Sachin Suresh Tiwari', 'E Rajasekar', 'Ashwani Kumar Sharma']"
v0_097_call_for_joint_project_proposals_2019___india_czech_bilateral_scientific_and_technological_cooperation,Saptarshi Kolay,"['Saptarshi Kolay', 'Smriti Saraswat', 'Sachin Suresh Tiwari', 'E Rajasekar', 'Ashwani Kumar Sharma']"
v0_097_call_for_joint_project_proposals_2019___india_czech_bilateral_scientific_and_technological_cooperation,Shubhajit Sadhukhan,"['Shubhajit Sadhukhan', 'Smriti Saraswat', 'Sachin Suresh Tiwari', 'E Rajasekar', 'Ashwani Kumar Sharma']"
v0_097_call_for_joint_project_proposals_2019___india_czech_bilateral_scientific_and_technological_cooperation,Smriti Saraswat,"['Smriti Saraswat', 'Sachin Suresh Tiwari', 'E Rajasekar', 'Ashwani Kumar Sharma']"
v0_097_call_for_joint_project_proposals_2019___india_czech_bilateral_scientific_and_technological_cooperation,Sonal Atreya,"['Sonal Atreya', 'Smriti Saraswat', 'Sachin Suresh Tiwari', 'E Rajasekar', 'Ashwani Kumar Sharma']"
v0_097_call_for_joint_project_proposals_2019___india_czech_bilateral_scientific_and_technological_cooperation,Tina Pujara,"['Tina Pujara', 'Smriti Saraswat', 'Sachin Suresh Tiwari', 'E Rajasekar', 'Ashwani Kumar Sharma']"
v0_097_call_for_joint_project_proposals_2019___india_czech_bilateral_scientific_and_technological_cooperation,Uttam Kumar Roy,"['Uttam Kumar Roy', 'Smriti Saraswat', 'Sachin Suresh Tiwari', 'E Rajasekar', 'Ashwani Kumar Sharma']"
v0_097_call_for_joint_project_proposals_2019___india_czech_bilateral_scientific_and_technological_cooperation,V Devadas,"['V Devadas', 'Smriti Saraswat', 'Sachin Suresh Tiwari', 'E Rajasekar', 'Ashwani Kumar Sharma']"
v0_097_call_for_joint_project_proposals_2019___india_czech_bilateral_scientific_and_technological_cooperation,Jaydev Dabas,"['Jaydev Dabas', 'Smriti Saraswat', 'Sachin Suresh Tiwari', 'E Rajasekar', 'Ashwani Kumar Sharma']"
v0_097_call_for_joint_project_proposals_2019___india_czech_bilateral_scientific_and_technological_cooperation,Millie Pant,"['Millie Pant', 'Smriti Saraswat', 'Sachin Suresh Tiwari', 'E Rajasekar', 'Ashwani Kumar Sharma']"
v0_097_call_for_joint_project_proposals_2019___india_czech_bilateral_scientific_and_technological_cooperation,Rajan Arora,"['Rajan Arora', 'Smriti Saraswat', 'Sachin Suresh Tiwari', 'E Rajasekar', 'Ashwani Kumar Sharma']"
v0_097_call_for_joint_project_proposals_2019___india_czech_bilateral_scientific_and_technological_cooperation,Ashwani Kumar Sharma,"['Ashwani Kumar Sharma', 'Smriti Saraswat', 'Sachin Suresh Tiwari', 'E Rajasekar']"
v0_097_call_for_joint_project_proposals_2019___india_czech_bilateral_scientific_and_technological_cooperation,Bijan Choudhury,"['Bijan Choudhury', 'Smriti Saraswat', 'Sachin Suresh Tiwari', 'E Rajasekar', 'Ashwani Kumar Sharma']"
v0_097_call_for_joint_project_proposals_2019___india_czech_bilateral_scientific_and_technological_cooperation,Debabrata Sircar,"['Debabrata Sircar', 'Smriti Saraswat', 'Sachin Suresh Tiwari', 'E Rajasekar', 'Ashwani Kumar Sharma']"
v0_097_call_for_joint_project_proposals_2019___india_czech_bilateral_scientific_and_technological_cooperation,Deepak Sharma,"['Deepak Sharma', 'Smriti Saraswat', 'Sachin Suresh Tiwari', 'E Rajasekar', 'Ashwani Kumar Sharma']"
v0_097_call_for_joint_project_proposals_2019___india_czech_bilateral_scientific_and_technological_cooperation,P Gopinath,"['P Gopinath', 'Smriti Saraswat', 'Sachin Suresh Tiwari', 'E Rajasekar', 'Ashwani Kumar Sharma']"
v0_097_call_for_joint_project_proposals_2019___india_czech_bilateral_scientific_and_technological_cooperation,Harsh Chauhan,"['Harsh Chauhan', 'Smriti Saraswat', 'Sachin Suresh Tiwari', 'E Rajasekar', 'Ashwani Kumar Sharma']"
v0_097_call_for_joint_project_proposals_2019___india_czech_bilateral_scientific_and_technological_cooperation,Srinivas Kiran Ambatipudi,"['Srinivas Kiran Ambatipudi', 'Smriti Saraswat', 'Sachin Suresh Tiwari', 'E Rajasekar', 'Ashwani Kumar Sharma']"
v0_097_call_for_joint_project_proposals_2019___india_czech_bilateral_scientific_and_technological_cooperation,Krishna Mohan Poluri,"['Krishna Mohan Poluri', 'Smriti Saraswat', 'Sachin Suresh Tiwari', 'E Rajasekar', 'Ashwani Kumar Sharma']"
v0_097_call_for_joint_project_proposals_2019___india_czech_bilateral_scientific_and_technological_cooperation,Maya S.Nair,"['Maya S.Nair', 'Smriti Saraswat', 'Sachin Suresh Tiwari', 'E Rajasekar', 'Ashwani Kumar Sharma']"
v0_097_call_for_joint_project_proposals_2019___india_czech_bilateral_scientific_and_technological_cooperation,N K Navani,"['N K Navani', 'Smriti Saraswat', 'Sachin Suresh Tiwari', 'E Rajasekar', 'Ashwani Kumar Sharma']"
v0_097_call_for_joint_project_proposals_2019___india_czech_bilateral_scientific_and_technological_cooperation,Partha Roy,"['Partha Roy', 'Smriti Saraswat', 'Sachin Suresh Tiwari', 'E Rajasekar', 'Ashwani Kumar Sharma']"
v0_097_call_for_joint_project_proposals_2019___india_czech_bilateral_scientific_and_technological_cooperation,Poonam Choudhary,"['Poonam Choudhary', 'Smriti Saraswat', 'Sachin Suresh Tiwari', 'E Rajasekar', 'Ashwani Kumar Sharma']"
v0_097_call_for_joint_project_proposals_2019___india_czech_bilateral_scientific_and_technological_cooperation,Prabhat Kumar Mandal,"['Prabhat Kumar Mandal', 'Smriti Saraswat', 'Sachin Suresh Tiwari', 'E Rajasekar', 'Ashwani Kumar Sharma']"
v0_097_call_for_joint_project_proposals_2019___india_czech_bilateral_scientific_and_technological_cooperation,Pranita P Sarangi,"['Pranita P Sarangi', 'Smriti Saraswat', 'Sachin Suresh Tiwari', 'E Rajasekar', 'Ashwani Kumar Sharma']"
v0_097_call_for_joint_project_proposals_2019___india_czech_bilateral_scientific_and_technological_cooperation,Pravindra Kumar,"['Pravindra Kumar', 'Smriti Saraswat', 'Sachin Suresh Tiwari', 'E Rajasekar', 'Ashwani Kumar Sharma']"
v0_097_call_for_joint_project_proposals_2019___india_czech_bilateral_scientific_and_technological_cooperation,Prince Tiwari,"['Prince Tiwari', 'Smriti Saraswat', 'Sachin Suresh Tiwari', 'E Rajasekar', 'Ashwani Kumar Sharma']"
v0_097_call_for_joint_project_proposals_2019___india_czech_bilateral_scientific_and_technological_cooperation,R. P. Singh,"['R. P. Singh', 'Smriti Saraswat', 'Sachin Suresh Tiwari', 'E Rajasekar', 'Ashwani Kumar Sharma']"
v0_097_call_for_joint_project_proposals_2019___india_czech_bilateral_scientific_and_technological_cooperation,Ramasare Prasad,"['Ramasare Prasad', 'Smriti Saraswat', 'Sachin Suresh Tiwari', 'E Rajasekar', 'Ashwani Kumar Sharma']"
v0_097_call_for_joint_project_proposals_2019___india_czech_bilateral_scientific_and_technological_cooperation,Ranjana Pathania,"['Ranjana Pathania', 'Smriti Saraswat', 'Sachin Suresh Tiwari', 'E Rajasekar', 'Ashwani Kumar Sharma']"
v0_097_call_for_joint_project_proposals_2019___india_czech_bilateral_scientific_and_technological_cooperation,Sanjoy Ghosh,"['Sanjoy Ghosh', 'Smriti Saraswat', 'Sachin Suresh Tiwari', 'E Rajasekar', 'Ashwani Kumar Sharma']"
v0_097_call_for_joint_project_proposals_2019___india_czech_bilateral_scientific_and_technological_cooperation,Saugata Hazra,"['Saugata Hazra', 'Smriti Saraswat', 'Sachin Suresh Tiwari', 'E Rajasekar', 'Ashwani Kumar Sharma']"
v0_097_call_for_joint_project_proposals_2019___india_czech_bilateral_scientific_and_technological_cooperation,Shailly Tomar,"['Shailly Tomar', 'Smriti Saraswat', 'Sachin Suresh Tiwari', 'E Rajasekar', 'Ashwani Kumar Sharma']"
v0_097_call_for_joint_project_proposals_2019___india_czech_bilateral_scientific_and_technological_cooperation,Shri Ram Yadav,"['Shri Ram Yadav', 'Smriti Saraswat', 'Sachin Suresh Tiwari', 'E Rajasekar', 'Ashwani Kumar Sharma']"
v0_097_call_for_joint_project_proposals_2019___india_czech_bilateral_scientific_and_technological_cooperation,Soma Rohatgi,"['Soma Rohatgi', 'Smriti Saraswat', 'Sachin Suresh Tiwari', 'E Rajasekar', 'Ashwani Kumar Sharma']"
v0_097_call_for_joint_project_proposals_2019___india_czech_bilateral_scientific_and_technological_cooperation,Sachin Suresh Tiwari,"['Sachin Suresh Tiwari', 'Smriti Saraswat', 'E Rajasekar', 'Ashwani Kumar Sharma']"
v0_097_call_for_joint_project_proposals_2019___india_czech_bilateral_scientific_and_technological_cooperation,Jitin Singla,"['Jitin Singla', 'Smriti Saraswat', 'Sachin Suresh Tiwari', 'E Rajasekar', 'Ashwani Kumar Sharma']"
v0_097_call_for_joint_project_proposals_2019___india_czech_bilateral_scientific_and_technological_cooperation,Rajesh Kumar,"['Rajesh Kumar', 'Smriti Saraswat', 'Sachin Suresh Tiwari', 'E Rajasekar', 'Ashwani Kumar Sharma']"
v0_097_call_for_joint_project_proposals_2019___india_czech_bilateral_scientific_and_technological_cooperation,Akhil Upadhyay,"['Akhil Upadhyay', 'Smriti Saraswat', 'Sachin Suresh Tiwari', 'E Rajasekar', 'Ashwani Kumar Sharma']"
v0_098_call_for_india_ethiopia_innovation__technology_commercialization_programme_ieitcp,Arindam Biswas,"['Arindam Biswas', 'Sanjoy Ghosh', 'Ranjana Pathania', 'Ramasare Prasad', 'Krishna Mohan Poluri']"
v0_098_call_for_india_ethiopia_innovation__technology_commercialization_programme_ieitcp,Avlokita Agrawal,"['Avlokita Agrawal', 'Sanjoy Ghosh', 'Ranjana Pathania', 'Ramasare Prasad', 'Krishna Mohan Poluri']"
v0_098_call_for_india_ethiopia_innovation__technology_commercialization_programme_ieitcp,Gaurav Raheja,"['Gaurav Raheja', 'Sanjoy Ghosh', 'Ranjana Pathania', 'Ramasare Prasad', 'Krishna Mohan Poluri']"
v0_098_call_for_india_ethiopia_innovation__technology_commercialization_programme_ieitcp,Harshit Sosan Lakra,"['Harshit Sosan Lakra', 'Sanjoy Ghosh', 'Ranjana Pathania', 'Ramasare Prasad', 'Krishna Mohan Poluri']"
v0_098_call_for_india_ethiopia_innovation__technology_commercialization_programme_ieitcp,Mahua Mukherjee,"['Mahua Mukherjee', 'Sanjoy Ghosh', 'Ranjana Pathania', 'Ramasare Prasad', 'Krishna Mohan Poluri']"
v0_098_call_for_india_ethiopia_innovation__technology_commercialization_programme_ieitcp,Prabhjot Singh Chani,"['Prabhjot Singh Chani', 'Sanjoy Ghosh', 'Ranjana Pathania', 'Ramasare Prasad', 'Krishna Mohan Poluri']"
v0_098_call_for_india_ethiopia_innovation__technology_commercialization_programme_ieitcp,E Rajasekar,"['E Rajasekar', 'Sanjoy Ghosh', 'Ranjana Pathania', 'Ramasare Prasad', 'Krishna Mohan Poluri']"
v0_098_call_for_india_ethiopia_innovation__technology_commercialization_programme_ieitcp,Ram Sateesh Pasupuleti,"['Ram Sateesh Pasupuleti', 'Sanjoy Ghosh', 'Ranjana Pathania', 'Ramasare Prasad', 'Krishna Mohan Poluri']"
v0_098_call_for_india_ethiopia_innovation__technology_commercialization_programme_ieitcp,Saptarshi Kolay,"['Saptarshi Kolay', 'Sanjoy Ghosh', 'Ranjana Pathania', 'Ramasare Prasad', 'Krishna Mohan Poluri']"
v0_098_call_for_india_ethiopia_innovation__technology_commercialization_programme_ieitcp,Shubhajit Sadhukhan,"['Shubhajit Sadhukhan', 'Sanjoy Ghosh', 'Ranjana Pathania', 'Ramasare Prasad', 'Krishna Mohan Poluri']"
v0_098_call_for_india_ethiopia_innovation__technology_commercialization_programme_ieitcp,Smriti Saraswat,"['Smriti Saraswat', 'Sanjoy Ghosh', 'Ranjana Pathania', 'Ramasare Prasad', 'Krishna Mohan Poluri']"
v0_098_call_for_india_ethiopia_innovation__technology_commercialization_programme_ieitcp,Sonal Atreya,"['Sonal Atreya', 'Sanjoy Ghosh', 'Ranjana Pathania', 'Ramasare Prasad', 'Krishna Mohan Poluri']"
v0_098_call_for_india_ethiopia_innovation__technology_commercialization_programme_ieitcp,Tina Pujara,"['Tina Pujara', 'Sanjoy Ghosh', 'Ranjana Pathania', 'Ramasare Prasad', 'Krishna Mohan Poluri']"
v0_098_call_for_india_ethiopia_innovation__technology_commercialization_programme_ieitcp,Uttam Kumar Roy,"['Uttam Kumar Roy', 'Sanjoy Ghosh', 'Ranjana Pathania', 'Ramasare Prasad', 'Krishna Mohan Poluri']"
v0_098_call_for_india_ethiopia_innovation__technology_commercialization_programme_ieitcp,V Devadas,"['V Devadas', 'Sanjoy Ghosh', 'Ranjana Pathania', 'Ramasare Prasad', 'Krishna Mohan Poluri']"
v0_098_call_for_india_ethiopia_innovation__technology_commercialization_programme_ieitcp,Jaydev Dabas,"['Jaydev Dabas', 'Sanjoy Ghosh', 'Ranjana Pathania', 'Ramasare Prasad', 'Krishna Mohan Poluri']"
v0_098_call_for_india_ethiopia_innovation__technology_commercialization_programme_ieitcp,Millie Pant,"['Millie Pant', 'Sanjoy Ghosh', 'Ranjana Pathania', 'Ramasare Prasad', 'Krishna Mohan Poluri']"
v0_098_call_for_india_ethiopia_innovation__technology_commercialization_programme_ieitcp,Rajan Arora,"['Rajan Arora', 'Sanjoy Ghosh', 'Ranjana Pathania', 'Ramasare Prasad', 'Krishna Mohan Poluri']"
v0_098_call_for_india_ethiopia_innovation__technology_commercialization_programme_ieitcp,Ashwani Kumar Sharma,"['Ashwani Kumar Sharma', 'Sanjoy Ghosh', 'Ranjana Pathania', 'Ramasare Prasad', 'Krishna Mohan Poluri']"
v0_098_call_for_india_ethiopia_innovation__technology_commercialization_programme_ieitcp,Bijan Choudhury,"['Bijan Choudhury', 'Sanjoy Ghosh', 'Ranjana Pathania', 'Ramasare Prasad', 'Krishna Mohan Poluri']"
v0_098_call_for_india_ethiopia_innovation__technology_commercialization_programme_ieitcp,Debabrata Sircar,"['Debabrata Sircar', 'Sanjoy Ghosh', 'Ranjana Pathania', 'Ramasare Prasad', 'Krishna Mohan Poluri']"
v0_098_call_for_india_ethiopia_innovation__technology_commercialization_programme_ieitcp,Deepak Sharma,"['Deepak Sharma', 'Sanjoy Ghosh', 'Ranjana Pathania', 'Ramasare Prasad', 'Krishna Mohan Poluri']"
v0_098_call_for_india_ethiopia_innovation__technology_commercialization_programme_ieitcp,P Gopinath,"['P Gopinath', 'Sanjoy Ghosh', 'Ranjana Pathania', 'Ramasare Prasad', 'Krishna Mohan Poluri']"
v0_098_call_for_india_ethiopia_innovation__technology_commercialization_programme_ieitcp,Harsh Chauhan,"['Harsh Chauhan', 'Sanjoy Ghosh', 'Ranjana Pathania', 'Ramasare Prasad', 'Krishna Mohan Poluri']"
v0_098_call_for_india_ethiopia_innovation__technology_commercialization_programme_ieitcp,Srinivas Kiran Ambatipudi,"['Srinivas Kiran Ambatipudi', 'Sanjoy Ghosh', 'Ranjana Pathania', 'Ramasare Prasad', 'Krishna Mohan Poluri']"
v0_098_call_for_india_ethiopia_innovation__technology_commercialization_programme_ieitcp,Krishna Mohan Poluri,"['Krishna Mohan Poluri', 'Sanjoy Ghosh', 'Ranjana Pathania', 'Ramasare Prasad', 'Arindam Biswas']"
v0_098_call_for_india_ethiopia_innovation__technology_commercialization_programme_ieitcp,Maya S.Nair,"['Maya S.Nair', 'Sanjoy Ghosh', 'Ranjana Pathania', 'Ramasare Prasad', 'Krishna Mohan Poluri']"
v0_098_call_for_india_ethiopia_innovation__technology_commercialization_programme_ieitcp,N K Navani,"['N K Navani', 'Sanjoy Ghosh', 'Ranjana Pathania', 'Ramasare Prasad', 'Krishna Mohan Poluri']"
v0_098_call_for_india_ethiopia_innovation__technology_commercialization_programme_ieitcp,Partha Roy,"['Partha Roy', 'Sanjoy Ghosh', 'Ranjana Pathania', 'Ramasare Prasad', 'Krishna Mohan Poluri']"
v0_098_call_for_india_ethiopia_innovation__technology_commercialization_programme_ieitcp,Poonam Choudhary,"['Poonam Choudhary', 'Sanjoy Ghosh', 'Ranjana Pathania', 'Ramasare Prasad', 'Krishna Mohan Poluri']"
v0_098_call_for_india_ethiopia_innovation__technology_commercialization_programme_ieitcp,Prabhat Kumar Mandal,"['Prabhat Kumar Mandal', 'Sanjoy Ghosh', 'Ranjana Pathania', 'Ramasare Prasad', 'Krishna Mohan Poluri']"
v0_098_call_for_india_ethiopia_innovation__technology_commercialization_programme_ieitcp,Pranita P Sarangi,"['Pranita P Sarangi', 'Sanjoy Ghosh', 'Ranjana Pathania', 'Ramasare Prasad', 'Krishna Mohan Poluri']"
v0_098_call_for_india_ethiopia_innovation__technology_commercialization_programme_ieitcp,Pravindra Kumar,"['Pravindra Kumar', 'Sanjoy Ghosh', 'Ranjana Pathania', 'Ramasare Prasad', 'Krishna Mohan Poluri']"
v0_098_call_for_india_ethiopia_innovation__technology_commercialization_programme_ieitcp,Prince Tiwari,"['Prince Tiwari', 'Sanjoy Ghosh', 'Ranjana Pathania', 'Ramasare Prasad', 'Krishna Mohan Poluri']"
v0_098_call_for_india_ethiopia_innovation__technology_commercialization_programme_ieitcp,R. P. Singh,"['R. P. Singh', 'Sanjoy Ghosh', 'Ranjana Pathania', 'Ramasare Prasad', 'Krishna Mohan Poluri']"
v0_098_call_for_india_ethiopia_innovation__technology_commercialization_programme_ieitcp,Ramasare Prasad,"['Ramasare Prasad', 'Sanjoy Ghosh', 'Ranjana Pathania', 'Krishna Mohan Poluri', 'Arindam Biswas']"
v0_098_call_for_india_ethiopia_innovation__technology_commercialization_programme_ieitcp,Ranjana Pathania,"['Ranjana Pathania', 'Sanjoy Ghosh', 'Ramasare Prasad', 'Krishna Mohan Poluri', 'Arindam Biswas']"
v0_098_call_for_india_ethiopia_innovation__technology_commercialization_programme_ieitcp,Sanjoy Ghosh,"['Sanjoy Ghosh', 'Ranjana Pathania', 'Ramasare Prasad', 'Krishna Mohan Poluri', 'Arindam Biswas']"
v0_098_call_for_india_ethiopia_innovation__technology_commercialization_programme_ieitcp,Saugata Hazra,"['Saugata Hazra', 'Sanjoy Ghosh', 'Ranjana Pathania', 'Ramasare Prasad', 'Krishna Mohan Poluri']"
v0_098_call_for_india_ethiopia_innovation__technology_commercialization_programme_ieitcp,Shailly Tomar,"['Shailly Tomar', 'Sanjoy Ghosh', 'Ranjana Pathania', 'Ramasare Prasad', 'Krishna Mohan Poluri']"
v0_098_call_for_india_ethiopia_innovation__technology_commercialization_programme_ieitcp,Shri Ram Yadav,"['Shri Ram Yadav', 'Sanjoy Ghosh', 'Ranjana Pathania', 'Ramasare Prasad', 'Krishna Mohan Poluri']"
v0_098_call_for_india_ethiopia_innovation__technology_commercialization_programme_ieitcp,Soma Rohatgi,"['Soma Rohatgi', 'Sanjoy Ghosh', 'Ranjana Pathania', 'Ramasare Prasad', 'Krishna Mohan Poluri']"
v0_098_call_for_india_ethiopia_innovation__technology_commercialization_programme_ieitcp,Sachin Suresh Tiwari,"['Sachin Suresh Tiwari', 'Sanjoy Ghosh', 'Ranjana Pathania', 'Ramasare Prasad', 'Krishna Mohan Poluri']"
v0_098_call_for_india_ethiopia_innovation__technology_commercialization_programme_ieitcp,Jitin Singla,"['Jitin Singla', 'Sanjoy Ghosh', 'Ranjana Pathania', 'Ramasare Prasad', 'Krishna Mohan Poluri']"
v0_098_call_for_india_ethiopia_innovation__technology_commercialization_programme_ieitcp,Rajesh Kumar,"['Rajesh Kumar', 'Sanjoy Ghosh', 'Ranjana Pathania', 'Ramasare Prasad', 'Krishna Mohan Poluri']"
v0_098_call_for_india_ethiopia_innovation__technology_commercialization_programme_ieitcp,Akhil Upadhyay,"['Akhil Upadhyay', 'Sanjoy Ghosh', 'Ranjana Pathania', 'Ramasare Prasad', 'Krishna Mohan Poluri']"
v0_099_call_for_proposal_of_nidhi_prayas_program,Arindam Biswas,"['Arindam Biswas', 'Pravindra Kumar', 'Prabhat Kumar Mandal', 'Partha Roy', 'Pranita P Sarangi']"
v0_099_call_for_proposal_of_nidhi_prayas_program,Avlokita Agrawal,"['Avlokita Agrawal', 'Shailly Tomar', 'Akhil Upadhyay', 'Sachin Suresh Tiwari', 'R. P. Singh']"
v0_099_call_for_proposal_of_nidhi_prayas_program,Gaurav Raheja,"['Gaurav Raheja', 'Poonam Choudhary', 'Soma Rohatgi', 'Shailly Tomar']"
v0_099_call_for_proposal_of_nidhi_prayas_program,Harshit Sosan Lakra,"['Harshit Sosan Lakra', 'Soma Rohatgi', 'Ramasare Prasad', 'Pranita P Sarangi']"
v0_099_call_for_proposal_of_nidhi_prayas_program,Mahua Mukherjee,"['Mahua Mukherjee', 'Sachin Suresh Tiwari', 'Pranita P Sarangi']"
v0_099_call_for_proposal_of_nidhi_prayas_program,Prabhjot Singh Chani,"['Prabhjot Singh Chani', 'Poonam Choudhary']"
v0_099_call_for_proposal_of_nidhi_prayas_program,E Rajasekar,"['E Rajasekar', 'Prabhat Kumar Mandal', 'Poonam Choudhary']"
v0_099_call_for_proposal_of_nidhi_prayas_program,Ram Sateesh Pasupuleti,"['Ram Sateesh Pasupuleti', 'Ranjana Pathania', 'Prince Tiwari', 'Prabhat Kumar Mandal']"
v0_099_call_for_proposal_of_nidhi_prayas_program,Saptarshi Kolay,"['Saptarshi Kolay', 'Partha Roy', 'Pravindra Kumar', 'Shailly Tomar']"
v0_099_call_for_proposal_of_nidhi_prayas_program,Shubhajit Sadhukhan,"['Shubhajit Sadhukhan', 'Pranita P Sarangi', 'N K Navani', 'Shri Ram Yadav']"
v0_099_call_for_proposal_of_nidhi_prayas_program,Smriti Saraswat,"['Smriti Saraswat', 'Shailly Tomar']"
v0_099_call_for_proposal_of_nidhi_prayas_program,Sonal Atreya,"['Sonal Atreya', 'Rajesh Kumar', 'Sachin Suresh Tiwari']"
v0_099_call_for_proposal_of_nidhi_prayas_program,Tina Pujara,"['Tina Pujara', 'Partha Roy', 'Saugata Hazra', 'R. P. Singh', 'Sanjoy Ghosh']"
v0_099_call_for_proposal_of_nidhi_prayas_program,Uttam Kumar Roy,"['Uttam Kumar Roy', 'Sachin Suresh Tiwari', 'Prince Tiwari', 'R. P. Singh', 'Sanjoy Ghosh']"
v0_099_call_for_proposal_of_nidhi_prayas_program,V Devadas,"['V Devadas', 'Soma Rohatgi', 'N K Navani', 'Akhil Upadhyay', 'Shailly Tomar']"
v0_099_call_for_proposal_of_nidhi_prayas_program,Jaydev Dabas,"['Jaydev Dabas', 'Ramasare Prasad']"
v0_099_call_for_proposal_of_nidhi_prayas_program,Millie Pant,"['Millie Pant', 'Shailly Tomar']"
v0_099_call_for_proposal_of_nidhi_prayas_program,Rajan Arora,"['Rajan Arora', 'Pravindra Kumar']"
v0_099_call_for_proposal_of_nidhi_prayas_program,Ashwani Kumar Sharma,"['Ashwani Kumar Sharma', 'Shailly Tomar', 'Jitin Singla', 'Sanjoy Ghosh']"
v0_099_call_for_proposal_of_nidhi_prayas_program,Bijan Choudhury,"['Bijan Choudhury', 'Ramasare Prasad', 'Shri Ram Yadav', 'Ranjana Pathania', 'Sanjoy Ghosh']"
v0_099_call_for_proposal_of_nidhi_prayas_program,Debabrata Sircar,"['Debabrata Sircar', 'Sanjoy Ghosh', 'Akhil Upadhyay', 'Pranita P Sarangi']"
v0_099_call_for_proposal_of_nidhi_prayas_program,Deepak Sharma,"['Deepak Sharma', 'N K Navani']"
v0_099_call_for_proposal_of_nidhi_prayas_program,P Gopinath,"['P Gopinath', 'Sachin Suresh Tiwari', 'Ranjana Pathania', 'Akhil Upadhyay', 'Prabhat Kumar Mandal']"
v0_099_call_for_proposal_of_nidhi_prayas_program,Harsh Chauhan,"['Harsh Chauhan', 'N K Navani']"
v0_099_call_for_proposal_of_nidhi_prayas_program,Srinivas Kiran Ambatipudi,"['Srinivas Kiran Ambatipudi', 'Poonam Choudhary']"
v0_099_call_for_proposal_of_nidhi_prayas_program,Krishna Mohan Poluri,"['Krishna Mohan Poluri', 'Pravindra Kumar', 'Poonam Choudhary', 'Shailly Tomar']"
v0_099_call_for_proposal_of_nidhi_prayas_program,Maya S.Nair,"['Maya S.Nair', 'Sachin Suresh Tiwari', 'Ramasare Prasad', 'R. P. Singh']"
v0_099_call_for_proposal_of_nidhi_prayas_program,N K Navani,"['N K Navani', 'Shailly Tomar', 'Prince Tiwari']"
v0_099_call_for_proposal_of_nidhi_prayas_program,Partha Roy,"['Partha Roy', 'Saugata Hazra']"
v0_099_call_for_proposal_of_nidhi_prayas_program,Poonam Choudhary,"['Poonam Choudhary', 'Ranjana Pathania']"
v0_099_call_for_proposal_of_nidhi_prayas_program,Prabhat Kumar Mandal,"['Prabhat Kumar Mandal', 'Poonam Choudhary', 'Partha Roy', 'Akhil Upadhyay']"
v0_099_call_for_proposal_of_nidhi_prayas_program,Pranita P Sarangi,"['Pranita P Sarangi', 'Saugata Hazra']"
v0_099_call_for_proposal_of_nidhi_prayas_program,Pravindra Kumar,"['Pravindra Kumar', 'Ranjana Pathania', 'Sanjoy Ghosh', 'Prince Tiwari']"
v0_099_call_for_proposal_of_nidhi_prayas_program,Prince Tiwari,"['Prince Tiwari', 'Pravindra Kumar', 'Jitin Singla']"
v0_099_call_for_proposal_of_nidhi_prayas_program,R. P. Singh,"['R. P. Singh', 'Sanjoy Ghosh', 'Partha Roy', 'Rajesh Kumar']"
v0_099_call_for_proposal_of_nidhi_prayas_program,Ramasare Prasad,"['Ramasare Prasad', 'Shailly Tomar']"
v0_099_call_for_proposal_of_nidhi_prayas_program,Ranjana Pathania,"['Ranjana Pathania', 'Ramasare Prasad', 'Sachin Suresh Tiwari', 'Maya S.Nair']"
v0_099_call_for_proposal_of_nidhi_prayas_program,Sanjoy Ghosh,['Sanjoy Ghosh']
v0_099_call_for_proposal_of_nidhi_prayas_program,Saugata Hazra,"['Saugata Hazra', 'Jitin Singla', 'Shailly Tomar', 'Maya S.Nair', 'Prabhat Kumar Mandal']"
v0_099_call_for_proposal_of_nidhi_prayas_program,Shailly Tomar,"['Shailly Tomar', 'Akhil Upadhyay', 'Saugata Hazra']"
v0_099_call_for_proposal_of_nidhi_prayas_program,Shri Ram Yadav,"['Shri Ram Yadav', 'Rajesh Kumar', 'Akhil Upadhyay']"
v0_099_call_for_proposal_of_nidhi_prayas_program,Soma Rohatgi,"['Soma Rohatgi', 'Pravindra Kumar', 'Partha Roy', 'Saugata Hazra', 'Akhil Upadhyay']"
v0_099_call_for_proposal_of_nidhi_prayas_program,Sachin Suresh Tiwari,"['Sachin Suresh Tiwari', 'Pravindra Kumar', 'Maya S.Nair']"
v0_099_call_for_proposal_of_nidhi_prayas_program,Jitin Singla,"['Jitin Singla', 'Rajesh Kumar', 'N K Navani']"
v0_099_call_for_proposal_of_nidhi_prayas_program,Rajesh Kumar,"['Rajesh Kumar', 'Shailly Tomar', 'Sachin Suresh Tiwari', 'R. P. Singh', 'Saugata Hazra']"
v0_099_call_for_proposal_of_nidhi_prayas_program,Akhil Upadhyay,"['Akhil Upadhyay', 'Sanjoy Ghosh', 'Soma Rohatgi', 'Ranjana Pathania', 'Pravindra Kumar']"
v0_100_indo__poland_joint_research_programme_call_for_proposals_2019,Arindam Biswas,"['Arindam Biswas', 'Shailly Tomar', 'Saptarshi Kolay', 'Harsh Chauhan', 'E Rajasekar']"
v0_100_indo__poland_joint_research_programme_call_for_proposals_2019,Avlokita Agrawal,"['Avlokita Agrawal', 'Shailly Tomar', 'Saptarshi Kolay', 'Harsh Chauhan', 'E Rajasekar']"
v0_100_indo__poland_joint_research_programme_call_for_proposals_2019,Gaurav Raheja,"['Gaurav Raheja', 'Shailly Tomar', 'Saptarshi Kolay', 'Harsh Chauhan', 'E Rajasekar']"
v0_100_indo__poland_joint_research_programme_call_for_proposals_2019,Harshit Sosan Lakra,"['Harshit Sosan Lakra', 'Shailly Tomar', 'Saptarshi Kolay', 'Harsh Chauhan', 'E Rajasekar']"
v0_100_indo__poland_joint_research_programme_call_for_proposals_2019,Mahua Mukherjee,"['Mahua Mukherjee', 'Shailly Tomar', 'Saptarshi Kolay', 'Harsh Chauhan', 'E Rajasekar']"
v0_100_indo__poland_joint_research_programme_call_for_proposals_2019,Prabhjot Singh Chani,"['Prabhjot Singh Chani', 'Shailly Tomar', 'Saptarshi Kolay', 'Harsh Chauhan', 'E Rajasekar']"
v0_100_indo__poland_joint_research_programme_call_for_proposals_2019,E Rajasekar,"['E Rajasekar', 'Shailly Tomar', 'Saptarshi Kolay', 'Harsh Chauhan', 'Arindam Biswas']"
v0_100_indo__poland_joint_research_programme_call_for_proposals_2019,Ram Sateesh Pasupuleti,"['Ram Sateesh Pasupuleti', 'Shailly Tomar', 'Saptarshi Kolay', 'Harsh Chauhan', 'E Rajasekar']"
v0_100_indo__poland_joint_research_programme_call_for_proposals_2019,Saptarshi Kolay,"['Saptarshi Kolay', 'Shailly Tomar', 'Harsh Chauhan', 'E Rajasekar', 'Arindam Biswas']"
v0_100_indo__poland_joint_research_programme_call_for_proposals_2019,Shubhajit Sadhukhan,"['Shubhajit Sadhukhan', 'Shailly Tomar', 'Saptarshi Kolay', 'Harsh Chauhan', 'E Rajasekar']"
v0_100_indo__poland_joint_research_programme_call_for_proposals_2019,Smriti Saraswat,"['Smriti Saraswat', 'Shailly Tomar', 'Saptarshi Kolay', 'Harsh Chauhan', 'E Rajasekar']"
v0_100_indo__poland_joint_research_programme_call_for_proposals_2019,Sonal Atreya,"['Sonal Atreya', 'Shailly Tomar', 'Saptarshi Kolay', 'Harsh Chauhan', 'E Rajasekar']"
v0_100_indo__poland_joint_research_programme_call_for_proposals_2019,Tina Pujara,"['Tina Pujara', 'Shailly Tomar', 'Saptarshi Kolay', 'Harsh Chauhan', 'E Rajasekar']"
v0_100_indo__poland_joint_research_programme_call_for_proposals_2019,Uttam Kumar Roy,"['Uttam Kumar Roy', 'Shailly Tomar', 'Saptarshi Kolay', 'Harsh Chauhan', 'E Rajasekar']"
v0_100_indo__poland_joint_research_programme_call_for_proposals_2019,V Devadas,"['V Devadas', 'Shailly Tomar', 'Saptarshi Kolay', 'Harsh Chauhan', 'E Rajasekar']"
v0_100_indo__poland_joint_research_programme_call_for_proposals_2019,Jaydev Dabas,"['Jaydev Dabas', 'Shailly Tomar', 'Saptarshi Kolay', 'Harsh Chauhan', 'E Rajasekar']"
v0_100_indo__poland_joint_research_programme_call_for_proposals_2019,Millie Pant,"['Millie Pant', 'Shailly Tomar', 'Saptarshi Kolay', 'Harsh Chauhan', 'E Rajasekar']"
v0_100_indo__poland_joint_research_programme_call_for_proposals_2019,Rajan Arora,"['Rajan Arora', 'Shailly Tomar', 'Saptarshi Kolay', 'Harsh Chauhan', 'E Rajasekar']"
v0_100_indo__poland_joint_research_programme_call_for_proposals_2019,Ashwani Kumar Sharma,"['Ashwani Kumar Sharma', 'Shailly Tomar', 'Saptarshi Kolay', 'Harsh Chauhan', 'E Rajasekar']"
v0_100_indo__poland_joint_research_programme_call_for_proposals_2019,Bijan Choudhury,"['Bijan Choudhury', 'Shailly Tomar', 'Saptarshi Kolay', 'Harsh Chauhan', 'E Rajasekar']"
v0_100_indo__poland_joint_research_programme_call_for_proposals_2019,Debabrata Sircar,"['Debabrata Sircar', 'Shailly Tomar', 'Saptarshi Kolay', 'Harsh Chauhan', 'E Rajasekar']"
v0_100_indo__poland_joint_research_programme_call_for_proposals_2019,Deepak Sharma,"['Deepak Sharma', 'Shailly Tomar', 'Saptarshi Kolay', 'Harsh Chauhan', 'E Rajasekar']"
v0_100_indo__poland_joint_research_programme_call_for_proposals_2019,P Gopinath,"['P Gopinath', 'Shailly Tomar', 'Saptarshi Kolay', 'Harsh Chauhan', 'E Rajasekar']"
v0_100_indo__poland_joint_research_programme_call_for_proposals_2019,Harsh Chauhan,"['Harsh Chauhan', 'Shailly Tomar', 'Saptarshi Kolay', 'E Rajasekar', 'Arindam Biswas']"
v0_100_indo__poland_joint_research_programme_call_for_proposals_2019,Srinivas Kiran Ambatipudi,"['Srinivas Kiran Ambatipudi', 'Shailly Tomar', 'Saptarshi Kolay', 'Harsh Chauhan', 'E Rajasekar']"
v0_100_indo__poland_joint_research_programme_call_for_proposals_2019,Krishna Mohan Poluri,"['Krishna Mohan Poluri', 'Shailly Tomar', 'Saptarshi Kolay', 'Harsh Chauhan', 'E Rajasekar']"
v0_100_indo__poland_joint_research_programme_call_for_proposals_2019,Maya S.Nair,"['Maya S.Nair', 'Shailly Tomar', 'Saptarshi Kolay', 'Harsh Chauhan', 'E Rajasekar']"
v0_100_indo__poland_joint_research_programme_call_for_proposals_2019,N K Navani,"['N K Navani', 'Shailly Tomar', 'Saptarshi Kolay', 'Harsh Chauhan', 'E Rajasekar']"
v0_100_indo__poland_joint_research_programme_call_for_proposals_2019,Partha Roy,"['Partha Roy', 'Shailly Tomar', 'Saptarshi Kolay', 'Harsh Chauhan', 'E Rajasekar']"
v0_100_indo__poland_joint_research_programme_call_for_proposals_2019,Poonam Choudhary,"['Poonam Choudhary', 'Shailly Tomar', 'Saptarshi Kolay', 'Harsh Chauhan', 'E Rajasekar']"
v0_100_indo__poland_joint_research_programme_call_for_proposals_2019,Prabhat Kumar Mandal,"['Prabhat Kumar Mandal', 'Shailly Tomar', 'Saptarshi Kolay', 'Harsh Chauhan', 'E Rajasekar']"
v0_100_indo__poland_joint_research_programme_call_for_proposals_2019,Pranita P Sarangi,"['Pranita P Sarangi', 'Shailly Tomar', 'Saptarshi Kolay', 'Harsh Chauhan', 'E Rajasekar']"
v0_100_indo__poland_joint_research_programme_call_for_proposals_2019,Pravindra Kumar,"['Pravindra Kumar', 'Shailly Tomar', 'Saptarshi Kolay', 'Harsh Chauhan', 'E Rajasekar']"
v0_100_indo__poland_joint_research_programme_call_for_proposals_2019,Prince Tiwari,"['Prince Tiwari', 'Shailly Tomar', 'Saptarshi Kolay', 'Harsh Chauhan', 'E Rajasekar']"
v0_100_indo__poland_joint_research_programme_call_for_proposals_2019,R. P. Singh,"['R. P. Singh', 'Shailly Tomar', 'Saptarshi Kolay', 'Harsh Chauhan', 'E Rajasekar']"
v0_100_indo__poland_joint_research_programme_call_for_proposals_2019,Ramasare Prasad,"['Ramasare Prasad', 'Shailly Tomar', 'Saptarshi Kolay', 'Harsh Chauhan', 'E Rajasekar']"
v0_100_indo__poland_joint_research_programme_call_for_proposals_2019,Ranjana Pathania,"['Ranjana Pathania', 'Shailly Tomar', 'Saptarshi Kolay', 'Harsh Chauhan', 'E Rajasekar']"
v0_100_indo__poland_joint_research_programme_call_for_proposals_2019,Sanjoy Ghosh,"['Sanjoy Ghosh', 'Shailly Tomar', 'Saptarshi Kolay', 'Harsh Chauhan', 'E Rajasekar']"
v0_100_indo__poland_joint_research_programme_call_for_proposals_2019,Saugata Hazra,"['Saugata Hazra', 'Shailly Tomar', 'Saptarshi Kolay', 'Harsh Chauhan', 'E Rajasekar']"
v0_100_indo__poland_joint_research_programme_call_for_proposals_2019,Shailly Tomar,"['Shailly Tomar', 'Saptarshi Kolay', 'Harsh Chauhan', 'E Rajasekar', 'Arindam Biswas']"
v0_100_indo__poland_joint_research_programme_call_for_proposals_2019,Shri Ram Yadav,"['Shri Ram Yadav', 'Shailly Tomar', 'Saptarshi Kolay', 'Harsh Chauhan', 'E Rajasekar']"
v0_100_indo__poland_joint_research_programme_call_for_proposals_2019,Soma Rohatgi,"['Soma Rohatgi', 'Shailly Tomar', 'Saptarshi Kolay', 'Harsh Chauhan', 'E Rajasekar']"
v0_100_indo__poland_joint_research_programme_call_for_proposals_2019,Sachin Suresh Tiwari,"['Sachin Suresh Tiwari', 'Shailly Tomar', 'Saptarshi Kolay', 'Harsh Chauhan', 'E Rajasekar']"
v0_100_indo__poland_joint_research_programme_call_for_proposals_2019,Jitin Singla,"['Jitin Singla', 'Shailly Tomar', 'Saptarshi Kolay', 'Harsh Chauhan', 'E Rajasekar']"
v0_100_indo__poland_joint_research_programme_call_for_proposals_2019,Rajesh Kumar,"['Rajesh Kumar', 'Shailly Tomar', 'Saptarshi Kolay', 'Harsh Chauhan', 'E Rajasekar']"
v0_100_indo__poland_joint_research_programme_call_for_proposals_2019,Akhil Upadhyay,"['Akhil Upadhyay', 'Shailly Tomar', 'Saptarshi Kolay', 'Harsh Chauhan', 'E Rajasekar']"
