nsf_proposal_links_v0,researcher,pseudo_skills
v0_001_2nd_call_for_proposal_for_dst_sti_policy_fellowship_programme,Arindam Biswas,"['decade', 'pace']"
v0_001_2nd_call_for_proposal_for_dst_sti_policy_fellowship_programme,Avlokita Agrawal,[]
v0_001_2nd_call_for_proposal_for_dst_sti_policy_fellowship_programme,Gaurav Raheja,[]
v0_001_2nd_call_for_proposal_for_dst_sti_policy_fellowship_programme,Harshit Sosan Lakra,[]
v0_001_2nd_call_for_proposal_for_dst_sti_policy_fellowship_programme,Mahua Mukherjee,['decade']
v0_001_2nd_call_for_proposal_for_dst_sti_policy_fellowship_programme,Prabhjot Singh Chani,[]
v0_001_2nd_call_for_proposal_for_dst_sti_policy_fellowship_programme,E Rajasekar,['decade']
v0_001_2nd_call_for_proposal_for_dst_sti_policy_fellowship_programme,Ram Sateesh Pasupuleti,['pace']
v0_001_2nd_call_for_proposal_for_dst_sti_policy_fellowship_programme,Saptarshi Kolay,[]
v0_001_2nd_call_for_proposal_for_dst_sti_policy_fellowship_programme,Shubhajit Sadhukhan,[]
v0_001_2nd_call_for_proposal_for_dst_sti_policy_fellowship_programme,Smriti Saraswat,"['decade', 'pace']"
v0_001_2nd_call_for_proposal_for_dst_sti_policy_fellowship_programme,Sonal Atreya,"['decade', 'pace']"
v0_001_2nd_call_for_proposal_for_dst_sti_policy_fellowship_programme,Tina Pujara,['pace']
v0_001_2nd_call_for_proposal_for_dst_sti_policy_fellowship_programme,Uttam Kumar Roy,[]
v0_001_2nd_call_for_proposal_for_dst_sti_policy_fellowship_programme,V Devadas,"['decade', 'pace']"
v0_001_2nd_call_for_proposal_for_dst_sti_policy_fellowship_programme,Jaydev Dabas,[]
v0_001_2nd_call_for_proposal_for_dst_sti_policy_fellowship_programme,Millie Pant,[]
v0_001_2nd_call_for_proposal_for_dst_sti_policy_fellowship_programme,Rajan Arora,[]
v0_001_2nd_call_for_proposal_for_dst_sti_policy_fellowship_programme,Ashwani Kumar Sharma,['pace']
v0_001_2nd_call_for_proposal_for_dst_sti_policy_fellowship_programme,Bijan Choudhury,[]
v0_001_2nd_call_for_proposal_for_dst_sti_policy_fellowship_programme,Debabrata Sircar,"['decade', 'pace']"
v0_001_2nd_call_for_proposal_for_dst_sti_policy_fellowship_programme,Deepak Sharma,"['decade', 'pace']"
v0_001_2nd_call_for_proposal_for_dst_sti_policy_fellowship_programme,P Gopinath,['pace']
v0_001_2nd_call_for_proposal_for_dst_sti_policy_fellowship_programme,Harsh Chauhan,[]
v0_001_2nd_call_for_proposal_for_dst_sti_policy_fellowship_programme,Srinivas Kiran Ambatipudi,[]
v0_001_2nd_call_for_proposal_for_dst_sti_policy_fellowship_programme,Krishna Mohan Poluri,"['decade', 'pace']"
v0_001_2nd_call_for_proposal_for_dst_sti_policy_fellowship_programme,Maya S.Nair,['pace']
v0_001_2nd_call_for_proposal_for_dst_sti_policy_fellowship_programme,N K Navani,['pace']
v0_001_2nd_call_for_proposal_for_dst_sti_policy_fellowship_programme,Partha Roy,['pace']
v0_001_2nd_call_for_proposal_for_dst_sti_policy_fellowship_programme,Poonam Choudhary,[]
v0_001_2nd_call_for_proposal_for_dst_sti_policy_fellowship_programme,Prabhat Kumar Mandal,"['decade', 'pace']"
v0_001_2nd_call_for_proposal_for_dst_sti_policy_fellowship_programme,Pranita P Sarangi,[]
v0_001_2nd_call_for_proposal_for_dst_sti_policy_fellowship_programme,Pravindra Kumar,['pace']
v0_001_2nd_call_for_proposal_for_dst_sti_policy_fellowship_programme,Prince Tiwari,[]
v0_001_2nd_call_for_proposal_for_dst_sti_policy_fellowship_programme,R. P. Singh,[]
v0_001_2nd_call_for_proposal_for_dst_sti_policy_fellowship_programme,Ramasare Prasad,[]
v0_001_2nd_call_for_proposal_for_dst_sti_policy_fellowship_programme,Ranjana Pathania,['decade']
v0_001_2nd_call_for_proposal_for_dst_sti_policy_fellowship_programme,Sanjoy Ghosh,[]
v0_001_2nd_call_for_proposal_for_dst_sti_policy_fellowship_programme,Saugata Hazra,[]
v0_001_2nd_call_for_proposal_for_dst_sti_policy_fellowship_programme,Shailly Tomar,['pace']
v0_001_2nd_call_for_proposal_for_dst_sti_policy_fellowship_programme,Shri Ram Yadav,[]
v0_001_2nd_call_for_proposal_for_dst_sti_policy_fellowship_programme,Soma Rohatgi,['decade']
v0_001_2nd_call_for_proposal_for_dst_sti_policy_fellowship_programme,Sachin Suresh Tiwari,['decade']
v0_001_2nd_call_for_proposal_for_dst_sti_policy_fellowship_programme,Jitin Singla,['pace']
v0_001_2nd_call_for_proposal_for_dst_sti_policy_fellowship_programme,Rajesh Kumar,['decade']
v0_001_2nd_call_for_proposal_for_dst_sti_policy_fellowship_programme,Akhil Upadhyay,[]
v0_002_dst_daad_germany_joint_call_for_proposal_2017,Arindam Biswas,[]
v0_002_dst_daad_germany_joint_call_for_proposal_2017,Avlokita Agrawal,[]
v0_002_dst_daad_germany_joint_call_for_proposal_2017,Gaurav Raheja,[]
v0_002_dst_daad_germany_joint_call_for_proposal_2017,Harshit Sosan Lakra,['general']
v0_002_dst_daad_germany_joint_call_for_proposal_2017,Mahua Mukherjee,['general']
v0_002_dst_daad_germany_joint_call_for_proposal_2017,Prabhjot Singh Chani,['general']
v0_002_dst_daad_germany_joint_call_for_proposal_2017,E Rajasekar,[]
v0_002_dst_daad_germany_joint_call_for_proposal_2017,Ram Sateesh Pasupuleti,['general']
v0_002_dst_daad_germany_joint_call_for_proposal_2017,Saptarshi Kolay,[]
v0_002_dst_daad_germany_joint_call_for_proposal_2017,Shubhajit Sadhukhan,[]
v0_002_dst_daad_germany_joint_call_for_proposal_2017,Smriti Saraswat,[]
v0_002_dst_daad_germany_joint_call_for_proposal_2017,Sonal Atreya,[]
v0_002_dst_daad_germany_joint_call_for_proposal_2017,Tina Pujara,['general']
v0_002_dst_daad_germany_joint_call_for_proposal_2017,Uttam Kumar Roy,['general']
v0_002_dst_daad_germany_joint_call_for_proposal_2017,V Devadas,[]
v0_002_dst_daad_germany_joint_call_for_proposal_2017,Jaydev Dabas,[]
v0_002_dst_daad_germany_joint_call_for_proposal_2017,Millie Pant,[]
v0_002_dst_daad_germany_joint_call_for_proposal_2017,Rajan Arora,[]
v0_002_dst_daad_germany_joint_call_for_proposal_2017,Ashwani Kumar Sharma,['general']
v0_002_dst_daad_germany_joint_call_for_proposal_2017,Bijan Choudhury,[]
v0_002_dst_daad_germany_joint_call_for_proposal_2017,Debabrata Sircar,['general']
v0_002_dst_daad_germany_joint_call_for_proposal_2017,Deepak Sharma,['general']
v0_002_dst_daad_germany_joint_call_for_proposal_2017,P Gopinath,[]
v0_002_dst_daad_germany_joint_call_for_proposal_2017,Harsh Chauhan,[]
v0_002_dst_daad_germany_joint_call_for_proposal_2017,Srinivas Kiran Ambatipudi,[]
v0_002_dst_daad_germany_joint_call_for_proposal_2017,Krishna Mohan Poluri,['general']
v0_002_dst_daad_germany_joint_call_for_proposal_2017,Maya S.Nair,['general']
v0_002_dst_daad_germany_joint_call_for_proposal_2017,N K Navani,['general']
v0_002_dst_daad_germany_joint_call_for_proposal_2017,Partha Roy,[]
v0_002_dst_daad_germany_joint_call_for_proposal_2017,Poonam Choudhary,[]
v0_002_dst_daad_germany_joint_call_for_proposal_2017,Prabhat Kumar Mandal,[]
v0_002_dst_daad_germany_joint_call_for_proposal_2017,Pranita P Sarangi,[]
v0_002_dst_daad_germany_joint_call_for_proposal_2017,Pravindra Kumar,[]
v0_002_dst_daad_germany_joint_call_for_proposal_2017,Prince Tiwari,[]
v0_002_dst_daad_germany_joint_call_for_proposal_2017,R. P. Singh,[]
v0_002_dst_daad_germany_joint_call_for_proposal_2017,Ramasare Prasad,[]
v0_002_dst_daad_germany_joint_call_for_proposal_2017,Ranjana Pathania,['general']
v0_002_dst_daad_germany_joint_call_for_proposal_2017,Sanjoy Ghosh,['general']
v0_002_dst_daad_germany_joint_call_for_proposal_2017,Saugata Hazra,['general']
v0_002_dst_daad_germany_joint_call_for_proposal_2017,Shailly Tomar,[]
v0_002_dst_daad_germany_joint_call_for_proposal_2017,Shri Ram Yadav,[]
v0_002_dst_daad_germany_joint_call_for_proposal_2017,Soma Rohatgi,['general']
v0_002_dst_daad_germany_joint_call_for_proposal_2017,Sachin Suresh Tiwari,['general']
v0_002_dst_daad_germany_joint_call_for_proposal_2017,Jitin Singla,[]
v0_002_dst_daad_germany_joint_call_for_proposal_2017,Rajesh Kumar,[]
v0_002_dst_daad_germany_joint_call_for_proposal_2017,Akhil Upadhyay,['general']
v0_003_call_for_applications_under_the_second_phase_of_the_national_geospatial_chair_professor_scheme,Arindam Biswas,"['building', 'capacity building', 'decade']"
v0_003_call_for_applications_under_the_second_phase_of_the_national_geospatial_chair_professor_scheme,Avlokita Agrawal,"['building', 'capacity building', 'chair']"
v0_003_call_for_applications_under_the_second_phase_of_the_national_geospatial_chair_professor_scheme,Gaurav Raheja,['chair']
v0_003_call_for_applications_under_the_second_phase_of_the_national_geospatial_chair_professor_scheme,Harshit Sosan Lakra,[]
v0_003_call_for_applications_under_the_second_phase_of_the_national_geospatial_chair_professor_scheme,Mahua Mukherjee,"['building', 'capacity building', 'chair', 'decade', 'demand']"
v0_003_call_for_applications_under_the_second_phase_of_the_national_geospatial_chair_professor_scheme,Prabhjot Singh Chani,['building']
v0_003_call_for_applications_under_the_second_phase_of_the_national_geospatial_chair_professor_scheme,E Rajasekar,"['building', 'capacity building', 'decade', 'demand']"
v0_003_call_for_applications_under_the_second_phase_of_the_national_geospatial_chair_professor_scheme,Ram Sateesh Pasupuleti,[]
v0_003_call_for_applications_under_the_second_phase_of_the_national_geospatial_chair_professor_scheme,Saptarshi Kolay,"['building', 'capacity building', 'demand']"
v0_003_call_for_applications_under_the_second_phase_of_the_national_geospatial_chair_professor_scheme,Shubhajit Sadhukhan,['demand']
v0_003_call_for_applications_under_the_second_phase_of_the_national_geospatial_chair_professor_scheme,Smriti Saraswat,"['building', 'capacity building', 'chair', 'decade', 'demand']"
v0_003_call_for_applications_under_the_second_phase_of_the_national_geospatial_chair_professor_scheme,Sonal Atreya,['decade']
v0_003_call_for_applications_under_the_second_phase_of_the_national_geospatial_chair_professor_scheme,Tina Pujara,[]
v0_003_call_for_applications_under_the_second_phase_of_the_national_geospatial_chair_professor_scheme,Uttam Kumar Roy,"['building', 'capacity building']"
v0_003_call_for_applications_under_the_second_phase_of_the_national_geospatial_chair_professor_scheme,V Devadas,['decade']
v0_003_call_for_applications_under_the_second_phase_of_the_national_geospatial_chair_professor_scheme,Jaydev Dabas,[]
v0_003_call_for_applications_under_the_second_phase_of_the_national_geospatial_chair_professor_scheme,Millie Pant,[]
v0_003_call_for_applications_under_the_second_phase_of_the_national_geospatial_chair_professor_scheme,Rajan Arora,[]
v0_003_call_for_applications_under_the_second_phase_of_the_national_geospatial_chair_professor_scheme,Ashwani Kumar Sharma,[]
v0_003_call_for_applications_under_the_second_phase_of_the_national_geospatial_chair_professor_scheme,Bijan Choudhury,['chair']
v0_003_call_for_applications_under_the_second_phase_of_the_national_geospatial_chair_professor_scheme,Debabrata Sircar,"['decade', 'demand']"
v0_003_call_for_applications_under_the_second_phase_of_the_national_geospatial_chair_professor_scheme,Deepak Sharma,"['capacity building', 'decade']"
v0_003_call_for_applications_under_the_second_phase_of_the_national_geospatial_chair_professor_scheme,P Gopinath,[]
v0_003_call_for_applications_under_the_second_phase_of_the_national_geospatial_chair_professor_scheme,Harsh Chauhan,[]
v0_003_call_for_applications_under_the_second_phase_of_the_national_geospatial_chair_professor_scheme,Srinivas Kiran Ambatipudi,[]
v0_003_call_for_applications_under_the_second_phase_of_the_national_geospatial_chair_professor_scheme,Krishna Mohan Poluri,['decade']
v0_003_call_for_applications_under_the_second_phase_of_the_national_geospatial_chair_professor_scheme,Maya S.Nair,['demand']
v0_003_call_for_applications_under_the_second_phase_of_the_national_geospatial_chair_professor_scheme,N K Navani,[]
v0_003_call_for_applications_under_the_second_phase_of_the_national_geospatial_chair_professor_scheme,Partha Roy,[]
v0_003_call_for_applications_under_the_second_phase_of_the_national_geospatial_chair_professor_scheme,Poonam Choudhary,['demand']
v0_003_call_for_applications_under_the_second_phase_of_the_national_geospatial_chair_professor_scheme,Prabhat Kumar Mandal,"['chair', 'decade']"
v0_003_call_for_applications_under_the_second_phase_of_the_national_geospatial_chair_professor_scheme,Pranita P Sarangi,[]
v0_003_call_for_applications_under_the_second_phase_of_the_national_geospatial_chair_professor_scheme,Pravindra Kumar,[]
v0_003_call_for_applications_under_the_second_phase_of_the_national_geospatial_chair_professor_scheme,Prince Tiwari,[]
v0_003_call_for_applications_under_the_second_phase_of_the_national_geospatial_chair_professor_scheme,R. P. Singh,[]
v0_003_call_for_applications_under_the_second_phase_of_the_national_geospatial_chair_professor_scheme,Ramasare Prasad,[]
v0_003_call_for_applications_under_the_second_phase_of_the_national_geospatial_chair_professor_scheme,Ranjana Pathania,"['decade', 'demand']"
v0_003_call_for_applications_under_the_second_phase_of_the_national_geospatial_chair_professor_scheme,Sanjoy Ghosh,[]
v0_003_call_for_applications_under_the_second_phase_of_the_national_geospatial_chair_professor_scheme,Saugata Hazra,[]
v0_003_call_for_applications_under_the_second_phase_of_the_national_geospatial_chair_professor_scheme,Shailly Tomar,[]
v0_003_call_for_applications_under_the_second_phase_of_the_national_geospatial_chair_professor_scheme,Shri Ram Yadav,[]
v0_003_call_for_applications_under_the_second_phase_of_the_national_geospatial_chair_professor_scheme,Soma Rohatgi,['decade']
v0_003_call_for_applications_under_the_second_phase_of_the_national_geospatial_chair_professor_scheme,Sachin Suresh Tiwari,"['chair', 'decade']"
v0_003_call_for_applications_under_the_second_phase_of_the_national_geospatial_chair_professor_scheme,Jitin Singla,['chair']
v0_003_call_for_applications_under_the_second_phase_of_the_national_geospatial_chair_professor_scheme,Rajesh Kumar,"['decade', 'demand']"
v0_003_call_for_applications_under_the_second_phase_of_the_national_geospatial_chair_professor_scheme,Akhil Upadhyay,"['building', 'capacity building', 'chair', 'demand']"
v0_004_advertisement_for_submission_of_research_proposal_under_cognitive_science_research_initiative,Arindam Biswas,"['computer', 'design']"
v0_004_advertisement_for_submission_of_research_proposal_under_cognitive_science_research_initiative,Avlokita Agrawal,"['computer', 'modeling']"
v0_004_advertisement_for_submission_of_research_proposal_under_cognitive_science_research_initiative,Gaurav Raheja,"['artificial intelligence', 'computer', 'design', 'software']"
v0_004_advertisement_for_submission_of_research_proposal_under_cognitive_science_research_initiative,Harshit Sosan Lakra,[]
v0_004_advertisement_for_submission_of_research_proposal_under_cognitive_science_research_initiative,Mahua Mukherjee,"['artificial intelligence', 'design', 'modeling']"
v0_004_advertisement_for_submission_of_research_proposal_under_cognitive_science_research_initiative,Prabhjot Singh Chani,"['computer', 'modeling']"
v0_004_advertisement_for_submission_of_research_proposal_under_cognitive_science_research_initiative,E Rajasekar,"['design', 'modeling', 'software']"
v0_004_advertisement_for_submission_of_research_proposal_under_cognitive_science_research_initiative,Ram Sateesh Pasupuleti,"['artificial intelligence', 'computer']"
v0_004_advertisement_for_submission_of_research_proposal_under_cognitive_science_research_initiative,Saptarshi Kolay,"['artificial intelligence', 'computer', 'design', 'modeling']"
v0_004_advertisement_for_submission_of_research_proposal_under_cognitive_science_research_initiative,Shubhajit Sadhukhan,[]
v0_004_advertisement_for_submission_of_research_proposal_under_cognitive_science_research_initiative,Smriti Saraswat,[]
v0_004_advertisement_for_submission_of_research_proposal_under_cognitive_science_research_initiative,Sonal Atreya,"['artificial intelligence', 'computer']"
v0_004_advertisement_for_submission_of_research_proposal_under_cognitive_science_research_initiative,Tina Pujara,"['artificial intelligence', 'computer', 'modeling']"
v0_004_advertisement_for_submission_of_research_proposal_under_cognitive_science_research_initiative,Uttam Kumar Roy,"['artificial intelligence', 'computer', 'design', 'modeling']"
v0_004_advertisement_for_submission_of_research_proposal_under_cognitive_science_research_initiative,V Devadas,"['computer', 'design']"
v0_004_advertisement_for_submission_of_research_proposal_under_cognitive_science_research_initiative,Jaydev Dabas,"['artificial intelligence', 'design', 'modeling']"
v0_004_advertisement_for_submission_of_research_proposal_under_cognitive_science_research_initiative,Millie Pant,"['artificial intelligence', 'modeling']"
v0_004_advertisement_for_submission_of_research_proposal_under_cognitive_science_research_initiative,Rajan Arora,"['artificial intelligence', 'computer', 'modeling', 'software']"
v0_004_advertisement_for_submission_of_research_proposal_under_cognitive_science_research_initiative,Ashwani Kumar Sharma,"['computer', 'design', 'software']"
v0_004_advertisement_for_submission_of_research_proposal_under_cognitive_science_research_initiative,Bijan Choudhury,[]
v0_004_advertisement_for_submission_of_research_proposal_under_cognitive_science_research_initiative,Debabrata Sircar,"['artificial intelligence', 'computer', 'software']"
v0_004_advertisement_for_submission_of_research_proposal_under_cognitive_science_research_initiative,Deepak Sharma,"['artificial intelligence', 'modeling']"
v0_004_advertisement_for_submission_of_research_proposal_under_cognitive_science_research_initiative,P Gopinath,[]
v0_004_advertisement_for_submission_of_research_proposal_under_cognitive_science_research_initiative,Harsh Chauhan,"['computer', 'modeling']"
v0_004_advertisement_for_submission_of_research_proposal_under_cognitive_science_research_initiative,Srinivas Kiran Ambatipudi,[]
v0_004_advertisement_for_submission_of_research_proposal_under_cognitive_science_research_initiative,Krishna Mohan Poluri,"['artificial intelligence', 'design']"
v0_004_advertisement_for_submission_of_research_proposal_under_cognitive_science_research_initiative,Maya S.Nair,['software']
v0_004_advertisement_for_submission_of_research_proposal_under_cognitive_science_research_initiative,N K Navani,[]
v0_004_advertisement_for_submission_of_research_proposal_under_cognitive_science_research_initiative,Partha Roy,"['computer', 'design']"
v0_004_advertisement_for_submission_of_research_proposal_under_cognitive_science_research_initiative,Poonam Choudhary,"['computer', 'design']"
v0_004_advertisement_for_submission_of_research_proposal_under_cognitive_science_research_initiative,Prabhat Kumar Mandal,"['computer', 'modeling']"
v0_004_advertisement_for_submission_of_research_proposal_under_cognitive_science_research_initiative,Pranita P Sarangi,[]
v0_004_advertisement_for_submission_of_research_proposal_under_cognitive_science_research_initiative,Pravindra Kumar,['software']
v0_004_advertisement_for_submission_of_research_proposal_under_cognitive_science_research_initiative,Prince Tiwari,"['artificial intelligence', 'design', 'modeling', 'software']"
v0_004_advertisement_for_submission_of_research_proposal_under_cognitive_science_research_initiative,R. P. Singh,"['design', 'modeling']"
v0_004_advertisement_for_submission_of_research_proposal_under_cognitive_science_research_initiative,Ramasare Prasad,"['artificial intelligence', 'computer']"
v0_004_advertisement_for_submission_of_research_proposal_under_cognitive_science_research_initiative,Ranjana Pathania,"['artificial intelligence', 'design', 'software']"
v0_004_advertisement_for_submission_of_research_proposal_under_cognitive_science_research_initiative,Sanjoy Ghosh,[]
v0_004_advertisement_for_submission_of_research_proposal_under_cognitive_science_research_initiative,Saugata Hazra,"['artificial intelligence', 'design', 'modeling']"
v0_004_advertisement_for_submission_of_research_proposal_under_cognitive_science_research_initiative,Shailly Tomar,['software']
v0_004_advertisement_for_submission_of_research_proposal_under_cognitive_science_research_initiative,Shri Ram Yadav,['modeling']
v0_004_advertisement_for_submission_of_research_proposal_under_cognitive_science_research_initiative,Soma Rohatgi,"['artificial intelligence', 'design']"
v0_004_advertisement_for_submission_of_research_proposal_under_cognitive_science_research_initiative,Sachin Suresh Tiwari,['artificial intelligence']
v0_004_advertisement_for_submission_of_research_proposal_under_cognitive_science_research_initiative,Jitin Singla,"['computer', 'modeling', 'software']"
v0_004_advertisement_for_submission_of_research_proposal_under_cognitive_science_research_initiative,Rajesh Kumar,"['design', 'modeling', 'software']"
v0_004_advertisement_for_submission_of_research_proposal_under_cognitive_science_research_initiative,Akhil Upadhyay,"['computer', 'design', 'modeling']"
v0_005_invites_science_and_technology_project_proposals___ministry_of_mines,Arindam Biswas,"['aspect', 'land']"
v0_005_invites_science_and_technology_project_proposals___ministry_of_mines,Avlokita Agrawal,"['input', 'land', 'material']"
v0_005_invites_science_and_technology_project_proposals___ministry_of_mines,Gaurav Raheja,"['aspect', 'material', 'sea', 'waste']"
v0_005_invites_science_and_technology_project_proposals___ministry_of_mines,Harshit Sosan Lakra,['material']
v0_005_invites_science_and_technology_project_proposals___ministry_of_mines,Mahua Mukherjee,"['land', 'material', 'waste']"
v0_005_invites_science_and_technology_project_proposals___ministry_of_mines,Prabhjot Singh Chani,"['efficiency', 'waste']"
v0_005_invites_science_and_technology_project_proposals___ministry_of_mines,E Rajasekar,"['aspect', 'material', 'sea', 'waste']"
v0_005_invites_science_and_technology_project_proposals___ministry_of_mines,Ram Sateesh Pasupuleti,['material']
v0_005_invites_science_and_technology_project_proposals___ministry_of_mines,Saptarshi Kolay,"['aspect', 'land', 'sea', 'waste']"
v0_005_invites_science_and_technology_project_proposals___ministry_of_mines,Shubhajit Sadhukhan,"['material', 'sea']"
v0_005_invites_science_and_technology_project_proposals___ministry_of_mines,Smriti Saraswat,['material']
v0_005_invites_science_and_technology_project_proposals___ministry_of_mines,Sonal Atreya,"['aspect', 'material', 'sea', 'waste']"
v0_005_invites_science_and_technology_project_proposals___ministry_of_mines,Tina Pujara,"['material', 'sea']"
v0_005_invites_science_and_technology_project_proposals___ministry_of_mines,Uttam Kumar Roy,"['aspect', 'material', 'sea', 'waste']"
v0_005_invites_science_and_technology_project_proposals___ministry_of_mines,V Devadas,"['aspect', 'sea', 'waste']"
v0_005_invites_science_and_technology_project_proposals___ministry_of_mines,Jaydev Dabas,['efficiency']
v0_005_invites_science_and_technology_project_proposals___ministry_of_mines,Millie Pant,"['efficiency', 'input', 'material']"
v0_005_invites_science_and_technology_project_proposals___ministry_of_mines,Rajan Arora,[]
v0_005_invites_science_and_technology_project_proposals___ministry_of_mines,Ashwani Kumar Sharma,"['material', 'waste']"
v0_005_invites_science_and_technology_project_proposals___ministry_of_mines,Bijan Choudhury,[]
v0_005_invites_science_and_technology_project_proposals___ministry_of_mines,Debabrata Sircar,"['land', 'material', 'waste']"
v0_005_invites_science_and_technology_project_proposals___ministry_of_mines,Deepak Sharma,['material']
v0_005_invites_science_and_technology_project_proposals___ministry_of_mines,P Gopinath,"['material', 'waste']"
v0_005_invites_science_and_technology_project_proposals___ministry_of_mines,Harsh Chauhan,['input']
v0_005_invites_science_and_technology_project_proposals___ministry_of_mines,Srinivas Kiran Ambatipudi,['land']
v0_005_invites_science_and_technology_project_proposals___ministry_of_mines,Krishna Mohan Poluri,"['material', 'waste']"
v0_005_invites_science_and_technology_project_proposals___ministry_of_mines,Maya S.Nair,"['aspect', 'land', 'material', 'sea']"
v0_005_invites_science_and_technology_project_proposals___ministry_of_mines,N K Navani,"['aspect', 'land', 'material', 'sea', 'waste']"
v0_005_invites_science_and_technology_project_proposals___ministry_of_mines,Partha Roy,['material']
v0_005_invites_science_and_technology_project_proposals___ministry_of_mines,Poonam Choudhary,['waste']
v0_005_invites_science_and_technology_project_proposals___ministry_of_mines,Prabhat Kumar Mandal,"['aspect', 'material']"
v0_005_invites_science_and_technology_project_proposals___ministry_of_mines,Pranita P Sarangi,[]
v0_005_invites_science_and_technology_project_proposals___ministry_of_mines,Pravindra Kumar,"['sea', 'waste']"
v0_005_invites_science_and_technology_project_proposals___ministry_of_mines,Prince Tiwari,"['efficiency', 'material', 'sea', 'waste']"
v0_005_invites_science_and_technology_project_proposals___ministry_of_mines,R. P. Singh,"['input', 'material', 'sea']"
v0_005_invites_science_and_technology_project_proposals___ministry_of_mines,Ramasare Prasad,"['input', 'material', 'waste']"
v0_005_invites_science_and_technology_project_proposals___ministry_of_mines,Ranjana Pathania,"['efficiency', 'input', 'land', 'material']"
v0_005_invites_science_and_technology_project_proposals___ministry_of_mines,Sanjoy Ghosh,"['input', 'material']"
v0_005_invites_science_and_technology_project_proposals___ministry_of_mines,Saugata Hazra,['material']
v0_005_invites_science_and_technology_project_proposals___ministry_of_mines,Shailly Tomar,"['aspect', 'land', 'material', 'waste']"
v0_005_invites_science_and_technology_project_proposals___ministry_of_mines,Shri Ram Yadav,['input']
v0_005_invites_science_and_technology_project_proposals___ministry_of_mines,Soma Rohatgi,"['aspect', 'efficiency', 'material']"
v0_005_invites_science_and_technology_project_proposals___ministry_of_mines,Sachin Suresh Tiwari,"['efficiency', 'input', 'sea']"
v0_005_invites_science_and_technology_project_proposals___ministry_of_mines,Jitin Singla,"['material', 'sea']"
v0_005_invites_science_and_technology_project_proposals___ministry_of_mines,Rajesh Kumar,"['aspect', 'efficiency', 'input', 'land', 'material', 'waste']"
v0_005_invites_science_and_technology_project_proposals___ministry_of_mines,Akhil Upadhyay,"['efficiency', 'sea']"
v0_006_call_for_proposals_under_india_republic_of_korea_joint_programme_of_cooperation,Arindam Biswas,['engineering']
v0_006_call_for_proposals_under_india_republic_of_korea_joint_programme_of_cooperation,Avlokita Agrawal,['engineering']
v0_006_call_for_proposals_under_india_republic_of_korea_joint_programme_of_cooperation,Gaurav Raheja,['engineering']
v0_006_call_for_proposals_under_india_republic_of_korea_joint_programme_of_cooperation,Harshit Sosan Lakra,[]
v0_006_call_for_proposals_under_india_republic_of_korea_joint_programme_of_cooperation,Mahua Mukherjee,[]
v0_006_call_for_proposals_under_india_republic_of_korea_joint_programme_of_cooperation,Prabhjot Singh Chani,[]
v0_006_call_for_proposals_under_india_republic_of_korea_joint_programme_of_cooperation,E Rajasekar,[]
v0_006_call_for_proposals_under_india_republic_of_korea_joint_programme_of_cooperation,Ram Sateesh Pasupuleti,[]
v0_006_call_for_proposals_under_india_republic_of_korea_joint_programme_of_cooperation,Saptarshi Kolay,['engineering']
v0_006_call_for_proposals_under_india_republic_of_korea_joint_programme_of_cooperation,Shubhajit Sadhukhan,[]
v0_006_call_for_proposals_under_india_republic_of_korea_joint_programme_of_cooperation,Smriti Saraswat,[]
v0_006_call_for_proposals_under_india_republic_of_korea_joint_programme_of_cooperation,Sonal Atreya,['engineering']
v0_006_call_for_proposals_under_india_republic_of_korea_joint_programme_of_cooperation,Tina Pujara,[]
v0_006_call_for_proposals_under_india_republic_of_korea_joint_programme_of_cooperation,Uttam Kumar Roy,[]
v0_006_call_for_proposals_under_india_republic_of_korea_joint_programme_of_cooperation,V Devadas,[]
v0_006_call_for_proposals_under_india_republic_of_korea_joint_programme_of_cooperation,Jaydev Dabas,[]
v0_006_call_for_proposals_under_india_republic_of_korea_joint_programme_of_cooperation,Millie Pant,[]
v0_006_call_for_proposals_under_india_republic_of_korea_joint_programme_of_cooperation,Rajan Arora,[]
v0_006_call_for_proposals_under_india_republic_of_korea_joint_programme_of_cooperation,Ashwani Kumar Sharma,[]
v0_006_call_for_proposals_under_india_republic_of_korea_joint_programme_of_cooperation,Bijan Choudhury,['engineering']
v0_006_call_for_proposals_under_india_republic_of_korea_joint_programme_of_cooperation,Debabrata Sircar,[]
v0_006_call_for_proposals_under_india_republic_of_korea_joint_programme_of_cooperation,Deepak Sharma,[]
v0_006_call_for_proposals_under_india_republic_of_korea_joint_programme_of_cooperation,P Gopinath,[]
v0_006_call_for_proposals_under_india_republic_of_korea_joint_programme_of_cooperation,Harsh Chauhan,[]
v0_006_call_for_proposals_under_india_republic_of_korea_joint_programme_of_cooperation,Srinivas Kiran Ambatipudi,[]
v0_006_call_for_proposals_under_india_republic_of_korea_joint_programme_of_cooperation,Krishna Mohan Poluri,[]
v0_006_call_for_proposals_under_india_republic_of_korea_joint_programme_of_cooperation,Maya S.Nair,[]
v0_006_call_for_proposals_under_india_republic_of_korea_joint_programme_of_cooperation,N K Navani,[]
v0_006_call_for_proposals_under_india_republic_of_korea_joint_programme_of_cooperation,Partha Roy,[]
v0_006_call_for_proposals_under_india_republic_of_korea_joint_programme_of_cooperation,Poonam Choudhary,['engineering']
v0_006_call_for_proposals_under_india_republic_of_korea_joint_programme_of_cooperation,Prabhat Kumar Mandal,['engineering']
v0_006_call_for_proposals_under_india_republic_of_korea_joint_programme_of_cooperation,Pranita P Sarangi,[]
v0_006_call_for_proposals_under_india_republic_of_korea_joint_programme_of_cooperation,Pravindra Kumar,[]
v0_006_call_for_proposals_under_india_republic_of_korea_joint_programme_of_cooperation,Prince Tiwari,['engineering']
v0_006_call_for_proposals_under_india_republic_of_korea_joint_programme_of_cooperation,R. P. Singh,['engineering']
v0_006_call_for_proposals_under_india_republic_of_korea_joint_programme_of_cooperation,Ramasare Prasad,['engineering']
v0_006_call_for_proposals_under_india_republic_of_korea_joint_programme_of_cooperation,Ranjana Pathania,[]
v0_006_call_for_proposals_under_india_republic_of_korea_joint_programme_of_cooperation,Sanjoy Ghosh,['engineering']
v0_006_call_for_proposals_under_india_republic_of_korea_joint_programme_of_cooperation,Saugata Hazra,['engineering']
v0_006_call_for_proposals_under_india_republic_of_korea_joint_programme_of_cooperation,Shailly Tomar,[]
v0_006_call_for_proposals_under_india_republic_of_korea_joint_programme_of_cooperation,Shri Ram Yadav,['engineering']
v0_006_call_for_proposals_under_india_republic_of_korea_joint_programme_of_cooperation,Soma Rohatgi,['engineering']
v0_006_call_for_proposals_under_india_republic_of_korea_joint_programme_of_cooperation,Sachin Suresh Tiwari,['engineering']
v0_006_call_for_proposals_under_india_republic_of_korea_joint_programme_of_cooperation,Jitin Singla,[]
v0_006_call_for_proposals_under_india_republic_of_korea_joint_programme_of_cooperation,Rajesh Kumar,[]
v0_006_call_for_proposals_under_india_republic_of_korea_joint_programme_of_cooperation,Akhil Upadhyay,['engineering']
v0_007_india___korea_joint_network_centre___call_for_proposals___last_date___august_16_2017,Arindam Biswas,['engineering']
v0_007_india___korea_joint_network_centre___call_for_proposals___last_date___august_16_2017,Avlokita Agrawal,"['engineering', 'material']"
v0_007_india___korea_joint_network_centre___call_for_proposals___last_date___august_16_2017,Gaurav Raheja,"['engineering', 'material']"
v0_007_india___korea_joint_network_centre___call_for_proposals___last_date___august_16_2017,Harshit Sosan Lakra,['material']
v0_007_india___korea_joint_network_centre___call_for_proposals___last_date___august_16_2017,Mahua Mukherjee,['material']
v0_007_india___korea_joint_network_centre___call_for_proposals___last_date___august_16_2017,Prabhjot Singh Chani,[]
v0_007_india___korea_joint_network_centre___call_for_proposals___last_date___august_16_2017,E Rajasekar,['material']
v0_007_india___korea_joint_network_centre___call_for_proposals___last_date___august_16_2017,Ram Sateesh Pasupuleti,['material']
v0_007_india___korea_joint_network_centre___call_for_proposals___last_date___august_16_2017,Saptarshi Kolay,['engineering']
v0_007_india___korea_joint_network_centre___call_for_proposals___last_date___august_16_2017,Shubhajit Sadhukhan,['material']
v0_007_india___korea_joint_network_centre___call_for_proposals___last_date___august_16_2017,Smriti Saraswat,['material']
v0_007_india___korea_joint_network_centre___call_for_proposals___last_date___august_16_2017,Sonal Atreya,"['engineering', 'material']"
v0_007_india___korea_joint_network_centre___call_for_proposals___last_date___august_16_2017,Tina Pujara,['material']
v0_007_india___korea_joint_network_centre___call_for_proposals___last_date___august_16_2017,Uttam Kumar Roy,['material']
v0_007_india___korea_joint_network_centre___call_for_proposals___last_date___august_16_2017,V Devadas,[]
v0_007_india___korea_joint_network_centre___call_for_proposals___last_date___august_16_2017,Jaydev Dabas,[]
v0_007_india___korea_joint_network_centre___call_for_proposals___last_date___august_16_2017,Millie Pant,['material']
v0_007_india___korea_joint_network_centre___call_for_proposals___last_date___august_16_2017,Rajan Arora,[]
v0_007_india___korea_joint_network_centre___call_for_proposals___last_date___august_16_2017,Ashwani Kumar Sharma,['material']
v0_007_india___korea_joint_network_centre___call_for_proposals___last_date___august_16_2017,Bijan Choudhury,['engineering']
v0_007_india___korea_joint_network_centre___call_for_proposals___last_date___august_16_2017,Debabrata Sircar,['material']
v0_007_india___korea_joint_network_centre___call_for_proposals___last_date___august_16_2017,Deepak Sharma,['material']
v0_007_india___korea_joint_network_centre___call_for_proposals___last_date___august_16_2017,P Gopinath,['material']
v0_007_india___korea_joint_network_centre___call_for_proposals___last_date___august_16_2017,Harsh Chauhan,[]
v0_007_india___korea_joint_network_centre___call_for_proposals___last_date___august_16_2017,Srinivas Kiran Ambatipudi,[]
v0_007_india___korea_joint_network_centre___call_for_proposals___last_date___august_16_2017,Krishna Mohan Poluri,['material']
v0_007_india___korea_joint_network_centre___call_for_proposals___last_date___august_16_2017,Maya S.Nair,['material']
v0_007_india___korea_joint_network_centre___call_for_proposals___last_date___august_16_2017,N K Navani,['material']
v0_007_india___korea_joint_network_centre___call_for_proposals___last_date___august_16_2017,Partha Roy,['material']
v0_007_india___korea_joint_network_centre___call_for_proposals___last_date___august_16_2017,Poonam Choudhary,['engineering']
v0_007_india___korea_joint_network_centre___call_for_proposals___last_date___august_16_2017,Prabhat Kumar Mandal,"['engineering', 'material']"
v0_007_india___korea_joint_network_centre___call_for_proposals___last_date___august_16_2017,Pranita P Sarangi,[]
v0_007_india___korea_joint_network_centre___call_for_proposals___last_date___august_16_2017,Pravindra Kumar,[]
v0_007_india___korea_joint_network_centre___call_for_proposals___last_date___august_16_2017,Prince Tiwari,"['engineering', 'material']"
v0_007_india___korea_joint_network_centre___call_for_proposals___last_date___august_16_2017,R. P. Singh,"['engineering', 'material']"
v0_007_india___korea_joint_network_centre___call_for_proposals___last_date___august_16_2017,Ramasare Prasad,"['engineering', 'material']"
v0_007_india___korea_joint_network_centre___call_for_proposals___last_date___august_16_2017,Ranjana Pathania,['material']
v0_007_india___korea_joint_network_centre___call_for_proposals___last_date___august_16_2017,Sanjoy Ghosh,"['engineering', 'material']"
v0_007_india___korea_joint_network_centre___call_for_proposals___last_date___august_16_2017,Saugata Hazra,"['engineering', 'material']"
v0_007_india___korea_joint_network_centre___call_for_proposals___last_date___august_16_2017,Shailly Tomar,['material']
v0_007_india___korea_joint_network_centre___call_for_proposals___last_date___august_16_2017,Shri Ram Yadav,['engineering']
v0_007_india___korea_joint_network_centre___call_for_proposals___last_date___august_16_2017,Soma Rohatgi,"['engineering', 'material']"
v0_007_india___korea_joint_network_centre___call_for_proposals___last_date___august_16_2017,Sachin Suresh Tiwari,['engineering']
v0_007_india___korea_joint_network_centre___call_for_proposals___last_date___august_16_2017,Jitin Singla,['material']
v0_007_india___korea_joint_network_centre___call_for_proposals___last_date___august_16_2017,Rajesh Kumar,['material']
v0_007_india___korea_joint_network_centre___call_for_proposals___last_date___august_16_2017,Akhil Upadhyay,['engineering']
v0_008_bhaskara_advanced_solar_energy_base_fellowship__2017,Arindam Biswas,[]
v0_008_bhaskara_advanced_solar_energy_base_fellowship__2017,Avlokita Agrawal,[]
v0_008_bhaskara_advanced_solar_energy_base_fellowship__2017,Gaurav Raheja,[]
v0_008_bhaskara_advanced_solar_energy_base_fellowship__2017,Harshit Sosan Lakra,['general']
v0_008_bhaskara_advanced_solar_energy_base_fellowship__2017,Mahua Mukherjee,['general']
v0_008_bhaskara_advanced_solar_energy_base_fellowship__2017,Prabhjot Singh Chani,['general']
v0_008_bhaskara_advanced_solar_energy_base_fellowship__2017,E Rajasekar,[]
v0_008_bhaskara_advanced_solar_energy_base_fellowship__2017,Ram Sateesh Pasupuleti,['general']
v0_008_bhaskara_advanced_solar_energy_base_fellowship__2017,Saptarshi Kolay,[]
v0_008_bhaskara_advanced_solar_energy_base_fellowship__2017,Shubhajit Sadhukhan,[]
v0_008_bhaskara_advanced_solar_energy_base_fellowship__2017,Smriti Saraswat,[]
v0_008_bhaskara_advanced_solar_energy_base_fellowship__2017,Sonal Atreya,[]
v0_008_bhaskara_advanced_solar_energy_base_fellowship__2017,Tina Pujara,['general']
v0_008_bhaskara_advanced_solar_energy_base_fellowship__2017,Uttam Kumar Roy,['general']
v0_008_bhaskara_advanced_solar_energy_base_fellowship__2017,V Devadas,[]
v0_008_bhaskara_advanced_solar_energy_base_fellowship__2017,Jaydev Dabas,[]
v0_008_bhaskara_advanced_solar_energy_base_fellowship__2017,Millie Pant,[]
v0_008_bhaskara_advanced_solar_energy_base_fellowship__2017,Rajan Arora,[]
v0_008_bhaskara_advanced_solar_energy_base_fellowship__2017,Ashwani Kumar Sharma,['general']
v0_008_bhaskara_advanced_solar_energy_base_fellowship__2017,Bijan Choudhury,[]
v0_008_bhaskara_advanced_solar_energy_base_fellowship__2017,Debabrata Sircar,['general']
v0_008_bhaskara_advanced_solar_energy_base_fellowship__2017,Deepak Sharma,['general']
v0_008_bhaskara_advanced_solar_energy_base_fellowship__2017,P Gopinath,[]
v0_008_bhaskara_advanced_solar_energy_base_fellowship__2017,Harsh Chauhan,[]
v0_008_bhaskara_advanced_solar_energy_base_fellowship__2017,Srinivas Kiran Ambatipudi,[]
v0_008_bhaskara_advanced_solar_energy_base_fellowship__2017,Krishna Mohan Poluri,['general']
v0_008_bhaskara_advanced_solar_energy_base_fellowship__2017,Maya S.Nair,['general']
v0_008_bhaskara_advanced_solar_energy_base_fellowship__2017,N K Navani,['general']
v0_008_bhaskara_advanced_solar_energy_base_fellowship__2017,Partha Roy,[]
v0_008_bhaskara_advanced_solar_energy_base_fellowship__2017,Poonam Choudhary,[]
v0_008_bhaskara_advanced_solar_energy_base_fellowship__2017,Prabhat Kumar Mandal,[]
v0_008_bhaskara_advanced_solar_energy_base_fellowship__2017,Pranita P Sarangi,[]
v0_008_bhaskara_advanced_solar_energy_base_fellowship__2017,Pravindra Kumar,[]
v0_008_bhaskara_advanced_solar_energy_base_fellowship__2017,Prince Tiwari,[]
v0_008_bhaskara_advanced_solar_energy_base_fellowship__2017,R. P. Singh,[]
v0_008_bhaskara_advanced_solar_energy_base_fellowship__2017,Ramasare Prasad,[]
v0_008_bhaskara_advanced_solar_energy_base_fellowship__2017,Ranjana Pathania,['general']
v0_008_bhaskara_advanced_solar_energy_base_fellowship__2017,Sanjoy Ghosh,['general']
v0_008_bhaskara_advanced_solar_energy_base_fellowship__2017,Saugata Hazra,['general']
v0_008_bhaskara_advanced_solar_energy_base_fellowship__2017,Shailly Tomar,[]
v0_008_bhaskara_advanced_solar_energy_base_fellowship__2017,Shri Ram Yadav,[]
v0_008_bhaskara_advanced_solar_energy_base_fellowship__2017,Soma Rohatgi,['general']
v0_008_bhaskara_advanced_solar_energy_base_fellowship__2017,Sachin Suresh Tiwari,['general']
v0_008_bhaskara_advanced_solar_energy_base_fellowship__2017,Jitin Singla,[]
v0_008_bhaskara_advanced_solar_energy_base_fellowship__2017,Rajesh Kumar,[]
v0_008_bhaskara_advanced_solar_energy_base_fellowship__2017,Akhil Upadhyay,['general']
v0_009_building_energy_efficiency_higher_and_advanced_network_bhavan_fellowships__2017,Arindam Biswas,['building']
v0_009_building_energy_efficiency_higher_and_advanced_network_bhavan_fellowships__2017,Avlokita Agrawal,['building']
v0_009_building_energy_efficiency_higher_and_advanced_network_bhavan_fellowships__2017,Gaurav Raheja,[]
v0_009_building_energy_efficiency_higher_and_advanced_network_bhavan_fellowships__2017,Harshit Sosan Lakra,[]
v0_009_building_energy_efficiency_higher_and_advanced_network_bhavan_fellowships__2017,Mahua Mukherjee,['building']
v0_009_building_energy_efficiency_higher_and_advanced_network_bhavan_fellowships__2017,Prabhjot Singh Chani,"['building', 'efficiency']"
v0_009_building_energy_efficiency_higher_and_advanced_network_bhavan_fellowships__2017,E Rajasekar,['building']
v0_009_building_energy_efficiency_higher_and_advanced_network_bhavan_fellowships__2017,Ram Sateesh Pasupuleti,[]
v0_009_building_energy_efficiency_higher_and_advanced_network_bhavan_fellowships__2017,Saptarshi Kolay,['building']
v0_009_building_energy_efficiency_higher_and_advanced_network_bhavan_fellowships__2017,Shubhajit Sadhukhan,[]
v0_009_building_energy_efficiency_higher_and_advanced_network_bhavan_fellowships__2017,Smriti Saraswat,['building']
v0_009_building_energy_efficiency_higher_and_advanced_network_bhavan_fellowships__2017,Sonal Atreya,[]
v0_009_building_energy_efficiency_higher_and_advanced_network_bhavan_fellowships__2017,Tina Pujara,[]
v0_009_building_energy_efficiency_higher_and_advanced_network_bhavan_fellowships__2017,Uttam Kumar Roy,['building']
v0_009_building_energy_efficiency_higher_and_advanced_network_bhavan_fellowships__2017,V Devadas,[]
v0_009_building_energy_efficiency_higher_and_advanced_network_bhavan_fellowships__2017,Jaydev Dabas,['efficiency']
v0_009_building_energy_efficiency_higher_and_advanced_network_bhavan_fellowships__2017,Millie Pant,['efficiency']
v0_009_building_energy_efficiency_higher_and_advanced_network_bhavan_fellowships__2017,Rajan Arora,[]
v0_009_building_energy_efficiency_higher_and_advanced_network_bhavan_fellowships__2017,Ashwani Kumar Sharma,[]
v0_009_building_energy_efficiency_higher_and_advanced_network_bhavan_fellowships__2017,Bijan Choudhury,[]
v0_009_building_energy_efficiency_higher_and_advanced_network_bhavan_fellowships__2017,Debabrata Sircar,[]
v0_009_building_energy_efficiency_higher_and_advanced_network_bhavan_fellowships__2017,Deepak Sharma,[]
v0_009_building_energy_efficiency_higher_and_advanced_network_bhavan_fellowships__2017,P Gopinath,[]
v0_009_building_energy_efficiency_higher_and_advanced_network_bhavan_fellowships__2017,Harsh Chauhan,[]
v0_009_building_energy_efficiency_higher_and_advanced_network_bhavan_fellowships__2017,Srinivas Kiran Ambatipudi,[]
v0_009_building_energy_efficiency_higher_and_advanced_network_bhavan_fellowships__2017,Krishna Mohan Poluri,[]
v0_009_building_energy_efficiency_higher_and_advanced_network_bhavan_fellowships__2017,Maya S.Nair,[]
v0_009_building_energy_efficiency_higher_and_advanced_network_bhavan_fellowships__2017,N K Navani,[]
v0_009_building_energy_efficiency_higher_and_advanced_network_bhavan_fellowships__2017,Partha Roy,[]
v0_009_building_energy_efficiency_higher_and_advanced_network_bhavan_fellowships__2017,Poonam Choudhary,[]
v0_009_building_energy_efficiency_higher_and_advanced_network_bhavan_fellowships__2017,Prabhat Kumar Mandal,[]
v0_009_building_energy_efficiency_higher_and_advanced_network_bhavan_fellowships__2017,Pranita P Sarangi,[]
v0_009_building_energy_efficiency_higher_and_advanced_network_bhavan_fellowships__2017,Pravindra Kumar,[]
v0_009_building_energy_efficiency_higher_and_advanced_network_bhavan_fellowships__2017,Prince Tiwari,['efficiency']
v0_009_building_energy_efficiency_higher_and_advanced_network_bhavan_fellowships__2017,R. P. Singh,[]
v0_009_building_energy_efficiency_higher_and_advanced_network_bhavan_fellowships__2017,Ramasare Prasad,[]
v0_009_building_energy_efficiency_higher_and_advanced_network_bhavan_fellowships__2017,Ranjana Pathania,['efficiency']
v0_009_building_energy_efficiency_higher_and_advanced_network_bhavan_fellowships__2017,Sanjoy Ghosh,[]
v0_009_building_energy_efficiency_higher_and_advanced_network_bhavan_fellowships__2017,Saugata Hazra,[]
v0_009_building_energy_efficiency_higher_and_advanced_network_bhavan_fellowships__2017,Shailly Tomar,[]
v0_009_building_energy_efficiency_higher_and_advanced_network_bhavan_fellowships__2017,Shri Ram Yadav,[]
v0_009_building_energy_efficiency_higher_and_advanced_network_bhavan_fellowships__2017,Soma Rohatgi,['efficiency']
v0_009_building_energy_efficiency_higher_and_advanced_network_bhavan_fellowships__2017,Sachin Suresh Tiwari,['efficiency']
v0_009_building_energy_efficiency_higher_and_advanced_network_bhavan_fellowships__2017,Jitin Singla,[]
v0_009_building_energy_efficiency_higher_and_advanced_network_bhavan_fellowships__2017,Rajesh Kumar,['efficiency']
v0_009_building_energy_efficiency_higher_and_advanced_network_bhavan_fellowships__2017,Akhil Upadhyay,"['building', 'efficiency']"
v0_010_dst___rcn_norway_joint_call_on_ict_2017,Arindam Biswas,[]
v0_010_dst___rcn_norway_joint_call_on_ict_2017,Avlokita Agrawal,[]
v0_010_dst___rcn_norway_joint_call_on_ict_2017,Gaurav Raheja,['environment']
v0_010_dst___rcn_norway_joint_call_on_ict_2017,Harshit Sosan Lakra,[]
v0_010_dst___rcn_norway_joint_call_on_ict_2017,Mahua Mukherjee,['environment']
v0_010_dst___rcn_norway_joint_call_on_ict_2017,Prabhjot Singh Chani,['environment']
v0_010_dst___rcn_norway_joint_call_on_ict_2017,E Rajasekar,[]
v0_010_dst___rcn_norway_joint_call_on_ict_2017,Ram Sateesh Pasupuleti,[]
v0_010_dst___rcn_norway_joint_call_on_ict_2017,Saptarshi Kolay,[]
v0_010_dst___rcn_norway_joint_call_on_ict_2017,Shubhajit Sadhukhan,['environment']
v0_010_dst___rcn_norway_joint_call_on_ict_2017,Smriti Saraswat,[]
v0_010_dst___rcn_norway_joint_call_on_ict_2017,Sonal Atreya,[]
v0_010_dst___rcn_norway_joint_call_on_ict_2017,Tina Pujara,[]
v0_010_dst___rcn_norway_joint_call_on_ict_2017,Uttam Kumar Roy,['environment']
v0_010_dst___rcn_norway_joint_call_on_ict_2017,V Devadas,[]
v0_010_dst___rcn_norway_joint_call_on_ict_2017,Jaydev Dabas,[]
v0_010_dst___rcn_norway_joint_call_on_ict_2017,Millie Pant,[]
v0_010_dst___rcn_norway_joint_call_on_ict_2017,Rajan Arora,['environment']
v0_010_dst___rcn_norway_joint_call_on_ict_2017,Ashwani Kumar Sharma,[]
v0_010_dst___rcn_norway_joint_call_on_ict_2017,Bijan Choudhury,['environment']
v0_010_dst___rcn_norway_joint_call_on_ict_2017,Debabrata Sircar,[]
v0_010_dst___rcn_norway_joint_call_on_ict_2017,Deepak Sharma,[]
v0_010_dst___rcn_norway_joint_call_on_ict_2017,P Gopinath,['environment']
v0_010_dst___rcn_norway_joint_call_on_ict_2017,Harsh Chauhan,['environment']
v0_010_dst___rcn_norway_joint_call_on_ict_2017,Srinivas Kiran Ambatipudi,[]
v0_010_dst___rcn_norway_joint_call_on_ict_2017,Krishna Mohan Poluri,['environment']
v0_010_dst___rcn_norway_joint_call_on_ict_2017,Maya S.Nair,[]
v0_010_dst___rcn_norway_joint_call_on_ict_2017,N K Navani,[]
v0_010_dst___rcn_norway_joint_call_on_ict_2017,Partha Roy,['environment']
v0_010_dst___rcn_norway_joint_call_on_ict_2017,Poonam Choudhary,[]
v0_010_dst___rcn_norway_joint_call_on_ict_2017,Prabhat Kumar Mandal,['environment']
v0_010_dst___rcn_norway_joint_call_on_ict_2017,Pranita P Sarangi,[]
v0_010_dst___rcn_norway_joint_call_on_ict_2017,Pravindra Kumar,[]
v0_010_dst___rcn_norway_joint_call_on_ict_2017,Prince Tiwari,[]
v0_010_dst___rcn_norway_joint_call_on_ict_2017,R. P. Singh,[]
v0_010_dst___rcn_norway_joint_call_on_ict_2017,Ramasare Prasad,['environment']
v0_010_dst___rcn_norway_joint_call_on_ict_2017,Ranjana Pathania,[]
v0_010_dst___rcn_norway_joint_call_on_ict_2017,Sanjoy Ghosh,['environment']
v0_010_dst___rcn_norway_joint_call_on_ict_2017,Saugata Hazra,['environment']
v0_010_dst___rcn_norway_joint_call_on_ict_2017,Shailly Tomar,[]
v0_010_dst___rcn_norway_joint_call_on_ict_2017,Shri Ram Yadav,[]
v0_010_dst___rcn_norway_joint_call_on_ict_2017,Soma Rohatgi,[]
v0_010_dst___rcn_norway_joint_call_on_ict_2017,Sachin Suresh Tiwari,[]
v0_010_dst___rcn_norway_joint_call_on_ict_2017,Jitin Singla,[]
v0_010_dst___rcn_norway_joint_call_on_ict_2017,Rajesh Kumar,['environment']
v0_010_dst___rcn_norway_joint_call_on_ict_2017,Akhil Upadhyay,[]
v0_011_call___india_japan_cooperative_science_programme_ijcsp,Arindam Biswas,"['engineering', 'synthesis']"
v0_011_call___india_japan_cooperative_science_programme_ijcsp,Avlokita Agrawal,"['engineering', 'fundamental', 'global warming', 'material', 'polymer', 'synthesis']"
v0_011_call___india_japan_cooperative_science_programme_ijcsp,Gaurav Raheja,"['engineering', 'fundamental', 'material']"
v0_011_call___india_japan_cooperative_science_programme_ijcsp,Harshit Sosan Lakra,['material']
v0_011_call___india_japan_cooperative_science_programme_ijcsp,Mahua Mukherjee,"['fundamental', 'global warming', 'material']"
v0_011_call___india_japan_cooperative_science_programme_ijcsp,Prabhjot Singh Chani,[]
v0_011_call___india_japan_cooperative_science_programme_ijcsp,E Rajasekar,['material']
v0_011_call___india_japan_cooperative_science_programme_ijcsp,Ram Sateesh Pasupuleti,"['fundamental', 'material', 'synthesis']"
v0_011_call___india_japan_cooperative_science_programme_ijcsp,Saptarshi Kolay,"['engineering', 'polymer']"
v0_011_call___india_japan_cooperative_science_programme_ijcsp,Shubhajit Sadhukhan,"['fundamental', 'material']"
v0_011_call___india_japan_cooperative_science_programme_ijcsp,Smriti Saraswat,"['fundamental', 'material']"
v0_011_call___india_japan_cooperative_science_programme_ijcsp,Sonal Atreya,"['engineering', 'material', 'synthesis']"
v0_011_call___india_japan_cooperative_science_programme_ijcsp,Tina Pujara,['material']
v0_011_call___india_japan_cooperative_science_programme_ijcsp,Uttam Kumar Roy,"['fundamental', 'material', 'polymer']"
v0_011_call___india_japan_cooperative_science_programme_ijcsp,V Devadas,[]
v0_011_call___india_japan_cooperative_science_programme_ijcsp,Jaydev Dabas,"['fundamental', 'polymer']"
v0_011_call___india_japan_cooperative_science_programme_ijcsp,Millie Pant,"['global warming', 'material']"
v0_011_call___india_japan_cooperative_science_programme_ijcsp,Rajan Arora,[]
v0_011_call___india_japan_cooperative_science_programme_ijcsp,Ashwani Kumar Sharma,['material']
v0_011_call___india_japan_cooperative_science_programme_ijcsp,Bijan Choudhury,"['engineering', 'synthesis']"
v0_011_call___india_japan_cooperative_science_programme_ijcsp,Debabrata Sircar,['material']
v0_011_call___india_japan_cooperative_science_programme_ijcsp,Deepak Sharma,['material']
v0_011_call___india_japan_cooperative_science_programme_ijcsp,P Gopinath,['material']
v0_011_call___india_japan_cooperative_science_programme_ijcsp,Harsh Chauhan,"['polymer', 'synthesis']"
v0_011_call___india_japan_cooperative_science_programme_ijcsp,Srinivas Kiran Ambatipudi,[]
v0_011_call___india_japan_cooperative_science_programme_ijcsp,Krishna Mohan Poluri,['material']
v0_011_call___india_japan_cooperative_science_programme_ijcsp,Maya S.Nair,['material']
v0_011_call___india_japan_cooperative_science_programme_ijcsp,N K Navani,"['material', 'synthesis']"
v0_011_call___india_japan_cooperative_science_programme_ijcsp,Partha Roy,['material']
v0_011_call___india_japan_cooperative_science_programme_ijcsp,Poonam Choudhary,['engineering']
v0_011_call___india_japan_cooperative_science_programme_ijcsp,Prabhat Kumar Mandal,"['engineering', 'fundamental', 'global warming', 'material']"
v0_011_call___india_japan_cooperative_science_programme_ijcsp,Pranita P Sarangi,[]
v0_011_call___india_japan_cooperative_science_programme_ijcsp,Pravindra Kumar,['global warming']
v0_011_call___india_japan_cooperative_science_programme_ijcsp,Prince Tiwari,"['engineering', 'global warming', 'material', 'polymer']"
v0_011_call___india_japan_cooperative_science_programme_ijcsp,R. P. Singh,"['engineering', 'material']"
v0_011_call___india_japan_cooperative_science_programme_ijcsp,Ramasare Prasad,"['engineering', 'material']"
v0_011_call___india_japan_cooperative_science_programme_ijcsp,Ranjana Pathania,"['global warming', 'material']"
v0_011_call___india_japan_cooperative_science_programme_ijcsp,Sanjoy Ghosh,"['engineering', 'fundamental', 'material']"
v0_011_call___india_japan_cooperative_science_programme_ijcsp,Saugata Hazra,"['engineering', 'fundamental', 'global warming', 'material']"
v0_011_call___india_japan_cooperative_science_programme_ijcsp,Shailly Tomar,['material']
v0_011_call___india_japan_cooperative_science_programme_ijcsp,Shri Ram Yadav,"['engineering', 'synthesis']"
v0_011_call___india_japan_cooperative_science_programme_ijcsp,Soma Rohatgi,"['engineering', 'global warming', 'material']"
v0_011_call___india_japan_cooperative_science_programme_ijcsp,Sachin Suresh Tiwari,"['engineering', 'polymer']"
v0_011_call___india_japan_cooperative_science_programme_ijcsp,Jitin Singla,['material']
v0_011_call___india_japan_cooperative_science_programme_ijcsp,Rajesh Kumar,"['material', 'synthesis']"
v0_011_call___india_japan_cooperative_science_programme_ijcsp,Akhil Upadhyay,"['engineering', 'fundamental']"
v0_012_national_award_for_women_development_through_application_of_science__technology,Arindam Biswas,['design']
v0_012_national_award_for_women_development_through_application_of_science__technology,Avlokita Agrawal,[]
v0_012_national_award_for_women_development_through_application_of_science__technology,Gaurav Raheja,['design']
v0_012_national_award_for_women_development_through_application_of_science__technology,Harshit Sosan Lakra,[]
v0_012_national_award_for_women_development_through_application_of_science__technology,Mahua Mukherjee,"['design', 'woman']"
v0_012_national_award_for_women_development_through_application_of_science__technology,Prabhjot Singh Chani,[]
v0_012_national_award_for_women_development_through_application_of_science__technology,E Rajasekar,['design']
v0_012_national_award_for_women_development_through_application_of_science__technology,Ram Sateesh Pasupuleti,[]
v0_012_national_award_for_women_development_through_application_of_science__technology,Saptarshi Kolay,['design']
v0_012_national_award_for_women_development_through_application_of_science__technology,Shubhajit Sadhukhan,[]
v0_012_national_award_for_women_development_through_application_of_science__technology,Smriti Saraswat,['woman']
v0_012_national_award_for_women_development_through_application_of_science__technology,Sonal Atreya,['woman']
v0_012_national_award_for_women_development_through_application_of_science__technology,Tina Pujara,[]
v0_012_national_award_for_women_development_through_application_of_science__technology,Uttam Kumar Roy,['design']
v0_012_national_award_for_women_development_through_application_of_science__technology,V Devadas,['design']
v0_012_national_award_for_women_development_through_application_of_science__technology,Jaydev Dabas,['design']
v0_012_national_award_for_women_development_through_application_of_science__technology,Millie Pant,[]
v0_012_national_award_for_women_development_through_application_of_science__technology,Rajan Arora,[]
v0_012_national_award_for_women_development_through_application_of_science__technology,Ashwani Kumar Sharma,['design']
v0_012_national_award_for_women_development_through_application_of_science__technology,Bijan Choudhury,[]
v0_012_national_award_for_women_development_through_application_of_science__technology,Debabrata Sircar,[]
v0_012_national_award_for_women_development_through_application_of_science__technology,Deepak Sharma,[]
v0_012_national_award_for_women_development_through_application_of_science__technology,P Gopinath,[]
v0_012_national_award_for_women_development_through_application_of_science__technology,Harsh Chauhan,['woman']
v0_012_national_award_for_women_development_through_application_of_science__technology,Srinivas Kiran Ambatipudi,[]
v0_012_national_award_for_women_development_through_application_of_science__technology,Krishna Mohan Poluri,['design']
v0_012_national_award_for_women_development_through_application_of_science__technology,Maya S.Nair,[]
v0_012_national_award_for_women_development_through_application_of_science__technology,N K Navani,[]
v0_012_national_award_for_women_development_through_application_of_science__technology,Partha Roy,['design']
v0_012_national_award_for_women_development_through_application_of_science__technology,Poonam Choudhary,"['design', 'woman']"
v0_012_national_award_for_women_development_through_application_of_science__technology,Prabhat Kumar Mandal,['woman']
v0_012_national_award_for_women_development_through_application_of_science__technology,Pranita P Sarangi,[]
v0_012_national_award_for_women_development_through_application_of_science__technology,Pravindra Kumar,[]
v0_012_national_award_for_women_development_through_application_of_science__technology,Prince Tiwari,['design']
v0_012_national_award_for_women_development_through_application_of_science__technology,R. P. Singh,['design']
v0_012_national_award_for_women_development_through_application_of_science__technology,Ramasare Prasad,[]
v0_012_national_award_for_women_development_through_application_of_science__technology,Ranjana Pathania,['design']
v0_012_national_award_for_women_development_through_application_of_science__technology,Sanjoy Ghosh,[]
v0_012_national_award_for_women_development_through_application_of_science__technology,Saugata Hazra,['design']
v0_012_national_award_for_women_development_through_application_of_science__technology,Shailly Tomar,[]
v0_012_national_award_for_women_development_through_application_of_science__technology,Shri Ram Yadav,[]
v0_012_national_award_for_women_development_through_application_of_science__technology,Soma Rohatgi,['design']
v0_012_national_award_for_women_development_through_application_of_science__technology,Sachin Suresh Tiwari,['woman']
v0_012_national_award_for_women_development_through_application_of_science__technology,Jitin Singla,[]
v0_012_national_award_for_women_development_through_application_of_science__technology,Rajesh Kumar,['design']
v0_012_national_award_for_women_development_through_application_of_science__technology,Akhil Upadhyay,['design']
v0_013_national_awards_for_science__technology_communication_2017,Arindam Biswas,[]
v0_013_national_awards_for_science__technology_communication_2017,Avlokita Agrawal,[]
v0_013_national_awards_for_science__technology_communication_2017,Gaurav Raheja,[]
v0_013_national_awards_for_science__technology_communication_2017,Harshit Sosan Lakra,['general']
v0_013_national_awards_for_science__technology_communication_2017,Mahua Mukherjee,['general']
v0_013_national_awards_for_science__technology_communication_2017,Prabhjot Singh Chani,['general']
v0_013_national_awards_for_science__technology_communication_2017,E Rajasekar,[]
v0_013_national_awards_for_science__technology_communication_2017,Ram Sateesh Pasupuleti,['general']
v0_013_national_awards_for_science__technology_communication_2017,Saptarshi Kolay,[]
v0_013_national_awards_for_science__technology_communication_2017,Shubhajit Sadhukhan,[]
v0_013_national_awards_for_science__technology_communication_2017,Smriti Saraswat,[]
v0_013_national_awards_for_science__technology_communication_2017,Sonal Atreya,[]
v0_013_national_awards_for_science__technology_communication_2017,Tina Pujara,['general']
v0_013_national_awards_for_science__technology_communication_2017,Uttam Kumar Roy,['general']
v0_013_national_awards_for_science__technology_communication_2017,V Devadas,[]
v0_013_national_awards_for_science__technology_communication_2017,Jaydev Dabas,[]
v0_013_national_awards_for_science__technology_communication_2017,Millie Pant,[]
v0_013_national_awards_for_science__technology_communication_2017,Rajan Arora,[]
v0_013_national_awards_for_science__technology_communication_2017,Ashwani Kumar Sharma,['general']
v0_013_national_awards_for_science__technology_communication_2017,Bijan Choudhury,[]
v0_013_national_awards_for_science__technology_communication_2017,Debabrata Sircar,['general']
v0_013_national_awards_for_science__technology_communication_2017,Deepak Sharma,['general']
v0_013_national_awards_for_science__technology_communication_2017,P Gopinath,[]
v0_013_national_awards_for_science__technology_communication_2017,Harsh Chauhan,[]
v0_013_national_awards_for_science__technology_communication_2017,Srinivas Kiran Ambatipudi,[]
v0_013_national_awards_for_science__technology_communication_2017,Krishna Mohan Poluri,['general']
v0_013_national_awards_for_science__technology_communication_2017,Maya S.Nair,['general']
v0_013_national_awards_for_science__technology_communication_2017,N K Navani,['general']
v0_013_national_awards_for_science__technology_communication_2017,Partha Roy,[]
v0_013_national_awards_for_science__technology_communication_2017,Poonam Choudhary,[]
v0_013_national_awards_for_science__technology_communication_2017,Prabhat Kumar Mandal,[]
v0_013_national_awards_for_science__technology_communication_2017,Pranita P Sarangi,[]
v0_013_national_awards_for_science__technology_communication_2017,Pravindra Kumar,[]
v0_013_national_awards_for_science__technology_communication_2017,Prince Tiwari,[]
v0_013_national_awards_for_science__technology_communication_2017,R. P. Singh,[]
v0_013_national_awards_for_science__technology_communication_2017,Ramasare Prasad,[]
v0_013_national_awards_for_science__technology_communication_2017,Ranjana Pathania,['general']
v0_013_national_awards_for_science__technology_communication_2017,Sanjoy Ghosh,['general']
v0_013_national_awards_for_science__technology_communication_2017,Saugata Hazra,['general']
v0_013_national_awards_for_science__technology_communication_2017,Shailly Tomar,[]
v0_013_national_awards_for_science__technology_communication_2017,Shri Ram Yadav,[]
v0_013_national_awards_for_science__technology_communication_2017,Soma Rohatgi,['general']
v0_013_national_awards_for_science__technology_communication_2017,Sachin Suresh Tiwari,['general']
v0_013_national_awards_for_science__technology_communication_2017,Jitin Singla,[]
v0_013_national_awards_for_science__technology_communication_2017,Rajesh Kumar,[]
v0_013_national_awards_for_science__technology_communication_2017,Akhil Upadhyay,['general']
v0_014_dst___ukieri_call_for_research_proposals_2017__18,Arindam Biswas,[]
v0_014_dst___ukieri_call_for_research_proposals_2017__18,Avlokita Agrawal,[]
v0_014_dst___ukieri_call_for_research_proposals_2017__18,Gaurav Raheja,[]
v0_014_dst___ukieri_call_for_research_proposals_2017__18,Harshit Sosan Lakra,[]
v0_014_dst___ukieri_call_for_research_proposals_2017__18,Mahua Mukherjee,[]
v0_014_dst___ukieri_call_for_research_proposals_2017__18,Prabhjot Singh Chani,[]
v0_014_dst___ukieri_call_for_research_proposals_2017__18,E Rajasekar,[]
v0_014_dst___ukieri_call_for_research_proposals_2017__18,Ram Sateesh Pasupuleti,['advance']
v0_014_dst___ukieri_call_for_research_proposals_2017__18,Saptarshi Kolay,[]
v0_014_dst___ukieri_call_for_research_proposals_2017__18,Shubhajit Sadhukhan,[]
v0_014_dst___ukieri_call_for_research_proposals_2017__18,Smriti Saraswat,['advance']
v0_014_dst___ukieri_call_for_research_proposals_2017__18,Sonal Atreya,[]
v0_014_dst___ukieri_call_for_research_proposals_2017__18,Tina Pujara,[]
v0_014_dst___ukieri_call_for_research_proposals_2017__18,Uttam Kumar Roy,['advance']
v0_014_dst___ukieri_call_for_research_proposals_2017__18,V Devadas,['advance']
v0_014_dst___ukieri_call_for_research_proposals_2017__18,Jaydev Dabas,[]
v0_014_dst___ukieri_call_for_research_proposals_2017__18,Millie Pant,[]
v0_014_dst___ukieri_call_for_research_proposals_2017__18,Rajan Arora,[]
v0_014_dst___ukieri_call_for_research_proposals_2017__18,Ashwani Kumar Sharma,[]
v0_014_dst___ukieri_call_for_research_proposals_2017__18,Bijan Choudhury,[]
v0_014_dst___ukieri_call_for_research_proposals_2017__18,Debabrata Sircar,[]
v0_014_dst___ukieri_call_for_research_proposals_2017__18,Deepak Sharma,[]
v0_014_dst___ukieri_call_for_research_proposals_2017__18,P Gopinath,['advance']
v0_014_dst___ukieri_call_for_research_proposals_2017__18,Harsh Chauhan,[]
v0_014_dst___ukieri_call_for_research_proposals_2017__18,Srinivas Kiran Ambatipudi,[]
v0_014_dst___ukieri_call_for_research_proposals_2017__18,Krishna Mohan Poluri,['advance']
v0_014_dst___ukieri_call_for_research_proposals_2017__18,Maya S.Nair,['advance']
v0_014_dst___ukieri_call_for_research_proposals_2017__18,N K Navani,[]
v0_014_dst___ukieri_call_for_research_proposals_2017__18,Partha Roy,[]
v0_014_dst___ukieri_call_for_research_proposals_2017__18,Poonam Choudhary,['advance']
v0_014_dst___ukieri_call_for_research_proposals_2017__18,Prabhat Kumar Mandal,[]
v0_014_dst___ukieri_call_for_research_proposals_2017__18,Pranita P Sarangi,[]
v0_014_dst___ukieri_call_for_research_proposals_2017__18,Pravindra Kumar,[]
v0_014_dst___ukieri_call_for_research_proposals_2017__18,Prince Tiwari,[]
v0_014_dst___ukieri_call_for_research_proposals_2017__18,R. P. Singh,['advance']
v0_014_dst___ukieri_call_for_research_proposals_2017__18,Ramasare Prasad,[]
v0_014_dst___ukieri_call_for_research_proposals_2017__18,Ranjana Pathania,[]
v0_014_dst___ukieri_call_for_research_proposals_2017__18,Sanjoy Ghosh,[]
v0_014_dst___ukieri_call_for_research_proposals_2017__18,Saugata Hazra,[]
v0_014_dst___ukieri_call_for_research_proposals_2017__18,Shailly Tomar,[]
v0_014_dst___ukieri_call_for_research_proposals_2017__18,Shri Ram Yadav,[]
v0_014_dst___ukieri_call_for_research_proposals_2017__18,Soma Rohatgi,[]
v0_014_dst___ukieri_call_for_research_proposals_2017__18,Sachin Suresh Tiwari,[]
v0_014_dst___ukieri_call_for_research_proposals_2017__18,Jitin Singla,['advance']
v0_014_dst___ukieri_call_for_research_proposals_2017__18,Rajesh Kumar,[]
v0_014_dst___ukieri_call_for_research_proposals_2017__18,Akhil Upadhyay,['advance']
v0_015_request_for_proposals_india_italy_industrial_rd,Arindam Biswas,[]
v0_015_request_for_proposals_india_italy_industrial_rd,Avlokita Agrawal,[]
v0_015_request_for_proposals_india_italy_industrial_rd,Gaurav Raheja,[]
v0_015_request_for_proposals_india_italy_industrial_rd,Harshit Sosan Lakra,['general']
v0_015_request_for_proposals_india_italy_industrial_rd,Mahua Mukherjee,['general']
v0_015_request_for_proposals_india_italy_industrial_rd,Prabhjot Singh Chani,['general']
v0_015_request_for_proposals_india_italy_industrial_rd,E Rajasekar,[]
v0_015_request_for_proposals_india_italy_industrial_rd,Ram Sateesh Pasupuleti,['general']
v0_015_request_for_proposals_india_italy_industrial_rd,Saptarshi Kolay,[]
v0_015_request_for_proposals_india_italy_industrial_rd,Shubhajit Sadhukhan,[]
v0_015_request_for_proposals_india_italy_industrial_rd,Smriti Saraswat,[]
v0_015_request_for_proposals_india_italy_industrial_rd,Sonal Atreya,[]
v0_015_request_for_proposals_india_italy_industrial_rd,Tina Pujara,['general']
v0_015_request_for_proposals_india_italy_industrial_rd,Uttam Kumar Roy,['general']
v0_015_request_for_proposals_india_italy_industrial_rd,V Devadas,[]
v0_015_request_for_proposals_india_italy_industrial_rd,Jaydev Dabas,[]
v0_015_request_for_proposals_india_italy_industrial_rd,Millie Pant,[]
v0_015_request_for_proposals_india_italy_industrial_rd,Rajan Arora,[]
v0_015_request_for_proposals_india_italy_industrial_rd,Ashwani Kumar Sharma,['general']
v0_015_request_for_proposals_india_italy_industrial_rd,Bijan Choudhury,[]
v0_015_request_for_proposals_india_italy_industrial_rd,Debabrata Sircar,['general']
v0_015_request_for_proposals_india_italy_industrial_rd,Deepak Sharma,['general']
v0_015_request_for_proposals_india_italy_industrial_rd,P Gopinath,[]
v0_015_request_for_proposals_india_italy_industrial_rd,Harsh Chauhan,[]
v0_015_request_for_proposals_india_italy_industrial_rd,Srinivas Kiran Ambatipudi,[]
v0_015_request_for_proposals_india_italy_industrial_rd,Krishna Mohan Poluri,['general']
v0_015_request_for_proposals_india_italy_industrial_rd,Maya S.Nair,['general']
v0_015_request_for_proposals_india_italy_industrial_rd,N K Navani,['general']
v0_015_request_for_proposals_india_italy_industrial_rd,Partha Roy,[]
v0_015_request_for_proposals_india_italy_industrial_rd,Poonam Choudhary,[]
v0_015_request_for_proposals_india_italy_industrial_rd,Prabhat Kumar Mandal,[]
v0_015_request_for_proposals_india_italy_industrial_rd,Pranita P Sarangi,[]
v0_015_request_for_proposals_india_italy_industrial_rd,Pravindra Kumar,[]
v0_015_request_for_proposals_india_italy_industrial_rd,Prince Tiwari,[]
v0_015_request_for_proposals_india_italy_industrial_rd,R. P. Singh,[]
v0_015_request_for_proposals_india_italy_industrial_rd,Ramasare Prasad,[]
v0_015_request_for_proposals_india_italy_industrial_rd,Ranjana Pathania,['general']
v0_015_request_for_proposals_india_italy_industrial_rd,Sanjoy Ghosh,['general']
v0_015_request_for_proposals_india_italy_industrial_rd,Saugata Hazra,['general']
v0_015_request_for_proposals_india_italy_industrial_rd,Shailly Tomar,[]
v0_015_request_for_proposals_india_italy_industrial_rd,Shri Ram Yadav,[]
v0_015_request_for_proposals_india_italy_industrial_rd,Soma Rohatgi,['general']
v0_015_request_for_proposals_india_italy_industrial_rd,Sachin Suresh Tiwari,['general']
v0_015_request_for_proposals_india_italy_industrial_rd,Jitin Singla,[]
v0_015_request_for_proposals_india_italy_industrial_rd,Rajesh Kumar,[]
v0_015_request_for_proposals_india_italy_industrial_rd,Akhil Upadhyay,['general']
v0_016_call_for_proposals_2017___indo_hungarian_joint_research,Arindam Biswas,['recommendation']
v0_016_call_for_proposals_2017___indo_hungarian_joint_research,Avlokita Agrawal,"['instrument', 'recommendation']"
v0_016_call_for_proposals_2017___indo_hungarian_joint_research,Gaurav Raheja,['instrument']
v0_016_call_for_proposals_2017___indo_hungarian_joint_research,Harshit Sosan Lakra,[]
v0_016_call_for_proposals_2017___indo_hungarian_joint_research,Mahua Mukherjee,['recommendation']
v0_016_call_for_proposals_2017___indo_hungarian_joint_research,Prabhjot Singh Chani,['recommendation']
v0_016_call_for_proposals_2017___indo_hungarian_joint_research,E Rajasekar,['recommendation']
v0_016_call_for_proposals_2017___indo_hungarian_joint_research,Ram Sateesh Pasupuleti,"['instrument', 'recommendation']"
v0_016_call_for_proposals_2017___indo_hungarian_joint_research,Saptarshi Kolay,['recommendation']
v0_016_call_for_proposals_2017___indo_hungarian_joint_research,Shubhajit Sadhukhan,"['instrument', 'recommendation']"
v0_016_call_for_proposals_2017___indo_hungarian_joint_research,Smriti Saraswat,['recommendation']
v0_016_call_for_proposals_2017___indo_hungarian_joint_research,Sonal Atreya,"['instrument', 'recommendation']"
v0_016_call_for_proposals_2017___indo_hungarian_joint_research,Tina Pujara,['recommendation']
v0_016_call_for_proposals_2017___indo_hungarian_joint_research,Uttam Kumar Roy,['recommendation']
v0_016_call_for_proposals_2017___indo_hungarian_joint_research,V Devadas,['recommendation']
v0_016_call_for_proposals_2017___indo_hungarian_joint_research,Jaydev Dabas,"['instrument', 'recommendation']"
v0_016_call_for_proposals_2017___indo_hungarian_joint_research,Millie Pant,['recommendation']
v0_016_call_for_proposals_2017___indo_hungarian_joint_research,Rajan Arora,['recommendation']
v0_016_call_for_proposals_2017___indo_hungarian_joint_research,Ashwani Kumar Sharma,[]
v0_016_call_for_proposals_2017___indo_hungarian_joint_research,Bijan Choudhury,"['instrument', 'recommendation']"
v0_016_call_for_proposals_2017___indo_hungarian_joint_research,Debabrata Sircar,['recommendation']
v0_016_call_for_proposals_2017___indo_hungarian_joint_research,Deepak Sharma,['recommendation']
v0_016_call_for_proposals_2017___indo_hungarian_joint_research,P Gopinath,"['instrument', 'recommendation']"
v0_016_call_for_proposals_2017___indo_hungarian_joint_research,Harsh Chauhan,['recommendation']
v0_016_call_for_proposals_2017___indo_hungarian_joint_research,Srinivas Kiran Ambatipudi,[]
v0_016_call_for_proposals_2017___indo_hungarian_joint_research,Krishna Mohan Poluri,['recommendation']
v0_016_call_for_proposals_2017___indo_hungarian_joint_research,Maya S.Nair,['recommendation']
v0_016_call_for_proposals_2017___indo_hungarian_joint_research,N K Navani,['recommendation']
v0_016_call_for_proposals_2017___indo_hungarian_joint_research,Partha Roy,['recommendation']
v0_016_call_for_proposals_2017___indo_hungarian_joint_research,Poonam Choudhary,['recommendation']
v0_016_call_for_proposals_2017___indo_hungarian_joint_research,Prabhat Kumar Mandal,"['instrument', 'recommendation']"
v0_016_call_for_proposals_2017___indo_hungarian_joint_research,Pranita P Sarangi,[]
v0_016_call_for_proposals_2017___indo_hungarian_joint_research,Pravindra Kumar,[]
v0_016_call_for_proposals_2017___indo_hungarian_joint_research,Prince Tiwari,[]
v0_016_call_for_proposals_2017___indo_hungarian_joint_research,R. P. Singh,['instrument']
v0_016_call_for_proposals_2017___indo_hungarian_joint_research,Ramasare Prasad,['instrument']
v0_016_call_for_proposals_2017___indo_hungarian_joint_research,Ranjana Pathania,[]
v0_016_call_for_proposals_2017___indo_hungarian_joint_research,Sanjoy Ghosh,['recommendation']
v0_016_call_for_proposals_2017___indo_hungarian_joint_research,Saugata Hazra,['recommendation']
v0_016_call_for_proposals_2017___indo_hungarian_joint_research,Shailly Tomar,['instrument']
v0_016_call_for_proposals_2017___indo_hungarian_joint_research,Shri Ram Yadav,['recommendation']
v0_016_call_for_proposals_2017___indo_hungarian_joint_research,Soma Rohatgi,['recommendation']
v0_016_call_for_proposals_2017___indo_hungarian_joint_research,Sachin Suresh Tiwari,"['instrument', 'recommendation']"
v0_016_call_for_proposals_2017___indo_hungarian_joint_research,Jitin Singla,"['instrument', 'recommendation']"
v0_016_call_for_proposals_2017___indo_hungarian_joint_research,Rajesh Kumar,['recommendation']
v0_016_call_for_proposals_2017___indo_hungarian_joint_research,Akhil Upadhyay,['recommendation']
v0_017_indo_norway_joint_call_on_bio_economy,Arindam Biswas,['land']
v0_017_indo_norway_joint_call_on_bio_economy,Avlokita Agrawal,['land']
v0_017_indo_norway_joint_call_on_bio_economy,Gaurav Raheja,[]
v0_017_indo_norway_joint_call_on_bio_economy,Harshit Sosan Lakra,[]
v0_017_indo_norway_joint_call_on_bio_economy,Mahua Mukherjee,['land']
v0_017_indo_norway_joint_call_on_bio_economy,Prabhjot Singh Chani,[]
v0_017_indo_norway_joint_call_on_bio_economy,E Rajasekar,[]
v0_017_indo_norway_joint_call_on_bio_economy,Ram Sateesh Pasupuleti,[]
v0_017_indo_norway_joint_call_on_bio_economy,Saptarshi Kolay,['land']
v0_017_indo_norway_joint_call_on_bio_economy,Shubhajit Sadhukhan,[]
v0_017_indo_norway_joint_call_on_bio_economy,Smriti Saraswat,[]
v0_017_indo_norway_joint_call_on_bio_economy,Sonal Atreya,[]
v0_017_indo_norway_joint_call_on_bio_economy,Tina Pujara,[]
v0_017_indo_norway_joint_call_on_bio_economy,Uttam Kumar Roy,[]
v0_017_indo_norway_joint_call_on_bio_economy,V Devadas,[]
v0_017_indo_norway_joint_call_on_bio_economy,Jaydev Dabas,[]
v0_017_indo_norway_joint_call_on_bio_economy,Millie Pant,[]
v0_017_indo_norway_joint_call_on_bio_economy,Rajan Arora,[]
v0_017_indo_norway_joint_call_on_bio_economy,Ashwani Kumar Sharma,[]
v0_017_indo_norway_joint_call_on_bio_economy,Bijan Choudhury,[]
v0_017_indo_norway_joint_call_on_bio_economy,Debabrata Sircar,['land']
v0_017_indo_norway_joint_call_on_bio_economy,Deepak Sharma,[]
v0_017_indo_norway_joint_call_on_bio_economy,P Gopinath,[]
v0_017_indo_norway_joint_call_on_bio_economy,Harsh Chauhan,[]
v0_017_indo_norway_joint_call_on_bio_economy,Srinivas Kiran Ambatipudi,['land']
v0_017_indo_norway_joint_call_on_bio_economy,Krishna Mohan Poluri,[]
v0_017_indo_norway_joint_call_on_bio_economy,Maya S.Nair,['land']
v0_017_indo_norway_joint_call_on_bio_economy,N K Navani,['land']
v0_017_indo_norway_joint_call_on_bio_economy,Partha Roy,[]
v0_017_indo_norway_joint_call_on_bio_economy,Poonam Choudhary,[]
v0_017_indo_norway_joint_call_on_bio_economy,Prabhat Kumar Mandal,[]
v0_017_indo_norway_joint_call_on_bio_economy,Pranita P Sarangi,[]
v0_017_indo_norway_joint_call_on_bio_economy,Pravindra Kumar,[]
v0_017_indo_norway_joint_call_on_bio_economy,Prince Tiwari,[]
v0_017_indo_norway_joint_call_on_bio_economy,R. P. Singh,[]
v0_017_indo_norway_joint_call_on_bio_economy,Ramasare Prasad,[]
v0_017_indo_norway_joint_call_on_bio_economy,Ranjana Pathania,['land']
v0_017_indo_norway_joint_call_on_bio_economy,Sanjoy Ghosh,[]
v0_017_indo_norway_joint_call_on_bio_economy,Saugata Hazra,[]
v0_017_indo_norway_joint_call_on_bio_economy,Shailly Tomar,['land']
v0_017_indo_norway_joint_call_on_bio_economy,Shri Ram Yadav,[]
v0_017_indo_norway_joint_call_on_bio_economy,Soma Rohatgi,[]
v0_017_indo_norway_joint_call_on_bio_economy,Sachin Suresh Tiwari,[]
v0_017_indo_norway_joint_call_on_bio_economy,Jitin Singla,[]
v0_017_indo_norway_joint_call_on_bio_economy,Rajesh Kumar,['land']
v0_017_indo_norway_joint_call_on_bio_economy,Akhil Upadhyay,[]
v0_018_joint_call_between_india_and_austria_for_exchange_visits,Arindam Biswas,[]
v0_018_joint_call_between_india_and_austria_for_exchange_visits,Avlokita Agrawal,[]
v0_018_joint_call_between_india_and_austria_for_exchange_visits,Gaurav Raheja,['family']
v0_018_joint_call_between_india_and_austria_for_exchange_visits,Harshit Sosan Lakra,[]
v0_018_joint_call_between_india_and_austria_for_exchange_visits,Mahua Mukherjee,[]
v0_018_joint_call_between_india_and_austria_for_exchange_visits,Prabhjot Singh Chani,[]
v0_018_joint_call_between_india_and_austria_for_exchange_visits,E Rajasekar,[]
v0_018_joint_call_between_india_and_austria_for_exchange_visits,Ram Sateesh Pasupuleti,['family']
v0_018_joint_call_between_india_and_austria_for_exchange_visits,Saptarshi Kolay,[]
v0_018_joint_call_between_india_and_austria_for_exchange_visits,Shubhajit Sadhukhan,[]
v0_018_joint_call_between_india_and_austria_for_exchange_visits,Smriti Saraswat,[]
v0_018_joint_call_between_india_and_austria_for_exchange_visits,Sonal Atreya,[]
v0_018_joint_call_between_india_and_austria_for_exchange_visits,Tina Pujara,[]
v0_018_joint_call_between_india_and_austria_for_exchange_visits,Uttam Kumar Roy,[]
v0_018_joint_call_between_india_and_austria_for_exchange_visits,V Devadas,[]
v0_018_joint_call_between_india_and_austria_for_exchange_visits,Jaydev Dabas,[]
v0_018_joint_call_between_india_and_austria_for_exchange_visits,Millie Pant,[]
v0_018_joint_call_between_india_and_austria_for_exchange_visits,Rajan Arora,[]
v0_018_joint_call_between_india_and_austria_for_exchange_visits,Ashwani Kumar Sharma,['family']
v0_018_joint_call_between_india_and_austria_for_exchange_visits,Bijan Choudhury,[]
v0_018_joint_call_between_india_and_austria_for_exchange_visits,Debabrata Sircar,[]
v0_018_joint_call_between_india_and_austria_for_exchange_visits,Deepak Sharma,[]
v0_018_joint_call_between_india_and_austria_for_exchange_visits,P Gopinath,['family']
v0_018_joint_call_between_india_and_austria_for_exchange_visits,Harsh Chauhan,['family']
v0_018_joint_call_between_india_and_austria_for_exchange_visits,Srinivas Kiran Ambatipudi,[]
v0_018_joint_call_between_india_and_austria_for_exchange_visits,Krishna Mohan Poluri,[]
v0_018_joint_call_between_india_and_austria_for_exchange_visits,Maya S.Nair,['family']
v0_018_joint_call_between_india_and_austria_for_exchange_visits,N K Navani,['family']
v0_018_joint_call_between_india_and_austria_for_exchange_visits,Partha Roy,[]
v0_018_joint_call_between_india_and_austria_for_exchange_visits,Poonam Choudhary,['family']
v0_018_joint_call_between_india_and_austria_for_exchange_visits,Prabhat Kumar Mandal,[]
v0_018_joint_call_between_india_and_austria_for_exchange_visits,Pranita P Sarangi,['family']
v0_018_joint_call_between_india_and_austria_for_exchange_visits,Pravindra Kumar,['family']
v0_018_joint_call_between_india_and_austria_for_exchange_visits,Prince Tiwari,[]
v0_018_joint_call_between_india_and_austria_for_exchange_visits,R. P. Singh,[]
v0_018_joint_call_between_india_and_austria_for_exchange_visits,Ramasare Prasad,['family']
v0_018_joint_call_between_india_and_austria_for_exchange_visits,Ranjana Pathania,[]
v0_018_joint_call_between_india_and_austria_for_exchange_visits,Sanjoy Ghosh,[]
v0_018_joint_call_between_india_and_austria_for_exchange_visits,Saugata Hazra,['family']
v0_018_joint_call_between_india_and_austria_for_exchange_visits,Shailly Tomar,['family']
v0_018_joint_call_between_india_and_austria_for_exchange_visits,Shri Ram Yadav,[]
v0_018_joint_call_between_india_and_austria_for_exchange_visits,Soma Rohatgi,['family']
v0_018_joint_call_between_india_and_austria_for_exchange_visits,Sachin Suresh Tiwari,[]
v0_018_joint_call_between_india_and_austria_for_exchange_visits,Jitin Singla,[]
v0_018_joint_call_between_india_and_austria_for_exchange_visits,Rajesh Kumar,['family']
v0_018_joint_call_between_india_and_austria_for_exchange_visits,Akhil Upadhyay,[]
v0_019_dst_dfg_awards_for_participation_in_the_68th_meeting_of_nobel_laureates__students_lindau_germany,Arindam Biswas,['aspect']
v0_019_dst_dfg_awards_for_participation_in_the_68th_meeting_of_nobel_laureates__students_lindau_germany,Avlokita Agrawal,[]
v0_019_dst_dfg_awards_for_participation_in_the_68th_meeting_of_nobel_laureates__students_lindau_germany,Gaurav Raheja,['aspect']
v0_019_dst_dfg_awards_for_participation_in_the_68th_meeting_of_nobel_laureates__students_lindau_germany,Harshit Sosan Lakra,[]
v0_019_dst_dfg_awards_for_participation_in_the_68th_meeting_of_nobel_laureates__students_lindau_germany,Mahua Mukherjee,[]
v0_019_dst_dfg_awards_for_participation_in_the_68th_meeting_of_nobel_laureates__students_lindau_germany,Prabhjot Singh Chani,[]
v0_019_dst_dfg_awards_for_participation_in_the_68th_meeting_of_nobel_laureates__students_lindau_germany,E Rajasekar,['aspect']
v0_019_dst_dfg_awards_for_participation_in_the_68th_meeting_of_nobel_laureates__students_lindau_germany,Ram Sateesh Pasupuleti,[]
v0_019_dst_dfg_awards_for_participation_in_the_68th_meeting_of_nobel_laureates__students_lindau_germany,Saptarshi Kolay,['aspect']
v0_019_dst_dfg_awards_for_participation_in_the_68th_meeting_of_nobel_laureates__students_lindau_germany,Shubhajit Sadhukhan,[]
v0_019_dst_dfg_awards_for_participation_in_the_68th_meeting_of_nobel_laureates__students_lindau_germany,Smriti Saraswat,[]
v0_019_dst_dfg_awards_for_participation_in_the_68th_meeting_of_nobel_laureates__students_lindau_germany,Sonal Atreya,['aspect']
v0_019_dst_dfg_awards_for_participation_in_the_68th_meeting_of_nobel_laureates__students_lindau_germany,Tina Pujara,[]
v0_019_dst_dfg_awards_for_participation_in_the_68th_meeting_of_nobel_laureates__students_lindau_germany,Uttam Kumar Roy,['aspect']
v0_019_dst_dfg_awards_for_participation_in_the_68th_meeting_of_nobel_laureates__students_lindau_germany,V Devadas,['aspect']
v0_019_dst_dfg_awards_for_participation_in_the_68th_meeting_of_nobel_laureates__students_lindau_germany,Jaydev Dabas,[]
v0_019_dst_dfg_awards_for_participation_in_the_68th_meeting_of_nobel_laureates__students_lindau_germany,Millie Pant,[]
v0_019_dst_dfg_awards_for_participation_in_the_68th_meeting_of_nobel_laureates__students_lindau_germany,Rajan Arora,[]
v0_019_dst_dfg_awards_for_participation_in_the_68th_meeting_of_nobel_laureates__students_lindau_germany,Ashwani Kumar Sharma,[]
v0_019_dst_dfg_awards_for_participation_in_the_68th_meeting_of_nobel_laureates__students_lindau_germany,Bijan Choudhury,[]
v0_019_dst_dfg_awards_for_participation_in_the_68th_meeting_of_nobel_laureates__students_lindau_germany,Debabrata Sircar,[]
v0_019_dst_dfg_awards_for_participation_in_the_68th_meeting_of_nobel_laureates__students_lindau_germany,Deepak Sharma,[]
v0_019_dst_dfg_awards_for_participation_in_the_68th_meeting_of_nobel_laureates__students_lindau_germany,P Gopinath,[]
v0_019_dst_dfg_awards_for_participation_in_the_68th_meeting_of_nobel_laureates__students_lindau_germany,Harsh Chauhan,[]
v0_019_dst_dfg_awards_for_participation_in_the_68th_meeting_of_nobel_laureates__students_lindau_germany,Srinivas Kiran Ambatipudi,[]
v0_019_dst_dfg_awards_for_participation_in_the_68th_meeting_of_nobel_laureates__students_lindau_germany,Krishna Mohan Poluri,[]
v0_019_dst_dfg_awards_for_participation_in_the_68th_meeting_of_nobel_laureates__students_lindau_germany,Maya S.Nair,['aspect']
v0_019_dst_dfg_awards_for_participation_in_the_68th_meeting_of_nobel_laureates__students_lindau_germany,N K Navani,['aspect']
v0_019_dst_dfg_awards_for_participation_in_the_68th_meeting_of_nobel_laureates__students_lindau_germany,Partha Roy,[]
v0_019_dst_dfg_awards_for_participation_in_the_68th_meeting_of_nobel_laureates__students_lindau_germany,Poonam Choudhary,[]
v0_019_dst_dfg_awards_for_participation_in_the_68th_meeting_of_nobel_laureates__students_lindau_germany,Prabhat Kumar Mandal,['aspect']
v0_019_dst_dfg_awards_for_participation_in_the_68th_meeting_of_nobel_laureates__students_lindau_germany,Pranita P Sarangi,[]
v0_019_dst_dfg_awards_for_participation_in_the_68th_meeting_of_nobel_laureates__students_lindau_germany,Pravindra Kumar,[]
v0_019_dst_dfg_awards_for_participation_in_the_68th_meeting_of_nobel_laureates__students_lindau_germany,Prince Tiwari,[]
v0_019_dst_dfg_awards_for_participation_in_the_68th_meeting_of_nobel_laureates__students_lindau_germany,R. P. Singh,[]
v0_019_dst_dfg_awards_for_participation_in_the_68th_meeting_of_nobel_laureates__students_lindau_germany,Ramasare Prasad,[]
v0_019_dst_dfg_awards_for_participation_in_the_68th_meeting_of_nobel_laureates__students_lindau_germany,Ranjana Pathania,[]
v0_019_dst_dfg_awards_for_participation_in_the_68th_meeting_of_nobel_laureates__students_lindau_germany,Sanjoy Ghosh,[]
v0_019_dst_dfg_awards_for_participation_in_the_68th_meeting_of_nobel_laureates__students_lindau_germany,Saugata Hazra,[]
v0_019_dst_dfg_awards_for_participation_in_the_68th_meeting_of_nobel_laureates__students_lindau_germany,Shailly Tomar,['aspect']
v0_019_dst_dfg_awards_for_participation_in_the_68th_meeting_of_nobel_laureates__students_lindau_germany,Shri Ram Yadav,[]
v0_019_dst_dfg_awards_for_participation_in_the_68th_meeting_of_nobel_laureates__students_lindau_germany,Soma Rohatgi,['aspect']
v0_019_dst_dfg_awards_for_participation_in_the_68th_meeting_of_nobel_laureates__students_lindau_germany,Sachin Suresh Tiwari,[]
v0_019_dst_dfg_awards_for_participation_in_the_68th_meeting_of_nobel_laureates__students_lindau_germany,Jitin Singla,[]
v0_019_dst_dfg_awards_for_participation_in_the_68th_meeting_of_nobel_laureates__students_lindau_germany,Rajesh Kumar,['aspect']
v0_019_dst_dfg_awards_for_participation_in_the_68th_meeting_of_nobel_laureates__students_lindau_germany,Akhil Upadhyay,[]
v0_020_advertisement_for_call_for_proposal_for_dst_nrdms_summerwinter_schools_in_geospatial_st___2017___2019,Arindam Biswas,"['building', 'capacity building', 'decade']"
v0_020_advertisement_for_call_for_proposal_for_dst_nrdms_summerwinter_schools_in_geospatial_st___2017___2019,Avlokita Agrawal,"['building', 'capacity building']"
v0_020_advertisement_for_call_for_proposal_for_dst_nrdms_summerwinter_schools_in_geospatial_st___2017___2019,Gaurav Raheja,[]
v0_020_advertisement_for_call_for_proposal_for_dst_nrdms_summerwinter_schools_in_geospatial_st___2017___2019,Harshit Sosan Lakra,[]
v0_020_advertisement_for_call_for_proposal_for_dst_nrdms_summerwinter_schools_in_geospatial_st___2017___2019,Mahua Mukherjee,"['building', 'capacity building', 'decade']"
v0_020_advertisement_for_call_for_proposal_for_dst_nrdms_summerwinter_schools_in_geospatial_st___2017___2019,Prabhjot Singh Chani,"['building', 'efficiency']"
v0_020_advertisement_for_call_for_proposal_for_dst_nrdms_summerwinter_schools_in_geospatial_st___2017___2019,E Rajasekar,"['building', 'capacity building', 'decade']"
v0_020_advertisement_for_call_for_proposal_for_dst_nrdms_summerwinter_schools_in_geospatial_st___2017___2019,Ram Sateesh Pasupuleti,[]
v0_020_advertisement_for_call_for_proposal_for_dst_nrdms_summerwinter_schools_in_geospatial_st___2017___2019,Saptarshi Kolay,"['building', 'capacity building']"
v0_020_advertisement_for_call_for_proposal_for_dst_nrdms_summerwinter_schools_in_geospatial_st___2017___2019,Shubhajit Sadhukhan,[]
v0_020_advertisement_for_call_for_proposal_for_dst_nrdms_summerwinter_schools_in_geospatial_st___2017___2019,Smriti Saraswat,"['building', 'capacity building', 'decade']"
v0_020_advertisement_for_call_for_proposal_for_dst_nrdms_summerwinter_schools_in_geospatial_st___2017___2019,Sonal Atreya,['decade']
v0_020_advertisement_for_call_for_proposal_for_dst_nrdms_summerwinter_schools_in_geospatial_st___2017___2019,Tina Pujara,[]
v0_020_advertisement_for_call_for_proposal_for_dst_nrdms_summerwinter_schools_in_geospatial_st___2017___2019,Uttam Kumar Roy,"['building', 'capacity building']"
v0_020_advertisement_for_call_for_proposal_for_dst_nrdms_summerwinter_schools_in_geospatial_st___2017___2019,V Devadas,['decade']
v0_020_advertisement_for_call_for_proposal_for_dst_nrdms_summerwinter_schools_in_geospatial_st___2017___2019,Jaydev Dabas,['efficiency']
v0_020_advertisement_for_call_for_proposal_for_dst_nrdms_summerwinter_schools_in_geospatial_st___2017___2019,Millie Pant,['efficiency']
v0_020_advertisement_for_call_for_proposal_for_dst_nrdms_summerwinter_schools_in_geospatial_st___2017___2019,Rajan Arora,[]
v0_020_advertisement_for_call_for_proposal_for_dst_nrdms_summerwinter_schools_in_geospatial_st___2017___2019,Ashwani Kumar Sharma,[]
v0_020_advertisement_for_call_for_proposal_for_dst_nrdms_summerwinter_schools_in_geospatial_st___2017___2019,Bijan Choudhury,[]
v0_020_advertisement_for_call_for_proposal_for_dst_nrdms_summerwinter_schools_in_geospatial_st___2017___2019,Debabrata Sircar,['decade']
v0_020_advertisement_for_call_for_proposal_for_dst_nrdms_summerwinter_schools_in_geospatial_st___2017___2019,Deepak Sharma,"['capacity building', 'decade']"
v0_020_advertisement_for_call_for_proposal_for_dst_nrdms_summerwinter_schools_in_geospatial_st___2017___2019,P Gopinath,[]
v0_020_advertisement_for_call_for_proposal_for_dst_nrdms_summerwinter_schools_in_geospatial_st___2017___2019,Harsh Chauhan,[]
v0_020_advertisement_for_call_for_proposal_for_dst_nrdms_summerwinter_schools_in_geospatial_st___2017___2019,Srinivas Kiran Ambatipudi,[]
v0_020_advertisement_for_call_for_proposal_for_dst_nrdms_summerwinter_schools_in_geospatial_st___2017___2019,Krishna Mohan Poluri,['decade']
v0_020_advertisement_for_call_for_proposal_for_dst_nrdms_summerwinter_schools_in_geospatial_st___2017___2019,Maya S.Nair,[]
v0_020_advertisement_for_call_for_proposal_for_dst_nrdms_summerwinter_schools_in_geospatial_st___2017___2019,N K Navani,[]
v0_020_advertisement_for_call_for_proposal_for_dst_nrdms_summerwinter_schools_in_geospatial_st___2017___2019,Partha Roy,[]
v0_020_advertisement_for_call_for_proposal_for_dst_nrdms_summerwinter_schools_in_geospatial_st___2017___2019,Poonam Choudhary,[]
v0_020_advertisement_for_call_for_proposal_for_dst_nrdms_summerwinter_schools_in_geospatial_st___2017___2019,Prabhat Kumar Mandal,['decade']
v0_020_advertisement_for_call_for_proposal_for_dst_nrdms_summerwinter_schools_in_geospatial_st___2017___2019,Pranita P Sarangi,[]
v0_020_advertisement_for_call_for_proposal_for_dst_nrdms_summerwinter_schools_in_geospatial_st___2017___2019,Pravindra Kumar,[]
v0_020_advertisement_for_call_for_proposal_for_dst_nrdms_summerwinter_schools_in_geospatial_st___2017___2019,Prince Tiwari,['efficiency']
v0_020_advertisement_for_call_for_proposal_for_dst_nrdms_summerwinter_schools_in_geospatial_st___2017___2019,R. P. Singh,[]
v0_020_advertisement_for_call_for_proposal_for_dst_nrdms_summerwinter_schools_in_geospatial_st___2017___2019,Ramasare Prasad,[]
v0_020_advertisement_for_call_for_proposal_for_dst_nrdms_summerwinter_schools_in_geospatial_st___2017___2019,Ranjana Pathania,"['decade', 'efficiency']"
v0_020_advertisement_for_call_for_proposal_for_dst_nrdms_summerwinter_schools_in_geospatial_st___2017___2019,Sanjoy Ghosh,[]
v0_020_advertisement_for_call_for_proposal_for_dst_nrdms_summerwinter_schools_in_geospatial_st___2017___2019,Saugata Hazra,[]
v0_020_advertisement_for_call_for_proposal_for_dst_nrdms_summerwinter_schools_in_geospatial_st___2017___2019,Shailly Tomar,[]
v0_020_advertisement_for_call_for_proposal_for_dst_nrdms_summerwinter_schools_in_geospatial_st___2017___2019,Shri Ram Yadav,[]
v0_020_advertisement_for_call_for_proposal_for_dst_nrdms_summerwinter_schools_in_geospatial_st___2017___2019,Soma Rohatgi,"['decade', 'efficiency']"
v0_020_advertisement_for_call_for_proposal_for_dst_nrdms_summerwinter_schools_in_geospatial_st___2017___2019,Sachin Suresh Tiwari,"['decade', 'efficiency']"
v0_020_advertisement_for_call_for_proposal_for_dst_nrdms_summerwinter_schools_in_geospatial_st___2017___2019,Jitin Singla,[]
v0_020_advertisement_for_call_for_proposal_for_dst_nrdms_summerwinter_schools_in_geospatial_st___2017___2019,Rajesh Kumar,"['decade', 'efficiency']"
v0_020_advertisement_for_call_for_proposal_for_dst_nrdms_summerwinter_schools_in_geospatial_st___2017___2019,Akhil Upadhyay,"['building', 'capacity building', 'efficiency']"
v0_021_call_for_proposals_in_basic_sciences_with_russia_russian_foundation_for_basic_research,Arindam Biswas,"['computer', 'engineering']"
v0_021_call_for_proposals_in_basic_sciences_with_russia_russian_foundation_for_basic_research,Avlokita Agrawal,"['computer', 'engineering', 'fundamental']"
v0_021_call_for_proposals_in_basic_sciences_with_russia_russian_foundation_for_basic_research,Gaurav Raheja,"['computer', 'engineering', 'fundamental']"
v0_021_call_for_proposals_in_basic_sciences_with_russia_russian_foundation_for_basic_research,Harshit Sosan Lakra,[]
v0_021_call_for_proposals_in_basic_sciences_with_russia_russian_foundation_for_basic_research,Mahua Mukherjee,['fundamental']
v0_021_call_for_proposals_in_basic_sciences_with_russia_russian_foundation_for_basic_research,Prabhjot Singh Chani,['computer']
v0_021_call_for_proposals_in_basic_sciences_with_russia_russian_foundation_for_basic_research,E Rajasekar,[]
v0_021_call_for_proposals_in_basic_sciences_with_russia_russian_foundation_for_basic_research,Ram Sateesh Pasupuleti,"['computer', 'fundamental']"
v0_021_call_for_proposals_in_basic_sciences_with_russia_russian_foundation_for_basic_research,Saptarshi Kolay,"['computer', 'engineering']"
v0_021_call_for_proposals_in_basic_sciences_with_russia_russian_foundation_for_basic_research,Shubhajit Sadhukhan,['fundamental']
v0_021_call_for_proposals_in_basic_sciences_with_russia_russian_foundation_for_basic_research,Smriti Saraswat,['fundamental']
v0_021_call_for_proposals_in_basic_sciences_with_russia_russian_foundation_for_basic_research,Sonal Atreya,"['computer', 'engineering']"
v0_021_call_for_proposals_in_basic_sciences_with_russia_russian_foundation_for_basic_research,Tina Pujara,['computer']
v0_021_call_for_proposals_in_basic_sciences_with_russia_russian_foundation_for_basic_research,Uttam Kumar Roy,"['computer', 'fundamental']"
v0_021_call_for_proposals_in_basic_sciences_with_russia_russian_foundation_for_basic_research,V Devadas,['computer']
v0_021_call_for_proposals_in_basic_sciences_with_russia_russian_foundation_for_basic_research,Jaydev Dabas,['fundamental']
v0_021_call_for_proposals_in_basic_sciences_with_russia_russian_foundation_for_basic_research,Millie Pant,[]
v0_021_call_for_proposals_in_basic_sciences_with_russia_russian_foundation_for_basic_research,Rajan Arora,['computer']
v0_021_call_for_proposals_in_basic_sciences_with_russia_russian_foundation_for_basic_research,Ashwani Kumar Sharma,['computer']
v0_021_call_for_proposals_in_basic_sciences_with_russia_russian_foundation_for_basic_research,Bijan Choudhury,['engineering']
v0_021_call_for_proposals_in_basic_sciences_with_russia_russian_foundation_for_basic_research,Debabrata Sircar,['computer']
v0_021_call_for_proposals_in_basic_sciences_with_russia_russian_foundation_for_basic_research,Deepak Sharma,[]
v0_021_call_for_proposals_in_basic_sciences_with_russia_russian_foundation_for_basic_research,P Gopinath,[]
v0_021_call_for_proposals_in_basic_sciences_with_russia_russian_foundation_for_basic_research,Harsh Chauhan,['computer']
v0_021_call_for_proposals_in_basic_sciences_with_russia_russian_foundation_for_basic_research,Srinivas Kiran Ambatipudi,[]
v0_021_call_for_proposals_in_basic_sciences_with_russia_russian_foundation_for_basic_research,Krishna Mohan Poluri,[]
v0_021_call_for_proposals_in_basic_sciences_with_russia_russian_foundation_for_basic_research,Maya S.Nair,[]
v0_021_call_for_proposals_in_basic_sciences_with_russia_russian_foundation_for_basic_research,N K Navani,[]
v0_021_call_for_proposals_in_basic_sciences_with_russia_russian_foundation_for_basic_research,Partha Roy,['computer']
v0_021_call_for_proposals_in_basic_sciences_with_russia_russian_foundation_for_basic_research,Poonam Choudhary,"['computer', 'engineering']"
v0_021_call_for_proposals_in_basic_sciences_with_russia_russian_foundation_for_basic_research,Prabhat Kumar Mandal,"['computer', 'engineering', 'fundamental']"
v0_021_call_for_proposals_in_basic_sciences_with_russia_russian_foundation_for_basic_research,Pranita P Sarangi,[]
v0_021_call_for_proposals_in_basic_sciences_with_russia_russian_foundation_for_basic_research,Pravindra Kumar,[]
v0_021_call_for_proposals_in_basic_sciences_with_russia_russian_foundation_for_basic_research,Prince Tiwari,['engineering']
v0_021_call_for_proposals_in_basic_sciences_with_russia_russian_foundation_for_basic_research,R. P. Singh,['engineering']
v0_021_call_for_proposals_in_basic_sciences_with_russia_russian_foundation_for_basic_research,Ramasare Prasad,"['computer', 'engineering']"
v0_021_call_for_proposals_in_basic_sciences_with_russia_russian_foundation_for_basic_research,Ranjana Pathania,[]
v0_021_call_for_proposals_in_basic_sciences_with_russia_russian_foundation_for_basic_research,Sanjoy Ghosh,"['engineering', 'fundamental']"
v0_021_call_for_proposals_in_basic_sciences_with_russia_russian_foundation_for_basic_research,Saugata Hazra,"['engineering', 'fundamental']"
v0_021_call_for_proposals_in_basic_sciences_with_russia_russian_foundation_for_basic_research,Shailly Tomar,[]
v0_021_call_for_proposals_in_basic_sciences_with_russia_russian_foundation_for_basic_research,Shri Ram Yadav,['engineering']
v0_021_call_for_proposals_in_basic_sciences_with_russia_russian_foundation_for_basic_research,Soma Rohatgi,['engineering']
v0_021_call_for_proposals_in_basic_sciences_with_russia_russian_foundation_for_basic_research,Sachin Suresh Tiwari,['engineering']
v0_021_call_for_proposals_in_basic_sciences_with_russia_russian_foundation_for_basic_research,Jitin Singla,['computer']
v0_021_call_for_proposals_in_basic_sciences_with_russia_russian_foundation_for_basic_research,Rajesh Kumar,[]
v0_021_call_for_proposals_in_basic_sciences_with_russia_russian_foundation_for_basic_research,Akhil Upadhyay,"['computer', 'engineering', 'fundamental']"
v0_022_funding_opportunity_announcement_foa_smart_grids,Arindam Biswas,"['building', 'city', 'design', 'large amount', 'limitation']"
v0_022_funding_opportunity_announcement_foa_smart_grids,Avlokita Agrawal,"['building', 'limitation']"
v0_022_funding_opportunity_announcement_foa_smart_grids,Gaurav Raheja,"['city', 'design', 'limitation', 'use']"
v0_022_funding_opportunity_announcement_foa_smart_grids,Harshit Sosan Lakra,[]
v0_022_funding_opportunity_announcement_foa_smart_grids,Mahua Mukherjee,"['building', 'city', 'demand', 'design', 'limitation']"
v0_022_funding_opportunity_announcement_foa_smart_grids,Prabhjot Singh Chani,"['building', 'city', 'limitation']"
v0_022_funding_opportunity_announcement_foa_smart_grids,E Rajasekar,"['building', 'demand', 'design', 'immense', 'limitation']"
v0_022_funding_opportunity_announcement_foa_smart_grids,Ram Sateesh Pasupuleti,['limitation']
v0_022_funding_opportunity_announcement_foa_smart_grids,Saptarshi Kolay,"['building', 'demand', 'design', 'large amount', 'use']"
v0_022_funding_opportunity_announcement_foa_smart_grids,Shubhajit Sadhukhan,"['demand', 'large amount', 'limitation', 'use']"
v0_022_funding_opportunity_announcement_foa_smart_grids,Smriti Saraswat,"['biomass', 'building', 'demand', 'immense', 'limitation']"
v0_022_funding_opportunity_announcement_foa_smart_grids,Sonal Atreya,"['limitation', 'use']"
v0_022_funding_opportunity_announcement_foa_smart_grids,Tina Pujara,"['immense', 'large amount', 'limitation', 'use']"
v0_022_funding_opportunity_announcement_foa_smart_grids,Uttam Kumar Roy,"['building', 'design', 'large amount', 'limitation', 'use']"
v0_022_funding_opportunity_announcement_foa_smart_grids,V Devadas,"['design', 'limitation', 'use']"
v0_022_funding_opportunity_announcement_foa_smart_grids,Jaydev Dabas,"['biomass', 'design', 'immense', 'limitation']"
v0_022_funding_opportunity_announcement_foa_smart_grids,Millie Pant,"['immense', 'large amount', 'limitation']"
v0_022_funding_opportunity_announcement_foa_smart_grids,Rajan Arora,['limitation']
v0_022_funding_opportunity_announcement_foa_smart_grids,Ashwani Kumar Sharma,['design']
v0_022_funding_opportunity_announcement_foa_smart_grids,Bijan Choudhury,"['city', 'limitation']"
v0_022_funding_opportunity_announcement_foa_smart_grids,Debabrata Sircar,"['demand', 'immense', 'limitation']"
v0_022_funding_opportunity_announcement_foa_smart_grids,Deepak Sharma,"['large amount', 'limitation']"
v0_022_funding_opportunity_announcement_foa_smart_grids,P Gopinath,"['biomass', 'large amount']"
v0_022_funding_opportunity_announcement_foa_smart_grids,Harsh Chauhan,"['large amount', 'limitation']"
v0_022_funding_opportunity_announcement_foa_smart_grids,Srinivas Kiran Ambatipudi,[]
v0_022_funding_opportunity_announcement_foa_smart_grids,Krishna Mohan Poluri,['design']
v0_022_funding_opportunity_announcement_foa_smart_grids,Maya S.Nair,"['biomass', 'demand', 'immense', 'limitation']"
v0_022_funding_opportunity_announcement_foa_smart_grids,N K Navani,"['biomass', 'immense', 'large amount', 'limitation']"
v0_022_funding_opportunity_announcement_foa_smart_grids,Partha Roy,"['design', 'immense', 'large amount', 'limitation']"
v0_022_funding_opportunity_announcement_foa_smart_grids,Poonam Choudhary,"['biomass', 'city', 'demand', 'design', 'limitation', 'use']"
v0_022_funding_opportunity_announcement_foa_smart_grids,Prabhat Kumar Mandal,"['biomass', 'city', 'immense', 'large amount', 'limitation']"
v0_022_funding_opportunity_announcement_foa_smart_grids,Pranita P Sarangi,[]
v0_022_funding_opportunity_announcement_foa_smart_grids,Pravindra Kumar,"['city', 'use']"
v0_022_funding_opportunity_announcement_foa_smart_grids,Prince Tiwari,"['city', 'design', 'use']"
v0_022_funding_opportunity_announcement_foa_smart_grids,R. P. Singh,"['design', 'large amount', 'limitation', 'use']"
v0_022_funding_opportunity_announcement_foa_smart_grids,Ramasare Prasad,"['biomass', 'city', 'large amount', 'limitation']"
v0_022_funding_opportunity_announcement_foa_smart_grids,Ranjana Pathania,"['demand', 'design', 'immense']"
v0_022_funding_opportunity_announcement_foa_smart_grids,Sanjoy Ghosh,"['biomass', 'limitation']"
v0_022_funding_opportunity_announcement_foa_smart_grids,Saugata Hazra,"['biomass', 'design', 'immense', 'limitation']"
v0_022_funding_opportunity_announcement_foa_smart_grids,Shailly Tomar,['large amount']
v0_022_funding_opportunity_announcement_foa_smart_grids,Shri Ram Yadav,"['biomass', 'immense', 'limitation']"
v0_022_funding_opportunity_announcement_foa_smart_grids,Soma Rohatgi,"['design', 'immense', 'limitation']"
v0_022_funding_opportunity_announcement_foa_smart_grids,Sachin Suresh Tiwari,"['city', 'limitation', 'use']"
v0_022_funding_opportunity_announcement_foa_smart_grids,Jitin Singla,['limitation']
v0_022_funding_opportunity_announcement_foa_smart_grids,Rajesh Kumar,"['city', 'demand', 'design', 'large amount', 'limitation']"
v0_022_funding_opportunity_announcement_foa_smart_grids,Akhil Upadhyay,"['building', 'city', 'demand', 'design', 'limitation', 'use']"
v0_023_multi_institutional_centres_on_materials_for_energy_conservation_and_storage_platform_mecsp___2017,Arindam Biswas,[]
v0_023_multi_institutional_centres_on_materials_for_energy_conservation_and_storage_platform_mecsp___2017,Avlokita Agrawal,['material']
v0_023_multi_institutional_centres_on_materials_for_energy_conservation_and_storage_platform_mecsp___2017,Gaurav Raheja,"['material', 'ultimate', 'use']"
v0_023_multi_institutional_centres_on_materials_for_energy_conservation_and_storage_platform_mecsp___2017,Harshit Sosan Lakra,['material']
v0_023_multi_institutional_centres_on_materials_for_energy_conservation_and_storage_platform_mecsp___2017,Mahua Mukherjee,"['material', 'ultimate']"
v0_023_multi_institutional_centres_on_materials_for_energy_conservation_and_storage_platform_mecsp___2017,Prabhjot Singh Chani,"['efficiency', 'ultimate']"
v0_023_multi_institutional_centres_on_materials_for_energy_conservation_and_storage_platform_mecsp___2017,E Rajasekar,"['material', 'ultimate']"
v0_023_multi_institutional_centres_on_materials_for_energy_conservation_and_storage_platform_mecsp___2017,Ram Sateesh Pasupuleti,['material']
v0_023_multi_institutional_centres_on_materials_for_energy_conservation_and_storage_platform_mecsp___2017,Saptarshi Kolay,['use']
v0_023_multi_institutional_centres_on_materials_for_energy_conservation_and_storage_platform_mecsp___2017,Shubhajit Sadhukhan,"['material', 'use']"
v0_023_multi_institutional_centres_on_materials_for_energy_conservation_and_storage_platform_mecsp___2017,Smriti Saraswat,"['material', 'ultimate']"
v0_023_multi_institutional_centres_on_materials_for_energy_conservation_and_storage_platform_mecsp___2017,Sonal Atreya,"['material', 'ultimate', 'use']"
v0_023_multi_institutional_centres_on_materials_for_energy_conservation_and_storage_platform_mecsp___2017,Tina Pujara,"['material', 'use']"
v0_023_multi_institutional_centres_on_materials_for_energy_conservation_and_storage_platform_mecsp___2017,Uttam Kumar Roy,"['material', 'ultimate', 'use']"
v0_023_multi_institutional_centres_on_materials_for_energy_conservation_and_storage_platform_mecsp___2017,V Devadas,"['ultimate', 'use']"
v0_023_multi_institutional_centres_on_materials_for_energy_conservation_and_storage_platform_mecsp___2017,Jaydev Dabas,['efficiency']
v0_023_multi_institutional_centres_on_materials_for_energy_conservation_and_storage_platform_mecsp___2017,Millie Pant,"['efficiency', 'material', 'ultimate']"
v0_023_multi_institutional_centres_on_materials_for_energy_conservation_and_storage_platform_mecsp___2017,Rajan Arora,['ultimate']
v0_023_multi_institutional_centres_on_materials_for_energy_conservation_and_storage_platform_mecsp___2017,Ashwani Kumar Sharma,"['material', 'ultimate']"
v0_023_multi_institutional_centres_on_materials_for_energy_conservation_and_storage_platform_mecsp___2017,Bijan Choudhury,[]
v0_023_multi_institutional_centres_on_materials_for_energy_conservation_and_storage_platform_mecsp___2017,Debabrata Sircar,['material']
v0_023_multi_institutional_centres_on_materials_for_energy_conservation_and_storage_platform_mecsp___2017,Deepak Sharma,['material']
v0_023_multi_institutional_centres_on_materials_for_energy_conservation_and_storage_platform_mecsp___2017,P Gopinath,"['material', 'ultimate']"
v0_023_multi_institutional_centres_on_materials_for_energy_conservation_and_storage_platform_mecsp___2017,Harsh Chauhan,[]
v0_023_multi_institutional_centres_on_materials_for_energy_conservation_and_storage_platform_mecsp___2017,Srinivas Kiran Ambatipudi,[]
v0_023_multi_institutional_centres_on_materials_for_energy_conservation_and_storage_platform_mecsp___2017,Krishna Mohan Poluri,"['material', 'ultimate']"
v0_023_multi_institutional_centres_on_materials_for_energy_conservation_and_storage_platform_mecsp___2017,Maya S.Nair,"['material', 'ultimate']"
v0_023_multi_institutional_centres_on_materials_for_energy_conservation_and_storage_platform_mecsp___2017,N K Navani,['material']
v0_023_multi_institutional_centres_on_materials_for_energy_conservation_and_storage_platform_mecsp___2017,Partha Roy,"['material', 'ultimate']"
v0_023_multi_institutional_centres_on_materials_for_energy_conservation_and_storage_platform_mecsp___2017,Poonam Choudhary,"['ultimate', 'use']"
v0_023_multi_institutional_centres_on_materials_for_energy_conservation_and_storage_platform_mecsp___2017,Prabhat Kumar Mandal,['material']
v0_023_multi_institutional_centres_on_materials_for_energy_conservation_and_storage_platform_mecsp___2017,Pranita P Sarangi,[]
v0_023_multi_institutional_centres_on_materials_for_energy_conservation_and_storage_platform_mecsp___2017,Pravindra Kumar,['use']
v0_023_multi_institutional_centres_on_materials_for_energy_conservation_and_storage_platform_mecsp___2017,Prince Tiwari,"['efficiency', 'material', 'ultimate', 'use']"
v0_023_multi_institutional_centres_on_materials_for_energy_conservation_and_storage_platform_mecsp___2017,R. P. Singh,"['material', 'ultimate', 'use']"
v0_023_multi_institutional_centres_on_materials_for_energy_conservation_and_storage_platform_mecsp___2017,Ramasare Prasad,"['material', 'ultimate']"
v0_023_multi_institutional_centres_on_materials_for_energy_conservation_and_storage_platform_mecsp___2017,Ranjana Pathania,"['efficiency', 'material']"
v0_023_multi_institutional_centres_on_materials_for_energy_conservation_and_storage_platform_mecsp___2017,Sanjoy Ghosh,"['material', 'ultimate']"
v0_023_multi_institutional_centres_on_materials_for_energy_conservation_and_storage_platform_mecsp___2017,Saugata Hazra,['material']
v0_023_multi_institutional_centres_on_materials_for_energy_conservation_and_storage_platform_mecsp___2017,Shailly Tomar,['material']
v0_023_multi_institutional_centres_on_materials_for_energy_conservation_and_storage_platform_mecsp___2017,Shri Ram Yadav,['ultimate']
v0_023_multi_institutional_centres_on_materials_for_energy_conservation_and_storage_platform_mecsp___2017,Soma Rohatgi,"['efficiency', 'material']"
v0_023_multi_institutional_centres_on_materials_for_energy_conservation_and_storage_platform_mecsp___2017,Sachin Suresh Tiwari,"['efficiency', 'use']"
v0_023_multi_institutional_centres_on_materials_for_energy_conservation_and_storage_platform_mecsp___2017,Jitin Singla,"['material', 'ultimate']"
v0_023_multi_institutional_centres_on_materials_for_energy_conservation_and_storage_platform_mecsp___2017,Rajesh Kumar,"['efficiency', 'material', 'ultimate']"
v0_023_multi_institutional_centres_on_materials_for_energy_conservation_and_storage_platform_mecsp___2017,Akhil Upadhyay,"['efficiency', 'use']"
v0_024_interdisciplinary_cyber_physical_systems_icps_division_detailed_call_for_proposals_cfp_on_quantum_information_science_and_technology_qust_programme,Arindam Biswas,['computer']
v0_024_interdisciplinary_cyber_physical_systems_icps_division_detailed_call_for_proposals_cfp_on_quantum_information_science_and_technology_qust_programme,Avlokita Agrawal,"['century', 'computer']"
v0_024_interdisciplinary_cyber_physical_systems_icps_division_detailed_call_for_proposals_cfp_on_quantum_information_science_and_technology_qust_programme,Gaurav Raheja,"['century', 'computer']"
v0_024_interdisciplinary_cyber_physical_systems_icps_division_detailed_call_for_proposals_cfp_on_quantum_information_science_and_technology_qust_programme,Harshit Sosan Lakra,[]
v0_024_interdisciplinary_cyber_physical_systems_icps_division_detailed_call_for_proposals_cfp_on_quantum_information_science_and_technology_qust_programme,Mahua Mukherjee,['century']
v0_024_interdisciplinary_cyber_physical_systems_icps_division_detailed_call_for_proposals_cfp_on_quantum_information_science_and_technology_qust_programme,Prabhjot Singh Chani,"['century', 'computer']"
v0_024_interdisciplinary_cyber_physical_systems_icps_division_detailed_call_for_proposals_cfp_on_quantum_information_science_and_technology_qust_programme,E Rajasekar,"['magnetic resonance', 'theory']"
v0_024_interdisciplinary_cyber_physical_systems_icps_division_detailed_call_for_proposals_cfp_on_quantum_information_science_and_technology_qust_programme,Ram Sateesh Pasupuleti,['computer']
v0_024_interdisciplinary_cyber_physical_systems_icps_division_detailed_call_for_proposals_cfp_on_quantum_information_science_and_technology_qust_programme,Saptarshi Kolay,"['computer', 'theory']"
v0_024_interdisciplinary_cyber_physical_systems_icps_division_detailed_call_for_proposals_cfp_on_quantum_information_science_and_technology_qust_programme,Shubhajit Sadhukhan,[]
v0_024_interdisciplinary_cyber_physical_systems_icps_division_detailed_call_for_proposals_cfp_on_quantum_information_science_and_technology_qust_programme,Smriti Saraswat,[]
v0_024_interdisciplinary_cyber_physical_systems_icps_division_detailed_call_for_proposals_cfp_on_quantum_information_science_and_technology_qust_programme,Sonal Atreya,"['computer', 'magnetic resonance', 'theory']"
v0_024_interdisciplinary_cyber_physical_systems_icps_division_detailed_call_for_proposals_cfp_on_quantum_information_science_and_technology_qust_programme,Tina Pujara,"['computer', 'magnetic resonance']"
v0_024_interdisciplinary_cyber_physical_systems_icps_division_detailed_call_for_proposals_cfp_on_quantum_information_science_and_technology_qust_programme,Uttam Kumar Roy,['computer']
v0_024_interdisciplinary_cyber_physical_systems_icps_division_detailed_call_for_proposals_cfp_on_quantum_information_science_and_technology_qust_programme,V Devadas,"['computer', 'theory']"
v0_024_interdisciplinary_cyber_physical_systems_icps_division_detailed_call_for_proposals_cfp_on_quantum_information_science_and_technology_qust_programme,Jaydev Dabas,[]
v0_024_interdisciplinary_cyber_physical_systems_icps_division_detailed_call_for_proposals_cfp_on_quantum_information_science_and_technology_qust_programme,Millie Pant,[]
v0_024_interdisciplinary_cyber_physical_systems_icps_division_detailed_call_for_proposals_cfp_on_quantum_information_science_and_technology_qust_programme,Rajan Arora,"['computer', 'magnetic resonance', 'theory']"
v0_024_interdisciplinary_cyber_physical_systems_icps_division_detailed_call_for_proposals_cfp_on_quantum_information_science_and_technology_qust_programme,Ashwani Kumar Sharma,"['computer', 'magnetic resonance']"
v0_024_interdisciplinary_cyber_physical_systems_icps_division_detailed_call_for_proposals_cfp_on_quantum_information_science_and_technology_qust_programme,Bijan Choudhury,['magnetic resonance']
v0_024_interdisciplinary_cyber_physical_systems_icps_division_detailed_call_for_proposals_cfp_on_quantum_information_science_and_technology_qust_programme,Debabrata Sircar,['computer']
v0_024_interdisciplinary_cyber_physical_systems_icps_division_detailed_call_for_proposals_cfp_on_quantum_information_science_and_technology_qust_programme,Deepak Sharma,['theory']
v0_024_interdisciplinary_cyber_physical_systems_icps_division_detailed_call_for_proposals_cfp_on_quantum_information_science_and_technology_qust_programme,P Gopinath,['magnetic resonance']
v0_024_interdisciplinary_cyber_physical_systems_icps_division_detailed_call_for_proposals_cfp_on_quantum_information_science_and_technology_qust_programme,Harsh Chauhan,"['century', 'computer']"
v0_024_interdisciplinary_cyber_physical_systems_icps_division_detailed_call_for_proposals_cfp_on_quantum_information_science_and_technology_qust_programme,Srinivas Kiran Ambatipudi,[]
v0_024_interdisciplinary_cyber_physical_systems_icps_division_detailed_call_for_proposals_cfp_on_quantum_information_science_and_technology_qust_programme,Krishna Mohan Poluri,['magnetic resonance']
v0_024_interdisciplinary_cyber_physical_systems_icps_division_detailed_call_for_proposals_cfp_on_quantum_information_science_and_technology_qust_programme,Maya S.Nair,['magnetic resonance']
v0_024_interdisciplinary_cyber_physical_systems_icps_division_detailed_call_for_proposals_cfp_on_quantum_information_science_and_technology_qust_programme,N K Navani,['magnetic resonance']
v0_024_interdisciplinary_cyber_physical_systems_icps_division_detailed_call_for_proposals_cfp_on_quantum_information_science_and_technology_qust_programme,Partha Roy,['computer']
v0_024_interdisciplinary_cyber_physical_systems_icps_division_detailed_call_for_proposals_cfp_on_quantum_information_science_and_technology_qust_programme,Poonam Choudhary,"['computer', 'magnetic resonance']"
v0_024_interdisciplinary_cyber_physical_systems_icps_division_detailed_call_for_proposals_cfp_on_quantum_information_science_and_technology_qust_programme,Prabhat Kumar Mandal,"['century', 'computer', 'magnetic resonance']"
v0_024_interdisciplinary_cyber_physical_systems_icps_division_detailed_call_for_proposals_cfp_on_quantum_information_science_and_technology_qust_programme,Pranita P Sarangi,[]
v0_024_interdisciplinary_cyber_physical_systems_icps_division_detailed_call_for_proposals_cfp_on_quantum_information_science_and_technology_qust_programme,Pravindra Kumar,['magnetic resonance']
v0_024_interdisciplinary_cyber_physical_systems_icps_division_detailed_call_for_proposals_cfp_on_quantum_information_science_and_technology_qust_programme,Prince Tiwari,[]
v0_024_interdisciplinary_cyber_physical_systems_icps_division_detailed_call_for_proposals_cfp_on_quantum_information_science_and_technology_qust_programme,R. P. Singh,['magnetic resonance']
v0_024_interdisciplinary_cyber_physical_systems_icps_division_detailed_call_for_proposals_cfp_on_quantum_information_science_and_technology_qust_programme,Ramasare Prasad,"['century', 'computer', 'magnetic resonance', 'theory']"
v0_024_interdisciplinary_cyber_physical_systems_icps_division_detailed_call_for_proposals_cfp_on_quantum_information_science_and_technology_qust_programme,Ranjana Pathania,['magnetic resonance']
v0_024_interdisciplinary_cyber_physical_systems_icps_division_detailed_call_for_proposals_cfp_on_quantum_information_science_and_technology_qust_programme,Sanjoy Ghosh,[]
v0_024_interdisciplinary_cyber_physical_systems_icps_division_detailed_call_for_proposals_cfp_on_quantum_information_science_and_technology_qust_programme,Saugata Hazra,"['century', 'magnetic resonance', 'theory']"
v0_024_interdisciplinary_cyber_physical_systems_icps_division_detailed_call_for_proposals_cfp_on_quantum_information_science_and_technology_qust_programme,Shailly Tomar,[]
v0_024_interdisciplinary_cyber_physical_systems_icps_division_detailed_call_for_proposals_cfp_on_quantum_information_science_and_technology_qust_programme,Shri Ram Yadav,[]
v0_024_interdisciplinary_cyber_physical_systems_icps_division_detailed_call_for_proposals_cfp_on_quantum_information_science_and_technology_qust_programme,Soma Rohatgi,[]
v0_024_interdisciplinary_cyber_physical_systems_icps_division_detailed_call_for_proposals_cfp_on_quantum_information_science_and_technology_qust_programme,Sachin Suresh Tiwari,['magnetic resonance']
v0_024_interdisciplinary_cyber_physical_systems_icps_division_detailed_call_for_proposals_cfp_on_quantum_information_science_and_technology_qust_programme,Jitin Singla,['computer']
v0_024_interdisciplinary_cyber_physical_systems_icps_division_detailed_call_for_proposals_cfp_on_quantum_information_science_and_technology_qust_programme,Rajesh Kumar,"['century', 'magnetic resonance']"
v0_024_interdisciplinary_cyber_physical_systems_icps_division_detailed_call_for_proposals_cfp_on_quantum_information_science_and_technology_qust_programme,Akhil Upadhyay,"['century', 'computer', 'magnetic resonance', 'theory']"
v0_025_dst_daad_joint_call_2017_recommended_projects,Arindam Biswas,"['civil engineering', 'engineering', 'rural']"
v0_025_dst_daad_joint_call_2017_recommended_projects,Avlokita Agrawal,"['architecture', 'engineering']"
v0_025_dst_daad_joint_call_2017_recommended_projects,Gaurav Raheja,"['architecture', 'civil engineering', 'engineering', 'rural']"
v0_025_dst_daad_joint_call_2017_recommended_projects,Harshit Sosan Lakra,['rural']
v0_025_dst_daad_joint_call_2017_recommended_projects,Mahua Mukherjee,['architecture']
v0_025_dst_daad_joint_call_2017_recommended_projects,Prabhjot Singh Chani,['lab']
v0_025_dst_daad_joint_call_2017_recommended_projects,E Rajasekar,"['architecture', 'civil engineering']"
v0_025_dst_daad_joint_call_2017_recommended_projects,Ram Sateesh Pasupuleti,['architecture']
v0_025_dst_daad_joint_call_2017_recommended_projects,Saptarshi Kolay,['engineering']
v0_025_dst_daad_joint_call_2017_recommended_projects,Shubhajit Sadhukhan,['rural']
v0_025_dst_daad_joint_call_2017_recommended_projects,Smriti Saraswat,"['architecture', 'rural']"
v0_025_dst_daad_joint_call_2017_recommended_projects,Sonal Atreya,"['architecture', 'civil engineering', 'engineering']"
v0_025_dst_daad_joint_call_2017_recommended_projects,Tina Pujara,[]
v0_025_dst_daad_joint_call_2017_recommended_projects,Uttam Kumar Roy,"['architecture', 'rural']"
v0_025_dst_daad_joint_call_2017_recommended_projects,V Devadas,[]
v0_025_dst_daad_joint_call_2017_recommended_projects,Jaydev Dabas,['lab']
v0_025_dst_daad_joint_call_2017_recommended_projects,Millie Pant,[]
v0_025_dst_daad_joint_call_2017_recommended_projects,Rajan Arora,[]
v0_025_dst_daad_joint_call_2017_recommended_projects,Ashwani Kumar Sharma,['lab']
v0_025_dst_daad_joint_call_2017_recommended_projects,Bijan Choudhury,"['civil engineering', 'engineering', 'lab']"
v0_025_dst_daad_joint_call_2017_recommended_projects,Debabrata Sircar,[]
v0_025_dst_daad_joint_call_2017_recommended_projects,Deepak Sharma,[]
v0_025_dst_daad_joint_call_2017_recommended_projects,P Gopinath,[]
v0_025_dst_daad_joint_call_2017_recommended_projects,Harsh Chauhan,[]
v0_025_dst_daad_joint_call_2017_recommended_projects,Srinivas Kiran Ambatipudi,['lab']
v0_025_dst_daad_joint_call_2017_recommended_projects,Krishna Mohan Poluri,['architecture']
v0_025_dst_daad_joint_call_2017_recommended_projects,Maya S.Nair,['lab']
v0_025_dst_daad_joint_call_2017_recommended_projects,N K Navani,['lab']
v0_025_dst_daad_joint_call_2017_recommended_projects,Partha Roy,[]
v0_025_dst_daad_joint_call_2017_recommended_projects,Poonam Choudhary,"['civil engineering', 'engineering', 'lab']"
v0_025_dst_daad_joint_call_2017_recommended_projects,Prabhat Kumar Mandal,"['architecture', 'civil engineering', 'engineering', 'rural']"
v0_025_dst_daad_joint_call_2017_recommended_projects,Pranita P Sarangi,[]
v0_025_dst_daad_joint_call_2017_recommended_projects,Pravindra Kumar,['rural']
v0_025_dst_daad_joint_call_2017_recommended_projects,Prince Tiwari,"['civil engineering', 'engineering', 'rural']"
v0_025_dst_daad_joint_call_2017_recommended_projects,R. P. Singh,"['civil engineering', 'engineering']"
v0_025_dst_daad_joint_call_2017_recommended_projects,Ramasare Prasad,"['architecture', 'engineering']"
v0_025_dst_daad_joint_call_2017_recommended_projects,Ranjana Pathania,['lab']
v0_025_dst_daad_joint_call_2017_recommended_projects,Sanjoy Ghosh,"['architecture', 'civil engineering', 'engineering']"
v0_025_dst_daad_joint_call_2017_recommended_projects,Saugata Hazra,['engineering']
v0_025_dst_daad_joint_call_2017_recommended_projects,Shailly Tomar,[]
v0_025_dst_daad_joint_call_2017_recommended_projects,Shri Ram Yadav,"['architecture', 'engineering']"
v0_025_dst_daad_joint_call_2017_recommended_projects,Soma Rohatgi,"['architecture', 'engineering']"
v0_025_dst_daad_joint_call_2017_recommended_projects,Sachin Suresh Tiwari,"['civil engineering', 'engineering']"
v0_025_dst_daad_joint_call_2017_recommended_projects,Jitin Singla,[]
v0_025_dst_daad_joint_call_2017_recommended_projects,Rajesh Kumar,['architecture']
v0_025_dst_daad_joint_call_2017_recommended_projects,Akhil Upadhyay,"['architecture', 'civil engineering', 'engineering']"
v0_026_3rd_information__networking_event_eu_india_call_on_water,Arindam Biswas,['building']
v0_026_3rd_information__networking_event_eu_india_call_on_water,Avlokita Agrawal,['building']
v0_026_3rd_information__networking_event_eu_india_call_on_water,Gaurav Raheja,"['event', 'target']"
v0_026_3rd_information__networking_event_eu_india_call_on_water,Harshit Sosan Lakra,[]
v0_026_3rd_information__networking_event_eu_india_call_on_water,Mahua Mukherjee,"['building', 'event']"
v0_026_3rd_information__networking_event_eu_india_call_on_water,Prabhjot Singh Chani,"['building', 'lab', 'target']"
v0_026_3rd_information__networking_event_eu_india_call_on_water,E Rajasekar,"['building', 'target']"
v0_026_3rd_information__networking_event_eu_india_call_on_water,Ram Sateesh Pasupuleti,[]
v0_026_3rd_information__networking_event_eu_india_call_on_water,Saptarshi Kolay,['building']
v0_026_3rd_information__networking_event_eu_india_call_on_water,Shubhajit Sadhukhan,[]
v0_026_3rd_information__networking_event_eu_india_call_on_water,Smriti Saraswat,"['building', 'target']"
v0_026_3rd_information__networking_event_eu_india_call_on_water,Sonal Atreya,['event']
v0_026_3rd_information__networking_event_eu_india_call_on_water,Tina Pujara,[]
v0_026_3rd_information__networking_event_eu_india_call_on_water,Uttam Kumar Roy,['building']
v0_026_3rd_information__networking_event_eu_india_call_on_water,V Devadas,[]
v0_026_3rd_information__networking_event_eu_india_call_on_water,Jaydev Dabas,['lab']
v0_026_3rd_information__networking_event_eu_india_call_on_water,Millie Pant,['event']
v0_026_3rd_information__networking_event_eu_india_call_on_water,Rajan Arora,[]
v0_026_3rd_information__networking_event_eu_india_call_on_water,Ashwani Kumar Sharma,"['lab', 'target']"
v0_026_3rd_information__networking_event_eu_india_call_on_water,Bijan Choudhury,['lab']
v0_026_3rd_information__networking_event_eu_india_call_on_water,Debabrata Sircar,['target']
v0_026_3rd_information__networking_event_eu_india_call_on_water,Deepak Sharma,[]
v0_026_3rd_information__networking_event_eu_india_call_on_water,P Gopinath,['event']
v0_026_3rd_information__networking_event_eu_india_call_on_water,Harsh Chauhan,['target']
v0_026_3rd_information__networking_event_eu_india_call_on_water,Srinivas Kiran Ambatipudi,['lab']
v0_026_3rd_information__networking_event_eu_india_call_on_water,Krishna Mohan Poluri,[]
v0_026_3rd_information__networking_event_eu_india_call_on_water,Maya S.Nair,"['lab', 'target']"
v0_026_3rd_information__networking_event_eu_india_call_on_water,N K Navani,['lab']
v0_026_3rd_information__networking_event_eu_india_call_on_water,Partha Roy,['target']
v0_026_3rd_information__networking_event_eu_india_call_on_water,Poonam Choudhary,"['lab', 'target']"
v0_026_3rd_information__networking_event_eu_india_call_on_water,Prabhat Kumar Mandal,['event']
v0_026_3rd_information__networking_event_eu_india_call_on_water,Pranita P Sarangi,[]
v0_026_3rd_information__networking_event_eu_india_call_on_water,Pravindra Kumar,['target']
v0_026_3rd_information__networking_event_eu_india_call_on_water,Prince Tiwari,['target']
v0_026_3rd_information__networking_event_eu_india_call_on_water,R. P. Singh,[]
v0_026_3rd_information__networking_event_eu_india_call_on_water,Ramasare Prasad,"['event', 'target']"
v0_026_3rd_information__networking_event_eu_india_call_on_water,Ranjana Pathania,"['event', 'lab']"
v0_026_3rd_information__networking_event_eu_india_call_on_water,Sanjoy Ghosh,[]
v0_026_3rd_information__networking_event_eu_india_call_on_water,Saugata Hazra,['target']
v0_026_3rd_information__networking_event_eu_india_call_on_water,Shailly Tomar,"['event', 'target']"
v0_026_3rd_information__networking_event_eu_india_call_on_water,Shri Ram Yadav,['target']
v0_026_3rd_information__networking_event_eu_india_call_on_water,Soma Rohatgi,[]
v0_026_3rd_information__networking_event_eu_india_call_on_water,Sachin Suresh Tiwari,[]
v0_026_3rd_information__networking_event_eu_india_call_on_water,Jitin Singla,[]
v0_026_3rd_information__networking_event_eu_india_call_on_water,Rajesh Kumar,['event']
v0_026_3rd_information__networking_event_eu_india_call_on_water,Akhil Upadhyay,"['building', 'event', 'target']"
v0_027_4th_information__networking_event_eu_india_call_on_water,Arindam Biswas,['building']
v0_027_4th_information__networking_event_eu_india_call_on_water,Avlokita Agrawal,['building']
v0_027_4th_information__networking_event_eu_india_call_on_water,Gaurav Raheja,"['event', 'target']"
v0_027_4th_information__networking_event_eu_india_call_on_water,Harshit Sosan Lakra,[]
v0_027_4th_information__networking_event_eu_india_call_on_water,Mahua Mukherjee,"['building', 'event']"
v0_027_4th_information__networking_event_eu_india_call_on_water,Prabhjot Singh Chani,"['building', 'lab', 'target']"
v0_027_4th_information__networking_event_eu_india_call_on_water,E Rajasekar,"['building', 'target']"
v0_027_4th_information__networking_event_eu_india_call_on_water,Ram Sateesh Pasupuleti,[]
v0_027_4th_information__networking_event_eu_india_call_on_water,Saptarshi Kolay,['building']
v0_027_4th_information__networking_event_eu_india_call_on_water,Shubhajit Sadhukhan,[]
v0_027_4th_information__networking_event_eu_india_call_on_water,Smriti Saraswat,"['building', 'target']"
v0_027_4th_information__networking_event_eu_india_call_on_water,Sonal Atreya,['event']
v0_027_4th_information__networking_event_eu_india_call_on_water,Tina Pujara,[]
v0_027_4th_information__networking_event_eu_india_call_on_water,Uttam Kumar Roy,['building']
v0_027_4th_information__networking_event_eu_india_call_on_water,V Devadas,[]
v0_027_4th_information__networking_event_eu_india_call_on_water,Jaydev Dabas,['lab']
v0_027_4th_information__networking_event_eu_india_call_on_water,Millie Pant,['event']
v0_027_4th_information__networking_event_eu_india_call_on_water,Rajan Arora,[]
v0_027_4th_information__networking_event_eu_india_call_on_water,Ashwani Kumar Sharma,"['lab', 'target']"
v0_027_4th_information__networking_event_eu_india_call_on_water,Bijan Choudhury,['lab']
v0_027_4th_information__networking_event_eu_india_call_on_water,Debabrata Sircar,['target']
v0_027_4th_information__networking_event_eu_india_call_on_water,Deepak Sharma,[]
v0_027_4th_information__networking_event_eu_india_call_on_water,P Gopinath,['event']
v0_027_4th_information__networking_event_eu_india_call_on_water,Harsh Chauhan,['target']
v0_027_4th_information__networking_event_eu_india_call_on_water,Srinivas Kiran Ambatipudi,['lab']
v0_027_4th_information__networking_event_eu_india_call_on_water,Krishna Mohan Poluri,[]
v0_027_4th_information__networking_event_eu_india_call_on_water,Maya S.Nair,"['lab', 'target']"
v0_027_4th_information__networking_event_eu_india_call_on_water,N K Navani,['lab']
v0_027_4th_information__networking_event_eu_india_call_on_water,Partha Roy,['target']
v0_027_4th_information__networking_event_eu_india_call_on_water,Poonam Choudhary,"['lab', 'target']"
v0_027_4th_information__networking_event_eu_india_call_on_water,Prabhat Kumar Mandal,['event']
v0_027_4th_information__networking_event_eu_india_call_on_water,Pranita P Sarangi,[]
v0_027_4th_information__networking_event_eu_india_call_on_water,Pravindra Kumar,['target']
v0_027_4th_information__networking_event_eu_india_call_on_water,Prince Tiwari,['target']
v0_027_4th_information__networking_event_eu_india_call_on_water,R. P. Singh,[]
v0_027_4th_information__networking_event_eu_india_call_on_water,Ramasare Prasad,"['event', 'target']"
v0_027_4th_information__networking_event_eu_india_call_on_water,Ranjana Pathania,"['event', 'lab']"
v0_027_4th_information__networking_event_eu_india_call_on_water,Sanjoy Ghosh,[]
v0_027_4th_information__networking_event_eu_india_call_on_water,Saugata Hazra,['target']
v0_027_4th_information__networking_event_eu_india_call_on_water,Shailly Tomar,"['event', 'target']"
v0_027_4th_information__networking_event_eu_india_call_on_water,Shri Ram Yadav,['target']
v0_027_4th_information__networking_event_eu_india_call_on_water,Soma Rohatgi,[]
v0_027_4th_information__networking_event_eu_india_call_on_water,Sachin Suresh Tiwari,[]
v0_027_4th_information__networking_event_eu_india_call_on_water,Jitin Singla,[]
v0_027_4th_information__networking_event_eu_india_call_on_water,Rajesh Kumar,['event']
v0_027_4th_information__networking_event_eu_india_call_on_water,Akhil Upadhyay,"['building', 'event', 'target']"
v0_028_funding_opportunity_announcement_foa_off_grid_access_to_electricity,Arindam Biswas,[]
v0_028_funding_opportunity_announcement_foa_off_grid_access_to_electricity,Avlokita Agrawal,['model']
v0_028_funding_opportunity_announcement_foa_off_grid_access_to_electricity,Gaurav Raheja,['alternative']
v0_028_funding_opportunity_announcement_foa_off_grid_access_to_electricity,Harshit Sosan Lakra,[]
v0_028_funding_opportunity_announcement_foa_off_grid_access_to_electricity,Mahua Mukherjee,"['alternative', 'model']"
v0_028_funding_opportunity_announcement_foa_off_grid_access_to_electricity,Prabhjot Singh Chani,['alternative']
v0_028_funding_opportunity_announcement_foa_off_grid_access_to_electricity,E Rajasekar,['alternative']
v0_028_funding_opportunity_announcement_foa_off_grid_access_to_electricity,Ram Sateesh Pasupuleti,['cost effectiveness']
v0_028_funding_opportunity_announcement_foa_off_grid_access_to_electricity,Saptarshi Kolay,"['alternative', 'cost effectiveness']"
v0_028_funding_opportunity_announcement_foa_off_grid_access_to_electricity,Shubhajit Sadhukhan,[]
v0_028_funding_opportunity_announcement_foa_off_grid_access_to_electricity,Smriti Saraswat,['cost effectiveness']
v0_028_funding_opportunity_announcement_foa_off_grid_access_to_electricity,Sonal Atreya,['alternative']
v0_028_funding_opportunity_announcement_foa_off_grid_access_to_electricity,Tina Pujara,['model']
v0_028_funding_opportunity_announcement_foa_off_grid_access_to_electricity,Uttam Kumar Roy,[]
v0_028_funding_opportunity_announcement_foa_off_grid_access_to_electricity,V Devadas,[]
v0_028_funding_opportunity_announcement_foa_off_grid_access_to_electricity,Jaydev Dabas,['model']
v0_028_funding_opportunity_announcement_foa_off_grid_access_to_electricity,Millie Pant,"['alternative', 'cost effectiveness']"
v0_028_funding_opportunity_announcement_foa_off_grid_access_to_electricity,Rajan Arora,"['alternative', 'model']"
v0_028_funding_opportunity_announcement_foa_off_grid_access_to_electricity,Ashwani Kumar Sharma,['alternative']
v0_028_funding_opportunity_announcement_foa_off_grid_access_to_electricity,Bijan Choudhury,['model']
v0_028_funding_opportunity_announcement_foa_off_grid_access_to_electricity,Debabrata Sircar,['alternative']
v0_028_funding_opportunity_announcement_foa_off_grid_access_to_electricity,Deepak Sharma,"['cost effectiveness', 'model']"
v0_028_funding_opportunity_announcement_foa_off_grid_access_to_electricity,P Gopinath,['cost effectiveness']
v0_028_funding_opportunity_announcement_foa_off_grid_access_to_electricity,Harsh Chauhan,['alternative']
v0_028_funding_opportunity_announcement_foa_off_grid_access_to_electricity,Srinivas Kiran Ambatipudi,[]
v0_028_funding_opportunity_announcement_foa_off_grid_access_to_electricity,Krishna Mohan Poluri,['alternative']
v0_028_funding_opportunity_announcement_foa_off_grid_access_to_electricity,Maya S.Nair,['alternative']
v0_028_funding_opportunity_announcement_foa_off_grid_access_to_electricity,N K Navani,"['alternative', 'cost effectiveness']"
v0_028_funding_opportunity_announcement_foa_off_grid_access_to_electricity,Partha Roy,[]
v0_028_funding_opportunity_announcement_foa_off_grid_access_to_electricity,Poonam Choudhary,['cost effectiveness']
v0_028_funding_opportunity_announcement_foa_off_grid_access_to_electricity,Prabhat Kumar Mandal,[]
v0_028_funding_opportunity_announcement_foa_off_grid_access_to_electricity,Pranita P Sarangi,[]
v0_028_funding_opportunity_announcement_foa_off_grid_access_to_electricity,Pravindra Kumar,['model']
v0_028_funding_opportunity_announcement_foa_off_grid_access_to_electricity,Prince Tiwari,['model']
v0_028_funding_opportunity_announcement_foa_off_grid_access_to_electricity,R. P. Singh,['cost effectiveness']
v0_028_funding_opportunity_announcement_foa_off_grid_access_to_electricity,Ramasare Prasad,"['alternative', 'cost effectiveness']"
v0_028_funding_opportunity_announcement_foa_off_grid_access_to_electricity,Ranjana Pathania,"['alternative', 'cost effectiveness']"
v0_028_funding_opportunity_announcement_foa_off_grid_access_to_electricity,Sanjoy Ghosh,"['alternative', 'cost effectiveness']"
v0_028_funding_opportunity_announcement_foa_off_grid_access_to_electricity,Saugata Hazra,['alternative']
v0_028_funding_opportunity_announcement_foa_off_grid_access_to_electricity,Shailly Tomar,[]
v0_028_funding_opportunity_announcement_foa_off_grid_access_to_electricity,Shri Ram Yadav,['alternative']
v0_028_funding_opportunity_announcement_foa_off_grid_access_to_electricity,Soma Rohatgi,"['alternative', 'cost effectiveness']"
v0_028_funding_opportunity_announcement_foa_off_grid_access_to_electricity,Sachin Suresh Tiwari,[]
v0_028_funding_opportunity_announcement_foa_off_grid_access_to_electricity,Jitin Singla,['alternative']
v0_028_funding_opportunity_announcement_foa_off_grid_access_to_electricity,Rajesh Kumar,"['alternative', 'cost effectiveness']"
v0_028_funding_opportunity_announcement_foa_off_grid_access_to_electricity,Akhil Upadhyay,['cost effectiveness']
v0_029_date_extended_upto_18th_january_2018_for_2017_brics_call_for_proposals_for_brics_multilateral_rd_projects,Arindam Biswas,[]
v0_029_date_extended_upto_18th_january_2018_for_2017_brics_call_for_proposals_for_brics_multilateral_rd_projects,Avlokita Agrawal,['material']
v0_029_date_extended_upto_18th_january_2018_for_2017_brics_call_for_proposals_for_brics_multilateral_rd_projects,Gaurav Raheja,['material']
v0_029_date_extended_upto_18th_january_2018_for_2017_brics_call_for_proposals_for_brics_multilateral_rd_projects,Harshit Sosan Lakra,['material']
v0_029_date_extended_upto_18th_january_2018_for_2017_brics_call_for_proposals_for_brics_multilateral_rd_projects,Mahua Mukherjee,"['disaster', 'material']"
v0_029_date_extended_upto_18th_january_2018_for_2017_brics_call_for_proposals_for_brics_multilateral_rd_projects,Prabhjot Singh Chani,"['disaster', 'efficiency']"
v0_029_date_extended_upto_18th_january_2018_for_2017_brics_call_for_proposals_for_brics_multilateral_rd_projects,E Rajasekar,"['disaster', 'material']"
v0_029_date_extended_upto_18th_january_2018_for_2017_brics_call_for_proposals_for_brics_multilateral_rd_projects,Ram Sateesh Pasupuleti,"['disaster', 'material']"
v0_029_date_extended_upto_18th_january_2018_for_2017_brics_call_for_proposals_for_brics_multilateral_rd_projects,Saptarshi Kolay,['disaster']
v0_029_date_extended_upto_18th_january_2018_for_2017_brics_call_for_proposals_for_brics_multilateral_rd_projects,Shubhajit Sadhukhan,['material']
v0_029_date_extended_upto_18th_january_2018_for_2017_brics_call_for_proposals_for_brics_multilateral_rd_projects,Smriti Saraswat,['material']
v0_029_date_extended_upto_18th_january_2018_for_2017_brics_call_for_proposals_for_brics_multilateral_rd_projects,Sonal Atreya,"['disaster', 'material']"
v0_029_date_extended_upto_18th_january_2018_for_2017_brics_call_for_proposals_for_brics_multilateral_rd_projects,Tina Pujara,['material']
v0_029_date_extended_upto_18th_january_2018_for_2017_brics_call_for_proposals_for_brics_multilateral_rd_projects,Uttam Kumar Roy,"['disaster', 'material']"
v0_029_date_extended_upto_18th_january_2018_for_2017_brics_call_for_proposals_for_brics_multilateral_rd_projects,V Devadas,['disaster']
v0_029_date_extended_upto_18th_january_2018_for_2017_brics_call_for_proposals_for_brics_multilateral_rd_projects,Jaydev Dabas,['efficiency']
v0_029_date_extended_upto_18th_january_2018_for_2017_brics_call_for_proposals_for_brics_multilateral_rd_projects,Millie Pant,"['efficiency', 'material']"
v0_029_date_extended_upto_18th_january_2018_for_2017_brics_call_for_proposals_for_brics_multilateral_rd_projects,Rajan Arora,[]
v0_029_date_extended_upto_18th_january_2018_for_2017_brics_call_for_proposals_for_brics_multilateral_rd_projects,Ashwani Kumar Sharma,"['disaster', 'material']"
v0_029_date_extended_upto_18th_january_2018_for_2017_brics_call_for_proposals_for_brics_multilateral_rd_projects,Bijan Choudhury,[]
v0_029_date_extended_upto_18th_january_2018_for_2017_brics_call_for_proposals_for_brics_multilateral_rd_projects,Debabrata Sircar,"['disaster', 'material']"
v0_029_date_extended_upto_18th_january_2018_for_2017_brics_call_for_proposals_for_brics_multilateral_rd_projects,Deepak Sharma,"['disaster', 'material']"
v0_029_date_extended_upto_18th_january_2018_for_2017_brics_call_for_proposals_for_brics_multilateral_rd_projects,P Gopinath,['material']
v0_029_date_extended_upto_18th_january_2018_for_2017_brics_call_for_proposals_for_brics_multilateral_rd_projects,Harsh Chauhan,['disaster']
v0_029_date_extended_upto_18th_january_2018_for_2017_brics_call_for_proposals_for_brics_multilateral_rd_projects,Srinivas Kiran Ambatipudi,[]
v0_029_date_extended_upto_18th_january_2018_for_2017_brics_call_for_proposals_for_brics_multilateral_rd_projects,Krishna Mohan Poluri,"['disaster', 'material']"
v0_029_date_extended_upto_18th_january_2018_for_2017_brics_call_for_proposals_for_brics_multilateral_rd_projects,Maya S.Nair,"['disaster', 'material']"
v0_029_date_extended_upto_18th_january_2018_for_2017_brics_call_for_proposals_for_brics_multilateral_rd_projects,N K Navani,"['disaster', 'material']"
v0_029_date_extended_upto_18th_january_2018_for_2017_brics_call_for_proposals_for_brics_multilateral_rd_projects,Partha Roy,['material']
v0_029_date_extended_upto_18th_january_2018_for_2017_brics_call_for_proposals_for_brics_multilateral_rd_projects,Poonam Choudhary,['disaster']
v0_029_date_extended_upto_18th_january_2018_for_2017_brics_call_for_proposals_for_brics_multilateral_rd_projects,Prabhat Kumar Mandal,['material']
v0_029_date_extended_upto_18th_january_2018_for_2017_brics_call_for_proposals_for_brics_multilateral_rd_projects,Pranita P Sarangi,[]
v0_029_date_extended_upto_18th_january_2018_for_2017_brics_call_for_proposals_for_brics_multilateral_rd_projects,Pravindra Kumar,['disaster']
v0_029_date_extended_upto_18th_january_2018_for_2017_brics_call_for_proposals_for_brics_multilateral_rd_projects,Prince Tiwari,"['disaster', 'efficiency', 'material']"
v0_029_date_extended_upto_18th_january_2018_for_2017_brics_call_for_proposals_for_brics_multilateral_rd_projects,R. P. Singh,['material']
v0_029_date_extended_upto_18th_january_2018_for_2017_brics_call_for_proposals_for_brics_multilateral_rd_projects,Ramasare Prasad,"['disaster', 'material']"
v0_029_date_extended_upto_18th_january_2018_for_2017_brics_call_for_proposals_for_brics_multilateral_rd_projects,Ranjana Pathania,"['efficiency', 'material']"
v0_029_date_extended_upto_18th_january_2018_for_2017_brics_call_for_proposals_for_brics_multilateral_rd_projects,Sanjoy Ghosh,['material']
v0_029_date_extended_upto_18th_january_2018_for_2017_brics_call_for_proposals_for_brics_multilateral_rd_projects,Saugata Hazra,"['disaster', 'material']"
v0_029_date_extended_upto_18th_january_2018_for_2017_brics_call_for_proposals_for_brics_multilateral_rd_projects,Shailly Tomar,"['disaster', 'material']"
v0_029_date_extended_upto_18th_january_2018_for_2017_brics_call_for_proposals_for_brics_multilateral_rd_projects,Shri Ram Yadav,[]
v0_029_date_extended_upto_18th_january_2018_for_2017_brics_call_for_proposals_for_brics_multilateral_rd_projects,Soma Rohatgi,"['disaster', 'efficiency', 'material']"
v0_029_date_extended_upto_18th_january_2018_for_2017_brics_call_for_proposals_for_brics_multilateral_rd_projects,Sachin Suresh Tiwari,"['disaster', 'efficiency']"
v0_029_date_extended_upto_18th_january_2018_for_2017_brics_call_for_proposals_for_brics_multilateral_rd_projects,Jitin Singla,"['disaster', 'material']"
v0_029_date_extended_upto_18th_january_2018_for_2017_brics_call_for_proposals_for_brics_multilateral_rd_projects,Rajesh Kumar,"['disaster', 'efficiency', 'material']"
v0_029_date_extended_upto_18th_january_2018_for_2017_brics_call_for_proposals_for_brics_multilateral_rd_projects,Akhil Upadhyay,['efficiency']
v0_030_call_for_concept_note_in_waste_management_technologies,Arindam Biswas,"['design', 'rural', 'urban']"
v0_030_call_for_concept_note_in_waste_management_technologies,Avlokita Agrawal,"['agricultural', 'material']"
v0_030_call_for_concept_note_in_waste_management_technologies,Gaurav Raheja,"['agricultural', 'alternative', 'design', 'material', 'rural', 'waste']"
v0_030_call_for_concept_note_in_waste_management_technologies,Harshit Sosan Lakra,"['material', 'rural']"
v0_030_call_for_concept_note_in_waste_management_technologies,Mahua Mukherjee,"['agricultural', 'alternative', 'design', 'material', 'urban', 'waste']"
v0_030_call_for_concept_note_in_waste_management_technologies,Prabhjot Singh Chani,"['alternative', 'waste']"
v0_030_call_for_concept_note_in_waste_management_technologies,E Rajasekar,"['alternative', 'design', 'material', 'waste']"
v0_030_call_for_concept_note_in_waste_management_technologies,Ram Sateesh Pasupuleti,['material']
v0_030_call_for_concept_note_in_waste_management_technologies,Saptarshi Kolay,"['alternative', 'design', 'urban', 'waste']"
v0_030_call_for_concept_note_in_waste_management_technologies,Shubhajit Sadhukhan,"['material', 'rural']"
v0_030_call_for_concept_note_in_waste_management_technologies,Smriti Saraswat,"['agricultural', 'material', 'rural', 'urban']"
v0_030_call_for_concept_note_in_waste_management_technologies,Sonal Atreya,"['alternative', 'material', 'waste']"
v0_030_call_for_concept_note_in_waste_management_technologies,Tina Pujara,['material']
v0_030_call_for_concept_note_in_waste_management_technologies,Uttam Kumar Roy,"['agricultural', 'design', 'material', 'rural', 'urban', 'waste']"
v0_030_call_for_concept_note_in_waste_management_technologies,V Devadas,"['design', 'urban', 'waste']"
v0_030_call_for_concept_note_in_waste_management_technologies,Jaydev Dabas,['design']
v0_030_call_for_concept_note_in_waste_management_technologies,Millie Pant,"['alternative', 'material', 'urban']"
v0_030_call_for_concept_note_in_waste_management_technologies,Rajan Arora,['alternative']
v0_030_call_for_concept_note_in_waste_management_technologies,Ashwani Kumar Sharma,"['agricultural', 'alternative', 'design', 'material', 'waste']"
v0_030_call_for_concept_note_in_waste_management_technologies,Bijan Choudhury,[]
v0_030_call_for_concept_note_in_waste_management_technologies,Debabrata Sircar,"['alternative', 'material', 'urban', 'waste']"
v0_030_call_for_concept_note_in_waste_management_technologies,Deepak Sharma,['material']
v0_030_call_for_concept_note_in_waste_management_technologies,P Gopinath,"['material', 'waste']"
v0_030_call_for_concept_note_in_waste_management_technologies,Harsh Chauhan,['alternative']
v0_030_call_for_concept_note_in_waste_management_technologies,Srinivas Kiran Ambatipudi,[]
v0_030_call_for_concept_note_in_waste_management_technologies,Krishna Mohan Poluri,"['alternative', 'design', 'material', 'waste']"
v0_030_call_for_concept_note_in_waste_management_technologies,Maya S.Nair,"['alternative', 'material']"
v0_030_call_for_concept_note_in_waste_management_technologies,N K Navani,"['alternative', 'material', 'waste']"
v0_030_call_for_concept_note_in_waste_management_technologies,Partha Roy,"['design', 'material']"
v0_030_call_for_concept_note_in_waste_management_technologies,Poonam Choudhary,"['design', 'urban', 'waste']"
v0_030_call_for_concept_note_in_waste_management_technologies,Prabhat Kumar Mandal,"['agricultural', 'material', 'rural']"
v0_030_call_for_concept_note_in_waste_management_technologies,Pranita P Sarangi,[]
v0_030_call_for_concept_note_in_waste_management_technologies,Pravindra Kumar,"['rural', 'waste']"
v0_030_call_for_concept_note_in_waste_management_technologies,Prince Tiwari,"['design', 'material', 'rural', 'waste']"
v0_030_call_for_concept_note_in_waste_management_technologies,R. P. Singh,"['design', 'material']"
v0_030_call_for_concept_note_in_waste_management_technologies,Ramasare Prasad,"['alternative', 'material', 'waste']"
v0_030_call_for_concept_note_in_waste_management_technologies,Ranjana Pathania,"['agricultural', 'alternative', 'design', 'material']"
v0_030_call_for_concept_note_in_waste_management_technologies,Sanjoy Ghosh,"['alternative', 'material']"
v0_030_call_for_concept_note_in_waste_management_technologies,Saugata Hazra,"['alternative', 'design', 'material']"
v0_030_call_for_concept_note_in_waste_management_technologies,Shailly Tomar,"['material', 'waste']"
v0_030_call_for_concept_note_in_waste_management_technologies,Shri Ram Yadav,['alternative']
v0_030_call_for_concept_note_in_waste_management_technologies,Soma Rohatgi,"['alternative', 'design', 'material']"
v0_030_call_for_concept_note_in_waste_management_technologies,Sachin Suresh Tiwari,[]
v0_030_call_for_concept_note_in_waste_management_technologies,Jitin Singla,"['alternative', 'material']"
v0_030_call_for_concept_note_in_waste_management_technologies,Rajesh Kumar,"['alternative', 'design', 'material', 'waste']"
v0_030_call_for_concept_note_in_waste_management_technologies,Akhil Upadhyay,['design']
v0_031_2018_commonwealth_scholarship_in_the_united_kingdom,Arindam Biswas,[]
v0_031_2018_commonwealth_scholarship_in_the_united_kingdom,Avlokita Agrawal,[]
v0_031_2018_commonwealth_scholarship_in_the_united_kingdom,Gaurav Raheja,['site']
v0_031_2018_commonwealth_scholarship_in_the_united_kingdom,Harshit Sosan Lakra,[]
v0_031_2018_commonwealth_scholarship_in_the_united_kingdom,Mahua Mukherjee,"['master', 'site']"
v0_031_2018_commonwealth_scholarship_in_the_united_kingdom,Prabhjot Singh Chani,['site']
v0_031_2018_commonwealth_scholarship_in_the_united_kingdom,E Rajasekar,"['master', 'site']"
v0_031_2018_commonwealth_scholarship_in_the_united_kingdom,Ram Sateesh Pasupuleti,['master']
v0_031_2018_commonwealth_scholarship_in_the_united_kingdom,Saptarshi Kolay,"['master', 'site']"
v0_031_2018_commonwealth_scholarship_in_the_united_kingdom,Shubhajit Sadhukhan,['site']
v0_031_2018_commonwealth_scholarship_in_the_united_kingdom,Smriti Saraswat,['master']
v0_031_2018_commonwealth_scholarship_in_the_united_kingdom,Sonal Atreya,"['master', 'site']"
v0_031_2018_commonwealth_scholarship_in_the_united_kingdom,Tina Pujara,['site']
v0_031_2018_commonwealth_scholarship_in_the_united_kingdom,Uttam Kumar Roy,"['master', 'site']"
v0_031_2018_commonwealth_scholarship_in_the_united_kingdom,V Devadas,"['master', 'site']"
v0_031_2018_commonwealth_scholarship_in_the_united_kingdom,Jaydev Dabas,[]
v0_031_2018_commonwealth_scholarship_in_the_united_kingdom,Millie Pant,[]
v0_031_2018_commonwealth_scholarship_in_the_united_kingdom,Rajan Arora,[]
v0_031_2018_commonwealth_scholarship_in_the_united_kingdom,Ashwani Kumar Sharma,"['master', 'mhrd', 'site']"
v0_031_2018_commonwealth_scholarship_in_the_united_kingdom,Bijan Choudhury,[]
v0_031_2018_commonwealth_scholarship_in_the_united_kingdom,Debabrata Sircar,['master']
v0_031_2018_commonwealth_scholarship_in_the_united_kingdom,Deepak Sharma,['mhrd']
v0_031_2018_commonwealth_scholarship_in_the_united_kingdom,P Gopinath,[]
v0_031_2018_commonwealth_scholarship_in_the_united_kingdom,Harsh Chauhan,[]
v0_031_2018_commonwealth_scholarship_in_the_united_kingdom,Srinivas Kiran Ambatipudi,[]
v0_031_2018_commonwealth_scholarship_in_the_united_kingdom,Krishna Mohan Poluri,"['master', 'site']"
v0_031_2018_commonwealth_scholarship_in_the_united_kingdom,Maya S.Nair,"['master', 'site']"
v0_031_2018_commonwealth_scholarship_in_the_united_kingdom,N K Navani,"['master', 'site']"
v0_031_2018_commonwealth_scholarship_in_the_united_kingdom,Partha Roy,['master']
v0_031_2018_commonwealth_scholarship_in_the_united_kingdom,Poonam Choudhary,"['master', 'site']"
v0_031_2018_commonwealth_scholarship_in_the_united_kingdom,Prabhat Kumar Mandal,[]
v0_031_2018_commonwealth_scholarship_in_the_united_kingdom,Pranita P Sarangi,[]
v0_031_2018_commonwealth_scholarship_in_the_united_kingdom,Pravindra Kumar,"['master', 'mhrd', 'site']"
v0_031_2018_commonwealth_scholarship_in_the_united_kingdom,Prince Tiwari,"['master', 'site']"
v0_031_2018_commonwealth_scholarship_in_the_united_kingdom,R. P. Singh,['site']
v0_031_2018_commonwealth_scholarship_in_the_united_kingdom,Ramasare Prasad,['master']
v0_031_2018_commonwealth_scholarship_in_the_united_kingdom,Ranjana Pathania,[]
v0_031_2018_commonwealth_scholarship_in_the_united_kingdom,Sanjoy Ghosh,[]
v0_031_2018_commonwealth_scholarship_in_the_united_kingdom,Saugata Hazra,['master']
v0_031_2018_commonwealth_scholarship_in_the_united_kingdom,Shailly Tomar,['master']
v0_031_2018_commonwealth_scholarship_in_the_united_kingdom,Shri Ram Yadav,['master']
v0_031_2018_commonwealth_scholarship_in_the_united_kingdom,Soma Rohatgi,[]
v0_031_2018_commonwealth_scholarship_in_the_united_kingdom,Sachin Suresh Tiwari,['site']
v0_031_2018_commonwealth_scholarship_in_the_united_kingdom,Jitin Singla,['master']
v0_031_2018_commonwealth_scholarship_in_the_united_kingdom,Rajesh Kumar,"['master', 'site']"
v0_031_2018_commonwealth_scholarship_in_the_united_kingdom,Akhil Upadhyay,[]
v0_032_indo_german_science__technology_centre_igstc_announces_call_for_grant_applications_for_indo_german_r__d_partnership_on_research_projects_with_industrial_relevance,Arindam Biswas,"['building', 'design']"
v0_032_indo_german_science__technology_centre_igstc_announces_call_for_grant_applications_for_indo_german_r__d_partnership_on_research_projects_with_industrial_relevance,Avlokita Agrawal,"['building', 'material']"
v0_032_indo_german_science__technology_centre_igstc_announces_call_for_grant_applications_for_indo_german_r__d_partnership_on_research_projects_with_industrial_relevance,Gaurav Raheja,"['design', 'material']"
v0_032_indo_german_science__technology_centre_igstc_announces_call_for_grant_applications_for_indo_german_r__d_partnership_on_research_projects_with_industrial_relevance,Harshit Sosan Lakra,['material']
v0_032_indo_german_science__technology_centre_igstc_announces_call_for_grant_applications_for_indo_german_r__d_partnership_on_research_projects_with_industrial_relevance,Mahua Mukherjee,"['building', 'design', 'low cost', 'material']"
v0_032_indo_german_science__technology_centre_igstc_announces_call_for_grant_applications_for_indo_german_r__d_partnership_on_research_projects_with_industrial_relevance,Prabhjot Singh Chani,"['building', 'low cost']"
v0_032_indo_german_science__technology_centre_igstc_announces_call_for_grant_applications_for_indo_german_r__d_partnership_on_research_projects_with_industrial_relevance,E Rajasekar,"['building', 'design', 'material']"
v0_032_indo_german_science__technology_centre_igstc_announces_call_for_grant_applications_for_indo_german_r__d_partnership_on_research_projects_with_industrial_relevance,Ram Sateesh Pasupuleti,"['low cost', 'material']"
v0_032_indo_german_science__technology_centre_igstc_announces_call_for_grant_applications_for_indo_german_r__d_partnership_on_research_projects_with_industrial_relevance,Saptarshi Kolay,"['building', 'design']"
v0_032_indo_german_science__technology_centre_igstc_announces_call_for_grant_applications_for_indo_german_r__d_partnership_on_research_projects_with_industrial_relevance,Shubhajit Sadhukhan,['material']
v0_032_indo_german_science__technology_centre_igstc_announces_call_for_grant_applications_for_indo_german_r__d_partnership_on_research_projects_with_industrial_relevance,Smriti Saraswat,"['building', 'material']"
v0_032_indo_german_science__technology_centre_igstc_announces_call_for_grant_applications_for_indo_german_r__d_partnership_on_research_projects_with_industrial_relevance,Sonal Atreya,['material']
v0_032_indo_german_science__technology_centre_igstc_announces_call_for_grant_applications_for_indo_german_r__d_partnership_on_research_projects_with_industrial_relevance,Tina Pujara,['material']
v0_032_indo_german_science__technology_centre_igstc_announces_call_for_grant_applications_for_indo_german_r__d_partnership_on_research_projects_with_industrial_relevance,Uttam Kumar Roy,"['building', 'design', 'low cost', 'material']"
v0_032_indo_german_science__technology_centre_igstc_announces_call_for_grant_applications_for_indo_german_r__d_partnership_on_research_projects_with_industrial_relevance,V Devadas,['design']
v0_032_indo_german_science__technology_centre_igstc_announces_call_for_grant_applications_for_indo_german_r__d_partnership_on_research_projects_with_industrial_relevance,Jaydev Dabas,['design']
v0_032_indo_german_science__technology_centre_igstc_announces_call_for_grant_applications_for_indo_german_r__d_partnership_on_research_projects_with_industrial_relevance,Millie Pant,['material']
v0_032_indo_german_science__technology_centre_igstc_announces_call_for_grant_applications_for_indo_german_r__d_partnership_on_research_projects_with_industrial_relevance,Rajan Arora,[]
v0_032_indo_german_science__technology_centre_igstc_announces_call_for_grant_applications_for_indo_german_r__d_partnership_on_research_projects_with_industrial_relevance,Ashwani Kumar Sharma,"['design', 'material']"
v0_032_indo_german_science__technology_centre_igstc_announces_call_for_grant_applications_for_indo_german_r__d_partnership_on_research_projects_with_industrial_relevance,Bijan Choudhury,['low cost']
v0_032_indo_german_science__technology_centre_igstc_announces_call_for_grant_applications_for_indo_german_r__d_partnership_on_research_projects_with_industrial_relevance,Debabrata Sircar,"['low cost', 'material']"
v0_032_indo_german_science__technology_centre_igstc_announces_call_for_grant_applications_for_indo_german_r__d_partnership_on_research_projects_with_industrial_relevance,Deepak Sharma,['material']
v0_032_indo_german_science__technology_centre_igstc_announces_call_for_grant_applications_for_indo_german_r__d_partnership_on_research_projects_with_industrial_relevance,P Gopinath,"['low cost', 'material']"
v0_032_indo_german_science__technology_centre_igstc_announces_call_for_grant_applications_for_indo_german_r__d_partnership_on_research_projects_with_industrial_relevance,Harsh Chauhan,[]
v0_032_indo_german_science__technology_centre_igstc_announces_call_for_grant_applications_for_indo_german_r__d_partnership_on_research_projects_with_industrial_relevance,Srinivas Kiran Ambatipudi,[]
v0_032_indo_german_science__technology_centre_igstc_announces_call_for_grant_applications_for_indo_german_r__d_partnership_on_research_projects_with_industrial_relevance,Krishna Mohan Poluri,"['design', 'material']"
v0_032_indo_german_science__technology_centre_igstc_announces_call_for_grant_applications_for_indo_german_r__d_partnership_on_research_projects_with_industrial_relevance,Maya S.Nair,['material']
v0_032_indo_german_science__technology_centre_igstc_announces_call_for_grant_applications_for_indo_german_r__d_partnership_on_research_projects_with_industrial_relevance,N K Navani,['material']
v0_032_indo_german_science__technology_centre_igstc_announces_call_for_grant_applications_for_indo_german_r__d_partnership_on_research_projects_with_industrial_relevance,Partha Roy,"['design', 'material']"
v0_032_indo_german_science__technology_centre_igstc_announces_call_for_grant_applications_for_indo_german_r__d_partnership_on_research_projects_with_industrial_relevance,Poonam Choudhary,"['design', 'low cost']"
v0_032_indo_german_science__technology_centre_igstc_announces_call_for_grant_applications_for_indo_german_r__d_partnership_on_research_projects_with_industrial_relevance,Prabhat Kumar Mandal,['material']
v0_032_indo_german_science__technology_centre_igstc_announces_call_for_grant_applications_for_indo_german_r__d_partnership_on_research_projects_with_industrial_relevance,Pranita P Sarangi,[]
v0_032_indo_german_science__technology_centre_igstc_announces_call_for_grant_applications_for_indo_german_r__d_partnership_on_research_projects_with_industrial_relevance,Pravindra Kumar,[]
v0_032_indo_german_science__technology_centre_igstc_announces_call_for_grant_applications_for_indo_german_r__d_partnership_on_research_projects_with_industrial_relevance,Prince Tiwari,"['design', 'material']"
v0_032_indo_german_science__technology_centre_igstc_announces_call_for_grant_applications_for_indo_german_r__d_partnership_on_research_projects_with_industrial_relevance,R. P. Singh,"['design', 'material']"
v0_032_indo_german_science__technology_centre_igstc_announces_call_for_grant_applications_for_indo_german_r__d_partnership_on_research_projects_with_industrial_relevance,Ramasare Prasad,"['low cost', 'material']"
v0_032_indo_german_science__technology_centre_igstc_announces_call_for_grant_applications_for_indo_german_r__d_partnership_on_research_projects_with_industrial_relevance,Ranjana Pathania,"['design', 'material']"
v0_032_indo_german_science__technology_centre_igstc_announces_call_for_grant_applications_for_indo_german_r__d_partnership_on_research_projects_with_industrial_relevance,Sanjoy Ghosh,"['low cost', 'material']"
v0_032_indo_german_science__technology_centre_igstc_announces_call_for_grant_applications_for_indo_german_r__d_partnership_on_research_projects_with_industrial_relevance,Saugata Hazra,"['design', 'material']"
v0_032_indo_german_science__technology_centre_igstc_announces_call_for_grant_applications_for_indo_german_r__d_partnership_on_research_projects_with_industrial_relevance,Shailly Tomar,['material']
v0_032_indo_german_science__technology_centre_igstc_announces_call_for_grant_applications_for_indo_german_r__d_partnership_on_research_projects_with_industrial_relevance,Shri Ram Yadav,['low cost']
v0_032_indo_german_science__technology_centre_igstc_announces_call_for_grant_applications_for_indo_german_r__d_partnership_on_research_projects_with_industrial_relevance,Soma Rohatgi,"['design', 'material']"
v0_032_indo_german_science__technology_centre_igstc_announces_call_for_grant_applications_for_indo_german_r__d_partnership_on_research_projects_with_industrial_relevance,Sachin Suresh Tiwari,[]
v0_032_indo_german_science__technology_centre_igstc_announces_call_for_grant_applications_for_indo_german_r__d_partnership_on_research_projects_with_industrial_relevance,Jitin Singla,"['low cost', 'material']"
v0_032_indo_german_science__technology_centre_igstc_announces_call_for_grant_applications_for_indo_german_r__d_partnership_on_research_projects_with_industrial_relevance,Rajesh Kumar,"['design', 'material']"
v0_032_indo_german_science__technology_centre_igstc_announces_call_for_grant_applications_for_indo_german_r__d_partnership_on_research_projects_with_industrial_relevance,Akhil Upadhyay,"['building', 'design']"
v0_033_call_for_proposals___2018_under_india___iran_bilateral_st_cooperation,Arindam Biswas,[]
v0_033_call_for_proposals___2018_under_india___iran_bilateral_st_cooperation,Avlokita Agrawal,[]
v0_033_call_for_proposals___2018_under_india___iran_bilateral_st_cooperation,Gaurav Raheja,[]
v0_033_call_for_proposals___2018_under_india___iran_bilateral_st_cooperation,Harshit Sosan Lakra,['general']
v0_033_call_for_proposals___2018_under_india___iran_bilateral_st_cooperation,Mahua Mukherjee,['general']
v0_033_call_for_proposals___2018_under_india___iran_bilateral_st_cooperation,Prabhjot Singh Chani,['general']
v0_033_call_for_proposals___2018_under_india___iran_bilateral_st_cooperation,E Rajasekar,[]
v0_033_call_for_proposals___2018_under_india___iran_bilateral_st_cooperation,Ram Sateesh Pasupuleti,['general']
v0_033_call_for_proposals___2018_under_india___iran_bilateral_st_cooperation,Saptarshi Kolay,[]
v0_033_call_for_proposals___2018_under_india___iran_bilateral_st_cooperation,Shubhajit Sadhukhan,[]
v0_033_call_for_proposals___2018_under_india___iran_bilateral_st_cooperation,Smriti Saraswat,[]
v0_033_call_for_proposals___2018_under_india___iran_bilateral_st_cooperation,Sonal Atreya,[]
v0_033_call_for_proposals___2018_under_india___iran_bilateral_st_cooperation,Tina Pujara,['general']
v0_033_call_for_proposals___2018_under_india___iran_bilateral_st_cooperation,Uttam Kumar Roy,['general']
v0_033_call_for_proposals___2018_under_india___iran_bilateral_st_cooperation,V Devadas,[]
v0_033_call_for_proposals___2018_under_india___iran_bilateral_st_cooperation,Jaydev Dabas,[]
v0_033_call_for_proposals___2018_under_india___iran_bilateral_st_cooperation,Millie Pant,[]
v0_033_call_for_proposals___2018_under_india___iran_bilateral_st_cooperation,Rajan Arora,[]
v0_033_call_for_proposals___2018_under_india___iran_bilateral_st_cooperation,Ashwani Kumar Sharma,['general']
v0_033_call_for_proposals___2018_under_india___iran_bilateral_st_cooperation,Bijan Choudhury,[]
v0_033_call_for_proposals___2018_under_india___iran_bilateral_st_cooperation,Debabrata Sircar,['general']
v0_033_call_for_proposals___2018_under_india___iran_bilateral_st_cooperation,Deepak Sharma,['general']
v0_033_call_for_proposals___2018_under_india___iran_bilateral_st_cooperation,P Gopinath,[]
v0_033_call_for_proposals___2018_under_india___iran_bilateral_st_cooperation,Harsh Chauhan,[]
v0_033_call_for_proposals___2018_under_india___iran_bilateral_st_cooperation,Srinivas Kiran Ambatipudi,[]
v0_033_call_for_proposals___2018_under_india___iran_bilateral_st_cooperation,Krishna Mohan Poluri,['general']
v0_033_call_for_proposals___2018_under_india___iran_bilateral_st_cooperation,Maya S.Nair,['general']
v0_033_call_for_proposals___2018_under_india___iran_bilateral_st_cooperation,N K Navani,['general']
v0_033_call_for_proposals___2018_under_india___iran_bilateral_st_cooperation,Partha Roy,[]
v0_033_call_for_proposals___2018_under_india___iran_bilateral_st_cooperation,Poonam Choudhary,[]
v0_033_call_for_proposals___2018_under_india___iran_bilateral_st_cooperation,Prabhat Kumar Mandal,[]
v0_033_call_for_proposals___2018_under_india___iran_bilateral_st_cooperation,Pranita P Sarangi,[]
v0_033_call_for_proposals___2018_under_india___iran_bilateral_st_cooperation,Pravindra Kumar,[]
v0_033_call_for_proposals___2018_under_india___iran_bilateral_st_cooperation,Prince Tiwari,[]
v0_033_call_for_proposals___2018_under_india___iran_bilateral_st_cooperation,R. P. Singh,[]
v0_033_call_for_proposals___2018_under_india___iran_bilateral_st_cooperation,Ramasare Prasad,[]
v0_033_call_for_proposals___2018_under_india___iran_bilateral_st_cooperation,Ranjana Pathania,['general']
v0_033_call_for_proposals___2018_under_india___iran_bilateral_st_cooperation,Sanjoy Ghosh,['general']
v0_033_call_for_proposals___2018_under_india___iran_bilateral_st_cooperation,Saugata Hazra,['general']
v0_033_call_for_proposals___2018_under_india___iran_bilateral_st_cooperation,Shailly Tomar,[]
v0_033_call_for_proposals___2018_under_india___iran_bilateral_st_cooperation,Shri Ram Yadav,[]
v0_033_call_for_proposals___2018_under_india___iran_bilateral_st_cooperation,Soma Rohatgi,['general']
v0_033_call_for_proposals___2018_under_india___iran_bilateral_st_cooperation,Sachin Suresh Tiwari,['general']
v0_033_call_for_proposals___2018_under_india___iran_bilateral_st_cooperation,Jitin Singla,[]
v0_033_call_for_proposals___2018_under_india___iran_bilateral_st_cooperation,Rajesh Kumar,[]
v0_033_call_for_proposals___2018_under_india___iran_bilateral_st_cooperation,Akhil Upadhyay,['general']
v0_034_call_for_proposal_for_device_development_programme___2017,Arindam Biswas,[]
v0_034_call_for_proposal_for_device_development_programme___2017,Avlokita Agrawal,['instrument']
v0_034_call_for_proposal_for_device_development_programme___2017,Gaurav Raheja,['instrument']
v0_034_call_for_proposal_for_device_development_programme___2017,Harshit Sosan Lakra,[]
v0_034_call_for_proposal_for_device_development_programme___2017,Mahua Mukherjee,"['disaster', 'disaster management', 'low cost']"
v0_034_call_for_proposal_for_device_development_programme___2017,Prabhjot Singh Chani,"['disaster', 'disaster management', 'low cost']"
v0_034_call_for_proposal_for_device_development_programme___2017,E Rajasekar,['disaster']
v0_034_call_for_proposal_for_device_development_programme___2017,Ram Sateesh Pasupuleti,"['disaster', 'disaster management', 'instrument', 'low cost']"
v0_034_call_for_proposal_for_device_development_programme___2017,Saptarshi Kolay,['disaster']
v0_034_call_for_proposal_for_device_development_programme___2017,Shubhajit Sadhukhan,"['disaster management', 'instrument']"
v0_034_call_for_proposal_for_device_development_programme___2017,Smriti Saraswat,[]
v0_034_call_for_proposal_for_device_development_programme___2017,Sonal Atreya,"['disaster', 'instrument']"
v0_034_call_for_proposal_for_device_development_programme___2017,Tina Pujara,[]
v0_034_call_for_proposal_for_device_development_programme___2017,Uttam Kumar Roy,"['disaster', 'low cost']"
v0_034_call_for_proposal_for_device_development_programme___2017,V Devadas,['disaster']
v0_034_call_for_proposal_for_device_development_programme___2017,Jaydev Dabas,['instrument']
v0_034_call_for_proposal_for_device_development_programme___2017,Millie Pant,['disaster management']
v0_034_call_for_proposal_for_device_development_programme___2017,Rajan Arora,[]
v0_034_call_for_proposal_for_device_development_programme___2017,Ashwani Kumar Sharma,"['disaster', 'disaster management']"
v0_034_call_for_proposal_for_device_development_programme___2017,Bijan Choudhury,"['instrument', 'low cost']"
v0_034_call_for_proposal_for_device_development_programme___2017,Debabrata Sircar,"['disaster', 'low cost']"
v0_034_call_for_proposal_for_device_development_programme___2017,Deepak Sharma,"['disaster', 'disaster management']"
v0_034_call_for_proposal_for_device_development_programme___2017,P Gopinath,"['instrument', 'low cost']"
v0_034_call_for_proposal_for_device_development_programme___2017,Harsh Chauhan,"['disaster', 'disaster management']"
v0_034_call_for_proposal_for_device_development_programme___2017,Srinivas Kiran Ambatipudi,[]
v0_034_call_for_proposal_for_device_development_programme___2017,Krishna Mohan Poluri,['disaster']
v0_034_call_for_proposal_for_device_development_programme___2017,Maya S.Nair,['disaster']
v0_034_call_for_proposal_for_device_development_programme___2017,N K Navani,['disaster']
v0_034_call_for_proposal_for_device_development_programme___2017,Partha Roy,['disaster management']
v0_034_call_for_proposal_for_device_development_programme___2017,Poonam Choudhary,"['disaster', 'low cost']"
v0_034_call_for_proposal_for_device_development_programme___2017,Prabhat Kumar Mandal,['instrument']
v0_034_call_for_proposal_for_device_development_programme___2017,Pranita P Sarangi,[]
v0_034_call_for_proposal_for_device_development_programme___2017,Pravindra Kumar,['disaster']
v0_034_call_for_proposal_for_device_development_programme___2017,Prince Tiwari,['disaster']
v0_034_call_for_proposal_for_device_development_programme___2017,R. P. Singh,"['disaster management', 'instrument']"
v0_034_call_for_proposal_for_device_development_programme___2017,Ramasare Prasad,"['disaster', 'disaster management', 'instrument', 'low cost']"
v0_034_call_for_proposal_for_device_development_programme___2017,Ranjana Pathania,['disaster management']
v0_034_call_for_proposal_for_device_development_programme___2017,Sanjoy Ghosh,['low cost']
v0_034_call_for_proposal_for_device_development_programme___2017,Saugata Hazra,['disaster']
v0_034_call_for_proposal_for_device_development_programme___2017,Shailly Tomar,"['disaster', 'instrument']"
v0_034_call_for_proposal_for_device_development_programme___2017,Shri Ram Yadav,['low cost']
v0_034_call_for_proposal_for_device_development_programme___2017,Soma Rohatgi,"['disaster', 'disaster management']"
v0_034_call_for_proposal_for_device_development_programme___2017,Sachin Suresh Tiwari,"['disaster', 'disaster management', 'instrument']"
v0_034_call_for_proposal_for_device_development_programme___2017,Jitin Singla,"['disaster', 'instrument', 'low cost']"
v0_034_call_for_proposal_for_device_development_programme___2017,Rajesh Kumar,"['disaster', 'disaster management']"
v0_034_call_for_proposal_for_device_development_programme___2017,Akhil Upadhyay,[]
v0_035_call_for_proposal___science__heritage_research_initiativeshri,Arindam Biswas,"['computer', 'decade']"
v0_035_call_for_proposal___science__heritage_research_initiativeshri,Avlokita Agrawal,"['computer', 'investigation', 'material']"
v0_035_call_for_proposal___science__heritage_research_initiativeshri,Gaurav Raheja,"['computer', 'investigation', 'material']"
v0_035_call_for_proposal___science__heritage_research_initiativeshri,Harshit Sosan Lakra,['material']
v0_035_call_for_proposal___science__heritage_research_initiativeshri,Mahua Mukherjee,"['decade', 'investigation', 'material', 'significance']"
v0_035_call_for_proposal___science__heritage_research_initiativeshri,Prabhjot Singh Chani,"['computer', 'investigation']"
v0_035_call_for_proposal___science__heritage_research_initiativeshri,E Rajasekar,"['decade', 'investigation', 'material', 'significance']"
v0_035_call_for_proposal___science__heritage_research_initiativeshri,Ram Sateesh Pasupuleti,"['computer', 'material']"
v0_035_call_for_proposal___science__heritage_research_initiativeshri,Saptarshi Kolay,"['computer', 'investigation']"
v0_035_call_for_proposal___science__heritage_research_initiativeshri,Shubhajit Sadhukhan,"['investigation', 'material']"
v0_035_call_for_proposal___science__heritage_research_initiativeshri,Smriti Saraswat,"['decade', 'material', 'significance']"
v0_035_call_for_proposal___science__heritage_research_initiativeshri,Sonal Atreya,"['computer', 'decade', 'investigation', 'material', 'significance']"
v0_035_call_for_proposal___science__heritage_research_initiativeshri,Tina Pujara,"['computer', 'material']"
v0_035_call_for_proposal___science__heritage_research_initiativeshri,Uttam Kumar Roy,"['computer', 'material']"
v0_035_call_for_proposal___science__heritage_research_initiativeshri,V Devadas,"['computer', 'decade', 'investigation']"
v0_035_call_for_proposal___science__heritage_research_initiativeshri,Jaydev Dabas,['investigation']
v0_035_call_for_proposal___science__heritage_research_initiativeshri,Millie Pant,"['investigation', 'material']"
v0_035_call_for_proposal___science__heritage_research_initiativeshri,Rajan Arora,"['computer', 'investigation']"
v0_035_call_for_proposal___science__heritage_research_initiativeshri,Ashwani Kumar Sharma,"['computer', 'material']"
v0_035_call_for_proposal___science__heritage_research_initiativeshri,Bijan Choudhury,['significance']
v0_035_call_for_proposal___science__heritage_research_initiativeshri,Debabrata Sircar,"['computer', 'decade', 'investigation', 'material', 'significance']"
v0_035_call_for_proposal___science__heritage_research_initiativeshri,Deepak Sharma,"['decade', 'investigation', 'material']"
v0_035_call_for_proposal___science__heritage_research_initiativeshri,P Gopinath,['material']
v0_035_call_for_proposal___science__heritage_research_initiativeshri,Harsh Chauhan,"['computer', 'investigation']"
v0_035_call_for_proposal___science__heritage_research_initiativeshri,Srinivas Kiran Ambatipudi,[]
v0_035_call_for_proposal___science__heritage_research_initiativeshri,Krishna Mohan Poluri,"['decade', 'investigation', 'material', 'significance']"
v0_035_call_for_proposal___science__heritage_research_initiativeshri,Maya S.Nair,"['investigation', 'material']"
v0_035_call_for_proposal___science__heritage_research_initiativeshri,N K Navani,"['investigation', 'material']"
v0_035_call_for_proposal___science__heritage_research_initiativeshri,Partha Roy,"['computer', 'investigation', 'material', 'significance']"
v0_035_call_for_proposal___science__heritage_research_initiativeshri,Poonam Choudhary,"['computer', 'investigation']"
v0_035_call_for_proposal___science__heritage_research_initiativeshri,Prabhat Kumar Mandal,"['computer', 'decade', 'investigation', 'material']"
v0_035_call_for_proposal___science__heritage_research_initiativeshri,Pranita P Sarangi,[]
v0_035_call_for_proposal___science__heritage_research_initiativeshri,Pravindra Kumar,[]
v0_035_call_for_proposal___science__heritage_research_initiativeshri,Prince Tiwari,['material']
v0_035_call_for_proposal___science__heritage_research_initiativeshri,R. P. Singh,"['investigation', 'material']"
v0_035_call_for_proposal___science__heritage_research_initiativeshri,Ramasare Prasad,"['computer', 'investigation', 'material']"
v0_035_call_for_proposal___science__heritage_research_initiativeshri,Ranjana Pathania,"['decade', 'material']"
v0_035_call_for_proposal___science__heritage_research_initiativeshri,Sanjoy Ghosh,"['investigation', 'material', 'significance']"
v0_035_call_for_proposal___science__heritage_research_initiativeshri,Saugata Hazra,"['investigation', 'material', 'significance']"
v0_035_call_for_proposal___science__heritage_research_initiativeshri,Shailly Tomar,['material']
v0_035_call_for_proposal___science__heritage_research_initiativeshri,Shri Ram Yadav,['investigation']
v0_035_call_for_proposal___science__heritage_research_initiativeshri,Soma Rohatgi,"['decade', 'investigation', 'material', 'significance']"
v0_035_call_for_proposal___science__heritage_research_initiativeshri,Sachin Suresh Tiwari,"['decade', 'investigation']"
v0_035_call_for_proposal___science__heritage_research_initiativeshri,Jitin Singla,"['computer', 'investigation', 'material']"
v0_035_call_for_proposal___science__heritage_research_initiativeshri,Rajesh Kumar,"['decade', 'investigation', 'material', 'significance']"
v0_035_call_for_proposal___science__heritage_research_initiativeshri,Akhil Upadhyay,"['computer', 'investigation']"
v0_036_indo___norway_joint_energy_call_2017,Arindam Biswas,[]
v0_036_indo___norway_joint_energy_call_2017,Avlokita Agrawal,[]
v0_036_indo___norway_joint_energy_call_2017,Gaurav Raheja,[]
v0_036_indo___norway_joint_energy_call_2017,Harshit Sosan Lakra,['general']
v0_036_indo___norway_joint_energy_call_2017,Mahua Mukherjee,['general']
v0_036_indo___norway_joint_energy_call_2017,Prabhjot Singh Chani,['general']
v0_036_indo___norway_joint_energy_call_2017,E Rajasekar,[]
v0_036_indo___norway_joint_energy_call_2017,Ram Sateesh Pasupuleti,['general']
v0_036_indo___norway_joint_energy_call_2017,Saptarshi Kolay,[]
v0_036_indo___norway_joint_energy_call_2017,Shubhajit Sadhukhan,[]
v0_036_indo___norway_joint_energy_call_2017,Smriti Saraswat,[]
v0_036_indo___norway_joint_energy_call_2017,Sonal Atreya,[]
v0_036_indo___norway_joint_energy_call_2017,Tina Pujara,['general']
v0_036_indo___norway_joint_energy_call_2017,Uttam Kumar Roy,['general']
v0_036_indo___norway_joint_energy_call_2017,V Devadas,[]
v0_036_indo___norway_joint_energy_call_2017,Jaydev Dabas,[]
v0_036_indo___norway_joint_energy_call_2017,Millie Pant,[]
v0_036_indo___norway_joint_energy_call_2017,Rajan Arora,[]
v0_036_indo___norway_joint_energy_call_2017,Ashwani Kumar Sharma,['general']
v0_036_indo___norway_joint_energy_call_2017,Bijan Choudhury,[]
v0_036_indo___norway_joint_energy_call_2017,Debabrata Sircar,['general']
v0_036_indo___norway_joint_energy_call_2017,Deepak Sharma,['general']
v0_036_indo___norway_joint_energy_call_2017,P Gopinath,[]
v0_036_indo___norway_joint_energy_call_2017,Harsh Chauhan,[]
v0_036_indo___norway_joint_energy_call_2017,Srinivas Kiran Ambatipudi,[]
v0_036_indo___norway_joint_energy_call_2017,Krishna Mohan Poluri,['general']
v0_036_indo___norway_joint_energy_call_2017,Maya S.Nair,['general']
v0_036_indo___norway_joint_energy_call_2017,N K Navani,['general']
v0_036_indo___norway_joint_energy_call_2017,Partha Roy,[]
v0_036_indo___norway_joint_energy_call_2017,Poonam Choudhary,[]
v0_036_indo___norway_joint_energy_call_2017,Prabhat Kumar Mandal,[]
v0_036_indo___norway_joint_energy_call_2017,Pranita P Sarangi,[]
v0_036_indo___norway_joint_energy_call_2017,Pravindra Kumar,[]
v0_036_indo___norway_joint_energy_call_2017,Prince Tiwari,[]
v0_036_indo___norway_joint_energy_call_2017,R. P. Singh,[]
v0_036_indo___norway_joint_energy_call_2017,Ramasare Prasad,[]
v0_036_indo___norway_joint_energy_call_2017,Ranjana Pathania,['general']
v0_036_indo___norway_joint_energy_call_2017,Sanjoy Ghosh,['general']
v0_036_indo___norway_joint_energy_call_2017,Saugata Hazra,['general']
v0_036_indo___norway_joint_energy_call_2017,Shailly Tomar,[]
v0_036_indo___norway_joint_energy_call_2017,Shri Ram Yadav,[]
v0_036_indo___norway_joint_energy_call_2017,Soma Rohatgi,['general']
v0_036_indo___norway_joint_energy_call_2017,Sachin Suresh Tiwari,['general']
v0_036_indo___norway_joint_energy_call_2017,Jitin Singla,[]
v0_036_indo___norway_joint_energy_call_2017,Rajesh Kumar,[]
v0_036_indo___norway_joint_energy_call_2017,Akhil Upadhyay,['general']
v0_037_eu_india_water_cooperation_on_research_and_innovation_joint_call_for_proposals___2017__2018,Arindam Biswas,"['rural', 'urban']"
v0_037_eu_india_water_cooperation_on_research_and_innovation_joint_call_for_proposals___2017__2018,Avlokita Agrawal,[]
v0_037_eu_india_water_cooperation_on_research_and_innovation_joint_call_for_proposals___2017__2018,Gaurav Raheja,"['rural', 'waste']"
v0_037_eu_india_water_cooperation_on_research_and_innovation_joint_call_for_proposals___2017__2018,Harshit Sosan Lakra,['rural']
v0_037_eu_india_water_cooperation_on_research_and_innovation_joint_call_for_proposals___2017__2018,Mahua Mukherjee,"['urban', 'waste']"
v0_037_eu_india_water_cooperation_on_research_and_innovation_joint_call_for_proposals___2017__2018,Prabhjot Singh Chani,['waste']
v0_037_eu_india_water_cooperation_on_research_and_innovation_joint_call_for_proposals___2017__2018,E Rajasekar,['waste']
v0_037_eu_india_water_cooperation_on_research_and_innovation_joint_call_for_proposals___2017__2018,Ram Sateesh Pasupuleti,[]
v0_037_eu_india_water_cooperation_on_research_and_innovation_joint_call_for_proposals___2017__2018,Saptarshi Kolay,"['urban', 'waste']"
v0_037_eu_india_water_cooperation_on_research_and_innovation_joint_call_for_proposals___2017__2018,Shubhajit Sadhukhan,['rural']
v0_037_eu_india_water_cooperation_on_research_and_innovation_joint_call_for_proposals___2017__2018,Smriti Saraswat,"['rural', 'urban']"
v0_037_eu_india_water_cooperation_on_research_and_innovation_joint_call_for_proposals___2017__2018,Sonal Atreya,['waste']
v0_037_eu_india_water_cooperation_on_research_and_innovation_joint_call_for_proposals___2017__2018,Tina Pujara,[]
v0_037_eu_india_water_cooperation_on_research_and_innovation_joint_call_for_proposals___2017__2018,Uttam Kumar Roy,"['rural', 'urban', 'waste']"
v0_037_eu_india_water_cooperation_on_research_and_innovation_joint_call_for_proposals___2017__2018,V Devadas,"['urban', 'waste']"
v0_037_eu_india_water_cooperation_on_research_and_innovation_joint_call_for_proposals___2017__2018,Jaydev Dabas,[]
v0_037_eu_india_water_cooperation_on_research_and_innovation_joint_call_for_proposals___2017__2018,Millie Pant,['urban']
v0_037_eu_india_water_cooperation_on_research_and_innovation_joint_call_for_proposals___2017__2018,Rajan Arora,[]
v0_037_eu_india_water_cooperation_on_research_and_innovation_joint_call_for_proposals___2017__2018,Ashwani Kumar Sharma,['waste']
v0_037_eu_india_water_cooperation_on_research_and_innovation_joint_call_for_proposals___2017__2018,Bijan Choudhury,[]
v0_037_eu_india_water_cooperation_on_research_and_innovation_joint_call_for_proposals___2017__2018,Debabrata Sircar,"['urban', 'waste']"
v0_037_eu_india_water_cooperation_on_research_and_innovation_joint_call_for_proposals___2017__2018,Deepak Sharma,[]
v0_037_eu_india_water_cooperation_on_research_and_innovation_joint_call_for_proposals___2017__2018,P Gopinath,['waste']
v0_037_eu_india_water_cooperation_on_research_and_innovation_joint_call_for_proposals___2017__2018,Harsh Chauhan,[]
v0_037_eu_india_water_cooperation_on_research_and_innovation_joint_call_for_proposals___2017__2018,Srinivas Kiran Ambatipudi,[]
v0_037_eu_india_water_cooperation_on_research_and_innovation_joint_call_for_proposals___2017__2018,Krishna Mohan Poluri,['waste']
v0_037_eu_india_water_cooperation_on_research_and_innovation_joint_call_for_proposals___2017__2018,Maya S.Nair,[]
v0_037_eu_india_water_cooperation_on_research_and_innovation_joint_call_for_proposals___2017__2018,N K Navani,['waste']
v0_037_eu_india_water_cooperation_on_research_and_innovation_joint_call_for_proposals___2017__2018,Partha Roy,[]
v0_037_eu_india_water_cooperation_on_research_and_innovation_joint_call_for_proposals___2017__2018,Poonam Choudhary,"['urban', 'waste']"
v0_037_eu_india_water_cooperation_on_research_and_innovation_joint_call_for_proposals___2017__2018,Prabhat Kumar Mandal,['rural']
v0_037_eu_india_water_cooperation_on_research_and_innovation_joint_call_for_proposals___2017__2018,Pranita P Sarangi,[]
v0_037_eu_india_water_cooperation_on_research_and_innovation_joint_call_for_proposals___2017__2018,Pravindra Kumar,"['rural', 'waste']"
v0_037_eu_india_water_cooperation_on_research_and_innovation_joint_call_for_proposals___2017__2018,Prince Tiwari,"['rural', 'waste']"
v0_037_eu_india_water_cooperation_on_research_and_innovation_joint_call_for_proposals___2017__2018,R. P. Singh,[]
v0_037_eu_india_water_cooperation_on_research_and_innovation_joint_call_for_proposals___2017__2018,Ramasare Prasad,['waste']
v0_037_eu_india_water_cooperation_on_research_and_innovation_joint_call_for_proposals___2017__2018,Ranjana Pathania,[]
v0_037_eu_india_water_cooperation_on_research_and_innovation_joint_call_for_proposals___2017__2018,Sanjoy Ghosh,[]
v0_037_eu_india_water_cooperation_on_research_and_innovation_joint_call_for_proposals___2017__2018,Saugata Hazra,[]
v0_037_eu_india_water_cooperation_on_research_and_innovation_joint_call_for_proposals___2017__2018,Shailly Tomar,['waste']
v0_037_eu_india_water_cooperation_on_research_and_innovation_joint_call_for_proposals___2017__2018,Shri Ram Yadav,[]
v0_037_eu_india_water_cooperation_on_research_and_innovation_joint_call_for_proposals___2017__2018,Soma Rohatgi,[]
v0_037_eu_india_water_cooperation_on_research_and_innovation_joint_call_for_proposals___2017__2018,Sachin Suresh Tiwari,[]
v0_037_eu_india_water_cooperation_on_research_and_innovation_joint_call_for_proposals___2017__2018,Jitin Singla,[]
v0_037_eu_india_water_cooperation_on_research_and_innovation_joint_call_for_proposals___2017__2018,Rajesh Kumar,['waste']
v0_037_eu_india_water_cooperation_on_research_and_innovation_joint_call_for_proposals___2017__2018,Akhil Upadhyay,[]
v0_038_scheme_for_young_scientists_and_technologists,Arindam Biswas,[]
v0_038_scheme_for_young_scientists_and_technologists,Avlokita Agrawal,[]
v0_038_scheme_for_young_scientists_and_technologists,Gaurav Raheja,[]
v0_038_scheme_for_young_scientists_and_technologists,Harshit Sosan Lakra,['general']
v0_038_scheme_for_young_scientists_and_technologists,Mahua Mukherjee,['general']
v0_038_scheme_for_young_scientists_and_technologists,Prabhjot Singh Chani,['general']
v0_038_scheme_for_young_scientists_and_technologists,E Rajasekar,[]
v0_038_scheme_for_young_scientists_and_technologists,Ram Sateesh Pasupuleti,['general']
v0_038_scheme_for_young_scientists_and_technologists,Saptarshi Kolay,[]
v0_038_scheme_for_young_scientists_and_technologists,Shubhajit Sadhukhan,[]
v0_038_scheme_for_young_scientists_and_technologists,Smriti Saraswat,[]
v0_038_scheme_for_young_scientists_and_technologists,Sonal Atreya,[]
v0_038_scheme_for_young_scientists_and_technologists,Tina Pujara,['general']
v0_038_scheme_for_young_scientists_and_technologists,Uttam Kumar Roy,['general']
v0_038_scheme_for_young_scientists_and_technologists,V Devadas,[]
v0_038_scheme_for_young_scientists_and_technologists,Jaydev Dabas,[]
v0_038_scheme_for_young_scientists_and_technologists,Millie Pant,[]
v0_038_scheme_for_young_scientists_and_technologists,Rajan Arora,[]
v0_038_scheme_for_young_scientists_and_technologists,Ashwani Kumar Sharma,['general']
v0_038_scheme_for_young_scientists_and_technologists,Bijan Choudhury,[]
v0_038_scheme_for_young_scientists_and_technologists,Debabrata Sircar,['general']
v0_038_scheme_for_young_scientists_and_technologists,Deepak Sharma,['general']
v0_038_scheme_for_young_scientists_and_technologists,P Gopinath,[]
v0_038_scheme_for_young_scientists_and_technologists,Harsh Chauhan,[]
v0_038_scheme_for_young_scientists_and_technologists,Srinivas Kiran Ambatipudi,[]
v0_038_scheme_for_young_scientists_and_technologists,Krishna Mohan Poluri,['general']
v0_038_scheme_for_young_scientists_and_technologists,Maya S.Nair,['general']
v0_038_scheme_for_young_scientists_and_technologists,N K Navani,['general']
v0_038_scheme_for_young_scientists_and_technologists,Partha Roy,[]
v0_038_scheme_for_young_scientists_and_technologists,Poonam Choudhary,[]
v0_038_scheme_for_young_scientists_and_technologists,Prabhat Kumar Mandal,[]
v0_038_scheme_for_young_scientists_and_technologists,Pranita P Sarangi,[]
v0_038_scheme_for_young_scientists_and_technologists,Pravindra Kumar,[]
v0_038_scheme_for_young_scientists_and_technologists,Prince Tiwari,[]
v0_038_scheme_for_young_scientists_and_technologists,R. P. Singh,[]
v0_038_scheme_for_young_scientists_and_technologists,Ramasare Prasad,[]
v0_038_scheme_for_young_scientists_and_technologists,Ranjana Pathania,['general']
v0_038_scheme_for_young_scientists_and_technologists,Sanjoy Ghosh,['general']
v0_038_scheme_for_young_scientists_and_technologists,Saugata Hazra,['general']
v0_038_scheme_for_young_scientists_and_technologists,Shailly Tomar,[]
v0_038_scheme_for_young_scientists_and_technologists,Shri Ram Yadav,[]
v0_038_scheme_for_young_scientists_and_technologists,Soma Rohatgi,['general']
v0_038_scheme_for_young_scientists_and_technologists,Sachin Suresh Tiwari,['general']
v0_038_scheme_for_young_scientists_and_technologists,Jitin Singla,[]
v0_038_scheme_for_young_scientists_and_technologists,Rajesh Kumar,[]
v0_038_scheme_for_young_scientists_and_technologists,Akhil Upadhyay,['general']
v0_039_invites_rd_project_proposals_on_spatial_data_infrastructures_sdi_for_urban_governance_applications,Arindam Biswas,"['city', 'smart city', 'urban']"
v0_039_invites_rd_project_proposals_on_spatial_data_infrastructures_sdi_for_urban_governance_applications,Avlokita Agrawal,[]
v0_039_invites_rd_project_proposals_on_spatial_data_infrastructures_sdi_for_urban_governance_applications,Gaurav Raheja,"['city', 'smart city']"
v0_039_invites_rd_project_proposals_on_spatial_data_infrastructures_sdi_for_urban_governance_applications,Harshit Sosan Lakra,[]
v0_039_invites_rd_project_proposals_on_spatial_data_infrastructures_sdi_for_urban_governance_applications,Mahua Mukherjee,"['city', 'smart city', 'urban']"
v0_039_invites_rd_project_proposals_on_spatial_data_infrastructures_sdi_for_urban_governance_applications,Prabhjot Singh Chani,"['city', 'smart city']"
v0_039_invites_rd_project_proposals_on_spatial_data_infrastructures_sdi_for_urban_governance_applications,E Rajasekar,['smart city']
v0_039_invites_rd_project_proposals_on_spatial_data_infrastructures_sdi_for_urban_governance_applications,Ram Sateesh Pasupuleti,[]
v0_039_invites_rd_project_proposals_on_spatial_data_infrastructures_sdi_for_urban_governance_applications,Saptarshi Kolay,"['smart city', 'urban']"
v0_039_invites_rd_project_proposals_on_spatial_data_infrastructures_sdi_for_urban_governance_applications,Shubhajit Sadhukhan,[]
v0_039_invites_rd_project_proposals_on_spatial_data_infrastructures_sdi_for_urban_governance_applications,Smriti Saraswat,['urban']
v0_039_invites_rd_project_proposals_on_spatial_data_infrastructures_sdi_for_urban_governance_applications,Sonal Atreya,[]
v0_039_invites_rd_project_proposals_on_spatial_data_infrastructures_sdi_for_urban_governance_applications,Tina Pujara,[]
v0_039_invites_rd_project_proposals_on_spatial_data_infrastructures_sdi_for_urban_governance_applications,Uttam Kumar Roy,['urban']
v0_039_invites_rd_project_proposals_on_spatial_data_infrastructures_sdi_for_urban_governance_applications,V Devadas,"['smart city', 'urban']"
v0_039_invites_rd_project_proposals_on_spatial_data_infrastructures_sdi_for_urban_governance_applications,Jaydev Dabas,[]
v0_039_invites_rd_project_proposals_on_spatial_data_infrastructures_sdi_for_urban_governance_applications,Millie Pant,['urban']
v0_039_invites_rd_project_proposals_on_spatial_data_infrastructures_sdi_for_urban_governance_applications,Rajan Arora,[]
v0_039_invites_rd_project_proposals_on_spatial_data_infrastructures_sdi_for_urban_governance_applications,Ashwani Kumar Sharma,['smart city']
v0_039_invites_rd_project_proposals_on_spatial_data_infrastructures_sdi_for_urban_governance_applications,Bijan Choudhury,"['city', 'smart city']"
v0_039_invites_rd_project_proposals_on_spatial_data_infrastructures_sdi_for_urban_governance_applications,Debabrata Sircar,"['smart city', 'urban']"
v0_039_invites_rd_project_proposals_on_spatial_data_infrastructures_sdi_for_urban_governance_applications,Deepak Sharma,[]
v0_039_invites_rd_project_proposals_on_spatial_data_infrastructures_sdi_for_urban_governance_applications,P Gopinath,['smart city']
v0_039_invites_rd_project_proposals_on_spatial_data_infrastructures_sdi_for_urban_governance_applications,Harsh Chauhan,['smart city']
v0_039_invites_rd_project_proposals_on_spatial_data_infrastructures_sdi_for_urban_governance_applications,Srinivas Kiran Ambatipudi,[]
v0_039_invites_rd_project_proposals_on_spatial_data_infrastructures_sdi_for_urban_governance_applications,Krishna Mohan Poluri,[]
v0_039_invites_rd_project_proposals_on_spatial_data_infrastructures_sdi_for_urban_governance_applications,Maya S.Nair,['smart city']
v0_039_invites_rd_project_proposals_on_spatial_data_infrastructures_sdi_for_urban_governance_applications,N K Navani,[]
v0_039_invites_rd_project_proposals_on_spatial_data_infrastructures_sdi_for_urban_governance_applications,Partha Roy,[]
v0_039_invites_rd_project_proposals_on_spatial_data_infrastructures_sdi_for_urban_governance_applications,Poonam Choudhary,"['city', 'smart city', 'urban']"
v0_039_invites_rd_project_proposals_on_spatial_data_infrastructures_sdi_for_urban_governance_applications,Prabhat Kumar Mandal,['city']
v0_039_invites_rd_project_proposals_on_spatial_data_infrastructures_sdi_for_urban_governance_applications,Pranita P Sarangi,[]
v0_039_invites_rd_project_proposals_on_spatial_data_infrastructures_sdi_for_urban_governance_applications,Pravindra Kumar,"['city', 'smart city']"
v0_039_invites_rd_project_proposals_on_spatial_data_infrastructures_sdi_for_urban_governance_applications,Prince Tiwari,"['city', 'smart city']"
v0_039_invites_rd_project_proposals_on_spatial_data_infrastructures_sdi_for_urban_governance_applications,R. P. Singh,[]
v0_039_invites_rd_project_proposals_on_spatial_data_infrastructures_sdi_for_urban_governance_applications,Ramasare Prasad,"['city', 'smart city']"
v0_039_invites_rd_project_proposals_on_spatial_data_infrastructures_sdi_for_urban_governance_applications,Ranjana Pathania,[]
v0_039_invites_rd_project_proposals_on_spatial_data_infrastructures_sdi_for_urban_governance_applications,Sanjoy Ghosh,[]
v0_039_invites_rd_project_proposals_on_spatial_data_infrastructures_sdi_for_urban_governance_applications,Saugata Hazra,[]
v0_039_invites_rd_project_proposals_on_spatial_data_infrastructures_sdi_for_urban_governance_applications,Shailly Tomar,[]
v0_039_invites_rd_project_proposals_on_spatial_data_infrastructures_sdi_for_urban_governance_applications,Shri Ram Yadav,[]
v0_039_invites_rd_project_proposals_on_spatial_data_infrastructures_sdi_for_urban_governance_applications,Soma Rohatgi,['smart city']
v0_039_invites_rd_project_proposals_on_spatial_data_infrastructures_sdi_for_urban_governance_applications,Sachin Suresh Tiwari,['city']
v0_039_invites_rd_project_proposals_on_spatial_data_infrastructures_sdi_for_urban_governance_applications,Jitin Singla,[]
v0_039_invites_rd_project_proposals_on_spatial_data_infrastructures_sdi_for_urban_governance_applications,Rajesh Kumar,"['city', 'smart city']"
v0_039_invites_rd_project_proposals_on_spatial_data_infrastructures_sdi_for_urban_governance_applications,Akhil Upadhyay,['city']
v0_040_advertisement_for_the_swarnajayanti_fellowships_scheme_2017_18,Arindam Biswas,['engineering']
v0_040_advertisement_for_the_swarnajayanti_fellowships_scheme_2017_18,Avlokita Agrawal,['engineering']
v0_040_advertisement_for_the_swarnajayanti_fellowships_scheme_2017_18,Gaurav Raheja,['engineering']
v0_040_advertisement_for_the_swarnajayanti_fellowships_scheme_2017_18,Harshit Sosan Lakra,[]
v0_040_advertisement_for_the_swarnajayanti_fellowships_scheme_2017_18,Mahua Mukherjee,[]
v0_040_advertisement_for_the_swarnajayanti_fellowships_scheme_2017_18,Prabhjot Singh Chani,[]
v0_040_advertisement_for_the_swarnajayanti_fellowships_scheme_2017_18,E Rajasekar,[]
v0_040_advertisement_for_the_swarnajayanti_fellowships_scheme_2017_18,Ram Sateesh Pasupuleti,[]
v0_040_advertisement_for_the_swarnajayanti_fellowships_scheme_2017_18,Saptarshi Kolay,['engineering']
v0_040_advertisement_for_the_swarnajayanti_fellowships_scheme_2017_18,Shubhajit Sadhukhan,[]
v0_040_advertisement_for_the_swarnajayanti_fellowships_scheme_2017_18,Smriti Saraswat,[]
v0_040_advertisement_for_the_swarnajayanti_fellowships_scheme_2017_18,Sonal Atreya,['engineering']
v0_040_advertisement_for_the_swarnajayanti_fellowships_scheme_2017_18,Tina Pujara,[]
v0_040_advertisement_for_the_swarnajayanti_fellowships_scheme_2017_18,Uttam Kumar Roy,[]
v0_040_advertisement_for_the_swarnajayanti_fellowships_scheme_2017_18,V Devadas,[]
v0_040_advertisement_for_the_swarnajayanti_fellowships_scheme_2017_18,Jaydev Dabas,[]
v0_040_advertisement_for_the_swarnajayanti_fellowships_scheme_2017_18,Millie Pant,[]
v0_040_advertisement_for_the_swarnajayanti_fellowships_scheme_2017_18,Rajan Arora,[]
v0_040_advertisement_for_the_swarnajayanti_fellowships_scheme_2017_18,Ashwani Kumar Sharma,[]
v0_040_advertisement_for_the_swarnajayanti_fellowships_scheme_2017_18,Bijan Choudhury,['engineering']
v0_040_advertisement_for_the_swarnajayanti_fellowships_scheme_2017_18,Debabrata Sircar,[]
v0_040_advertisement_for_the_swarnajayanti_fellowships_scheme_2017_18,Deepak Sharma,[]
v0_040_advertisement_for_the_swarnajayanti_fellowships_scheme_2017_18,P Gopinath,[]
v0_040_advertisement_for_the_swarnajayanti_fellowships_scheme_2017_18,Harsh Chauhan,[]
v0_040_advertisement_for_the_swarnajayanti_fellowships_scheme_2017_18,Srinivas Kiran Ambatipudi,[]
v0_040_advertisement_for_the_swarnajayanti_fellowships_scheme_2017_18,Krishna Mohan Poluri,[]
v0_040_advertisement_for_the_swarnajayanti_fellowships_scheme_2017_18,Maya S.Nair,[]
v0_040_advertisement_for_the_swarnajayanti_fellowships_scheme_2017_18,N K Navani,[]
v0_040_advertisement_for_the_swarnajayanti_fellowships_scheme_2017_18,Partha Roy,[]
v0_040_advertisement_for_the_swarnajayanti_fellowships_scheme_2017_18,Poonam Choudhary,['engineering']
v0_040_advertisement_for_the_swarnajayanti_fellowships_scheme_2017_18,Prabhat Kumar Mandal,['engineering']
v0_040_advertisement_for_the_swarnajayanti_fellowships_scheme_2017_18,Pranita P Sarangi,[]
v0_040_advertisement_for_the_swarnajayanti_fellowships_scheme_2017_18,Pravindra Kumar,[]
v0_040_advertisement_for_the_swarnajayanti_fellowships_scheme_2017_18,Prince Tiwari,['engineering']
v0_040_advertisement_for_the_swarnajayanti_fellowships_scheme_2017_18,R. P. Singh,['engineering']
v0_040_advertisement_for_the_swarnajayanti_fellowships_scheme_2017_18,Ramasare Prasad,['engineering']
v0_040_advertisement_for_the_swarnajayanti_fellowships_scheme_2017_18,Ranjana Pathania,[]
v0_040_advertisement_for_the_swarnajayanti_fellowships_scheme_2017_18,Sanjoy Ghosh,['engineering']
v0_040_advertisement_for_the_swarnajayanti_fellowships_scheme_2017_18,Saugata Hazra,['engineering']
v0_040_advertisement_for_the_swarnajayanti_fellowships_scheme_2017_18,Shailly Tomar,[]
v0_040_advertisement_for_the_swarnajayanti_fellowships_scheme_2017_18,Shri Ram Yadav,['engineering']
v0_040_advertisement_for_the_swarnajayanti_fellowships_scheme_2017_18,Soma Rohatgi,['engineering']
v0_040_advertisement_for_the_swarnajayanti_fellowships_scheme_2017_18,Sachin Suresh Tiwari,['engineering']
v0_040_advertisement_for_the_swarnajayanti_fellowships_scheme_2017_18,Jitin Singla,[]
v0_040_advertisement_for_the_swarnajayanti_fellowships_scheme_2017_18,Rajesh Kumar,[]
v0_040_advertisement_for_the_swarnajayanti_fellowships_scheme_2017_18,Akhil Upadhyay,['engineering']
v0_041_announcement_for_inviting_applications_for_participation_in_3rd_brics_young_scientist_conclave_durban_south_africa25_29_june_2018,Arindam Biswas,"['attention', 'declaration', 'edition']"
v0_041_announcement_for_inviting_applications_for_participation_in_3rd_brics_young_scientist_conclave_durban_south_africa25_29_june_2018,Avlokita Agrawal,"['attention', 'edition']"
v0_041_announcement_for_inviting_applications_for_participation_in_3rd_brics_young_scientist_conclave_durban_south_africa25_29_june_2018,Gaurav Raheja,"['attention', 'declaration']"
v0_041_announcement_for_inviting_applications_for_participation_in_3rd_brics_young_scientist_conclave_durban_south_africa25_29_june_2018,Harshit Sosan Lakra,[]
v0_041_announcement_for_inviting_applications_for_participation_in_3rd_brics_young_scientist_conclave_durban_south_africa25_29_june_2018,Mahua Mukherjee,"['attention', 'declaration', 'edition']"
v0_041_announcement_for_inviting_applications_for_participation_in_3rd_brics_young_scientist_conclave_durban_south_africa25_29_june_2018,Prabhjot Singh Chani,"['attention', 'declaration', 'edition']"
v0_041_announcement_for_inviting_applications_for_participation_in_3rd_brics_young_scientist_conclave_durban_south_africa25_29_june_2018,E Rajasekar,"['attention', 'declaration', 'edition']"
v0_041_announcement_for_inviting_applications_for_participation_in_3rd_brics_young_scientist_conclave_durban_south_africa25_29_june_2018,Ram Sateesh Pasupuleti,"['attention', 'declaration', 'edition']"
v0_041_announcement_for_inviting_applications_for_participation_in_3rd_brics_young_scientist_conclave_durban_south_africa25_29_june_2018,Saptarshi Kolay,[]
v0_041_announcement_for_inviting_applications_for_participation_in_3rd_brics_young_scientist_conclave_durban_south_africa25_29_june_2018,Shubhajit Sadhukhan,"['declaration', 'edition', 'grow']"
v0_041_announcement_for_inviting_applications_for_participation_in_3rd_brics_young_scientist_conclave_durban_south_africa25_29_june_2018,Smriti Saraswat,"['attention', 'declaration', 'edition']"
v0_041_announcement_for_inviting_applications_for_participation_in_3rd_brics_young_scientist_conclave_durban_south_africa25_29_june_2018,Sonal Atreya,"['attention', 'declaration', 'edition']"
v0_041_announcement_for_inviting_applications_for_participation_in_3rd_brics_young_scientist_conclave_durban_south_africa25_29_june_2018,Tina Pujara,"['attention', 'declaration']"
v0_041_announcement_for_inviting_applications_for_participation_in_3rd_brics_young_scientist_conclave_durban_south_africa25_29_june_2018,Uttam Kumar Roy,"['attention', 'edition']"
v0_041_announcement_for_inviting_applications_for_participation_in_3rd_brics_young_scientist_conclave_durban_south_africa25_29_june_2018,V Devadas,"['attention', 'declaration', 'edition']"
v0_041_announcement_for_inviting_applications_for_participation_in_3rd_brics_young_scientist_conclave_durban_south_africa25_29_june_2018,Jaydev Dabas,"['attention', 'declaration', 'edition']"
v0_041_announcement_for_inviting_applications_for_participation_in_3rd_brics_young_scientist_conclave_durban_south_africa25_29_june_2018,Millie Pant,['declaration']
v0_041_announcement_for_inviting_applications_for_participation_in_3rd_brics_young_scientist_conclave_durban_south_africa25_29_june_2018,Rajan Arora,"['attention', 'declaration', 'edition']"
v0_041_announcement_for_inviting_applications_for_participation_in_3rd_brics_young_scientist_conclave_durban_south_africa25_29_june_2018,Ashwani Kumar Sharma,['declaration']
v0_041_announcement_for_inviting_applications_for_participation_in_3rd_brics_young_scientist_conclave_durban_south_africa25_29_june_2018,Bijan Choudhury,"['attention', 'edition']"
v0_041_announcement_for_inviting_applications_for_participation_in_3rd_brics_young_scientist_conclave_durban_south_africa25_29_june_2018,Debabrata Sircar,"['attention', 'declaration', 'edition']"
v0_041_announcement_for_inviting_applications_for_participation_in_3rd_brics_young_scientist_conclave_durban_south_africa25_29_june_2018,Deepak Sharma,"['attention', 'declaration', 'edition']"
v0_041_announcement_for_inviting_applications_for_participation_in_3rd_brics_young_scientist_conclave_durban_south_africa25_29_june_2018,P Gopinath,['edition']
v0_041_announcement_for_inviting_applications_for_participation_in_3rd_brics_young_scientist_conclave_durban_south_africa25_29_june_2018,Harsh Chauhan,"['declaration', 'edition']"
v0_041_announcement_for_inviting_applications_for_participation_in_3rd_brics_young_scientist_conclave_durban_south_africa25_29_june_2018,Srinivas Kiran Ambatipudi,[]
v0_041_announcement_for_inviting_applications_for_participation_in_3rd_brics_young_scientist_conclave_durban_south_africa25_29_june_2018,Krishna Mohan Poluri,"['declaration', 'grow']"
v0_041_announcement_for_inviting_applications_for_participation_in_3rd_brics_young_scientist_conclave_durban_south_africa25_29_june_2018,Maya S.Nair,['declaration']
v0_041_announcement_for_inviting_applications_for_participation_in_3rd_brics_young_scientist_conclave_durban_south_africa25_29_june_2018,N K Navani,['declaration']
v0_041_announcement_for_inviting_applications_for_participation_in_3rd_brics_young_scientist_conclave_durban_south_africa25_29_june_2018,Partha Roy,"['attention', 'declaration', 'edition']"
v0_041_announcement_for_inviting_applications_for_participation_in_3rd_brics_young_scientist_conclave_durban_south_africa25_29_june_2018,Poonam Choudhary,"['attention', 'declaration', 'edition']"
v0_041_announcement_for_inviting_applications_for_participation_in_3rd_brics_young_scientist_conclave_durban_south_africa25_29_june_2018,Prabhat Kumar Mandal,"['attention', 'declaration', 'edition']"
v0_041_announcement_for_inviting_applications_for_participation_in_3rd_brics_young_scientist_conclave_durban_south_africa25_29_june_2018,Pranita P Sarangi,[]
v0_041_announcement_for_inviting_applications_for_participation_in_3rd_brics_young_scientist_conclave_durban_south_africa25_29_june_2018,Pravindra Kumar,['declaration']
v0_041_announcement_for_inviting_applications_for_participation_in_3rd_brics_young_scientist_conclave_durban_south_africa25_29_june_2018,Prince Tiwari,['edition']
v0_041_announcement_for_inviting_applications_for_participation_in_3rd_brics_young_scientist_conclave_durban_south_africa25_29_june_2018,R. P. Singh,"['declaration', 'edition']"
v0_041_announcement_for_inviting_applications_for_participation_in_3rd_brics_young_scientist_conclave_durban_south_africa25_29_june_2018,Ramasare Prasad,[]
v0_041_announcement_for_inviting_applications_for_participation_in_3rd_brics_young_scientist_conclave_durban_south_africa25_29_june_2018,Ranjana Pathania,"['attention', 'declaration', 'edition']"
v0_041_announcement_for_inviting_applications_for_participation_in_3rd_brics_young_scientist_conclave_durban_south_africa25_29_june_2018,Sanjoy Ghosh,"['attention', 'declaration', 'edition']"
v0_041_announcement_for_inviting_applications_for_participation_in_3rd_brics_young_scientist_conclave_durban_south_africa25_29_june_2018,Saugata Hazra,"['attention', 'declaration']"
v0_041_announcement_for_inviting_applications_for_participation_in_3rd_brics_young_scientist_conclave_durban_south_africa25_29_june_2018,Shailly Tomar,"['attention', 'declaration']"
v0_041_announcement_for_inviting_applications_for_participation_in_3rd_brics_young_scientist_conclave_durban_south_africa25_29_june_2018,Shri Ram Yadav,"['attention', 'declaration', 'edition']"
v0_041_announcement_for_inviting_applications_for_participation_in_3rd_brics_young_scientist_conclave_durban_south_africa25_29_june_2018,Soma Rohatgi,"['attention', 'declaration', 'edition']"
v0_041_announcement_for_inviting_applications_for_participation_in_3rd_brics_young_scientist_conclave_durban_south_africa25_29_june_2018,Sachin Suresh Tiwari,"['attention', 'declaration', 'edition']"
v0_041_announcement_for_inviting_applications_for_participation_in_3rd_brics_young_scientist_conclave_durban_south_africa25_29_june_2018,Jitin Singla,"['attention', 'declaration', 'edition']"
v0_041_announcement_for_inviting_applications_for_participation_in_3rd_brics_young_scientist_conclave_durban_south_africa25_29_june_2018,Rajesh Kumar,"['attention', 'declaration', 'edition']"
v0_041_announcement_for_inviting_applications_for_participation_in_3rd_brics_young_scientist_conclave_durban_south_africa25_29_june_2018,Akhil Upadhyay,[]
v0_042_ministry_of_mines___invites_science_and_technology_project_proposals,Arindam Biswas,[]
v0_042_ministry_of_mines___invites_science_and_technology_project_proposals,Avlokita Agrawal,[]
v0_042_ministry_of_mines___invites_science_and_technology_project_proposals,Gaurav Raheja,[]
v0_042_ministry_of_mines___invites_science_and_technology_project_proposals,Harshit Sosan Lakra,['general']
v0_042_ministry_of_mines___invites_science_and_technology_project_proposals,Mahua Mukherjee,['general']
v0_042_ministry_of_mines___invites_science_and_technology_project_proposals,Prabhjot Singh Chani,['general']
v0_042_ministry_of_mines___invites_science_and_technology_project_proposals,E Rajasekar,[]
v0_042_ministry_of_mines___invites_science_and_technology_project_proposals,Ram Sateesh Pasupuleti,['general']
v0_042_ministry_of_mines___invites_science_and_technology_project_proposals,Saptarshi Kolay,[]
v0_042_ministry_of_mines___invites_science_and_technology_project_proposals,Shubhajit Sadhukhan,[]
v0_042_ministry_of_mines___invites_science_and_technology_project_proposals,Smriti Saraswat,[]
v0_042_ministry_of_mines___invites_science_and_technology_project_proposals,Sonal Atreya,[]
v0_042_ministry_of_mines___invites_science_and_technology_project_proposals,Tina Pujara,['general']
v0_042_ministry_of_mines___invites_science_and_technology_project_proposals,Uttam Kumar Roy,['general']
v0_042_ministry_of_mines___invites_science_and_technology_project_proposals,V Devadas,[]
v0_042_ministry_of_mines___invites_science_and_technology_project_proposals,Jaydev Dabas,[]
v0_042_ministry_of_mines___invites_science_and_technology_project_proposals,Millie Pant,[]
v0_042_ministry_of_mines___invites_science_and_technology_project_proposals,Rajan Arora,[]
v0_042_ministry_of_mines___invites_science_and_technology_project_proposals,Ashwani Kumar Sharma,['general']
v0_042_ministry_of_mines___invites_science_and_technology_project_proposals,Bijan Choudhury,[]
v0_042_ministry_of_mines___invites_science_and_technology_project_proposals,Debabrata Sircar,['general']
v0_042_ministry_of_mines___invites_science_and_technology_project_proposals,Deepak Sharma,['general']
v0_042_ministry_of_mines___invites_science_and_technology_project_proposals,P Gopinath,[]
v0_042_ministry_of_mines___invites_science_and_technology_project_proposals,Harsh Chauhan,[]
v0_042_ministry_of_mines___invites_science_and_technology_project_proposals,Srinivas Kiran Ambatipudi,[]
v0_042_ministry_of_mines___invites_science_and_technology_project_proposals,Krishna Mohan Poluri,['general']
v0_042_ministry_of_mines___invites_science_and_technology_project_proposals,Maya S.Nair,['general']
v0_042_ministry_of_mines___invites_science_and_technology_project_proposals,N K Navani,['general']
v0_042_ministry_of_mines___invites_science_and_technology_project_proposals,Partha Roy,[]
v0_042_ministry_of_mines___invites_science_and_technology_project_proposals,Poonam Choudhary,[]
v0_042_ministry_of_mines___invites_science_and_technology_project_proposals,Prabhat Kumar Mandal,[]
v0_042_ministry_of_mines___invites_science_and_technology_project_proposals,Pranita P Sarangi,[]
v0_042_ministry_of_mines___invites_science_and_technology_project_proposals,Pravindra Kumar,[]
v0_042_ministry_of_mines___invites_science_and_technology_project_proposals,Prince Tiwari,[]
v0_042_ministry_of_mines___invites_science_and_technology_project_proposals,R. P. Singh,[]
v0_042_ministry_of_mines___invites_science_and_technology_project_proposals,Ramasare Prasad,[]
v0_042_ministry_of_mines___invites_science_and_technology_project_proposals,Ranjana Pathania,['general']
v0_042_ministry_of_mines___invites_science_and_technology_project_proposals,Sanjoy Ghosh,['general']
v0_042_ministry_of_mines___invites_science_and_technology_project_proposals,Saugata Hazra,['general']
v0_042_ministry_of_mines___invites_science_and_technology_project_proposals,Shailly Tomar,[]
v0_042_ministry_of_mines___invites_science_and_technology_project_proposals,Shri Ram Yadav,[]
v0_042_ministry_of_mines___invites_science_and_technology_project_proposals,Soma Rohatgi,['general']
v0_042_ministry_of_mines___invites_science_and_technology_project_proposals,Sachin Suresh Tiwari,['general']
v0_042_ministry_of_mines___invites_science_and_technology_project_proposals,Jitin Singla,[]
v0_042_ministry_of_mines___invites_science_and_technology_project_proposals,Rajesh Kumar,[]
v0_042_ministry_of_mines___invites_science_and_technology_project_proposals,Akhil Upadhyay,['general']
v0_043_call_for_oriented_researchtechnology_development_proposals_on_materials_for_energy_storage_mes___2018,Arindam Biswas,['design']
v0_043_call_for_oriented_researchtechnology_development_proposals_on_materials_for_energy_storage_mes___2018,Avlokita Agrawal,['material']
v0_043_call_for_oriented_researchtechnology_development_proposals_on_materials_for_energy_storage_mes___2018,Gaurav Raheja,"['alternative', 'design', 'material']"
v0_043_call_for_oriented_researchtechnology_development_proposals_on_materials_for_energy_storage_mes___2018,Harshit Sosan Lakra,['material']
v0_043_call_for_oriented_researchtechnology_development_proposals_on_materials_for_energy_storage_mes___2018,Mahua Mukherjee,"['alternative', 'design', 'material']"
v0_043_call_for_oriented_researchtechnology_development_proposals_on_materials_for_energy_storage_mes___2018,Prabhjot Singh Chani,['alternative']
v0_043_call_for_oriented_researchtechnology_development_proposals_on_materials_for_energy_storage_mes___2018,E Rajasekar,"['alternative', 'design', 'material']"
v0_043_call_for_oriented_researchtechnology_development_proposals_on_materials_for_energy_storage_mes___2018,Ram Sateesh Pasupuleti,"['advance', 'material']"
v0_043_call_for_oriented_researchtechnology_development_proposals_on_materials_for_energy_storage_mes___2018,Saptarshi Kolay,"['alternative', 'design']"
v0_043_call_for_oriented_researchtechnology_development_proposals_on_materials_for_energy_storage_mes___2018,Shubhajit Sadhukhan,['material']
v0_043_call_for_oriented_researchtechnology_development_proposals_on_materials_for_energy_storage_mes___2018,Smriti Saraswat,"['advance', 'material']"
v0_043_call_for_oriented_researchtechnology_development_proposals_on_materials_for_energy_storage_mes___2018,Sonal Atreya,"['alternative', 'material']"
v0_043_call_for_oriented_researchtechnology_development_proposals_on_materials_for_energy_storage_mes___2018,Tina Pujara,['material']
v0_043_call_for_oriented_researchtechnology_development_proposals_on_materials_for_energy_storage_mes___2018,Uttam Kumar Roy,"['advance', 'design', 'material']"
v0_043_call_for_oriented_researchtechnology_development_proposals_on_materials_for_energy_storage_mes___2018,V Devadas,"['advance', 'design']"
v0_043_call_for_oriented_researchtechnology_development_proposals_on_materials_for_energy_storage_mes___2018,Jaydev Dabas,['design']
v0_043_call_for_oriented_researchtechnology_development_proposals_on_materials_for_energy_storage_mes___2018,Millie Pant,"['alternative', 'material']"
v0_043_call_for_oriented_researchtechnology_development_proposals_on_materials_for_energy_storage_mes___2018,Rajan Arora,['alternative']
v0_043_call_for_oriented_researchtechnology_development_proposals_on_materials_for_energy_storage_mes___2018,Ashwani Kumar Sharma,"['alternative', 'design', 'material']"
v0_043_call_for_oriented_researchtechnology_development_proposals_on_materials_for_energy_storage_mes___2018,Bijan Choudhury,[]
v0_043_call_for_oriented_researchtechnology_development_proposals_on_materials_for_energy_storage_mes___2018,Debabrata Sircar,"['alternative', 'material']"
v0_043_call_for_oriented_researchtechnology_development_proposals_on_materials_for_energy_storage_mes___2018,Deepak Sharma,['material']
v0_043_call_for_oriented_researchtechnology_development_proposals_on_materials_for_energy_storage_mes___2018,P Gopinath,"['advance', 'material']"
v0_043_call_for_oriented_researchtechnology_development_proposals_on_materials_for_energy_storage_mes___2018,Harsh Chauhan,['alternative']
v0_043_call_for_oriented_researchtechnology_development_proposals_on_materials_for_energy_storage_mes___2018,Srinivas Kiran Ambatipudi,[]
v0_043_call_for_oriented_researchtechnology_development_proposals_on_materials_for_energy_storage_mes___2018,Krishna Mohan Poluri,"['advance', 'alternative', 'design', 'material']"
v0_043_call_for_oriented_researchtechnology_development_proposals_on_materials_for_energy_storage_mes___2018,Maya S.Nair,"['advance', 'alternative', 'material']"
v0_043_call_for_oriented_researchtechnology_development_proposals_on_materials_for_energy_storage_mes___2018,N K Navani,"['alternative', 'material']"
v0_043_call_for_oriented_researchtechnology_development_proposals_on_materials_for_energy_storage_mes___2018,Partha Roy,"['design', 'material']"
v0_043_call_for_oriented_researchtechnology_development_proposals_on_materials_for_energy_storage_mes___2018,Poonam Choudhary,"['advance', 'design']"
v0_043_call_for_oriented_researchtechnology_development_proposals_on_materials_for_energy_storage_mes___2018,Prabhat Kumar Mandal,['material']
v0_043_call_for_oriented_researchtechnology_development_proposals_on_materials_for_energy_storage_mes___2018,Pranita P Sarangi,[]
v0_043_call_for_oriented_researchtechnology_development_proposals_on_materials_for_energy_storage_mes___2018,Pravindra Kumar,[]
v0_043_call_for_oriented_researchtechnology_development_proposals_on_materials_for_energy_storage_mes___2018,Prince Tiwari,"['design', 'material']"
v0_043_call_for_oriented_researchtechnology_development_proposals_on_materials_for_energy_storage_mes___2018,R. P. Singh,"['advance', 'design', 'material']"
v0_043_call_for_oriented_researchtechnology_development_proposals_on_materials_for_energy_storage_mes___2018,Ramasare Prasad,"['alternative', 'material']"
v0_043_call_for_oriented_researchtechnology_development_proposals_on_materials_for_energy_storage_mes___2018,Ranjana Pathania,"['alternative', 'design', 'material']"
v0_043_call_for_oriented_researchtechnology_development_proposals_on_materials_for_energy_storage_mes___2018,Sanjoy Ghosh,"['alternative', 'material']"
v0_043_call_for_oriented_researchtechnology_development_proposals_on_materials_for_energy_storage_mes___2018,Saugata Hazra,"['alternative', 'design', 'material']"
v0_043_call_for_oriented_researchtechnology_development_proposals_on_materials_for_energy_storage_mes___2018,Shailly Tomar,['material']
v0_043_call_for_oriented_researchtechnology_development_proposals_on_materials_for_energy_storage_mes___2018,Shri Ram Yadav,['alternative']
v0_043_call_for_oriented_researchtechnology_development_proposals_on_materials_for_energy_storage_mes___2018,Soma Rohatgi,"['alternative', 'design', 'material']"
v0_043_call_for_oriented_researchtechnology_development_proposals_on_materials_for_energy_storage_mes___2018,Sachin Suresh Tiwari,[]
v0_043_call_for_oriented_researchtechnology_development_proposals_on_materials_for_energy_storage_mes___2018,Jitin Singla,"['advance', 'alternative', 'material']"
v0_043_call_for_oriented_researchtechnology_development_proposals_on_materials_for_energy_storage_mes___2018,Rajesh Kumar,"['alternative', 'design', 'material']"
v0_043_call_for_oriented_researchtechnology_development_proposals_on_materials_for_energy_storage_mes___2018,Akhil Upadhyay,"['advance', 'design']"
v0_044_call_for_proposals_for_establishing_technology_enabling_centres_tec_in_university_system,Arindam Biswas,[]
v0_044_call_for_proposals_for_establishing_technology_enabling_centres_tec_in_university_system,Avlokita Agrawal,[]
v0_044_call_for_proposals_for_establishing_technology_enabling_centres_tec_in_university_system,Gaurav Raheja,[]
v0_044_call_for_proposals_for_establishing_technology_enabling_centres_tec_in_university_system,Harshit Sosan Lakra,['general']
v0_044_call_for_proposals_for_establishing_technology_enabling_centres_tec_in_university_system,Mahua Mukherjee,['general']
v0_044_call_for_proposals_for_establishing_technology_enabling_centres_tec_in_university_system,Prabhjot Singh Chani,['general']
v0_044_call_for_proposals_for_establishing_technology_enabling_centres_tec_in_university_system,E Rajasekar,[]
v0_044_call_for_proposals_for_establishing_technology_enabling_centres_tec_in_university_system,Ram Sateesh Pasupuleti,['general']
v0_044_call_for_proposals_for_establishing_technology_enabling_centres_tec_in_university_system,Saptarshi Kolay,[]
v0_044_call_for_proposals_for_establishing_technology_enabling_centres_tec_in_university_system,Shubhajit Sadhukhan,[]
v0_044_call_for_proposals_for_establishing_technology_enabling_centres_tec_in_university_system,Smriti Saraswat,[]
v0_044_call_for_proposals_for_establishing_technology_enabling_centres_tec_in_university_system,Sonal Atreya,[]
v0_044_call_for_proposals_for_establishing_technology_enabling_centres_tec_in_university_system,Tina Pujara,['general']
v0_044_call_for_proposals_for_establishing_technology_enabling_centres_tec_in_university_system,Uttam Kumar Roy,['general']
v0_044_call_for_proposals_for_establishing_technology_enabling_centres_tec_in_university_system,V Devadas,[]
v0_044_call_for_proposals_for_establishing_technology_enabling_centres_tec_in_university_system,Jaydev Dabas,[]
v0_044_call_for_proposals_for_establishing_technology_enabling_centres_tec_in_university_system,Millie Pant,[]
v0_044_call_for_proposals_for_establishing_technology_enabling_centres_tec_in_university_system,Rajan Arora,[]
v0_044_call_for_proposals_for_establishing_technology_enabling_centres_tec_in_university_system,Ashwani Kumar Sharma,['general']
v0_044_call_for_proposals_for_establishing_technology_enabling_centres_tec_in_university_system,Bijan Choudhury,[]
v0_044_call_for_proposals_for_establishing_technology_enabling_centres_tec_in_university_system,Debabrata Sircar,['general']
v0_044_call_for_proposals_for_establishing_technology_enabling_centres_tec_in_university_system,Deepak Sharma,['general']
v0_044_call_for_proposals_for_establishing_technology_enabling_centres_tec_in_university_system,P Gopinath,[]
v0_044_call_for_proposals_for_establishing_technology_enabling_centres_tec_in_university_system,Harsh Chauhan,[]
v0_044_call_for_proposals_for_establishing_technology_enabling_centres_tec_in_university_system,Srinivas Kiran Ambatipudi,[]
v0_044_call_for_proposals_for_establishing_technology_enabling_centres_tec_in_university_system,Krishna Mohan Poluri,['general']
v0_044_call_for_proposals_for_establishing_technology_enabling_centres_tec_in_university_system,Maya S.Nair,['general']
v0_044_call_for_proposals_for_establishing_technology_enabling_centres_tec_in_university_system,N K Navani,['general']
v0_044_call_for_proposals_for_establishing_technology_enabling_centres_tec_in_university_system,Partha Roy,[]
v0_044_call_for_proposals_for_establishing_technology_enabling_centres_tec_in_university_system,Poonam Choudhary,[]
v0_044_call_for_proposals_for_establishing_technology_enabling_centres_tec_in_university_system,Prabhat Kumar Mandal,[]
v0_044_call_for_proposals_for_establishing_technology_enabling_centres_tec_in_university_system,Pranita P Sarangi,[]
v0_044_call_for_proposals_for_establishing_technology_enabling_centres_tec_in_university_system,Pravindra Kumar,[]
v0_044_call_for_proposals_for_establishing_technology_enabling_centres_tec_in_university_system,Prince Tiwari,[]
v0_044_call_for_proposals_for_establishing_technology_enabling_centres_tec_in_university_system,R. P. Singh,[]
v0_044_call_for_proposals_for_establishing_technology_enabling_centres_tec_in_university_system,Ramasare Prasad,[]
v0_044_call_for_proposals_for_establishing_technology_enabling_centres_tec_in_university_system,Ranjana Pathania,['general']
v0_044_call_for_proposals_for_establishing_technology_enabling_centres_tec_in_university_system,Sanjoy Ghosh,['general']
v0_044_call_for_proposals_for_establishing_technology_enabling_centres_tec_in_university_system,Saugata Hazra,['general']
v0_044_call_for_proposals_for_establishing_technology_enabling_centres_tec_in_university_system,Shailly Tomar,[]
v0_044_call_for_proposals_for_establishing_technology_enabling_centres_tec_in_university_system,Shri Ram Yadav,[]
v0_044_call_for_proposals_for_establishing_technology_enabling_centres_tec_in_university_system,Soma Rohatgi,['general']
v0_044_call_for_proposals_for_establishing_technology_enabling_centres_tec_in_university_system,Sachin Suresh Tiwari,['general']
v0_044_call_for_proposals_for_establishing_technology_enabling_centres_tec_in_university_system,Jitin Singla,[]
v0_044_call_for_proposals_for_establishing_technology_enabling_centres_tec_in_university_system,Rajesh Kumar,[]
v0_044_call_for_proposals_for_establishing_technology_enabling_centres_tec_in_university_system,Akhil Upadhyay,['general']
v0_045_call_for_proposals_under_state_science_and_technology_sstp__2018_19___call_date_18042018_to_31052018,Arindam Biswas,[]
v0_045_call_for_proposals_under_state_science_and_technology_sstp__2018_19___call_date_18042018_to_31052018,Avlokita Agrawal,['model']
v0_045_call_for_proposals_under_state_science_and_technology_sstp__2018_19___call_date_18042018_to_31052018,Gaurav Raheja,['survey']
v0_045_call_for_proposals_under_state_science_and_technology_sstp__2018_19___call_date_18042018_to_31052018,Harshit Sosan Lakra,[]
v0_045_call_for_proposals_under_state_science_and_technology_sstp__2018_19___call_date_18042018_to_31052018,Mahua Mukherjee,"['demand', 'model']"
v0_045_call_for_proposals_under_state_science_and_technology_sstp__2018_19___call_date_18042018_to_31052018,Prabhjot Singh Chani,['lab']
v0_045_call_for_proposals_under_state_science_and_technology_sstp__2018_19___call_date_18042018_to_31052018,E Rajasekar,['demand']
v0_045_call_for_proposals_under_state_science_and_technology_sstp__2018_19___call_date_18042018_to_31052018,Ram Sateesh Pasupuleti,[]
v0_045_call_for_proposals_under_state_science_and_technology_sstp__2018_19___call_date_18042018_to_31052018,Saptarshi Kolay,"['demand', 'pilot scale', 'survey']"
v0_045_call_for_proposals_under_state_science_and_technology_sstp__2018_19___call_date_18042018_to_31052018,Shubhajit Sadhukhan,"['demand', 'survey']"
v0_045_call_for_proposals_under_state_science_and_technology_sstp__2018_19___call_date_18042018_to_31052018,Smriti Saraswat,"['demand', 'pilot scale', 'survey']"
v0_045_call_for_proposals_under_state_science_and_technology_sstp__2018_19___call_date_18042018_to_31052018,Sonal Atreya,['pilot scale']
v0_045_call_for_proposals_under_state_science_and_technology_sstp__2018_19___call_date_18042018_to_31052018,Tina Pujara,"['model', 'pilot scale']"
v0_045_call_for_proposals_under_state_science_and_technology_sstp__2018_19___call_date_18042018_to_31052018,Uttam Kumar Roy,[]
v0_045_call_for_proposals_under_state_science_and_technology_sstp__2018_19___call_date_18042018_to_31052018,V Devadas,['survey']
v0_045_call_for_proposals_under_state_science_and_technology_sstp__2018_19___call_date_18042018_to_31052018,Jaydev Dabas,"['lab', 'model']"
v0_045_call_for_proposals_under_state_science_and_technology_sstp__2018_19___call_date_18042018_to_31052018,Millie Pant,[]
v0_045_call_for_proposals_under_state_science_and_technology_sstp__2018_19___call_date_18042018_to_31052018,Rajan Arora,['model']
v0_045_call_for_proposals_under_state_science_and_technology_sstp__2018_19___call_date_18042018_to_31052018,Ashwani Kumar Sharma,['lab']
v0_045_call_for_proposals_under_state_science_and_technology_sstp__2018_19___call_date_18042018_to_31052018,Bijan Choudhury,"['lab', 'model', 'pilot scale']"
v0_045_call_for_proposals_under_state_science_and_technology_sstp__2018_19___call_date_18042018_to_31052018,Debabrata Sircar,"['demand', 'pilot scale']"
v0_045_call_for_proposals_under_state_science_and_technology_sstp__2018_19___call_date_18042018_to_31052018,Deepak Sharma,"['model', 'pilot scale']"
v0_045_call_for_proposals_under_state_science_and_technology_sstp__2018_19___call_date_18042018_to_31052018,P Gopinath,['pilot scale']
v0_045_call_for_proposals_under_state_science_and_technology_sstp__2018_19___call_date_18042018_to_31052018,Harsh Chauhan,[]
v0_045_call_for_proposals_under_state_science_and_technology_sstp__2018_19___call_date_18042018_to_31052018,Srinivas Kiran Ambatipudi,['lab']
v0_045_call_for_proposals_under_state_science_and_technology_sstp__2018_19___call_date_18042018_to_31052018,Krishna Mohan Poluri,['pilot scale']
v0_045_call_for_proposals_under_state_science_and_technology_sstp__2018_19___call_date_18042018_to_31052018,Maya S.Nair,"['demand', 'lab']"
v0_045_call_for_proposals_under_state_science_and_technology_sstp__2018_19___call_date_18042018_to_31052018,N K Navani,"['lab', 'pilot scale', 'survey']"
v0_045_call_for_proposals_under_state_science_and_technology_sstp__2018_19___call_date_18042018_to_31052018,Partha Roy,[]
v0_045_call_for_proposals_under_state_science_and_technology_sstp__2018_19___call_date_18042018_to_31052018,Poonam Choudhary,"['demand', 'lab', 'pilot scale']"
v0_045_call_for_proposals_under_state_science_and_technology_sstp__2018_19___call_date_18042018_to_31052018,Prabhat Kumar Mandal,[]
v0_045_call_for_proposals_under_state_science_and_technology_sstp__2018_19___call_date_18042018_to_31052018,Pranita P Sarangi,[]
v0_045_call_for_proposals_under_state_science_and_technology_sstp__2018_19___call_date_18042018_to_31052018,Pravindra Kumar,"['model', 'survey']"
v0_045_call_for_proposals_under_state_science_and_technology_sstp__2018_19___call_date_18042018_to_31052018,Prince Tiwari,['model']
v0_045_call_for_proposals_under_state_science_and_technology_sstp__2018_19___call_date_18042018_to_31052018,R. P. Singh,[]
v0_045_call_for_proposals_under_state_science_and_technology_sstp__2018_19___call_date_18042018_to_31052018,Ramasare Prasad,[]
v0_045_call_for_proposals_under_state_science_and_technology_sstp__2018_19___call_date_18042018_to_31052018,Ranjana Pathania,"['demand', 'lab', 'pilot scale']"
v0_045_call_for_proposals_under_state_science_and_technology_sstp__2018_19___call_date_18042018_to_31052018,Sanjoy Ghosh,[]
v0_045_call_for_proposals_under_state_science_and_technology_sstp__2018_19___call_date_18042018_to_31052018,Saugata Hazra,[]
v0_045_call_for_proposals_under_state_science_and_technology_sstp__2018_19___call_date_18042018_to_31052018,Shailly Tomar,[]
v0_045_call_for_proposals_under_state_science_and_technology_sstp__2018_19___call_date_18042018_to_31052018,Shri Ram Yadav,[]
v0_045_call_for_proposals_under_state_science_and_technology_sstp__2018_19___call_date_18042018_to_31052018,Soma Rohatgi,[]
v0_045_call_for_proposals_under_state_science_and_technology_sstp__2018_19___call_date_18042018_to_31052018,Sachin Suresh Tiwari,[]
v0_045_call_for_proposals_under_state_science_and_technology_sstp__2018_19___call_date_18042018_to_31052018,Jitin Singla,[]
v0_045_call_for_proposals_under_state_science_and_technology_sstp__2018_19___call_date_18042018_to_31052018,Rajesh Kumar,['demand']
v0_045_call_for_proposals_under_state_science_and_technology_sstp__2018_19___call_date_18042018_to_31052018,Akhil Upadhyay,"['demand', 'pilot scale']"
v0_046_call_for_proposals_for_biomedical_device_and_technology_development_bdtd_tdt_division,Arindam Biswas,"['design', 'facility']"
v0_046_call_for_proposals_for_biomedical_device_and_technology_development_bdtd_tdt_division,Avlokita Agrawal,[]
v0_046_call_for_proposals_for_biomedical_device_and_technology_development_bdtd_tdt_division,Gaurav Raheja,"['design', 'facility']"
v0_046_call_for_proposals_for_biomedical_device_and_technology_development_bdtd_tdt_division,Harshit Sosan Lakra,[]
v0_046_call_for_proposals_for_biomedical_device_and_technology_development_bdtd_tdt_division,Mahua Mukherjee,"['design', 'facility']"
v0_046_call_for_proposals_for_biomedical_device_and_technology_development_bdtd_tdt_division,Prabhjot Singh Chani,"['concern', 'facility']"
v0_046_call_for_proposals_for_biomedical_device_and_technology_development_bdtd_tdt_division,E Rajasekar,['design']
v0_046_call_for_proposals_for_biomedical_device_and_technology_development_bdtd_tdt_division,Ram Sateesh Pasupuleti,['facility']
v0_046_call_for_proposals_for_biomedical_device_and_technology_development_bdtd_tdt_division,Saptarshi Kolay,"['concern', 'design', 'pilot scale']"
v0_046_call_for_proposals_for_biomedical_device_and_technology_development_bdtd_tdt_division,Shubhajit Sadhukhan,['facility']
v0_046_call_for_proposals_for_biomedical_device_and_technology_development_bdtd_tdt_division,Smriti Saraswat,['pilot scale']
v0_046_call_for_proposals_for_biomedical_device_and_technology_development_bdtd_tdt_division,Sonal Atreya,['pilot scale']
v0_046_call_for_proposals_for_biomedical_device_and_technology_development_bdtd_tdt_division,Tina Pujara,"['concern', 'pilot scale']"
v0_046_call_for_proposals_for_biomedical_device_and_technology_development_bdtd_tdt_division,Uttam Kumar Roy,"['concern', 'design', 'facility']"
v0_046_call_for_proposals_for_biomedical_device_and_technology_development_bdtd_tdt_division,V Devadas,"['design', 'facility']"
v0_046_call_for_proposals_for_biomedical_device_and_technology_development_bdtd_tdt_division,Jaydev Dabas,"['concern', 'design', 'facility']"
v0_046_call_for_proposals_for_biomedical_device_and_technology_development_bdtd_tdt_division,Millie Pant,[]
v0_046_call_for_proposals_for_biomedical_device_and_technology_development_bdtd_tdt_division,Rajan Arora,['facility']
v0_046_call_for_proposals_for_biomedical_device_and_technology_development_bdtd_tdt_division,Ashwani Kumar Sharma,"['design', 'facility']"
v0_046_call_for_proposals_for_biomedical_device_and_technology_development_bdtd_tdt_division,Bijan Choudhury,['pilot scale']
v0_046_call_for_proposals_for_biomedical_device_and_technology_development_bdtd_tdt_division,Debabrata Sircar,"['concern', 'pilot scale']"
v0_046_call_for_proposals_for_biomedical_device_and_technology_development_bdtd_tdt_division,Deepak Sharma,"['concern', 'pilot scale']"
v0_046_call_for_proposals_for_biomedical_device_and_technology_development_bdtd_tdt_division,P Gopinath,"['facility', 'pilot scale']"
v0_046_call_for_proposals_for_biomedical_device_and_technology_development_bdtd_tdt_division,Harsh Chauhan,['facility']
v0_046_call_for_proposals_for_biomedical_device_and_technology_development_bdtd_tdt_division,Srinivas Kiran Ambatipudi,[]
v0_046_call_for_proposals_for_biomedical_device_and_technology_development_bdtd_tdt_division,Krishna Mohan Poluri,"['design', 'pilot scale']"
v0_046_call_for_proposals_for_biomedical_device_and_technology_development_bdtd_tdt_division,Maya S.Nair,['facility']
v0_046_call_for_proposals_for_biomedical_device_and_technology_development_bdtd_tdt_division,N K Navani,"['concern', 'pilot scale']"
v0_046_call_for_proposals_for_biomedical_device_and_technology_development_bdtd_tdt_division,Partha Roy,"['concern', 'design']"
v0_046_call_for_proposals_for_biomedical_device_and_technology_development_bdtd_tdt_division,Poonam Choudhary,"['design', 'facility', 'pilot scale']"
v0_046_call_for_proposals_for_biomedical_device_and_technology_development_bdtd_tdt_division,Prabhat Kumar Mandal,"['concern', 'facility']"
v0_046_call_for_proposals_for_biomedical_device_and_technology_development_bdtd_tdt_division,Pranita P Sarangi,['facility']
v0_046_call_for_proposals_for_biomedical_device_and_technology_development_bdtd_tdt_division,Pravindra Kumar,['facility']
v0_046_call_for_proposals_for_biomedical_device_and_technology_development_bdtd_tdt_division,Prince Tiwari,"['design', 'facility']"
v0_046_call_for_proposals_for_biomedical_device_and_technology_development_bdtd_tdt_division,R. P. Singh,['design']
v0_046_call_for_proposals_for_biomedical_device_and_technology_development_bdtd_tdt_division,Ramasare Prasad,['facility']
v0_046_call_for_proposals_for_biomedical_device_and_technology_development_bdtd_tdt_division,Ranjana Pathania,"['design', 'pilot scale']"
v0_046_call_for_proposals_for_biomedical_device_and_technology_development_bdtd_tdt_division,Sanjoy Ghosh,['concern']
v0_046_call_for_proposals_for_biomedical_device_and_technology_development_bdtd_tdt_division,Saugata Hazra,"['concern', 'design', 'facility']"
v0_046_call_for_proposals_for_biomedical_device_and_technology_development_bdtd_tdt_division,Shailly Tomar,['concern']
v0_046_call_for_proposals_for_biomedical_device_and_technology_development_bdtd_tdt_division,Shri Ram Yadav,[]
v0_046_call_for_proposals_for_biomedical_device_and_technology_development_bdtd_tdt_division,Soma Rohatgi,"['concern', 'design', 'facility']"
v0_046_call_for_proposals_for_biomedical_device_and_technology_development_bdtd_tdt_division,Sachin Suresh Tiwari,[]
v0_046_call_for_proposals_for_biomedical_device_and_technology_development_bdtd_tdt_division,Jitin Singla,['concern']
v0_046_call_for_proposals_for_biomedical_device_and_technology_development_bdtd_tdt_division,Rajesh Kumar,"['concern', 'design', 'facility']"
v0_046_call_for_proposals_for_biomedical_device_and_technology_development_bdtd_tdt_division,Akhil Upadhyay,"['design', 'pilot scale']"
v0_047_indo_canada_joint_call_for_proposals_improving_occupant_survivability_in_buildings_during_fires_using_innovations_in_structural_engineering_materials_science_and_cyber_physical_interfaces,Arindam Biswas,"['building', 'design', 'engineering', 'pace', 'population', 'rapid urbanization', 'structural engineering', 'urbanization']"
v0_047_indo_canada_joint_call_for_proposals_improving_occupant_survivability_in_buildings_during_fires_using_innovations_in_structural_engineering_materials_science_and_cyber_physical_interfaces,Avlokita Agrawal,"['building', 'engineering', 'material', 'population']"
v0_047_indo_canada_joint_call_for_proposals_improving_occupant_survivability_in_buildings_during_fires_using_innovations_in_structural_engineering_materials_science_and_cyber_physical_interfaces,Gaurav Raheja,"['design', 'engineering', 'environment', 'event', 'material', 'rapid urbanization', 'structural engineering', 'urbanization']"
v0_047_indo_canada_joint_call_for_proposals_improving_occupant_survivability_in_buildings_during_fires_using_innovations_in_structural_engineering_materials_science_and_cyber_physical_interfaces,Harshit Sosan Lakra,['material']
v0_047_indo_canada_joint_call_for_proposals_improving_occupant_survivability_in_buildings_during_fires_using_innovations_in_structural_engineering_materials_science_and_cyber_physical_interfaces,Mahua Mukherjee,"['building', 'design', 'environment', 'event', 'material', 'population', 'rapid urbanization', 'structural engineering', 'urbanization']"
v0_047_indo_canada_joint_call_for_proposals_improving_occupant_survivability_in_buildings_during_fires_using_innovations_in_structural_engineering_materials_science_and_cyber_physical_interfaces,Prabhjot Singh Chani,"['building', 'environment', 'population', 'structural engineering', 'urbanization']"
v0_047_indo_canada_joint_call_for_proposals_improving_occupant_survivability_in_buildings_during_fires_using_innovations_in_structural_engineering_materials_science_and_cyber_physical_interfaces,E Rajasekar,"['building', 'design', 'material', 'urbanization']"
v0_047_indo_canada_joint_call_for_proposals_improving_occupant_survivability_in_buildings_during_fires_using_innovations_in_structural_engineering_materials_science_and_cyber_physical_interfaces,Ram Sateesh Pasupuleti,"['material', 'pace', 'population', 'rapid urbanization', 'urbanization']"
v0_047_indo_canada_joint_call_for_proposals_improving_occupant_survivability_in_buildings_during_fires_using_innovations_in_structural_engineering_materials_science_and_cyber_physical_interfaces,Saptarshi Kolay,"['building', 'design', 'engineering', 'rapid urbanization', 'structural engineering', 'urbanization']"
v0_047_indo_canada_joint_call_for_proposals_improving_occupant_survivability_in_buildings_during_fires_using_innovations_in_structural_engineering_materials_science_and_cyber_physical_interfaces,Shubhajit Sadhukhan,"['environment', 'material', 'population', 'rapid urbanization', 'urbanization']"
v0_047_indo_canada_joint_call_for_proposals_improving_occupant_survivability_in_buildings_during_fires_using_innovations_in_structural_engineering_materials_science_and_cyber_physical_interfaces,Smriti Saraswat,"['building', 'material', 'pace', 'population']"
v0_047_indo_canada_joint_call_for_proposals_improving_occupant_survivability_in_buildings_during_fires_using_innovations_in_structural_engineering_materials_science_and_cyber_physical_interfaces,Sonal Atreya,"['engineering', 'event', 'material', 'pace', 'population', 'structural engineering', 'urbanization']"
v0_047_indo_canada_joint_call_for_proposals_improving_occupant_survivability_in_buildings_during_fires_using_innovations_in_structural_engineering_materials_science_and_cyber_physical_interfaces,Tina Pujara,"['material', 'pace', 'population', 'rapid urbanization', 'urbanization']"
v0_047_indo_canada_joint_call_for_proposals_improving_occupant_survivability_in_buildings_during_fires_using_innovations_in_structural_engineering_materials_science_and_cyber_physical_interfaces,Uttam Kumar Roy,"['building', 'design', 'environment', 'material', 'population', 'rapid urbanization', 'urbanization']"
v0_047_indo_canada_joint_call_for_proposals_improving_occupant_survivability_in_buildings_during_fires_using_innovations_in_structural_engineering_materials_science_and_cyber_physical_interfaces,V Devadas,"['design', 'pace', 'population', 'rapid urbanization', 'urbanization']"
v0_047_indo_canada_joint_call_for_proposals_improving_occupant_survivability_in_buildings_during_fires_using_innovations_in_structural_engineering_materials_science_and_cyber_physical_interfaces,Jaydev Dabas,"['design', 'population', 'rapid urbanization', 'structural engineering', 'urbanization']"
v0_047_indo_canada_joint_call_for_proposals_improving_occupant_survivability_in_buildings_during_fires_using_innovations_in_structural_engineering_materials_science_and_cyber_physical_interfaces,Millie Pant,"['event', 'material', 'population', 'rapid urbanization', 'urbanization']"
v0_047_indo_canada_joint_call_for_proposals_improving_occupant_survivability_in_buildings_during_fires_using_innovations_in_structural_engineering_materials_science_and_cyber_physical_interfaces,Rajan Arora,"['environment', 'population', 'rapid urbanization', 'urbanization']"
v0_047_indo_canada_joint_call_for_proposals_improving_occupant_survivability_in_buildings_during_fires_using_innovations_in_structural_engineering_materials_science_and_cyber_physical_interfaces,Ashwani Kumar Sharma,"['design', 'material', 'pace', 'population']"
v0_047_indo_canada_joint_call_for_proposals_improving_occupant_survivability_in_buildings_during_fires_using_innovations_in_structural_engineering_materials_science_and_cyber_physical_interfaces,Bijan Choudhury,"['engineering', 'environment', 'rapid urbanization', 'structural engineering', 'urbanization']"
v0_047_indo_canada_joint_call_for_proposals_improving_occupant_survivability_in_buildings_during_fires_using_innovations_in_structural_engineering_materials_science_and_cyber_physical_interfaces,Debabrata Sircar,"['material', 'pace', 'population', 'rapid urbanization', 'urbanization']"
v0_047_indo_canada_joint_call_for_proposals_improving_occupant_survivability_in_buildings_during_fires_using_innovations_in_structural_engineering_materials_science_and_cyber_physical_interfaces,Deepak Sharma,"['material', 'pace', 'population', 'rapid urbanization', 'structural engineering', 'urbanization']"
v0_047_indo_canada_joint_call_for_proposals_improving_occupant_survivability_in_buildings_during_fires_using_innovations_in_structural_engineering_materials_science_and_cyber_physical_interfaces,P Gopinath,"['environment', 'event', 'material', 'pace', 'rapid urbanization']"
v0_047_indo_canada_joint_call_for_proposals_improving_occupant_survivability_in_buildings_during_fires_using_innovations_in_structural_engineering_materials_science_and_cyber_physical_interfaces,Harsh Chauhan,"['environment', 'population']"
v0_047_indo_canada_joint_call_for_proposals_improving_occupant_survivability_in_buildings_during_fires_using_innovations_in_structural_engineering_materials_science_and_cyber_physical_interfaces,Srinivas Kiran Ambatipudi,[]
v0_047_indo_canada_joint_call_for_proposals_improving_occupant_survivability_in_buildings_during_fires_using_innovations_in_structural_engineering_materials_science_and_cyber_physical_interfaces,Krishna Mohan Poluri,"['design', 'environment', 'material', 'pace', 'structural engineering']"
v0_047_indo_canada_joint_call_for_proposals_improving_occupant_survivability_in_buildings_during_fires_using_innovations_in_structural_engineering_materials_science_and_cyber_physical_interfaces,Maya S.Nair,"['material', 'pace', 'population']"
v0_047_indo_canada_joint_call_for_proposals_improving_occupant_survivability_in_buildings_during_fires_using_innovations_in_structural_engineering_materials_science_and_cyber_physical_interfaces,N K Navani,"['material', 'pace', 'population', 'rapid urbanization', 'urbanization']"
v0_047_indo_canada_joint_call_for_proposals_improving_occupant_survivability_in_buildings_during_fires_using_innovations_in_structural_engineering_materials_science_and_cyber_physical_interfaces,Partha Roy,"['design', 'environment', 'material', 'pace', 'population', 'urbanization']"
v0_047_indo_canada_joint_call_for_proposals_improving_occupant_survivability_in_buildings_during_fires_using_innovations_in_structural_engineering_materials_science_and_cyber_physical_interfaces,Poonam Choudhary,"['design', 'engineering', 'population', 'rapid urbanization', 'structural engineering', 'urbanization']"
v0_047_indo_canada_joint_call_for_proposals_improving_occupant_survivability_in_buildings_during_fires_using_innovations_in_structural_engineering_materials_science_and_cyber_physical_interfaces,Prabhat Kumar Mandal,"['engineering', 'environment', 'event', 'material', 'pace', 'population', 'structural engineering', 'urbanization']"
v0_047_indo_canada_joint_call_for_proposals_improving_occupant_survivability_in_buildings_during_fires_using_innovations_in_structural_engineering_materials_science_and_cyber_physical_interfaces,Pranita P Sarangi,[]
v0_047_indo_canada_joint_call_for_proposals_improving_occupant_survivability_in_buildings_during_fires_using_innovations_in_structural_engineering_materials_science_and_cyber_physical_interfaces,Pravindra Kumar,"['pace', 'population']"
v0_047_indo_canada_joint_call_for_proposals_improving_occupant_survivability_in_buildings_during_fires_using_innovations_in_structural_engineering_materials_science_and_cyber_physical_interfaces,Prince Tiwari,"['design', 'engineering', 'material', 'rapid urbanization', 'structural engineering', 'urbanization']"
v0_047_indo_canada_joint_call_for_proposals_improving_occupant_survivability_in_buildings_during_fires_using_innovations_in_structural_engineering_materials_science_and_cyber_physical_interfaces,R. P. Singh,"['design', 'engineering', 'material', 'rapid urbanization', 'structural engineering', 'urbanization']"
v0_047_indo_canada_joint_call_for_proposals_improving_occupant_survivability_in_buildings_during_fires_using_innovations_in_structural_engineering_materials_science_and_cyber_physical_interfaces,Ramasare Prasad,"['engineering', 'environment', 'event', 'material', 'population', 'urbanization']"
v0_047_indo_canada_joint_call_for_proposals_improving_occupant_survivability_in_buildings_during_fires_using_innovations_in_structural_engineering_materials_science_and_cyber_physical_interfaces,Ranjana Pathania,"['design', 'event', 'material', 'population', 'urbanization']"
v0_047_indo_canada_joint_call_for_proposals_improving_occupant_survivability_in_buildings_during_fires_using_innovations_in_structural_engineering_materials_science_and_cyber_physical_interfaces,Sanjoy Ghosh,"['engineering', 'environment', 'material', 'population', 'rapid urbanization', 'structural engineering', 'urbanization']"
v0_047_indo_canada_joint_call_for_proposals_improving_occupant_survivability_in_buildings_during_fires_using_innovations_in_structural_engineering_materials_science_and_cyber_physical_interfaces,Saugata Hazra,"['design', 'engineering', 'environment', 'material']"
v0_047_indo_canada_joint_call_for_proposals_improving_occupant_survivability_in_buildings_during_fires_using_innovations_in_structural_engineering_materials_science_and_cyber_physical_interfaces,Shailly Tomar,"['event', 'material', 'pace', 'rapid urbanization']"
v0_047_indo_canada_joint_call_for_proposals_improving_occupant_survivability_in_buildings_during_fires_using_innovations_in_structural_engineering_materials_science_and_cyber_physical_interfaces,Shri Ram Yadav,"['engineering', 'population', 'rapid urbanization', 'structural engineering', 'urbanization']"
v0_047_indo_canada_joint_call_for_proposals_improving_occupant_survivability_in_buildings_during_fires_using_innovations_in_structural_engineering_materials_science_and_cyber_physical_interfaces,Soma Rohatgi,"['design', 'engineering', 'material', 'urbanization']"
v0_047_indo_canada_joint_call_for_proposals_improving_occupant_survivability_in_buildings_during_fires_using_innovations_in_structural_engineering_materials_science_and_cyber_physical_interfaces,Sachin Suresh Tiwari,"['engineering', 'population', 'structural engineering', 'urbanization']"
v0_047_indo_canada_joint_call_for_proposals_improving_occupant_survivability_in_buildings_during_fires_using_innovations_in_structural_engineering_materials_science_and_cyber_physical_interfaces,Jitin Singla,"['material', 'pace', 'population', 'urbanization']"
v0_047_indo_canada_joint_call_for_proposals_improving_occupant_survivability_in_buildings_during_fires_using_innovations_in_structural_engineering_materials_science_and_cyber_physical_interfaces,Rajesh Kumar,"['design', 'environment', 'event', 'material', 'population', 'rapid urbanization', 'structural engineering']"
v0_047_indo_canada_joint_call_for_proposals_improving_occupant_survivability_in_buildings_during_fires_using_innovations_in_structural_engineering_materials_science_and_cyber_physical_interfaces,Akhil Upadhyay,"['building', 'design', 'engineering', 'event', 'structural engineering']"
v0_048_call_for_oriented_research__technology_development_proposals_on_hydrogen_and_fuel_cell_hfc___2018,Arindam Biswas,"['design', 'synthesis']"
v0_048_call_for_oriented_research__technology_development_proposals_on_hydrogen_and_fuel_cell_hfc___2018,Avlokita Agrawal,['synthesis']
v0_048_call_for_oriented_research__technology_development_proposals_on_hydrogen_and_fuel_cell_hfc___2018,Gaurav Raheja,"['design', 'environment']"
v0_048_call_for_oriented_research__technology_development_proposals_on_hydrogen_and_fuel_cell_hfc___2018,Harshit Sosan Lakra,[]
v0_048_call_for_oriented_research__technology_development_proposals_on_hydrogen_and_fuel_cell_hfc___2018,Mahua Mukherjee,"['design', 'environment']"
v0_048_call_for_oriented_research__technology_development_proposals_on_hydrogen_and_fuel_cell_hfc___2018,Prabhjot Singh Chani,"['efficiency', 'environment']"
v0_048_call_for_oriented_research__technology_development_proposals_on_hydrogen_and_fuel_cell_hfc___2018,E Rajasekar,['design']
v0_048_call_for_oriented_research__technology_development_proposals_on_hydrogen_and_fuel_cell_hfc___2018,Ram Sateesh Pasupuleti,"['advance', 'synthesis']"
v0_048_call_for_oriented_research__technology_development_proposals_on_hydrogen_and_fuel_cell_hfc___2018,Saptarshi Kolay,['design']
v0_048_call_for_oriented_research__technology_development_proposals_on_hydrogen_and_fuel_cell_hfc___2018,Shubhajit Sadhukhan,['environment']
v0_048_call_for_oriented_research__technology_development_proposals_on_hydrogen_and_fuel_cell_hfc___2018,Smriti Saraswat,['advance']
v0_048_call_for_oriented_research__technology_development_proposals_on_hydrogen_and_fuel_cell_hfc___2018,Sonal Atreya,['synthesis']
v0_048_call_for_oriented_research__technology_development_proposals_on_hydrogen_and_fuel_cell_hfc___2018,Tina Pujara,[]
v0_048_call_for_oriented_research__technology_development_proposals_on_hydrogen_and_fuel_cell_hfc___2018,Uttam Kumar Roy,"['advance', 'design', 'environment']"
v0_048_call_for_oriented_research__technology_development_proposals_on_hydrogen_and_fuel_cell_hfc___2018,V Devadas,"['advance', 'design']"
v0_048_call_for_oriented_research__technology_development_proposals_on_hydrogen_and_fuel_cell_hfc___2018,Jaydev Dabas,"['design', 'efficiency']"
v0_048_call_for_oriented_research__technology_development_proposals_on_hydrogen_and_fuel_cell_hfc___2018,Millie Pant,['efficiency']
v0_048_call_for_oriented_research__technology_development_proposals_on_hydrogen_and_fuel_cell_hfc___2018,Rajan Arora,['environment']
v0_048_call_for_oriented_research__technology_development_proposals_on_hydrogen_and_fuel_cell_hfc___2018,Ashwani Kumar Sharma,['design']
v0_048_call_for_oriented_research__technology_development_proposals_on_hydrogen_and_fuel_cell_hfc___2018,Bijan Choudhury,"['environment', 'synthesis']"
v0_048_call_for_oriented_research__technology_development_proposals_on_hydrogen_and_fuel_cell_hfc___2018,Debabrata Sircar,[]
v0_048_call_for_oriented_research__technology_development_proposals_on_hydrogen_and_fuel_cell_hfc___2018,Deepak Sharma,[]
v0_048_call_for_oriented_research__technology_development_proposals_on_hydrogen_and_fuel_cell_hfc___2018,P Gopinath,"['advance', 'environment']"
v0_048_call_for_oriented_research__technology_development_proposals_on_hydrogen_and_fuel_cell_hfc___2018,Harsh Chauhan,"['environment', 'synthesis']"
v0_048_call_for_oriented_research__technology_development_proposals_on_hydrogen_and_fuel_cell_hfc___2018,Srinivas Kiran Ambatipudi,[]
v0_048_call_for_oriented_research__technology_development_proposals_on_hydrogen_and_fuel_cell_hfc___2018,Krishna Mohan Poluri,"['advance', 'design', 'environment']"
v0_048_call_for_oriented_research__technology_development_proposals_on_hydrogen_and_fuel_cell_hfc___2018,Maya S.Nair,['advance']
v0_048_call_for_oriented_research__technology_development_proposals_on_hydrogen_and_fuel_cell_hfc___2018,N K Navani,['synthesis']
v0_048_call_for_oriented_research__technology_development_proposals_on_hydrogen_and_fuel_cell_hfc___2018,Partha Roy,"['design', 'environment']"
v0_048_call_for_oriented_research__technology_development_proposals_on_hydrogen_and_fuel_cell_hfc___2018,Poonam Choudhary,"['advance', 'design']"
v0_048_call_for_oriented_research__technology_development_proposals_on_hydrogen_and_fuel_cell_hfc___2018,Prabhat Kumar Mandal,['environment']
v0_048_call_for_oriented_research__technology_development_proposals_on_hydrogen_and_fuel_cell_hfc___2018,Pranita P Sarangi,[]
v0_048_call_for_oriented_research__technology_development_proposals_on_hydrogen_and_fuel_cell_hfc___2018,Pravindra Kumar,[]
v0_048_call_for_oriented_research__technology_development_proposals_on_hydrogen_and_fuel_cell_hfc___2018,Prince Tiwari,"['design', 'efficiency']"
v0_048_call_for_oriented_research__technology_development_proposals_on_hydrogen_and_fuel_cell_hfc___2018,R. P. Singh,"['advance', 'design']"
v0_048_call_for_oriented_research__technology_development_proposals_on_hydrogen_and_fuel_cell_hfc___2018,Ramasare Prasad,['environment']
v0_048_call_for_oriented_research__technology_development_proposals_on_hydrogen_and_fuel_cell_hfc___2018,Ranjana Pathania,"['design', 'efficiency']"
v0_048_call_for_oriented_research__technology_development_proposals_on_hydrogen_and_fuel_cell_hfc___2018,Sanjoy Ghosh,['environment']
v0_048_call_for_oriented_research__technology_development_proposals_on_hydrogen_and_fuel_cell_hfc___2018,Saugata Hazra,"['design', 'environment']"
v0_048_call_for_oriented_research__technology_development_proposals_on_hydrogen_and_fuel_cell_hfc___2018,Shailly Tomar,[]
v0_048_call_for_oriented_research__technology_development_proposals_on_hydrogen_and_fuel_cell_hfc___2018,Shri Ram Yadav,['synthesis']
v0_048_call_for_oriented_research__technology_development_proposals_on_hydrogen_and_fuel_cell_hfc___2018,Soma Rohatgi,"['design', 'efficiency']"
v0_048_call_for_oriented_research__technology_development_proposals_on_hydrogen_and_fuel_cell_hfc___2018,Sachin Suresh Tiwari,['efficiency']
v0_048_call_for_oriented_research__technology_development_proposals_on_hydrogen_and_fuel_cell_hfc___2018,Jitin Singla,['advance']
v0_048_call_for_oriented_research__technology_development_proposals_on_hydrogen_and_fuel_cell_hfc___2018,Rajesh Kumar,"['design', 'efficiency', 'environment', 'synthesis']"
v0_048_call_for_oriented_research__technology_development_proposals_on_hydrogen_and_fuel_cell_hfc___2018,Akhil Upadhyay,"['advance', 'design', 'efficiency']"
v0_049_initiative_in_coordinated_programme_for_arid_semi_arid_and_cold_desert_regionsasacoder,Arindam Biswas,[]
v0_049_initiative_in_coordinated_programme_for_arid_semi_arid_and_cold_desert_regionsasacoder,Avlokita Agrawal,[]
v0_049_initiative_in_coordinated_programme_for_arid_semi_arid_and_cold_desert_regionsasacoder,Gaurav Raheja,[]
v0_049_initiative_in_coordinated_programme_for_arid_semi_arid_and_cold_desert_regionsasacoder,Harshit Sosan Lakra,['general']
v0_049_initiative_in_coordinated_programme_for_arid_semi_arid_and_cold_desert_regionsasacoder,Mahua Mukherjee,['general']
v0_049_initiative_in_coordinated_programme_for_arid_semi_arid_and_cold_desert_regionsasacoder,Prabhjot Singh Chani,['general']
v0_049_initiative_in_coordinated_programme_for_arid_semi_arid_and_cold_desert_regionsasacoder,E Rajasekar,[]
v0_049_initiative_in_coordinated_programme_for_arid_semi_arid_and_cold_desert_regionsasacoder,Ram Sateesh Pasupuleti,['general']
v0_049_initiative_in_coordinated_programme_for_arid_semi_arid_and_cold_desert_regionsasacoder,Saptarshi Kolay,[]
v0_049_initiative_in_coordinated_programme_for_arid_semi_arid_and_cold_desert_regionsasacoder,Shubhajit Sadhukhan,[]
v0_049_initiative_in_coordinated_programme_for_arid_semi_arid_and_cold_desert_regionsasacoder,Smriti Saraswat,[]
v0_049_initiative_in_coordinated_programme_for_arid_semi_arid_and_cold_desert_regionsasacoder,Sonal Atreya,[]
v0_049_initiative_in_coordinated_programme_for_arid_semi_arid_and_cold_desert_regionsasacoder,Tina Pujara,['general']
v0_049_initiative_in_coordinated_programme_for_arid_semi_arid_and_cold_desert_regionsasacoder,Uttam Kumar Roy,['general']
v0_049_initiative_in_coordinated_programme_for_arid_semi_arid_and_cold_desert_regionsasacoder,V Devadas,[]
v0_049_initiative_in_coordinated_programme_for_arid_semi_arid_and_cold_desert_regionsasacoder,Jaydev Dabas,[]
v0_049_initiative_in_coordinated_programme_for_arid_semi_arid_and_cold_desert_regionsasacoder,Millie Pant,[]
v0_049_initiative_in_coordinated_programme_for_arid_semi_arid_and_cold_desert_regionsasacoder,Rajan Arora,[]
v0_049_initiative_in_coordinated_programme_for_arid_semi_arid_and_cold_desert_regionsasacoder,Ashwani Kumar Sharma,['general']
v0_049_initiative_in_coordinated_programme_for_arid_semi_arid_and_cold_desert_regionsasacoder,Bijan Choudhury,[]
v0_049_initiative_in_coordinated_programme_for_arid_semi_arid_and_cold_desert_regionsasacoder,Debabrata Sircar,['general']
v0_049_initiative_in_coordinated_programme_for_arid_semi_arid_and_cold_desert_regionsasacoder,Deepak Sharma,['general']
v0_049_initiative_in_coordinated_programme_for_arid_semi_arid_and_cold_desert_regionsasacoder,P Gopinath,[]
v0_049_initiative_in_coordinated_programme_for_arid_semi_arid_and_cold_desert_regionsasacoder,Harsh Chauhan,[]
v0_049_initiative_in_coordinated_programme_for_arid_semi_arid_and_cold_desert_regionsasacoder,Srinivas Kiran Ambatipudi,[]
v0_049_initiative_in_coordinated_programme_for_arid_semi_arid_and_cold_desert_regionsasacoder,Krishna Mohan Poluri,['general']
v0_049_initiative_in_coordinated_programme_for_arid_semi_arid_and_cold_desert_regionsasacoder,Maya S.Nair,['general']
v0_049_initiative_in_coordinated_programme_for_arid_semi_arid_and_cold_desert_regionsasacoder,N K Navani,['general']
v0_049_initiative_in_coordinated_programme_for_arid_semi_arid_and_cold_desert_regionsasacoder,Partha Roy,[]
v0_049_initiative_in_coordinated_programme_for_arid_semi_arid_and_cold_desert_regionsasacoder,Poonam Choudhary,[]
v0_049_initiative_in_coordinated_programme_for_arid_semi_arid_and_cold_desert_regionsasacoder,Prabhat Kumar Mandal,[]
v0_049_initiative_in_coordinated_programme_for_arid_semi_arid_and_cold_desert_regionsasacoder,Pranita P Sarangi,[]
v0_049_initiative_in_coordinated_programme_for_arid_semi_arid_and_cold_desert_regionsasacoder,Pravindra Kumar,[]
v0_049_initiative_in_coordinated_programme_for_arid_semi_arid_and_cold_desert_regionsasacoder,Prince Tiwari,[]
v0_049_initiative_in_coordinated_programme_for_arid_semi_arid_and_cold_desert_regionsasacoder,R. P. Singh,[]
v0_049_initiative_in_coordinated_programme_for_arid_semi_arid_and_cold_desert_regionsasacoder,Ramasare Prasad,[]
v0_049_initiative_in_coordinated_programme_for_arid_semi_arid_and_cold_desert_regionsasacoder,Ranjana Pathania,['general']
v0_049_initiative_in_coordinated_programme_for_arid_semi_arid_and_cold_desert_regionsasacoder,Sanjoy Ghosh,['general']
v0_049_initiative_in_coordinated_programme_for_arid_semi_arid_and_cold_desert_regionsasacoder,Saugata Hazra,['general']
v0_049_initiative_in_coordinated_programme_for_arid_semi_arid_and_cold_desert_regionsasacoder,Shailly Tomar,[]
v0_049_initiative_in_coordinated_programme_for_arid_semi_arid_and_cold_desert_regionsasacoder,Shri Ram Yadav,[]
v0_049_initiative_in_coordinated_programme_for_arid_semi_arid_and_cold_desert_regionsasacoder,Soma Rohatgi,['general']
v0_049_initiative_in_coordinated_programme_for_arid_semi_arid_and_cold_desert_regionsasacoder,Sachin Suresh Tiwari,['general']
v0_049_initiative_in_coordinated_programme_for_arid_semi_arid_and_cold_desert_regionsasacoder,Jitin Singla,[]
v0_049_initiative_in_coordinated_programme_for_arid_semi_arid_and_cold_desert_regionsasacoder,Rajesh Kumar,[]
v0_049_initiative_in_coordinated_programme_for_arid_semi_arid_and_cold_desert_regionsasacoder,Akhil Upadhyay,['general']
v0_050_india___thailand_joint_call_for_proposals,Arindam Biswas,['urban']
v0_050_india___thailand_joint_call_for_proposals,Avlokita Agrawal,[]
v0_050_india___thailand_joint_call_for_proposals,Gaurav Raheja,[]
v0_050_india___thailand_joint_call_for_proposals,Harshit Sosan Lakra,[]
v0_050_india___thailand_joint_call_for_proposals,Mahua Mukherjee,['urban']
v0_050_india___thailand_joint_call_for_proposals,Prabhjot Singh Chani,[]
v0_050_india___thailand_joint_call_for_proposals,E Rajasekar,[]
v0_050_india___thailand_joint_call_for_proposals,Ram Sateesh Pasupuleti,[]
v0_050_india___thailand_joint_call_for_proposals,Saptarshi Kolay,['urban']
v0_050_india___thailand_joint_call_for_proposals,Shubhajit Sadhukhan,[]
v0_050_india___thailand_joint_call_for_proposals,Smriti Saraswat,['urban']
v0_050_india___thailand_joint_call_for_proposals,Sonal Atreya,[]
v0_050_india___thailand_joint_call_for_proposals,Tina Pujara,[]
v0_050_india___thailand_joint_call_for_proposals,Uttam Kumar Roy,['urban']
v0_050_india___thailand_joint_call_for_proposals,V Devadas,['urban']
v0_050_india___thailand_joint_call_for_proposals,Jaydev Dabas,[]
v0_050_india___thailand_joint_call_for_proposals,Millie Pant,['urban']
v0_050_india___thailand_joint_call_for_proposals,Rajan Arora,[]
v0_050_india___thailand_joint_call_for_proposals,Ashwani Kumar Sharma,[]
v0_050_india___thailand_joint_call_for_proposals,Bijan Choudhury,[]
v0_050_india___thailand_joint_call_for_proposals,Debabrata Sircar,['urban']
v0_050_india___thailand_joint_call_for_proposals,Deepak Sharma,[]
v0_050_india___thailand_joint_call_for_proposals,P Gopinath,[]
v0_050_india___thailand_joint_call_for_proposals,Harsh Chauhan,[]
v0_050_india___thailand_joint_call_for_proposals,Srinivas Kiran Ambatipudi,[]
v0_050_india___thailand_joint_call_for_proposals,Krishna Mohan Poluri,[]
v0_050_india___thailand_joint_call_for_proposals,Maya S.Nair,[]
v0_050_india___thailand_joint_call_for_proposals,N K Navani,[]
v0_050_india___thailand_joint_call_for_proposals,Partha Roy,[]
v0_050_india___thailand_joint_call_for_proposals,Poonam Choudhary,['urban']
v0_050_india___thailand_joint_call_for_proposals,Prabhat Kumar Mandal,[]
v0_050_india___thailand_joint_call_for_proposals,Pranita P Sarangi,[]
v0_050_india___thailand_joint_call_for_proposals,Pravindra Kumar,[]
v0_050_india___thailand_joint_call_for_proposals,Prince Tiwari,[]
v0_050_india___thailand_joint_call_for_proposals,R. P. Singh,[]
v0_050_india___thailand_joint_call_for_proposals,Ramasare Prasad,[]
v0_050_india___thailand_joint_call_for_proposals,Ranjana Pathania,[]
v0_050_india___thailand_joint_call_for_proposals,Sanjoy Ghosh,[]
v0_050_india___thailand_joint_call_for_proposals,Saugata Hazra,[]
v0_050_india___thailand_joint_call_for_proposals,Shailly Tomar,[]
v0_050_india___thailand_joint_call_for_proposals,Shri Ram Yadav,[]
v0_050_india___thailand_joint_call_for_proposals,Soma Rohatgi,[]
v0_050_india___thailand_joint_call_for_proposals,Sachin Suresh Tiwari,[]
v0_050_india___thailand_joint_call_for_proposals,Jitin Singla,[]
v0_050_india___thailand_joint_call_for_proposals,Rajesh Kumar,[]
v0_050_india___thailand_joint_call_for_proposals,Akhil Upadhyay,[]
v0_051_dst_science_technology_and_innovation_policy_fellowships,Arindam Biswas,['decade']
v0_051_dst_science_technology_and_innovation_policy_fellowships,Avlokita Agrawal,['input']
v0_051_dst_science_technology_and_innovation_policy_fellowships,Gaurav Raheja,[]
v0_051_dst_science_technology_and_innovation_policy_fellowships,Harshit Sosan Lakra,[]
v0_051_dst_science_technology_and_innovation_policy_fellowships,Mahua Mukherjee,['decade']
v0_051_dst_science_technology_and_innovation_policy_fellowships,Prabhjot Singh Chani,[]
v0_051_dst_science_technology_and_innovation_policy_fellowships,E Rajasekar,['decade']
v0_051_dst_science_technology_and_innovation_policy_fellowships,Ram Sateesh Pasupuleti,[]
v0_051_dst_science_technology_and_innovation_policy_fellowships,Saptarshi Kolay,[]
v0_051_dst_science_technology_and_innovation_policy_fellowships,Shubhajit Sadhukhan,[]
v0_051_dst_science_technology_and_innovation_policy_fellowships,Smriti Saraswat,['decade']
v0_051_dst_science_technology_and_innovation_policy_fellowships,Sonal Atreya,['decade']
v0_051_dst_science_technology_and_innovation_policy_fellowships,Tina Pujara,[]
v0_051_dst_science_technology_and_innovation_policy_fellowships,Uttam Kumar Roy,[]
v0_051_dst_science_technology_and_innovation_policy_fellowships,V Devadas,['decade']
v0_051_dst_science_technology_and_innovation_policy_fellowships,Jaydev Dabas,[]
v0_051_dst_science_technology_and_innovation_policy_fellowships,Millie Pant,['input']
v0_051_dst_science_technology_and_innovation_policy_fellowships,Rajan Arora,[]
v0_051_dst_science_technology_and_innovation_policy_fellowships,Ashwani Kumar Sharma,[]
v0_051_dst_science_technology_and_innovation_policy_fellowships,Bijan Choudhury,[]
v0_051_dst_science_technology_and_innovation_policy_fellowships,Debabrata Sircar,['decade']
v0_051_dst_science_technology_and_innovation_policy_fellowships,Deepak Sharma,['decade']
v0_051_dst_science_technology_and_innovation_policy_fellowships,P Gopinath,[]
v0_051_dst_science_technology_and_innovation_policy_fellowships,Harsh Chauhan,['input']
v0_051_dst_science_technology_and_innovation_policy_fellowships,Srinivas Kiran Ambatipudi,[]
v0_051_dst_science_technology_and_innovation_policy_fellowships,Krishna Mohan Poluri,['decade']
v0_051_dst_science_technology_and_innovation_policy_fellowships,Maya S.Nair,[]
v0_051_dst_science_technology_and_innovation_policy_fellowships,N K Navani,[]
v0_051_dst_science_technology_and_innovation_policy_fellowships,Partha Roy,[]
v0_051_dst_science_technology_and_innovation_policy_fellowships,Poonam Choudhary,[]
v0_051_dst_science_technology_and_innovation_policy_fellowships,Prabhat Kumar Mandal,['decade']
v0_051_dst_science_technology_and_innovation_policy_fellowships,Pranita P Sarangi,[]
v0_051_dst_science_technology_and_innovation_policy_fellowships,Pravindra Kumar,[]
v0_051_dst_science_technology_and_innovation_policy_fellowships,Prince Tiwari,[]
v0_051_dst_science_technology_and_innovation_policy_fellowships,R. P. Singh,['input']
v0_051_dst_science_technology_and_innovation_policy_fellowships,Ramasare Prasad,['input']
v0_051_dst_science_technology_and_innovation_policy_fellowships,Ranjana Pathania,"['decade', 'input']"
v0_051_dst_science_technology_and_innovation_policy_fellowships,Sanjoy Ghosh,['input']
v0_051_dst_science_technology_and_innovation_policy_fellowships,Saugata Hazra,[]
v0_051_dst_science_technology_and_innovation_policy_fellowships,Shailly Tomar,[]
v0_051_dst_science_technology_and_innovation_policy_fellowships,Shri Ram Yadav,['input']
v0_051_dst_science_technology_and_innovation_policy_fellowships,Soma Rohatgi,['decade']
v0_051_dst_science_technology_and_innovation_policy_fellowships,Sachin Suresh Tiwari,"['decade', 'input']"
v0_051_dst_science_technology_and_innovation_policy_fellowships,Jitin Singla,[]
v0_051_dst_science_technology_and_innovation_policy_fellowships,Rajesh Kumar,"['decade', 'input']"
v0_051_dst_science_technology_and_innovation_policy_fellowships,Akhil Upadhyay,[]
v0_052_dst_daad_2018_call_for_personal_exchanges_between_india_and_germany,Arindam Biswas,[]
v0_052_dst_daad_2018_call_for_personal_exchanges_between_india_and_germany,Avlokita Agrawal,[]
v0_052_dst_daad_2018_call_for_personal_exchanges_between_india_and_germany,Gaurav Raheja,[]
v0_052_dst_daad_2018_call_for_personal_exchanges_between_india_and_germany,Harshit Sosan Lakra,['general']
v0_052_dst_daad_2018_call_for_personal_exchanges_between_india_and_germany,Mahua Mukherjee,['general']
v0_052_dst_daad_2018_call_for_personal_exchanges_between_india_and_germany,Prabhjot Singh Chani,['general']
v0_052_dst_daad_2018_call_for_personal_exchanges_between_india_and_germany,E Rajasekar,[]
v0_052_dst_daad_2018_call_for_personal_exchanges_between_india_and_germany,Ram Sateesh Pasupuleti,['general']
v0_052_dst_daad_2018_call_for_personal_exchanges_between_india_and_germany,Saptarshi Kolay,[]
v0_052_dst_daad_2018_call_for_personal_exchanges_between_india_and_germany,Shubhajit Sadhukhan,[]
v0_052_dst_daad_2018_call_for_personal_exchanges_between_india_and_germany,Smriti Saraswat,[]
v0_052_dst_daad_2018_call_for_personal_exchanges_between_india_and_germany,Sonal Atreya,[]
v0_052_dst_daad_2018_call_for_personal_exchanges_between_india_and_germany,Tina Pujara,['general']
v0_052_dst_daad_2018_call_for_personal_exchanges_between_india_and_germany,Uttam Kumar Roy,['general']
v0_052_dst_daad_2018_call_for_personal_exchanges_between_india_and_germany,V Devadas,[]
v0_052_dst_daad_2018_call_for_personal_exchanges_between_india_and_germany,Jaydev Dabas,[]
v0_052_dst_daad_2018_call_for_personal_exchanges_between_india_and_germany,Millie Pant,[]
v0_052_dst_daad_2018_call_for_personal_exchanges_between_india_and_germany,Rajan Arora,[]
v0_052_dst_daad_2018_call_for_personal_exchanges_between_india_and_germany,Ashwani Kumar Sharma,['general']
v0_052_dst_daad_2018_call_for_personal_exchanges_between_india_and_germany,Bijan Choudhury,[]
v0_052_dst_daad_2018_call_for_personal_exchanges_between_india_and_germany,Debabrata Sircar,['general']
v0_052_dst_daad_2018_call_for_personal_exchanges_between_india_and_germany,Deepak Sharma,['general']
v0_052_dst_daad_2018_call_for_personal_exchanges_between_india_and_germany,P Gopinath,[]
v0_052_dst_daad_2018_call_for_personal_exchanges_between_india_and_germany,Harsh Chauhan,[]
v0_052_dst_daad_2018_call_for_personal_exchanges_between_india_and_germany,Srinivas Kiran Ambatipudi,[]
v0_052_dst_daad_2018_call_for_personal_exchanges_between_india_and_germany,Krishna Mohan Poluri,['general']
v0_052_dst_daad_2018_call_for_personal_exchanges_between_india_and_germany,Maya S.Nair,['general']
v0_052_dst_daad_2018_call_for_personal_exchanges_between_india_and_germany,N K Navani,['general']
v0_052_dst_daad_2018_call_for_personal_exchanges_between_india_and_germany,Partha Roy,[]
v0_052_dst_daad_2018_call_for_personal_exchanges_between_india_and_germany,Poonam Choudhary,[]
v0_052_dst_daad_2018_call_for_personal_exchanges_between_india_and_germany,Prabhat Kumar Mandal,[]
v0_052_dst_daad_2018_call_for_personal_exchanges_between_india_and_germany,Pranita P Sarangi,[]
v0_052_dst_daad_2018_call_for_personal_exchanges_between_india_and_germany,Pravindra Kumar,[]
v0_052_dst_daad_2018_call_for_personal_exchanges_between_india_and_germany,Prince Tiwari,[]
v0_052_dst_daad_2018_call_for_personal_exchanges_between_india_and_germany,R. P. Singh,[]
v0_052_dst_daad_2018_call_for_personal_exchanges_between_india_and_germany,Ramasare Prasad,[]
v0_052_dst_daad_2018_call_for_personal_exchanges_between_india_and_germany,Ranjana Pathania,['general']
v0_052_dst_daad_2018_call_for_personal_exchanges_between_india_and_germany,Sanjoy Ghosh,['general']
v0_052_dst_daad_2018_call_for_personal_exchanges_between_india_and_germany,Saugata Hazra,['general']
v0_052_dst_daad_2018_call_for_personal_exchanges_between_india_and_germany,Shailly Tomar,[]
v0_052_dst_daad_2018_call_for_personal_exchanges_between_india_and_germany,Shri Ram Yadav,[]
v0_052_dst_daad_2018_call_for_personal_exchanges_between_india_and_germany,Soma Rohatgi,['general']
v0_052_dst_daad_2018_call_for_personal_exchanges_between_india_and_germany,Sachin Suresh Tiwari,['general']
v0_052_dst_daad_2018_call_for_personal_exchanges_between_india_and_germany,Jitin Singla,[]
v0_052_dst_daad_2018_call_for_personal_exchanges_between_india_and_germany,Rajesh Kumar,[]
v0_052_dst_daad_2018_call_for_personal_exchanges_between_india_and_germany,Akhil Upadhyay,['general']
v0_053_joint_call_for_project_proposals_2018___indo_danish_research_and_innovation_cooperation_in_the_areas_of_renewable_energy,Arindam Biswas,[]
v0_053_joint_call_for_project_proposals_2018___indo_danish_research_and_innovation_cooperation_in_the_areas_of_renewable_energy,Avlokita Agrawal,[]
v0_053_joint_call_for_project_proposals_2018___indo_danish_research_and_innovation_cooperation_in_the_areas_of_renewable_energy,Gaurav Raheja,[]
v0_053_joint_call_for_project_proposals_2018___indo_danish_research_and_innovation_cooperation_in_the_areas_of_renewable_energy,Harshit Sosan Lakra,[]
v0_053_joint_call_for_project_proposals_2018___indo_danish_research_and_innovation_cooperation_in_the_areas_of_renewable_energy,Mahua Mukherjee,[]
v0_053_joint_call_for_project_proposals_2018___indo_danish_research_and_innovation_cooperation_in_the_areas_of_renewable_energy,Prabhjot Singh Chani,['efficiency']
v0_053_joint_call_for_project_proposals_2018___indo_danish_research_and_innovation_cooperation_in_the_areas_of_renewable_energy,E Rajasekar,[]
v0_053_joint_call_for_project_proposals_2018___indo_danish_research_and_innovation_cooperation_in_the_areas_of_renewable_energy,Ram Sateesh Pasupuleti,[]
v0_053_joint_call_for_project_proposals_2018___indo_danish_research_and_innovation_cooperation_in_the_areas_of_renewable_energy,Saptarshi Kolay,[]
v0_053_joint_call_for_project_proposals_2018___indo_danish_research_and_innovation_cooperation_in_the_areas_of_renewable_energy,Shubhajit Sadhukhan,[]
v0_053_joint_call_for_project_proposals_2018___indo_danish_research_and_innovation_cooperation_in_the_areas_of_renewable_energy,Smriti Saraswat,[]
v0_053_joint_call_for_project_proposals_2018___indo_danish_research_and_innovation_cooperation_in_the_areas_of_renewable_energy,Sonal Atreya,[]
v0_053_joint_call_for_project_proposals_2018___indo_danish_research_and_innovation_cooperation_in_the_areas_of_renewable_energy,Tina Pujara,[]
v0_053_joint_call_for_project_proposals_2018___indo_danish_research_and_innovation_cooperation_in_the_areas_of_renewable_energy,Uttam Kumar Roy,[]
v0_053_joint_call_for_project_proposals_2018___indo_danish_research_and_innovation_cooperation_in_the_areas_of_renewable_energy,V Devadas,[]
v0_053_joint_call_for_project_proposals_2018___indo_danish_research_and_innovation_cooperation_in_the_areas_of_renewable_energy,Jaydev Dabas,['efficiency']
v0_053_joint_call_for_project_proposals_2018___indo_danish_research_and_innovation_cooperation_in_the_areas_of_renewable_energy,Millie Pant,['efficiency']
v0_053_joint_call_for_project_proposals_2018___indo_danish_research_and_innovation_cooperation_in_the_areas_of_renewable_energy,Rajan Arora,[]
v0_053_joint_call_for_project_proposals_2018___indo_danish_research_and_innovation_cooperation_in_the_areas_of_renewable_energy,Ashwani Kumar Sharma,[]
v0_053_joint_call_for_project_proposals_2018___indo_danish_research_and_innovation_cooperation_in_the_areas_of_renewable_energy,Bijan Choudhury,[]
v0_053_joint_call_for_project_proposals_2018___indo_danish_research_and_innovation_cooperation_in_the_areas_of_renewable_energy,Debabrata Sircar,[]
v0_053_joint_call_for_project_proposals_2018___indo_danish_research_and_innovation_cooperation_in_the_areas_of_renewable_energy,Deepak Sharma,[]
v0_053_joint_call_for_project_proposals_2018___indo_danish_research_and_innovation_cooperation_in_the_areas_of_renewable_energy,P Gopinath,[]
v0_053_joint_call_for_project_proposals_2018___indo_danish_research_and_innovation_cooperation_in_the_areas_of_renewable_energy,Harsh Chauhan,[]
v0_053_joint_call_for_project_proposals_2018___indo_danish_research_and_innovation_cooperation_in_the_areas_of_renewable_energy,Srinivas Kiran Ambatipudi,[]
v0_053_joint_call_for_project_proposals_2018___indo_danish_research_and_innovation_cooperation_in_the_areas_of_renewable_energy,Krishna Mohan Poluri,[]
v0_053_joint_call_for_project_proposals_2018___indo_danish_research_and_innovation_cooperation_in_the_areas_of_renewable_energy,Maya S.Nair,[]
v0_053_joint_call_for_project_proposals_2018___indo_danish_research_and_innovation_cooperation_in_the_areas_of_renewable_energy,N K Navani,[]
v0_053_joint_call_for_project_proposals_2018___indo_danish_research_and_innovation_cooperation_in_the_areas_of_renewable_energy,Partha Roy,[]
v0_053_joint_call_for_project_proposals_2018___indo_danish_research_and_innovation_cooperation_in_the_areas_of_renewable_energy,Poonam Choudhary,[]
v0_053_joint_call_for_project_proposals_2018___indo_danish_research_and_innovation_cooperation_in_the_areas_of_renewable_energy,Prabhat Kumar Mandal,[]
v0_053_joint_call_for_project_proposals_2018___indo_danish_research_and_innovation_cooperation_in_the_areas_of_renewable_energy,Pranita P Sarangi,[]
v0_053_joint_call_for_project_proposals_2018___indo_danish_research_and_innovation_cooperation_in_the_areas_of_renewable_energy,Pravindra Kumar,[]
v0_053_joint_call_for_project_proposals_2018___indo_danish_research_and_innovation_cooperation_in_the_areas_of_renewable_energy,Prince Tiwari,['efficiency']
v0_053_joint_call_for_project_proposals_2018___indo_danish_research_and_innovation_cooperation_in_the_areas_of_renewable_energy,R. P. Singh,[]
v0_053_joint_call_for_project_proposals_2018___indo_danish_research_and_innovation_cooperation_in_the_areas_of_renewable_energy,Ramasare Prasad,[]
v0_053_joint_call_for_project_proposals_2018___indo_danish_research_and_innovation_cooperation_in_the_areas_of_renewable_energy,Ranjana Pathania,['efficiency']
v0_053_joint_call_for_project_proposals_2018___indo_danish_research_and_innovation_cooperation_in_the_areas_of_renewable_energy,Sanjoy Ghosh,[]
v0_053_joint_call_for_project_proposals_2018___indo_danish_research_and_innovation_cooperation_in_the_areas_of_renewable_energy,Saugata Hazra,[]
v0_053_joint_call_for_project_proposals_2018___indo_danish_research_and_innovation_cooperation_in_the_areas_of_renewable_energy,Shailly Tomar,[]
v0_053_joint_call_for_project_proposals_2018___indo_danish_research_and_innovation_cooperation_in_the_areas_of_renewable_energy,Shri Ram Yadav,[]
v0_053_joint_call_for_project_proposals_2018___indo_danish_research_and_innovation_cooperation_in_the_areas_of_renewable_energy,Soma Rohatgi,['efficiency']
v0_053_joint_call_for_project_proposals_2018___indo_danish_research_and_innovation_cooperation_in_the_areas_of_renewable_energy,Sachin Suresh Tiwari,['efficiency']
v0_053_joint_call_for_project_proposals_2018___indo_danish_research_and_innovation_cooperation_in_the_areas_of_renewable_energy,Jitin Singla,[]
v0_053_joint_call_for_project_proposals_2018___indo_danish_research_and_innovation_cooperation_in_the_areas_of_renewable_energy,Rajesh Kumar,['efficiency']
v0_053_joint_call_for_project_proposals_2018___indo_danish_research_and_innovation_cooperation_in_the_areas_of_renewable_energy,Akhil Upadhyay,['efficiency']
v0_054_funding_opportunity_announcement_foa_in_converting_sunlight_to_storable_fuels_energyrich_chemicals_and_biochemicals_ic5,Arindam Biswas,"['algae', 'design', 'engineering']"
v0_054_funding_opportunity_announcement_foa_in_converting_sunlight_to_storable_fuels_energyrich_chemicals_and_biochemicals_ic5,Avlokita Agrawal,"['engineering', 'material']"
v0_054_funding_opportunity_announcement_foa_in_converting_sunlight_to_storable_fuels_energyrich_chemicals_and_biochemicals_ic5,Gaurav Raheja,"['algae', 'design', 'engineering', 'material']"
v0_054_funding_opportunity_announcement_foa_in_converting_sunlight_to_storable_fuels_energyrich_chemicals_and_biochemicals_ic5,Harshit Sosan Lakra,['material']
v0_054_funding_opportunity_announcement_foa_in_converting_sunlight_to_storable_fuels_energyrich_chemicals_and_biochemicals_ic5,Mahua Mukherjee,"['design', 'material']"
v0_054_funding_opportunity_announcement_foa_in_converting_sunlight_to_storable_fuels_energyrich_chemicals_and_biochemicals_ic5,Prabhjot Singh Chani,[]
v0_054_funding_opportunity_announcement_foa_in_converting_sunlight_to_storable_fuels_energyrich_chemicals_and_biochemicals_ic5,E Rajasekar,"['design', 'material']"
v0_054_funding_opportunity_announcement_foa_in_converting_sunlight_to_storable_fuels_energyrich_chemicals_and_biochemicals_ic5,Ram Sateesh Pasupuleti,['material']
v0_054_funding_opportunity_announcement_foa_in_converting_sunlight_to_storable_fuels_energyrich_chemicals_and_biochemicals_ic5,Saptarshi Kolay,"['design', 'engineering']"
v0_054_funding_opportunity_announcement_foa_in_converting_sunlight_to_storable_fuels_energyrich_chemicals_and_biochemicals_ic5,Shubhajit Sadhukhan,['material']
v0_054_funding_opportunity_announcement_foa_in_converting_sunlight_to_storable_fuels_energyrich_chemicals_and_biochemicals_ic5,Smriti Saraswat,"['algae', 'biomass', 'material']"
v0_054_funding_opportunity_announcement_foa_in_converting_sunlight_to_storable_fuels_energyrich_chemicals_and_biochemicals_ic5,Sonal Atreya,"['engineering', 'material']"
v0_054_funding_opportunity_announcement_foa_in_converting_sunlight_to_storable_fuels_energyrich_chemicals_and_biochemicals_ic5,Tina Pujara,['material']
v0_054_funding_opportunity_announcement_foa_in_converting_sunlight_to_storable_fuels_energyrich_chemicals_and_biochemicals_ic5,Uttam Kumar Roy,"['design', 'material']"
v0_054_funding_opportunity_announcement_foa_in_converting_sunlight_to_storable_fuels_energyrich_chemicals_and_biochemicals_ic5,V Devadas,"['algae', 'design']"
v0_054_funding_opportunity_announcement_foa_in_converting_sunlight_to_storable_fuels_energyrich_chemicals_and_biochemicals_ic5,Jaydev Dabas,"['biomass', 'design']"
v0_054_funding_opportunity_announcement_foa_in_converting_sunlight_to_storable_fuels_energyrich_chemicals_and_biochemicals_ic5,Millie Pant,"['algae', 'material']"
v0_054_funding_opportunity_announcement_foa_in_converting_sunlight_to_storable_fuels_energyrich_chemicals_and_biochemicals_ic5,Rajan Arora,[]
v0_054_funding_opportunity_announcement_foa_in_converting_sunlight_to_storable_fuels_energyrich_chemicals_and_biochemicals_ic5,Ashwani Kumar Sharma,"['design', 'material']"
v0_054_funding_opportunity_announcement_foa_in_converting_sunlight_to_storable_fuels_energyrich_chemicals_and_biochemicals_ic5,Bijan Choudhury,['engineering']
v0_054_funding_opportunity_announcement_foa_in_converting_sunlight_to_storable_fuels_energyrich_chemicals_and_biochemicals_ic5,Debabrata Sircar,['material']
v0_054_funding_opportunity_announcement_foa_in_converting_sunlight_to_storable_fuels_energyrich_chemicals_and_biochemicals_ic5,Deepak Sharma,['material']
v0_054_funding_opportunity_announcement_foa_in_converting_sunlight_to_storable_fuels_energyrich_chemicals_and_biochemicals_ic5,P Gopinath,"['biomass', 'material']"
v0_054_funding_opportunity_announcement_foa_in_converting_sunlight_to_storable_fuels_energyrich_chemicals_and_biochemicals_ic5,Harsh Chauhan,[]
v0_054_funding_opportunity_announcement_foa_in_converting_sunlight_to_storable_fuels_energyrich_chemicals_and_biochemicals_ic5,Srinivas Kiran Ambatipudi,[]
v0_054_funding_opportunity_announcement_foa_in_converting_sunlight_to_storable_fuels_energyrich_chemicals_and_biochemicals_ic5,Krishna Mohan Poluri,"['design', 'material']"
v0_054_funding_opportunity_announcement_foa_in_converting_sunlight_to_storable_fuels_energyrich_chemicals_and_biochemicals_ic5,Maya S.Nair,"['algae', 'biomass', 'material']"
v0_054_funding_opportunity_announcement_foa_in_converting_sunlight_to_storable_fuels_energyrich_chemicals_and_biochemicals_ic5,N K Navani,"['algae', 'biomass', 'material']"
v0_054_funding_opportunity_announcement_foa_in_converting_sunlight_to_storable_fuels_energyrich_chemicals_and_biochemicals_ic5,Partha Roy,"['design', 'material']"
v0_054_funding_opportunity_announcement_foa_in_converting_sunlight_to_storable_fuels_energyrich_chemicals_and_biochemicals_ic5,Poonam Choudhary,"['algae', 'biomass', 'design', 'engineering']"
v0_054_funding_opportunity_announcement_foa_in_converting_sunlight_to_storable_fuels_energyrich_chemicals_and_biochemicals_ic5,Prabhat Kumar Mandal,"['biomass', 'engineering', 'material']"
v0_054_funding_opportunity_announcement_foa_in_converting_sunlight_to_storable_fuels_energyrich_chemicals_and_biochemicals_ic5,Pranita P Sarangi,['algae']
v0_054_funding_opportunity_announcement_foa_in_converting_sunlight_to_storable_fuels_energyrich_chemicals_and_biochemicals_ic5,Pravindra Kumar,['algae']
v0_054_funding_opportunity_announcement_foa_in_converting_sunlight_to_storable_fuels_energyrich_chemicals_and_biochemicals_ic5,Prince Tiwari,"['algae', 'design', 'engineering', 'material']"
v0_054_funding_opportunity_announcement_foa_in_converting_sunlight_to_storable_fuels_energyrich_chemicals_and_biochemicals_ic5,R. P. Singh,"['design', 'engineering', 'material']"
v0_054_funding_opportunity_announcement_foa_in_converting_sunlight_to_storable_fuels_energyrich_chemicals_and_biochemicals_ic5,Ramasare Prasad,"['biomass', 'engineering', 'material']"
v0_054_funding_opportunity_announcement_foa_in_converting_sunlight_to_storable_fuels_energyrich_chemicals_and_biochemicals_ic5,Ranjana Pathania,"['algae', 'design', 'material']"
v0_054_funding_opportunity_announcement_foa_in_converting_sunlight_to_storable_fuels_energyrich_chemicals_and_biochemicals_ic5,Sanjoy Ghosh,"['algae', 'biomass', 'engineering', 'material']"
v0_054_funding_opportunity_announcement_foa_in_converting_sunlight_to_storable_fuels_energyrich_chemicals_and_biochemicals_ic5,Saugata Hazra,"['biomass', 'design', 'engineering', 'material']"
v0_054_funding_opportunity_announcement_foa_in_converting_sunlight_to_storable_fuels_energyrich_chemicals_and_biochemicals_ic5,Shailly Tomar,"['algae', 'material']"
v0_054_funding_opportunity_announcement_foa_in_converting_sunlight_to_storable_fuels_energyrich_chemicals_and_biochemicals_ic5,Shri Ram Yadav,"['algae', 'biomass', 'engineering']"
v0_054_funding_opportunity_announcement_foa_in_converting_sunlight_to_storable_fuels_energyrich_chemicals_and_biochemicals_ic5,Soma Rohatgi,"['algae', 'design', 'engineering', 'material']"
v0_054_funding_opportunity_announcement_foa_in_converting_sunlight_to_storable_fuels_energyrich_chemicals_and_biochemicals_ic5,Sachin Suresh Tiwari,"['algae', 'engineering']"
v0_054_funding_opportunity_announcement_foa_in_converting_sunlight_to_storable_fuels_energyrich_chemicals_and_biochemicals_ic5,Jitin Singla,"['algae', 'material']"
v0_054_funding_opportunity_announcement_foa_in_converting_sunlight_to_storable_fuels_energyrich_chemicals_and_biochemicals_ic5,Rajesh Kumar,"['algae', 'design', 'material']"
v0_054_funding_opportunity_announcement_foa_in_converting_sunlight_to_storable_fuels_energyrich_chemicals_and_biochemicals_ic5,Akhil Upadhyay,"['design', 'engineering']"
v0_055_india_belarus_joint_call_for_proposals,Arindam Biswas,[]
v0_055_india_belarus_joint_call_for_proposals,Avlokita Agrawal,['material']
v0_055_india_belarus_joint_call_for_proposals,Gaurav Raheja,"['environment', 'material']"
v0_055_india_belarus_joint_call_for_proposals,Harshit Sosan Lakra,['material']
v0_055_india_belarus_joint_call_for_proposals,Mahua Mukherjee,"['environment', 'material']"
v0_055_india_belarus_joint_call_for_proposals,Prabhjot Singh Chani,['environment']
v0_055_india_belarus_joint_call_for_proposals,E Rajasekar,['material']
v0_055_india_belarus_joint_call_for_proposals,Ram Sateesh Pasupuleti,['material']
v0_055_india_belarus_joint_call_for_proposals,Saptarshi Kolay,[]
v0_055_india_belarus_joint_call_for_proposals,Shubhajit Sadhukhan,"['environment', 'material']"
v0_055_india_belarus_joint_call_for_proposals,Smriti Saraswat,['material']
v0_055_india_belarus_joint_call_for_proposals,Sonal Atreya,['material']
v0_055_india_belarus_joint_call_for_proposals,Tina Pujara,['material']
v0_055_india_belarus_joint_call_for_proposals,Uttam Kumar Roy,"['environment', 'material']"
v0_055_india_belarus_joint_call_for_proposals,V Devadas,[]
v0_055_india_belarus_joint_call_for_proposals,Jaydev Dabas,[]
v0_055_india_belarus_joint_call_for_proposals,Millie Pant,['material']
v0_055_india_belarus_joint_call_for_proposals,Rajan Arora,['environment']
v0_055_india_belarus_joint_call_for_proposals,Ashwani Kumar Sharma,['material']
v0_055_india_belarus_joint_call_for_proposals,Bijan Choudhury,['environment']
v0_055_india_belarus_joint_call_for_proposals,Debabrata Sircar,['material']
v0_055_india_belarus_joint_call_for_proposals,Deepak Sharma,['material']
v0_055_india_belarus_joint_call_for_proposals,P Gopinath,"['environment', 'material']"
v0_055_india_belarus_joint_call_for_proposals,Harsh Chauhan,['environment']
v0_055_india_belarus_joint_call_for_proposals,Srinivas Kiran Ambatipudi,[]
v0_055_india_belarus_joint_call_for_proposals,Krishna Mohan Poluri,"['environment', 'material']"
v0_055_india_belarus_joint_call_for_proposals,Maya S.Nair,['material']
v0_055_india_belarus_joint_call_for_proposals,N K Navani,['material']
v0_055_india_belarus_joint_call_for_proposals,Partha Roy,"['environment', 'material']"
v0_055_india_belarus_joint_call_for_proposals,Poonam Choudhary,[]
v0_055_india_belarus_joint_call_for_proposals,Prabhat Kumar Mandal,"['environment', 'material']"
v0_055_india_belarus_joint_call_for_proposals,Pranita P Sarangi,[]
v0_055_india_belarus_joint_call_for_proposals,Pravindra Kumar,[]
v0_055_india_belarus_joint_call_for_proposals,Prince Tiwari,['material']
v0_055_india_belarus_joint_call_for_proposals,R. P. Singh,['material']
v0_055_india_belarus_joint_call_for_proposals,Ramasare Prasad,"['environment', 'material']"
v0_055_india_belarus_joint_call_for_proposals,Ranjana Pathania,['material']
v0_055_india_belarus_joint_call_for_proposals,Sanjoy Ghosh,"['environment', 'material']"
v0_055_india_belarus_joint_call_for_proposals,Saugata Hazra,"['environment', 'material']"
v0_055_india_belarus_joint_call_for_proposals,Shailly Tomar,['material']
v0_055_india_belarus_joint_call_for_proposals,Shri Ram Yadav,[]
v0_055_india_belarus_joint_call_for_proposals,Soma Rohatgi,['material']
v0_055_india_belarus_joint_call_for_proposals,Sachin Suresh Tiwari,[]
v0_055_india_belarus_joint_call_for_proposals,Jitin Singla,['material']
v0_055_india_belarus_joint_call_for_proposals,Rajesh Kumar,"['environment', 'material']"
v0_055_india_belarus_joint_call_for_proposals,Akhil Upadhyay,[]
v0_056_call_for_enrollment_of_desalination_solution_providers,Arindam Biswas,[]
v0_056_call_for_enrollment_of_desalination_solution_providers,Avlokita Agrawal,[]
v0_056_call_for_enrollment_of_desalination_solution_providers,Gaurav Raheja,['use']
v0_056_call_for_enrollment_of_desalination_solution_providers,Harshit Sosan Lakra,[]
v0_056_call_for_enrollment_of_desalination_solution_providers,Mahua Mukherjee,[]
v0_056_call_for_enrollment_of_desalination_solution_providers,Prabhjot Singh Chani,[]
v0_056_call_for_enrollment_of_desalination_solution_providers,E Rajasekar,[]
v0_056_call_for_enrollment_of_desalination_solution_providers,Ram Sateesh Pasupuleti,[]
v0_056_call_for_enrollment_of_desalination_solution_providers,Saptarshi Kolay,['use']
v0_056_call_for_enrollment_of_desalination_solution_providers,Shubhajit Sadhukhan,['use']
v0_056_call_for_enrollment_of_desalination_solution_providers,Smriti Saraswat,[]
v0_056_call_for_enrollment_of_desalination_solution_providers,Sonal Atreya,['use']
v0_056_call_for_enrollment_of_desalination_solution_providers,Tina Pujara,['use']
v0_056_call_for_enrollment_of_desalination_solution_providers,Uttam Kumar Roy,['use']
v0_056_call_for_enrollment_of_desalination_solution_providers,V Devadas,['use']
v0_056_call_for_enrollment_of_desalination_solution_providers,Jaydev Dabas,[]
v0_056_call_for_enrollment_of_desalination_solution_providers,Millie Pant,[]
v0_056_call_for_enrollment_of_desalination_solution_providers,Rajan Arora,[]
v0_056_call_for_enrollment_of_desalination_solution_providers,Ashwani Kumar Sharma,[]
v0_056_call_for_enrollment_of_desalination_solution_providers,Bijan Choudhury,[]
v0_056_call_for_enrollment_of_desalination_solution_providers,Debabrata Sircar,[]
v0_056_call_for_enrollment_of_desalination_solution_providers,Deepak Sharma,[]
v0_056_call_for_enrollment_of_desalination_solution_providers,P Gopinath,[]
v0_056_call_for_enrollment_of_desalination_solution_providers,Harsh Chauhan,[]
v0_056_call_for_enrollment_of_desalination_solution_providers,Srinivas Kiran Ambatipudi,[]
v0_056_call_for_enrollment_of_desalination_solution_providers,Krishna Mohan Poluri,[]
v0_056_call_for_enrollment_of_desalination_solution_providers,Maya S.Nair,[]
v0_056_call_for_enrollment_of_desalination_solution_providers,N K Navani,[]
v0_056_call_for_enrollment_of_desalination_solution_providers,Partha Roy,[]
v0_056_call_for_enrollment_of_desalination_solution_providers,Poonam Choudhary,['use']
v0_056_call_for_enrollment_of_desalination_solution_providers,Prabhat Kumar Mandal,[]
v0_056_call_for_enrollment_of_desalination_solution_providers,Pranita P Sarangi,[]
v0_056_call_for_enrollment_of_desalination_solution_providers,Pravindra Kumar,['use']
v0_056_call_for_enrollment_of_desalination_solution_providers,Prince Tiwari,['use']
v0_056_call_for_enrollment_of_desalination_solution_providers,R. P. Singh,['use']
v0_056_call_for_enrollment_of_desalination_solution_providers,Ramasare Prasad,[]
v0_056_call_for_enrollment_of_desalination_solution_providers,Ranjana Pathania,[]
v0_056_call_for_enrollment_of_desalination_solution_providers,Sanjoy Ghosh,[]
v0_056_call_for_enrollment_of_desalination_solution_providers,Saugata Hazra,[]
v0_056_call_for_enrollment_of_desalination_solution_providers,Shailly Tomar,[]
v0_056_call_for_enrollment_of_desalination_solution_providers,Shri Ram Yadav,[]
v0_056_call_for_enrollment_of_desalination_solution_providers,Soma Rohatgi,[]
v0_056_call_for_enrollment_of_desalination_solution_providers,Sachin Suresh Tiwari,['use']
v0_056_call_for_enrollment_of_desalination_solution_providers,Jitin Singla,[]
v0_056_call_for_enrollment_of_desalination_solution_providers,Rajesh Kumar,[]
v0_056_call_for_enrollment_of_desalination_solution_providers,Akhil Upadhyay,['use']
v0_057_india_japan_cooperative_science_programme_ijcsp,Arindam Biswas,"['engineering', 'machine learning', 'synthesis']"
v0_057_india_japan_cooperative_science_programme_ijcsp,Avlokita Agrawal,"['engineering', 'fundamental', 'global warming', 'machine learning', 'material', 'polymer', 'synthesis']"
v0_057_india_japan_cooperative_science_programme_ijcsp,Gaurav Raheja,"['engineering', 'fundamental', 'material']"
v0_057_india_japan_cooperative_science_programme_ijcsp,Harshit Sosan Lakra,['material']
v0_057_india_japan_cooperative_science_programme_ijcsp,Mahua Mukherjee,"['fundamental', 'global warming', 'machine learning', 'material']"
v0_057_india_japan_cooperative_science_programme_ijcsp,Prabhjot Singh Chani,['machine learning']
v0_057_india_japan_cooperative_science_programme_ijcsp,E Rajasekar,['material']
v0_057_india_japan_cooperative_science_programme_ijcsp,Ram Sateesh Pasupuleti,"['fundamental', 'material', 'synthesis']"
v0_057_india_japan_cooperative_science_programme_ijcsp,Saptarshi Kolay,"['engineering', 'machine learning', 'polymer']"
v0_057_india_japan_cooperative_science_programme_ijcsp,Shubhajit Sadhukhan,"['fundamental', 'material']"
v0_057_india_japan_cooperative_science_programme_ijcsp,Smriti Saraswat,"['fundamental', 'material']"
v0_057_india_japan_cooperative_science_programme_ijcsp,Sonal Atreya,"['engineering', 'machine learning', 'material', 'synthesis']"
v0_057_india_japan_cooperative_science_programme_ijcsp,Tina Pujara,['material']
v0_057_india_japan_cooperative_science_programme_ijcsp,Uttam Kumar Roy,"['fundamental', 'material', 'polymer']"
v0_057_india_japan_cooperative_science_programme_ijcsp,V Devadas,['machine learning']
v0_057_india_japan_cooperative_science_programme_ijcsp,Jaydev Dabas,"['fundamental', 'polymer']"
v0_057_india_japan_cooperative_science_programme_ijcsp,Millie Pant,"['global warming', 'material']"
v0_057_india_japan_cooperative_science_programme_ijcsp,Rajan Arora,[]
v0_057_india_japan_cooperative_science_programme_ijcsp,Ashwani Kumar Sharma,['material']
v0_057_india_japan_cooperative_science_programme_ijcsp,Bijan Choudhury,"['engineering', 'synthesis']"
v0_057_india_japan_cooperative_science_programme_ijcsp,Debabrata Sircar,"['machine learning', 'material']"
v0_057_india_japan_cooperative_science_programme_ijcsp,Deepak Sharma,"['machine learning', 'material']"
v0_057_india_japan_cooperative_science_programme_ijcsp,P Gopinath,['material']
v0_057_india_japan_cooperative_science_programme_ijcsp,Harsh Chauhan,"['machine learning', 'polymer', 'synthesis']"
v0_057_india_japan_cooperative_science_programme_ijcsp,Srinivas Kiran Ambatipudi,[]
v0_057_india_japan_cooperative_science_programme_ijcsp,Krishna Mohan Poluri,['material']
v0_057_india_japan_cooperative_science_programme_ijcsp,Maya S.Nair,['material']
v0_057_india_japan_cooperative_science_programme_ijcsp,N K Navani,"['material', 'synthesis']"
v0_057_india_japan_cooperative_science_programme_ijcsp,Partha Roy,['material']
v0_057_india_japan_cooperative_science_programme_ijcsp,Poonam Choudhary,"['engineering', 'machine learning']"
v0_057_india_japan_cooperative_science_programme_ijcsp,Prabhat Kumar Mandal,"['engineering', 'fundamental', 'global warming', 'material']"
v0_057_india_japan_cooperative_science_programme_ijcsp,Pranita P Sarangi,[]
v0_057_india_japan_cooperative_science_programme_ijcsp,Pravindra Kumar,['global warming']
v0_057_india_japan_cooperative_science_programme_ijcsp,Prince Tiwari,"['engineering', 'global warming', 'machine learning', 'material', 'polymer']"
v0_057_india_japan_cooperative_science_programme_ijcsp,R. P. Singh,"['engineering', 'machine learning', 'material']"
v0_057_india_japan_cooperative_science_programme_ijcsp,Ramasare Prasad,"['engineering', 'material']"
v0_057_india_japan_cooperative_science_programme_ijcsp,Ranjana Pathania,"['global warming', 'machine learning', 'material']"
v0_057_india_japan_cooperative_science_programme_ijcsp,Sanjoy Ghosh,"['engineering', 'fundamental', 'machine learning', 'material']"
v0_057_india_japan_cooperative_science_programme_ijcsp,Saugata Hazra,"['engineering', 'fundamental', 'global warming', 'material']"
v0_057_india_japan_cooperative_science_programme_ijcsp,Shailly Tomar,['material']
v0_057_india_japan_cooperative_science_programme_ijcsp,Shri Ram Yadav,"['engineering', 'machine learning', 'synthesis']"
v0_057_india_japan_cooperative_science_programme_ijcsp,Soma Rohatgi,"['engineering', 'global warming', 'material']"
v0_057_india_japan_cooperative_science_programme_ijcsp,Sachin Suresh Tiwari,"['engineering', 'machine learning', 'polymer']"
v0_057_india_japan_cooperative_science_programme_ijcsp,Jitin Singla,"['machine learning', 'material']"
v0_057_india_japan_cooperative_science_programme_ijcsp,Rajesh Kumar,"['machine learning', 'material', 'synthesis']"
v0_057_india_japan_cooperative_science_programme_ijcsp,Akhil Upadhyay,"['engineering', 'fundamental', 'machine learning']"
v0_058_dst_nwo_joint_call_on_urban_water_systems,Arindam Biswas,"['city', 'design', 'expression', 'urban']"
v0_058_dst_nwo_joint_call_on_urban_water_systems,Avlokita Agrawal,[]
v0_058_dst_nwo_joint_call_on_urban_water_systems,Gaurav Raheja,"['city', 'design']"
v0_058_dst_nwo_joint_call_on_urban_water_systems,Harshit Sosan Lakra,[]
v0_058_dst_nwo_joint_call_on_urban_water_systems,Mahua Mukherjee,"['city', 'design', 'urban']"
v0_058_dst_nwo_joint_call_on_urban_water_systems,Prabhjot Singh Chani,['city']
v0_058_dst_nwo_joint_call_on_urban_water_systems,E Rajasekar,['design']
v0_058_dst_nwo_joint_call_on_urban_water_systems,Ram Sateesh Pasupuleti,[]
v0_058_dst_nwo_joint_call_on_urban_water_systems,Saptarshi Kolay,"['design', 'expression', 'urban']"
v0_058_dst_nwo_joint_call_on_urban_water_systems,Shubhajit Sadhukhan,['expression']
v0_058_dst_nwo_joint_call_on_urban_water_systems,Smriti Saraswat,"['expression', 'urban']"
v0_058_dst_nwo_joint_call_on_urban_water_systems,Sonal Atreya,[]
v0_058_dst_nwo_joint_call_on_urban_water_systems,Tina Pujara,[]
v0_058_dst_nwo_joint_call_on_urban_water_systems,Uttam Kumar Roy,"['design', 'urban']"
v0_058_dst_nwo_joint_call_on_urban_water_systems,V Devadas,"['design', 'expression', 'urban']"
v0_058_dst_nwo_joint_call_on_urban_water_systems,Jaydev Dabas,['design']
v0_058_dst_nwo_joint_call_on_urban_water_systems,Millie Pant,"['expression', 'urban']"
v0_058_dst_nwo_joint_call_on_urban_water_systems,Rajan Arora,['expression']
v0_058_dst_nwo_joint_call_on_urban_water_systems,Ashwani Kumar Sharma,['design']
v0_058_dst_nwo_joint_call_on_urban_water_systems,Bijan Choudhury,"['city', 'expression']"
v0_058_dst_nwo_joint_call_on_urban_water_systems,Debabrata Sircar,"['expression', 'urban']"
v0_058_dst_nwo_joint_call_on_urban_water_systems,Deepak Sharma,[]
v0_058_dst_nwo_joint_call_on_urban_water_systems,P Gopinath,[]
v0_058_dst_nwo_joint_call_on_urban_water_systems,Harsh Chauhan,[]
v0_058_dst_nwo_joint_call_on_urban_water_systems,Srinivas Kiran Ambatipudi,[]
v0_058_dst_nwo_joint_call_on_urban_water_systems,Krishna Mohan Poluri,"['design', 'expression']"
v0_058_dst_nwo_joint_call_on_urban_water_systems,Maya S.Nair,['expression']
v0_058_dst_nwo_joint_call_on_urban_water_systems,N K Navani,[]
v0_058_dst_nwo_joint_call_on_urban_water_systems,Partha Roy,['design']
v0_058_dst_nwo_joint_call_on_urban_water_systems,Poonam Choudhary,"['city', 'design', 'urban']"
v0_058_dst_nwo_joint_call_on_urban_water_systems,Prabhat Kumar Mandal,"['city', 'expression']"
v0_058_dst_nwo_joint_call_on_urban_water_systems,Pranita P Sarangi,[]
v0_058_dst_nwo_joint_call_on_urban_water_systems,Pravindra Kumar,['city']
v0_058_dst_nwo_joint_call_on_urban_water_systems,Prince Tiwari,"['city', 'design', 'expression']"
v0_058_dst_nwo_joint_call_on_urban_water_systems,R. P. Singh,['design']
v0_058_dst_nwo_joint_call_on_urban_water_systems,Ramasare Prasad,['city']
v0_058_dst_nwo_joint_call_on_urban_water_systems,Ranjana Pathania,['design']
v0_058_dst_nwo_joint_call_on_urban_water_systems,Sanjoy Ghosh,[]
v0_058_dst_nwo_joint_call_on_urban_water_systems,Saugata Hazra,"['design', 'expression']"
v0_058_dst_nwo_joint_call_on_urban_water_systems,Shailly Tomar,[]
v0_058_dst_nwo_joint_call_on_urban_water_systems,Shri Ram Yadav,[]
v0_058_dst_nwo_joint_call_on_urban_water_systems,Soma Rohatgi,['design']
v0_058_dst_nwo_joint_call_on_urban_water_systems,Sachin Suresh Tiwari,"['city', 'expression']"
v0_058_dst_nwo_joint_call_on_urban_water_systems,Jitin Singla,['expression']
v0_058_dst_nwo_joint_call_on_urban_water_systems,Rajesh Kumar,"['city', 'design', 'expression']"
v0_058_dst_nwo_joint_call_on_urban_water_systems,Akhil Upadhyay,"['city', 'design', 'expression']"
v0_059_indo_russian_joint_research_call_for_proposals_2018,Arindam Biswas,"['computer', 'engineering']"
v0_059_indo_russian_joint_research_call_for_proposals_2018,Avlokita Agrawal,"['agricultural', 'computer', 'engineering', 'material']"
v0_059_indo_russian_joint_research_call_for_proposals_2018,Gaurav Raheja,"['agricultural', 'computer', 'engineering', 'material']"
v0_059_indo_russian_joint_research_call_for_proposals_2018,Harshit Sosan Lakra,['material']
v0_059_indo_russian_joint_research_call_for_proposals_2018,Mahua Mukherjee,"['agricultural', 'material']"
v0_059_indo_russian_joint_research_call_for_proposals_2018,Prabhjot Singh Chani,['computer']
v0_059_indo_russian_joint_research_call_for_proposals_2018,E Rajasekar,['material']
v0_059_indo_russian_joint_research_call_for_proposals_2018,Ram Sateesh Pasupuleti,"['computer', 'material']"
v0_059_indo_russian_joint_research_call_for_proposals_2018,Saptarshi Kolay,"['computer', 'engineering']"
v0_059_indo_russian_joint_research_call_for_proposals_2018,Shubhajit Sadhukhan,['material']
v0_059_indo_russian_joint_research_call_for_proposals_2018,Smriti Saraswat,"['agricultural', 'material']"
v0_059_indo_russian_joint_research_call_for_proposals_2018,Sonal Atreya,"['computer', 'engineering', 'material']"
v0_059_indo_russian_joint_research_call_for_proposals_2018,Tina Pujara,"['computer', 'material']"
v0_059_indo_russian_joint_research_call_for_proposals_2018,Uttam Kumar Roy,"['agricultural', 'computer', 'material']"
v0_059_indo_russian_joint_research_call_for_proposals_2018,V Devadas,['computer']
v0_059_indo_russian_joint_research_call_for_proposals_2018,Jaydev Dabas,[]
v0_059_indo_russian_joint_research_call_for_proposals_2018,Millie Pant,['material']
v0_059_indo_russian_joint_research_call_for_proposals_2018,Rajan Arora,['computer']
v0_059_indo_russian_joint_research_call_for_proposals_2018,Ashwani Kumar Sharma,"['agricultural', 'computer', 'material']"
v0_059_indo_russian_joint_research_call_for_proposals_2018,Bijan Choudhury,['engineering']
v0_059_indo_russian_joint_research_call_for_proposals_2018,Debabrata Sircar,"['computer', 'material']"
v0_059_indo_russian_joint_research_call_for_proposals_2018,Deepak Sharma,['material']
v0_059_indo_russian_joint_research_call_for_proposals_2018,P Gopinath,['material']
v0_059_indo_russian_joint_research_call_for_proposals_2018,Harsh Chauhan,['computer']
v0_059_indo_russian_joint_research_call_for_proposals_2018,Srinivas Kiran Ambatipudi,[]
v0_059_indo_russian_joint_research_call_for_proposals_2018,Krishna Mohan Poluri,['material']
v0_059_indo_russian_joint_research_call_for_proposals_2018,Maya S.Nair,['material']
v0_059_indo_russian_joint_research_call_for_proposals_2018,N K Navani,['material']
v0_059_indo_russian_joint_research_call_for_proposals_2018,Partha Roy,"['computer', 'material']"
v0_059_indo_russian_joint_research_call_for_proposals_2018,Poonam Choudhary,"['computer', 'engineering']"
v0_059_indo_russian_joint_research_call_for_proposals_2018,Prabhat Kumar Mandal,"['agricultural', 'computer', 'engineering', 'material']"
v0_059_indo_russian_joint_research_call_for_proposals_2018,Pranita P Sarangi,[]
v0_059_indo_russian_joint_research_call_for_proposals_2018,Pravindra Kumar,[]
v0_059_indo_russian_joint_research_call_for_proposals_2018,Prince Tiwari,"['engineering', 'material']"
v0_059_indo_russian_joint_research_call_for_proposals_2018,R. P. Singh,"['engineering', 'material']"
v0_059_indo_russian_joint_research_call_for_proposals_2018,Ramasare Prasad,"['computer', 'engineering', 'material']"
v0_059_indo_russian_joint_research_call_for_proposals_2018,Ranjana Pathania,"['agricultural', 'material']"
v0_059_indo_russian_joint_research_call_for_proposals_2018,Sanjoy Ghosh,"['engineering', 'material']"
v0_059_indo_russian_joint_research_call_for_proposals_2018,Saugata Hazra,"['engineering', 'material']"
v0_059_indo_russian_joint_research_call_for_proposals_2018,Shailly Tomar,['material']
v0_059_indo_russian_joint_research_call_for_proposals_2018,Shri Ram Yadav,['engineering']
v0_059_indo_russian_joint_research_call_for_proposals_2018,Soma Rohatgi,"['engineering', 'material']"
v0_059_indo_russian_joint_research_call_for_proposals_2018,Sachin Suresh Tiwari,['engineering']
v0_059_indo_russian_joint_research_call_for_proposals_2018,Jitin Singla,"['computer', 'material']"
v0_059_indo_russian_joint_research_call_for_proposals_2018,Rajesh Kumar,['material']
v0_059_indo_russian_joint_research_call_for_proposals_2018,Akhil Upadhyay,"['computer', 'engineering']"
v0_060_funding_opportunity_announcement_foa_in_carbon_capture_innovation_challenge_ic3,Arindam Biswas,[]
v0_060_funding_opportunity_announcement_foa_in_carbon_capture_innovation_challenge_ic3,Avlokita Agrawal,"['material', 'model', 'polymer']"
v0_060_funding_opportunity_announcement_foa_in_carbon_capture_innovation_challenge_ic3,Gaurav Raheja,['material']
v0_060_funding_opportunity_announcement_foa_in_carbon_capture_innovation_challenge_ic3,Harshit Sosan Lakra,['material']
v0_060_funding_opportunity_announcement_foa_in_carbon_capture_innovation_challenge_ic3,Mahua Mukherjee,"['material', 'model']"
v0_060_funding_opportunity_announcement_foa_in_carbon_capture_innovation_challenge_ic3,Prabhjot Singh Chani,['efficiency']
v0_060_funding_opportunity_announcement_foa_in_carbon_capture_innovation_challenge_ic3,E Rajasekar,['material']
v0_060_funding_opportunity_announcement_foa_in_carbon_capture_innovation_challenge_ic3,Ram Sateesh Pasupuleti,"['cost effectiveness', 'material']"
v0_060_funding_opportunity_announcement_foa_in_carbon_capture_innovation_challenge_ic3,Saptarshi Kolay,"['cost effectiveness', 'polymer']"
v0_060_funding_opportunity_announcement_foa_in_carbon_capture_innovation_challenge_ic3,Shubhajit Sadhukhan,['material']
v0_060_funding_opportunity_announcement_foa_in_carbon_capture_innovation_challenge_ic3,Smriti Saraswat,"['cost effectiveness', 'material']"
v0_060_funding_opportunity_announcement_foa_in_carbon_capture_innovation_challenge_ic3,Sonal Atreya,['material']
v0_060_funding_opportunity_announcement_foa_in_carbon_capture_innovation_challenge_ic3,Tina Pujara,"['material', 'model']"
v0_060_funding_opportunity_announcement_foa_in_carbon_capture_innovation_challenge_ic3,Uttam Kumar Roy,"['material', 'polymer']"
v0_060_funding_opportunity_announcement_foa_in_carbon_capture_innovation_challenge_ic3,V Devadas,[]
v0_060_funding_opportunity_announcement_foa_in_carbon_capture_innovation_challenge_ic3,Jaydev Dabas,"['efficiency', 'model', 'polymer']"
v0_060_funding_opportunity_announcement_foa_in_carbon_capture_innovation_challenge_ic3,Millie Pant,"['cost effectiveness', 'efficiency', 'material']"
v0_060_funding_opportunity_announcement_foa_in_carbon_capture_innovation_challenge_ic3,Rajan Arora,['model']
v0_060_funding_opportunity_announcement_foa_in_carbon_capture_innovation_challenge_ic3,Ashwani Kumar Sharma,['material']
v0_060_funding_opportunity_announcement_foa_in_carbon_capture_innovation_challenge_ic3,Bijan Choudhury,['model']
v0_060_funding_opportunity_announcement_foa_in_carbon_capture_innovation_challenge_ic3,Debabrata Sircar,['material']
v0_060_funding_opportunity_announcement_foa_in_carbon_capture_innovation_challenge_ic3,Deepak Sharma,"['cost effectiveness', 'material', 'model']"
v0_060_funding_opportunity_announcement_foa_in_carbon_capture_innovation_challenge_ic3,P Gopinath,"['cost effectiveness', 'material']"
v0_060_funding_opportunity_announcement_foa_in_carbon_capture_innovation_challenge_ic3,Harsh Chauhan,['polymer']
v0_060_funding_opportunity_announcement_foa_in_carbon_capture_innovation_challenge_ic3,Srinivas Kiran Ambatipudi,[]
v0_060_funding_opportunity_announcement_foa_in_carbon_capture_innovation_challenge_ic3,Krishna Mohan Poluri,['material']
v0_060_funding_opportunity_announcement_foa_in_carbon_capture_innovation_challenge_ic3,Maya S.Nair,['material']
v0_060_funding_opportunity_announcement_foa_in_carbon_capture_innovation_challenge_ic3,N K Navani,"['cost effectiveness', 'material']"
v0_060_funding_opportunity_announcement_foa_in_carbon_capture_innovation_challenge_ic3,Partha Roy,['material']
v0_060_funding_opportunity_announcement_foa_in_carbon_capture_innovation_challenge_ic3,Poonam Choudhary,['cost effectiveness']
v0_060_funding_opportunity_announcement_foa_in_carbon_capture_innovation_challenge_ic3,Prabhat Kumar Mandal,['material']
v0_060_funding_opportunity_announcement_foa_in_carbon_capture_innovation_challenge_ic3,Pranita P Sarangi,[]
v0_060_funding_opportunity_announcement_foa_in_carbon_capture_innovation_challenge_ic3,Pravindra Kumar,['model']
v0_060_funding_opportunity_announcement_foa_in_carbon_capture_innovation_challenge_ic3,Prince Tiwari,"['efficiency', 'material', 'model', 'polymer']"
v0_060_funding_opportunity_announcement_foa_in_carbon_capture_innovation_challenge_ic3,R. P. Singh,"['cost effectiveness', 'material']"
v0_060_funding_opportunity_announcement_foa_in_carbon_capture_innovation_challenge_ic3,Ramasare Prasad,"['cost effectiveness', 'material']"
v0_060_funding_opportunity_announcement_foa_in_carbon_capture_innovation_challenge_ic3,Ranjana Pathania,"['cost effectiveness', 'efficiency', 'material']"
v0_060_funding_opportunity_announcement_foa_in_carbon_capture_innovation_challenge_ic3,Sanjoy Ghosh,"['cost effectiveness', 'material']"
v0_060_funding_opportunity_announcement_foa_in_carbon_capture_innovation_challenge_ic3,Saugata Hazra,['material']
v0_060_funding_opportunity_announcement_foa_in_carbon_capture_innovation_challenge_ic3,Shailly Tomar,['material']
v0_060_funding_opportunity_announcement_foa_in_carbon_capture_innovation_challenge_ic3,Shri Ram Yadav,[]
v0_060_funding_opportunity_announcement_foa_in_carbon_capture_innovation_challenge_ic3,Soma Rohatgi,"['cost effectiveness', 'efficiency', 'material']"
v0_060_funding_opportunity_announcement_foa_in_carbon_capture_innovation_challenge_ic3,Sachin Suresh Tiwari,"['efficiency', 'polymer']"
v0_060_funding_opportunity_announcement_foa_in_carbon_capture_innovation_challenge_ic3,Jitin Singla,['material']
v0_060_funding_opportunity_announcement_foa_in_carbon_capture_innovation_challenge_ic3,Rajesh Kumar,"['cost effectiveness', 'efficiency', 'material']"
v0_060_funding_opportunity_announcement_foa_in_carbon_capture_innovation_challenge_ic3,Akhil Upadhyay,"['cost effectiveness', 'efficiency']"
v0_061_call_for_rd_project_proposals_from_indian_pharma_industrynational_laboratoriesacademic_institutions,Arindam Biswas,"['case', 'facility']"
v0_061_call_for_rd_project_proposals_from_indian_pharma_industrynational_laboratoriesacademic_institutions,Avlokita Agrawal,[]
v0_061_call_for_rd_project_proposals_from_indian_pharma_industrynational_laboratoriesacademic_institutions,Gaurav Raheja,"['case', 'facility']"
v0_061_call_for_rd_project_proposals_from_indian_pharma_industrynational_laboratoriesacademic_institutions,Harshit Sosan Lakra,[]
v0_061_call_for_rd_project_proposals_from_indian_pharma_industrynational_laboratoriesacademic_institutions,Mahua Mukherjee,"['case', 'facility']"
v0_061_call_for_rd_project_proposals_from_indian_pharma_industrynational_laboratoriesacademic_institutions,Prabhjot Singh Chani,['facility']
v0_061_call_for_rd_project_proposals_from_indian_pharma_industrynational_laboratoriesacademic_institutions,E Rajasekar,['case']
v0_061_call_for_rd_project_proposals_from_indian_pharma_industrynational_laboratoriesacademic_institutions,Ram Sateesh Pasupuleti,"['case', 'facility']"
v0_061_call_for_rd_project_proposals_from_indian_pharma_industrynational_laboratoriesacademic_institutions,Saptarshi Kolay,['case']
v0_061_call_for_rd_project_proposals_from_indian_pharma_industrynational_laboratoriesacademic_institutions,Shubhajit Sadhukhan,['facility']
v0_061_call_for_rd_project_proposals_from_indian_pharma_industrynational_laboratoriesacademic_institutions,Smriti Saraswat,['case']
v0_061_call_for_rd_project_proposals_from_indian_pharma_industrynational_laboratoriesacademic_institutions,Sonal Atreya,['case']
v0_061_call_for_rd_project_proposals_from_indian_pharma_industrynational_laboratoriesacademic_institutions,Tina Pujara,['case']
v0_061_call_for_rd_project_proposals_from_indian_pharma_industrynational_laboratoriesacademic_institutions,Uttam Kumar Roy,"['case', 'facility']"
v0_061_call_for_rd_project_proposals_from_indian_pharma_industrynational_laboratoriesacademic_institutions,V Devadas,"['case', 'facility']"
v0_061_call_for_rd_project_proposals_from_indian_pharma_industrynational_laboratoriesacademic_institutions,Jaydev Dabas,"['case', 'facility']"
v0_061_call_for_rd_project_proposals_from_indian_pharma_industrynational_laboratoriesacademic_institutions,Millie Pant,[]
v0_061_call_for_rd_project_proposals_from_indian_pharma_industrynational_laboratoriesacademic_institutions,Rajan Arora,['facility']
v0_061_call_for_rd_project_proposals_from_indian_pharma_industrynational_laboratoriesacademic_institutions,Ashwani Kumar Sharma,['facility']
v0_061_call_for_rd_project_proposals_from_indian_pharma_industrynational_laboratoriesacademic_institutions,Bijan Choudhury,[]
v0_061_call_for_rd_project_proposals_from_indian_pharma_industrynational_laboratoriesacademic_institutions,Debabrata Sircar,[]
v0_061_call_for_rd_project_proposals_from_indian_pharma_industrynational_laboratoriesacademic_institutions,Deepak Sharma,['case']
v0_061_call_for_rd_project_proposals_from_indian_pharma_industrynational_laboratoriesacademic_institutions,P Gopinath,['facility']
v0_061_call_for_rd_project_proposals_from_indian_pharma_industrynational_laboratoriesacademic_institutions,Harsh Chauhan,['facility']
v0_061_call_for_rd_project_proposals_from_indian_pharma_industrynational_laboratoriesacademic_institutions,Srinivas Kiran Ambatipudi,[]
v0_061_call_for_rd_project_proposals_from_indian_pharma_industrynational_laboratoriesacademic_institutions,Krishna Mohan Poluri,['case']
v0_061_call_for_rd_project_proposals_from_indian_pharma_industrynational_laboratoriesacademic_institutions,Maya S.Nair,['facility']
v0_061_call_for_rd_project_proposals_from_indian_pharma_industrynational_laboratoriesacademic_institutions,N K Navani,[]
v0_061_call_for_rd_project_proposals_from_indian_pharma_industrynational_laboratoriesacademic_institutions,Partha Roy,[]
v0_061_call_for_rd_project_proposals_from_indian_pharma_industrynational_laboratoriesacademic_institutions,Poonam Choudhary,['facility']
v0_061_call_for_rd_project_proposals_from_indian_pharma_industrynational_laboratoriesacademic_institutions,Prabhat Kumar Mandal,['facility']
v0_061_call_for_rd_project_proposals_from_indian_pharma_industrynational_laboratoriesacademic_institutions,Pranita P Sarangi,['facility']
v0_061_call_for_rd_project_proposals_from_indian_pharma_industrynational_laboratoriesacademic_institutions,Pravindra Kumar,['facility']
v0_061_call_for_rd_project_proposals_from_indian_pharma_industrynational_laboratoriesacademic_institutions,Prince Tiwari,"['case', 'facility']"
v0_061_call_for_rd_project_proposals_from_indian_pharma_industrynational_laboratoriesacademic_institutions,R. P. Singh,['case']
v0_061_call_for_rd_project_proposals_from_indian_pharma_industrynational_laboratoriesacademic_institutions,Ramasare Prasad,['facility']
v0_061_call_for_rd_project_proposals_from_indian_pharma_industrynational_laboratoriesacademic_institutions,Ranjana Pathania,['case']
v0_061_call_for_rd_project_proposals_from_indian_pharma_industrynational_laboratoriesacademic_institutions,Sanjoy Ghosh,[]
v0_061_call_for_rd_project_proposals_from_indian_pharma_industrynational_laboratoriesacademic_institutions,Saugata Hazra,"['case', 'facility']"
v0_061_call_for_rd_project_proposals_from_indian_pharma_industrynational_laboratoriesacademic_institutions,Shailly Tomar,[]
v0_061_call_for_rd_project_proposals_from_indian_pharma_industrynational_laboratoriesacademic_institutions,Shri Ram Yadav,[]
v0_061_call_for_rd_project_proposals_from_indian_pharma_industrynational_laboratoriesacademic_institutions,Soma Rohatgi,"['case', 'facility']"
v0_061_call_for_rd_project_proposals_from_indian_pharma_industrynational_laboratoriesacademic_institutions,Sachin Suresh Tiwari,['case']
v0_061_call_for_rd_project_proposals_from_indian_pharma_industrynational_laboratoriesacademic_institutions,Jitin Singla,[]
v0_061_call_for_rd_project_proposals_from_indian_pharma_industrynational_laboratoriesacademic_institutions,Rajesh Kumar,"['case', 'facility']"
v0_061_call_for_rd_project_proposals_from_indian_pharma_industrynational_laboratoriesacademic_institutions,Akhil Upadhyay,[]
v0_062_dst_cnrs_france_joint_call_for_proposals,Arindam Biswas,['engineering']
v0_062_dst_cnrs_france_joint_call_for_proposals,Avlokita Agrawal,['engineering']
v0_062_dst_cnrs_france_joint_call_for_proposals,Gaurav Raheja,['engineering']
v0_062_dst_cnrs_france_joint_call_for_proposals,Harshit Sosan Lakra,[]
v0_062_dst_cnrs_france_joint_call_for_proposals,Mahua Mukherjee,[]
v0_062_dst_cnrs_france_joint_call_for_proposals,Prabhjot Singh Chani,[]
v0_062_dst_cnrs_france_joint_call_for_proposals,E Rajasekar,[]
v0_062_dst_cnrs_france_joint_call_for_proposals,Ram Sateesh Pasupuleti,[]
v0_062_dst_cnrs_france_joint_call_for_proposals,Saptarshi Kolay,['engineering']
v0_062_dst_cnrs_france_joint_call_for_proposals,Shubhajit Sadhukhan,[]
v0_062_dst_cnrs_france_joint_call_for_proposals,Smriti Saraswat,[]
v0_062_dst_cnrs_france_joint_call_for_proposals,Sonal Atreya,['engineering']
v0_062_dst_cnrs_france_joint_call_for_proposals,Tina Pujara,[]
v0_062_dst_cnrs_france_joint_call_for_proposals,Uttam Kumar Roy,[]
v0_062_dst_cnrs_france_joint_call_for_proposals,V Devadas,[]
v0_062_dst_cnrs_france_joint_call_for_proposals,Jaydev Dabas,[]
v0_062_dst_cnrs_france_joint_call_for_proposals,Millie Pant,[]
v0_062_dst_cnrs_france_joint_call_for_proposals,Rajan Arora,[]
v0_062_dst_cnrs_france_joint_call_for_proposals,Ashwani Kumar Sharma,[]
v0_062_dst_cnrs_france_joint_call_for_proposals,Bijan Choudhury,['engineering']
v0_062_dst_cnrs_france_joint_call_for_proposals,Debabrata Sircar,[]
v0_062_dst_cnrs_france_joint_call_for_proposals,Deepak Sharma,[]
v0_062_dst_cnrs_france_joint_call_for_proposals,P Gopinath,[]
v0_062_dst_cnrs_france_joint_call_for_proposals,Harsh Chauhan,[]
v0_062_dst_cnrs_france_joint_call_for_proposals,Srinivas Kiran Ambatipudi,[]
v0_062_dst_cnrs_france_joint_call_for_proposals,Krishna Mohan Poluri,[]
v0_062_dst_cnrs_france_joint_call_for_proposals,Maya S.Nair,[]
v0_062_dst_cnrs_france_joint_call_for_proposals,N K Navani,[]
v0_062_dst_cnrs_france_joint_call_for_proposals,Partha Roy,[]
v0_062_dst_cnrs_france_joint_call_for_proposals,Poonam Choudhary,['engineering']
v0_062_dst_cnrs_france_joint_call_for_proposals,Prabhat Kumar Mandal,['engineering']
v0_062_dst_cnrs_france_joint_call_for_proposals,Pranita P Sarangi,[]
v0_062_dst_cnrs_france_joint_call_for_proposals,Pravindra Kumar,[]
v0_062_dst_cnrs_france_joint_call_for_proposals,Prince Tiwari,['engineering']
v0_062_dst_cnrs_france_joint_call_for_proposals,R. P. Singh,['engineering']
v0_062_dst_cnrs_france_joint_call_for_proposals,Ramasare Prasad,['engineering']
v0_062_dst_cnrs_france_joint_call_for_proposals,Ranjana Pathania,[]
v0_062_dst_cnrs_france_joint_call_for_proposals,Sanjoy Ghosh,['engineering']
v0_062_dst_cnrs_france_joint_call_for_proposals,Saugata Hazra,['engineering']
v0_062_dst_cnrs_france_joint_call_for_proposals,Shailly Tomar,[]
v0_062_dst_cnrs_france_joint_call_for_proposals,Shri Ram Yadav,['engineering']
v0_062_dst_cnrs_france_joint_call_for_proposals,Soma Rohatgi,['engineering']
v0_062_dst_cnrs_france_joint_call_for_proposals,Sachin Suresh Tiwari,['engineering']
v0_062_dst_cnrs_france_joint_call_for_proposals,Jitin Singla,[]
v0_062_dst_cnrs_france_joint_call_for_proposals,Rajesh Kumar,[]
v0_062_dst_cnrs_france_joint_call_for_proposals,Akhil Upadhyay,['engineering']
v0_063_call_for_entries___awsar_programme,Arindam Biswas,[]
v0_063_call_for_entries___awsar_programme,Avlokita Agrawal,[]
v0_063_call_for_entries___awsar_programme,Gaurav Raheja,[]
v0_063_call_for_entries___awsar_programme,Harshit Sosan Lakra,['general']
v0_063_call_for_entries___awsar_programme,Mahua Mukherjee,['general']
v0_063_call_for_entries___awsar_programme,Prabhjot Singh Chani,['general']
v0_063_call_for_entries___awsar_programme,E Rajasekar,[]
v0_063_call_for_entries___awsar_programme,Ram Sateesh Pasupuleti,['general']
v0_063_call_for_entries___awsar_programme,Saptarshi Kolay,[]
v0_063_call_for_entries___awsar_programme,Shubhajit Sadhukhan,[]
v0_063_call_for_entries___awsar_programme,Smriti Saraswat,[]
v0_063_call_for_entries___awsar_programme,Sonal Atreya,[]
v0_063_call_for_entries___awsar_programme,Tina Pujara,['general']
v0_063_call_for_entries___awsar_programme,Uttam Kumar Roy,['general']
v0_063_call_for_entries___awsar_programme,V Devadas,[]
v0_063_call_for_entries___awsar_programme,Jaydev Dabas,[]
v0_063_call_for_entries___awsar_programme,Millie Pant,[]
v0_063_call_for_entries___awsar_programme,Rajan Arora,[]
v0_063_call_for_entries___awsar_programme,Ashwani Kumar Sharma,['general']
v0_063_call_for_entries___awsar_programme,Bijan Choudhury,[]
v0_063_call_for_entries___awsar_programme,Debabrata Sircar,['general']
v0_063_call_for_entries___awsar_programme,Deepak Sharma,['general']
v0_063_call_for_entries___awsar_programme,P Gopinath,[]
v0_063_call_for_entries___awsar_programme,Harsh Chauhan,[]
v0_063_call_for_entries___awsar_programme,Srinivas Kiran Ambatipudi,[]
v0_063_call_for_entries___awsar_programme,Krishna Mohan Poluri,['general']
v0_063_call_for_entries___awsar_programme,Maya S.Nair,['general']
v0_063_call_for_entries___awsar_programme,N K Navani,['general']
v0_063_call_for_entries___awsar_programme,Partha Roy,[]
v0_063_call_for_entries___awsar_programme,Poonam Choudhary,[]
v0_063_call_for_entries___awsar_programme,Prabhat Kumar Mandal,[]
v0_063_call_for_entries___awsar_programme,Pranita P Sarangi,[]
v0_063_call_for_entries___awsar_programme,Pravindra Kumar,[]
v0_063_call_for_entries___awsar_programme,Prince Tiwari,[]
v0_063_call_for_entries___awsar_programme,R. P. Singh,[]
v0_063_call_for_entries___awsar_programme,Ramasare Prasad,[]
v0_063_call_for_entries___awsar_programme,Ranjana Pathania,['general']
v0_063_call_for_entries___awsar_programme,Sanjoy Ghosh,['general']
v0_063_call_for_entries___awsar_programme,Saugata Hazra,['general']
v0_063_call_for_entries___awsar_programme,Shailly Tomar,[]
v0_063_call_for_entries___awsar_programme,Shri Ram Yadav,[]
v0_063_call_for_entries___awsar_programme,Soma Rohatgi,['general']
v0_063_call_for_entries___awsar_programme,Sachin Suresh Tiwari,['general']
v0_063_call_for_entries___awsar_programme,Jitin Singla,[]
v0_063_call_for_entries___awsar_programme,Rajesh Kumar,[]
v0_063_call_for_entries___awsar_programme,Akhil Upadhyay,['general']
v0_064_call_for_papers___9th_national_teachers_science_congress,Arindam Biswas,[]
v0_064_call_for_papers___9th_national_teachers_science_congress,Avlokita Agrawal,"['experiment', 'guidance', 'share']"
v0_064_call_for_papers___9th_national_teachers_science_congress,Gaurav Raheja,"['experiment', 'share']"
v0_064_call_for_papers___9th_national_teachers_science_congress,Harshit Sosan Lakra,[]
v0_064_call_for_papers___9th_national_teachers_science_congress,Mahua Mukherjee,"['experiment', 'guidance', 'share']"
v0_064_call_for_papers___9th_national_teachers_science_congress,Prabhjot Singh Chani,"['experiment', 'share']"
v0_064_call_for_papers___9th_national_teachers_science_congress,E Rajasekar,"['guidance', 'share']"
v0_064_call_for_papers___9th_national_teachers_science_congress,Ram Sateesh Pasupuleti,['guidance']
v0_064_call_for_papers___9th_national_teachers_science_congress,Saptarshi Kolay,"['experiment', 'share']"
v0_064_call_for_papers___9th_national_teachers_science_congress,Shubhajit Sadhukhan,['guidance']
v0_064_call_for_papers___9th_national_teachers_science_congress,Smriti Saraswat,"['guidance', 'share']"
v0_064_call_for_papers___9th_national_teachers_science_congress,Sonal Atreya,"['guidance', 'share']"
v0_064_call_for_papers___9th_national_teachers_science_congress,Tina Pujara,[]
v0_064_call_for_papers___9th_national_teachers_science_congress,Uttam Kumar Roy,['guidance']
v0_064_call_for_papers___9th_national_teachers_science_congress,V Devadas,"['guidance', 'share']"
v0_064_call_for_papers___9th_national_teachers_science_congress,Jaydev Dabas,['experiment']
v0_064_call_for_papers___9th_national_teachers_science_congress,Millie Pant,[]
v0_064_call_for_papers___9th_national_teachers_science_congress,Rajan Arora,['share']
v0_064_call_for_papers___9th_national_teachers_science_congress,Ashwani Kumar Sharma,[]
v0_064_call_for_papers___9th_national_teachers_science_congress,Bijan Choudhury,"['guidance', 'share']"
v0_064_call_for_papers___9th_national_teachers_science_congress,Debabrata Sircar,"['experiment', 'share']"
v0_064_call_for_papers___9th_national_teachers_science_congress,Deepak Sharma,[]
v0_064_call_for_papers___9th_national_teachers_science_congress,P Gopinath,"['experiment', 'guidance']"
v0_064_call_for_papers___9th_national_teachers_science_congress,Harsh Chauhan,[]
v0_064_call_for_papers___9th_national_teachers_science_congress,Srinivas Kiran Ambatipudi,[]
v0_064_call_for_papers___9th_national_teachers_science_congress,Krishna Mohan Poluri,['guidance']
v0_064_call_for_papers___9th_national_teachers_science_congress,Maya S.Nair,"['guidance', 'share']"
v0_064_call_for_papers___9th_national_teachers_science_congress,N K Navani,"['experiment', 'share']"
v0_064_call_for_papers___9th_national_teachers_science_congress,Partha Roy,['experiment']
v0_064_call_for_papers___9th_national_teachers_science_congress,Poonam Choudhary,[]
v0_064_call_for_papers___9th_national_teachers_science_congress,Prabhat Kumar Mandal,['experiment']
v0_064_call_for_papers___9th_national_teachers_science_congress,Pranita P Sarangi,[]
v0_064_call_for_papers___9th_national_teachers_science_congress,Pravindra Kumar,['share']
v0_064_call_for_papers___9th_national_teachers_science_congress,Prince Tiwari,"['experiment', 'share']"
v0_064_call_for_papers___9th_national_teachers_science_congress,R. P. Singh,['share']
v0_064_call_for_papers___9th_national_teachers_science_congress,Ramasare Prasad,"['experiment', 'share']"
v0_064_call_for_papers___9th_national_teachers_science_congress,Ranjana Pathania,"['experiment', 'guidance', 'share']"
v0_064_call_for_papers___9th_national_teachers_science_congress,Sanjoy Ghosh,[]
v0_064_call_for_papers___9th_national_teachers_science_congress,Saugata Hazra,['experiment']
v0_064_call_for_papers___9th_national_teachers_science_congress,Shailly Tomar,['share']
v0_064_call_for_papers___9th_national_teachers_science_congress,Shri Ram Yadav,['share']
v0_064_call_for_papers___9th_national_teachers_science_congress,Soma Rohatgi,"['experiment', 'guidance']"
v0_064_call_for_papers___9th_national_teachers_science_congress,Sachin Suresh Tiwari,['experiment']
v0_064_call_for_papers___9th_national_teachers_science_congress,Jitin Singla,"['guidance', 'share']"
v0_064_call_for_papers___9th_national_teachers_science_congress,Rajesh Kumar,"['experiment', 'guidance', 'share']"
v0_064_call_for_papers___9th_national_teachers_science_congress,Akhil Upadhyay,"['experiment', 'guidance', 'share']"
v0_065_indo_finnish_joint_call_for_mobility_of_researchers,Arindam Biswas,"['city', 'engineering']"
v0_065_indo_finnish_joint_call_for_mobility_of_researchers,Avlokita Agrawal,['engineering']
v0_065_indo_finnish_joint_call_for_mobility_of_researchers,Gaurav Raheja,"['city', 'engineering']"
v0_065_indo_finnish_joint_call_for_mobility_of_researchers,Harshit Sosan Lakra,[]
v0_065_indo_finnish_joint_call_for_mobility_of_researchers,Mahua Mukherjee,['city']
v0_065_indo_finnish_joint_call_for_mobility_of_researchers,Prabhjot Singh Chani,['city']
v0_065_indo_finnish_joint_call_for_mobility_of_researchers,E Rajasekar,[]
v0_065_indo_finnish_joint_call_for_mobility_of_researchers,Ram Sateesh Pasupuleti,[]
v0_065_indo_finnish_joint_call_for_mobility_of_researchers,Saptarshi Kolay,['engineering']
v0_065_indo_finnish_joint_call_for_mobility_of_researchers,Shubhajit Sadhukhan,[]
v0_065_indo_finnish_joint_call_for_mobility_of_researchers,Smriti Saraswat,[]
v0_065_indo_finnish_joint_call_for_mobility_of_researchers,Sonal Atreya,['engineering']
v0_065_indo_finnish_joint_call_for_mobility_of_researchers,Tina Pujara,[]
v0_065_indo_finnish_joint_call_for_mobility_of_researchers,Uttam Kumar Roy,[]
v0_065_indo_finnish_joint_call_for_mobility_of_researchers,V Devadas,[]
v0_065_indo_finnish_joint_call_for_mobility_of_researchers,Jaydev Dabas,[]
v0_065_indo_finnish_joint_call_for_mobility_of_researchers,Millie Pant,[]
v0_065_indo_finnish_joint_call_for_mobility_of_researchers,Rajan Arora,[]
v0_065_indo_finnish_joint_call_for_mobility_of_researchers,Ashwani Kumar Sharma,[]
v0_065_indo_finnish_joint_call_for_mobility_of_researchers,Bijan Choudhury,"['city', 'engineering']"
v0_065_indo_finnish_joint_call_for_mobility_of_researchers,Debabrata Sircar,[]
v0_065_indo_finnish_joint_call_for_mobility_of_researchers,Deepak Sharma,[]
v0_065_indo_finnish_joint_call_for_mobility_of_researchers,P Gopinath,[]
v0_065_indo_finnish_joint_call_for_mobility_of_researchers,Harsh Chauhan,[]
v0_065_indo_finnish_joint_call_for_mobility_of_researchers,Srinivas Kiran Ambatipudi,[]
v0_065_indo_finnish_joint_call_for_mobility_of_researchers,Krishna Mohan Poluri,[]
v0_065_indo_finnish_joint_call_for_mobility_of_researchers,Maya S.Nair,[]
v0_065_indo_finnish_joint_call_for_mobility_of_researchers,N K Navani,[]
v0_065_indo_finnish_joint_call_for_mobility_of_researchers,Partha Roy,[]
v0_065_indo_finnish_joint_call_for_mobility_of_researchers,Poonam Choudhary,"['city', 'engineering']"
v0_065_indo_finnish_joint_call_for_mobility_of_researchers,Prabhat Kumar Mandal,"['city', 'engineering']"
v0_065_indo_finnish_joint_call_for_mobility_of_researchers,Pranita P Sarangi,[]
v0_065_indo_finnish_joint_call_for_mobility_of_researchers,Pravindra Kumar,['city']
v0_065_indo_finnish_joint_call_for_mobility_of_researchers,Prince Tiwari,"['city', 'engineering']"
v0_065_indo_finnish_joint_call_for_mobility_of_researchers,R. P. Singh,['engineering']
v0_065_indo_finnish_joint_call_for_mobility_of_researchers,Ramasare Prasad,"['city', 'engineering']"
v0_065_indo_finnish_joint_call_for_mobility_of_researchers,Ranjana Pathania,[]
v0_065_indo_finnish_joint_call_for_mobility_of_researchers,Sanjoy Ghosh,['engineering']
v0_065_indo_finnish_joint_call_for_mobility_of_researchers,Saugata Hazra,['engineering']
v0_065_indo_finnish_joint_call_for_mobility_of_researchers,Shailly Tomar,[]
v0_065_indo_finnish_joint_call_for_mobility_of_researchers,Shri Ram Yadav,['engineering']
v0_065_indo_finnish_joint_call_for_mobility_of_researchers,Soma Rohatgi,['engineering']
v0_065_indo_finnish_joint_call_for_mobility_of_researchers,Sachin Suresh Tiwari,"['city', 'engineering']"
v0_065_indo_finnish_joint_call_for_mobility_of_researchers,Jitin Singla,[]
v0_065_indo_finnish_joint_call_for_mobility_of_researchers,Rajesh Kumar,['city']
v0_065_indo_finnish_joint_call_for_mobility_of_researchers,Akhil Upadhyay,"['city', 'engineering']"
v0_066_call_open_for_women_scientist_scheme_b_wos_b_2018_19,Arindam Biswas,['engineering']
v0_066_call_open_for_women_scientist_scheme_b_wos_b_2018_19,Avlokita Agrawal,['engineering']
v0_066_call_open_for_women_scientist_scheme_b_wos_b_2018_19,Gaurav Raheja,['engineering']
v0_066_call_open_for_women_scientist_scheme_b_wos_b_2018_19,Harshit Sosan Lakra,[]
v0_066_call_open_for_women_scientist_scheme_b_wos_b_2018_19,Mahua Mukherjee,['woman']
v0_066_call_open_for_women_scientist_scheme_b_wos_b_2018_19,Prabhjot Singh Chani,[]
v0_066_call_open_for_women_scientist_scheme_b_wos_b_2018_19,E Rajasekar,[]
v0_066_call_open_for_women_scientist_scheme_b_wos_b_2018_19,Ram Sateesh Pasupuleti,[]
v0_066_call_open_for_women_scientist_scheme_b_wos_b_2018_19,Saptarshi Kolay,['engineering']
v0_066_call_open_for_women_scientist_scheme_b_wos_b_2018_19,Shubhajit Sadhukhan,[]
v0_066_call_open_for_women_scientist_scheme_b_wos_b_2018_19,Smriti Saraswat,['woman']
v0_066_call_open_for_women_scientist_scheme_b_wos_b_2018_19,Sonal Atreya,"['engineering', 'woman']"
v0_066_call_open_for_women_scientist_scheme_b_wos_b_2018_19,Tina Pujara,[]
v0_066_call_open_for_women_scientist_scheme_b_wos_b_2018_19,Uttam Kumar Roy,[]
v0_066_call_open_for_women_scientist_scheme_b_wos_b_2018_19,V Devadas,[]
v0_066_call_open_for_women_scientist_scheme_b_wos_b_2018_19,Jaydev Dabas,[]
v0_066_call_open_for_women_scientist_scheme_b_wos_b_2018_19,Millie Pant,[]
v0_066_call_open_for_women_scientist_scheme_b_wos_b_2018_19,Rajan Arora,[]
v0_066_call_open_for_women_scientist_scheme_b_wos_b_2018_19,Ashwani Kumar Sharma,[]
v0_066_call_open_for_women_scientist_scheme_b_wos_b_2018_19,Bijan Choudhury,['engineering']
v0_066_call_open_for_women_scientist_scheme_b_wos_b_2018_19,Debabrata Sircar,[]
v0_066_call_open_for_women_scientist_scheme_b_wos_b_2018_19,Deepak Sharma,[]
v0_066_call_open_for_women_scientist_scheme_b_wos_b_2018_19,P Gopinath,[]
v0_066_call_open_for_women_scientist_scheme_b_wos_b_2018_19,Harsh Chauhan,['woman']
v0_066_call_open_for_women_scientist_scheme_b_wos_b_2018_19,Srinivas Kiran Ambatipudi,[]
v0_066_call_open_for_women_scientist_scheme_b_wos_b_2018_19,Krishna Mohan Poluri,[]
v0_066_call_open_for_women_scientist_scheme_b_wos_b_2018_19,Maya S.Nair,[]
v0_066_call_open_for_women_scientist_scheme_b_wos_b_2018_19,N K Navani,[]
v0_066_call_open_for_women_scientist_scheme_b_wos_b_2018_19,Partha Roy,[]
v0_066_call_open_for_women_scientist_scheme_b_wos_b_2018_19,Poonam Choudhary,"['engineering', 'woman']"
v0_066_call_open_for_women_scientist_scheme_b_wos_b_2018_19,Prabhat Kumar Mandal,"['engineering', 'woman']"
v0_066_call_open_for_women_scientist_scheme_b_wos_b_2018_19,Pranita P Sarangi,[]
v0_066_call_open_for_women_scientist_scheme_b_wos_b_2018_19,Pravindra Kumar,[]
v0_066_call_open_for_women_scientist_scheme_b_wos_b_2018_19,Prince Tiwari,['engineering']
v0_066_call_open_for_women_scientist_scheme_b_wos_b_2018_19,R. P. Singh,['engineering']
v0_066_call_open_for_women_scientist_scheme_b_wos_b_2018_19,Ramasare Prasad,['engineering']
v0_066_call_open_for_women_scientist_scheme_b_wos_b_2018_19,Ranjana Pathania,[]
v0_066_call_open_for_women_scientist_scheme_b_wos_b_2018_19,Sanjoy Ghosh,['engineering']
v0_066_call_open_for_women_scientist_scheme_b_wos_b_2018_19,Saugata Hazra,['engineering']
v0_066_call_open_for_women_scientist_scheme_b_wos_b_2018_19,Shailly Tomar,[]
v0_066_call_open_for_women_scientist_scheme_b_wos_b_2018_19,Shri Ram Yadav,['engineering']
v0_066_call_open_for_women_scientist_scheme_b_wos_b_2018_19,Soma Rohatgi,['engineering']
v0_066_call_open_for_women_scientist_scheme_b_wos_b_2018_19,Sachin Suresh Tiwari,"['engineering', 'woman']"
v0_066_call_open_for_women_scientist_scheme_b_wos_b_2018_19,Jitin Singla,[]
v0_066_call_open_for_women_scientist_scheme_b_wos_b_2018_19,Rajesh Kumar,[]
v0_066_call_open_for_women_scientist_scheme_b_wos_b_2018_19,Akhil Upadhyay,['engineering']
v0_067_dst_dfg_joint_call_inviting_joint_research_proposals,Arindam Biswas,['engineering']
v0_067_dst_dfg_joint_call_inviting_joint_research_proposals,Avlokita Agrawal,"['engineering', 'material']"
v0_067_dst_dfg_joint_call_inviting_joint_research_proposals,Gaurav Raheja,"['engineering', 'material']"
v0_067_dst_dfg_joint_call_inviting_joint_research_proposals,Harshit Sosan Lakra,['material']
v0_067_dst_dfg_joint_call_inviting_joint_research_proposals,Mahua Mukherjee,['material']
v0_067_dst_dfg_joint_call_inviting_joint_research_proposals,Prabhjot Singh Chani,[]
v0_067_dst_dfg_joint_call_inviting_joint_research_proposals,E Rajasekar,['material']
v0_067_dst_dfg_joint_call_inviting_joint_research_proposals,Ram Sateesh Pasupuleti,['material']
v0_067_dst_dfg_joint_call_inviting_joint_research_proposals,Saptarshi Kolay,['engineering']
v0_067_dst_dfg_joint_call_inviting_joint_research_proposals,Shubhajit Sadhukhan,['material']
v0_067_dst_dfg_joint_call_inviting_joint_research_proposals,Smriti Saraswat,['material']
v0_067_dst_dfg_joint_call_inviting_joint_research_proposals,Sonal Atreya,"['engineering', 'material']"
v0_067_dst_dfg_joint_call_inviting_joint_research_proposals,Tina Pujara,['material']
v0_067_dst_dfg_joint_call_inviting_joint_research_proposals,Uttam Kumar Roy,['material']
v0_067_dst_dfg_joint_call_inviting_joint_research_proposals,V Devadas,[]
v0_067_dst_dfg_joint_call_inviting_joint_research_proposals,Jaydev Dabas,[]
v0_067_dst_dfg_joint_call_inviting_joint_research_proposals,Millie Pant,['material']
v0_067_dst_dfg_joint_call_inviting_joint_research_proposals,Rajan Arora,[]
v0_067_dst_dfg_joint_call_inviting_joint_research_proposals,Ashwani Kumar Sharma,['material']
v0_067_dst_dfg_joint_call_inviting_joint_research_proposals,Bijan Choudhury,['engineering']
v0_067_dst_dfg_joint_call_inviting_joint_research_proposals,Debabrata Sircar,['material']
v0_067_dst_dfg_joint_call_inviting_joint_research_proposals,Deepak Sharma,['material']
v0_067_dst_dfg_joint_call_inviting_joint_research_proposals,P Gopinath,['material']
v0_067_dst_dfg_joint_call_inviting_joint_research_proposals,Harsh Chauhan,[]
v0_067_dst_dfg_joint_call_inviting_joint_research_proposals,Srinivas Kiran Ambatipudi,[]
v0_067_dst_dfg_joint_call_inviting_joint_research_proposals,Krishna Mohan Poluri,['material']
v0_067_dst_dfg_joint_call_inviting_joint_research_proposals,Maya S.Nair,['material']
v0_067_dst_dfg_joint_call_inviting_joint_research_proposals,N K Navani,['material']
v0_067_dst_dfg_joint_call_inviting_joint_research_proposals,Partha Roy,['material']
v0_067_dst_dfg_joint_call_inviting_joint_research_proposals,Poonam Choudhary,['engineering']
v0_067_dst_dfg_joint_call_inviting_joint_research_proposals,Prabhat Kumar Mandal,"['engineering', 'material']"
v0_067_dst_dfg_joint_call_inviting_joint_research_proposals,Pranita P Sarangi,[]
v0_067_dst_dfg_joint_call_inviting_joint_research_proposals,Pravindra Kumar,[]
v0_067_dst_dfg_joint_call_inviting_joint_research_proposals,Prince Tiwari,"['engineering', 'material']"
v0_067_dst_dfg_joint_call_inviting_joint_research_proposals,R. P. Singh,"['engineering', 'material']"
v0_067_dst_dfg_joint_call_inviting_joint_research_proposals,Ramasare Prasad,"['engineering', 'material']"
v0_067_dst_dfg_joint_call_inviting_joint_research_proposals,Ranjana Pathania,['material']
v0_067_dst_dfg_joint_call_inviting_joint_research_proposals,Sanjoy Ghosh,"['engineering', 'material']"
v0_067_dst_dfg_joint_call_inviting_joint_research_proposals,Saugata Hazra,"['engineering', 'material']"
v0_067_dst_dfg_joint_call_inviting_joint_research_proposals,Shailly Tomar,['material']
v0_067_dst_dfg_joint_call_inviting_joint_research_proposals,Shri Ram Yadav,['engineering']
v0_067_dst_dfg_joint_call_inviting_joint_research_proposals,Soma Rohatgi,"['engineering', 'material']"
v0_067_dst_dfg_joint_call_inviting_joint_research_proposals,Sachin Suresh Tiwari,['engineering']
v0_067_dst_dfg_joint_call_inviting_joint_research_proposals,Jitin Singla,['material']
v0_067_dst_dfg_joint_call_inviting_joint_research_proposals,Rajesh Kumar,['material']
v0_067_dst_dfg_joint_call_inviting_joint_research_proposals,Akhil Upadhyay,['engineering']
v0_068_call_for_proposal_cfp__2_under_india___israel_industrial_rd_and_technological_innovation_fund_i4f,Arindam Biswas,[]
v0_068_call_for_proposal_cfp__2_under_india___israel_industrial_rd_and_technological_innovation_fund_i4f,Avlokita Agrawal,[]
v0_068_call_for_proposal_cfp__2_under_india___israel_industrial_rd_and_technological_innovation_fund_i4f,Gaurav Raheja,[]
v0_068_call_for_proposal_cfp__2_under_india___israel_industrial_rd_and_technological_innovation_fund_i4f,Harshit Sosan Lakra,['general']
v0_068_call_for_proposal_cfp__2_under_india___israel_industrial_rd_and_technological_innovation_fund_i4f,Mahua Mukherjee,['general']
v0_068_call_for_proposal_cfp__2_under_india___israel_industrial_rd_and_technological_innovation_fund_i4f,Prabhjot Singh Chani,['general']
v0_068_call_for_proposal_cfp__2_under_india___israel_industrial_rd_and_technological_innovation_fund_i4f,E Rajasekar,[]
v0_068_call_for_proposal_cfp__2_under_india___israel_industrial_rd_and_technological_innovation_fund_i4f,Ram Sateesh Pasupuleti,['general']
v0_068_call_for_proposal_cfp__2_under_india___israel_industrial_rd_and_technological_innovation_fund_i4f,Saptarshi Kolay,[]
v0_068_call_for_proposal_cfp__2_under_india___israel_industrial_rd_and_technological_innovation_fund_i4f,Shubhajit Sadhukhan,[]
v0_068_call_for_proposal_cfp__2_under_india___israel_industrial_rd_and_technological_innovation_fund_i4f,Smriti Saraswat,[]
v0_068_call_for_proposal_cfp__2_under_india___israel_industrial_rd_and_technological_innovation_fund_i4f,Sonal Atreya,[]
v0_068_call_for_proposal_cfp__2_under_india___israel_industrial_rd_and_technological_innovation_fund_i4f,Tina Pujara,['general']
v0_068_call_for_proposal_cfp__2_under_india___israel_industrial_rd_and_technological_innovation_fund_i4f,Uttam Kumar Roy,['general']
v0_068_call_for_proposal_cfp__2_under_india___israel_industrial_rd_and_technological_innovation_fund_i4f,V Devadas,[]
v0_068_call_for_proposal_cfp__2_under_india___israel_industrial_rd_and_technological_innovation_fund_i4f,Jaydev Dabas,[]
v0_068_call_for_proposal_cfp__2_under_india___israel_industrial_rd_and_technological_innovation_fund_i4f,Millie Pant,[]
v0_068_call_for_proposal_cfp__2_under_india___israel_industrial_rd_and_technological_innovation_fund_i4f,Rajan Arora,[]
v0_068_call_for_proposal_cfp__2_under_india___israel_industrial_rd_and_technological_innovation_fund_i4f,Ashwani Kumar Sharma,['general']
v0_068_call_for_proposal_cfp__2_under_india___israel_industrial_rd_and_technological_innovation_fund_i4f,Bijan Choudhury,[]
v0_068_call_for_proposal_cfp__2_under_india___israel_industrial_rd_and_technological_innovation_fund_i4f,Debabrata Sircar,['general']
v0_068_call_for_proposal_cfp__2_under_india___israel_industrial_rd_and_technological_innovation_fund_i4f,Deepak Sharma,['general']
v0_068_call_for_proposal_cfp__2_under_india___israel_industrial_rd_and_technological_innovation_fund_i4f,P Gopinath,[]
v0_068_call_for_proposal_cfp__2_under_india___israel_industrial_rd_and_technological_innovation_fund_i4f,Harsh Chauhan,[]
v0_068_call_for_proposal_cfp__2_under_india___israel_industrial_rd_and_technological_innovation_fund_i4f,Srinivas Kiran Ambatipudi,[]
v0_068_call_for_proposal_cfp__2_under_india___israel_industrial_rd_and_technological_innovation_fund_i4f,Krishna Mohan Poluri,['general']
v0_068_call_for_proposal_cfp__2_under_india___israel_industrial_rd_and_technological_innovation_fund_i4f,Maya S.Nair,['general']
v0_068_call_for_proposal_cfp__2_under_india___israel_industrial_rd_and_technological_innovation_fund_i4f,N K Navani,['general']
v0_068_call_for_proposal_cfp__2_under_india___israel_industrial_rd_and_technological_innovation_fund_i4f,Partha Roy,[]
v0_068_call_for_proposal_cfp__2_under_india___israel_industrial_rd_and_technological_innovation_fund_i4f,Poonam Choudhary,[]
v0_068_call_for_proposal_cfp__2_under_india___israel_industrial_rd_and_technological_innovation_fund_i4f,Prabhat Kumar Mandal,[]
v0_068_call_for_proposal_cfp__2_under_india___israel_industrial_rd_and_technological_innovation_fund_i4f,Pranita P Sarangi,[]
v0_068_call_for_proposal_cfp__2_under_india___israel_industrial_rd_and_technological_innovation_fund_i4f,Pravindra Kumar,[]
v0_068_call_for_proposal_cfp__2_under_india___israel_industrial_rd_and_technological_innovation_fund_i4f,Prince Tiwari,[]
v0_068_call_for_proposal_cfp__2_under_india___israel_industrial_rd_and_technological_innovation_fund_i4f,R. P. Singh,[]
v0_068_call_for_proposal_cfp__2_under_india___israel_industrial_rd_and_technological_innovation_fund_i4f,Ramasare Prasad,[]
v0_068_call_for_proposal_cfp__2_under_india___israel_industrial_rd_and_technological_innovation_fund_i4f,Ranjana Pathania,['general']
v0_068_call_for_proposal_cfp__2_under_india___israel_industrial_rd_and_technological_innovation_fund_i4f,Sanjoy Ghosh,['general']
v0_068_call_for_proposal_cfp__2_under_india___israel_industrial_rd_and_technological_innovation_fund_i4f,Saugata Hazra,['general']
v0_068_call_for_proposal_cfp__2_under_india___israel_industrial_rd_and_technological_innovation_fund_i4f,Shailly Tomar,[]
v0_068_call_for_proposal_cfp__2_under_india___israel_industrial_rd_and_technological_innovation_fund_i4f,Shri Ram Yadav,[]
v0_068_call_for_proposal_cfp__2_under_india___israel_industrial_rd_and_technological_innovation_fund_i4f,Soma Rohatgi,['general']
v0_068_call_for_proposal_cfp__2_under_india___israel_industrial_rd_and_technological_innovation_fund_i4f,Sachin Suresh Tiwari,['general']
v0_068_call_for_proposal_cfp__2_under_india___israel_industrial_rd_and_technological_innovation_fund_i4f,Jitin Singla,[]
v0_068_call_for_proposal_cfp__2_under_india___israel_industrial_rd_and_technological_innovation_fund_i4f,Rajesh Kumar,[]
v0_068_call_for_proposal_cfp__2_under_india___israel_industrial_rd_and_technological_innovation_fund_i4f,Akhil Upadhyay,['general']
v0_069_call___unescojapan_young_researchs_fellowship_programme_unescokeizo_obuchi_research_fellowships_programme_cycle_2018,Arindam Biswas,[]
v0_069_call___unescojapan_young_researchs_fellowship_programme_unescokeizo_obuchi_research_fellowships_programme_cycle_2018,Avlokita Agrawal,[]
v0_069_call___unescojapan_young_researchs_fellowship_programme_unescokeizo_obuchi_research_fellowships_programme_cycle_2018,Gaurav Raheja,[]
v0_069_call___unescojapan_young_researchs_fellowship_programme_unescokeizo_obuchi_research_fellowships_programme_cycle_2018,Harshit Sosan Lakra,['general']
v0_069_call___unescojapan_young_researchs_fellowship_programme_unescokeizo_obuchi_research_fellowships_programme_cycle_2018,Mahua Mukherjee,['general']
v0_069_call___unescojapan_young_researchs_fellowship_programme_unescokeizo_obuchi_research_fellowships_programme_cycle_2018,Prabhjot Singh Chani,['general']
v0_069_call___unescojapan_young_researchs_fellowship_programme_unescokeizo_obuchi_research_fellowships_programme_cycle_2018,E Rajasekar,[]
v0_069_call___unescojapan_young_researchs_fellowship_programme_unescokeizo_obuchi_research_fellowships_programme_cycle_2018,Ram Sateesh Pasupuleti,['general']
v0_069_call___unescojapan_young_researchs_fellowship_programme_unescokeizo_obuchi_research_fellowships_programme_cycle_2018,Saptarshi Kolay,[]
v0_069_call___unescojapan_young_researchs_fellowship_programme_unescokeizo_obuchi_research_fellowships_programme_cycle_2018,Shubhajit Sadhukhan,[]
v0_069_call___unescojapan_young_researchs_fellowship_programme_unescokeizo_obuchi_research_fellowships_programme_cycle_2018,Smriti Saraswat,[]
v0_069_call___unescojapan_young_researchs_fellowship_programme_unescokeizo_obuchi_research_fellowships_programme_cycle_2018,Sonal Atreya,[]
v0_069_call___unescojapan_young_researchs_fellowship_programme_unescokeizo_obuchi_research_fellowships_programme_cycle_2018,Tina Pujara,['general']
v0_069_call___unescojapan_young_researchs_fellowship_programme_unescokeizo_obuchi_research_fellowships_programme_cycle_2018,Uttam Kumar Roy,['general']
v0_069_call___unescojapan_young_researchs_fellowship_programme_unescokeizo_obuchi_research_fellowships_programme_cycle_2018,V Devadas,[]
v0_069_call___unescojapan_young_researchs_fellowship_programme_unescokeizo_obuchi_research_fellowships_programme_cycle_2018,Jaydev Dabas,[]
v0_069_call___unescojapan_young_researchs_fellowship_programme_unescokeizo_obuchi_research_fellowships_programme_cycle_2018,Millie Pant,[]
v0_069_call___unescojapan_young_researchs_fellowship_programme_unescokeizo_obuchi_research_fellowships_programme_cycle_2018,Rajan Arora,[]
v0_069_call___unescojapan_young_researchs_fellowship_programme_unescokeizo_obuchi_research_fellowships_programme_cycle_2018,Ashwani Kumar Sharma,['general']
v0_069_call___unescojapan_young_researchs_fellowship_programme_unescokeizo_obuchi_research_fellowships_programme_cycle_2018,Bijan Choudhury,[]
v0_069_call___unescojapan_young_researchs_fellowship_programme_unescokeizo_obuchi_research_fellowships_programme_cycle_2018,Debabrata Sircar,['general']
v0_069_call___unescojapan_young_researchs_fellowship_programme_unescokeizo_obuchi_research_fellowships_programme_cycle_2018,Deepak Sharma,['general']
v0_069_call___unescojapan_young_researchs_fellowship_programme_unescokeizo_obuchi_research_fellowships_programme_cycle_2018,P Gopinath,[]
v0_069_call___unescojapan_young_researchs_fellowship_programme_unescokeizo_obuchi_research_fellowships_programme_cycle_2018,Harsh Chauhan,[]
v0_069_call___unescojapan_young_researchs_fellowship_programme_unescokeizo_obuchi_research_fellowships_programme_cycle_2018,Srinivas Kiran Ambatipudi,[]
v0_069_call___unescojapan_young_researchs_fellowship_programme_unescokeizo_obuchi_research_fellowships_programme_cycle_2018,Krishna Mohan Poluri,['general']
v0_069_call___unescojapan_young_researchs_fellowship_programme_unescokeizo_obuchi_research_fellowships_programme_cycle_2018,Maya S.Nair,['general']
v0_069_call___unescojapan_young_researchs_fellowship_programme_unescokeizo_obuchi_research_fellowships_programme_cycle_2018,N K Navani,['general']
v0_069_call___unescojapan_young_researchs_fellowship_programme_unescokeizo_obuchi_research_fellowships_programme_cycle_2018,Partha Roy,[]
v0_069_call___unescojapan_young_researchs_fellowship_programme_unescokeizo_obuchi_research_fellowships_programme_cycle_2018,Poonam Choudhary,[]
v0_069_call___unescojapan_young_researchs_fellowship_programme_unescokeizo_obuchi_research_fellowships_programme_cycle_2018,Prabhat Kumar Mandal,[]
v0_069_call___unescojapan_young_researchs_fellowship_programme_unescokeizo_obuchi_research_fellowships_programme_cycle_2018,Pranita P Sarangi,[]
v0_069_call___unescojapan_young_researchs_fellowship_programme_unescokeizo_obuchi_research_fellowships_programme_cycle_2018,Pravindra Kumar,[]
v0_069_call___unescojapan_young_researchs_fellowship_programme_unescokeizo_obuchi_research_fellowships_programme_cycle_2018,Prince Tiwari,[]
v0_069_call___unescojapan_young_researchs_fellowship_programme_unescokeizo_obuchi_research_fellowships_programme_cycle_2018,R. P. Singh,[]
v0_069_call___unescojapan_young_researchs_fellowship_programme_unescokeizo_obuchi_research_fellowships_programme_cycle_2018,Ramasare Prasad,[]
v0_069_call___unescojapan_young_researchs_fellowship_programme_unescokeizo_obuchi_research_fellowships_programme_cycle_2018,Ranjana Pathania,['general']
v0_069_call___unescojapan_young_researchs_fellowship_programme_unescokeizo_obuchi_research_fellowships_programme_cycle_2018,Sanjoy Ghosh,['general']
v0_069_call___unescojapan_young_researchs_fellowship_programme_unescokeizo_obuchi_research_fellowships_programme_cycle_2018,Saugata Hazra,['general']
v0_069_call___unescojapan_young_researchs_fellowship_programme_unescokeizo_obuchi_research_fellowships_programme_cycle_2018,Shailly Tomar,[]
v0_069_call___unescojapan_young_researchs_fellowship_programme_unescokeizo_obuchi_research_fellowships_programme_cycle_2018,Shri Ram Yadav,[]
v0_069_call___unescojapan_young_researchs_fellowship_programme_unescokeizo_obuchi_research_fellowships_programme_cycle_2018,Soma Rohatgi,['general']
v0_069_call___unescojapan_young_researchs_fellowship_programme_unescokeizo_obuchi_research_fellowships_programme_cycle_2018,Sachin Suresh Tiwari,['general']
v0_069_call___unescojapan_young_researchs_fellowship_programme_unescokeizo_obuchi_research_fellowships_programme_cycle_2018,Jitin Singla,[]
v0_069_call___unescojapan_young_researchs_fellowship_programme_unescokeizo_obuchi_research_fellowships_programme_cycle_2018,Rajesh Kumar,[]
v0_069_call___unescojapan_young_researchs_fellowship_programme_unescokeizo_obuchi_research_fellowships_programme_cycle_2018,Akhil Upadhyay,['general']
v0_070_call_for_nominations_serb_distinguished_fellowship_last_date_upto_30_november_2018,Arindam Biswas,['engineering']
v0_070_call_for_nominations_serb_distinguished_fellowship_last_date_upto_30_november_2018,Avlokita Agrawal,['engineering']
v0_070_call_for_nominations_serb_distinguished_fellowship_last_date_upto_30_november_2018,Gaurav Raheja,['engineering']
v0_070_call_for_nominations_serb_distinguished_fellowship_last_date_upto_30_november_2018,Harshit Sosan Lakra,[]
v0_070_call_for_nominations_serb_distinguished_fellowship_last_date_upto_30_november_2018,Mahua Mukherjee,[]
v0_070_call_for_nominations_serb_distinguished_fellowship_last_date_upto_30_november_2018,Prabhjot Singh Chani,[]
v0_070_call_for_nominations_serb_distinguished_fellowship_last_date_upto_30_november_2018,E Rajasekar,[]
v0_070_call_for_nominations_serb_distinguished_fellowship_last_date_upto_30_november_2018,Ram Sateesh Pasupuleti,[]
v0_070_call_for_nominations_serb_distinguished_fellowship_last_date_upto_30_november_2018,Saptarshi Kolay,['engineering']
v0_070_call_for_nominations_serb_distinguished_fellowship_last_date_upto_30_november_2018,Shubhajit Sadhukhan,[]
v0_070_call_for_nominations_serb_distinguished_fellowship_last_date_upto_30_november_2018,Smriti Saraswat,[]
v0_070_call_for_nominations_serb_distinguished_fellowship_last_date_upto_30_november_2018,Sonal Atreya,['engineering']
v0_070_call_for_nominations_serb_distinguished_fellowship_last_date_upto_30_november_2018,Tina Pujara,[]
v0_070_call_for_nominations_serb_distinguished_fellowship_last_date_upto_30_november_2018,Uttam Kumar Roy,[]
v0_070_call_for_nominations_serb_distinguished_fellowship_last_date_upto_30_november_2018,V Devadas,[]
v0_070_call_for_nominations_serb_distinguished_fellowship_last_date_upto_30_november_2018,Jaydev Dabas,[]
v0_070_call_for_nominations_serb_distinguished_fellowship_last_date_upto_30_november_2018,Millie Pant,[]
v0_070_call_for_nominations_serb_distinguished_fellowship_last_date_upto_30_november_2018,Rajan Arora,[]
v0_070_call_for_nominations_serb_distinguished_fellowship_last_date_upto_30_november_2018,Ashwani Kumar Sharma,[]
v0_070_call_for_nominations_serb_distinguished_fellowship_last_date_upto_30_november_2018,Bijan Choudhury,['engineering']
v0_070_call_for_nominations_serb_distinguished_fellowship_last_date_upto_30_november_2018,Debabrata Sircar,[]
v0_070_call_for_nominations_serb_distinguished_fellowship_last_date_upto_30_november_2018,Deepak Sharma,[]
v0_070_call_for_nominations_serb_distinguished_fellowship_last_date_upto_30_november_2018,P Gopinath,[]
v0_070_call_for_nominations_serb_distinguished_fellowship_last_date_upto_30_november_2018,Harsh Chauhan,[]
v0_070_call_for_nominations_serb_distinguished_fellowship_last_date_upto_30_november_2018,Srinivas Kiran Ambatipudi,[]
v0_070_call_for_nominations_serb_distinguished_fellowship_last_date_upto_30_november_2018,Krishna Mohan Poluri,[]
v0_070_call_for_nominations_serb_distinguished_fellowship_last_date_upto_30_november_2018,Maya S.Nair,[]
v0_070_call_for_nominations_serb_distinguished_fellowship_last_date_upto_30_november_2018,N K Navani,[]
v0_070_call_for_nominations_serb_distinguished_fellowship_last_date_upto_30_november_2018,Partha Roy,[]
v0_070_call_for_nominations_serb_distinguished_fellowship_last_date_upto_30_november_2018,Poonam Choudhary,['engineering']
v0_070_call_for_nominations_serb_distinguished_fellowship_last_date_upto_30_november_2018,Prabhat Kumar Mandal,['engineering']
v0_070_call_for_nominations_serb_distinguished_fellowship_last_date_upto_30_november_2018,Pranita P Sarangi,[]
v0_070_call_for_nominations_serb_distinguished_fellowship_last_date_upto_30_november_2018,Pravindra Kumar,[]
v0_070_call_for_nominations_serb_distinguished_fellowship_last_date_upto_30_november_2018,Prince Tiwari,['engineering']
v0_070_call_for_nominations_serb_distinguished_fellowship_last_date_upto_30_november_2018,R. P. Singh,['engineering']
v0_070_call_for_nominations_serb_distinguished_fellowship_last_date_upto_30_november_2018,Ramasare Prasad,['engineering']
v0_070_call_for_nominations_serb_distinguished_fellowship_last_date_upto_30_november_2018,Ranjana Pathania,[]
v0_070_call_for_nominations_serb_distinguished_fellowship_last_date_upto_30_november_2018,Sanjoy Ghosh,['engineering']
v0_070_call_for_nominations_serb_distinguished_fellowship_last_date_upto_30_november_2018,Saugata Hazra,['engineering']
v0_070_call_for_nominations_serb_distinguished_fellowship_last_date_upto_30_november_2018,Shailly Tomar,[]
v0_070_call_for_nominations_serb_distinguished_fellowship_last_date_upto_30_november_2018,Shri Ram Yadav,['engineering']
v0_070_call_for_nominations_serb_distinguished_fellowship_last_date_upto_30_november_2018,Soma Rohatgi,['engineering']
v0_070_call_for_nominations_serb_distinguished_fellowship_last_date_upto_30_november_2018,Sachin Suresh Tiwari,['engineering']
v0_070_call_for_nominations_serb_distinguished_fellowship_last_date_upto_30_november_2018,Jitin Singla,[]
v0_070_call_for_nominations_serb_distinguished_fellowship_last_date_upto_30_november_2018,Rajesh Kumar,[]
v0_070_call_for_nominations_serb_distinguished_fellowship_last_date_upto_30_november_2018,Akhil Upadhyay,['engineering']
v0_071_dst_dfg_awards_for_participation_in_the_69th_meeting_of_nobel_laureates__students_lindau_germany,Arindam Biswas,[]
v0_071_dst_dfg_awards_for_participation_in_the_69th_meeting_of_nobel_laureates__students_lindau_germany,Avlokita Agrawal,[]
v0_071_dst_dfg_awards_for_participation_in_the_69th_meeting_of_nobel_laureates__students_lindau_germany,Gaurav Raheja,[]
v0_071_dst_dfg_awards_for_participation_in_the_69th_meeting_of_nobel_laureates__students_lindau_germany,Harshit Sosan Lakra,['general']
v0_071_dst_dfg_awards_for_participation_in_the_69th_meeting_of_nobel_laureates__students_lindau_germany,Mahua Mukherjee,['general']
v0_071_dst_dfg_awards_for_participation_in_the_69th_meeting_of_nobel_laureates__students_lindau_germany,Prabhjot Singh Chani,['general']
v0_071_dst_dfg_awards_for_participation_in_the_69th_meeting_of_nobel_laureates__students_lindau_germany,E Rajasekar,[]
v0_071_dst_dfg_awards_for_participation_in_the_69th_meeting_of_nobel_laureates__students_lindau_germany,Ram Sateesh Pasupuleti,['general']
v0_071_dst_dfg_awards_for_participation_in_the_69th_meeting_of_nobel_laureates__students_lindau_germany,Saptarshi Kolay,[]
v0_071_dst_dfg_awards_for_participation_in_the_69th_meeting_of_nobel_laureates__students_lindau_germany,Shubhajit Sadhukhan,[]
v0_071_dst_dfg_awards_for_participation_in_the_69th_meeting_of_nobel_laureates__students_lindau_germany,Smriti Saraswat,[]
v0_071_dst_dfg_awards_for_participation_in_the_69th_meeting_of_nobel_laureates__students_lindau_germany,Sonal Atreya,[]
v0_071_dst_dfg_awards_for_participation_in_the_69th_meeting_of_nobel_laureates__students_lindau_germany,Tina Pujara,['general']
v0_071_dst_dfg_awards_for_participation_in_the_69th_meeting_of_nobel_laureates__students_lindau_germany,Uttam Kumar Roy,['general']
v0_071_dst_dfg_awards_for_participation_in_the_69th_meeting_of_nobel_laureates__students_lindau_germany,V Devadas,[]
v0_071_dst_dfg_awards_for_participation_in_the_69th_meeting_of_nobel_laureates__students_lindau_germany,Jaydev Dabas,[]
v0_071_dst_dfg_awards_for_participation_in_the_69th_meeting_of_nobel_laureates__students_lindau_germany,Millie Pant,[]
v0_071_dst_dfg_awards_for_participation_in_the_69th_meeting_of_nobel_laureates__students_lindau_germany,Rajan Arora,[]
v0_071_dst_dfg_awards_for_participation_in_the_69th_meeting_of_nobel_laureates__students_lindau_germany,Ashwani Kumar Sharma,['general']
v0_071_dst_dfg_awards_for_participation_in_the_69th_meeting_of_nobel_laureates__students_lindau_germany,Bijan Choudhury,[]
v0_071_dst_dfg_awards_for_participation_in_the_69th_meeting_of_nobel_laureates__students_lindau_germany,Debabrata Sircar,['general']
v0_071_dst_dfg_awards_for_participation_in_the_69th_meeting_of_nobel_laureates__students_lindau_germany,Deepak Sharma,['general']
v0_071_dst_dfg_awards_for_participation_in_the_69th_meeting_of_nobel_laureates__students_lindau_germany,P Gopinath,[]
v0_071_dst_dfg_awards_for_participation_in_the_69th_meeting_of_nobel_laureates__students_lindau_germany,Harsh Chauhan,[]
v0_071_dst_dfg_awards_for_participation_in_the_69th_meeting_of_nobel_laureates__students_lindau_germany,Srinivas Kiran Ambatipudi,[]
v0_071_dst_dfg_awards_for_participation_in_the_69th_meeting_of_nobel_laureates__students_lindau_germany,Krishna Mohan Poluri,['general']
v0_071_dst_dfg_awards_for_participation_in_the_69th_meeting_of_nobel_laureates__students_lindau_germany,Maya S.Nair,['general']
v0_071_dst_dfg_awards_for_participation_in_the_69th_meeting_of_nobel_laureates__students_lindau_germany,N K Navani,['general']
v0_071_dst_dfg_awards_for_participation_in_the_69th_meeting_of_nobel_laureates__students_lindau_germany,Partha Roy,[]
v0_071_dst_dfg_awards_for_participation_in_the_69th_meeting_of_nobel_laureates__students_lindau_germany,Poonam Choudhary,[]
v0_071_dst_dfg_awards_for_participation_in_the_69th_meeting_of_nobel_laureates__students_lindau_germany,Prabhat Kumar Mandal,[]
v0_071_dst_dfg_awards_for_participation_in_the_69th_meeting_of_nobel_laureates__students_lindau_germany,Pranita P Sarangi,[]
v0_071_dst_dfg_awards_for_participation_in_the_69th_meeting_of_nobel_laureates__students_lindau_germany,Pravindra Kumar,[]
v0_071_dst_dfg_awards_for_participation_in_the_69th_meeting_of_nobel_laureates__students_lindau_germany,Prince Tiwari,[]
v0_071_dst_dfg_awards_for_participation_in_the_69th_meeting_of_nobel_laureates__students_lindau_germany,R. P. Singh,[]
v0_071_dst_dfg_awards_for_participation_in_the_69th_meeting_of_nobel_laureates__students_lindau_germany,Ramasare Prasad,[]
v0_071_dst_dfg_awards_for_participation_in_the_69th_meeting_of_nobel_laureates__students_lindau_germany,Ranjana Pathania,['general']
v0_071_dst_dfg_awards_for_participation_in_the_69th_meeting_of_nobel_laureates__students_lindau_germany,Sanjoy Ghosh,['general']
v0_071_dst_dfg_awards_for_participation_in_the_69th_meeting_of_nobel_laureates__students_lindau_germany,Saugata Hazra,['general']
v0_071_dst_dfg_awards_for_participation_in_the_69th_meeting_of_nobel_laureates__students_lindau_germany,Shailly Tomar,[]
v0_071_dst_dfg_awards_for_participation_in_the_69th_meeting_of_nobel_laureates__students_lindau_germany,Shri Ram Yadav,[]
v0_071_dst_dfg_awards_for_participation_in_the_69th_meeting_of_nobel_laureates__students_lindau_germany,Soma Rohatgi,['general']
v0_071_dst_dfg_awards_for_participation_in_the_69th_meeting_of_nobel_laureates__students_lindau_germany,Sachin Suresh Tiwari,['general']
v0_071_dst_dfg_awards_for_participation_in_the_69th_meeting_of_nobel_laureates__students_lindau_germany,Jitin Singla,[]
v0_071_dst_dfg_awards_for_participation_in_the_69th_meeting_of_nobel_laureates__students_lindau_germany,Rajesh Kumar,[]
v0_071_dst_dfg_awards_for_participation_in_the_69th_meeting_of_nobel_laureates__students_lindau_germany,Akhil Upadhyay,['general']
v0_072_india_sweden_joint_call_2018,Arindam Biswas,"['computer', 'engineering']"
v0_072_india_sweden_joint_call_2018,Avlokita Agrawal,"['computer', 'engineering', 'material']"
v0_072_india_sweden_joint_call_2018,Gaurav Raheja,"['computer', 'engineering', 'environment', 'material']"
v0_072_india_sweden_joint_call_2018,Harshit Sosan Lakra,['material']
v0_072_india_sweden_joint_call_2018,Mahua Mukherjee,"['environment', 'material']"
v0_072_india_sweden_joint_call_2018,Prabhjot Singh Chani,"['computer', 'concern', 'environment']"
v0_072_india_sweden_joint_call_2018,E Rajasekar,['material']
v0_072_india_sweden_joint_call_2018,Ram Sateesh Pasupuleti,"['computer', 'material']"
v0_072_india_sweden_joint_call_2018,Saptarshi Kolay,"['computer', 'concern', 'engineering']"
v0_072_india_sweden_joint_call_2018,Shubhajit Sadhukhan,"['environment', 'material']"
v0_072_india_sweden_joint_call_2018,Smriti Saraswat,['material']
v0_072_india_sweden_joint_call_2018,Sonal Atreya,"['computer', 'engineering', 'material']"
v0_072_india_sweden_joint_call_2018,Tina Pujara,"['computer', 'concern', 'material']"
v0_072_india_sweden_joint_call_2018,Uttam Kumar Roy,"['computer', 'concern', 'environment', 'material']"
v0_072_india_sweden_joint_call_2018,V Devadas,['computer']
v0_072_india_sweden_joint_call_2018,Jaydev Dabas,['concern']
v0_072_india_sweden_joint_call_2018,Millie Pant,['material']
v0_072_india_sweden_joint_call_2018,Rajan Arora,"['computer', 'environment']"
v0_072_india_sweden_joint_call_2018,Ashwani Kumar Sharma,"['computer', 'material']"
v0_072_india_sweden_joint_call_2018,Bijan Choudhury,"['engineering', 'environment']"
v0_072_india_sweden_joint_call_2018,Debabrata Sircar,"['computer', 'concern', 'material']"
v0_072_india_sweden_joint_call_2018,Deepak Sharma,"['concern', 'material']"
v0_072_india_sweden_joint_call_2018,P Gopinath,"['environment', 'material']"
v0_072_india_sweden_joint_call_2018,Harsh Chauhan,"['computer', 'environment']"
v0_072_india_sweden_joint_call_2018,Srinivas Kiran Ambatipudi,[]
v0_072_india_sweden_joint_call_2018,Krishna Mohan Poluri,"['environment', 'material']"
v0_072_india_sweden_joint_call_2018,Maya S.Nair,['material']
v0_072_india_sweden_joint_call_2018,N K Navani,"['concern', 'material']"
v0_072_india_sweden_joint_call_2018,Partha Roy,"['computer', 'concern', 'environment', 'material']"
v0_072_india_sweden_joint_call_2018,Poonam Choudhary,"['computer', 'engineering']"
v0_072_india_sweden_joint_call_2018,Prabhat Kumar Mandal,"['computer', 'concern', 'engineering', 'environment', 'material']"
v0_072_india_sweden_joint_call_2018,Pranita P Sarangi,[]
v0_072_india_sweden_joint_call_2018,Pravindra Kumar,[]
v0_072_india_sweden_joint_call_2018,Prince Tiwari,"['engineering', 'material']"
v0_072_india_sweden_joint_call_2018,R. P. Singh,"['engineering', 'material']"
v0_072_india_sweden_joint_call_2018,Ramasare Prasad,"['computer', 'engineering', 'environment', 'material']"
v0_072_india_sweden_joint_call_2018,Ranjana Pathania,['material']
v0_072_india_sweden_joint_call_2018,Sanjoy Ghosh,"['concern', 'engineering', 'environment', 'material']"
v0_072_india_sweden_joint_call_2018,Saugata Hazra,"['concern', 'engineering', 'environment', 'material']"
v0_072_india_sweden_joint_call_2018,Shailly Tomar,"['concern', 'material']"
v0_072_india_sweden_joint_call_2018,Shri Ram Yadav,['engineering']
v0_072_india_sweden_joint_call_2018,Soma Rohatgi,"['concern', 'engineering', 'material']"
v0_072_india_sweden_joint_call_2018,Sachin Suresh Tiwari,['engineering']
v0_072_india_sweden_joint_call_2018,Jitin Singla,"['computer', 'concern', 'material']"
v0_072_india_sweden_joint_call_2018,Rajesh Kumar,"['concern', 'environment', 'material']"
v0_072_india_sweden_joint_call_2018,Akhil Upadhyay,"['computer', 'engineering']"
v0_073_joint_call_for_proposals___india_bulgaria_bilateral_scientific_and_technological_cooperation,Arindam Biswas,[]
v0_073_joint_call_for_proposals___india_bulgaria_bilateral_scientific_and_technological_cooperation,Avlokita Agrawal,['material']
v0_073_joint_call_for_proposals___india_bulgaria_bilateral_scientific_and_technological_cooperation,Gaurav Raheja,['material']
v0_073_joint_call_for_proposals___india_bulgaria_bilateral_scientific_and_technological_cooperation,Harshit Sosan Lakra,['material']
v0_073_joint_call_for_proposals___india_bulgaria_bilateral_scientific_and_technological_cooperation,Mahua Mukherjee,['material']
v0_073_joint_call_for_proposals___india_bulgaria_bilateral_scientific_and_technological_cooperation,Prabhjot Singh Chani,[]
v0_073_joint_call_for_proposals___india_bulgaria_bilateral_scientific_and_technological_cooperation,E Rajasekar,['material']
v0_073_joint_call_for_proposals___india_bulgaria_bilateral_scientific_and_technological_cooperation,Ram Sateesh Pasupuleti,['material']
v0_073_joint_call_for_proposals___india_bulgaria_bilateral_scientific_and_technological_cooperation,Saptarshi Kolay,[]
v0_073_joint_call_for_proposals___india_bulgaria_bilateral_scientific_and_technological_cooperation,Shubhajit Sadhukhan,['material']
v0_073_joint_call_for_proposals___india_bulgaria_bilateral_scientific_and_technological_cooperation,Smriti Saraswat,['material']
v0_073_joint_call_for_proposals___india_bulgaria_bilateral_scientific_and_technological_cooperation,Sonal Atreya,['material']
v0_073_joint_call_for_proposals___india_bulgaria_bilateral_scientific_and_technological_cooperation,Tina Pujara,['material']
v0_073_joint_call_for_proposals___india_bulgaria_bilateral_scientific_and_technological_cooperation,Uttam Kumar Roy,['material']
v0_073_joint_call_for_proposals___india_bulgaria_bilateral_scientific_and_technological_cooperation,V Devadas,[]
v0_073_joint_call_for_proposals___india_bulgaria_bilateral_scientific_and_technological_cooperation,Jaydev Dabas,[]
v0_073_joint_call_for_proposals___india_bulgaria_bilateral_scientific_and_technological_cooperation,Millie Pant,['material']
v0_073_joint_call_for_proposals___india_bulgaria_bilateral_scientific_and_technological_cooperation,Rajan Arora,[]
v0_073_joint_call_for_proposals___india_bulgaria_bilateral_scientific_and_technological_cooperation,Ashwani Kumar Sharma,['material']
v0_073_joint_call_for_proposals___india_bulgaria_bilateral_scientific_and_technological_cooperation,Bijan Choudhury,[]
v0_073_joint_call_for_proposals___india_bulgaria_bilateral_scientific_and_technological_cooperation,Debabrata Sircar,['material']
v0_073_joint_call_for_proposals___india_bulgaria_bilateral_scientific_and_technological_cooperation,Deepak Sharma,['material']
v0_073_joint_call_for_proposals___india_bulgaria_bilateral_scientific_and_technological_cooperation,P Gopinath,['material']
v0_073_joint_call_for_proposals___india_bulgaria_bilateral_scientific_and_technological_cooperation,Harsh Chauhan,[]
v0_073_joint_call_for_proposals___india_bulgaria_bilateral_scientific_and_technological_cooperation,Srinivas Kiran Ambatipudi,[]
v0_073_joint_call_for_proposals___india_bulgaria_bilateral_scientific_and_technological_cooperation,Krishna Mohan Poluri,['material']
v0_073_joint_call_for_proposals___india_bulgaria_bilateral_scientific_and_technological_cooperation,Maya S.Nair,['material']
v0_073_joint_call_for_proposals___india_bulgaria_bilateral_scientific_and_technological_cooperation,N K Navani,['material']
v0_073_joint_call_for_proposals___india_bulgaria_bilateral_scientific_and_technological_cooperation,Partha Roy,['material']
v0_073_joint_call_for_proposals___india_bulgaria_bilateral_scientific_and_technological_cooperation,Poonam Choudhary,[]
v0_073_joint_call_for_proposals___india_bulgaria_bilateral_scientific_and_technological_cooperation,Prabhat Kumar Mandal,['material']
v0_073_joint_call_for_proposals___india_bulgaria_bilateral_scientific_and_technological_cooperation,Pranita P Sarangi,[]
v0_073_joint_call_for_proposals___india_bulgaria_bilateral_scientific_and_technological_cooperation,Pravindra Kumar,[]
v0_073_joint_call_for_proposals___india_bulgaria_bilateral_scientific_and_technological_cooperation,Prince Tiwari,['material']
v0_073_joint_call_for_proposals___india_bulgaria_bilateral_scientific_and_technological_cooperation,R. P. Singh,['material']
v0_073_joint_call_for_proposals___india_bulgaria_bilateral_scientific_and_technological_cooperation,Ramasare Prasad,['material']
v0_073_joint_call_for_proposals___india_bulgaria_bilateral_scientific_and_technological_cooperation,Ranjana Pathania,['material']
v0_073_joint_call_for_proposals___india_bulgaria_bilateral_scientific_and_technological_cooperation,Sanjoy Ghosh,['material']
v0_073_joint_call_for_proposals___india_bulgaria_bilateral_scientific_and_technological_cooperation,Saugata Hazra,['material']
v0_073_joint_call_for_proposals___india_bulgaria_bilateral_scientific_and_technological_cooperation,Shailly Tomar,['material']
v0_073_joint_call_for_proposals___india_bulgaria_bilateral_scientific_and_technological_cooperation,Shri Ram Yadav,[]
v0_073_joint_call_for_proposals___india_bulgaria_bilateral_scientific_and_technological_cooperation,Soma Rohatgi,['material']
v0_073_joint_call_for_proposals___india_bulgaria_bilateral_scientific_and_technological_cooperation,Sachin Suresh Tiwari,[]
v0_073_joint_call_for_proposals___india_bulgaria_bilateral_scientific_and_technological_cooperation,Jitin Singla,['material']
v0_073_joint_call_for_proposals___india_bulgaria_bilateral_scientific_and_technological_cooperation,Rajesh Kumar,['material']
v0_073_joint_call_for_proposals___india_bulgaria_bilateral_scientific_and_technological_cooperation,Akhil Upadhyay,[]
v0_074_advertisement_for_science_and_technology_of_yoga_and_meditation_satyam,Arindam Biswas,['aspect']
v0_074_advertisement_for_science_and_technology_of_yoga_and_meditation_satyam,Avlokita Agrawal,['investigation']
v0_074_advertisement_for_science_and_technology_of_yoga_and_meditation_satyam,Gaurav Raheja,"['aspect', 'investigation']"
v0_074_advertisement_for_science_and_technology_of_yoga_and_meditation_satyam,Harshit Sosan Lakra,[]
v0_074_advertisement_for_science_and_technology_of_yoga_and_meditation_satyam,Mahua Mukherjee,"['effect', 'investigation']"
v0_074_advertisement_for_science_and_technology_of_yoga_and_meditation_satyam,Prabhjot Singh Chani,"['effect', 'investigation']"
v0_074_advertisement_for_science_and_technology_of_yoga_and_meditation_satyam,E Rajasekar,"['aspect', 'investigation']"
v0_074_advertisement_for_science_and_technology_of_yoga_and_meditation_satyam,Ram Sateesh Pasupuleti,[]
v0_074_advertisement_for_science_and_technology_of_yoga_and_meditation_satyam,Saptarshi Kolay,"['aspect', 'effect', 'investigation']"
v0_074_advertisement_for_science_and_technology_of_yoga_and_meditation_satyam,Shubhajit Sadhukhan,['investigation']
v0_074_advertisement_for_science_and_technology_of_yoga_and_meditation_satyam,Smriti Saraswat,['effect']
v0_074_advertisement_for_science_and_technology_of_yoga_and_meditation_satyam,Sonal Atreya,"['aspect', 'investigation']"
v0_074_advertisement_for_science_and_technology_of_yoga_and_meditation_satyam,Tina Pujara,[]
v0_074_advertisement_for_science_and_technology_of_yoga_and_meditation_satyam,Uttam Kumar Roy,['aspect']
v0_074_advertisement_for_science_and_technology_of_yoga_and_meditation_satyam,V Devadas,"['aspect', 'effect', 'investigation']"
v0_074_advertisement_for_science_and_technology_of_yoga_and_meditation_satyam,Jaydev Dabas,['investigation']
v0_074_advertisement_for_science_and_technology_of_yoga_and_meditation_satyam,Millie Pant,"['effect', 'investigation']"
v0_074_advertisement_for_science_and_technology_of_yoga_and_meditation_satyam,Rajan Arora,['investigation']
v0_074_advertisement_for_science_and_technology_of_yoga_and_meditation_satyam,Ashwani Kumar Sharma,[]
v0_074_advertisement_for_science_and_technology_of_yoga_and_meditation_satyam,Bijan Choudhury,[]
v0_074_advertisement_for_science_and_technology_of_yoga_and_meditation_satyam,Debabrata Sircar,['investigation']
v0_074_advertisement_for_science_and_technology_of_yoga_and_meditation_satyam,Deepak Sharma,['investigation']
v0_074_advertisement_for_science_and_technology_of_yoga_and_meditation_satyam,P Gopinath,[]
v0_074_advertisement_for_science_and_technology_of_yoga_and_meditation_satyam,Harsh Chauhan,['investigation']
v0_074_advertisement_for_science_and_technology_of_yoga_and_meditation_satyam,Srinivas Kiran Ambatipudi,[]
v0_074_advertisement_for_science_and_technology_of_yoga_and_meditation_satyam,Krishna Mohan Poluri,['investigation']
v0_074_advertisement_for_science_and_technology_of_yoga_and_meditation_satyam,Maya S.Nair,"['aspect', 'effect', 'investigation']"
v0_074_advertisement_for_science_and_technology_of_yoga_and_meditation_satyam,N K Navani,"['aspect', 'investigation']"
v0_074_advertisement_for_science_and_technology_of_yoga_and_meditation_satyam,Partha Roy,['investigation']
v0_074_advertisement_for_science_and_technology_of_yoga_and_meditation_satyam,Poonam Choudhary,"['effect', 'investigation']"
v0_074_advertisement_for_science_and_technology_of_yoga_and_meditation_satyam,Prabhat Kumar Mandal,"['aspect', 'investigation']"
v0_074_advertisement_for_science_and_technology_of_yoga_and_meditation_satyam,Pranita P Sarangi,[]
v0_074_advertisement_for_science_and_technology_of_yoga_and_meditation_satyam,Pravindra Kumar,[]
v0_074_advertisement_for_science_and_technology_of_yoga_and_meditation_satyam,Prince Tiwari,[]
v0_074_advertisement_for_science_and_technology_of_yoga_and_meditation_satyam,R. P. Singh,['investigation']
v0_074_advertisement_for_science_and_technology_of_yoga_and_meditation_satyam,Ramasare Prasad,['investigation']
v0_074_advertisement_for_science_and_technology_of_yoga_and_meditation_satyam,Ranjana Pathania,[]
v0_074_advertisement_for_science_and_technology_of_yoga_and_meditation_satyam,Sanjoy Ghosh,['investigation']
v0_074_advertisement_for_science_and_technology_of_yoga_and_meditation_satyam,Saugata Hazra,['investigation']
v0_074_advertisement_for_science_and_technology_of_yoga_and_meditation_satyam,Shailly Tomar,['aspect']
v0_074_advertisement_for_science_and_technology_of_yoga_and_meditation_satyam,Shri Ram Yadav,['investigation']
v0_074_advertisement_for_science_and_technology_of_yoga_and_meditation_satyam,Soma Rohatgi,"['aspect', 'effect', 'investigation']"
v0_074_advertisement_for_science_and_technology_of_yoga_and_meditation_satyam,Sachin Suresh Tiwari,['investigation']
v0_074_advertisement_for_science_and_technology_of_yoga_and_meditation_satyam,Jitin Singla,['investigation']
v0_074_advertisement_for_science_and_technology_of_yoga_and_meditation_satyam,Rajesh Kumar,"['aspect', 'effect', 'investigation']"
v0_074_advertisement_for_science_and_technology_of_yoga_and_meditation_satyam,Akhil Upadhyay,['investigation']
v0_075_call_for_proposals_for_optimal_water_use_in_industrial_sector_water_conservation_water_use_efficiency_waste_water_recovery_utilization_of_residues,Arindam Biswas,"['adoption', 'design', 'population', 'situation', 'urbanization']"
v0_075_call_for_proposals_for_optimal_water_use_in_industrial_sector_water_conservation_water_use_efficiency_waste_water_recovery_utilization_of_residues,Avlokita Agrawal,"['adoption', 'population', 'situation']"
v0_075_call_for_proposals_for_optimal_water_use_in_industrial_sector_water_conservation_water_use_efficiency_waste_water_recovery_utilization_of_residues,Gaurav Raheja,"['design', 'situation', 'urbanization', 'use', 'waste']"
v0_075_call_for_proposals_for_optimal_water_use_in_industrial_sector_water_conservation_water_use_efficiency_waste_water_recovery_utilization_of_residues,Harshit Sosan Lakra,[]
v0_075_call_for_proposals_for_optimal_water_use_in_industrial_sector_water_conservation_water_use_efficiency_waste_water_recovery_utilization_of_residues,Mahua Mukherjee,"['adoption', 'demand', 'design', 'population', 'situation', 'urbanization', 'waste']"
v0_075_call_for_proposals_for_optimal_water_use_in_industrial_sector_water_conservation_water_use_efficiency_waste_water_recovery_utilization_of_residues,Prabhjot Singh Chani,"['adoption', 'efficiency', 'population', 'situation', 'urbanization', 'waste']"
v0_075_call_for_proposals_for_optimal_water_use_in_industrial_sector_water_conservation_water_use_efficiency_waste_water_recovery_utilization_of_residues,E Rajasekar,"['adoption', 'demand', 'design', 'situation', 'urbanization', 'waste']"
v0_075_call_for_proposals_for_optimal_water_use_in_industrial_sector_water_conservation_water_use_efficiency_waste_water_recovery_utilization_of_residues,Ram Sateesh Pasupuleti,"['adoption', 'population', 'situation', 'urbanization']"
v0_075_call_for_proposals_for_optimal_water_use_in_industrial_sector_water_conservation_water_use_efficiency_waste_water_recovery_utilization_of_residues,Saptarshi Kolay,"['demand', 'design', 'urbanization', 'use', 'waste']"
v0_075_call_for_proposals_for_optimal_water_use_in_industrial_sector_water_conservation_water_use_efficiency_waste_water_recovery_utilization_of_residues,Shubhajit Sadhukhan,"['demand', 'population', 'situation', 'urbanization', 'use']"
v0_075_call_for_proposals_for_optimal_water_use_in_industrial_sector_water_conservation_water_use_efficiency_waste_water_recovery_utilization_of_residues,Smriti Saraswat,"['demand', 'population']"
v0_075_call_for_proposals_for_optimal_water_use_in_industrial_sector_water_conservation_water_use_efficiency_waste_water_recovery_utilization_of_residues,Sonal Atreya,"['adoption', 'population', 'situation', 'urbanization', 'use', 'waste']"
v0_075_call_for_proposals_for_optimal_water_use_in_industrial_sector_water_conservation_water_use_efficiency_waste_water_recovery_utilization_of_residues,Tina Pujara,"['adoption', 'population', 'situation', 'urbanization', 'use']"
v0_075_call_for_proposals_for_optimal_water_use_in_industrial_sector_water_conservation_water_use_efficiency_waste_water_recovery_utilization_of_residues,Uttam Kumar Roy,"['adoption', 'design', 'population', 'situation', 'urbanization', 'use', 'waste']"
v0_075_call_for_proposals_for_optimal_water_use_in_industrial_sector_water_conservation_water_use_efficiency_waste_water_recovery_utilization_of_residues,V Devadas,"['adoption', 'design', 'population', 'situation', 'urbanization', 'use', 'waste']"
v0_075_call_for_proposals_for_optimal_water_use_in_industrial_sector_water_conservation_water_use_efficiency_waste_water_recovery_utilization_of_residues,Jaydev Dabas,"['adoption', 'design', 'efficiency', 'population', 'situation', 'urbanization']"
v0_075_call_for_proposals_for_optimal_water_use_in_industrial_sector_water_conservation_water_use_efficiency_waste_water_recovery_utilization_of_residues,Millie Pant,"['adoption', 'efficiency', 'population', 'situation', 'urbanization']"
v0_075_call_for_proposals_for_optimal_water_use_in_industrial_sector_water_conservation_water_use_efficiency_waste_water_recovery_utilization_of_residues,Rajan Arora,"['adoption', 'population', 'situation', 'urbanization']"
v0_075_call_for_proposals_for_optimal_water_use_in_industrial_sector_water_conservation_water_use_efficiency_waste_water_recovery_utilization_of_residues,Ashwani Kumar Sharma,"['design', 'population', 'situation', 'waste']"
v0_075_call_for_proposals_for_optimal_water_use_in_industrial_sector_water_conservation_water_use_efficiency_waste_water_recovery_utilization_of_residues,Bijan Choudhury,['urbanization']
v0_075_call_for_proposals_for_optimal_water_use_in_industrial_sector_water_conservation_water_use_efficiency_waste_water_recovery_utilization_of_residues,Debabrata Sircar,"['adoption', 'demand', 'population', 'situation', 'urbanization', 'waste']"
v0_075_call_for_proposals_for_optimal_water_use_in_industrial_sector_water_conservation_water_use_efficiency_waste_water_recovery_utilization_of_residues,Deepak Sharma,"['adoption', 'population', 'situation', 'urbanization']"
v0_075_call_for_proposals_for_optimal_water_use_in_industrial_sector_water_conservation_water_use_efficiency_waste_water_recovery_utilization_of_residues,P Gopinath,['waste']
v0_075_call_for_proposals_for_optimal_water_use_in_industrial_sector_water_conservation_water_use_efficiency_waste_water_recovery_utilization_of_residues,Harsh Chauhan,"['population', 'situation']"
v0_075_call_for_proposals_for_optimal_water_use_in_industrial_sector_water_conservation_water_use_efficiency_waste_water_recovery_utilization_of_residues,Srinivas Kiran Ambatipudi,[]
v0_075_call_for_proposals_for_optimal_water_use_in_industrial_sector_water_conservation_water_use_efficiency_waste_water_recovery_utilization_of_residues,Krishna Mohan Poluri,"['design', 'situation', 'waste']"
v0_075_call_for_proposals_for_optimal_water_use_in_industrial_sector_water_conservation_water_use_efficiency_waste_water_recovery_utilization_of_residues,Maya S.Nair,"['adoption', 'demand', 'population']"
v0_075_call_for_proposals_for_optimal_water_use_in_industrial_sector_water_conservation_water_use_efficiency_waste_water_recovery_utilization_of_residues,N K Navani,"['adoption', 'population', 'situation', 'urbanization', 'waste']"
v0_075_call_for_proposals_for_optimal_water_use_in_industrial_sector_water_conservation_water_use_efficiency_waste_water_recovery_utilization_of_residues,Partha Roy,"['adoption', 'design', 'population', 'situation', 'urbanization']"
v0_075_call_for_proposals_for_optimal_water_use_in_industrial_sector_water_conservation_water_use_efficiency_waste_water_recovery_utilization_of_residues,Poonam Choudhary,"['adoption', 'demand', 'design', 'population', 'situation', 'urbanization', 'use', 'waste']"
v0_075_call_for_proposals_for_optimal_water_use_in_industrial_sector_water_conservation_water_use_efficiency_waste_water_recovery_utilization_of_residues,Prabhat Kumar Mandal,"['adoption', 'population', 'situation', 'urbanization']"
v0_075_call_for_proposals_for_optimal_water_use_in_industrial_sector_water_conservation_water_use_efficiency_waste_water_recovery_utilization_of_residues,Pranita P Sarangi,[]
v0_075_call_for_proposals_for_optimal_water_use_in_industrial_sector_water_conservation_water_use_efficiency_waste_water_recovery_utilization_of_residues,Pravindra Kumar,"['adoption', 'population', 'use', 'waste']"
v0_075_call_for_proposals_for_optimal_water_use_in_industrial_sector_water_conservation_water_use_efficiency_waste_water_recovery_utilization_of_residues,Prince Tiwari,"['adoption', 'design', 'efficiency', 'situation', 'urbanization', 'use', 'waste']"
v0_075_call_for_proposals_for_optimal_water_use_in_industrial_sector_water_conservation_water_use_efficiency_waste_water_recovery_utilization_of_residues,R. P. Singh,"['design', 'situation', 'urbanization', 'use']"
v0_075_call_for_proposals_for_optimal_water_use_in_industrial_sector_water_conservation_water_use_efficiency_waste_water_recovery_utilization_of_residues,Ramasare Prasad,"['adoption', 'population', 'situation', 'urbanization', 'waste']"
v0_075_call_for_proposals_for_optimal_water_use_in_industrial_sector_water_conservation_water_use_efficiency_waste_water_recovery_utilization_of_residues,Ranjana Pathania,"['adoption', 'demand', 'design', 'efficiency', 'population', 'situation', 'urbanization']"
v0_075_call_for_proposals_for_optimal_water_use_in_industrial_sector_water_conservation_water_use_efficiency_waste_water_recovery_utilization_of_residues,Sanjoy Ghosh,"['adoption', 'population', 'situation', 'urbanization']"
v0_075_call_for_proposals_for_optimal_water_use_in_industrial_sector_water_conservation_water_use_efficiency_waste_water_recovery_utilization_of_residues,Saugata Hazra,"['design', 'situation']"
v0_075_call_for_proposals_for_optimal_water_use_in_industrial_sector_water_conservation_water_use_efficiency_waste_water_recovery_utilization_of_residues,Shailly Tomar,['waste']
v0_075_call_for_proposals_for_optimal_water_use_in_industrial_sector_water_conservation_water_use_efficiency_waste_water_recovery_utilization_of_residues,Shri Ram Yadav,"['adoption', 'population', 'situation', 'urbanization']"
v0_075_call_for_proposals_for_optimal_water_use_in_industrial_sector_water_conservation_water_use_efficiency_waste_water_recovery_utilization_of_residues,Soma Rohatgi,"['design', 'efficiency', 'situation', 'urbanization']"
v0_075_call_for_proposals_for_optimal_water_use_in_industrial_sector_water_conservation_water_use_efficiency_waste_water_recovery_utilization_of_residues,Sachin Suresh Tiwari,"['adoption', 'efficiency', 'population', 'situation', 'urbanization', 'use']"
v0_075_call_for_proposals_for_optimal_water_use_in_industrial_sector_water_conservation_water_use_efficiency_waste_water_recovery_utilization_of_residues,Jitin Singla,"['adoption', 'population', 'situation', 'urbanization']"
v0_075_call_for_proposals_for_optimal_water_use_in_industrial_sector_water_conservation_water_use_efficiency_waste_water_recovery_utilization_of_residues,Rajesh Kumar,"['adoption', 'demand', 'design', 'efficiency', 'population', 'situation', 'waste']"
v0_075_call_for_proposals_for_optimal_water_use_in_industrial_sector_water_conservation_water_use_efficiency_waste_water_recovery_utilization_of_residues,Akhil Upadhyay,"['demand', 'design', 'efficiency', 'situation', 'use']"
v0_076_call___indo_australia_fund_for_scientific_and_technological_cooperation_indo_aisrf_round_11,Arindam Biswas,[]
v0_076_call___indo_australia_fund_for_scientific_and_technological_cooperation_indo_aisrf_round_11,Avlokita Agrawal,['premier']
v0_076_call___indo_australia_fund_for_scientific_and_technological_cooperation_indo_aisrf_round_11,Gaurav Raheja,[]
v0_076_call___indo_australia_fund_for_scientific_and_technological_cooperation_indo_aisrf_round_11,Harshit Sosan Lakra,[]
v0_076_call___indo_australia_fund_for_scientific_and_technological_cooperation_indo_aisrf_round_11,Mahua Mukherjee,[]
v0_076_call___indo_australia_fund_for_scientific_and_technological_cooperation_indo_aisrf_round_11,Prabhjot Singh Chani,['premier']
v0_076_call___indo_australia_fund_for_scientific_and_technological_cooperation_indo_aisrf_round_11,E Rajasekar,[]
v0_076_call___indo_australia_fund_for_scientific_and_technological_cooperation_indo_aisrf_round_11,Ram Sateesh Pasupuleti,[]
v0_076_call___indo_australia_fund_for_scientific_and_technological_cooperation_indo_aisrf_round_11,Saptarshi Kolay,[]
v0_076_call___indo_australia_fund_for_scientific_and_technological_cooperation_indo_aisrf_round_11,Shubhajit Sadhukhan,[]
v0_076_call___indo_australia_fund_for_scientific_and_technological_cooperation_indo_aisrf_round_11,Smriti Saraswat,[]
v0_076_call___indo_australia_fund_for_scientific_and_technological_cooperation_indo_aisrf_round_11,Sonal Atreya,['premier']
v0_076_call___indo_australia_fund_for_scientific_and_technological_cooperation_indo_aisrf_round_11,Tina Pujara,['premier']
v0_076_call___indo_australia_fund_for_scientific_and_technological_cooperation_indo_aisrf_round_11,Uttam Kumar Roy,[]
v0_076_call___indo_australia_fund_for_scientific_and_technological_cooperation_indo_aisrf_round_11,V Devadas,[]
v0_076_call___indo_australia_fund_for_scientific_and_technological_cooperation_indo_aisrf_round_11,Jaydev Dabas,['premier']
v0_076_call___indo_australia_fund_for_scientific_and_technological_cooperation_indo_aisrf_round_11,Millie Pant,[]
v0_076_call___indo_australia_fund_for_scientific_and_technological_cooperation_indo_aisrf_round_11,Rajan Arora,[]
v0_076_call___indo_australia_fund_for_scientific_and_technological_cooperation_indo_aisrf_round_11,Ashwani Kumar Sharma,[]
v0_076_call___indo_australia_fund_for_scientific_and_technological_cooperation_indo_aisrf_round_11,Bijan Choudhury,[]
v0_076_call___indo_australia_fund_for_scientific_and_technological_cooperation_indo_aisrf_round_11,Debabrata Sircar,['premier']
v0_076_call___indo_australia_fund_for_scientific_and_technological_cooperation_indo_aisrf_round_11,Deepak Sharma,[]
v0_076_call___indo_australia_fund_for_scientific_and_technological_cooperation_indo_aisrf_round_11,P Gopinath,['round']
v0_076_call___indo_australia_fund_for_scientific_and_technological_cooperation_indo_aisrf_round_11,Harsh Chauhan,['premier']
v0_076_call___indo_australia_fund_for_scientific_and_technological_cooperation_indo_aisrf_round_11,Srinivas Kiran Ambatipudi,['premier']
v0_076_call___indo_australia_fund_for_scientific_and_technological_cooperation_indo_aisrf_round_11,Krishna Mohan Poluri,[]
v0_076_call___indo_australia_fund_for_scientific_and_technological_cooperation_indo_aisrf_round_11,Maya S.Nair,['premier']
v0_076_call___indo_australia_fund_for_scientific_and_technological_cooperation_indo_aisrf_round_11,N K Navani,['premier']
v0_076_call___indo_australia_fund_for_scientific_and_technological_cooperation_indo_aisrf_round_11,Partha Roy,[]
v0_076_call___indo_australia_fund_for_scientific_and_technological_cooperation_indo_aisrf_round_11,Poonam Choudhary,[]
v0_076_call___indo_australia_fund_for_scientific_and_technological_cooperation_indo_aisrf_round_11,Prabhat Kumar Mandal,[]
v0_076_call___indo_australia_fund_for_scientific_and_technological_cooperation_indo_aisrf_round_11,Pranita P Sarangi,[]
v0_076_call___indo_australia_fund_for_scientific_and_technological_cooperation_indo_aisrf_round_11,Pravindra Kumar,['premier']
v0_076_call___indo_australia_fund_for_scientific_and_technological_cooperation_indo_aisrf_round_11,Prince Tiwari,[]
v0_076_call___indo_australia_fund_for_scientific_and_technological_cooperation_indo_aisrf_round_11,R. P. Singh,[]
v0_076_call___indo_australia_fund_for_scientific_and_technological_cooperation_indo_aisrf_round_11,Ramasare Prasad,[]
v0_076_call___indo_australia_fund_for_scientific_and_technological_cooperation_indo_aisrf_round_11,Ranjana Pathania,['premier']
v0_076_call___indo_australia_fund_for_scientific_and_technological_cooperation_indo_aisrf_round_11,Sanjoy Ghosh,[]
v0_076_call___indo_australia_fund_for_scientific_and_technological_cooperation_indo_aisrf_round_11,Saugata Hazra,['premier']
v0_076_call___indo_australia_fund_for_scientific_and_technological_cooperation_indo_aisrf_round_11,Shailly Tomar,"['premier', 'round']"
v0_076_call___indo_australia_fund_for_scientific_and_technological_cooperation_indo_aisrf_round_11,Shri Ram Yadav,[]
v0_076_call___indo_australia_fund_for_scientific_and_technological_cooperation_indo_aisrf_round_11,Soma Rohatgi,['premier']
v0_076_call___indo_australia_fund_for_scientific_and_technological_cooperation_indo_aisrf_round_11,Sachin Suresh Tiwari,"['premier', 'round']"
v0_076_call___indo_australia_fund_for_scientific_and_technological_cooperation_indo_aisrf_round_11,Jitin Singla,[]
v0_076_call___indo_australia_fund_for_scientific_and_technological_cooperation_indo_aisrf_round_11,Rajesh Kumar,['round']
v0_076_call___indo_australia_fund_for_scientific_and_technological_cooperation_indo_aisrf_round_11,Akhil Upadhyay,[]
v0_077_india___ukieri_call_for_proposal,Arindam Biswas,"['building', 'capacity building']"
v0_077_india___ukieri_call_for_proposal,Avlokita Agrawal,"['building', 'capacity building']"
v0_077_india___ukieri_call_for_proposal,Gaurav Raheja,[]
v0_077_india___ukieri_call_for_proposal,Harshit Sosan Lakra,[]
v0_077_india___ukieri_call_for_proposal,Mahua Mukherjee,"['building', 'capacity building']"
v0_077_india___ukieri_call_for_proposal,Prabhjot Singh Chani,['building']
v0_077_india___ukieri_call_for_proposal,E Rajasekar,"['building', 'capacity building']"
v0_077_india___ukieri_call_for_proposal,Ram Sateesh Pasupuleti,[]
v0_077_india___ukieri_call_for_proposal,Saptarshi Kolay,"['building', 'capacity building']"
v0_077_india___ukieri_call_for_proposal,Shubhajit Sadhukhan,[]
v0_077_india___ukieri_call_for_proposal,Smriti Saraswat,"['building', 'capacity building']"
v0_077_india___ukieri_call_for_proposal,Sonal Atreya,[]
v0_077_india___ukieri_call_for_proposal,Tina Pujara,[]
v0_077_india___ukieri_call_for_proposal,Uttam Kumar Roy,"['building', 'capacity building']"
v0_077_india___ukieri_call_for_proposal,V Devadas,[]
v0_077_india___ukieri_call_for_proposal,Jaydev Dabas,[]
v0_077_india___ukieri_call_for_proposal,Millie Pant,[]
v0_077_india___ukieri_call_for_proposal,Rajan Arora,[]
v0_077_india___ukieri_call_for_proposal,Ashwani Kumar Sharma,[]
v0_077_india___ukieri_call_for_proposal,Bijan Choudhury,[]
v0_077_india___ukieri_call_for_proposal,Debabrata Sircar,[]
v0_077_india___ukieri_call_for_proposal,Deepak Sharma,['capacity building']
v0_077_india___ukieri_call_for_proposal,P Gopinath,[]
v0_077_india___ukieri_call_for_proposal,Harsh Chauhan,[]
v0_077_india___ukieri_call_for_proposal,Srinivas Kiran Ambatipudi,[]
v0_077_india___ukieri_call_for_proposal,Krishna Mohan Poluri,[]
v0_077_india___ukieri_call_for_proposal,Maya S.Nair,[]
v0_077_india___ukieri_call_for_proposal,N K Navani,[]
v0_077_india___ukieri_call_for_proposal,Partha Roy,[]
v0_077_india___ukieri_call_for_proposal,Poonam Choudhary,[]
v0_077_india___ukieri_call_for_proposal,Prabhat Kumar Mandal,[]
v0_077_india___ukieri_call_for_proposal,Pranita P Sarangi,[]
v0_077_india___ukieri_call_for_proposal,Pravindra Kumar,[]
v0_077_india___ukieri_call_for_proposal,Prince Tiwari,[]
v0_077_india___ukieri_call_for_proposal,R. P. Singh,[]
v0_077_india___ukieri_call_for_proposal,Ramasare Prasad,[]
v0_077_india___ukieri_call_for_proposal,Ranjana Pathania,[]
v0_077_india___ukieri_call_for_proposal,Sanjoy Ghosh,[]
v0_077_india___ukieri_call_for_proposal,Saugata Hazra,[]
v0_077_india___ukieri_call_for_proposal,Shailly Tomar,[]
v0_077_india___ukieri_call_for_proposal,Shri Ram Yadav,[]
v0_077_india___ukieri_call_for_proposal,Soma Rohatgi,[]
v0_077_india___ukieri_call_for_proposal,Sachin Suresh Tiwari,[]
v0_077_india___ukieri_call_for_proposal,Jitin Singla,[]
v0_077_india___ukieri_call_for_proposal,Rajesh Kumar,[]
v0_077_india___ukieri_call_for_proposal,Akhil Upadhyay,"['building', 'capacity building']"
v0_078_india_science_and_research_fellowship_programme,Arindam Biswas,"['building', 'capacity building']"
v0_078_india_science_and_research_fellowship_programme,Avlokita Agrawal,"['building', 'capacity building', 'century', 'instrument', 'material', 'premier']"
v0_078_india_science_and_research_fellowship_programme,Gaurav Raheja,"['century', 'instrument', 'material']"
v0_078_india_science_and_research_fellowship_programme,Harshit Sosan Lakra,['material']
v0_078_india_science_and_research_fellowship_programme,Mahua Mukherjee,"['building', 'capacity building', 'century', 'material']"
v0_078_india_science_and_research_fellowship_programme,Prabhjot Singh Chani,"['building', 'century', 'premier']"
v0_078_india_science_and_research_fellowship_programme,E Rajasekar,"['building', 'capacity building', 'material']"
v0_078_india_science_and_research_fellowship_programme,Ram Sateesh Pasupuleti,"['instrument', 'material']"
v0_078_india_science_and_research_fellowship_programme,Saptarshi Kolay,"['building', 'capacity building']"
v0_078_india_science_and_research_fellowship_programme,Shubhajit Sadhukhan,"['instrument', 'material']"
v0_078_india_science_and_research_fellowship_programme,Smriti Saraswat,"['building', 'capacity building', 'material']"
v0_078_india_science_and_research_fellowship_programme,Sonal Atreya,"['instrument', 'material', 'premier']"
v0_078_india_science_and_research_fellowship_programme,Tina Pujara,"['material', 'premier']"
v0_078_india_science_and_research_fellowship_programme,Uttam Kumar Roy,"['building', 'capacity building', 'material']"
v0_078_india_science_and_research_fellowship_programme,V Devadas,[]
v0_078_india_science_and_research_fellowship_programme,Jaydev Dabas,"['instrument', 'premier']"
v0_078_india_science_and_research_fellowship_programme,Millie Pant,['material']
v0_078_india_science_and_research_fellowship_programme,Rajan Arora,[]
v0_078_india_science_and_research_fellowship_programme,Ashwani Kumar Sharma,['material']
v0_078_india_science_and_research_fellowship_programme,Bijan Choudhury,['instrument']
v0_078_india_science_and_research_fellowship_programme,Debabrata Sircar,"['material', 'premier']"
v0_078_india_science_and_research_fellowship_programme,Deepak Sharma,"['capacity building', 'material']"
v0_078_india_science_and_research_fellowship_programme,P Gopinath,"['instrument', 'material']"
v0_078_india_science_and_research_fellowship_programme,Harsh Chauhan,"['century', 'premier']"
v0_078_india_science_and_research_fellowship_programme,Srinivas Kiran Ambatipudi,['premier']
v0_078_india_science_and_research_fellowship_programme,Krishna Mohan Poluri,['material']
v0_078_india_science_and_research_fellowship_programme,Maya S.Nair,"['material', 'premier']"
v0_078_india_science_and_research_fellowship_programme,N K Navani,"['material', 'premier']"
v0_078_india_science_and_research_fellowship_programme,Partha Roy,['material']
v0_078_india_science_and_research_fellowship_programme,Poonam Choudhary,[]
v0_078_india_science_and_research_fellowship_programme,Prabhat Kumar Mandal,"['century', 'instrument', 'material']"
v0_078_india_science_and_research_fellowship_programme,Pranita P Sarangi,[]
v0_078_india_science_and_research_fellowship_programme,Pravindra Kumar,['premier']
v0_078_india_science_and_research_fellowship_programme,Prince Tiwari,['material']
v0_078_india_science_and_research_fellowship_programme,R. P. Singh,"['instrument', 'material']"
v0_078_india_science_and_research_fellowship_programme,Ramasare Prasad,"['century', 'instrument', 'material']"
v0_078_india_science_and_research_fellowship_programme,Ranjana Pathania,"['material', 'premier']"
v0_078_india_science_and_research_fellowship_programme,Sanjoy Ghosh,['material']
v0_078_india_science_and_research_fellowship_programme,Saugata Hazra,"['century', 'material', 'premier']"
v0_078_india_science_and_research_fellowship_programme,Shailly Tomar,"['instrument', 'material', 'premier']"
v0_078_india_science_and_research_fellowship_programme,Shri Ram Yadav,[]
v0_078_india_science_and_research_fellowship_programme,Soma Rohatgi,"['material', 'premier']"
v0_078_india_science_and_research_fellowship_programme,Sachin Suresh Tiwari,"['instrument', 'premier']"
v0_078_india_science_and_research_fellowship_programme,Jitin Singla,"['instrument', 'material']"
v0_078_india_science_and_research_fellowship_programme,Rajesh Kumar,"['century', 'material']"
v0_078_india_science_and_research_fellowship_programme,Akhil Upadhyay,"['building', 'capacity building', 'century']"
v0_079_indo_german_science__technology_centre_igstc_announces_call_for_grant_applications_for_indo_german_r__d_partnership_on_research_projects_with_industrial_relevance,Arindam Biswas,['urban']
v0_079_indo_german_science__technology_centre_igstc_announces_call_for_grant_applications_for_indo_german_r__d_partnership_on_research_projects_with_industrial_relevance,Avlokita Agrawal,[]
v0_079_indo_german_science__technology_centre_igstc_announces_call_for_grant_applications_for_indo_german_r__d_partnership_on_research_projects_with_industrial_relevance,Gaurav Raheja,['waste']
v0_079_indo_german_science__technology_centre_igstc_announces_call_for_grant_applications_for_indo_german_r__d_partnership_on_research_projects_with_industrial_relevance,Harshit Sosan Lakra,[]
v0_079_indo_german_science__technology_centre_igstc_announces_call_for_grant_applications_for_indo_german_r__d_partnership_on_research_projects_with_industrial_relevance,Mahua Mukherjee,"['urban', 'waste']"
v0_079_indo_german_science__technology_centre_igstc_announces_call_for_grant_applications_for_indo_german_r__d_partnership_on_research_projects_with_industrial_relevance,Prabhjot Singh Chani,['waste']
v0_079_indo_german_science__technology_centre_igstc_announces_call_for_grant_applications_for_indo_german_r__d_partnership_on_research_projects_with_industrial_relevance,E Rajasekar,['waste']
v0_079_indo_german_science__technology_centre_igstc_announces_call_for_grant_applications_for_indo_german_r__d_partnership_on_research_projects_with_industrial_relevance,Ram Sateesh Pasupuleti,[]
v0_079_indo_german_science__technology_centre_igstc_announces_call_for_grant_applications_for_indo_german_r__d_partnership_on_research_projects_with_industrial_relevance,Saptarshi Kolay,"['urban', 'waste']"
v0_079_indo_german_science__technology_centre_igstc_announces_call_for_grant_applications_for_indo_german_r__d_partnership_on_research_projects_with_industrial_relevance,Shubhajit Sadhukhan,[]
v0_079_indo_german_science__technology_centre_igstc_announces_call_for_grant_applications_for_indo_german_r__d_partnership_on_research_projects_with_industrial_relevance,Smriti Saraswat,['urban']
v0_079_indo_german_science__technology_centre_igstc_announces_call_for_grant_applications_for_indo_german_r__d_partnership_on_research_projects_with_industrial_relevance,Sonal Atreya,['waste']
v0_079_indo_german_science__technology_centre_igstc_announces_call_for_grant_applications_for_indo_german_r__d_partnership_on_research_projects_with_industrial_relevance,Tina Pujara,[]
v0_079_indo_german_science__technology_centre_igstc_announces_call_for_grant_applications_for_indo_german_r__d_partnership_on_research_projects_with_industrial_relevance,Uttam Kumar Roy,"['urban', 'waste']"
v0_079_indo_german_science__technology_centre_igstc_announces_call_for_grant_applications_for_indo_german_r__d_partnership_on_research_projects_with_industrial_relevance,V Devadas,"['urban', 'waste']"
v0_079_indo_german_science__technology_centre_igstc_announces_call_for_grant_applications_for_indo_german_r__d_partnership_on_research_projects_with_industrial_relevance,Jaydev Dabas,[]
v0_079_indo_german_science__technology_centre_igstc_announces_call_for_grant_applications_for_indo_german_r__d_partnership_on_research_projects_with_industrial_relevance,Millie Pant,['urban']
v0_079_indo_german_science__technology_centre_igstc_announces_call_for_grant_applications_for_indo_german_r__d_partnership_on_research_projects_with_industrial_relevance,Rajan Arora,[]
v0_079_indo_german_science__technology_centre_igstc_announces_call_for_grant_applications_for_indo_german_r__d_partnership_on_research_projects_with_industrial_relevance,Ashwani Kumar Sharma,['waste']
v0_079_indo_german_science__technology_centre_igstc_announces_call_for_grant_applications_for_indo_german_r__d_partnership_on_research_projects_with_industrial_relevance,Bijan Choudhury,[]
v0_079_indo_german_science__technology_centre_igstc_announces_call_for_grant_applications_for_indo_german_r__d_partnership_on_research_projects_with_industrial_relevance,Debabrata Sircar,"['urban', 'waste']"
v0_079_indo_german_science__technology_centre_igstc_announces_call_for_grant_applications_for_indo_german_r__d_partnership_on_research_projects_with_industrial_relevance,Deepak Sharma,[]
v0_079_indo_german_science__technology_centre_igstc_announces_call_for_grant_applications_for_indo_german_r__d_partnership_on_research_projects_with_industrial_relevance,P Gopinath,['waste']
v0_079_indo_german_science__technology_centre_igstc_announces_call_for_grant_applications_for_indo_german_r__d_partnership_on_research_projects_with_industrial_relevance,Harsh Chauhan,[]
v0_079_indo_german_science__technology_centre_igstc_announces_call_for_grant_applications_for_indo_german_r__d_partnership_on_research_projects_with_industrial_relevance,Srinivas Kiran Ambatipudi,[]
v0_079_indo_german_science__technology_centre_igstc_announces_call_for_grant_applications_for_indo_german_r__d_partnership_on_research_projects_with_industrial_relevance,Krishna Mohan Poluri,['waste']
v0_079_indo_german_science__technology_centre_igstc_announces_call_for_grant_applications_for_indo_german_r__d_partnership_on_research_projects_with_industrial_relevance,Maya S.Nair,[]
v0_079_indo_german_science__technology_centre_igstc_announces_call_for_grant_applications_for_indo_german_r__d_partnership_on_research_projects_with_industrial_relevance,N K Navani,['waste']
v0_079_indo_german_science__technology_centre_igstc_announces_call_for_grant_applications_for_indo_german_r__d_partnership_on_research_projects_with_industrial_relevance,Partha Roy,[]
v0_079_indo_german_science__technology_centre_igstc_announces_call_for_grant_applications_for_indo_german_r__d_partnership_on_research_projects_with_industrial_relevance,Poonam Choudhary,"['urban', 'waste']"
v0_079_indo_german_science__technology_centre_igstc_announces_call_for_grant_applications_for_indo_german_r__d_partnership_on_research_projects_with_industrial_relevance,Prabhat Kumar Mandal,[]
v0_079_indo_german_science__technology_centre_igstc_announces_call_for_grant_applications_for_indo_german_r__d_partnership_on_research_projects_with_industrial_relevance,Pranita P Sarangi,[]
v0_079_indo_german_science__technology_centre_igstc_announces_call_for_grant_applications_for_indo_german_r__d_partnership_on_research_projects_with_industrial_relevance,Pravindra Kumar,['waste']
v0_079_indo_german_science__technology_centre_igstc_announces_call_for_grant_applications_for_indo_german_r__d_partnership_on_research_projects_with_industrial_relevance,Prince Tiwari,['waste']
v0_079_indo_german_science__technology_centre_igstc_announces_call_for_grant_applications_for_indo_german_r__d_partnership_on_research_projects_with_industrial_relevance,R. P. Singh,[]
v0_079_indo_german_science__technology_centre_igstc_announces_call_for_grant_applications_for_indo_german_r__d_partnership_on_research_projects_with_industrial_relevance,Ramasare Prasad,['waste']
v0_079_indo_german_science__technology_centre_igstc_announces_call_for_grant_applications_for_indo_german_r__d_partnership_on_research_projects_with_industrial_relevance,Ranjana Pathania,[]
v0_079_indo_german_science__technology_centre_igstc_announces_call_for_grant_applications_for_indo_german_r__d_partnership_on_research_projects_with_industrial_relevance,Sanjoy Ghosh,[]
v0_079_indo_german_science__technology_centre_igstc_announces_call_for_grant_applications_for_indo_german_r__d_partnership_on_research_projects_with_industrial_relevance,Saugata Hazra,[]
v0_079_indo_german_science__technology_centre_igstc_announces_call_for_grant_applications_for_indo_german_r__d_partnership_on_research_projects_with_industrial_relevance,Shailly Tomar,['waste']
v0_079_indo_german_science__technology_centre_igstc_announces_call_for_grant_applications_for_indo_german_r__d_partnership_on_research_projects_with_industrial_relevance,Shri Ram Yadav,[]
v0_079_indo_german_science__technology_centre_igstc_announces_call_for_grant_applications_for_indo_german_r__d_partnership_on_research_projects_with_industrial_relevance,Soma Rohatgi,[]
v0_079_indo_german_science__technology_centre_igstc_announces_call_for_grant_applications_for_indo_german_r__d_partnership_on_research_projects_with_industrial_relevance,Sachin Suresh Tiwari,[]
v0_079_indo_german_science__technology_centre_igstc_announces_call_for_grant_applications_for_indo_german_r__d_partnership_on_research_projects_with_industrial_relevance,Jitin Singla,[]
v0_079_indo_german_science__technology_centre_igstc_announces_call_for_grant_applications_for_indo_german_r__d_partnership_on_research_projects_with_industrial_relevance,Rajesh Kumar,['waste']
v0_079_indo_german_science__technology_centre_igstc_announces_call_for_grant_applications_for_indo_german_r__d_partnership_on_research_projects_with_industrial_relevance,Akhil Upadhyay,[]
v0_080_special_call_for_proposals_under_scheduled_castes_sc_and_scheduled_tribes_st_category_under_icps_programme,Arindam Biswas,"['building', 'machine learning']"
v0_080_special_call_for_proposals_under_scheduled_castes_sc_and_scheduled_tribes_st_category_under_icps_programme,Avlokita Agrawal,"['building', 'machine learning']"
v0_080_special_call_for_proposals_under_scheduled_castes_sc_and_scheduled_tribes_st_category_under_icps_programme,Gaurav Raheja,['artificial intelligence']
v0_080_special_call_for_proposals_under_scheduled_castes_sc_and_scheduled_tribes_st_category_under_icps_programme,Harshit Sosan Lakra,[]
v0_080_special_call_for_proposals_under_scheduled_castes_sc_and_scheduled_tribes_st_category_under_icps_programme,Mahua Mukherjee,"['artificial intelligence', 'building', 'machine learning']"
v0_080_special_call_for_proposals_under_scheduled_castes_sc_and_scheduled_tribes_st_category_under_icps_programme,Prabhjot Singh Chani,"['building', 'machine learning']"
v0_080_special_call_for_proposals_under_scheduled_castes_sc_and_scheduled_tribes_st_category_under_icps_programme,E Rajasekar,['building']
v0_080_special_call_for_proposals_under_scheduled_castes_sc_and_scheduled_tribes_st_category_under_icps_programme,Ram Sateesh Pasupuleti,['artificial intelligence']
v0_080_special_call_for_proposals_under_scheduled_castes_sc_and_scheduled_tribes_st_category_under_icps_programme,Saptarshi Kolay,"['artificial intelligence', 'building', 'machine learning']"
v0_080_special_call_for_proposals_under_scheduled_castes_sc_and_scheduled_tribes_st_category_under_icps_programme,Shubhajit Sadhukhan,[]
v0_080_special_call_for_proposals_under_scheduled_castes_sc_and_scheduled_tribes_st_category_under_icps_programme,Smriti Saraswat,['building']
v0_080_special_call_for_proposals_under_scheduled_castes_sc_and_scheduled_tribes_st_category_under_icps_programme,Sonal Atreya,"['artificial intelligence', 'machine learning']"
v0_080_special_call_for_proposals_under_scheduled_castes_sc_and_scheduled_tribes_st_category_under_icps_programme,Tina Pujara,['artificial intelligence']
v0_080_special_call_for_proposals_under_scheduled_castes_sc_and_scheduled_tribes_st_category_under_icps_programme,Uttam Kumar Roy,"['artificial intelligence', 'building']"
v0_080_special_call_for_proposals_under_scheduled_castes_sc_and_scheduled_tribes_st_category_under_icps_programme,V Devadas,['machine learning']
v0_080_special_call_for_proposals_under_scheduled_castes_sc_and_scheduled_tribes_st_category_under_icps_programme,Jaydev Dabas,['artificial intelligence']
v0_080_special_call_for_proposals_under_scheduled_castes_sc_and_scheduled_tribes_st_category_under_icps_programme,Millie Pant,['artificial intelligence']
v0_080_special_call_for_proposals_under_scheduled_castes_sc_and_scheduled_tribes_st_category_under_icps_programme,Rajan Arora,['artificial intelligence']
v0_080_special_call_for_proposals_under_scheduled_castes_sc_and_scheduled_tribes_st_category_under_icps_programme,Ashwani Kumar Sharma,[]
v0_080_special_call_for_proposals_under_scheduled_castes_sc_and_scheduled_tribes_st_category_under_icps_programme,Bijan Choudhury,[]
v0_080_special_call_for_proposals_under_scheduled_castes_sc_and_scheduled_tribes_st_category_under_icps_programme,Debabrata Sircar,"['artificial intelligence', 'machine learning']"
v0_080_special_call_for_proposals_under_scheduled_castes_sc_and_scheduled_tribes_st_category_under_icps_programme,Deepak Sharma,"['artificial intelligence', 'machine learning']"
v0_080_special_call_for_proposals_under_scheduled_castes_sc_and_scheduled_tribes_st_category_under_icps_programme,P Gopinath,[]
v0_080_special_call_for_proposals_under_scheduled_castes_sc_and_scheduled_tribes_st_category_under_icps_programme,Harsh Chauhan,['machine learning']
v0_080_special_call_for_proposals_under_scheduled_castes_sc_and_scheduled_tribes_st_category_under_icps_programme,Srinivas Kiran Ambatipudi,[]
v0_080_special_call_for_proposals_under_scheduled_castes_sc_and_scheduled_tribes_st_category_under_icps_programme,Krishna Mohan Poluri,['artificial intelligence']
v0_080_special_call_for_proposals_under_scheduled_castes_sc_and_scheduled_tribes_st_category_under_icps_programme,Maya S.Nair,[]
v0_080_special_call_for_proposals_under_scheduled_castes_sc_and_scheduled_tribes_st_category_under_icps_programme,N K Navani,[]
v0_080_special_call_for_proposals_under_scheduled_castes_sc_and_scheduled_tribes_st_category_under_icps_programme,Partha Roy,[]
v0_080_special_call_for_proposals_under_scheduled_castes_sc_and_scheduled_tribes_st_category_under_icps_programme,Poonam Choudhary,['machine learning']
v0_080_special_call_for_proposals_under_scheduled_castes_sc_and_scheduled_tribes_st_category_under_icps_programme,Prabhat Kumar Mandal,[]
v0_080_special_call_for_proposals_under_scheduled_castes_sc_and_scheduled_tribes_st_category_under_icps_programme,Pranita P Sarangi,[]
v0_080_special_call_for_proposals_under_scheduled_castes_sc_and_scheduled_tribes_st_category_under_icps_programme,Pravindra Kumar,[]
v0_080_special_call_for_proposals_under_scheduled_castes_sc_and_scheduled_tribes_st_category_under_icps_programme,Prince Tiwari,"['artificial intelligence', 'machine learning']"
v0_080_special_call_for_proposals_under_scheduled_castes_sc_and_scheduled_tribes_st_category_under_icps_programme,R. P. Singh,['machine learning']
v0_080_special_call_for_proposals_under_scheduled_castes_sc_and_scheduled_tribes_st_category_under_icps_programme,Ramasare Prasad,['artificial intelligence']
v0_080_special_call_for_proposals_under_scheduled_castes_sc_and_scheduled_tribes_st_category_under_icps_programme,Ranjana Pathania,"['artificial intelligence', 'machine learning']"
v0_080_special_call_for_proposals_under_scheduled_castes_sc_and_scheduled_tribes_st_category_under_icps_programme,Sanjoy Ghosh,['machine learning']
v0_080_special_call_for_proposals_under_scheduled_castes_sc_and_scheduled_tribes_st_category_under_icps_programme,Saugata Hazra,['artificial intelligence']
v0_080_special_call_for_proposals_under_scheduled_castes_sc_and_scheduled_tribes_st_category_under_icps_programme,Shailly Tomar,[]
v0_080_special_call_for_proposals_under_scheduled_castes_sc_and_scheduled_tribes_st_category_under_icps_programme,Shri Ram Yadav,['machine learning']
v0_080_special_call_for_proposals_under_scheduled_castes_sc_and_scheduled_tribes_st_category_under_icps_programme,Soma Rohatgi,['artificial intelligence']
v0_080_special_call_for_proposals_under_scheduled_castes_sc_and_scheduled_tribes_st_category_under_icps_programme,Sachin Suresh Tiwari,"['artificial intelligence', 'machine learning']"
v0_080_special_call_for_proposals_under_scheduled_castes_sc_and_scheduled_tribes_st_category_under_icps_programme,Jitin Singla,['machine learning']
v0_080_special_call_for_proposals_under_scheduled_castes_sc_and_scheduled_tribes_st_category_under_icps_programme,Rajesh Kumar,['machine learning']
v0_080_special_call_for_proposals_under_scheduled_castes_sc_and_scheduled_tribes_st_category_under_icps_programme,Akhil Upadhyay,"['building', 'machine learning']"
v0_081_call___indo_norway_joint_research_projects_in_st,Arindam Biswas,[]
v0_081_call___indo_norway_joint_research_projects_in_st,Avlokita Agrawal,['material']
v0_081_call___indo_norway_joint_research_projects_in_st,Gaurav Raheja,"['environment', 'material']"
v0_081_call___indo_norway_joint_research_projects_in_st,Harshit Sosan Lakra,['material']
v0_081_call___indo_norway_joint_research_projects_in_st,Mahua Mukherjee,"['environment', 'material']"
v0_081_call___indo_norway_joint_research_projects_in_st,Prabhjot Singh Chani,['environment']
v0_081_call___indo_norway_joint_research_projects_in_st,E Rajasekar,['material']
v0_081_call___indo_norway_joint_research_projects_in_st,Ram Sateesh Pasupuleti,['material']
v0_081_call___indo_norway_joint_research_projects_in_st,Saptarshi Kolay,[]
v0_081_call___indo_norway_joint_research_projects_in_st,Shubhajit Sadhukhan,"['environment', 'material']"
v0_081_call___indo_norway_joint_research_projects_in_st,Smriti Saraswat,['material']
v0_081_call___indo_norway_joint_research_projects_in_st,Sonal Atreya,['material']
v0_081_call___indo_norway_joint_research_projects_in_st,Tina Pujara,['material']
v0_081_call___indo_norway_joint_research_projects_in_st,Uttam Kumar Roy,"['environment', 'material']"
v0_081_call___indo_norway_joint_research_projects_in_st,V Devadas,[]
v0_081_call___indo_norway_joint_research_projects_in_st,Jaydev Dabas,[]
v0_081_call___indo_norway_joint_research_projects_in_st,Millie Pant,['material']
v0_081_call___indo_norway_joint_research_projects_in_st,Rajan Arora,['environment']
v0_081_call___indo_norway_joint_research_projects_in_st,Ashwani Kumar Sharma,['material']
v0_081_call___indo_norway_joint_research_projects_in_st,Bijan Choudhury,['environment']
v0_081_call___indo_norway_joint_research_projects_in_st,Debabrata Sircar,['material']
v0_081_call___indo_norway_joint_research_projects_in_st,Deepak Sharma,['material']
v0_081_call___indo_norway_joint_research_projects_in_st,P Gopinath,"['environment', 'material']"
v0_081_call___indo_norway_joint_research_projects_in_st,Harsh Chauhan,['environment']
v0_081_call___indo_norway_joint_research_projects_in_st,Srinivas Kiran Ambatipudi,[]
v0_081_call___indo_norway_joint_research_projects_in_st,Krishna Mohan Poluri,"['environment', 'material']"
v0_081_call___indo_norway_joint_research_projects_in_st,Maya S.Nair,['material']
v0_081_call___indo_norway_joint_research_projects_in_st,N K Navani,['material']
v0_081_call___indo_norway_joint_research_projects_in_st,Partha Roy,"['environment', 'material']"
v0_081_call___indo_norway_joint_research_projects_in_st,Poonam Choudhary,[]
v0_081_call___indo_norway_joint_research_projects_in_st,Prabhat Kumar Mandal,"['environment', 'material']"
v0_081_call___indo_norway_joint_research_projects_in_st,Pranita P Sarangi,[]
v0_081_call___indo_norway_joint_research_projects_in_st,Pravindra Kumar,[]
v0_081_call___indo_norway_joint_research_projects_in_st,Prince Tiwari,['material']
v0_081_call___indo_norway_joint_research_projects_in_st,R. P. Singh,['material']
v0_081_call___indo_norway_joint_research_projects_in_st,Ramasare Prasad,"['environment', 'material']"
v0_081_call___indo_norway_joint_research_projects_in_st,Ranjana Pathania,['material']
v0_081_call___indo_norway_joint_research_projects_in_st,Sanjoy Ghosh,"['environment', 'material']"
v0_081_call___indo_norway_joint_research_projects_in_st,Saugata Hazra,"['environment', 'material']"
v0_081_call___indo_norway_joint_research_projects_in_st,Shailly Tomar,['material']
v0_081_call___indo_norway_joint_research_projects_in_st,Shri Ram Yadav,[]
v0_081_call___indo_norway_joint_research_projects_in_st,Soma Rohatgi,['material']
v0_081_call___indo_norway_joint_research_projects_in_st,Sachin Suresh Tiwari,[]
v0_081_call___indo_norway_joint_research_projects_in_st,Jitin Singla,['material']
v0_081_call___indo_norway_joint_research_projects_in_st,Rajesh Kumar,"['environment', 'material']"
v0_081_call___indo_norway_joint_research_projects_in_st,Akhil Upadhyay,[]
v0_082_call_for_nomination_workshop_on_design_and_evaluation_of_innovation_policies_with_a_specific_focus_on_scientometrics,Arindam Biswas,"['design', 'edition']"
v0_082_call_for_nomination_workshop_on_design_and_evaluation_of_innovation_policies_with_a_specific_focus_on_scientometrics,Avlokita Agrawal,"['edition', 'model']"
v0_082_call_for_nomination_workshop_on_design_and_evaluation_of_innovation_policies_with_a_specific_focus_on_scientometrics,Gaurav Raheja,"['design', 'survey']"
v0_082_call_for_nomination_workshop_on_design_and_evaluation_of_innovation_policies_with_a_specific_focus_on_scientometrics,Harshit Sosan Lakra,[]
v0_082_call_for_nomination_workshop_on_design_and_evaluation_of_innovation_policies_with_a_specific_focus_on_scientometrics,Mahua Mukherjee,"['design', 'edition', 'model']"
v0_082_call_for_nomination_workshop_on_design_and_evaluation_of_innovation_policies_with_a_specific_focus_on_scientometrics,Prabhjot Singh Chani,['edition']
v0_082_call_for_nomination_workshop_on_design_and_evaluation_of_innovation_policies_with_a_specific_focus_on_scientometrics,E Rajasekar,"['design', 'edition']"
v0_082_call_for_nomination_workshop_on_design_and_evaluation_of_innovation_policies_with_a_specific_focus_on_scientometrics,Ram Sateesh Pasupuleti,['edition']
v0_082_call_for_nomination_workshop_on_design_and_evaluation_of_innovation_policies_with_a_specific_focus_on_scientometrics,Saptarshi Kolay,"['design', 'iisc bengaluru', 'survey']"
v0_082_call_for_nomination_workshop_on_design_and_evaluation_of_innovation_policies_with_a_specific_focus_on_scientometrics,Shubhajit Sadhukhan,"['edition', 'survey']"
v0_082_call_for_nomination_workshop_on_design_and_evaluation_of_innovation_policies_with_a_specific_focus_on_scientometrics,Smriti Saraswat,"['edition', 'iisc bengaluru', 'survey']"
v0_082_call_for_nomination_workshop_on_design_and_evaluation_of_innovation_policies_with_a_specific_focus_on_scientometrics,Sonal Atreya,['edition']
v0_082_call_for_nomination_workshop_on_design_and_evaluation_of_innovation_policies_with_a_specific_focus_on_scientometrics,Tina Pujara,['model']
v0_082_call_for_nomination_workshop_on_design_and_evaluation_of_innovation_policies_with_a_specific_focus_on_scientometrics,Uttam Kumar Roy,"['design', 'edition']"
v0_082_call_for_nomination_workshop_on_design_and_evaluation_of_innovation_policies_with_a_specific_focus_on_scientometrics,V Devadas,"['design', 'edition', 'survey']"
v0_082_call_for_nomination_workshop_on_design_and_evaluation_of_innovation_policies_with_a_specific_focus_on_scientometrics,Jaydev Dabas,"['design', 'edition', 'model']"
v0_082_call_for_nomination_workshop_on_design_and_evaluation_of_innovation_policies_with_a_specific_focus_on_scientometrics,Millie Pant,[]
v0_082_call_for_nomination_workshop_on_design_and_evaluation_of_innovation_policies_with_a_specific_focus_on_scientometrics,Rajan Arora,"['edition', 'model']"
v0_082_call_for_nomination_workshop_on_design_and_evaluation_of_innovation_policies_with_a_specific_focus_on_scientometrics,Ashwani Kumar Sharma,['design']
v0_082_call_for_nomination_workshop_on_design_and_evaluation_of_innovation_policies_with_a_specific_focus_on_scientometrics,Bijan Choudhury,"['edition', 'model']"
v0_082_call_for_nomination_workshop_on_design_and_evaluation_of_innovation_policies_with_a_specific_focus_on_scientometrics,Debabrata Sircar,"['edition', 'iisc bengaluru']"
v0_082_call_for_nomination_workshop_on_design_and_evaluation_of_innovation_policies_with_a_specific_focus_on_scientometrics,Deepak Sharma,"['edition', 'model']"
v0_082_call_for_nomination_workshop_on_design_and_evaluation_of_innovation_policies_with_a_specific_focus_on_scientometrics,P Gopinath,"['edition', 'iisc bengaluru']"
v0_082_call_for_nomination_workshop_on_design_and_evaluation_of_innovation_policies_with_a_specific_focus_on_scientometrics,Harsh Chauhan,['edition']
v0_082_call_for_nomination_workshop_on_design_and_evaluation_of_innovation_policies_with_a_specific_focus_on_scientometrics,Srinivas Kiran Ambatipudi,[]
v0_082_call_for_nomination_workshop_on_design_and_evaluation_of_innovation_policies_with_a_specific_focus_on_scientometrics,Krishna Mohan Poluri,['design']
v0_082_call_for_nomination_workshop_on_design_and_evaluation_of_innovation_policies_with_a_specific_focus_on_scientometrics,Maya S.Nair,[]
v0_082_call_for_nomination_workshop_on_design_and_evaluation_of_innovation_policies_with_a_specific_focus_on_scientometrics,N K Navani,['survey']
v0_082_call_for_nomination_workshop_on_design_and_evaluation_of_innovation_policies_with_a_specific_focus_on_scientometrics,Partha Roy,"['design', 'edition']"
v0_082_call_for_nomination_workshop_on_design_and_evaluation_of_innovation_policies_with_a_specific_focus_on_scientometrics,Poonam Choudhary,"['design', 'edition']"
v0_082_call_for_nomination_workshop_on_design_and_evaluation_of_innovation_policies_with_a_specific_focus_on_scientometrics,Prabhat Kumar Mandal,['edition']
v0_082_call_for_nomination_workshop_on_design_and_evaluation_of_innovation_policies_with_a_specific_focus_on_scientometrics,Pranita P Sarangi,[]
v0_082_call_for_nomination_workshop_on_design_and_evaluation_of_innovation_policies_with_a_specific_focus_on_scientometrics,Pravindra Kumar,"['model', 'survey']"
v0_082_call_for_nomination_workshop_on_design_and_evaluation_of_innovation_policies_with_a_specific_focus_on_scientometrics,Prince Tiwari,"['design', 'edition', 'model']"
v0_082_call_for_nomination_workshop_on_design_and_evaluation_of_innovation_policies_with_a_specific_focus_on_scientometrics,R. P. Singh,"['design', 'edition']"
v0_082_call_for_nomination_workshop_on_design_and_evaluation_of_innovation_policies_with_a_specific_focus_on_scientometrics,Ramasare Prasad,[]
v0_082_call_for_nomination_workshop_on_design_and_evaluation_of_innovation_policies_with_a_specific_focus_on_scientometrics,Ranjana Pathania,"['design', 'edition']"
v0_082_call_for_nomination_workshop_on_design_and_evaluation_of_innovation_policies_with_a_specific_focus_on_scientometrics,Sanjoy Ghosh,['edition']
v0_082_call_for_nomination_workshop_on_design_and_evaluation_of_innovation_policies_with_a_specific_focus_on_scientometrics,Saugata Hazra,['design']
v0_082_call_for_nomination_workshop_on_design_and_evaluation_of_innovation_policies_with_a_specific_focus_on_scientometrics,Shailly Tomar,[]
v0_082_call_for_nomination_workshop_on_design_and_evaluation_of_innovation_policies_with_a_specific_focus_on_scientometrics,Shri Ram Yadav,['edition']
v0_082_call_for_nomination_workshop_on_design_and_evaluation_of_innovation_policies_with_a_specific_focus_on_scientometrics,Soma Rohatgi,"['design', 'edition']"
v0_082_call_for_nomination_workshop_on_design_and_evaluation_of_innovation_policies_with_a_specific_focus_on_scientometrics,Sachin Suresh Tiwari,['edition']
v0_082_call_for_nomination_workshop_on_design_and_evaluation_of_innovation_policies_with_a_specific_focus_on_scientometrics,Jitin Singla,['edition']
v0_082_call_for_nomination_workshop_on_design_and_evaluation_of_innovation_policies_with_a_specific_focus_on_scientometrics,Rajesh Kumar,"['design', 'edition']"
v0_082_call_for_nomination_workshop_on_design_and_evaluation_of_innovation_policies_with_a_specific_focus_on_scientometrics,Akhil Upadhyay,['design']
v0_083_indo_russian_joint_call_for_proposals_dst_rfbr,Arindam Biswas,"['computer', 'engineering']"
v0_083_indo_russian_joint_call_for_proposals_dst_rfbr,Avlokita Agrawal,"['computer', 'engineering', 'fundamental']"
v0_083_indo_russian_joint_call_for_proposals_dst_rfbr,Gaurav Raheja,"['computer', 'engineering', 'fundamental']"
v0_083_indo_russian_joint_call_for_proposals_dst_rfbr,Harshit Sosan Lakra,[]
v0_083_indo_russian_joint_call_for_proposals_dst_rfbr,Mahua Mukherjee,['fundamental']
v0_083_indo_russian_joint_call_for_proposals_dst_rfbr,Prabhjot Singh Chani,['computer']
v0_083_indo_russian_joint_call_for_proposals_dst_rfbr,E Rajasekar,[]
v0_083_indo_russian_joint_call_for_proposals_dst_rfbr,Ram Sateesh Pasupuleti,"['computer', 'fundamental']"
v0_083_indo_russian_joint_call_for_proposals_dst_rfbr,Saptarshi Kolay,"['computer', 'engineering']"
v0_083_indo_russian_joint_call_for_proposals_dst_rfbr,Shubhajit Sadhukhan,['fundamental']
v0_083_indo_russian_joint_call_for_proposals_dst_rfbr,Smriti Saraswat,['fundamental']
v0_083_indo_russian_joint_call_for_proposals_dst_rfbr,Sonal Atreya,"['computer', 'engineering']"
v0_083_indo_russian_joint_call_for_proposals_dst_rfbr,Tina Pujara,['computer']
v0_083_indo_russian_joint_call_for_proposals_dst_rfbr,Uttam Kumar Roy,"['computer', 'fundamental']"
v0_083_indo_russian_joint_call_for_proposals_dst_rfbr,V Devadas,['computer']
v0_083_indo_russian_joint_call_for_proposals_dst_rfbr,Jaydev Dabas,['fundamental']
v0_083_indo_russian_joint_call_for_proposals_dst_rfbr,Millie Pant,[]
v0_083_indo_russian_joint_call_for_proposals_dst_rfbr,Rajan Arora,['computer']
v0_083_indo_russian_joint_call_for_proposals_dst_rfbr,Ashwani Kumar Sharma,['computer']
v0_083_indo_russian_joint_call_for_proposals_dst_rfbr,Bijan Choudhury,['engineering']
v0_083_indo_russian_joint_call_for_proposals_dst_rfbr,Debabrata Sircar,['computer']
v0_083_indo_russian_joint_call_for_proposals_dst_rfbr,Deepak Sharma,[]
v0_083_indo_russian_joint_call_for_proposals_dst_rfbr,P Gopinath,[]
v0_083_indo_russian_joint_call_for_proposals_dst_rfbr,Harsh Chauhan,['computer']
v0_083_indo_russian_joint_call_for_proposals_dst_rfbr,Srinivas Kiran Ambatipudi,[]
v0_083_indo_russian_joint_call_for_proposals_dst_rfbr,Krishna Mohan Poluri,[]
v0_083_indo_russian_joint_call_for_proposals_dst_rfbr,Maya S.Nair,[]
v0_083_indo_russian_joint_call_for_proposals_dst_rfbr,N K Navani,[]
v0_083_indo_russian_joint_call_for_proposals_dst_rfbr,Partha Roy,['computer']
v0_083_indo_russian_joint_call_for_proposals_dst_rfbr,Poonam Choudhary,"['computer', 'engineering']"
v0_083_indo_russian_joint_call_for_proposals_dst_rfbr,Prabhat Kumar Mandal,"['computer', 'engineering', 'fundamental']"
v0_083_indo_russian_joint_call_for_proposals_dst_rfbr,Pranita P Sarangi,[]
v0_083_indo_russian_joint_call_for_proposals_dst_rfbr,Pravindra Kumar,[]
v0_083_indo_russian_joint_call_for_proposals_dst_rfbr,Prince Tiwari,['engineering']
v0_083_indo_russian_joint_call_for_proposals_dst_rfbr,R. P. Singh,['engineering']
v0_083_indo_russian_joint_call_for_proposals_dst_rfbr,Ramasare Prasad,"['computer', 'engineering']"
v0_083_indo_russian_joint_call_for_proposals_dst_rfbr,Ranjana Pathania,[]
v0_083_indo_russian_joint_call_for_proposals_dst_rfbr,Sanjoy Ghosh,"['engineering', 'fundamental']"
v0_083_indo_russian_joint_call_for_proposals_dst_rfbr,Saugata Hazra,"['engineering', 'fundamental']"
v0_083_indo_russian_joint_call_for_proposals_dst_rfbr,Shailly Tomar,[]
v0_083_indo_russian_joint_call_for_proposals_dst_rfbr,Shri Ram Yadav,['engineering']
v0_083_indo_russian_joint_call_for_proposals_dst_rfbr,Soma Rohatgi,['engineering']
v0_083_indo_russian_joint_call_for_proposals_dst_rfbr,Sachin Suresh Tiwari,['engineering']
v0_083_indo_russian_joint_call_for_proposals_dst_rfbr,Jitin Singla,['computer']
v0_083_indo_russian_joint_call_for_proposals_dst_rfbr,Rajesh Kumar,[]
v0_083_indo_russian_joint_call_for_proposals_dst_rfbr,Akhil Upadhyay,"['computer', 'engineering', 'fundamental']"
v0_084_call_open_for_11th_batch_of_wos_ckiran_ipr,Arindam Biswas,[]
v0_084_call_open_for_11th_batch_of_wos_ckiran_ipr,Avlokita Agrawal,['bachelor']
v0_084_call_open_for_11th_batch_of_wos_ckiran_ipr,Gaurav Raheja,[]
v0_084_call_open_for_11th_batch_of_wos_ckiran_ipr,Harshit Sosan Lakra,[]
v0_084_call_open_for_11th_batch_of_wos_ckiran_ipr,Mahua Mukherjee,"['bachelor', 'master', 'woman']"
v0_084_call_open_for_11th_batch_of_wos_ckiran_ipr,Prabhjot Singh Chani,[]
v0_084_call_open_for_11th_batch_of_wos_ckiran_ipr,E Rajasekar,['master']
v0_084_call_open_for_11th_batch_of_wos_ckiran_ipr,Ram Sateesh Pasupuleti,"['bachelor', 'master']"
v0_084_call_open_for_11th_batch_of_wos_ckiran_ipr,Saptarshi Kolay,['master']
v0_084_call_open_for_11th_batch_of_wos_ckiran_ipr,Shubhajit Sadhukhan,[]
v0_084_call_open_for_11th_batch_of_wos_ckiran_ipr,Smriti Saraswat,"['master', 'woman']"
v0_084_call_open_for_11th_batch_of_wos_ckiran_ipr,Sonal Atreya,"['bachelor', 'master', 'woman']"
v0_084_call_open_for_11th_batch_of_wos_ckiran_ipr,Tina Pujara,[]
v0_084_call_open_for_11th_batch_of_wos_ckiran_ipr,Uttam Kumar Roy,['master']
v0_084_call_open_for_11th_batch_of_wos_ckiran_ipr,V Devadas,"['bachelor', 'master']"
v0_084_call_open_for_11th_batch_of_wos_ckiran_ipr,Jaydev Dabas,[]
v0_084_call_open_for_11th_batch_of_wos_ckiran_ipr,Millie Pant,[]
v0_084_call_open_for_11th_batch_of_wos_ckiran_ipr,Rajan Arora,['bachelor']
v0_084_call_open_for_11th_batch_of_wos_ckiran_ipr,Ashwani Kumar Sharma,['master']
v0_084_call_open_for_11th_batch_of_wos_ckiran_ipr,Bijan Choudhury,[]
v0_084_call_open_for_11th_batch_of_wos_ckiran_ipr,Debabrata Sircar,['master']
v0_084_call_open_for_11th_batch_of_wos_ckiran_ipr,Deepak Sharma,[]
v0_084_call_open_for_11th_batch_of_wos_ckiran_ipr,P Gopinath,[]
v0_084_call_open_for_11th_batch_of_wos_ckiran_ipr,Harsh Chauhan,['woman']
v0_084_call_open_for_11th_batch_of_wos_ckiran_ipr,Srinivas Kiran Ambatipudi,[]
v0_084_call_open_for_11th_batch_of_wos_ckiran_ipr,Krishna Mohan Poluri,['master']
v0_084_call_open_for_11th_batch_of_wos_ckiran_ipr,Maya S.Nair,['master']
v0_084_call_open_for_11th_batch_of_wos_ckiran_ipr,N K Navani,['master']
v0_084_call_open_for_11th_batch_of_wos_ckiran_ipr,Partha Roy,['master']
v0_084_call_open_for_11th_batch_of_wos_ckiran_ipr,Poonam Choudhary,"['master', 'woman']"
v0_084_call_open_for_11th_batch_of_wos_ckiran_ipr,Prabhat Kumar Mandal,['woman']
v0_084_call_open_for_11th_batch_of_wos_ckiran_ipr,Pranita P Sarangi,[]
v0_084_call_open_for_11th_batch_of_wos_ckiran_ipr,Pravindra Kumar,['master']
v0_084_call_open_for_11th_batch_of_wos_ckiran_ipr,Prince Tiwari,"['bachelor', 'master']"
v0_084_call_open_for_11th_batch_of_wos_ckiran_ipr,R. P. Singh,[]
v0_084_call_open_for_11th_batch_of_wos_ckiran_ipr,Ramasare Prasad,['master']
v0_084_call_open_for_11th_batch_of_wos_ckiran_ipr,Ranjana Pathania,['bachelor']
v0_084_call_open_for_11th_batch_of_wos_ckiran_ipr,Sanjoy Ghosh,[]
v0_084_call_open_for_11th_batch_of_wos_ckiran_ipr,Saugata Hazra,"['bachelor', 'master']"
v0_084_call_open_for_11th_batch_of_wos_ckiran_ipr,Shailly Tomar,['master']
v0_084_call_open_for_11th_batch_of_wos_ckiran_ipr,Shri Ram Yadav,['master']
v0_084_call_open_for_11th_batch_of_wos_ckiran_ipr,Soma Rohatgi,[]
v0_084_call_open_for_11th_batch_of_wos_ckiran_ipr,Sachin Suresh Tiwari,['woman']
v0_084_call_open_for_11th_batch_of_wos_ckiran_ipr,Jitin Singla,['master']
v0_084_call_open_for_11th_batch_of_wos_ckiran_ipr,Rajesh Kumar,['master']
v0_084_call_open_for_11th_batch_of_wos_ckiran_ipr,Akhil Upadhyay,[]
v0_085_national_grand_challenge_awards_for_designing_user_friendly_smart_solar_cooking_solutions,Arindam Biswas,"['design', 'rural']"
v0_085_national_grand_challenge_awards_for_designing_user_friendly_smart_solar_cooking_solutions,Avlokita Agrawal,['feature']
v0_085_national_grand_challenge_awards_for_designing_user_friendly_smart_solar_cooking_solutions,Gaurav Raheja,"['design', 'feature', 'rural']"
v0_085_national_grand_challenge_awards_for_designing_user_friendly_smart_solar_cooking_solutions,Harshit Sosan Lakra,['rural']
v0_085_national_grand_challenge_awards_for_designing_user_friendly_smart_solar_cooking_solutions,Mahua Mukherjee,"['design', 'feature']"
v0_085_national_grand_challenge_awards_for_designing_user_friendly_smart_solar_cooking_solutions,Prabhjot Singh Chani,[]
v0_085_national_grand_challenge_awards_for_designing_user_friendly_smart_solar_cooking_solutions,E Rajasekar,"['design', 'feature']"
v0_085_national_grand_challenge_awards_for_designing_user_friendly_smart_solar_cooking_solutions,Ram Sateesh Pasupuleti,[]
v0_085_national_grand_challenge_awards_for_designing_user_friendly_smart_solar_cooking_solutions,Saptarshi Kolay,"['design', 'feature', 'volume']"
v0_085_national_grand_challenge_awards_for_designing_user_friendly_smart_solar_cooking_solutions,Shubhajit Sadhukhan,['rural']
v0_085_national_grand_challenge_awards_for_designing_user_friendly_smart_solar_cooking_solutions,Smriti Saraswat,['rural']
v0_085_national_grand_challenge_awards_for_designing_user_friendly_smart_solar_cooking_solutions,Sonal Atreya,['feature']
v0_085_national_grand_challenge_awards_for_designing_user_friendly_smart_solar_cooking_solutions,Tina Pujara,[]
v0_085_national_grand_challenge_awards_for_designing_user_friendly_smart_solar_cooking_solutions,Uttam Kumar Roy,"['design', 'feature', 'rural']"
v0_085_national_grand_challenge_awards_for_designing_user_friendly_smart_solar_cooking_solutions,V Devadas,"['design', 'feature']"
v0_085_national_grand_challenge_awards_for_designing_user_friendly_smart_solar_cooking_solutions,Jaydev Dabas,['design']
v0_085_national_grand_challenge_awards_for_designing_user_friendly_smart_solar_cooking_solutions,Millie Pant,[]
v0_085_national_grand_challenge_awards_for_designing_user_friendly_smart_solar_cooking_solutions,Rajan Arora,['feature']
v0_085_national_grand_challenge_awards_for_designing_user_friendly_smart_solar_cooking_solutions,Ashwani Kumar Sharma,"['design', 'feature']"
v0_085_national_grand_challenge_awards_for_designing_user_friendly_smart_solar_cooking_solutions,Bijan Choudhury,[]
v0_085_national_grand_challenge_awards_for_designing_user_friendly_smart_solar_cooking_solutions,Debabrata Sircar,[]
v0_085_national_grand_challenge_awards_for_designing_user_friendly_smart_solar_cooking_solutions,Deepak Sharma,[]
v0_085_national_grand_challenge_awards_for_designing_user_friendly_smart_solar_cooking_solutions,P Gopinath,[]
v0_085_national_grand_challenge_awards_for_designing_user_friendly_smart_solar_cooking_solutions,Harsh Chauhan,['volume']
v0_085_national_grand_challenge_awards_for_designing_user_friendly_smart_solar_cooking_solutions,Srinivas Kiran Ambatipudi,[]
v0_085_national_grand_challenge_awards_for_designing_user_friendly_smart_solar_cooking_solutions,Krishna Mohan Poluri,"['design', 'feature', 'volume']"
v0_085_national_grand_challenge_awards_for_designing_user_friendly_smart_solar_cooking_solutions,Maya S.Nair,"['feature', 'volume']"
v0_085_national_grand_challenge_awards_for_designing_user_friendly_smart_solar_cooking_solutions,N K Navani,[]
v0_085_national_grand_challenge_awards_for_designing_user_friendly_smart_solar_cooking_solutions,Partha Roy,"['design', 'volume']"
v0_085_national_grand_challenge_awards_for_designing_user_friendly_smart_solar_cooking_solutions,Poonam Choudhary,['design']
v0_085_national_grand_challenge_awards_for_designing_user_friendly_smart_solar_cooking_solutions,Prabhat Kumar Mandal,"['feature', 'rural']"
v0_085_national_grand_challenge_awards_for_designing_user_friendly_smart_solar_cooking_solutions,Pranita P Sarangi,[]
v0_085_national_grand_challenge_awards_for_designing_user_friendly_smart_solar_cooking_solutions,Pravindra Kumar,"['feature', 'rural']"
v0_085_national_grand_challenge_awards_for_designing_user_friendly_smart_solar_cooking_solutions,Prince Tiwari,"['design', 'rural', 'volume']"
v0_085_national_grand_challenge_awards_for_designing_user_friendly_smart_solar_cooking_solutions,R. P. Singh,['design']
v0_085_national_grand_challenge_awards_for_designing_user_friendly_smart_solar_cooking_solutions,Ramasare Prasad,['feature']
v0_085_national_grand_challenge_awards_for_designing_user_friendly_smart_solar_cooking_solutions,Ranjana Pathania,"['design', 'feature']"
v0_085_national_grand_challenge_awards_for_designing_user_friendly_smart_solar_cooking_solutions,Sanjoy Ghosh,['volume']
v0_085_national_grand_challenge_awards_for_designing_user_friendly_smart_solar_cooking_solutions,Saugata Hazra,['design']
v0_085_national_grand_challenge_awards_for_designing_user_friendly_smart_solar_cooking_solutions,Shailly Tomar,[]
v0_085_national_grand_challenge_awards_for_designing_user_friendly_smart_solar_cooking_solutions,Shri Ram Yadav,[]
v0_085_national_grand_challenge_awards_for_designing_user_friendly_smart_solar_cooking_solutions,Soma Rohatgi,['design']
v0_085_national_grand_challenge_awards_for_designing_user_friendly_smart_solar_cooking_solutions,Sachin Suresh Tiwari,['feature']
v0_085_national_grand_challenge_awards_for_designing_user_friendly_smart_solar_cooking_solutions,Jitin Singla,[]
v0_085_national_grand_challenge_awards_for_designing_user_friendly_smart_solar_cooking_solutions,Rajesh Kumar,"['design', 'feature']"
v0_085_national_grand_challenge_awards_for_designing_user_friendly_smart_solar_cooking_solutions,Akhil Upadhyay,"['design', 'feature']"
v0_086_india__egypt_call_for_proposal,Arindam Biswas,['engineering']
v0_086_india__egypt_call_for_proposal,Avlokita Agrawal,['engineering']
v0_086_india__egypt_call_for_proposal,Gaurav Raheja,['engineering']
v0_086_india__egypt_call_for_proposal,Harshit Sosan Lakra,[]
v0_086_india__egypt_call_for_proposal,Mahua Mukherjee,[]
v0_086_india__egypt_call_for_proposal,Prabhjot Singh Chani,[]
v0_086_india__egypt_call_for_proposal,E Rajasekar,[]
v0_086_india__egypt_call_for_proposal,Ram Sateesh Pasupuleti,[]
v0_086_india__egypt_call_for_proposal,Saptarshi Kolay,['engineering']
v0_086_india__egypt_call_for_proposal,Shubhajit Sadhukhan,[]
v0_086_india__egypt_call_for_proposal,Smriti Saraswat,[]
v0_086_india__egypt_call_for_proposal,Sonal Atreya,['engineering']
v0_086_india__egypt_call_for_proposal,Tina Pujara,[]
v0_086_india__egypt_call_for_proposal,Uttam Kumar Roy,[]
v0_086_india__egypt_call_for_proposal,V Devadas,[]
v0_086_india__egypt_call_for_proposal,Jaydev Dabas,[]
v0_086_india__egypt_call_for_proposal,Millie Pant,[]
v0_086_india__egypt_call_for_proposal,Rajan Arora,[]
v0_086_india__egypt_call_for_proposal,Ashwani Kumar Sharma,[]
v0_086_india__egypt_call_for_proposal,Bijan Choudhury,['engineering']
v0_086_india__egypt_call_for_proposal,Debabrata Sircar,[]
v0_086_india__egypt_call_for_proposal,Deepak Sharma,[]
v0_086_india__egypt_call_for_proposal,P Gopinath,[]
v0_086_india__egypt_call_for_proposal,Harsh Chauhan,[]
v0_086_india__egypt_call_for_proposal,Srinivas Kiran Ambatipudi,[]
v0_086_india__egypt_call_for_proposal,Krishna Mohan Poluri,[]
v0_086_india__egypt_call_for_proposal,Maya S.Nair,[]
v0_086_india__egypt_call_for_proposal,N K Navani,[]
v0_086_india__egypt_call_for_proposal,Partha Roy,[]
v0_086_india__egypt_call_for_proposal,Poonam Choudhary,['engineering']
v0_086_india__egypt_call_for_proposal,Prabhat Kumar Mandal,['engineering']
v0_086_india__egypt_call_for_proposal,Pranita P Sarangi,[]
v0_086_india__egypt_call_for_proposal,Pravindra Kumar,[]
v0_086_india__egypt_call_for_proposal,Prince Tiwari,['engineering']
v0_086_india__egypt_call_for_proposal,R. P. Singh,['engineering']
v0_086_india__egypt_call_for_proposal,Ramasare Prasad,['engineering']
v0_086_india__egypt_call_for_proposal,Ranjana Pathania,[]
v0_086_india__egypt_call_for_proposal,Sanjoy Ghosh,['engineering']
v0_086_india__egypt_call_for_proposal,Saugata Hazra,['engineering']
v0_086_india__egypt_call_for_proposal,Shailly Tomar,[]
v0_086_india__egypt_call_for_proposal,Shri Ram Yadav,['engineering']
v0_086_india__egypt_call_for_proposal,Soma Rohatgi,['engineering']
v0_086_india__egypt_call_for_proposal,Sachin Suresh Tiwari,['engineering']
v0_086_india__egypt_call_for_proposal,Jitin Singla,[]
v0_086_india__egypt_call_for_proposal,Rajesh Kumar,[]
v0_086_india__egypt_call_for_proposal,Akhil Upadhyay,['engineering']
v0_087_swarnajayanti_fellowships_scheme_2018_19,Arindam Biswas,['engineering']
v0_087_swarnajayanti_fellowships_scheme_2018_19,Avlokita Agrawal,['engineering']
v0_087_swarnajayanti_fellowships_scheme_2018_19,Gaurav Raheja,['engineering']
v0_087_swarnajayanti_fellowships_scheme_2018_19,Harshit Sosan Lakra,[]
v0_087_swarnajayanti_fellowships_scheme_2018_19,Mahua Mukherjee,[]
v0_087_swarnajayanti_fellowships_scheme_2018_19,Prabhjot Singh Chani,[]
v0_087_swarnajayanti_fellowships_scheme_2018_19,E Rajasekar,[]
v0_087_swarnajayanti_fellowships_scheme_2018_19,Ram Sateesh Pasupuleti,[]
v0_087_swarnajayanti_fellowships_scheme_2018_19,Saptarshi Kolay,['engineering']
v0_087_swarnajayanti_fellowships_scheme_2018_19,Shubhajit Sadhukhan,[]
v0_087_swarnajayanti_fellowships_scheme_2018_19,Smriti Saraswat,[]
v0_087_swarnajayanti_fellowships_scheme_2018_19,Sonal Atreya,['engineering']
v0_087_swarnajayanti_fellowships_scheme_2018_19,Tina Pujara,[]
v0_087_swarnajayanti_fellowships_scheme_2018_19,Uttam Kumar Roy,[]
v0_087_swarnajayanti_fellowships_scheme_2018_19,V Devadas,[]
v0_087_swarnajayanti_fellowships_scheme_2018_19,Jaydev Dabas,[]
v0_087_swarnajayanti_fellowships_scheme_2018_19,Millie Pant,[]
v0_087_swarnajayanti_fellowships_scheme_2018_19,Rajan Arora,[]
v0_087_swarnajayanti_fellowships_scheme_2018_19,Ashwani Kumar Sharma,[]
v0_087_swarnajayanti_fellowships_scheme_2018_19,Bijan Choudhury,['engineering']
v0_087_swarnajayanti_fellowships_scheme_2018_19,Debabrata Sircar,[]
v0_087_swarnajayanti_fellowships_scheme_2018_19,Deepak Sharma,[]
v0_087_swarnajayanti_fellowships_scheme_2018_19,P Gopinath,[]
v0_087_swarnajayanti_fellowships_scheme_2018_19,Harsh Chauhan,[]
v0_087_swarnajayanti_fellowships_scheme_2018_19,Srinivas Kiran Ambatipudi,[]
v0_087_swarnajayanti_fellowships_scheme_2018_19,Krishna Mohan Poluri,[]
v0_087_swarnajayanti_fellowships_scheme_2018_19,Maya S.Nair,[]
v0_087_swarnajayanti_fellowships_scheme_2018_19,N K Navani,[]
v0_087_swarnajayanti_fellowships_scheme_2018_19,Partha Roy,[]
v0_087_swarnajayanti_fellowships_scheme_2018_19,Poonam Choudhary,['engineering']
v0_087_swarnajayanti_fellowships_scheme_2018_19,Prabhat Kumar Mandal,['engineering']
v0_087_swarnajayanti_fellowships_scheme_2018_19,Pranita P Sarangi,[]
v0_087_swarnajayanti_fellowships_scheme_2018_19,Pravindra Kumar,[]
v0_087_swarnajayanti_fellowships_scheme_2018_19,Prince Tiwari,['engineering']
v0_087_swarnajayanti_fellowships_scheme_2018_19,R. P. Singh,['engineering']
v0_087_swarnajayanti_fellowships_scheme_2018_19,Ramasare Prasad,['engineering']
v0_087_swarnajayanti_fellowships_scheme_2018_19,Ranjana Pathania,[]
v0_087_swarnajayanti_fellowships_scheme_2018_19,Sanjoy Ghosh,['engineering']
v0_087_swarnajayanti_fellowships_scheme_2018_19,Saugata Hazra,['engineering']
v0_087_swarnajayanti_fellowships_scheme_2018_19,Shailly Tomar,[]
v0_087_swarnajayanti_fellowships_scheme_2018_19,Shri Ram Yadav,['engineering']
v0_087_swarnajayanti_fellowships_scheme_2018_19,Soma Rohatgi,['engineering']
v0_087_swarnajayanti_fellowships_scheme_2018_19,Sachin Suresh Tiwari,['engineering']
v0_087_swarnajayanti_fellowships_scheme_2018_19,Jitin Singla,[]
v0_087_swarnajayanti_fellowships_scheme_2018_19,Rajesh Kumar,[]
v0_087_swarnajayanti_fellowships_scheme_2018_19,Akhil Upadhyay,['engineering']
v0_088_dst_overseas_visiting_fellowship_admissions,Arindam Biswas,[]
v0_088_dst_overseas_visiting_fellowship_admissions,Avlokita Agrawal,[]
v0_088_dst_overseas_visiting_fellowship_admissions,Gaurav Raheja,[]
v0_088_dst_overseas_visiting_fellowship_admissions,Harshit Sosan Lakra,['general']
v0_088_dst_overseas_visiting_fellowship_admissions,Mahua Mukherjee,['general']
v0_088_dst_overseas_visiting_fellowship_admissions,Prabhjot Singh Chani,['general']
v0_088_dst_overseas_visiting_fellowship_admissions,E Rajasekar,[]
v0_088_dst_overseas_visiting_fellowship_admissions,Ram Sateesh Pasupuleti,['general']
v0_088_dst_overseas_visiting_fellowship_admissions,Saptarshi Kolay,[]
v0_088_dst_overseas_visiting_fellowship_admissions,Shubhajit Sadhukhan,[]
v0_088_dst_overseas_visiting_fellowship_admissions,Smriti Saraswat,[]
v0_088_dst_overseas_visiting_fellowship_admissions,Sonal Atreya,[]
v0_088_dst_overseas_visiting_fellowship_admissions,Tina Pujara,['general']
v0_088_dst_overseas_visiting_fellowship_admissions,Uttam Kumar Roy,['general']
v0_088_dst_overseas_visiting_fellowship_admissions,V Devadas,[]
v0_088_dst_overseas_visiting_fellowship_admissions,Jaydev Dabas,[]
v0_088_dst_overseas_visiting_fellowship_admissions,Millie Pant,[]
v0_088_dst_overseas_visiting_fellowship_admissions,Rajan Arora,[]
v0_088_dst_overseas_visiting_fellowship_admissions,Ashwani Kumar Sharma,['general']
v0_088_dst_overseas_visiting_fellowship_admissions,Bijan Choudhury,[]
v0_088_dst_overseas_visiting_fellowship_admissions,Debabrata Sircar,['general']
v0_088_dst_overseas_visiting_fellowship_admissions,Deepak Sharma,['general']
v0_088_dst_overseas_visiting_fellowship_admissions,P Gopinath,[]
v0_088_dst_overseas_visiting_fellowship_admissions,Harsh Chauhan,[]
v0_088_dst_overseas_visiting_fellowship_admissions,Srinivas Kiran Ambatipudi,[]
v0_088_dst_overseas_visiting_fellowship_admissions,Krishna Mohan Poluri,['general']
v0_088_dst_overseas_visiting_fellowship_admissions,Maya S.Nair,['general']
v0_088_dst_overseas_visiting_fellowship_admissions,N K Navani,['general']
v0_088_dst_overseas_visiting_fellowship_admissions,Partha Roy,[]
v0_088_dst_overseas_visiting_fellowship_admissions,Poonam Choudhary,[]
v0_088_dst_overseas_visiting_fellowship_admissions,Prabhat Kumar Mandal,[]
v0_088_dst_overseas_visiting_fellowship_admissions,Pranita P Sarangi,[]
v0_088_dst_overseas_visiting_fellowship_admissions,Pravindra Kumar,[]
v0_088_dst_overseas_visiting_fellowship_admissions,Prince Tiwari,[]
v0_088_dst_overseas_visiting_fellowship_admissions,R. P. Singh,[]
v0_088_dst_overseas_visiting_fellowship_admissions,Ramasare Prasad,[]
v0_088_dst_overseas_visiting_fellowship_admissions,Ranjana Pathania,['general']
v0_088_dst_overseas_visiting_fellowship_admissions,Sanjoy Ghosh,['general']
v0_088_dst_overseas_visiting_fellowship_admissions,Saugata Hazra,['general']
v0_088_dst_overseas_visiting_fellowship_admissions,Shailly Tomar,[]
v0_088_dst_overseas_visiting_fellowship_admissions,Shri Ram Yadav,[]
v0_088_dst_overseas_visiting_fellowship_admissions,Soma Rohatgi,['general']
v0_088_dst_overseas_visiting_fellowship_admissions,Sachin Suresh Tiwari,['general']
v0_088_dst_overseas_visiting_fellowship_admissions,Jitin Singla,[]
v0_088_dst_overseas_visiting_fellowship_admissions,Rajesh Kumar,[]
v0_088_dst_overseas_visiting_fellowship_admissions,Akhil Upadhyay,['general']
v0_089_sustainable__innovative_technologies_in_agricultureagro_tech_under_the_scheme_technology_development_programme,Arindam Biswas,['supply chain']
v0_089_sustainable__innovative_technologies_in_agricultureagro_tech_under_the_scheme_technology_development_programme,Avlokita Agrawal,[]
v0_089_sustainable__innovative_technologies_in_agricultureagro_tech_under_the_scheme_technology_development_programme,Gaurav Raheja,[]
v0_089_sustainable__innovative_technologies_in_agricultureagro_tech_under_the_scheme_technology_development_programme,Harshit Sosan Lakra,[]
v0_089_sustainable__innovative_technologies_in_agricultureagro_tech_under_the_scheme_technology_development_programme,Mahua Mukherjee,[]
v0_089_sustainable__innovative_technologies_in_agricultureagro_tech_under_the_scheme_technology_development_programme,Prabhjot Singh Chani,['supply chain']
v0_089_sustainable__innovative_technologies_in_agricultureagro_tech_under_the_scheme_technology_development_programme,E Rajasekar,[]
v0_089_sustainable__innovative_technologies_in_agricultureagro_tech_under_the_scheme_technology_development_programme,Ram Sateesh Pasupuleti,[]
v0_089_sustainable__innovative_technologies_in_agricultureagro_tech_under_the_scheme_technology_development_programme,Saptarshi Kolay,[]
v0_089_sustainable__innovative_technologies_in_agricultureagro_tech_under_the_scheme_technology_development_programme,Shubhajit Sadhukhan,['give']
v0_089_sustainable__innovative_technologies_in_agricultureagro_tech_under_the_scheme_technology_development_programme,Smriti Saraswat,['give']
v0_089_sustainable__innovative_technologies_in_agricultureagro_tech_under_the_scheme_technology_development_programme,Sonal Atreya,[]
v0_089_sustainable__innovative_technologies_in_agricultureagro_tech_under_the_scheme_technology_development_programme,Tina Pujara,[]
v0_089_sustainable__innovative_technologies_in_agricultureagro_tech_under_the_scheme_technology_development_programme,Uttam Kumar Roy,[]
v0_089_sustainable__innovative_technologies_in_agricultureagro_tech_under_the_scheme_technology_development_programme,V Devadas,[]
v0_089_sustainable__innovative_technologies_in_agricultureagro_tech_under_the_scheme_technology_development_programme,Jaydev Dabas,[]
v0_089_sustainable__innovative_technologies_in_agricultureagro_tech_under_the_scheme_technology_development_programme,Millie Pant,['supply chain']
v0_089_sustainable__innovative_technologies_in_agricultureagro_tech_under_the_scheme_technology_development_programme,Rajan Arora,[]
v0_089_sustainable__innovative_technologies_in_agricultureagro_tech_under_the_scheme_technology_development_programme,Ashwani Kumar Sharma,[]
v0_089_sustainable__innovative_technologies_in_agricultureagro_tech_under_the_scheme_technology_development_programme,Bijan Choudhury,[]
v0_089_sustainable__innovative_technologies_in_agricultureagro_tech_under_the_scheme_technology_development_programme,Debabrata Sircar,[]
v0_089_sustainable__innovative_technologies_in_agricultureagro_tech_under_the_scheme_technology_development_programme,Deepak Sharma,['supply chain']
v0_089_sustainable__innovative_technologies_in_agricultureagro_tech_under_the_scheme_technology_development_programme,P Gopinath,[]
v0_089_sustainable__innovative_technologies_in_agricultureagro_tech_under_the_scheme_technology_development_programme,Harsh Chauhan,[]
v0_089_sustainable__innovative_technologies_in_agricultureagro_tech_under_the_scheme_technology_development_programme,Srinivas Kiran Ambatipudi,[]
v0_089_sustainable__innovative_technologies_in_agricultureagro_tech_under_the_scheme_technology_development_programme,Krishna Mohan Poluri,[]
v0_089_sustainable__innovative_technologies_in_agricultureagro_tech_under_the_scheme_technology_development_programme,Maya S.Nair,[]
v0_089_sustainable__innovative_technologies_in_agricultureagro_tech_under_the_scheme_technology_development_programme,N K Navani,['give']
v0_089_sustainable__innovative_technologies_in_agricultureagro_tech_under_the_scheme_technology_development_programme,Partha Roy,[]
v0_089_sustainable__innovative_technologies_in_agricultureagro_tech_under_the_scheme_technology_development_programme,Poonam Choudhary,[]
v0_089_sustainable__innovative_technologies_in_agricultureagro_tech_under_the_scheme_technology_development_programme,Prabhat Kumar Mandal,[]
v0_089_sustainable__innovative_technologies_in_agricultureagro_tech_under_the_scheme_technology_development_programme,Pranita P Sarangi,[]
v0_089_sustainable__innovative_technologies_in_agricultureagro_tech_under_the_scheme_technology_development_programme,Pravindra Kumar,[]
v0_089_sustainable__innovative_technologies_in_agricultureagro_tech_under_the_scheme_technology_development_programme,Prince Tiwari,['give']
v0_089_sustainable__innovative_technologies_in_agricultureagro_tech_under_the_scheme_technology_development_programme,R. P. Singh,[]
v0_089_sustainable__innovative_technologies_in_agricultureagro_tech_under_the_scheme_technology_development_programme,Ramasare Prasad,[]
v0_089_sustainable__innovative_technologies_in_agricultureagro_tech_under_the_scheme_technology_development_programme,Ranjana Pathania,[]
v0_089_sustainable__innovative_technologies_in_agricultureagro_tech_under_the_scheme_technology_development_programme,Sanjoy Ghosh,[]
v0_089_sustainable__innovative_technologies_in_agricultureagro_tech_under_the_scheme_technology_development_programme,Saugata Hazra,[]
v0_089_sustainable__innovative_technologies_in_agricultureagro_tech_under_the_scheme_technology_development_programme,Shailly Tomar,[]
v0_089_sustainable__innovative_technologies_in_agricultureagro_tech_under_the_scheme_technology_development_programme,Shri Ram Yadav,[]
v0_089_sustainable__innovative_technologies_in_agricultureagro_tech_under_the_scheme_technology_development_programme,Soma Rohatgi,[]
v0_089_sustainable__innovative_technologies_in_agricultureagro_tech_under_the_scheme_technology_development_programme,Sachin Suresh Tiwari,['supply chain']
v0_089_sustainable__innovative_technologies_in_agricultureagro_tech_under_the_scheme_technology_development_programme,Jitin Singla,['supply chain']
v0_089_sustainable__innovative_technologies_in_agricultureagro_tech_under_the_scheme_technology_development_programme,Rajesh Kumar,['supply chain']
v0_089_sustainable__innovative_technologies_in_agricultureagro_tech_under_the_scheme_technology_development_programme,Akhil Upadhyay,[]
v0_090_scheme_for_young_scientists_and_technologists,Arindam Biswas,[]
v0_090_scheme_for_young_scientists_and_technologists,Avlokita Agrawal,[]
v0_090_scheme_for_young_scientists_and_technologists,Gaurav Raheja,[]
v0_090_scheme_for_young_scientists_and_technologists,Harshit Sosan Lakra,['general']
v0_090_scheme_for_young_scientists_and_technologists,Mahua Mukherjee,['general']
v0_090_scheme_for_young_scientists_and_technologists,Prabhjot Singh Chani,['general']
v0_090_scheme_for_young_scientists_and_technologists,E Rajasekar,[]
v0_090_scheme_for_young_scientists_and_technologists,Ram Sateesh Pasupuleti,['general']
v0_090_scheme_for_young_scientists_and_technologists,Saptarshi Kolay,[]
v0_090_scheme_for_young_scientists_and_technologists,Shubhajit Sadhukhan,[]
v0_090_scheme_for_young_scientists_and_technologists,Smriti Saraswat,[]
v0_090_scheme_for_young_scientists_and_technologists,Sonal Atreya,[]
v0_090_scheme_for_young_scientists_and_technologists,Tina Pujara,['general']
v0_090_scheme_for_young_scientists_and_technologists,Uttam Kumar Roy,['general']
v0_090_scheme_for_young_scientists_and_technologists,V Devadas,[]
v0_090_scheme_for_young_scientists_and_technologists,Jaydev Dabas,[]
v0_090_scheme_for_young_scientists_and_technologists,Millie Pant,[]
v0_090_scheme_for_young_scientists_and_technologists,Rajan Arora,[]
v0_090_scheme_for_young_scientists_and_technologists,Ashwani Kumar Sharma,['general']
v0_090_scheme_for_young_scientists_and_technologists,Bijan Choudhury,[]
v0_090_scheme_for_young_scientists_and_technologists,Debabrata Sircar,['general']
v0_090_scheme_for_young_scientists_and_technologists,Deepak Sharma,['general']
v0_090_scheme_for_young_scientists_and_technologists,P Gopinath,[]
v0_090_scheme_for_young_scientists_and_technologists,Harsh Chauhan,[]
v0_090_scheme_for_young_scientists_and_technologists,Srinivas Kiran Ambatipudi,[]
v0_090_scheme_for_young_scientists_and_technologists,Krishna Mohan Poluri,['general']
v0_090_scheme_for_young_scientists_and_technologists,Maya S.Nair,['general']
v0_090_scheme_for_young_scientists_and_technologists,N K Navani,['general']
v0_090_scheme_for_young_scientists_and_technologists,Partha Roy,[]
v0_090_scheme_for_young_scientists_and_technologists,Poonam Choudhary,[]
v0_090_scheme_for_young_scientists_and_technologists,Prabhat Kumar Mandal,[]
v0_090_scheme_for_young_scientists_and_technologists,Pranita P Sarangi,[]
v0_090_scheme_for_young_scientists_and_technologists,Pravindra Kumar,[]
v0_090_scheme_for_young_scientists_and_technologists,Prince Tiwari,[]
v0_090_scheme_for_young_scientists_and_technologists,R. P. Singh,[]
v0_090_scheme_for_young_scientists_and_technologists,Ramasare Prasad,[]
v0_090_scheme_for_young_scientists_and_technologists,Ranjana Pathania,['general']
v0_090_scheme_for_young_scientists_and_technologists,Sanjoy Ghosh,['general']
v0_090_scheme_for_young_scientists_and_technologists,Saugata Hazra,['general']
v0_090_scheme_for_young_scientists_and_technologists,Shailly Tomar,[]
v0_090_scheme_for_young_scientists_and_technologists,Shri Ram Yadav,[]
v0_090_scheme_for_young_scientists_and_technologists,Soma Rohatgi,['general']
v0_090_scheme_for_young_scientists_and_technologists,Sachin Suresh Tiwari,['general']
v0_090_scheme_for_young_scientists_and_technologists,Jitin Singla,[]
v0_090_scheme_for_young_scientists_and_technologists,Rajesh Kumar,[]
v0_090_scheme_for_young_scientists_and_technologists,Akhil Upadhyay,['general']
v0_091_chord_nstmis_scheme_call_for_proposals_2018_19,Arindam Biswas,['collection']
v0_091_chord_nstmis_scheme_call_for_proposals_2018_19,Avlokita Agrawal,"['material', 'sponsor']"
v0_091_chord_nstmis_scheme_call_for_proposals_2018_19,Gaurav Raheja,['material']
v0_091_chord_nstmis_scheme_call_for_proposals_2018_19,Harshit Sosan Lakra,['material']
v0_091_chord_nstmis_scheme_call_for_proposals_2018_19,Mahua Mukherjee,"['collection', 'material']"
v0_091_chord_nstmis_scheme_call_for_proposals_2018_19,Prabhjot Singh Chani,['collection']
v0_091_chord_nstmis_scheme_call_for_proposals_2018_19,E Rajasekar,"['collection', 'material']"
v0_091_chord_nstmis_scheme_call_for_proposals_2018_19,Ram Sateesh Pasupuleti,"['collection', 'material']"
v0_091_chord_nstmis_scheme_call_for_proposals_2018_19,Saptarshi Kolay,['collection']
v0_091_chord_nstmis_scheme_call_for_proposals_2018_19,Shubhajit Sadhukhan,"['material', 'sponsor']"
v0_091_chord_nstmis_scheme_call_for_proposals_2018_19,Smriti Saraswat,"['collection', 'material', 'sponsor']"
v0_091_chord_nstmis_scheme_call_for_proposals_2018_19,Sonal Atreya,"['collection', 'material']"
v0_091_chord_nstmis_scheme_call_for_proposals_2018_19,Tina Pujara,"['collection', 'material', 'sponsor']"
v0_091_chord_nstmis_scheme_call_for_proposals_2018_19,Uttam Kumar Roy,['material']
v0_091_chord_nstmis_scheme_call_for_proposals_2018_19,V Devadas,['collection']
v0_091_chord_nstmis_scheme_call_for_proposals_2018_19,Jaydev Dabas,['collection']
v0_091_chord_nstmis_scheme_call_for_proposals_2018_19,Millie Pant,"['collection', 'material']"
v0_091_chord_nstmis_scheme_call_for_proposals_2018_19,Rajan Arora,['collection']
v0_091_chord_nstmis_scheme_call_for_proposals_2018_19,Ashwani Kumar Sharma,"['collection', 'material']"
v0_091_chord_nstmis_scheme_call_for_proposals_2018_19,Bijan Choudhury,"['collection', 'sponsor']"
v0_091_chord_nstmis_scheme_call_for_proposals_2018_19,Debabrata Sircar,"['collection', 'material']"
v0_091_chord_nstmis_scheme_call_for_proposals_2018_19,Deepak Sharma,"['collection', 'material']"
v0_091_chord_nstmis_scheme_call_for_proposals_2018_19,P Gopinath,"['collection', 'material']"
v0_091_chord_nstmis_scheme_call_for_proposals_2018_19,Harsh Chauhan,['collection']
v0_091_chord_nstmis_scheme_call_for_proposals_2018_19,Srinivas Kiran Ambatipudi,[]
v0_091_chord_nstmis_scheme_call_for_proposals_2018_19,Krishna Mohan Poluri,['material']
v0_091_chord_nstmis_scheme_call_for_proposals_2018_19,Maya S.Nair,"['material', 'sponsor']"
v0_091_chord_nstmis_scheme_call_for_proposals_2018_19,N K Navani,"['collection', 'material']"
v0_091_chord_nstmis_scheme_call_for_proposals_2018_19,Partha Roy,"['collection', 'material']"
v0_091_chord_nstmis_scheme_call_for_proposals_2018_19,Poonam Choudhary,['collection']
v0_091_chord_nstmis_scheme_call_for_proposals_2018_19,Prabhat Kumar Mandal,"['collection', 'material']"
v0_091_chord_nstmis_scheme_call_for_proposals_2018_19,Pranita P Sarangi,[]
v0_091_chord_nstmis_scheme_call_for_proposals_2018_19,Pravindra Kumar,['collection']
v0_091_chord_nstmis_scheme_call_for_proposals_2018_19,Prince Tiwari,"['material', 'sponsor']"
v0_091_chord_nstmis_scheme_call_for_proposals_2018_19,R. P. Singh,['material']
v0_091_chord_nstmis_scheme_call_for_proposals_2018_19,Ramasare Prasad,"['collection', 'material']"
v0_091_chord_nstmis_scheme_call_for_proposals_2018_19,Ranjana Pathania,['material']
v0_091_chord_nstmis_scheme_call_for_proposals_2018_19,Sanjoy Ghosh,"['collection', 'material']"
v0_091_chord_nstmis_scheme_call_for_proposals_2018_19,Saugata Hazra,"['collection', 'material']"
v0_091_chord_nstmis_scheme_call_for_proposals_2018_19,Shailly Tomar,"['collection', 'material']"
v0_091_chord_nstmis_scheme_call_for_proposals_2018_19,Shri Ram Yadav,['collection']
v0_091_chord_nstmis_scheme_call_for_proposals_2018_19,Soma Rohatgi,"['collection', 'material']"
v0_091_chord_nstmis_scheme_call_for_proposals_2018_19,Sachin Suresh Tiwari,['collection']
v0_091_chord_nstmis_scheme_call_for_proposals_2018_19,Jitin Singla,"['collection', 'material']"
v0_091_chord_nstmis_scheme_call_for_proposals_2018_19,Rajesh Kumar,"['collection', 'material']"
v0_091_chord_nstmis_scheme_call_for_proposals_2018_19,Akhil Upadhyay,[]
v0_092_call_for_proposals_under_dst_ic_impact_indo_canada_joint_research_programmes,Arindam Biswas,"['building', 'city', 'design', 'population', 'smart city', 'urban']"
v0_092_call_for_proposals_under_dst_ic_impact_indo_canada_joint_research_programmes,Avlokita Agrawal,"['building', 'material', 'population']"
v0_092_call_for_proposals_under_dst_ic_impact_indo_canada_joint_research_programmes,Gaurav Raheja,"['city', 'design', 'environment', 'material', 'percent', 'smart city', 'use', 'waste']"
v0_092_call_for_proposals_under_dst_ic_impact_indo_canada_joint_research_programmes,Harshit Sosan Lakra,['material']
v0_092_call_for_proposals_under_dst_ic_impact_indo_canada_joint_research_programmes,Mahua Mukherjee,"['asia', 'building', 'city', 'design', 'energy consumption', 'environment', 'material', 'percent', 'population', 'smart city', 'urban', 'waste']"
v0_092_call_for_proposals_under_dst_ic_impact_indo_canada_joint_research_programmes,Prabhjot Singh Chani,"['building', 'city', 'efficiency', 'energy consumption', 'environment', 'percent', 'population', 'smart city', 'waste']"
v0_092_call_for_proposals_under_dst_ic_impact_indo_canada_joint_research_programmes,E Rajasekar,"['asia', 'building', 'design', 'energy consumption', 'material', 'smart city', 'waste']"
v0_092_call_for_proposals_under_dst_ic_impact_indo_canada_joint_research_programmes,Ram Sateesh Pasupuleti,"['advance', 'asia', 'energy consumption', 'material', 'percent', 'population']"
v0_092_call_for_proposals_under_dst_ic_impact_indo_canada_joint_research_programmes,Saptarshi Kolay,"['building', 'design', 'percent', 'smart city', 'urban', 'use', 'waste']"
v0_092_call_for_proposals_under_dst_ic_impact_indo_canada_joint_research_programmes,Shubhajit Sadhukhan,"['energy consumption', 'environment', 'material', 'population', 'use']"
v0_092_call_for_proposals_under_dst_ic_impact_indo_canada_joint_research_programmes,Smriti Saraswat,"['advance', 'asia', 'building', 'energy consumption', 'material', 'population', 'urban']"
v0_092_call_for_proposals_under_dst_ic_impact_indo_canada_joint_research_programmes,Sonal Atreya,"['material', 'population', 'use', 'waste']"
v0_092_call_for_proposals_under_dst_ic_impact_indo_canada_joint_research_programmes,Tina Pujara,"['asia', 'material', 'population', 'use']"
v0_092_call_for_proposals_under_dst_ic_impact_indo_canada_joint_research_programmes,Uttam Kumar Roy,"['advance', 'building', 'design', 'energy consumption', 'environment', 'material', 'population', 'urban', 'use', 'waste']"
v0_092_call_for_proposals_under_dst_ic_impact_indo_canada_joint_research_programmes,V Devadas,"['advance', 'asia', 'design', 'percent', 'population', 'smart city', 'urban', 'use', 'waste']"
v0_092_call_for_proposals_under_dst_ic_impact_indo_canada_joint_research_programmes,Jaydev Dabas,"['design', 'efficiency', 'energy consumption', 'population']"
v0_092_call_for_proposals_under_dst_ic_impact_indo_canada_joint_research_programmes,Millie Pant,"['asia', 'efficiency', 'energy consumption', 'material', 'population', 'urban']"
v0_092_call_for_proposals_under_dst_ic_impact_indo_canada_joint_research_programmes,Rajan Arora,"['energy consumption', 'environment', 'population']"
v0_092_call_for_proposals_under_dst_ic_impact_indo_canada_joint_research_programmes,Ashwani Kumar Sharma,"['asia', 'design', 'material', 'population', 'smart city', 'waste']"
v0_092_call_for_proposals_under_dst_ic_impact_indo_canada_joint_research_programmes,Bijan Choudhury,"['city', 'energy consumption', 'environment', 'smart city']"
v0_092_call_for_proposals_under_dst_ic_impact_indo_canada_joint_research_programmes,Debabrata Sircar,"['material', 'percent', 'population', 'smart city', 'urban', 'waste']"
v0_092_call_for_proposals_under_dst_ic_impact_indo_canada_joint_research_programmes,Deepak Sharma,"['energy consumption', 'material', 'population']"
v0_092_call_for_proposals_under_dst_ic_impact_indo_canada_joint_research_programmes,P Gopinath,"['advance', 'energy consumption', 'environment', 'material', 'percent', 'smart city', 'waste']"
v0_092_call_for_proposals_under_dst_ic_impact_indo_canada_joint_research_programmes,Harsh Chauhan,"['energy consumption', 'environment', 'population', 'smart city']"
v0_092_call_for_proposals_under_dst_ic_impact_indo_canada_joint_research_programmes,Srinivas Kiran Ambatipudi,[]
v0_092_call_for_proposals_under_dst_ic_impact_indo_canada_joint_research_programmes,Krishna Mohan Poluri,"['advance', 'design', 'environment', 'material', 'waste']"
v0_092_call_for_proposals_under_dst_ic_impact_indo_canada_joint_research_programmes,Maya S.Nair,"['advance', 'energy consumption', 'material', 'percent', 'population', 'smart city']"
v0_092_call_for_proposals_under_dst_ic_impact_indo_canada_joint_research_programmes,N K Navani,"['asia', 'energy consumption', 'material', 'percent', 'population', 'waste']"
v0_092_call_for_proposals_under_dst_ic_impact_indo_canada_joint_research_programmes,Partha Roy,"['asia', 'design', 'energy consumption', 'environment', 'material', 'percent', 'population']"
v0_092_call_for_proposals_under_dst_ic_impact_indo_canada_joint_research_programmes,Poonam Choudhary,"['advance', 'city', 'design', 'energy consumption', 'population', 'smart city', 'urban', 'use', 'waste']"
v0_092_call_for_proposals_under_dst_ic_impact_indo_canada_joint_research_programmes,Prabhat Kumar Mandal,"['city', 'energy consumption', 'environment', 'material', 'percent', 'population']"
v0_092_call_for_proposals_under_dst_ic_impact_indo_canada_joint_research_programmes,Pranita P Sarangi,[]
v0_092_call_for_proposals_under_dst_ic_impact_indo_canada_joint_research_programmes,Pravindra Kumar,"['city', 'population', 'smart city', 'use', 'waste']"
v0_092_call_for_proposals_under_dst_ic_impact_indo_canada_joint_research_programmes,Prince Tiwari,"['asia', 'city', 'design', 'efficiency', 'material', 'smart city', 'use', 'waste']"
v0_092_call_for_proposals_under_dst_ic_impact_indo_canada_joint_research_programmes,R. P. Singh,"['advance', 'design', 'energy consumption', 'material', 'use']"
v0_092_call_for_proposals_under_dst_ic_impact_indo_canada_joint_research_programmes,Ramasare Prasad,"['city', 'environment', 'material', 'percent', 'population', 'smart city', 'waste']"
v0_092_call_for_proposals_under_dst_ic_impact_indo_canada_joint_research_programmes,Ranjana Pathania,"['design', 'efficiency', 'material', 'percent', 'population']"
v0_092_call_for_proposals_under_dst_ic_impact_indo_canada_joint_research_programmes,Sanjoy Ghosh,"['energy consumption', 'environment', 'material', 'population']"
v0_092_call_for_proposals_under_dst_ic_impact_indo_canada_joint_research_programmes,Saugata Hazra,"['design', 'energy consumption', 'environment', 'material', 'percent']"
v0_092_call_for_proposals_under_dst_ic_impact_indo_canada_joint_research_programmes,Shailly Tomar,"['material', 'waste']"
v0_092_call_for_proposals_under_dst_ic_impact_indo_canada_joint_research_programmes,Shri Ram Yadav,"['energy consumption', 'percent', 'population']"
v0_092_call_for_proposals_under_dst_ic_impact_indo_canada_joint_research_programmes,Soma Rohatgi,"['asia', 'design', 'efficiency', 'material', 'percent', 'smart city']"
v0_092_call_for_proposals_under_dst_ic_impact_indo_canada_joint_research_programmes,Sachin Suresh Tiwari,"['city', 'efficiency', 'percent', 'population', 'use']"
v0_092_call_for_proposals_under_dst_ic_impact_indo_canada_joint_research_programmes,Jitin Singla,"['advance', 'asia', 'material', 'population']"
v0_092_call_for_proposals_under_dst_ic_impact_indo_canada_joint_research_programmes,Rajesh Kumar,"['city', 'design', 'efficiency', 'energy consumption', 'environment', 'material', 'percent', 'population', 'smart city', 'waste']"
v0_092_call_for_proposals_under_dst_ic_impact_indo_canada_joint_research_programmes,Akhil Upadhyay,"['advance', 'asia', 'building', 'city', 'design', 'efficiency', 'energy consumption', 'percent', 'use']"
v0_093_2019_brics_calls_for_proposals_for_multilateral_rd_projects,Arindam Biswas,[]
v0_093_2019_brics_calls_for_proposals_for_multilateral_rd_projects,Avlokita Agrawal,['material']
v0_093_2019_brics_calls_for_proposals_for_multilateral_rd_projects,Gaurav Raheja,['material']
v0_093_2019_brics_calls_for_proposals_for_multilateral_rd_projects,Harshit Sosan Lakra,['material']
v0_093_2019_brics_calls_for_proposals_for_multilateral_rd_projects,Mahua Mukherjee,"['disaster', 'material']"
v0_093_2019_brics_calls_for_proposals_for_multilateral_rd_projects,Prabhjot Singh Chani,"['disaster', 'efficiency']"
v0_093_2019_brics_calls_for_proposals_for_multilateral_rd_projects,E Rajasekar,"['disaster', 'material']"
v0_093_2019_brics_calls_for_proposals_for_multilateral_rd_projects,Ram Sateesh Pasupuleti,"['disaster', 'material']"
v0_093_2019_brics_calls_for_proposals_for_multilateral_rd_projects,Saptarshi Kolay,['disaster']
v0_093_2019_brics_calls_for_proposals_for_multilateral_rd_projects,Shubhajit Sadhukhan,['material']
v0_093_2019_brics_calls_for_proposals_for_multilateral_rd_projects,Smriti Saraswat,['material']
v0_093_2019_brics_calls_for_proposals_for_multilateral_rd_projects,Sonal Atreya,"['disaster', 'material']"
v0_093_2019_brics_calls_for_proposals_for_multilateral_rd_projects,Tina Pujara,['material']
v0_093_2019_brics_calls_for_proposals_for_multilateral_rd_projects,Uttam Kumar Roy,"['disaster', 'material']"
v0_093_2019_brics_calls_for_proposals_for_multilateral_rd_projects,V Devadas,['disaster']
v0_093_2019_brics_calls_for_proposals_for_multilateral_rd_projects,Jaydev Dabas,['efficiency']
v0_093_2019_brics_calls_for_proposals_for_multilateral_rd_projects,Millie Pant,"['efficiency', 'material']"
v0_093_2019_brics_calls_for_proposals_for_multilateral_rd_projects,Rajan Arora,[]
v0_093_2019_brics_calls_for_proposals_for_multilateral_rd_projects,Ashwani Kumar Sharma,"['disaster', 'material']"
v0_093_2019_brics_calls_for_proposals_for_multilateral_rd_projects,Bijan Choudhury,[]
v0_093_2019_brics_calls_for_proposals_for_multilateral_rd_projects,Debabrata Sircar,"['disaster', 'material']"
v0_093_2019_brics_calls_for_proposals_for_multilateral_rd_projects,Deepak Sharma,"['disaster', 'material']"
v0_093_2019_brics_calls_for_proposals_for_multilateral_rd_projects,P Gopinath,['material']
v0_093_2019_brics_calls_for_proposals_for_multilateral_rd_projects,Harsh Chauhan,['disaster']
v0_093_2019_brics_calls_for_proposals_for_multilateral_rd_projects,Srinivas Kiran Ambatipudi,[]
v0_093_2019_brics_calls_for_proposals_for_multilateral_rd_projects,Krishna Mohan Poluri,"['disaster', 'material']"
v0_093_2019_brics_calls_for_proposals_for_multilateral_rd_projects,Maya S.Nair,"['disaster', 'material']"
v0_093_2019_brics_calls_for_proposals_for_multilateral_rd_projects,N K Navani,"['disaster', 'material']"
v0_093_2019_brics_calls_for_proposals_for_multilateral_rd_projects,Partha Roy,['material']
v0_093_2019_brics_calls_for_proposals_for_multilateral_rd_projects,Poonam Choudhary,['disaster']
v0_093_2019_brics_calls_for_proposals_for_multilateral_rd_projects,Prabhat Kumar Mandal,['material']
v0_093_2019_brics_calls_for_proposals_for_multilateral_rd_projects,Pranita P Sarangi,[]
v0_093_2019_brics_calls_for_proposals_for_multilateral_rd_projects,Pravindra Kumar,['disaster']
v0_093_2019_brics_calls_for_proposals_for_multilateral_rd_projects,Prince Tiwari,"['disaster', 'efficiency', 'material']"
v0_093_2019_brics_calls_for_proposals_for_multilateral_rd_projects,R. P. Singh,['material']
v0_093_2019_brics_calls_for_proposals_for_multilateral_rd_projects,Ramasare Prasad,"['disaster', 'material']"
v0_093_2019_brics_calls_for_proposals_for_multilateral_rd_projects,Ranjana Pathania,"['efficiency', 'material']"
v0_093_2019_brics_calls_for_proposals_for_multilateral_rd_projects,Sanjoy Ghosh,['material']
v0_093_2019_brics_calls_for_proposals_for_multilateral_rd_projects,Saugata Hazra,"['disaster', 'material']"
v0_093_2019_brics_calls_for_proposals_for_multilateral_rd_projects,Shailly Tomar,"['disaster', 'material']"
v0_093_2019_brics_calls_for_proposals_for_multilateral_rd_projects,Shri Ram Yadav,[]
v0_093_2019_brics_calls_for_proposals_for_multilateral_rd_projects,Soma Rohatgi,"['disaster', 'efficiency', 'material']"
v0_093_2019_brics_calls_for_proposals_for_multilateral_rd_projects,Sachin Suresh Tiwari,"['disaster', 'efficiency']"
v0_093_2019_brics_calls_for_proposals_for_multilateral_rd_projects,Jitin Singla,"['disaster', 'material']"
v0_093_2019_brics_calls_for_proposals_for_multilateral_rd_projects,Rajesh Kumar,"['disaster', 'efficiency', 'material']"
v0_093_2019_brics_calls_for_proposals_for_multilateral_rd_projects,Akhil Upadhyay,['efficiency']
v0_094_global_cooling_prize,Arindam Biswas,['urbanization']
v0_094_global_cooling_prize,Avlokita Agrawal,['global warming']
v0_094_global_cooling_prize,Gaurav Raheja,"['environment', 'threat', 'urbanization']"
v0_094_global_cooling_prize,Harshit Sosan Lakra,[]
v0_094_global_cooling_prize,Mahua Mukherjee,"['demand', 'environment', 'global warming', 'urbanization']"
v0_094_global_cooling_prize,Prabhjot Singh Chani,"['environment', 'urbanization']"
v0_094_global_cooling_prize,E Rajasekar,"['demand', 'threat', 'urbanization']"
v0_094_global_cooling_prize,Ram Sateesh Pasupuleti,['urbanization']
v0_094_global_cooling_prize,Saptarshi Kolay,"['demand', 'threat', 'urbanization']"
v0_094_global_cooling_prize,Shubhajit Sadhukhan,"['demand', 'environment', 'urbanization']"
v0_094_global_cooling_prize,Smriti Saraswat,['demand']
v0_094_global_cooling_prize,Sonal Atreya,"['threat', 'urbanization']"
v0_094_global_cooling_prize,Tina Pujara,['urbanization']
v0_094_global_cooling_prize,Uttam Kumar Roy,"['environment', 'urbanization']"
v0_094_global_cooling_prize,V Devadas,"['threat', 'urbanization']"
v0_094_global_cooling_prize,Jaydev Dabas,['urbanization']
v0_094_global_cooling_prize,Millie Pant,"['global warming', 'urbanization']"
v0_094_global_cooling_prize,Rajan Arora,"['environment', 'urbanization']"
v0_094_global_cooling_prize,Ashwani Kumar Sharma,[]
v0_094_global_cooling_prize,Bijan Choudhury,"['environment', 'urbanization']"
v0_094_global_cooling_prize,Debabrata Sircar,"['demand', 'urbanization']"
v0_094_global_cooling_prize,Deepak Sharma,"['threat', 'urbanization']"
v0_094_global_cooling_prize,P Gopinath,['environment']
v0_094_global_cooling_prize,Harsh Chauhan,['environment']
v0_094_global_cooling_prize,Srinivas Kiran Ambatipudi,[]
v0_094_global_cooling_prize,Krishna Mohan Poluri,"['environment', 'threat']"
v0_094_global_cooling_prize,Maya S.Nair,"['demand', 'threat']"
v0_094_global_cooling_prize,N K Navani,"['threat', 'urbanization']"
v0_094_global_cooling_prize,Partha Roy,"['environment', 'threat', 'urbanization']"
v0_094_global_cooling_prize,Poonam Choudhary,"['demand', 'threat', 'urbanization']"
v0_094_global_cooling_prize,Prabhat Kumar Mandal,"['environment', 'global warming', 'urbanization']"
v0_094_global_cooling_prize,Pranita P Sarangi,[]
v0_094_global_cooling_prize,Pravindra Kumar,['global warming']
v0_094_global_cooling_prize,Prince Tiwari,"['global warming', 'urbanization']"
v0_094_global_cooling_prize,R. P. Singh,['urbanization']
v0_094_global_cooling_prize,Ramasare Prasad,"['environment', 'threat', 'urbanization']"
v0_094_global_cooling_prize,Ranjana Pathania,"['demand', 'global warming', 'urbanization']"
v0_094_global_cooling_prize,Sanjoy Ghosh,"['environment', 'urbanization']"
v0_094_global_cooling_prize,Saugata Hazra,"['environment', 'global warming', 'threat']"
v0_094_global_cooling_prize,Shailly Tomar,['threat']
v0_094_global_cooling_prize,Shri Ram Yadav,['urbanization']
v0_094_global_cooling_prize,Soma Rohatgi,"['global warming', 'urbanization']"
v0_094_global_cooling_prize,Sachin Suresh Tiwari,"['threat', 'urbanization']"
v0_094_global_cooling_prize,Jitin Singla,['urbanization']
v0_094_global_cooling_prize,Rajesh Kumar,"['demand', 'environment']"
v0_094_global_cooling_prize,Akhil Upadhyay,"['demand', 'threat']"
v0_095_wti_call_2019_research_technology_innovation_on_nexus_of_water_with_energy_food_and_health,Arindam Biswas,[]
v0_095_wti_call_2019_research_technology_innovation_on_nexus_of_water_with_energy_food_and_health,Avlokita Agrawal,['agricultural']
v0_095_wti_call_2019_research_technology_innovation_on_nexus_of_water_with_energy_food_and_health,Gaurav Raheja,"['agricultural', 'use', 'waste']"
v0_095_wti_call_2019_research_technology_innovation_on_nexus_of_water_with_energy_food_and_health,Harshit Sosan Lakra,[]
v0_095_wti_call_2019_research_technology_innovation_on_nexus_of_water_with_energy_food_and_health,Mahua Mukherjee,"['agricultural', 'demand', 'waste']"
v0_095_wti_call_2019_research_technology_innovation_on_nexus_of_water_with_energy_food_and_health,Prabhjot Singh Chani,"['efficiency', 'lab', 'waste']"
v0_095_wti_call_2019_research_technology_innovation_on_nexus_of_water_with_energy_food_and_health,E Rajasekar,"['demand', 'waste']"
v0_095_wti_call_2019_research_technology_innovation_on_nexus_of_water_with_energy_food_and_health,Ram Sateesh Pasupuleti,[]
v0_095_wti_call_2019_research_technology_innovation_on_nexus_of_water_with_energy_food_and_health,Saptarshi Kolay,"['demand', 'use', 'waste']"
v0_095_wti_call_2019_research_technology_innovation_on_nexus_of_water_with_energy_food_and_health,Shubhajit Sadhukhan,"['demand', 'use']"
v0_095_wti_call_2019_research_technology_innovation_on_nexus_of_water_with_energy_food_and_health,Smriti Saraswat,"['agricultural', 'demand']"
v0_095_wti_call_2019_research_technology_innovation_on_nexus_of_water_with_energy_food_and_health,Sonal Atreya,"['use', 'waste']"
v0_095_wti_call_2019_research_technology_innovation_on_nexus_of_water_with_energy_food_and_health,Tina Pujara,['use']
v0_095_wti_call_2019_research_technology_innovation_on_nexus_of_water_with_energy_food_and_health,Uttam Kumar Roy,"['agricultural', 'use', 'waste']"
v0_095_wti_call_2019_research_technology_innovation_on_nexus_of_water_with_energy_food_and_health,V Devadas,"['use', 'waste']"
v0_095_wti_call_2019_research_technology_innovation_on_nexus_of_water_with_energy_food_and_health,Jaydev Dabas,"['efficiency', 'lab']"
v0_095_wti_call_2019_research_technology_innovation_on_nexus_of_water_with_energy_food_and_health,Millie Pant,['efficiency']
v0_095_wti_call_2019_research_technology_innovation_on_nexus_of_water_with_energy_food_and_health,Rajan Arora,[]
v0_095_wti_call_2019_research_technology_innovation_on_nexus_of_water_with_energy_food_and_health,Ashwani Kumar Sharma,"['agricultural', 'lab', 'waste']"
v0_095_wti_call_2019_research_technology_innovation_on_nexus_of_water_with_energy_food_and_health,Bijan Choudhury,['lab']
v0_095_wti_call_2019_research_technology_innovation_on_nexus_of_water_with_energy_food_and_health,Debabrata Sircar,"['demand', 'waste']"
v0_095_wti_call_2019_research_technology_innovation_on_nexus_of_water_with_energy_food_and_health,Deepak Sharma,[]
v0_095_wti_call_2019_research_technology_innovation_on_nexus_of_water_with_energy_food_and_health,P Gopinath,['waste']
v0_095_wti_call_2019_research_technology_innovation_on_nexus_of_water_with_energy_food_and_health,Harsh Chauhan,[]
v0_095_wti_call_2019_research_technology_innovation_on_nexus_of_water_with_energy_food_and_health,Srinivas Kiran Ambatipudi,['lab']
v0_095_wti_call_2019_research_technology_innovation_on_nexus_of_water_with_energy_food_and_health,Krishna Mohan Poluri,['waste']
v0_095_wti_call_2019_research_technology_innovation_on_nexus_of_water_with_energy_food_and_health,Maya S.Nair,"['demand', 'lab']"
v0_095_wti_call_2019_research_technology_innovation_on_nexus_of_water_with_energy_food_and_health,N K Navani,"['lab', 'waste']"
v0_095_wti_call_2019_research_technology_innovation_on_nexus_of_water_with_energy_food_and_health,Partha Roy,[]
v0_095_wti_call_2019_research_technology_innovation_on_nexus_of_water_with_energy_food_and_health,Poonam Choudhary,"['demand', 'lab', 'use', 'waste']"
v0_095_wti_call_2019_research_technology_innovation_on_nexus_of_water_with_energy_food_and_health,Prabhat Kumar Mandal,['agricultural']
v0_095_wti_call_2019_research_technology_innovation_on_nexus_of_water_with_energy_food_and_health,Pranita P Sarangi,[]
v0_095_wti_call_2019_research_technology_innovation_on_nexus_of_water_with_energy_food_and_health,Pravindra Kumar,"['use', 'waste']"
v0_095_wti_call_2019_research_technology_innovation_on_nexus_of_water_with_energy_food_and_health,Prince Tiwari,"['efficiency', 'use', 'waste']"
v0_095_wti_call_2019_research_technology_innovation_on_nexus_of_water_with_energy_food_and_health,R. P. Singh,['use']
v0_095_wti_call_2019_research_technology_innovation_on_nexus_of_water_with_energy_food_and_health,Ramasare Prasad,['waste']
v0_095_wti_call_2019_research_technology_innovation_on_nexus_of_water_with_energy_food_and_health,Ranjana Pathania,"['agricultural', 'demand', 'efficiency', 'lab']"
v0_095_wti_call_2019_research_technology_innovation_on_nexus_of_water_with_energy_food_and_health,Sanjoy Ghosh,[]
v0_095_wti_call_2019_research_technology_innovation_on_nexus_of_water_with_energy_food_and_health,Saugata Hazra,[]
v0_095_wti_call_2019_research_technology_innovation_on_nexus_of_water_with_energy_food_and_health,Shailly Tomar,['waste']
v0_095_wti_call_2019_research_technology_innovation_on_nexus_of_water_with_energy_food_and_health,Shri Ram Yadav,[]
v0_095_wti_call_2019_research_technology_innovation_on_nexus_of_water_with_energy_food_and_health,Soma Rohatgi,['efficiency']
v0_095_wti_call_2019_research_technology_innovation_on_nexus_of_water_with_energy_food_and_health,Sachin Suresh Tiwari,"['efficiency', 'use']"
v0_095_wti_call_2019_research_technology_innovation_on_nexus_of_water_with_energy_food_and_health,Jitin Singla,[]
v0_095_wti_call_2019_research_technology_innovation_on_nexus_of_water_with_energy_food_and_health,Rajesh Kumar,"['demand', 'efficiency', 'waste']"
v0_095_wti_call_2019_research_technology_innovation_on_nexus_of_water_with_energy_food_and_health,Akhil Upadhyay,"['demand', 'efficiency', 'use']"
v0_096_ukieri_dst_partnership_development_workshops,Arindam Biswas,[]
v0_096_ukieri_dst_partnership_development_workshops,Avlokita Agrawal,['british']
v0_096_ukieri_dst_partnership_development_workshops,Gaurav Raheja,[]
v0_096_ukieri_dst_partnership_development_workshops,Harshit Sosan Lakra,[]
v0_096_ukieri_dst_partnership_development_workshops,Mahua Mukherjee,[]
v0_096_ukieri_dst_partnership_development_workshops,Prabhjot Singh Chani,[]
v0_096_ukieri_dst_partnership_development_workshops,E Rajasekar,[]
v0_096_ukieri_dst_partnership_development_workshops,Ram Sateesh Pasupuleti,[]
v0_096_ukieri_dst_partnership_development_workshops,Saptarshi Kolay,[]
v0_096_ukieri_dst_partnership_development_workshops,Shubhajit Sadhukhan,['british']
v0_096_ukieri_dst_partnership_development_workshops,Smriti Saraswat,[]
v0_096_ukieri_dst_partnership_development_workshops,Sonal Atreya,[]
v0_096_ukieri_dst_partnership_development_workshops,Tina Pujara,['british']
v0_096_ukieri_dst_partnership_development_workshops,Uttam Kumar Roy,[]
v0_096_ukieri_dst_partnership_development_workshops,V Devadas,[]
v0_096_ukieri_dst_partnership_development_workshops,Jaydev Dabas,[]
v0_096_ukieri_dst_partnership_development_workshops,Millie Pant,[]
v0_096_ukieri_dst_partnership_development_workshops,Rajan Arora,[]
v0_096_ukieri_dst_partnership_development_workshops,Ashwani Kumar Sharma,[]
v0_096_ukieri_dst_partnership_development_workshops,Bijan Choudhury,[]
v0_096_ukieri_dst_partnership_development_workshops,Debabrata Sircar,['british']
v0_096_ukieri_dst_partnership_development_workshops,Deepak Sharma,[]
v0_096_ukieri_dst_partnership_development_workshops,P Gopinath,[]
v0_096_ukieri_dst_partnership_development_workshops,Harsh Chauhan,[]
v0_096_ukieri_dst_partnership_development_workshops,Srinivas Kiran Ambatipudi,[]
v0_096_ukieri_dst_partnership_development_workshops,Krishna Mohan Poluri,[]
v0_096_ukieri_dst_partnership_development_workshops,Maya S.Nair,[]
v0_096_ukieri_dst_partnership_development_workshops,N K Navani,[]
v0_096_ukieri_dst_partnership_development_workshops,Partha Roy,[]
v0_096_ukieri_dst_partnership_development_workshops,Poonam Choudhary,[]
v0_096_ukieri_dst_partnership_development_workshops,Prabhat Kumar Mandal,[]
v0_096_ukieri_dst_partnership_development_workshops,Pranita P Sarangi,[]
v0_096_ukieri_dst_partnership_development_workshops,Pravindra Kumar,[]
v0_096_ukieri_dst_partnership_development_workshops,Prince Tiwari,['british']
v0_096_ukieri_dst_partnership_development_workshops,R. P. Singh,[]
v0_096_ukieri_dst_partnership_development_workshops,Ramasare Prasad,[]
v0_096_ukieri_dst_partnership_development_workshops,Ranjana Pathania,[]
v0_096_ukieri_dst_partnership_development_workshops,Sanjoy Ghosh,['british']
v0_096_ukieri_dst_partnership_development_workshops,Saugata Hazra,[]
v0_096_ukieri_dst_partnership_development_workshops,Shailly Tomar,[]
v0_096_ukieri_dst_partnership_development_workshops,Shri Ram Yadav,[]
v0_096_ukieri_dst_partnership_development_workshops,Soma Rohatgi,[]
v0_096_ukieri_dst_partnership_development_workshops,Sachin Suresh Tiwari,[]
v0_096_ukieri_dst_partnership_development_workshops,Jitin Singla,[]
v0_096_ukieri_dst_partnership_development_workshops,Rajesh Kumar,[]
v0_096_ukieri_dst_partnership_development_workshops,Akhil Upadhyay,[]
v0_097_call_for_joint_project_proposals_2019___india_czech_bilateral_scientific_and_technological_cooperation,Arindam Biswas,[]
v0_097_call_for_joint_project_proposals_2019___india_czech_bilateral_scientific_and_technological_cooperation,Avlokita Agrawal,['material']
v0_097_call_for_joint_project_proposals_2019___india_czech_bilateral_scientific_and_technological_cooperation,Gaurav Raheja,['material']
v0_097_call_for_joint_project_proposals_2019___india_czech_bilateral_scientific_and_technological_cooperation,Harshit Sosan Lakra,['material']
v0_097_call_for_joint_project_proposals_2019___india_czech_bilateral_scientific_and_technological_cooperation,Mahua Mukherjee,['material']
v0_097_call_for_joint_project_proposals_2019___india_czech_bilateral_scientific_and_technological_cooperation,Prabhjot Singh Chani,[]
v0_097_call_for_joint_project_proposals_2019___india_czech_bilateral_scientific_and_technological_cooperation,E Rajasekar,['material']
v0_097_call_for_joint_project_proposals_2019___india_czech_bilateral_scientific_and_technological_cooperation,Ram Sateesh Pasupuleti,['material']
v0_097_call_for_joint_project_proposals_2019___india_czech_bilateral_scientific_and_technological_cooperation,Saptarshi Kolay,[]
v0_097_call_for_joint_project_proposals_2019___india_czech_bilateral_scientific_and_technological_cooperation,Shubhajit Sadhukhan,['material']
v0_097_call_for_joint_project_proposals_2019___india_czech_bilateral_scientific_and_technological_cooperation,Smriti Saraswat,['material']
v0_097_call_for_joint_project_proposals_2019___india_czech_bilateral_scientific_and_technological_cooperation,Sonal Atreya,['material']
v0_097_call_for_joint_project_proposals_2019___india_czech_bilateral_scientific_and_technological_cooperation,Tina Pujara,['material']
v0_097_call_for_joint_project_proposals_2019___india_czech_bilateral_scientific_and_technological_cooperation,Uttam Kumar Roy,['material']
v0_097_call_for_joint_project_proposals_2019___india_czech_bilateral_scientific_and_technological_cooperation,V Devadas,[]
v0_097_call_for_joint_project_proposals_2019___india_czech_bilateral_scientific_and_technological_cooperation,Jaydev Dabas,[]
v0_097_call_for_joint_project_proposals_2019___india_czech_bilateral_scientific_and_technological_cooperation,Millie Pant,['material']
v0_097_call_for_joint_project_proposals_2019___india_czech_bilateral_scientific_and_technological_cooperation,Rajan Arora,[]
v0_097_call_for_joint_project_proposals_2019___india_czech_bilateral_scientific_and_technological_cooperation,Ashwani Kumar Sharma,['material']
v0_097_call_for_joint_project_proposals_2019___india_czech_bilateral_scientific_and_technological_cooperation,Bijan Choudhury,[]
v0_097_call_for_joint_project_proposals_2019___india_czech_bilateral_scientific_and_technological_cooperation,Debabrata Sircar,['material']
v0_097_call_for_joint_project_proposals_2019___india_czech_bilateral_scientific_and_technological_cooperation,Deepak Sharma,['material']
v0_097_call_for_joint_project_proposals_2019___india_czech_bilateral_scientific_and_technological_cooperation,P Gopinath,['material']
v0_097_call_for_joint_project_proposals_2019___india_czech_bilateral_scientific_and_technological_cooperation,Harsh Chauhan,[]
v0_097_call_for_joint_project_proposals_2019___india_czech_bilateral_scientific_and_technological_cooperation,Srinivas Kiran Ambatipudi,[]
v0_097_call_for_joint_project_proposals_2019___india_czech_bilateral_scientific_and_technological_cooperation,Krishna Mohan Poluri,['material']
v0_097_call_for_joint_project_proposals_2019___india_czech_bilateral_scientific_and_technological_cooperation,Maya S.Nair,['material']
v0_097_call_for_joint_project_proposals_2019___india_czech_bilateral_scientific_and_technological_cooperation,N K Navani,['material']
v0_097_call_for_joint_project_proposals_2019___india_czech_bilateral_scientific_and_technological_cooperation,Partha Roy,['material']
v0_097_call_for_joint_project_proposals_2019___india_czech_bilateral_scientific_and_technological_cooperation,Poonam Choudhary,[]
v0_097_call_for_joint_project_proposals_2019___india_czech_bilateral_scientific_and_technological_cooperation,Prabhat Kumar Mandal,['material']
v0_097_call_for_joint_project_proposals_2019___india_czech_bilateral_scientific_and_technological_cooperation,Pranita P Sarangi,[]
v0_097_call_for_joint_project_proposals_2019___india_czech_bilateral_scientific_and_technological_cooperation,Pravindra Kumar,[]
v0_097_call_for_joint_project_proposals_2019___india_czech_bilateral_scientific_and_technological_cooperation,Prince Tiwari,['material']
v0_097_call_for_joint_project_proposals_2019___india_czech_bilateral_scientific_and_technological_cooperation,R. P. Singh,['material']
v0_097_call_for_joint_project_proposals_2019___india_czech_bilateral_scientific_and_technological_cooperation,Ramasare Prasad,['material']
v0_097_call_for_joint_project_proposals_2019___india_czech_bilateral_scientific_and_technological_cooperation,Ranjana Pathania,['material']
v0_097_call_for_joint_project_proposals_2019___india_czech_bilateral_scientific_and_technological_cooperation,Sanjoy Ghosh,['material']
v0_097_call_for_joint_project_proposals_2019___india_czech_bilateral_scientific_and_technological_cooperation,Saugata Hazra,['material']
v0_097_call_for_joint_project_proposals_2019___india_czech_bilateral_scientific_and_technological_cooperation,Shailly Tomar,['material']
v0_097_call_for_joint_project_proposals_2019___india_czech_bilateral_scientific_and_technological_cooperation,Shri Ram Yadav,[]
v0_097_call_for_joint_project_proposals_2019___india_czech_bilateral_scientific_and_technological_cooperation,Soma Rohatgi,['material']
v0_097_call_for_joint_project_proposals_2019___india_czech_bilateral_scientific_and_technological_cooperation,Sachin Suresh Tiwari,[]
v0_097_call_for_joint_project_proposals_2019___india_czech_bilateral_scientific_and_technological_cooperation,Jitin Singla,['material']
v0_097_call_for_joint_project_proposals_2019___india_czech_bilateral_scientific_and_technological_cooperation,Rajesh Kumar,['material']
v0_097_call_for_joint_project_proposals_2019___india_czech_bilateral_scientific_and_technological_cooperation,Akhil Upadhyay,[]
v0_098_call_for_india_ethiopia_innovation__technology_commercialization_programme_ieitcp,Arindam Biswas,[]
v0_098_call_for_india_ethiopia_innovation__technology_commercialization_programme_ieitcp,Avlokita Agrawal,['initial']
v0_098_call_for_india_ethiopia_innovation__technology_commercialization_programme_ieitcp,Gaurav Raheja,['environment']
v0_098_call_for_india_ethiopia_innovation__technology_commercialization_programme_ieitcp,Harshit Sosan Lakra,[]
v0_098_call_for_india_ethiopia_innovation__technology_commercialization_programme_ieitcp,Mahua Mukherjee,['environment']
v0_098_call_for_india_ethiopia_innovation__technology_commercialization_programme_ieitcp,Prabhjot Singh Chani,['environment']
v0_098_call_for_india_ethiopia_innovation__technology_commercialization_programme_ieitcp,E Rajasekar,['initial']
v0_098_call_for_india_ethiopia_innovation__technology_commercialization_programme_ieitcp,Ram Sateesh Pasupuleti,"['animal', 'initial']"
v0_098_call_for_india_ethiopia_innovation__technology_commercialization_programme_ieitcp,Saptarshi Kolay,['initial']
v0_098_call_for_india_ethiopia_innovation__technology_commercialization_programme_ieitcp,Shubhajit Sadhukhan,['environment']
v0_098_call_for_india_ethiopia_innovation__technology_commercialization_programme_ieitcp,Smriti Saraswat,"['animal', 'initial']"
v0_098_call_for_india_ethiopia_innovation__technology_commercialization_programme_ieitcp,Sonal Atreya,['initial']
v0_098_call_for_india_ethiopia_innovation__technology_commercialization_programme_ieitcp,Tina Pujara,"['animal', 'initial']"
v0_098_call_for_india_ethiopia_innovation__technology_commercialization_programme_ieitcp,Uttam Kumar Roy,"['environment', 'initial']"
v0_098_call_for_india_ethiopia_innovation__technology_commercialization_programme_ieitcp,V Devadas,['animal']
v0_098_call_for_india_ethiopia_innovation__technology_commercialization_programme_ieitcp,Jaydev Dabas,['initial']
v0_098_call_for_india_ethiopia_innovation__technology_commercialization_programme_ieitcp,Millie Pant,[]
v0_098_call_for_india_ethiopia_innovation__technology_commercialization_programme_ieitcp,Rajan Arora,['environment']
v0_098_call_for_india_ethiopia_innovation__technology_commercialization_programme_ieitcp,Ashwani Kumar Sharma,"['animal', 'initial']"
v0_098_call_for_india_ethiopia_innovation__technology_commercialization_programme_ieitcp,Bijan Choudhury,"['animal', 'environment']"
v0_098_call_for_india_ethiopia_innovation__technology_commercialization_programme_ieitcp,Debabrata Sircar,['initial']
v0_098_call_for_india_ethiopia_innovation__technology_commercialization_programme_ieitcp,Deepak Sharma,['initial']
v0_098_call_for_india_ethiopia_innovation__technology_commercialization_programme_ieitcp,P Gopinath,"['environment', 'initial']"
v0_098_call_for_india_ethiopia_innovation__technology_commercialization_programme_ieitcp,Harsh Chauhan,['environment']
v0_098_call_for_india_ethiopia_innovation__technology_commercialization_programme_ieitcp,Srinivas Kiran Ambatipudi,[]
v0_098_call_for_india_ethiopia_innovation__technology_commercialization_programme_ieitcp,Krishna Mohan Poluri,['environment']
v0_098_call_for_india_ethiopia_innovation__technology_commercialization_programme_ieitcp,Maya S.Nair,"['animal', 'initial']"
v0_098_call_for_india_ethiopia_innovation__technology_commercialization_programme_ieitcp,N K Navani,['animal']
v0_098_call_for_india_ethiopia_innovation__technology_commercialization_programme_ieitcp,Partha Roy,"['animal', 'environment']"
v0_098_call_for_india_ethiopia_innovation__technology_commercialization_programme_ieitcp,Poonam Choudhary,[]
v0_098_call_for_india_ethiopia_innovation__technology_commercialization_programme_ieitcp,Prabhat Kumar Mandal,"['environment', 'initial']"
v0_098_call_for_india_ethiopia_innovation__technology_commercialization_programme_ieitcp,Pranita P Sarangi,[]
v0_098_call_for_india_ethiopia_innovation__technology_commercialization_programme_ieitcp,Pravindra Kumar,[]
v0_098_call_for_india_ethiopia_innovation__technology_commercialization_programme_ieitcp,Prince Tiwari,['animal']
v0_098_call_for_india_ethiopia_innovation__technology_commercialization_programme_ieitcp,R. P. Singh,['initial']
v0_098_call_for_india_ethiopia_innovation__technology_commercialization_programme_ieitcp,Ramasare Prasad,"['animal', 'environment', 'initial']"
v0_098_call_for_india_ethiopia_innovation__technology_commercialization_programme_ieitcp,Ranjana Pathania,[]
v0_098_call_for_india_ethiopia_innovation__technology_commercialization_programme_ieitcp,Sanjoy Ghosh,"['animal', 'environment', 'initial']"
v0_098_call_for_india_ethiopia_innovation__technology_commercialization_programme_ieitcp,Saugata Hazra,"['animal', 'environment']"
v0_098_call_for_india_ethiopia_innovation__technology_commercialization_programme_ieitcp,Shailly Tomar,[]
v0_098_call_for_india_ethiopia_innovation__technology_commercialization_programme_ieitcp,Shri Ram Yadav,"['animal', 'initial']"
v0_098_call_for_india_ethiopia_innovation__technology_commercialization_programme_ieitcp,Soma Rohatgi,"['animal', 'initial']"
v0_098_call_for_india_ethiopia_innovation__technology_commercialization_programme_ieitcp,Sachin Suresh Tiwari,[]
v0_098_call_for_india_ethiopia_innovation__technology_commercialization_programme_ieitcp,Jitin Singla,[]
v0_098_call_for_india_ethiopia_innovation__technology_commercialization_programme_ieitcp,Rajesh Kumar,"['animal', 'environment', 'initial']"
v0_098_call_for_india_ethiopia_innovation__technology_commercialization_programme_ieitcp,Akhil Upadhyay,['animal']
v0_099_call_for_proposal_of_nidhi_prayas_program,Arindam Biswas,[]
v0_099_call_for_proposal_of_nidhi_prayas_program,Avlokita Agrawal,[]
v0_099_call_for_proposal_of_nidhi_prayas_program,Gaurav Raheja,[]
v0_099_call_for_proposal_of_nidhi_prayas_program,Harshit Sosan Lakra,['general']
v0_099_call_for_proposal_of_nidhi_prayas_program,Mahua Mukherjee,['general']
v0_099_call_for_proposal_of_nidhi_prayas_program,Prabhjot Singh Chani,['general']
v0_099_call_for_proposal_of_nidhi_prayas_program,E Rajasekar,[]
v0_099_call_for_proposal_of_nidhi_prayas_program,Ram Sateesh Pasupuleti,['general']
v0_099_call_for_proposal_of_nidhi_prayas_program,Saptarshi Kolay,[]
v0_099_call_for_proposal_of_nidhi_prayas_program,Shubhajit Sadhukhan,[]
v0_099_call_for_proposal_of_nidhi_prayas_program,Smriti Saraswat,[]
v0_099_call_for_proposal_of_nidhi_prayas_program,Sonal Atreya,[]
v0_099_call_for_proposal_of_nidhi_prayas_program,Tina Pujara,['general']
v0_099_call_for_proposal_of_nidhi_prayas_program,Uttam Kumar Roy,['general']
v0_099_call_for_proposal_of_nidhi_prayas_program,V Devadas,[]
v0_099_call_for_proposal_of_nidhi_prayas_program,Jaydev Dabas,[]
v0_099_call_for_proposal_of_nidhi_prayas_program,Millie Pant,[]
v0_099_call_for_proposal_of_nidhi_prayas_program,Rajan Arora,[]
v0_099_call_for_proposal_of_nidhi_prayas_program,Ashwani Kumar Sharma,['general']
v0_099_call_for_proposal_of_nidhi_prayas_program,Bijan Choudhury,[]
v0_099_call_for_proposal_of_nidhi_prayas_program,Debabrata Sircar,['general']
v0_099_call_for_proposal_of_nidhi_prayas_program,Deepak Sharma,['general']
v0_099_call_for_proposal_of_nidhi_prayas_program,P Gopinath,[]
v0_099_call_for_proposal_of_nidhi_prayas_program,Harsh Chauhan,[]
v0_099_call_for_proposal_of_nidhi_prayas_program,Srinivas Kiran Ambatipudi,[]
v0_099_call_for_proposal_of_nidhi_prayas_program,Krishna Mohan Poluri,['general']
v0_099_call_for_proposal_of_nidhi_prayas_program,Maya S.Nair,['general']
v0_099_call_for_proposal_of_nidhi_prayas_program,N K Navani,['general']
v0_099_call_for_proposal_of_nidhi_prayas_program,Partha Roy,[]
v0_099_call_for_proposal_of_nidhi_prayas_program,Poonam Choudhary,[]
v0_099_call_for_proposal_of_nidhi_prayas_program,Prabhat Kumar Mandal,[]
v0_099_call_for_proposal_of_nidhi_prayas_program,Pranita P Sarangi,[]
v0_099_call_for_proposal_of_nidhi_prayas_program,Pravindra Kumar,[]
v0_099_call_for_proposal_of_nidhi_prayas_program,Prince Tiwari,[]
v0_099_call_for_proposal_of_nidhi_prayas_program,R. P. Singh,[]
v0_099_call_for_proposal_of_nidhi_prayas_program,Ramasare Prasad,[]
v0_099_call_for_proposal_of_nidhi_prayas_program,Ranjana Pathania,['general']
v0_099_call_for_proposal_of_nidhi_prayas_program,Sanjoy Ghosh,['general']
v0_099_call_for_proposal_of_nidhi_prayas_program,Saugata Hazra,['general']
v0_099_call_for_proposal_of_nidhi_prayas_program,Shailly Tomar,[]
v0_099_call_for_proposal_of_nidhi_prayas_program,Shri Ram Yadav,[]
v0_099_call_for_proposal_of_nidhi_prayas_program,Soma Rohatgi,['general']
v0_099_call_for_proposal_of_nidhi_prayas_program,Sachin Suresh Tiwari,['general']
v0_099_call_for_proposal_of_nidhi_prayas_program,Jitin Singla,[]
v0_099_call_for_proposal_of_nidhi_prayas_program,Rajesh Kumar,[]
v0_099_call_for_proposal_of_nidhi_prayas_program,Akhil Upadhyay,['general']
v0_100_indo__poland_joint_research_programme_call_for_proposals_2019,Arindam Biswas,['engineering']
v0_100_indo__poland_joint_research_programme_call_for_proposals_2019,Avlokita Agrawal,"['agricultural', 'engineering']"
v0_100_indo__poland_joint_research_programme_call_for_proposals_2019,Gaurav Raheja,"['agricultural', 'engineering']"
v0_100_indo__poland_joint_research_programme_call_for_proposals_2019,Harshit Sosan Lakra,[]
v0_100_indo__poland_joint_research_programme_call_for_proposals_2019,Mahua Mukherjee,['agricultural']
v0_100_indo__poland_joint_research_programme_call_for_proposals_2019,Prabhjot Singh Chani,[]
v0_100_indo__poland_joint_research_programme_call_for_proposals_2019,E Rajasekar,[]
v0_100_indo__poland_joint_research_programme_call_for_proposals_2019,Ram Sateesh Pasupuleti,[]
v0_100_indo__poland_joint_research_programme_call_for_proposals_2019,Saptarshi Kolay,['engineering']
v0_100_indo__poland_joint_research_programme_call_for_proposals_2019,Shubhajit Sadhukhan,[]
v0_100_indo__poland_joint_research_programme_call_for_proposals_2019,Smriti Saraswat,['agricultural']
v0_100_indo__poland_joint_research_programme_call_for_proposals_2019,Sonal Atreya,['engineering']
v0_100_indo__poland_joint_research_programme_call_for_proposals_2019,Tina Pujara,[]
v0_100_indo__poland_joint_research_programme_call_for_proposals_2019,Uttam Kumar Roy,['agricultural']
v0_100_indo__poland_joint_research_programme_call_for_proposals_2019,V Devadas,[]
v0_100_indo__poland_joint_research_programme_call_for_proposals_2019,Jaydev Dabas,[]
v0_100_indo__poland_joint_research_programme_call_for_proposals_2019,Millie Pant,[]
v0_100_indo__poland_joint_research_programme_call_for_proposals_2019,Rajan Arora,[]
v0_100_indo__poland_joint_research_programme_call_for_proposals_2019,Ashwani Kumar Sharma,['agricultural']
v0_100_indo__poland_joint_research_programme_call_for_proposals_2019,Bijan Choudhury,['engineering']
v0_100_indo__poland_joint_research_programme_call_for_proposals_2019,Debabrata Sircar,[]
v0_100_indo__poland_joint_research_programme_call_for_proposals_2019,Deepak Sharma,[]
v0_100_indo__poland_joint_research_programme_call_for_proposals_2019,P Gopinath,[]
v0_100_indo__poland_joint_research_programme_call_for_proposals_2019,Harsh Chauhan,[]
v0_100_indo__poland_joint_research_programme_call_for_proposals_2019,Srinivas Kiran Ambatipudi,[]
v0_100_indo__poland_joint_research_programme_call_for_proposals_2019,Krishna Mohan Poluri,[]
v0_100_indo__poland_joint_research_programme_call_for_proposals_2019,Maya S.Nair,[]
v0_100_indo__poland_joint_research_programme_call_for_proposals_2019,N K Navani,[]
v0_100_indo__poland_joint_research_programme_call_for_proposals_2019,Partha Roy,[]
v0_100_indo__poland_joint_research_programme_call_for_proposals_2019,Poonam Choudhary,['engineering']
v0_100_indo__poland_joint_research_programme_call_for_proposals_2019,Prabhat Kumar Mandal,"['agricultural', 'engineering']"
v0_100_indo__poland_joint_research_programme_call_for_proposals_2019,Pranita P Sarangi,[]
v0_100_indo__poland_joint_research_programme_call_for_proposals_2019,Pravindra Kumar,[]
v0_100_indo__poland_joint_research_programme_call_for_proposals_2019,Prince Tiwari,['engineering']
v0_100_indo__poland_joint_research_programme_call_for_proposals_2019,R. P. Singh,['engineering']
v0_100_indo__poland_joint_research_programme_call_for_proposals_2019,Ramasare Prasad,['engineering']
v0_100_indo__poland_joint_research_programme_call_for_proposals_2019,Ranjana Pathania,['agricultural']
v0_100_indo__poland_joint_research_programme_call_for_proposals_2019,Sanjoy Ghosh,['engineering']
v0_100_indo__poland_joint_research_programme_call_for_proposals_2019,Saugata Hazra,['engineering']
v0_100_indo__poland_joint_research_programme_call_for_proposals_2019,Shailly Tomar,[]
v0_100_indo__poland_joint_research_programme_call_for_proposals_2019,Shri Ram Yadav,['engineering']
v0_100_indo__poland_joint_research_programme_call_for_proposals_2019,Soma Rohatgi,['engineering']
v0_100_indo__poland_joint_research_programme_call_for_proposals_2019,Sachin Suresh Tiwari,['engineering']
v0_100_indo__poland_joint_research_programme_call_for_proposals_2019,Jitin Singla,[]
v0_100_indo__poland_joint_research_programme_call_for_proposals_2019,Rajesh Kumar,[]
v0_100_indo__poland_joint_research_programme_call_for_proposals_2019,Akhil Upadhyay,['engineering']
