pos, 0.8807961917687175, team(user_415_dinner, iced_coffee)
pos, 0.8807961917687175, team(user_431_brunch, egg_in_an_avocado_hole)
pos, 0.8807961917687175, team(user_371_brunch, fruit_punch)
pos, 0.8807961917687175, team(user_371_brunch, my_scotch_eggs)
pos, 0.8807961917687175, team(user_74_brunch, iced_coffee)
pos, 0.8807961917687175, team(user_312_breakfast, egg_bundles)
pos, 0.8807961917687175, team(user_438_snacks, coconut_water)
pos, 0.8807961917687175, team(user_162_dinner, cola)
pos, 0.8807961917687175, team(user_156_snacks, sweet_tea)
pos, 0.8807961917687175, team(user_59_snacks, sweet_tea)
pos, 0.8807961917687175, team(user_372_dinner, chai_latte)
pos, 0.8807961917687175, team(user_450_snacks, caramel_cappucino)
pos, 0.8807961917687175, team(user_178_brunch, how_to_make_egg_omelettes)
pos, 0.8807961917687175, team(user_203_brunch, iced_tea)
pos, 0.8807961917687175, team(user_83_lunch, lite_fried_okra)
pos, 0.8807961917687175, team(user_77_brunch, breakfast_burrito)
pos, 0.8807961917687175, team(user_293_breakfast, coffee)
pos, 0.8807961917687175, team(user_152_snacks, pepsi)
pos, 0.8807961917687175, team(user_271_lunch, almond_milk)
pos, 0.8807961917687175, team(user_64_lunch, veggie_power_bowl)
pos, 0.8807961917687175, team(user_201_breakfast, hot_chocolate)
pos, 0.8807961917687175, team(user_356_breakfast, eggs_and_bacon_the_perfect_quick_paleo_meal)
pos, 0.8807961917687175, team(user_292_brunch, egg_filled_bread_roll)
pos, 0.8807961917687175, team(user_430_dinner, milk)
pos, 0.8807961917687175, team(user_456_dinner, bacon_candy)
pos, 0.8807961917687175, team(user_168_brunch, how_to_make_egg_omelettes)
pos, 0.8807961917687175, team(user_14_lunch, cranberry_juice)
pos, 0.8807961917687175, team(user_97_breakfast, maple_oatmeal)
pos, 0.8807961917687175, team(user_186_dinner, green_tea)
pos, 0.8807961917687175, team(user_64_lunch, fruit_punch)
pos, 0.8807961917687175, team(user_220_breakfast, egg_mcmuffin)
pos, 0.8807961917687175, team(user_283_brunch, lemonade)
pos, 0.8807961917687175, team(user_271_lunch, blt_quarter_punder)
pos, 0.8807961917687175, team(user_291_snacks, delicious_chocolate_bark_recipe)
pos, 0.8807961917687175, team(user_412_dinner, coconut_water)
pos, 0.8807961917687175, team(user_447_brunch, sweet_tea)
pos, 0.8807961917687175, team(user_11_lunch, veggie_power_bowl)
pos, 0.8807961917687175, team(user_186_dinner, ginger_ale)
pos, 0.8807961917687175, team(user_5_breakfast, crunchwrap_supreme_copycat)
pos, 0.8807961917687175, team(user_331_brunch, cheesy_bean_rice_burrito)
pos, 0.8807961917687175, team(user_456_dinner, peekaboo_sugar)
pos, 0.8807961917687175, team(user_212_brunch, pepsi)
pos, 0.8807961917687175, team(user_162_dinner, cranberry_juice)
pos, 0.8807961917687175, team(user_410_snacks, fruit_punch)
pos, 0.8807961917687175, team(user_283_brunch, cola)
pos, 0.8807961917687175, team(user_138_brunch, egg_filled_bread_roll)
pos, 0.8807961917687175, team(user_261_breakfast, cappuccino)
pos, 0.8807961917687175, team(user_102_snacks, deviled_eggs_with_smoked_salmon_and_capers)
pos, 0.8807961917687175, team(user_224_breakfast, almond_milk)
pos, 0.8807961917687175, team(user_377_brunch, caramel_cappucino)
pos, 0.8807961917687175, team(user_291_snacks, peekaboo_sugar_eggs)
pos, 0.8807961917687175, team(user_131_snacks, smoothie)
pos, 0.8807961917687175, team(user_334_breakfast, chai_latte)
pos, 0.8807961917687175, team(user_30_breakfast, how_to_make_egg_omelettes)
pos, 0.8807961917687175, team(user_360_lunch, smoothie)
pos, 0.8807961917687175, team(user_261_breakfast, sprite)
pos, 0.8807961917687175, team(user_186_dinner, cheesy_bean_rice_burrito)
pos, 0.8807961917687175, team(user_432_brunch, how_to_make_egg_omelettes)
pos, 0.8807961917687175, team(user_8_lunch, iced_tea)
pos, 0.8807961917687175, team(user_292_brunch, coffee)
pos, 0.8807961917687175, team(user_180_lunch, hot_tea)
pos, 0.8807961917687175, team(user_332_dinner, orange_juice)
pos, 0.8807961917687175, team(user_152_snacks, how_to_make_chinese_egg_tarts)
pos, 0.8807961917687175, team(user_328_brunch, veggie_power_bowl)
pos, 0.8807961917687175, team(user_186_dinner, espresso)
pos, 0.8807961917687175, team(user_35_breakfast, apple_juice)
pos, 0.8807961917687175, team(user_131_snacks, iced_tea)
pos, 0.8807961917687175, team(user_370_brunch, hot_tea)
pos, 0.8807961917687175, team(user_55_lunch, iced_tea)
pos, 0.8807961917687175, team(user_447_brunch, veggie_power_bowl)
pos, 0.8807961917687175, team(user_492_dinner, cheesy_gordita_crunch_copycat)
pos, 0.8807961917687175, team(user_57_snacks, delicious_chocolate_bark_recipe)
pos, 0.8807961917687175, team(user_334_breakfast, big_mac)
pos, 0.8807961917687175, team(user_241_brunch, hot_tea)
pos, 0.8807961917687175, team(user_259_lunch, hot_tea)
pos, 0.8807961917687175, team(user_116_dinner, black_bean_chalupa_copycat)
pos, 0.8807961917687175, team(user_328_brunch, fruit_punch)
pos, 0.8807961917687175, team(user_141_dinner, maple_oatmeal)
pos, 0.8807961917687175, team(user_356_breakfast, coconut_water)
pos, 0.8807961917687175, team(user_240_breakfast, tomato_juice)
pos, 0.8807961917687175, team(user_334_breakfast, egg_mcmuffin)
pos, 0.8807961917687175, team(user_224_breakfast, apple_juice)
pos, 0.8807961917687175, team(user_165_snacks, deviled_eggs_with_smoked_salmon_and_capers)
pos, 0.8807961917687175, team(user_168_brunch, tea)
pos, 0.8807961917687175, team(user_162_dinner, soft_taco_beef)
pos, 0.8807961917687175, team(user_423_brunch, water)
pos, 0.8807961917687175, team(user_234_lunch, cheesy_gordita_crunch_copycat)
pos, 0.8807961917687175, team(user_223_dinner, peekaboo_sugar_eggs)
pos, 0.8807961917687175, team(user_84_dinner, orange_juice)
pos, 0.8807961917687175, team(user_116_dinner, bacon_candy)
pos, 0.8807961917687175, team(user_203_brunch, water)
pos, 0.8807961917687175, team(user_45_breakfast, hot_chocolate)
pos, 0.8807961917687175, team(user_319_dinner, pumpkin_soup)
pos, 0.8807961917687175, team(user_347_lunch, coffee)
pos, 0.8807961917687175, team(user_217_breakfast, how_to_make_egg_salad)
pos, 0.8807961917687175, team(user_215_dinner, cranberry_juice)
pos, 0.8807961917687175, team(user_143_dinner, pepsi)
pos, 0.8807961917687175, team(user_217_breakfast, egg_filled_bread_roll)
pos, 0.8807961917687175, team(user_447_brunch, egg_drop_chicken_noodle_soup)
pos, 0.8807961917687175, team(user_302_lunch, supremely_spicy_scrambled_eggs)
pos, 0.8807961917687175, team(user_291_snacks, espresso)
pos, 0.8807961917687175, team(user_371_brunch, apple_juice)
pos, 0.8807961917687175, team(user_5_breakfast, coconut_water)
pos, 0.8807961917687175, team(user_347_lunch, coconut_water)
pos, 0.8807961917687175, team(user_71_lunch, how_to_make_egg_omelettes)
pos, 0.8807961917687175, team(user_141_dinner, delicious_chocolate_bark_recipe)
pos, 0.8807961917687175, team(user_196_lunch, iced_tea)
pos, 0.8807961917687175, team(user_422_lunch, egg_filled_bread_roll)
pos, 0.8807961917687175, team(user_264_snacks, how_to_make_chinese_egg_tarts)
pos, 0.8807961917687175, team(user_422_lunch, how_to_make_egg_omelettes)
pos, 0.8807961917687175, team(user_451_lunch, milk)
pos, 0.8807961917687175, team(user_14_lunch, lemonade)
pos, 0.8807961917687175, team(user_288_dinner, coconut_water)
pos, 0.8807961917687175, team(user_141_dinner, water)
pos, 0.8807961917687175, team(user_5_breakfast, mcdonalds_bacon_ranch_mccrispy)
pos, 0.8807961917687175, team(user_156_snacks, pepsi)
pos, 0.8807961917687175, team(user_334_breakfast, almond_milk)
pos, 0.8807961917687175, team(user_186_dinner, maple_oatmeal)
pos, 0.8807961917687175, team(user_226_lunch, orange_juice)
pos, 0.8807961917687175, team(user_201_breakfast, sprite)
pos, 0.8807961917687175, team(user_462_breakfast, cola)
pos, 0.8807961917687175, team(user_377_brunch, tea)
pos, 0.8807961917687175, team(user_153_dinner, soft_taco_beef)
pos, 0.8807961917687175, team(user_456_dinner, espresso)
pos, 0.8807961917687175, team(user_417_snacks, bacon_candy)
pos, 0.8807961917687175, team(user_259_lunch, egg_mcmuffin)
pos, 0.8807961917687175, team(user_377_brunch, cola)
pos, 0.8807961917687175, team(user_215_dinner, veggie_power_bowl)
pos, 0.8807961917687175, team(user_138_brunch, fruit_punch)
pos, 0.8807961917687175, team(user_271_lunch, lemonade)
pos, 0.8807961917687175, team(user_427_brunch, tomato_juice)
pos, 0.8807961917687175, team(user_264_snacks, cappuccino)
pos, 0.8807961917687175, team(user_71_lunch, tea)
pos, 0.8807961917687175, team(user_377_brunch, mcdonalds_bacon_ranch_mccrispy)
pos, 0.8807961917687175, team(user_256_brunch, bean_burrito_copycat)
pos, 0.8807961917687175, team(user_301_snacks, tomato_juice)
pos, 0.8807961917687175, team(user_432_brunch, breakfast_burrito)
pos, 0.8807961917687175, team(user_374_breakfast, iced_tea)
pos, 0.8807961917687175, team(user_438_snacks, tea)
pos, 0.8807961917687175, team(user_296_lunch, sweet_tea)
pos, 0.8807961917687175, team(user_312_breakfast, pepsi)
pos, 0.8807961917687175, team(user_271_lunch, egg_filled_bread_roll)
pos, 0.8807961917687175, team(user_16_brunch, caramel_cappucino)
pos, 0.8807961917687175, team(user_116_dinner, my_scotch_eggs)
pos, 0.8807961917687175, team(user_49_dinner, blt_quarter_punder)
pos, 0.8807961917687175, team(user_390_dinner, nacho_bell_grande_beef)
pos, 0.8807961917687175, team(user_317_lunch, breakfast_burrito)
pos, 0.8807961917687175, team(user_256_brunch, how_to_make_egg_omelettes)
pos, 0.8807961917687175, team(user_374_breakfast, egg_filled_bread_roll)
pos, 0.8807961917687175, team(user_8_lunch, my_scotch_eggs)
pos, 0.8807961917687175, team(user_166_snacks, smoothie)
pos, 0.8807961917687175, team(user_205_dinner, cadbury_creme_egg_rolls)
pos, 0.8807961917687175, team(user_234_lunch, big_mac)
pos, 0.8807961917687175, team(user_254_breakfast, water)
pos, 0.8807961917687175, team(user_97_breakfast, chai_latte)
pos, 0.8807961917687175, team(user_223_dinner, baklava)
pos, 0.8807961917687175, team(user_254_breakfast, mcgriddle)
pos, 0.8807961917687175, team(user_32_brunch, egg_mcmuffin)
pos, 0.8807961917687175, team(user_271_lunch, orange_juice)
pos, 0.8807961917687175, team(user_360_lunch, maple_oatmeal)
pos, 0.8807961917687175, team(user_332_dinner, fruit_punch)
pos, 0.8807961917687175, team(user_431_brunch, egg_mcmuffin)
pos, 0.8807961917687175, team(user_136_breakfast, egg_bundles)
pos, 0.8807961917687175, team(user_492_dinner, green_tea)
pos, 0.8807961917687175, team(user_158_snacks, cola)
pos, 0.8807961917687175, team(user_45_breakfast, chai_latte)
pos, 0.8807961917687175, team(user_136_breakfast, supremely_spicy_scrambled_eggs)
pos, 0.8807961917687175, team(user_5_breakfast, bacon_and_egg_pie)
pos, 0.8807961917687175, team(user_285_dinner, coconut_water)
pos, 0.8807961917687175, team(user_16_brunch, apple_juice)
pos, 0.8807961917687175, team(user_83_lunch, how_to_make_egg_salad)
pos, 0.8807961917687175, team(user_143_dinner, apple_juice)
pos, 0.8807961917687175, team(user_475_snacks, hot_chocolate)
pos, 0.8807961917687175, team(user_71_lunch, bakedfriedpan_fried_scotch_egg)
pos, 0.8807961917687175, team(user_168_brunch, black_bean_chalupa_copycat)
pos, 0.8807961917687175, team(user_213_brunch, mcgriddle)
pos, 0.8807961917687175, team(user_8_lunch, egg_drop_chicken_noodle_soup)
pos, 0.8807961917687175, team(user_224_breakfast, big_mac)
pos, 0.8807961917687175, team(user_441_snacks, iced_coffee)
pos, 0.8807961917687175, team(user_356_breakfast, egg_in_an_avocado_hole)
pos, 0.8807961917687175, team(user_7_dinner, bakedfriedpan_fried_scotch_egg)
pos, 0.8807961917687175, team(user_254_breakfast, cheesy_bean_rice_burrito)
pos, 0.8807961917687175, team(user_317_lunch, water)
pos, 0.8807961917687175, team(user_292_brunch, bakedfriedpan_fried_scotch_egg)
pos, 0.8807961917687175, team(user_412_dinner, apple_juice)
pos, 0.8807961917687175, team(user_136_breakfast, mcgriddle)
pos, 0.8807961917687175, team(user_423_brunch, soft_taco_beef)
pos, 0.8807961917687175, team(user_472_snacks, almond_milk)
pos, 0.8807961917687175, team(user_430_dinner, hot_tea)
pos, 0.8807961917687175, team(user_312_breakfast, milk)
pos, 0.8807961917687175, team(user_213_brunch, eggs_and_bacon_the_perfect_quick_paleo_meal)
pos, 0.8807961917687175, team(user_212_brunch, black_bean_chalupa_copycat)
pos, 0.8807961917687175, team(user_196_lunch, egg_mcmuffin)
pos, 0.8807961917687175, team(user_202_brunch, supremely_spicy_scrambled_eggs)
pos, 0.8807961917687175, team(user_59_snacks, coffee)
pos, 0.8807961917687175, team(user_288_dinner, pepsi)
pos, 0.8807961917687175, team(user_196_lunch, hot_chocolate)
pos, 0.8807961917687175, team(user_202_brunch, mcgriddle)
pos, 0.8807961917687175, team(user_415_dinner, bakedfriedpan_fried_scotch_egg)
pos, 0.8807961917687175, team(user_83_lunch, water)
pos, 0.8807961917687175, team(user_296_lunch, blt_quarter_punder)
pos, 0.8807961917687175, team(user_432_brunch, lemonade)
pos, 0.8807961917687175, team(user_212_brunch, mcgriddle)
pos, 0.8807961917687175, team(user_203_brunch, iced_coffee)
pos, 0.8807961917687175, team(user_317_lunch, cheesy_gordita_crunch_copycat)
pos, 0.8807961917687175, team(user_264_snacks, espresso)
pos, 0.8807961917687175, team(user_329_snacks, caramel_cappucino)
pos, 0.8807961917687175, team(user_16_brunch, egg_in_an_avocado_hole)
pos, 0.8807961917687175, team(user_372_dinner, lite_fried_okra)
pos, 0.8807961917687175, team(user_112_dinner, maple_oatmeal)
pos, 0.8807961917687175, team(user_430_dinner, quarter_pounder)
pos, 0.8807961917687175, team(user_170_breakfast, hot_tea)
pos, 0.8807961917687175, team(user_328_brunch, tomato_juice)
pos, 0.8807961917687175, team(user_331_brunch, hot_tea)
pos, 0.8807961917687175, team(user_422_lunch, almond_milk)
pos, 0.8807961917687175, team(user_412_dinner, how_to_make_egg_omelettes)
pos, 0.8807961917687175, team(user_7_dinner, apple_pie)
pos, 0.8807961917687175, team(user_412_dinner, water)
pos, 0.8807961917687175, team(user_138_brunch, breakfast_burrito)
pos, 0.8807961917687175, team(user_492_dinner, coconut_water)
pos, 0.8807961917687175, team(user_383_brunch, cappuccino)
pos, 0.8807961917687175, team(user_83_lunch, sprite)
pos, 0.8807961917687175, team(user_138_brunch, egg_in_an_avocado_hole)
pos, 0.8807961917687175, team(user_49_dinner, sweet_tea)
pos, 0.8807961917687175, team(user_186_dinner, nacho_bell_grande_beef)
pos, 0.8807961917687175, team(user_152_snacks, coconut_water)
pos, 0.8807961917687175, team(user_178_brunch, milk)
pos, 0.8807961917687175, team(user_83_lunch, egg_filled_bread_roll)
pos, 0.8807961917687175, team(user_253_dinner, almond_milk)
pos, 0.8807961917687175, team(user_296_lunch, cheesy_bean_rice_burrito)
pos, 0.8807961917687175, team(user_15_brunch, ginger_ale)
pos, 0.8807961917687175, team(user_427_brunch, 2_ingredient_avocado_egg_salad)
pos, 0.8807961917687175, team(user_430_dinner, orange_juice)
pos, 0.8807961917687175, team(user_259_lunch, caramel_cappucino)
pos, 0.8807961917687175, team(user_16_brunch, bacon_asparagus_and_egg_bake)
pos, 0.8807961917687175, team(user_14_lunch, maple_oatmeal)
pos, 0.8807961917687175, team(user_8_lunch, quesadilla_copycat)
pos, 0.8807961917687175, team(user_5_breakfast, pumpkin_soup)
pos, 0.8807961917687175, team(user_226_lunch, caramel_cappucino)
pos, 0.8807961917687175, team(user_240_breakfast, milk)
pos, 0.8807961917687175, team(user_234_lunch, blt_quarter_punder)
pos, 0.8807961917687175, team(user_30_breakfast, tomato_juice)
pos, 0.8807961917687175, team(user_417_snacks, baklava)
pos, 0.8807961917687175, team(user_126_brunch, pepsi)
pos, 0.8807961917687175, team(user_205_dinner, tea)
pos, 0.8807961917687175, team(user_30_breakfast, chai_latte)
pos, 0.8807961917687175, team(user_285_dinner, lite_fried_okra)
pos, 0.8807961917687175, team(user_127_brunch, nacho_bell_grande_beef)
pos, 0.8807961917687175, team(user_312_breakfast, bacon_asparagus_and_egg_bake)
pos, 0.8807961917687175, team(user_422_lunch, chai_latte)
pos, 0.8807961917687175, team(user_374_breakfast, blt_quarter_punder)
pos, 0.8807961917687175, team(user_143_dinner, water)
pos, 0.8807961917687175, team(user_262_dinner, crunchy_taco)
pos, 0.8807961917687175, team(user_298_lunch, veggie_power_bowl)
pos, 0.8807961917687175, team(user_317_lunch, eggs_and_bacon_the_perfect_quick_paleo_meal)
pos, 0.8807961917687175, team(user_412_dinner, iced_coffee)
pos, 0.8807961917687175, team(user_116_dinner, deviled_egg_salad)
pos, 0.8807961917687175, team(user_186_dinner, deviled_eggs_with_smoked_salmon_and_capers)
pos, 0.8807961917687175, team(user_213_brunch, ginger_ale)
pos, 0.8807961917687175, team(user_456_dinner, apple_pie)
pos, 0.8807961917687175, team(user_288_dinner, tea)
pos, 0.8807961917687175, team(user_297_breakfast, coffee)
pos, 0.8807961917687175, team(user_213_brunch, my_scotch_eggs)
pos, 0.8807961917687175, team(user_119_brunch, maple_oatmeal)
pos, 0.8807961917687175, team(user_15_brunch, green_tea)
pos, 0.8807961917687175, team(user_431_brunch, fruit_punch)
pos, 0.8807961917687175, team(user_370_brunch, egg_bundles)
pos, 0.8807961917687175, team(user_49_dinner, nacho_bell_grande_beef)
pos, 0.8807961917687175, team(user_138_brunch, coconut_water)
pos, 0.8807961917687175, team(user_367_breakfast, my_scotch_eggs)
pos, 0.8807961917687175, team(user_84_dinner, black_bean_chalupa_copycat)
pos, 0.8807961917687175, team(user_415_dinner, nacho_bell_grande_beef)
pos, 0.8807961917687175, team(user_180_lunch, cheesy_gordita_crunch_copycat)
pos, 0.8807961917687175, team(user_223_dinner, sweet_tea)
pos, 0.8807961917687175, team(user_141_dinner, fruit_punch)
pos, 0.8807961917687175, team(user_430_dinner, water)
pos, 0.8807961917687175, team(user_331_brunch, caramel_cappucino)
pos, 0.8807961917687175, team(user_370_brunch, fruit_punch)
pos, 0.8807961917687175, team(user_254_breakfast, pumpkin_soup)
pos, 0.8807961917687175, team(user_143_dinner, orange_juice)
pos, 0.8807961917687175, team(user_104_brunch, egg_mcmuffin)
pos, 0.8807961917687175, team(user_205_dinner, apple_juice)
pos, 0.8807961917687175, team(user_212_brunch, crunchwrap_supreme_copycat)
pos, 0.8807961917687175, team(user_295_snacks, tomato_juice)
pos, 0.8807961917687175, team(user_390_dinner, coffee)
pos, 0.8807961917687175, team(user_2_snacks, cranberry_juice)
pos, 0.8807961917687175, team(user_302_lunch, fruit_punch)
pos, 0.8807961917687175, team(user_261_breakfast, bacon_asparagus_and_egg_bake)
pos, 0.8807961917687175, team(user_334_breakfast, bacon_and_egg_pie)
pos, 0.8807961917687175, team(user_296_lunch, ginger_ale)
pos, 0.8807961917687175, team(user_285_dinner, tea)
pos, 0.8807961917687175, team(user_262_dinner, coffee)
pos, 0.8807961917687175, team(user_297_breakfast, iced_tea)
pos, 0.8807961917687175, team(user_367_breakfast, coffee)
pos, 0.8807961917687175, team(user_271_lunch, egg_drop_chicken_noodle_soup)
pos, 0.8807961917687175, team(user_447_brunch, cheesy_bean_rice_burrito)
pos, 0.8807961917687175, team(user_168_brunch, bakedfriedpan_fried_scotch_egg)
pos, 0.8807961917687175, team(user_234_lunch, crunchwrap_supreme_copycat)
pos, 0.8807961917687175, team(user_463_dinner, nacho_bell_grande_beef)
pos, 0.8807961917687175, team(user_153_dinner, sprite)
pos, 0.8807961917687175, team(user_432_brunch, sprite)
pos, 0.8807961917687175, team(user_180_lunch, mcdonalds_bacon_ranch_mccrispy)
pos, 0.8807961917687175, team(user_328_brunch, pepsi)
pos, 0.8807961917687175, team(user_403_snacks, orange_juice)
pos, 0.8807961917687175, team(user_241_brunch, bacon_and_egg_pie)
pos, 0.8807961917687175, team(user_370_brunch, veggie_power_bowl)
pos, 0.8807961917687175, team(user_297_breakfast, pumpkin_soup)
pos, 0.8807961917687175, team(user_178_brunch, egg_filled_bread_roll)
pos, 0.8807961917687175, team(user_462_breakfast, iced_tea)
pos, 0.8807961917687175, team(user_475_snacks, honey_vanilla_almond_cake)
pos, 0.8807961917687175, team(user_114_snacks, mini_egg_pie)
pos, 0.8807961917687175, team(user_361_dinner, milk)
pos, 0.8807961917687175, team(user_431_brunch, cappuccino)
pos, 0.8807961917687175, team(user_14_lunch, iced_tea)
pos, 0.8807961917687175, team(user_184_snacks, hot_chocolate)
pos, 0.8807961917687175, team(user_212_brunch, bean_burrito_copycat)
pos, 0.8807961917687175, team(user_316_breakfast, egg_bundles)
pos, 0.8807961917687175, team(user_456_dinner, maple_oatmeal)
pos, 0.8807961917687175, team(user_108_brunch, sweet_tea)
pos, 0.8807961917687175, team(user_356_breakfast, supremely_spicy_scrambled_eggs)
pos, 0.8807961917687175, team(user_220_breakfast, egg_bundles)
pos, 0.8807961917687175, team(user_180_lunch, espresso)
pos, 0.8807961917687175, team(user_11_lunch, soft_taco_beef)
pos, 0.8807961917687175, team(user_104_brunch, hot_tea)
pos, 0.8807961917687175, team(user_251_lunch, sweet_tea)
pos, 0.8807961917687175, team(user_283_brunch, hot_tea)
pos, 0.8807961917687175, team(user_5_breakfast, black_bean_chalupa_copycat)
pos, 0.8807961917687175, team(user_259_lunch, bunny_egg_salad)
pos, 0.8807961917687175, team(user_35_breakfast, egg_filled_bread_roll)
pos, 0.8807961917687175, team(user_158_snacks, pepsi)
pos, 0.8807961917687175, team(user_296_lunch, iced_tea)
pos, 0.8807961917687175, team(user_343_snacks, caramel_cappucino)
pos, 0.8807961917687175, team(user_390_dinner, mcgriddle)
pos, 0.8807961917687175, team(user_5_breakfast, sprite)
pos, 0.8807961917687175, team(user_285_dinner, pumpkin_soup)
pos, 0.8807961917687175, team(user_104_brunch, eggs_and_bacon_the_perfect_quick_paleo_meal)
pos, 0.8807961917687175, team(user_317_lunch, how_to_make_egg_omelettes)
pos, 0.8807961917687175, team(user_415_dinner, cappuccino)
pos, 0.8807961917687175, team(user_296_lunch, chai_latte)
pos, 0.8807961917687175, team(user_293_breakfast, ginger_ale)
pos, 0.8807961917687175, team(user_77_brunch, egg_bundles)
pos, 0.8807961917687175, team(user_165_snacks, baklava)
pos, 0.8807961917687175, team(user_427_brunch, ginger_ale)
pos, 0.8807961917687175, team(user_153_dinner, espresso)
pos, 0.8807961917687175, team(user_186_dinner, quarter_pounder)
pos, 0.8807961917687175, team(user_390_dinner, coconut_water)
pos, 0.8807961917687175, team(user_14_lunch, tomato_juice)
pos, 0.8807961917687175, team(user_119_brunch, crunchy_taco)
pos, 0.8807961917687175, team(user_162_dinner, egg_filled_bread_roll)
pos, 0.8807961917687175, team(user_84_dinner, eggs_and_bacon_the_perfect_quick_paleo_meal)
pos, 0.8807961917687175, team(user_298_lunch, bean_burrito_copycat)
pos, 0.8807961917687175, team(user_412_dinner, egg_in_an_avocado_hole)
pos, 0.8807961917687175, team(user_224_breakfast, coconut_water)
pos, 0.8807961917687175, team(user_271_lunch, egg_bundles)
pos, 0.8807961917687175, team(user_456_dinner, tea)
pos, 0.8807961917687175, team(user_312_breakfast, espresso)
pos, 0.8807961917687175, team(user_472_snacks, coconut_water)
pos, 0.8807961917687175, team(user_205_dinner, bakedfriedpan_fried_scotch_egg)
pos, 0.8807961917687175, team(user_116_dinner, bean_burrito_copycat)
pos, 0.8807961917687175, team(user_77_brunch, quesadilla_copycat)
pos, 0.8807961917687175, team(user_11_lunch, how_to_make_egg_salad)
pos, 0.8807961917687175, team(user_104_brunch, my_scotch_eggs)
pos, 0.8807961917687175, team(user_360_lunch, how_to_make_egg_omelettes)
pos, 0.8807961917687175, team(user_271_lunch, bean_burrito_copycat)
pos, 0.8807961917687175, team(user_131_snacks, apple_juice)
pos, 0.8807961917687175, team(user_180_lunch, pepsi)
pos, 0.8807961917687175, team(user_224_breakfast, nacho_bell_grande_beef)
pos, 0.8807961917687175, team(user_377_brunch, soft_taco_beef)
pos, 0.8807961917687175, team(user_312_breakfast, fruit_punch)
pos, 0.8807961917687175, team(user_205_dinner, ginger_ale)
pos, 0.8807961917687175, team(user_49_dinner, hot_tea)
pos, 0.8807961917687175, team(user_441_snacks, lemonade)
pos, 0.8807961917687175, team(user_143_dinner, espresso)
pos, 0.8807961917687175, team(user_289_snacks, pepsi)
pos, 0.8807961917687175, team(user_361_dinner, soft_taco_beef)
pos, 0.8807961917687175, team(user_60_snacks, hot_chocolate)
pos, 0.8807961917687175, team(user_360_lunch, cola)
pos, 0.8807961917687175, team(user_285_dinner, chai_latte)
pos, 0.8807961917687175, team(user_196_lunch, water)
pos, 0.8807961917687175, team(user_170_breakfast, tea)
pos, 0.8807961917687175, team(user_102_snacks, peekaboo_sugar_eggs)
pos, 0.8807961917687175, team(user_84_dinner, quarter_pounder)
pos, 0.8807961917687175, team(user_438_snacks, hot_chocolate)
pos, 0.8807961917687175, team(user_35_breakfast, pepsi)
pos, 0.8807961917687175, team(user_316_breakfast, bacon_candy)
pos, 0.8807961917687175, team(user_31_lunch, coffee)
pos, 0.8807961917687175, team(user_456_dinner, quesadilla_copycat)
pos, 0.8807961917687175, team(user_180_lunch, pumpkin_soup)
pos, 0.8807961917687175, team(user_208_breakfast, bacon_and_egg_pie)
pos, 0.8807961917687175, team(user_223_dinner, nacho_bell_grande_beef)
pos, 0.8807961917687175, team(user_276_brunch, iced_tea)
pos, 0.8807961917687175, team(user_234_lunch, quarter_pounder)
pos, 0.8807961917687175, team(user_136_breakfast, smoothie)
pos, 0.8807961917687175, team(user_138_brunch, hot_tea)
pos, 0.8807961917687175, team(user_486_lunch, ginger_ale)
pos, 0.8807961917687175, team(user_217_breakfast, egg_in_an_avocado_hole)
pos, 0.8807961917687175, team(user_108_brunch, nacho_bell_grande_beef)
pos, 0.8807961917687175, team(user_14_lunch, caramel_cappucino)
pos, 0.8807961917687175, team(user_297_breakfast, my_scotch_eggs)
pos, 0.8807961917687175, team(user_291_snacks, mini_egg_pie)
pos, 0.8807961917687175, team(user_56_lunch, black_bean_chalupa_copycat)
pos, 0.8807961917687175, team(user_285_dinner, bacon_candy)
pos, 0.8807961917687175, team(user_370_brunch, quarter_pounder)
pos, 0.8807961917687175, team(user_319_dinner, egg_drop_chicken_noodle_soup)
pos, 0.8807961917687175, team(user_49_dinner, how_to_make_egg_salad)
pos, 0.8807961917687175, team(user_377_brunch, crunchwrap_supreme_copycat)
pos, 0.8807961917687175, team(user_377_brunch, nacho_bell_grande_beef)
pos, 0.8807961917687175, team(user_302_lunch, chai_latte)
pos, 0.8807961917687175, team(user_83_lunch, bakedfriedpan_fried_scotch_egg)
pos, 0.8807961917687175, team(user_412_dinner, pumpkin_soup)
pos, 0.8807961917687175, team(user_108_brunch, hot_tea)
pos, 0.8807961917687175, team(user_11_lunch, crunchwrap_supreme_copycat)
pos, 0.8807961917687175, team(user_56_lunch, cranberry_juice)
pos, 0.8807961917687175, team(user_152_snacks, sprite)
pos, 0.8807961917687175, team(user_463_dinner, peekaboo_sugar)
pos, 0.8807961917687175, team(user_226_lunch, ginger_ale)
pos, 0.8807961917687175, team(user_293_breakfast, cheesy_gordita_crunch_copycat)
pos, 0.8807961917687175, team(user_390_dinner, deviled_eggs_with_smoked_salmon_and_capers)
pos, 0.8807961917687175, team(user_83_lunch, how_to_make_egg_omelettes)
pos, 0.8807961917687175, team(user_37_brunch, bacon_and_egg_pie)
pos, 0.8807961917687175, team(user_361_dinner, egg_mcmuffin)
pos, 0.8807961917687175, team(user_152_snacks, ginger_ale)
pos, 0.8807961917687175, team(user_35_breakfast, chai_latte)
pos, 0.8807961917687175, team(user_35_breakfast, caramel_cappucino)
pos, 0.8807961917687175, team(user_119_brunch, how_to_make_egg_omelettes)
pos, 0.8807961917687175, team(user_262_dinner, lite_fried_okra)
pos, 0.8807961917687175, team(user_285_dinner, blt_quarter_punder)
pos, 0.8807961917687175, team(user_478_lunch, chai_latte)
pos, 0.8807961917687175, team(user_159_lunch, caramel_cappucino)
pos, 0.8807961917687175, team(user_11_lunch, nacho_bell_grande_beef)
pos, 0.8807961917687175, team(user_178_brunch, bakedfriedpan_fried_scotch_egg)
pos, 0.8807961917687175, team(user_463_dinner, cola)
pos, 0.8807961917687175, team(user_296_lunch, iced_coffee)
pos, 0.8807961917687175, team(user_276_brunch, tomato_juice)
pos, 0.8807961917687175, team(user_84_dinner, dinosaur_inspired_by_mikeasaurus)
pos, 0.8807961917687175, team(user_240_breakfast, sprite)
pos, 0.8807961917687175, team(user_283_brunch, tomato_juice)
pos, 0.8807961917687175, team(user_423_brunch, sweet_tea)
pos, 0.8807961917687175, team(user_112_dinner, iced_tea)
pos, 0.8807961917687175, team(user_253_dinner, cappuccino)
pos, 0.8807961917687175, team(user_427_brunch, supremely_spicy_scrambled_eggs)
pos, 0.8807961917687175, team(user_108_brunch, sprite)
pos, 0.8807961917687175, team(user_334_breakfast, egg_in_an_avocado_hole)
pos, 0.8807961917687175, team(user_37_brunch, sweet_tea)
pos, 0.8807961917687175, team(user_189_breakfast, espresso)
pos, 0.8807961917687175, team(user_203_brunch, bean_burrito_copycat)
pos, 0.8807961917687175, team(user_97_breakfast, egg_bundles)
pos, 0.8807961917687175, team(user_254_breakfast, iced_tea)
pos, 0.8807961917687175, team(user_289_snacks, chocolate_peanut_butter)
pos, 0.8807961917687175, team(user_319_dinner, how_to_make_egg_salad)
pos, 0.8807961917687175, team(user_492_dinner, veggie_power_bowl)
pos, 0.8807961917687175, team(user_435_lunch, caramel_cappucino)
pos, 0.8807961917687175, team(user_302_lunch, big_mac)
pos, 0.8807961917687175, team(user_418_breakfast, pumpkin_soup)
pos, 0.8807961917687175, team(user_226_lunch, lemonade)
pos, 0.8807961917687175, team(user_415_dinner, how_to_make_egg_salad)
pos, 0.8807961917687175, team(user_360_lunch, cheesy_gordita_crunch_copycat)
pos, 0.8807961917687175, team(user_319_dinner, supremely_spicy_scrambled_eggs)
pos, 0.8807961917687175, team(user_45_breakfast, hot_tea)
pos, 0.8807961917687175, team(user_241_brunch, tea)
pos, 0.8807961917687175, team(user_259_lunch, cheesy_bean_rice_burrito)
pos, 0.8807961917687175, team(user_472_snacks, cadbury_creme_egg_rolls)
pos, 0.8807961917687175, team(user_238_snacks, fruit_punch)
pos, 0.8807961917687175, team(user_332_dinner, my_scotch_eggs)
pos, 0.8807961917687175, team(user_415_dinner, iced_tea)
pos, 0.8807961917687175, team(user_492_dinner, orange_juice)
pos, 0.8807961917687175, team(user_361_dinner, cappuccino)
pos, 0.8807961917687175, team(user_271_lunch, cappuccino)
pos, 0.8807961917687175, team(user_131_snacks, lemonade)
pos, 0.8807961917687175, team(user_412_dinner, blt_quarter_punder)
pos, 0.8807961917687175, team(user_423_brunch, green_tea)
pos, 0.8807961917687175, team(user_5_breakfast, blt_quarter_punder)
pos, 0.8807961917687175, team(user_215_dinner, milk)
pos, 0.8807961917687175, team(user_485_lunch, soft_taco_beef)
pos, 0.8807961917687175, team(user_31_lunch, lite_fried_okra)
pos, 0.8807961917687175, team(user_435_lunch, bean_burrito_copycat)
pos, 0.8807961917687175, team(user_253_dinner, dinosaur_inspired_by_mikeasaurus)
pos, 0.8807961917687175, team(user_360_lunch, espresso)
pos, 0.8807961917687175, team(user_71_lunch, egg_in_an_avocado_hole)
pos, 0.8807961917687175, team(user_226_lunch, big_mac)
pos, 0.8807961917687175, team(user_226_lunch, sweet_tea)
pos, 0.8807961917687175, team(user_423_brunch, ginger_ale)
pos, 0.8807961917687175, team(user_238_snacks, lemonade)
pos, 0.8807961917687175, team(user_234_lunch, cranberry_juice)
pos, 0.8807961917687175, team(user_7_dinner, mini_egg_pie)
pos, 0.8807961917687175, team(user_71_lunch, coffee)
pos, 0.8807961917687175, team(user_328_brunch, sweet_tea)
pos, 0.8807961917687175, team(user_8_lunch, nacho_bell_grande_beef)
pos, 0.8807961917687175, team(user_205_dinner, water)
pos, 0.8807961917687175, team(user_203_brunch, bacon_asparagus_and_egg_bake)
pos, 0.8807961917687175, team(user_49_dinner, dinosaur_inspired_by_mikeasaurus)
pos, 0.8807961917687175, team(user_196_lunch, egg_bundles)
pos, 0.8807961917687175, team(user_74_brunch, coconut_water)
pos, 0.8807961917687175, team(user_215_dinner, black_bean_chalupa_copycat)
pos, 0.8807961917687175, team(user_374_breakfast, bacon_asparagus_and_egg_bake)
pos, 0.8807961917687175, team(user_74_brunch, hot_chocolate)
pos, 0.8807961917687175, team(user_383_brunch, black_bean_chalupa_copycat)
pos, 0.8807961917687175, team(user_456_dinner, soft_taco_beef)
pos, 0.8807961917687175, team(user_49_dinner, bacon_candy)
pos, 0.8807961917687175, team(user_431_brunch, egg_bundles)
pos, 0.8807961917687175, team(user_119_brunch, iced_coffee)
pos, 0.8807961917687175, team(user_417_snacks, hot_chocolate)
pos, 0.8807961917687175, team(user_432_brunch, tea)
pos, 0.8807961917687175, team(user_360_lunch, nacho_bell_grande_beef)
pos, 0.8807961917687175, team(user_319_dinner, espresso)
pos, 0.8807961917687175, team(user_49_dinner, big_mac)
pos, 0.8807961917687175, team(user_371_brunch, water)
pos, 0.8807961917687175, team(user_198_brunch, espresso)
pos, 0.8807961917687175, team(user_383_brunch, bakedfriedpan_fried_scotch_egg)
pos, 0.8807961917687175, team(user_102_snacks, baklava)
pos, 0.8807961917687175, team(user_451_lunch, nacho_bell_grande_beef)
pos, 0.8807961917687175, team(user_367_breakfast, mini_egg_pie)
pos, 0.8807961917687175, team(user_441_snacks, orange_juice)
pos, 0.8807961917687175, team(user_356_breakfast, bacon_and_egg_pie)
pos, 0.8807961917687175, team(user_423_brunch, my_scotch_eggs)
pos, 0.8807961917687175, team(user_224_breakfast, hot_tea)
pos, 0.8807961917687175, team(user_356_breakfast, chai_latte)
pos, 0.8807961917687175, team(user_30_breakfast, egg_mcmuffin)
pos, 0.8807961917687175, team(user_184_snacks, water)
pos, 0.8807961917687175, team(user_259_lunch, blt_quarter_punder)
pos, 0.8807961917687175, team(user_383_brunch, bean_burrito_copycat)
pos, 0.8807961917687175, team(user_314_snacks, delicious_chocolate_bark_recipe)
pos, 0.8807961917687175, team(user_205_dinner, chai_latte)
pos, 0.8807961917687175, team(user_259_lunch, fruit_punch)
pos, 0.8807961917687175, team(user_17_brunch, chai_latte)
pos, 0.8807961917687175, team(user_159_lunch, fruit_punch)
pos, 0.8807961917687175, team(user_215_dinner, sweet_tea)
pos, 0.8807961917687175, team(user_104_brunch, caramel_cappucino)
pos, 0.8807961917687175, team(user_32_brunch, caramel_cappucino)
pos, 0.8807961917687175, team(user_234_lunch, bacon_and_egg_pie)
pos, 0.8807961917687175, team(user_196_lunch, my_scotch_eggs)
pos, 0.8807961917687175, team(user_16_brunch, maple_oatmeal)
pos, 0.8807961917687175, team(user_11_lunch, quarter_pounder)
pos, 0.8807961917687175, team(user_319_dinner, deviled_egg_salad)
pos, 0.8807961917687175, team(user_205_dinner, coconut_water)
pos, 0.8807961917687175, team(user_11_lunch, bakedfriedpan_fried_scotch_egg)
pos, 0.8807961917687175, team(user_259_lunch, quarter_pounder)
pos, 0.8807961917687175, team(user_254_breakfast, chai_latte)
pos, 0.8807961917687175, team(user_198_brunch, deviled_egg_salad)
pos, 0.8807961917687175, team(user_285_dinner, espresso)
pos, 0.8807961917687175, team(user_102_snacks, bacon_candy)
pos, 0.8807961917687175, team(user_264_snacks, chai_latte)
pos, 0.8807961917687175, team(user_415_dinner, my_scotch_eggs)
pos, 0.8807961917687175, team(user_297_breakfast, egg_mcmuffin)
pos, 0.8807961917687175, team(user_319_dinner, water)
pos, 0.8807961917687175, team(user_390_dinner, sweet_tea)
pos, 0.8807961917687175, team(user_431_brunch, coconut_water)
pos, 0.8807961917687175, team(user_298_lunch, quarter_pounder)
pos, 0.8807961917687175, team(user_159_lunch, almond_milk)
pos, 0.8807961917687175, team(user_212_brunch, cheesy_gordita_crunch_copycat)
pos, 0.8807961917687175, team(user_213_brunch, cappuccino)
pos, 0.8807961917687175, team(user_7_dinner, caramel_cappucino)
pos, 0.8807961917687175, team(user_451_lunch, how_to_make_egg_omelettes)
pos, 0.8807961917687175, team(user_435_lunch, bacon_and_egg_pie)
pos, 0.8807961917687175, team(user_485_lunch, cheesy_bean_rice_burrito)
pos, 0.8807961917687175, team(user_104_brunch, maple_oatmeal)
pos, 0.8807961917687175, team(user_37_brunch, hot_chocolate)
pos, 0.8807961917687175, team(user_295_snacks, chocolate_peanut_butter)
pos, 0.8807961917687175, team(user_55_lunch, green_tea)
pos, 0.8807961917687175, team(user_331_brunch, smoothie)
pos, 0.8807961917687175, team(user_314_snacks, cranberry_juice)
pos, 0.8807961917687175, team(user_180_lunch, deviled_egg_salad)
pos, 0.8807961917687175, team(user_447_brunch, tea)
pos, 0.8807961917687175, team(user_291_snacks, coffee)
pos, 0.8807961917687175, team(user_295_snacks, hot_tea)
pos, 0.8807961917687175, team(user_293_breakfast, egg_mcmuffin)
pos, 0.8807961917687175, team(user_234_lunch, iced_coffee)
pos, 0.8807961917687175, team(user_71_lunch, blt_quarter_punder)
pos, 0.8807961917687175, team(user_390_dinner, bean_burrito_copycat)
pos, 0.8807961917687175, team(user_223_dinner, bacon_and_egg_pie)
pos, 0.8807961917687175, team(user_296_lunch, mcdonalds_bacon_ranch_mccrispy)
pos, 0.8807961917687175, team(user_241_brunch, sweet_tea)
pos, 0.8807961917687175, team(user_356_breakfast, cola)
pos, 0.8807961917687175, team(user_217_breakfast, iced_tea)
pos, 0.8807961917687175, team(user_205_dinner, deviled_eggs_with_smoked_salmon_and_capers)
pos, 0.8807961917687175, team(user_136_breakfast, espresso)
pos, 0.8807961917687175, team(user_288_dinner, sprite)
pos, 0.8807961917687175, team(user_186_dinner, cappuccino)
pos, 0.8807961917687175, team(user_451_lunch, lemonade)
pos, 0.8807961917687175, team(user_256_brunch, blt_quarter_punder)
pos, 0.8807961917687175, team(user_141_dinner, pepsi)
pos, 0.8807961917687175, team(user_84_dinner, bacon_and_egg_pie)
pos, 0.8807961917687175, team(user_31_lunch, big_mac)
pos, 0.8807961917687175, team(user_463_dinner, breakfast_burrito)
pos, 0.8807961917687175, team(user_226_lunch, how_to_make_egg_salad)
pos, 0.8807961917687175, team(user_463_dinner, cheesy_bean_rice_burrito)
pos, 0.8807961917687175, team(user_17_brunch, bacon_asparagus_and_egg_bake)
pos, 0.8807961917687175, team(user_55_lunch, apple_juice)
pos, 0.8807961917687175, team(user_418_breakfast, quarter_pounder)
pos, 0.8807961917687175, team(user_418_breakfast, bean_burrito_copycat)
pos, 0.8807961917687175, team(user_153_dinner, iced_tea)
pos, 0.8807961917687175, team(user_7_dinner, big_mac)
pos, 0.8807961917687175, team(user_319_dinner, nacho_bell_grande_beef)
pos, 0.8807961917687175, team(user_423_brunch, chai_latte)
pos, 0.8807961917687175, team(user_374_breakfast, egg_mcmuffin)
pos, 0.8807961917687175, team(user_298_lunch, bunny_egg_salad)
pos, 0.8807961917687175, team(user_451_lunch, caramel_cappucino)
pos, 0.8807961917687175, team(user_7_dinner, 2_ingredient_avocado_egg_salad)
pos, 0.8807961917687175, team(user_153_dinner, quarter_pounder)
pos, 0.8807961917687175, team(user_11_lunch, cheesy_gordita_crunch_copycat)
pos, 0.8807961917687175, team(user_302_lunch, coconut_water)
pos, 0.8807961917687175, team(user_55_lunch, tea)
pos, 0.8807961917687175, team(user_83_lunch, sweet_tea)
pos, 0.8807961917687175, team(user_77_brunch, fruit_punch)
pos, 0.8807961917687175, team(user_141_dinner, dinosaur_inspired_by_mikeasaurus)
pos, 0.8807961917687175, team(user_427_brunch, how_to_make_egg_salad)
pos, 0.8807961917687175, team(user_422_lunch, big_mac)
pos, 0.8807961917687175, team(user_14_lunch, crunchwrap_supreme_copycat)
pos, 0.8807961917687175, team(user_164_breakfast, pumpkin_soup)
pos, 0.8807961917687175, team(user_186_dinner, cranberry_juice)
pos, 0.8807961917687175, team(user_49_dinner, bakedfriedpan_fried_scotch_egg)
pos, 0.8807961917687175, team(user_5_breakfast, bacon_asparagus_and_egg_bake)
pos, 0.8807961917687175, team(user_492_dinner, breakfast_burrito)
pos, 0.8807961917687175, team(user_316_breakfast, deviled_egg_salad)
pos, 0.8807961917687175, team(user_74_brunch, coffee)
pos, 0.8807961917687175, team(user_5_breakfast, sweet_tea)
pos, 0.8807961917687175, team(user_119_brunch, veggie_power_bowl)
pos, 0.8807961917687175, team(user_102_snacks, chocolate_peanut_butter)
pos, 0.8807961917687175, team(user_472_snacks, coffee)
pos, 0.8807961917687175, team(user_418_breakfast, soft_taco_beef)
pos, 0.8807961917687175, team(user_451_lunch, bacon_asparagus_and_egg_bake)
pos, 0.8807961917687175, team(user_276_brunch, orange_juice)
pos, 0.8807961917687175, team(user_152_snacks, hot_tea)
pos, 0.8807961917687175, team(user_162_dinner, cheesy_bean_rice_burrito)
pos, 0.8807961917687175, team(user_456_dinner, cheesy_bean_rice_burrito)
pos, 0.8807961917687175, team(user_74_brunch, bacon_and_egg_pie)
pos, 0.8807961917687175, team(user_127_brunch, orange_juice)
pos, 0.8807961917687175, team(user_427_brunch, espresso)
pos, 0.8807961917687175, team(user_234_lunch, eggs_and_bacon_the_perfect_quick_paleo_meal)
pos, 0.8807961917687175, team(user_441_snacks, tomato_juice)
pos, 0.8807961917687175, team(user_56_lunch, coconut_water)
pos, 0.8807961917687175, team(user_143_dinner, how_to_make_egg_salad)
pos, 0.8807961917687175, team(user_116_dinner, how_to_make_egg_salad)
pos, 0.8807961917687175, team(user_60_snacks, cranberry_juice)
pos, 0.8807961917687175, team(user_202_brunch, chai_latte)
pos, 0.8807961917687175, team(user_215_dinner, eggs_and_bacon_the_perfect_quick_paleo_meal)
pos, 0.8807961917687175, team(user_492_dinner, caramel_cappucino)
pos, 0.8807961917687175, team(user_56_lunch, cheesy_bean_rice_burrito)
pos, 0.8807961917687175, team(user_196_lunch, crunchy_taco)
pos, 0.8807961917687175, team(user_329_snacks, coffee)
pos, 0.8807961917687175, team(user_14_lunch, dinosaur_inspired_by_mikeasaurus)
pos, 0.8807961917687175, team(user_212_brunch, quarter_pounder)
pos, 0.8807961917687175, team(user_226_lunch, pumpkin_soup)
pos, 0.8807961917687175, team(user_390_dinner, cola)
pos, 0.8807961917687175, team(user_186_dinner, mcdonalds_bacon_ranch_mccrispy)
pos, 0.8807961917687175, team(user_201_breakfast, water)
pos, 0.8807961917687175, team(user_253_dinner, crunchwrap_supreme_copycat)
pos, 0.8807961917687175, team(user_127_brunch, fruit_punch)
pos, 0.8807961917687175, team(user_329_snacks, water)
pos, 0.8807961917687175, team(user_220_breakfast, soft_taco_beef)
pos, 0.8807961917687175, team(user_30_breakfast, cheesy_bean_rice_burrito)
pos, 0.8807961917687175, team(user_77_brunch, mini_egg_pie)
pos, 0.8807961917687175, team(user_418_breakfast, iced_tea)
pos, 0.8807961917687175, team(user_168_brunch, fruit_punch)
pos, 0.8807961917687175, team(user_108_brunch, apple_juice)
pos, 0.8807961917687175, team(user_288_dinner, blt_quarter_punder)
pos, 0.8807961917687175, team(user_226_lunch, egg_drop_chicken_noodle_soup)
pos, 0.8807961917687175, team(user_2_snacks, smoothie)
pos, 0.8807961917687175, team(user_84_dinner, egg_filled_bread_roll)
pos, 0.8807961917687175, team(user_367_breakfast, ginger_ale)
pos, 0.8807961917687175, team(user_463_dinner, apple_pie)
pos, 0.8807961917687175, team(user_37_brunch, sprite)
pos, 0.8807961917687175, team(user_431_brunch, supremely_spicy_scrambled_eggs)
pos, 0.8807961917687175, team(user_189_breakfast, pepsi)
pos, 0.8807961917687175, team(user_180_lunch, lemonade)
pos, 0.8807961917687175, team(user_223_dinner, lite_fried_okra)
pos, 0.8807961917687175, team(user_116_dinner, green_tea)
pos, 0.8807961917687175, team(user_456_dinner, deviled_eggs_with_smoked_salmon_and_capers)
pos, 0.8807961917687175, team(user_220_breakfast, quesadilla_copycat)
pos, 0.8807961917687175, team(user_15_brunch, deviled_egg_salad)
pos, 0.8807961917687175, team(user_220_breakfast, egg_drop_chicken_noodle_soup)
pos, 0.8807961917687175, team(user_238_snacks, almond_milk)
pos, 0.8807961917687175, team(user_253_dinner, soft_taco_beef)
pos, 0.8807961917687175, team(user_412_dinner, sweet_tea)
pos, 0.8807961917687175, team(user_456_dinner, fruit_punch)
pos, 0.8807961917687175, team(user_224_breakfast, egg_mcmuffin)
pos, 0.8807961917687175, team(user_390_dinner, bacon_and_egg_pie)
pos, 0.8807961917687175, team(user_186_dinner, peekaboo_sugar_eggs)
pos, 0.8807961917687175, team(user_271_lunch, my_scotch_eggs)
pos, 0.8807961917687175, team(user_302_lunch, iced_coffee)
pos, 0.8807961917687175, team(user_486_lunch, espresso)
pos, 0.8807961917687175, team(user_84_dinner, blt_quarter_punder)
pos, 0.8807961917687175, team(user_165_snacks, iced_coffee)
pos, 0.8807961917687175, team(user_371_brunch, bacon_and_egg_pie)
pos, 0.8807961917687175, team(user_328_brunch, lemonade)
pos, 0.8807961917687175, team(user_205_dinner, maple_oatmeal)
pos, 0.8807961917687175, team(user_298_lunch, egg_drop_chicken_noodle_soup)
pos, 0.8807961917687175, team(user_301_snacks, deviled_eggs_with_smoked_salmon_and_capers)
pos, 0.8807961917687175, team(user_356_breakfast, egg_drop_chicken_noodle_soup)
pos, 0.8807961917687175, team(user_367_breakfast, egg_in_an_avocado_hole)
pos, 0.8807961917687175, team(user_114_snacks, hot_chocolate)
pos, 0.8807961917687175, team(user_447_brunch, cappuccino)
pos, 0.8807961917687175, team(user_356_breakfast, lemonade)
pos, 0.8807961917687175, team(user_370_brunch, mcdonalds_bacon_ranch_mccrispy)
pos, 0.8807961917687175, team(user_463_dinner, supremely_spicy_scrambled_eggs)
pos, 0.8807961917687175, team(user_83_lunch, deviled_egg_salad)
pos, 0.8807961917687175, team(user_223_dinner, pepsi)
pos, 0.8807961917687175, team(user_213_brunch, tea)
pos, 0.8807961917687175, team(user_374_breakfast, quarter_pounder)
pos, 0.8807961917687175, team(user_485_lunch, coconut_water)
pos, 0.8807961917687175, team(user_5_breakfast, coffee)
pos, 0.8807961917687175, team(user_423_brunch, cola)
pos, 0.8807961917687175, team(user_291_snacks, orange_juice)
pos, 0.8807961917687175, team(user_64_lunch, ginger_ale)
pos, 0.8807961917687175, team(user_283_brunch, mcgriddle)
pos, 0.8807961917687175, team(user_112_dinner, veggie_power_bowl)
pos, 0.8807961917687175, team(user_329_snacks, tomato_juice)
pos, 0.8807961917687175, team(user_343_snacks, cranberry_juice)
pos, 0.8807961917687175, team(user_291_snacks, lite_fried_okra)
pos, 0.8807961917687175, team(user_198_brunch, mcgriddle)
pos, 0.8807961917687175, team(user_288_dinner, black_bean_chalupa_copycat)
pos, 0.8807961917687175, team(user_456_dinner, egg_drop_chicken_noodle_soup)
pos, 0.8807961917687175, team(user_430_dinner, 2_ingredient_avocado_egg_salad)
pos, 0.8807961917687175, team(user_418_breakfast, egg_filled_bread_roll)
pos, 0.8807961917687175, team(user_116_dinner, caramel_cappucino)
pos, 0.8807961917687175, team(user_367_breakfast, blt_quarter_punder)
pos, 0.8807961917687175, team(user_328_brunch, iced_tea)
pos, 0.8807961917687175, team(user_298_lunch, cola)
pos, 0.8807961917687175, team(user_334_breakfast, mini_egg_pie)
pos, 0.8807961917687175, team(user_152_snacks, dinosaur_inspired_by_mikeasaurus)
pos, 0.8807961917687175, team(user_367_breakfast, almond_milk)
pos, 0.8807961917687175, team(user_223_dinner, iced_coffee)
pos, 0.8807961917687175, team(user_56_lunch, pumpkin_soup)
pos, 0.8807961917687175, team(user_102_snacks, orange_juice)
pos, 0.8807961917687175, team(user_422_lunch, iced_coffee)
pos, 0.8807961917687175, team(user_377_brunch, mini_egg_pie)
pos, 0.8807961917687175, team(user_410_snacks, apple_juice)
pos, 0.8807961917687175, team(user_156_snacks, honey_vanilla_almond_cake)
pos, 0.8807961917687175, team(user_208_breakfast, tomato_juice)
pos, 0.8807961917687175, team(user_383_brunch, tomato_juice)
pos, 0.8807961917687175, team(user_485_lunch, ginger_ale)
pos, 0.8807961917687175, team(user_119_brunch, bacon_asparagus_and_egg_bake)
pos, 0.8807961917687175, team(user_372_dinner, lemonade)
pos, 0.8807961917687175, team(user_412_dinner, how_to_make_egg_salad)
pos, 0.8807961917687175, team(user_314_snacks, apple_pie)
pos, 0.8807961917687175, team(user_451_lunch, hot_tea)
pos, 0.8807961917687175, team(user_102_snacks, tomato_juice)
pos, 0.8807961917687175, team(user_131_snacks, green_tea)
pos, 0.8807961917687175, team(user_223_dinner, hot_tea)
pos, 0.8807961917687175, team(user_317_lunch, mcdonalds_bacon_ranch_mccrispy)
pos, 0.8807961917687175, team(user_456_dinner, cappuccino)
pos, 0.8807961917687175, team(user_312_breakfast, apple_juice)
pos, 0.8807961917687175, team(user_201_breakfast, veggie_power_bowl)
pos, 0.8807961917687175, team(user_302_lunch, sweet_tea)
pos, 0.8807961917687175, team(user_162_dinner, my_scotch_eggs)
pos, 0.8807961917687175, team(user_11_lunch, apple_juice)
pos, 0.8807961917687175, team(user_291_snacks, iced_coffee)
pos, 0.8807961917687175, team(user_301_snacks, hot_tea)
pos, 0.8807961917687175, team(user_165_snacks, lemonade)
pos, 0.8807961917687175, team(user_102_snacks, dinosaur_inspired_by_mikeasaurus)
pos, 0.8807961917687175, team(user_332_dinner, delicious_chocolate_bark_recipe)
pos, 0.8807961917687175, team(user_423_brunch, egg_drop_chicken_noodle_soup)
pos, 0.8807961917687175, team(user_261_breakfast, quarter_pounder)
pos, 0.8807961917687175, team(user_215_dinner, egg_mcmuffin)
pos, 0.8807961917687175, team(user_485_lunch, mcdonalds_bacon_ranch_mccrispy)
pos, 0.8807961917687175, team(user_447_brunch, bacon_and_egg_pie)
pos, 0.8807961917687175, team(user_143_dinner, coffee)
pos, 0.8807961917687175, team(user_293_breakfast, egg_in_an_avocado_hole)
pos, 0.8807961917687175, team(user_198_brunch, cappuccino)
pos, 0.8807961917687175, team(user_166_snacks, coffee)
pos, 0.8807961917687175, team(user_60_snacks, deviled_eggs_with_smoked_salmon_and_capers)
pos, 0.8807961917687175, team(user_301_snacks, mini_egg_pie)
pos, 0.8807961917687175, team(user_292_brunch, bacon_and_egg_pie)
pos, 0.8807961917687175, team(user_126_brunch, mini_egg_pie)
pos, 0.8807961917687175, team(user_32_brunch, supremely_spicy_scrambled_eggs)
pos, 0.8807961917687175, team(user_259_lunch, cheesy_gordita_crunch_copycat)
pos, 0.8807961917687175, team(user_138_brunch, hot_chocolate)
pos, 0.8807961917687175, team(user_196_lunch, black_bean_chalupa_copycat)
pos, 0.8807961917687175, team(user_215_dinner, egg_filled_bread_roll)
pos, 0.8807961917687175, team(user_298_lunch, tomato_juice)
pos, 0.8807961917687175, team(user_253_dinner, iced_coffee)
pos, 0.8807961917687175, team(user_430_dinner, soft_taco_beef)
pos, 0.8807961917687175, team(user_297_breakfast, apple_juice)
pos, 0.8807961917687175, team(user_289_snacks, orange_juice)
pos, 0.8807961917687175, team(user_296_lunch, apple_juice)
pos, 0.8807961917687175, team(user_153_dinner, how_to_make_egg_omelettes)
pos, 0.8807961917687175, team(user_347_lunch, cola)
pos, 0.8807961917687175, team(user_357_lunch, water)
pos, 0.8807961917687175, team(user_291_snacks, ginger_ale)
pos, 0.8807961917687175, team(user_377_brunch, egg_filled_bread_roll)
pos, 0.8807961917687175, team(user_374_breakfast, lemonade)
pos, 0.8807961917687175, team(user_283_brunch, eggs_and_bacon_the_perfect_quick_paleo_meal)
pos, 0.8807961917687175, team(user_14_lunch, sweet_tea)
pos, 0.8807961917687175, team(user_241_brunch, orange_juice)
pos, 0.8807961917687175, team(user_456_dinner, mini_egg_pie)
pos, 0.8807961917687175, team(user_141_dinner, hot_tea)
pos, 0.8807961917687175, team(user_205_dinner, nacho_bell_grande_beef)
pos, 0.8807961917687175, team(user_253_dinner, green_tea)
pos, 0.8807961917687175, team(user_432_brunch, bacon_and_egg_pie)
pos, 0.8807961917687175, team(user_83_lunch, bacon_asparagus_and_egg_bake)
pos, 0.8807961917687175, team(user_417_snacks, dinosaur_inspired_by_mikeasaurus)
pos, 0.8807961917687175, team(user_56_lunch, espresso)
pos, 0.8807961917687175, team(user_158_snacks, cranberry_juice)
pos, 0.8807961917687175, team(user_297_breakfast, iced_coffee)
pos, 0.8807961917687175, team(user_297_breakfast, nacho_bell_grande_beef)
pos, 0.8807961917687175, team(user_456_dinner, quarter_pounder)
pos, 0.8807961917687175, team(user_102_snacks, sprite)
pos, 0.8807961917687175, team(user_451_lunch, how_to_make_egg_salad)
pos, 0.8807961917687175, team(user_215_dinner, pumpkin_soup)
pos, 0.8807961917687175, team(user_492_dinner, mcgriddle)
pos, 0.8807961917687175, team(user_312_breakfast, my_scotch_eggs)
pos, 0.8807961917687175, team(user_431_brunch, 2_ingredient_avocado_egg_salad)
pos, 0.8807961917687175, team(user_153_dinner, cappuccino)
pos, 0.8807961917687175, team(user_319_dinner, coffee)
pos, 0.8807961917687175, team(user_285_dinner, cappuccino)
pos, 0.8807961917687175, team(user_390_dinner, maple_oatmeal)
pos, 0.8807961917687175, team(user_126_brunch, chai_latte)
pos, 0.8807961917687175, team(user_418_breakfast, mcgriddle)
pos, 0.8807961917687175, team(user_456_dinner, big_mac)
pos, 0.8807961917687175, team(user_357_lunch, black_bean_chalupa_copycat)
pos, 0.8807961917687175, team(user_302_lunch, cranberry_juice)
pos, 0.8807961917687175, team(user_138_brunch, apple_juice)
pos, 0.8807961917687175, team(user_254_breakfast, bacon_and_egg_pie)
pos, 0.8807961917687175, team(user_201_breakfast, cranberry_juice)
pos, 0.8807961917687175, team(user_463_dinner, sprite)
pos, 0.8807961917687175, team(user_361_dinner, pumpkin_soup)
pos, 0.8807961917687175, team(user_478_lunch, deviled_egg_salad)
pos, 0.8807961917687175, team(user_164_breakfast, breakfast_burrito)
pos, 0.8807961917687175, team(user_159_lunch, tea)
pos, 0.8807961917687175, team(user_108_brunch, cola)
pos, 0.8807961917687175, team(user_328_brunch, cheesy_bean_rice_burrito)
pos, 0.8807961917687175, team(user_203_brunch, mcgriddle)
pos, 0.8807961917687175, team(user_332_dinner, how_to_make_chinese_egg_tarts)
pos, 0.8807961917687175, team(user_374_breakfast, bean_burrito_copycat)
pos, 0.8807961917687175, team(user_178_brunch, iced_coffee)
pos, 0.8807961917687175, team(user_417_snacks, peekaboo_sugar)
pos, 0.8807961917687175, team(user_296_lunch, orange_juice)
pos, 0.8807961917687175, team(user_435_lunch, egg_mcmuffin)
pos, 0.8807961917687175, team(user_361_dinner, quesadilla_copycat)
pos, 0.8807961917687175, team(user_212_brunch, ginger_ale)
pos, 0.8807961917687175, team(user_297_breakfast, almond_milk)
pos, 0.8807961917687175, team(user_184_snacks, orange_juice)
pos, 0.8807961917687175, team(user_49_dinner, eggs_and_bacon_the_perfect_quick_paleo_meal)
pos, 0.8807961917687175, team(user_178_brunch, egg_in_an_avocado_hole)
pos, 0.8807961917687175, team(user_212_brunch, cheesy_bean_rice_burrito)
pos, 0.8807961917687175, team(user_7_dinner, bacon_and_egg_pie)
pos, 0.8807961917687175, team(user_74_brunch, deviled_eggs_with_smoked_salmon_and_capers)
pos, 0.8807961917687175, team(user_102_snacks, mini_egg_pie)
pos, 0.8807961917687175, team(user_162_dinner, nacho_bell_grande_beef)
pos, 0.8807961917687175, team(user_361_dinner, almond_milk)
pos, 0.8807961917687175, team(user_153_dinner, hot_chocolate)
pos, 0.8807961917687175, team(user_141_dinner, honey_vanilla_almond_cake)
pos, 0.8807961917687175, team(user_241_brunch, maple_oatmeal)
pos, 0.8807961917687175, team(user_97_breakfast, ginger_ale)
pos, 0.8807961917687175, team(user_418_breakfast, mini_egg_pie)
pos, 0.8807961917687175, team(user_35_breakfast, egg_bundles)
pos, 0.8807961917687175, team(user_336_breakfast, iced_tea)
pos, 0.8807961917687175, team(user_485_lunch, pepsi)
pos, 0.8807961917687175, team(user_463_dinner, hot_tea)
pos, 0.8807961917687175, team(user_126_brunch, egg_drop_chicken_noodle_soup)
pos, 0.8807961917687175, team(user_264_snacks, almond_milk)
pos, 0.8807961917687175, team(user_143_dinner, egg_drop_chicken_noodle_soup)
pos, 0.8807961917687175, team(user_202_brunch, apple_juice)
pos, 0.8807961917687175, team(user_463_dinner, honey_vanilla_almond_cake)
pos, 0.8807961917687175, team(user_55_lunch, hot_chocolate)
pos, 0.8807961917687175, team(user_289_snacks, almond_milk)
pos, 0.8807961917687175, team(user_114_snacks, how_to_make_chinese_egg_tarts)
pos, 0.8807961917687175, team(user_202_brunch, quesadilla_copycat)
pos, 0.8807961917687175, team(user_241_brunch, espresso)
pos, 0.8807961917687175, team(user_356_breakfast, maple_oatmeal)
pos, 0.8807961917687175, team(user_371_brunch, mini_egg_pie)
pos, 0.8807961917687175, team(user_226_lunch, blt_quarter_punder)
pos, 0.8807961917687175, team(user_288_dinner, egg_mcmuffin)
pos, 0.8807961917687175, team(user_301_snacks, smoothie)
pos, 0.8807961917687175, team(user_108_brunch, pumpkin_soup)
pos, 0.8807961917687175, team(user_412_dinner, soft_taco_beef)
pos, 0.8807961917687175, team(user_254_breakfast, bakedfriedpan_fried_scotch_egg)
pos, 0.8807961917687175, team(user_141_dinner, egg_drop_chicken_noodle_soup)
pos, 0.8807961917687175, team(user_462_breakfast, almond_milk)
pos, 0.8807961917687175, team(user_184_snacks, chai_latte)
pos, 0.8807961917687175, team(user_127_brunch, egg_in_an_avocado_hole)
pos, 0.8807961917687175, team(user_234_lunch, smoothie)
pos, 0.8807961917687175, team(user_285_dinner, nacho_bell_grande_beef)
pos, 0.8807961917687175, team(user_170_breakfast, supremely_spicy_scrambled_eggs)
pos, 0.8807961917687175, team(user_370_brunch, eggs_and_bacon_the_perfect_quick_paleo_meal)
pos, 0.8807961917687175, team(user_262_dinner, soft_taco_beef)
pos, 0.8807961917687175, team(user_49_dinner, bacon_asparagus_and_egg_bake)
pos, 0.8807961917687175, team(user_418_breakfast, quesadilla_copycat)
pos, 0.8807961917687175, team(user_226_lunch, black_bean_chalupa_copycat)
pos, 0.8807961917687175, team(user_226_lunch, cranberry_juice)
pos, 0.8807961917687175, team(user_114_snacks, delicious_chocolate_bark_recipe)
pos, 0.8807961917687175, team(user_31_lunch, tomato_juice)
pos, 0.8807961917687175, team(user_332_dinner, baklava)
pos, 0.8807961917687175, team(user_292_brunch, tomato_juice)
pos, 0.8807961917687175, team(user_77_brunch, apple_juice)
pos, 0.8807961917687175, team(user_332_dinner, coconut_water)
pos, 0.8807961917687175, team(user_328_brunch, apple_juice)
pos, 0.8807961917687175, team(user_223_dinner, how_to_make_egg_salad)
pos, 0.8807961917687175, team(user_383_brunch, ginger_ale)
pos, 0.8807961917687175, team(user_226_lunch, eggs_and_bacon_the_perfect_quick_paleo_meal)
pos, 0.8807961917687175, team(user_131_snacks, quesadilla_copycat)
pos, 0.8807961917687175, team(user_112_dinner, fruit_punch)
pos, 0.8807961917687175, team(user_162_dinner, maple_oatmeal)
pos, 0.8807961917687175, team(user_447_brunch, green_tea)
pos, 0.8807961917687175, team(user_288_dinner, crunchy_taco)
pos, 0.8807961917687175, team(user_15_brunch, egg_mcmuffin)
pos, 0.8807961917687175, team(user_119_brunch, eggs_and_bacon_the_perfect_quick_paleo_meal)
pos, 0.8807961917687175, team(user_104_brunch, ginger_ale)
pos, 0.8807961917687175, team(user_56_lunch, pepsi)
pos, 0.8807961917687175, team(user_367_breakfast, iced_coffee)
pos, 0.8807961917687175, team(user_168_brunch, iced_tea)
pos, 0.8807961917687175, team(user_180_lunch, mcgriddle)
pos, 0.8807961917687175, team(user_83_lunch, hot_chocolate)
pos, 0.8807961917687175, team(user_422_lunch, breakfast_burrito)
pos, 0.8807961917687175, team(user_288_dinner, big_mac)
pos, 0.8807961917687175, team(user_84_dinner, 2_ingredient_avocado_egg_salad)
pos, 0.8807961917687175, team(user_30_breakfast, water)
pos, 0.8807961917687175, team(user_165_snacks, coffee)
pos, 0.8807961917687175, team(user_283_brunch, espresso)
pos, 0.8807961917687175, team(user_178_brunch, lemonade)
pos, 0.8807961917687175, team(user_213_brunch, water)
pos, 0.8807961917687175, team(user_430_dinner, deviled_eggs_with_smoked_salmon_and_capers)
pos, 0.8807961917687175, team(user_56_lunch, blt_quarter_punder)
pos, 0.8807961917687175, team(user_215_dinner, chai_latte)
pos, 0.8807961917687175, team(user_226_lunch, egg_filled_bread_roll)
pos, 0.8807961917687175, team(user_223_dinner, quesadilla_copycat)
pos, 0.8807961917687175, team(user_357_lunch, pumpkin_soup)
pos, 0.8807961917687175, team(user_215_dinner, fruit_punch)
pos, 0.8807961917687175, team(user_261_breakfast, mcgriddle)
pos, 0.8807961917687175, team(user_162_dinner, cheesy_gordita_crunch_copycat)
pos, 0.8807961917687175, team(user_77_brunch, mcgriddle)
pos, 0.8807961917687175, team(user_213_brunch, fruit_punch)
pos, 0.8807961917687175, team(user_202_brunch, mini_egg_pie)
pos, 0.8807961917687175, team(user_288_dinner, honey_vanilla_almond_cake)
pos, 0.8807961917687175, team(user_116_dinner, egg_mcmuffin)
pos, 0.8807961917687175, team(user_136_breakfast, hot_chocolate)
pos, 0.8807961917687175, team(user_403_snacks, pepsi)
pos, 0.8807961917687175, team(user_84_dinner, egg_in_an_avocado_hole)
pos, 0.8807961917687175, team(user_152_snacks, german_rhubarb_cake_with_meringue_topping_omas_rhabarberkuchen_mit_baiser)
pos, 0.8807961917687175, team(user_224_breakfast, egg_in_an_avocado_hole)
pos, 0.8807961917687175, team(user_492_dinner, egg_mcmuffin)
pos, 0.8807961917687175, team(user_11_lunch, smoothie)
pos, 0.8807961917687175, team(user_438_snacks, peekaboo_sugar)
pos, 0.8807961917687175, team(user_447_brunch, nacho_bell_grande_beef)
pos, 0.8807961917687175, team(user_418_breakfast, apple_juice)
pos, 0.8807961917687175, team(user_312_breakfast, cappuccino)
pos, 0.8807961917687175, team(user_472_snacks, dinosaur_inspired_by_mikeasaurus)
pos, 0.8807961917687175, team(user_131_snacks, chocolate_peanut_butter)
pos, 0.8807961917687175, team(user_301_snacks, pepsi)
pos, 0.8807961917687175, team(user_126_brunch, lemonade)
pos, 0.8807961917687175, team(user_119_brunch, coconut_water)
pos, 0.8807961917687175, team(user_334_breakfast, green_tea)
pos, 0.8807961917687175, team(user_74_brunch, mcgriddle)
pos, 0.8807961917687175, team(user_35_breakfast, bacon_asparagus_and_egg_bake)
pos, 0.8807961917687175, team(user_253_dinner, bacon_asparagus_and_egg_bake)
pos, 0.8807961917687175, team(user_35_breakfast, supremely_spicy_scrambled_eggs)
pos, 0.8807961917687175, team(user_254_breakfast, caramel_cappucino)
pos, 0.8807961917687175, team(user_196_lunch, coffee)
pos, 0.8807961917687175, team(user_84_dinner, lemonade)
pos, 0.8807961917687175, team(user_127_brunch, espresso)
pos, 0.8807961917687175, team(user_462_breakfast, breakfast_burrito)
pos, 0.8807961917687175, team(user_208_breakfast, hot_chocolate)
pos, 0.8807961917687175, team(user_138_brunch, coffee)
pos, 0.8807961917687175, team(user_332_dinner, cheesy_bean_rice_burrito)
pos, 0.8807961917687175, team(user_15_brunch, cranberry_juice)
pos, 0.8807961917687175, team(user_361_dinner, quarter_pounder)
pos, 0.8807961917687175, team(user_432_brunch, coffee)
pos, 0.8807961917687175, team(user_35_breakfast, hot_tea)
pos, 0.8807961917687175, team(user_164_breakfast, crunchwrap_supreme_copycat)
pos, 0.8807961917687175, team(user_198_brunch, tea)
pos, 0.8807961917687175, team(user_184_snacks, caramel_cappucino)
pos, 0.8807961917687175, team(user_331_brunch, crunchy_taco)
pos, 0.8807961917687175, team(user_186_dinner, dinosaur_inspired_by_mikeasaurus)
pos, 0.8807961917687175, team(user_119_brunch, hot_chocolate)
pos, 0.8807961917687175, team(user_159_lunch, iced_tea)
pos, 0.8807961917687175, team(user_158_snacks, milk)
pos, 0.8807961917687175, team(user_213_brunch, orange_juice)
pos, 0.8807961917687175, team(user_153_dinner, bacon_candy)
pos, 0.8807961917687175, team(user_203_brunch, eggs_and_bacon_the_perfect_quick_paleo_meal)
pos, 0.8807961917687175, team(user_104_brunch, dinosaur_inspired_by_mikeasaurus)
pos, 0.8807961917687175, team(user_208_breakfast, cola)
pos, 0.8807961917687175, team(user_143_dinner, cappuccino)
pos, 0.8807961917687175, team(user_64_lunch, deviled_egg_salad)
pos, 0.8807961917687175, team(user_141_dinner, peekaboo_sugar)
pos, 0.8807961917687175, team(user_217_breakfast, bacon_candy)
pos, 0.8807961917687175, team(user_447_brunch, mcdonalds_bacon_ranch_mccrispy)
pos, 0.8807961917687175, team(user_158_snacks, dinosaur_inspired_by_mikeasaurus)
pos, 0.8807961917687175, team(user_298_lunch, bacon_candy)
pos, 0.8807961917687175, team(user_215_dinner, mcdonalds_bacon_ranch_mccrispy)
pos, 0.8807961917687175, team(user_492_dinner, my_scotch_eggs)
pos, 0.8807961917687175, team(user_298_lunch, pumpkin_soup)
pos, 0.8807961917687175, team(user_153_dinner, tomato_juice)
pos, 0.8807961917687175, team(user_293_breakfast, soft_taco_beef)
pos, 0.8807961917687175, team(user_374_breakfast, coffee)
pos, 0.8807961917687175, team(user_35_breakfast, fruit_punch)
pos, 0.8807961917687175, team(user_472_snacks, milk)
pos, 0.8807961917687175, team(user_15_brunch, how_to_make_egg_omelettes)
pos, 0.8807961917687175, team(user_238_snacks, iced_coffee)
pos, 0.8807961917687175, team(user_116_dinner, supremely_spicy_scrambled_eggs)
pos, 0.8807961917687175, team(user_178_brunch, hot_tea)
pos, 0.8807961917687175, team(user_372_dinner, black_bean_chalupa_copycat)
pos, 0.8807961917687175, team(user_57_snacks, peekaboo_sugar)
pos, 0.8807961917687175, team(user_276_brunch, sprite)
pos, 0.8807961917687175, team(user_456_dinner, caramel_cappucino)
pos, 0.8807961917687175, team(user_7_dinner, egg_mcmuffin)
pos, 0.8807961917687175, team(user_289_snacks, caramel_cappucino)
pos, 0.8807961917687175, team(user_432_brunch, ginger_ale)
pos, 0.8807961917687175, team(user_390_dinner, crunchwrap_supreme_copycat)
pos, 0.8807961917687175, team(user_153_dinner, breakfast_burrito)
pos, 0.8807961917687175, team(user_7_dinner, peekaboo_sugar)
pos, 0.8807961917687175, team(user_438_snacks, cola)
pos, 0.8807961917687175, team(user_17_brunch, lemonade)
pos, 0.8807961917687175, team(user_435_lunch, almond_milk)
pos, 0.8807961917687175, team(user_35_breakfast, my_scotch_eggs)
pos, 0.8807961917687175, team(user_170_breakfast, iced_tea)
pos, 0.8807961917687175, team(user_119_brunch, cranberry_juice)
pos, 0.8807961917687175, team(user_289_snacks, hot_chocolate)
pos, 0.8807961917687175, team(user_60_snacks, sprite)
pos, 0.8807961917687175, team(user_180_lunch, iced_coffee)
pos, 0.8807961917687175, team(user_298_lunch, big_mac)
pos, 0.8807961917687175, team(user_285_dinner, cola)
pos, 0.8807961917687175, team(user_415_dinner, veggie_power_bowl)
pos, 0.8807961917687175, team(user_316_breakfast, coffee)
pos, 0.8807961917687175, team(user_251_lunch, hot_tea)
pos, 0.8807961917687175, team(user_226_lunch, bacon_and_egg_pie)
pos, 0.8807961917687175, team(user_170_breakfast, milk)
pos, 0.8807961917687175, team(user_302_lunch, water)
pos, 0.8807961917687175, team(user_170_breakfast, iced_coffee)
pos, 0.8807961917687175, team(user_430_dinner, baklava)
pos, 0.8807961917687175, team(user_205_dinner, apple_pie)
pos, 0.8807961917687175, team(user_430_dinner, egg_mcmuffin)
pos, 0.8807961917687175, team(user_360_lunch, bacon_and_egg_pie)
pos, 0.8807961917687175, team(user_301_snacks, cola)
pos, 0.8807961917687175, team(user_289_snacks, iced_tea)
pos, 0.8807961917687175, team(user_370_brunch, supremely_spicy_scrambled_eggs)
pos, 0.8807961917687175, team(user_213_brunch, egg_in_an_avocado_hole)
pos, 0.8807961917687175, team(user_332_dinner, lite_fried_okra)
pos, 0.8807961917687175, team(user_104_brunch, almond_milk)
pos, 0.8807961917687175, team(user_7_dinner, sweet_tea)
pos, 0.8807961917687175, team(user_104_brunch, sweet_tea)
pos, 0.8807961917687175, team(user_234_lunch, bacon_asparagus_and_egg_bake)
pos, 0.8807961917687175, team(user_347_lunch, sprite)
pos, 0.8807961917687175, team(user_472_snacks, pepsi)
pos, 0.8807961917687175, team(user_17_brunch, sweet_tea)
pos, 0.8807961917687175, team(user_238_snacks, baklava)
pos, 0.8807961917687175, team(user_370_brunch, mcgriddle)
pos, 0.8807961917687175, team(user_319_dinner, veggie_power_bowl)
pos, 0.8807961917687175, team(user_374_breakfast, sprite)
pos, 0.8807961917687175, team(user_372_dinner, bunny_egg_salad)
pos, 0.8807961917687175, team(user_302_lunch, iced_tea)
pos, 0.8807961917687175, team(user_418_breakfast, blt_quarter_punder)
pos, 0.8807961917687175, team(user_456_dinner, sprite)
pos, 0.8807961917687175, team(user_438_snacks, quesadilla_copycat)
pos, 0.8807961917687175, team(user_186_dinner, egg_filled_bread_roll)
pos, 0.8807961917687175, team(user_205_dinner, pumpkin_soup)
pos, 0.8807961917687175, team(user_186_dinner, bean_burrito_copycat)
pos, 0.8807961917687175, team(user_119_brunch, pepsi)
pos, 0.8807961917687175, team(user_293_breakfast, iced_coffee)
pos, 0.8807961917687175, team(user_202_brunch, cola)
pos, 0.8807961917687175, team(user_332_dinner, breakfast_burrito)
pos, 0.8807961917687175, team(user_226_lunch, milk)
pos, 0.8807961917687175, team(user_165_snacks, sweet_tea)
pos, 0.8807961917687175, team(user_356_breakfast, pumpkin_soup)
pos, 0.8807961917687175, team(user_415_dinner, pumpkin_soup)
pos, 0.8807961917687175, team(user_127_brunch, egg_filled_bread_roll)
pos, 0.8807961917687175, team(user_256_brunch, hot_chocolate)
pos, 0.8807961917687175, team(user_259_lunch, cranberry_juice)
pos, 0.8807961917687175, team(user_441_snacks, coffee)
pos, 0.8807961917687175, team(user_37_brunch, green_tea)
pos, 0.8807961917687175, team(user_7_dinner, almond_milk)
pos, 0.8807961917687175, team(user_410_snacks, coconut_water)
pos, 0.8807961917687175, team(user_438_snacks, cappuccino)
pos, 0.8807961917687175, team(user_264_snacks, dinosaur_inspired_by_mikeasaurus)
pos, 0.8807961917687175, team(user_143_dinner, supremely_spicy_scrambled_eggs)
pos, 0.8807961917687175, team(user_82_snacks, honey_vanilla_almond_cake)
pos, 0.8807961917687175, team(user_319_dinner, hot_tea)
pos, 0.8807961917687175, team(user_30_breakfast, black_bean_chalupa_copycat)
pos, 0.8807961917687175, team(user_262_dinner, veggie_power_bowl)
pos, 0.8807961917687175, team(user_390_dinner, quesadilla_copycat)
pos, 0.8807961917687175, team(user_317_lunch, cheesy_bean_rice_burrito)
pos, 0.8807961917687175, team(user_112_dinner, mini_egg_pie)
pos, 0.8807961917687175, team(user_410_snacks, hot_tea)
pos, 0.8807961917687175, team(user_83_lunch, supremely_spicy_scrambled_eggs)
pos, 0.8807961917687175, team(user_215_dinner, egg_bundles)
pos, 0.8807961917687175, team(user_158_snacks, apple_juice)
pos, 0.8807961917687175, team(user_77_brunch, quarter_pounder)
pos, 0.8807961917687175, team(user_383_brunch, cranberry_juice)
pos, 0.8807961917687175, team(user_289_snacks, coconut_water)
pos, 0.8807961917687175, team(user_215_dinner, hot_chocolate)
pos, 0.8807961917687175, team(user_317_lunch, hot_chocolate)
pos, 0.8807961917687175, team(user_8_lunch, caramel_cappucino)
pos, 0.8807961917687175, team(user_5_breakfast, pepsi)
pos, 0.8807961917687175, team(user_83_lunch, pumpkin_soup)
pos, 0.8807961917687175, team(user_17_brunch, hot_chocolate)
pos, 0.8807961917687175, team(user_423_brunch, sprite)
pos, 0.8807961917687175, team(user_158_snacks, tomato_juice)
pos, 0.8807961917687175, team(user_212_brunch, green_tea)
pos, 0.8807961917687175, team(user_217_breakfast, pepsi)
pos, 0.8807961917687175, team(user_5_breakfast, nacho_bell_grande_beef)
pos, 0.8807961917687175, team(user_293_breakfast, eggs_and_bacon_the_perfect_quick_paleo_meal)
pos, 0.8807961917687175, team(user_259_lunch, sweet_tea)
pos, 0.8807961917687175, team(user_254_breakfast, my_scotch_eggs)
pos, 0.8807961917687175, team(user_319_dinner, cranberry_juice)
pos, 0.8807961917687175, team(user_390_dinner, bacon_asparagus_and_egg_bake)
pos, 0.8807961917687175, team(user_289_snacks, how_to_make_chinese_egg_tarts)
pos, 0.8807961917687175, team(user_77_brunch, egg_drop_chicken_noodle_soup)
pos, 0.8807961917687175, team(user_334_breakfast, pepsi)
pos, 0.8807961917687175, team(user_241_brunch, water)
pos, 0.8807961917687175, team(user_82_snacks, peekaboo_sugar_eggs)
pos, 0.8807961917687175, team(user_264_snacks, orange_juice)
pos, 0.8807961917687175, team(user_317_lunch, green_tea)
pos, 0.8807961917687175, team(user_83_lunch, cheesy_bean_rice_burrito)
pos, 0.8807961917687175, team(user_492_dinner, big_mac)
pos, 0.8807961917687175, team(user_374_breakfast, breakfast_burrito)
pos, 0.8807961917687175, team(user_283_brunch, orange_juice)
pos, 0.8807961917687175, team(user_16_brunch, water)
pos, 0.8807961917687175, team(user_162_dinner, quarter_pounder)
pos, 0.8807961917687175, team(user_83_lunch, bunny_egg_salad)
pos, 0.8807961917687175, team(user_430_dinner, iced_tea)
pos, 0.8807961917687175, team(user_112_dinner, smoothie)
pos, 0.8807961917687175, team(user_30_breakfast, blt_quarter_punder)
pos, 0.8807961917687175, team(user_253_dinner, tea)
pos, 0.8807961917687175, team(user_127_brunch, almond_milk)
pos, 0.8807961917687175, team(user_56_lunch, tomato_juice)
pos, 0.8807961917687175, team(user_16_brunch, almond_milk)
pos, 0.8807961917687175, team(user_71_lunch, caramel_cappucino)
pos, 0.8807961917687175, team(user_203_brunch, quarter_pounder)
pos, 0.8807961917687175, team(user_212_brunch, egg_mcmuffin)
pos, 0.8807961917687175, team(user_288_dinner, baklava)
pos, 0.8807961917687175, team(user_131_snacks, cola)
pos, 0.8807961917687175, team(user_55_lunch, lemonade)
pos, 0.8807961917687175, team(user_104_brunch, iced_coffee)
pos, 0.8807961917687175, team(user_486_lunch, tea)
pos, 0.8807961917687175, team(user_264_snacks, lemonade)
pos, 0.8807961917687175, team(user_262_dinner, sprite)
pos, 0.8807961917687175, team(user_158_snacks, sprite)
pos, 0.8807961917687175, team(user_240_breakfast, egg_mcmuffin)
pos, 0.8807961917687175, team(user_332_dinner, eggs_and_bacon_the_perfect_quick_paleo_meal)
pos, 0.8807961917687175, team(user_83_lunch, 2_ingredient_avocado_egg_salad)
pos, 0.8807961917687175, team(user_5_breakfast, water)
pos, 0.8807961917687175, team(user_138_brunch, bacon_asparagus_and_egg_bake)
pos, 0.8807961917687175, team(user_427_brunch, orange_juice)
pos, 0.8807961917687175, team(user_45_breakfast, supremely_spicy_scrambled_eggs)
pos, 0.8807961917687175, team(user_126_brunch, veggie_power_bowl)
pos, 0.8807961917687175, team(user_441_snacks, chai_latte)
pos, 0.8807961917687175, team(user_83_lunch, dinosaur_inspired_by_mikeasaurus)
pos, 0.8807961917687175, team(user_241_brunch, milk)
pos, 0.8807961917687175, team(user_241_brunch, my_scotch_eggs)
pos, 0.8807961917687175, team(user_35_breakfast, breakfast_burrito)
pos, 0.8807961917687175, team(user_208_breakfast, ginger_ale)
pos, 0.8807961917687175, team(user_153_dinner, orange_juice)
pos, 0.8807961917687175, team(user_374_breakfast, cappuccino)
pos, 0.8807961917687175, team(user_97_breakfast, my_scotch_eggs)
pos, 0.8807961917687175, team(user_296_lunch, my_scotch_eggs)
pos, 0.8807961917687175, team(user_11_lunch, bacon_candy)
pos, 0.8807961917687175, team(user_77_brunch, cheesy_bean_rice_burrito)
pos, 0.8807961917687175, team(user_17_brunch, egg_in_an_avocado_hole)
pos, 0.8807961917687175, team(user_5_breakfast, hot_tea)
pos, 0.8807961917687175, team(user_356_breakfast, black_bean_chalupa_copycat)
pos, 0.8807961917687175, team(user_283_brunch, coconut_water)
pos, 0.8807961917687175, team(user_84_dinner, crunchwrap_supreme_copycat)
pos, 0.8807961917687175, team(user_450_snacks, peekaboo_sugar_eggs)
pos, 0.8807961917687175, team(user_71_lunch, cheesy_gordita_crunch_copycat)
pos, 0.8807961917687175, team(user_127_brunch, black_bean_chalupa_copycat)
pos, 0.8807961917687175, team(user_14_lunch, my_scotch_eggs)
pos, 0.8807961917687175, team(user_435_lunch, apple_juice)
pos, 0.8807961917687175, team(user_296_lunch, cola)
pos, 0.8807961917687175, team(user_143_dinner, cheesy_bean_rice_burrito)
pos, 0.8807961917687175, team(user_202_brunch, egg_bundles)
pos, 0.8807961917687175, team(user_492_dinner, 2_ingredient_avocado_egg_salad)
pos, 0.8807961917687175, team(user_11_lunch, tomato_juice)
pos, 0.8807961917687175, team(user_288_dinner, apple_pie)
pos, 0.8807961917687175, team(user_412_dinner, black_bean_chalupa_copycat)
pos, 0.8807961917687175, team(user_223_dinner, how_to_make_chinese_egg_tarts)
pos, 0.8807961917687175, team(user_472_snacks, cappuccino)
pos, 0.8807961917687175, team(user_164_breakfast, pepsi)
pos, 0.8807961917687175, team(user_71_lunch, water)
pos, 0.8807961917687175, team(user_314_snacks, almond_milk)
pos, 0.8807961917687175, team(user_215_dinner, quesadilla_copycat)
pos, 0.8807961917687175, team(user_215_dinner, cheesy_bean_rice_burrito)
pos, 0.8807961917687175, team(user_56_lunch, green_tea)
pos, 0.8807961917687175, team(user_7_dinner, cadbury_creme_egg_rolls)
pos, 0.8807961917687175, team(user_301_snacks, german_rhubarb_cake_with_meringue_topping_omas_rhabarberkuchen_mit_baiser)
pos, 0.8807961917687175, team(user_60_snacks, coconut_water)
pos, 0.8807961917687175, team(user_60_snacks, tomato_juice)
pos, 0.8807961917687175, team(user_104_brunch, hot_chocolate)
pos, 0.8807961917687175, team(user_478_lunch, iced_coffee)
pos, 0.8807961917687175, team(user_82_snacks, peekaboo_sugar)
pos, 0.8807961917687175, team(user_288_dinner, how_to_make_egg_salad)
pos, 0.8807961917687175, team(user_77_brunch, sprite)
pos, 0.8807961917687175, team(user_438_snacks, peekaboo_sugar_eggs)
pos, 0.8807961917687175, team(user_289_snacks, lemonade)
pos, 0.8807961917687175, team(user_116_dinner, tomato_juice)
pos, 0.8807961917687175, team(user_472_snacks, sprite)
pos, 0.8807961917687175, team(user_314_snacks, caramel_cappucino)
pos, 0.8807961917687175, team(user_45_breakfast, lemonade)
pos, 0.8807961917687175, team(user_390_dinner, my_scotch_eggs)
pos, 0.8807961917687175, team(user_418_breakfast, espresso)
pos, 0.8807961917687175, team(user_170_breakfast, how_to_make_egg_salad)
pos, 0.8807961917687175, team(user_104_brunch, chai_latte)
pos, 0.8807961917687175, team(user_331_brunch, blt_quarter_punder)
pos, 0.8807961917687175, team(user_331_brunch, water)
pos, 0.8807961917687175, team(user_84_dinner, caramel_cappucino)
pos, 0.8807961917687175, team(user_372_dinner, bacon_asparagus_and_egg_bake)
pos, 0.8807961917687175, team(user_240_breakfast, bakedfriedpan_fried_scotch_egg)
pos, 0.8807961917687175, team(user_298_lunch, lemonade)
pos, 0.8807961917687175, team(user_97_breakfast, coffee)
pos, 0.8807961917687175, team(user_77_brunch, bacon_and_egg_pie)
pos, 0.8807961917687175, team(user_485_lunch, water)
pos, 0.8807961917687175, team(user_143_dinner, big_mac)
pos, 0.8807961917687175, team(user_213_brunch, mini_egg_pie)
pos, 0.8807961917687175, team(user_297_breakfast, quarter_pounder)
pos, 0.8807961917687175, team(user_316_breakfast, almond_milk)
pos, 0.8807961917687175, team(user_186_dinner, smoothie)
pos, 0.8807961917687175, team(user_74_brunch, egg_mcmuffin)
pos, 0.8807961917687175, team(user_186_dinner, delicious_chocolate_bark_recipe)
pos, 0.8807961917687175, team(user_456_dinner, how_to_make_chinese_egg_tarts)
pos, 0.8807961917687175, team(user_45_breakfast, egg_mcmuffin)
pos, 0.8807961917687175, team(user_372_dinner, tea)
pos, 0.8807961917687175, team(user_212_brunch, breakfast_burrito)
pos, 0.8807961917687175, team(user_170_breakfast, cola)
pos, 0.8807961917687175, team(user_292_brunch, almond_milk)
pos, 0.8807961917687175, team(user_116_dinner, lemonade)
pos, 0.8807961917687175, team(user_77_brunch, my_scotch_eggs)
pos, 0.8807961917687175, team(user_412_dinner, orange_juice)
pos, 0.8807961917687175, team(user_11_lunch, green_tea)
pos, 0.8807961917687175, team(user_331_brunch, crunchwrap_supreme_copycat)
pos, 0.8807961917687175, team(user_332_dinner, bean_burrito_copycat)
pos, 0.8807961917687175, team(user_226_lunch, pepsi)
pos, 0.8807961917687175, team(user_438_snacks, coffee)
pos, 0.8807961917687175, team(user_432_brunch, cranberry_juice)
pos, 0.8807961917687175, team(user_312_breakfast, iced_tea)
pos, 0.8807961917687175, team(user_234_lunch, nacho_bell_grande_beef)
pos, 0.8807961917687175, team(user_15_brunch, bakedfriedpan_fried_scotch_egg)
pos, 0.8807961917687175, team(user_415_dinner, hot_tea)
pos, 0.8807961917687175, team(user_108_brunch, almond_milk)
pos, 0.8807961917687175, team(user_374_breakfast, cheesy_bean_rice_burrito)
pos, 0.8807961917687175, team(user_170_breakfast, mcgriddle)
pos, 0.8807961917687175, team(user_447_brunch, lemonade)
pos, 0.8807961917687175, team(user_254_breakfast, crunchy_taco)
pos, 0.8807961917687175, team(user_463_dinner, how_to_make_egg_salad)
pos, 0.8807961917687175, team(user_336_breakfast, supremely_spicy_scrambled_eggs)
pos, 0.8807961917687175, team(user_202_brunch, milk)
pos, 0.8807961917687175, team(user_418_breakfast, eggs_and_bacon_the_perfect_quick_paleo_meal)
pos, 0.8807961917687175, team(user_7_dinner, black_bean_chalupa_copycat)
pos, 0.8807961917687175, team(user_170_breakfast, eggs_and_bacon_the_perfect_quick_paleo_meal)
pos, 0.8807961917687175, team(user_11_lunch, espresso)
pos, 0.8807961917687175, team(user_164_breakfast, almond_milk)
pos, 0.8807961917687175, team(user_213_brunch, caramel_cappucino)
pos, 0.8807961917687175, team(user_478_lunch, apple_juice)
pos, 0.8807961917687175, team(user_84_dinner, green_tea)
pos, 0.8807961917687175, team(user_180_lunch, orange_juice)
pos, 0.8807961917687175, team(user_289_snacks, delicious_chocolate_bark_recipe)
pos, 0.8807961917687175, team(user_180_lunch, cola)
pos, 0.8807961917687175, team(user_422_lunch, fruit_punch)
pos, 0.8807961917687175, team(user_203_brunch, fruit_punch)
pos, 0.8807961917687175, team(user_251_lunch, pumpkin_soup)
pos, 0.8807961917687175, team(user_241_brunch, sprite)
pos, 0.8807961917687175, team(user_71_lunch, chai_latte)
pos, 0.8807961917687175, team(user_56_lunch, how_to_make_egg_omelettes)
pos, 0.8807961917687175, team(user_374_breakfast, cranberry_juice)
pos, 0.8807961917687175, team(user_356_breakfast, water)
pos, 0.8807961917687175, team(user_184_snacks, fruit_punch)
pos, 0.8807961917687175, team(user_153_dinner, green_tea)
pos, 0.8807961917687175, team(user_116_dinner, espresso)
pos, 0.8807961917687175, team(user_372_dinner, crunchwrap_supreme_copycat)
pos, 0.8807961917687175, team(user_468_snacks, baklava)
pos, 0.8807961917687175, team(user_158_snacks, caramel_nut_tart)
pos, 0.8807961917687175, team(user_492_dinner, deviled_eggs_with_smoked_salmon_and_capers)
pos, 0.8807961917687175, team(user_331_brunch, bean_burrito_copycat)
pos, 0.8807961917687175, team(user_463_dinner, cheesy_gordita_crunch_copycat)
pos, 0.8807961917687175, team(user_159_lunch, coconut_water)
pos, 0.8807961917687175, team(user_383_brunch, eggs_and_bacon_the_perfect_quick_paleo_meal)
pos, 0.8807961917687175, team(user_223_dinner, green_tea)
pos, 0.8807961917687175, team(user_438_snacks, lemonade)
pos, 0.8807961917687175, team(user_285_dinner, almond_milk)
pos, 0.8807961917687175, team(user_283_brunch, iced_tea)
pos, 0.8807961917687175, team(user_317_lunch, lemonade)
pos, 0.8807961917687175, team(user_251_lunch, how_to_make_egg_salad)
pos, 0.8807961917687175, team(user_456_dinner, water)
pos, 0.8807961917687175, team(user_451_lunch, tea)
pos, 0.8807961917687175, team(user_116_dinner, veggie_power_bowl)
pos, 0.8807961917687175, team(user_390_dinner, milk)
pos, 0.8807961917687175, team(user_383_brunch, egg_filled_bread_roll)
pos, 0.8807961917687175, team(user_55_lunch, egg_in_an_avocado_hole)
pos, 0.8807961917687175, team(user_203_brunch, soft_taco_beef)
pos, 0.8807961917687175, team(user_5_breakfast, orange_juice)
pos, 0.8807961917687175, team(user_202_brunch, my_scotch_eggs)
pos, 0.8807961917687175, team(user_226_lunch, dinosaur_inspired_by_mikeasaurus)
pos, 0.8807961917687175, team(user_472_snacks, tea)
pos, 0.8807961917687175, team(user_462_breakfast, egg_in_an_avocado_hole)
pos, 0.8807961917687175, team(user_328_brunch, cheesy_gordita_crunch_copycat)
pos, 0.8807961917687175, team(user_198_brunch, sprite)
pos, 0.8807961917687175, team(user_119_brunch, cheesy_bean_rice_burrito)
pos, 0.8807961917687175, team(user_486_lunch, veggie_power_bowl)
pos, 0.8807961917687175, team(user_317_lunch, coffee)
pos, 0.8807961917687175, team(user_361_dinner, veggie_power_bowl)
pos, 0.8807961917687175, team(user_377_brunch, green_tea)
pos, 0.8807961917687175, team(user_276_brunch, apple_juice)
pos, 0.8807961917687175, team(user_298_lunch, iced_coffee)
pos, 0.8807961917687175, team(user_37_brunch, hot_tea)
pos, 0.8807961917687175, team(user_295_snacks, ginger_ale)
pos, 0.8807961917687175, team(user_297_breakfast, egg_in_an_avocado_hole)
pos, 0.8807961917687175, team(user_45_breakfast, ginger_ale)
pos, 0.8807961917687175, team(user_220_breakfast, bacon_and_egg_pie)
pos, 0.8807961917687175, team(user_316_breakfast, water)
pos, 0.8807961917687175, team(user_412_dinner, cranberry_juice)
pos, 0.8807961917687175, team(user_238_snacks, milk)
pos, 0.8807961917687175, team(user_77_brunch, crunchy_taco)
pos, 0.8807961917687175, team(user_215_dinner, almond_milk)
pos, 0.8807961917687175, team(user_156_snacks, german_rhubarb_cake_with_meringue_topping_omas_rhabarberkuchen_mit_baiser)
pos, 0.8807961917687175, team(user_164_breakfast, how_to_make_egg_omelettes)
pos, 0.8807961917687175, team(user_226_lunch, 2_ingredient_avocado_egg_salad)
pos, 0.8807961917687175, team(user_220_breakfast, black_bean_chalupa_copycat)
pos, 0.8807961917687175, team(user_226_lunch, quesadilla_copycat)
pos, 0.8807961917687175, team(user_293_breakfast, bakedfriedpan_fried_scotch_egg)
pos, 0.8807961917687175, team(user_152_snacks, apple_juice)
pos, 0.8807961917687175, team(user_37_brunch, iced_coffee)
pos, 0.8807961917687175, team(user_30_breakfast, cola)
pos, 0.8807961917687175, team(user_71_lunch, cranberry_juice)
pos, 0.8807961917687175, team(user_276_brunch, coconut_water)
pos, 0.8807961917687175, team(user_212_brunch, sweet_tea)
pos, 0.8807961917687175, team(user_417_snacks, caramel_nut_tart)
pos, 0.8807961917687175, team(user_410_snacks, tomato_juice)
pos, 0.8807961917687175, team(user_451_lunch, crunchy_taco)
pos, 0.8807961917687175, team(user_298_lunch, iced_tea)
pos, 0.8807961917687175, team(user_291_snacks, tomato_juice)
pos, 0.8807961917687175, team(user_126_brunch, cola)
pos, 0.8807961917687175, team(user_415_dinner, crunchwrap_supreme_copycat)
pos, 0.8807961917687175, team(user_71_lunch, soft_taco_beef)
pos, 0.8807961917687175, team(user_332_dinner, iced_coffee)
pos, 0.8807961917687175, team(user_168_brunch, quarter_pounder)
pos, 0.8807961917687175, team(user_143_dinner, mini_egg_pie)
pos, 0.8807961917687175, team(user_262_dinner, green_tea)
pos, 0.8807961917687175, team(user_17_brunch, caramel_cappucino)
pos, 0.8807961917687175, team(user_224_breakfast, iced_coffee)
pos, 0.8807961917687175, team(user_178_brunch, chai_latte)
pos, 0.8807961917687175, team(user_254_breakfast, how_to_make_egg_omelettes)
pos, 0.8807961917687175, team(user_422_lunch, cappuccino)
pos, 0.8807961917687175, team(user_84_dinner, deviled_eggs_with_smoked_salmon_and_capers)
pos, 0.8807961917687175, team(user_205_dinner, tomato_juice)
pos, 0.8807961917687175, team(user_205_dinner, honey_vanilla_almond_cake)
pos, 0.8807961917687175, team(user_189_breakfast, orange_juice)
pos, 0.8807961917687175, team(user_370_brunch, soft_taco_beef)
pos, 0.8807961917687175, team(user_256_brunch, hot_tea)
pos, 0.8807961917687175, team(user_168_brunch, cheesy_gordita_crunch_copycat)
pos, 0.8807961917687175, team(user_57_snacks, hot_chocolate)
pos, 0.8807961917687175, team(user_492_dinner, coffee)
pos, 0.8807961917687175, team(user_8_lunch, chai_latte)
pos, 0.8807961917687175, team(user_141_dinner, cheesy_bean_rice_burrito)
pos, 0.8807961917687175, team(user_55_lunch, smoothie)
pos, 0.8807961917687175, team(user_329_snacks, cappuccino)
pos, 0.8807961917687175, team(user_259_lunch, eggs_and_bacon_the_perfect_quick_paleo_meal)
pos, 0.8807961917687175, team(user_261_breakfast, maple_oatmeal)
pos, 0.8807961917687175, team(user_55_lunch, pumpkin_soup)
pos, 0.8807961917687175, team(user_217_breakfast, breakfast_burrito)
pos, 0.8807961917687175, team(user_17_brunch, egg_filled_bread_roll)
pos, 0.8807961917687175, team(user_317_lunch, hot_tea)
pos, 0.8807961917687175, team(user_162_dinner, chai_latte)
pos, 0.8807961917687175, team(user_370_brunch, cola)
pos, 0.8807961917687175, team(user_14_lunch, bakedfriedpan_fried_scotch_egg)
pos, 0.8807961917687175, team(user_112_dinner, how_to_make_egg_omelettes)
pos, 0.8807961917687175, team(user_16_brunch, orange_juice)
pos, 0.8807961917687175, team(user_205_dinner, sprite)
pos, 0.8807961917687175, team(user_298_lunch, deviled_egg_salad)
pos, 0.8807961917687175, team(user_14_lunch, quarter_pounder)
pos, 0.8807961917687175, team(user_220_breakfast, egg_filled_bread_roll)
pos, 0.8807961917687175, team(user_108_brunch, milk)
pos, 0.8807961917687175, team(user_412_dinner, cappuccino)
pos, 0.8807961917687175, team(user_312_breakfast, bakedfriedpan_fried_scotch_egg)
pos, 0.8807961917687175, team(user_372_dinner, coconut_water)
pos, 0.8807961917687175, team(user_205_dinner, iced_tea)
pos, 0.8807961917687175, team(user_14_lunch, breakfast_burrito)
pos, 0.8807961917687175, team(user_220_breakfast, blt_quarter_punder)
pos, 0.8807961917687175, team(user_49_dinner, veggie_power_bowl)
pos, 0.8807961917687175, team(user_295_snacks, dinosaur_inspired_by_mikeasaurus)
pos, 0.8807961917687175, team(user_485_lunch, cranberry_juice)
pos, 0.8807961917687175, team(user_297_breakfast, soft_taco_beef)
pos, 0.8807961917687175, team(user_108_brunch, cheesy_gordita_crunch_copycat)
pos, 0.8807961917687175, team(user_152_snacks, tea)
pos, 0.8807961917687175, team(user_254_breakfast, bean_burrito_copycat)
pos, 0.8807961917687175, team(user_158_snacks, ginger_ale)
pos, 0.8807961917687175, team(user_184_snacks, sweet_tea)
pos, 0.8807961917687175, team(user_30_breakfast, orange_juice)
pos, 0.8807961917687175, team(user_390_dinner, espresso)
pos, 0.8807961917687175, team(user_259_lunch, egg_drop_chicken_noodle_soup)
pos, 0.8807961917687175, team(user_5_breakfast, hot_chocolate)
pos, 0.8807961917687175, team(user_164_breakfast, eggs_and_bacon_the_perfect_quick_paleo_meal)
pos, 0.8807961917687175, team(user_31_lunch, egg_filled_bread_roll)
pos, 0.8807961917687175, team(user_102_snacks, hot_chocolate)
pos, 0.8807961917687175, team(user_223_dinner, lemonade)
pos, 0.8807961917687175, team(user_423_brunch, crunchwrap_supreme_copycat)
pos, 0.8807961917687175, team(user_77_brunch, how_to_make_egg_omelettes)
pos, 0.8807961917687175, team(user_112_dinner, my_scotch_eggs)
pos, 0.8807961917687175, team(user_451_lunch, pumpkin_soup)
pos, 0.8807961917687175, team(user_271_lunch, quesadilla_copycat)
pos, 0.8807961917687175, team(user_108_brunch, water)
pos, 0.8807961917687175, team(user_77_brunch, crunchwrap_supreme_copycat)
pos, 0.8807961917687175, team(user_478_lunch, cranberry_juice)
pos, 0.8807961917687175, team(user_301_snacks, peekaboo_sugar_eggs)
pos, 0.8807961917687175, team(user_296_lunch, cranberry_juice)
pos, 0.8807961917687175, team(user_186_dinner, chocolate_peanut_butter)
pos, 0.8807961917687175, team(user_84_dinner, chai_latte)
pos, 0.8807961917687175, team(user_186_dinner, iced_tea)
pos, 0.8807961917687175, team(user_30_breakfast, hot_chocolate)
pos, 0.8807961917687175, team(user_196_lunch, coconut_water)
pos, 0.8807961917687175, team(user_259_lunch, deviled_egg_salad)
pos, 0.8807961917687175, team(user_112_dinner, eggs_and_bacon_the_perfect_quick_paleo_meal)
pos, 0.8807961917687175, team(user_432_brunch, supremely_spicy_scrambled_eggs)
pos, 0.8807961917687175, team(user_83_lunch, tomato_juice)
pos, 0.8807961917687175, team(user_296_lunch, veggie_power_bowl)
pos, 0.8807961917687175, team(user_295_snacks, cola)
pos, 0.8807961917687175, team(user_226_lunch, bacon_asparagus_and_egg_bake)
pos, 0.8807961917687175, team(user_418_breakfast, fruit_punch)
pos, 0.8807961917687175, team(user_271_lunch, quarter_pounder)
pos, 0.8807961917687175, team(user_423_brunch, cranberry_juice)
pos, 0.8807961917687175, team(user_223_dinner, bakedfriedpan_fried_scotch_egg)
pos, 0.8807961917687175, team(user_31_lunch, water)
pos, 0.8807961917687175, team(user_347_lunch, lemonade)
pos, 0.8807961917687175, team(user_56_lunch, my_scotch_eggs)
pos, 0.8807961917687175, team(user_332_dinner, hot_tea)
pos, 0.8807961917687175, team(user_319_dinner, my_scotch_eggs)
pos, 0.8807961917687175, team(user_423_brunch, hot_chocolate)
pos, 0.8807961917687175, team(user_15_brunch, sweet_tea)
pos, 0.8807961917687175, team(user_16_brunch, eggs_and_bacon_the_perfect_quick_paleo_meal)
pos, 0.8807961917687175, team(user_220_breakfast, smoothie)
pos, 0.8807961917687175, team(user_97_breakfast, milk)
pos, 0.8807961917687175, team(user_240_breakfast, hot_chocolate)
pos, 0.8807961917687175, team(user_201_breakfast, eggs_and_bacon_the_perfect_quick_paleo_meal)
pos, 0.8807961917687175, team(user_84_dinner, sprite)
pos, 0.8807961917687175, team(user_213_brunch, smoothie)
pos, 0.8807961917687175, team(user_430_dinner, chai_latte)
pos, 0.8807961917687175, team(user_31_lunch, quarter_pounder)
pos, 0.8807961917687175, team(user_223_dinner, cranberry_juice)
pos, 0.8807961917687175, team(user_319_dinner, sweet_tea)
pos, 0.8807961917687175, team(user_271_lunch, ginger_ale)
pos, 0.8807961917687175, team(user_186_dinner, bacon_candy)
pos, 0.8807961917687175, team(user_431_brunch, iced_coffee)
pos, 0.8807961917687175, team(user_35_breakfast, cranberry_juice)
pos, 0.8807961917687175, team(user_328_brunch, quarter_pounder)
pos, 0.8807961917687175, team(user_184_snacks, ginger_ale)
pos, 0.8807961917687175, team(user_136_breakfast, egg_filled_bread_roll)
pos, 0.8807961917687175, team(user_319_dinner, cappuccino)
pos, 0.8807961917687175, team(user_357_lunch, cappuccino)
pos, 0.8807961917687175, team(user_301_snacks, cadbury_creme_egg_rolls)
pos, 0.8807961917687175, team(user_49_dinner, chai_latte)
pos, 0.8807961917687175, team(user_201_breakfast, lemonade)
pos, 0.8807961917687175, team(user_7_dinner, green_tea)
pos, 0.8807961917687175, team(user_59_snacks, lite_fried_okra)
pos, 0.8807961917687175, team(user_295_snacks, espresso)
pos, 0.8807961917687175, team(user_447_brunch, coconut_water)
pos, 0.8807961917687175, team(user_32_brunch, coffee)
pos, 0.8807961917687175, team(user_126_brunch, orange_juice)
pos, 0.8807961917687175, team(user_136_breakfast, blt_quarter_punder)
pos, 0.8807961917687175, team(user_8_lunch, sprite)
pos, 0.8807961917687175, team(user_16_brunch, espresso)
pos, 0.8807961917687175, team(user_131_snacks, delicious_chocolate_bark_recipe)
pos, 0.8807961917687175, team(user_104_brunch, supremely_spicy_scrambled_eggs)
pos, 0.8807961917687175, team(user_259_lunch, cola)
pos, 0.8807961917687175, team(user_8_lunch, egg_bundles)
pos, 0.8807961917687175, team(user_165_snacks, apple_pie)
pos, 0.8807961917687175, team(user_432_brunch, apple_juice)
pos, 0.8807961917687175, team(user_74_brunch, blt_quarter_punder)
pos, 0.8807961917687175, team(user_5_breakfast, fruit_punch)
pos, 0.8807961917687175, team(user_486_lunch, tomato_juice)
pos, 0.8807961917687175, team(user_253_dinner, deviled_egg_salad)
pos, 0.8807961917687175, team(user_15_brunch, egg_in_an_avocado_hole)
pos, 0.8807961917687175, team(user_170_breakfast, orange_juice)
pos, 0.8807961917687175, team(user_165_snacks, milk)
pos, 0.8807961917687175, team(user_49_dinner, soft_taco_beef)
pos, 0.8807961917687175, team(user_271_lunch, pumpkin_soup)
pos, 0.8807961917687175, team(user_168_brunch, cheesy_bean_rice_burrito)
pos, 0.8807961917687175, team(user_283_brunch, egg_mcmuffin)
pos, 0.8807961917687175, team(user_240_breakfast, coconut_water)
pos, 0.8807961917687175, team(user_189_breakfast, coconut_water)
pos, 0.8807961917687175, team(user_485_lunch, apple_juice)
pos, 0.8807961917687175, team(user_276_brunch, egg_filled_bread_roll)
pos, 0.8807961917687175, team(user_343_snacks, iced_coffee)
pos, 0.8807961917687175, team(user_356_breakfast, hot_chocolate)
pos, 0.8807961917687175, team(user_328_brunch, chai_latte)
pos, 0.8807961917687175, team(user_64_lunch, sprite)
pos, 0.8807961917687175, team(user_253_dinner, supremely_spicy_scrambled_eggs)
pos, 0.8807961917687175, team(user_485_lunch, quesadilla_copycat)
pos, 0.8807961917687175, team(user_97_breakfast, egg_filled_bread_roll)
pos, 0.8807961917687175, team(user_55_lunch, sweet_tea)
pos, 0.8807961917687175, team(user_441_snacks, caramel_cappucino)
pos, 0.8807961917687175, team(user_32_brunch, ginger_ale)
pos, 0.8807961917687175, team(user_390_dinner, apple_juice)
pos, 0.8807961917687175, team(user_15_brunch, pepsi)
pos, 0.8807961917687175, team(user_55_lunch, mcdonalds_bacon_ranch_mccrispy)
pos, 0.8807961917687175, team(user_170_breakfast, cranberry_juice)
pos, 0.8807961917687175, team(user_212_brunch, egg_drop_chicken_noodle_soup)
pos, 0.8807961917687175, team(user_240_breakfast, espresso)
pos, 0.8807961917687175, team(user_116_dinner, breakfast_burrito)
pos, 0.8807961917687175, team(user_37_brunch, pepsi)
pos, 0.8807961917687175, team(user_334_breakfast, cola)
pos, 0.8807961917687175, team(user_377_brunch, sweet_tea)
pos, 0.8807961917687175, team(user_331_brunch, black_bean_chalupa_copycat)
pos, 0.8807961917687175, team(user_262_dinner, pumpkin_soup)
pos, 0.8807961917687175, team(user_412_dinner, crunchwrap_supreme_copycat)
pos, 0.8807961917687175, team(user_418_breakfast, smoothie)
pos, 0.8807961917687175, team(user_208_breakfast, egg_in_an_avocado_hole)
pos, 0.8807961917687175, team(user_116_dinner, pumpkin_soup)
pos, 0.8807961917687175, team(user_447_brunch, sprite)
pos, 0.8807961917687175, team(user_234_lunch, sweet_tea)
pos, 0.8807961917687175, team(user_293_breakfast, tomato_juice)
pos, 0.8807961917687175, team(user_215_dinner, 2_ingredient_avocado_egg_salad)
pos, 0.8807961917687175, team(user_203_brunch, sweet_tea)
pos, 0.8807961917687175, team(user_360_lunch, sprite)
pos, 0.8807961917687175, team(user_112_dinner, tomato_juice)
pos, 0.8807961917687175, team(user_431_brunch, deviled_eggs_with_smoked_salmon_and_capers)
pos, 0.8807961917687175, team(user_377_brunch, veggie_power_bowl)
pos, 0.8807961917687175, team(user_418_breakfast, iced_coffee)
pos, 0.8807961917687175, team(user_11_lunch, deviled_eggs_with_smoked_salmon_and_capers)
pos, 0.8807961917687175, team(user_223_dinner, egg_filled_bread_roll)
pos, 0.8807961917687175, team(user_59_snacks, green_tea)
pos, 0.8807961917687175, team(user_317_lunch, smoothie)
pos, 0.8807961917687175, team(user_296_lunch, bean_burrito_copycat)
pos, 0.8807961917687175, team(user_468_snacks, cadbury_creme_egg_rolls)
pos, 0.8807961917687175, team(user_83_lunch, apple_juice)
pos, 0.8807961917687175, team(user_7_dinner, cola)
pos, 0.8807961917687175, team(user_356_breakfast, how_to_make_egg_omelettes)
pos, 0.8807961917687175, team(user_5_breakfast, iced_coffee)
pos, 0.8807961917687175, team(user_271_lunch, apple_juice)
pos, 0.8807961917687175, team(user_178_brunch, pepsi)
pos, 0.8807961917687175, team(user_447_brunch, tomato_juice)
pos, 0.8807961917687175, team(user_131_snacks, almond_milk)
pos, 0.8807961917687175, team(user_208_breakfast, iced_coffee)
pos, 0.8807961917687175, team(user_430_dinner, cappuccino)
pos, 0.8807961917687175, team(user_45_breakfast, egg_bundles)
pos, 0.8807961917687175, team(user_435_lunch, big_mac)
pos, 0.8807961917687175, team(user_297_breakfast, milk)
pos, 0.8807961917687175, team(user_317_lunch, veggie_power_bowl)
pos, 0.8807961917687175, team(user_447_brunch, hot_tea)
pos, 0.8807961917687175, team(user_291_snacks, dinosaur_inspired_by_mikeasaurus)
pos, 0.8807961917687175, team(user_289_snacks, apple_juice)
pos, 0.8807961917687175, team(user_14_lunch, apple_juice)
pos, 0.8807961917687175, team(user_332_dinner, black_bean_chalupa_copycat)
pos, 0.8807961917687175, team(user_390_dinner, black_bean_chalupa_copycat)
pos, 0.8807961917687175, team(user_430_dinner, supremely_spicy_scrambled_eggs)
pos, 0.8807961917687175, team(user_116_dinner, quarter_pounder)
pos, 0.8807961917687175, team(user_486_lunch, bunny_egg_salad)
pos, 0.8807961917687175, team(user_8_lunch, coffee)
pos, 0.8807961917687175, team(user_7_dinner, how_to_make_egg_salad)
pos, 0.8807961917687175, team(user_253_dinner, orange_juice)
pos, 0.8807961917687175, team(user_441_snacks, iced_tea)
pos, 0.8807961917687175, team(user_180_lunch, iced_tea)
pos, 0.8807961917687175, team(user_296_lunch, milk)
pos, 0.8807961917687175, team(user_131_snacks, hot_chocolate)
pos, 0.8807961917687175, team(user_16_brunch, green_tea)
pos, 0.8807961917687175, team(user_418_breakfast, almond_milk)
pos, 0.8807961917687175, team(user_377_brunch, almond_milk)
pos, 0.8807961917687175, team(user_357_lunch, soft_taco_beef)
pos, 0.8807961917687175, team(user_347_lunch, cranberry_juice)
pos, 0.8807961917687175, team(user_164_breakfast, veggie_power_bowl)
pos, 0.8807961917687175, team(user_297_breakfast, chai_latte)
pos, 0.8807961917687175, team(user_112_dinner, dinosaur_inspired_by_mikeasaurus)
pos, 0.8807961917687175, team(user_136_breakfast, milk)
pos, 0.8807961917687175, team(user_261_breakfast, cheesy_gordita_crunch_copycat)
pos, 0.8807961917687175, team(user_223_dinner, deviled_egg_salad)
pos, 0.8807961917687175, team(user_412_dinner, supremely_spicy_scrambled_eggs)
pos, 0.8807961917687175, team(user_356_breakfast, tea)
pos, 0.8807961917687175, team(user_32_brunch, iced_coffee)
pos, 0.8807961917687175, team(user_357_lunch, hot_chocolate)
pos, 0.8807961917687175, team(user_262_dinner, my_scotch_eggs)
pos, 0.8807961917687175, team(user_292_brunch, egg_mcmuffin)
pos, 0.8807961917687175, team(user_11_lunch, coffee)
pos, 0.8807961917687175, team(user_141_dinner, hot_chocolate)
pos, 0.8807961917687175, team(user_261_breakfast, coconut_water)
pos, 0.8807961917687175, team(user_224_breakfast, sprite)
pos, 0.8807961917687175, team(user_377_brunch, sprite)
pos, 0.8807961917687175, team(user_331_brunch, ginger_ale)
pos, 0.8807961917687175, team(user_254_breakfast, eggs_and_bacon_the_perfect_quick_paleo_meal)
pos, 0.8807961917687175, team(user_102_snacks, cola)
pos, 0.8807961917687175, team(user_180_lunch, egg_drop_chicken_noodle_soup)
pos, 0.8807961917687175, team(user_316_breakfast, orange_juice)
pos, 0.8807961917687175, team(user_14_lunch, cheesy_gordita_crunch_copycat)
pos, 0.8807961917687175, team(user_271_lunch, how_to_make_egg_omelettes)
pos, 0.8807961917687175, team(user_55_lunch, veggie_power_bowl)
pos, 0.8807961917687175, team(user_417_snacks, chocolate_peanut_butter)
pos, 0.8807961917687175, team(user_486_lunch, smoothie)
pos, 0.8807961917687175, team(user_238_snacks, cranberry_juice)
pos, 0.8807961917687175, team(user_415_dinner, coffee)
pos, 0.8807961917687175, team(user_357_lunch, egg_drop_chicken_noodle_soup)
pos, 0.8807961917687175, team(user_166_snacks, hot_chocolate)
pos, 0.8807961917687175, team(user_45_breakfast, maple_oatmeal)
pos, 0.8807961917687175, team(user_261_breakfast, bean_burrito_copycat)
pos, 0.8807961917687175, team(user_472_snacks, ginger_ale)
pos, 0.8807961917687175, team(user_108_brunch, chai_latte)
pos, 0.8807961917687175, team(user_360_lunch, veggie_power_bowl)
pos, 0.8807961917687175, team(user_224_breakfast, egg_bundles)
pos, 0.8807961917687175, team(user_198_brunch, sweet_tea)
pos, 0.8807961917687175, team(user_361_dinner, green_tea)
pos, 0.8807961917687175, team(user_259_lunch, black_bean_chalupa_copycat)
pos, 0.8807961917687175, team(user_55_lunch, how_to_make_egg_omelettes)
pos, 0.8807961917687175, team(user_451_lunch, blt_quarter_punder)
pos, 0.8807961917687175, team(user_112_dinner, iced_coffee)
pos, 0.8807961917687175, team(user_314_snacks, water)
pos, 0.8807961917687175, team(user_328_brunch, egg_in_an_avocado_hole)
pos, 0.8807961917687175, team(user_356_breakfast, egg_bundles)
pos, 0.8807961917687175, team(user_261_breakfast, bacon_and_egg_pie)
pos, 0.8807961917687175, team(user_84_dinner, tomato_juice)
pos, 0.8807961917687175, team(user_180_lunch, nacho_bell_grande_beef)
pos, 0.8807961917687175, team(user_297_breakfast, sweet_tea)
pos, 0.8807961917687175, team(user_463_dinner, ginger_ale)
pos, 0.8807961917687175, team(user_223_dinner, maple_oatmeal)
pos, 0.8807961917687175, team(user_336_breakfast, my_scotch_eggs)
pos, 0.8807961917687175, team(user_30_breakfast, tea)
pos, 0.8807961917687175, team(user_462_breakfast, fruit_punch)
pos, 0.8807961917687175, team(user_289_snacks, fruit_punch)
pos, 0.8807961917687175, team(user_276_brunch, almond_milk)
pos, 0.8807961917687175, team(user_302_lunch, quarter_pounder)
pos, 0.8807961917687175, team(user_8_lunch, tomato_juice)
pos, 0.8807961917687175, team(user_60_snacks, ginger_ale)
pos, 0.8807961917687175, team(user_293_breakfast, sweet_tea)
pos, 0.8807961917687175, team(user_104_brunch, bacon_candy)
neg, 0.06044194816773739, team(user_16_brunch, quarter_pounder)
neg, 0.06044194816773739, team(user_316_breakfast, black_bean_chalupa_copycat)
neg, 0.06044194816773739, team(user_184_snacks, apple_pie)
neg, 0.06044194816773739, team(user_64_lunch, black_bean_chalupa_copycat)
neg, 0.06044194816773739, team(user_403_snacks, mcdonalds_bacon_ranch_mccrispy)
neg, 0.06044194816773739, team(user_302_lunch, apple_pie)
neg, 0.06044194816773739, team(user_224_breakfast, bacon_candy)
neg, 0.06044194816773739, team(user_152_snacks, egg_drop_chicken_noodle_soup)
neg, 0.06044194816773739, team(user_164_breakfast, lite_fried_okra)
neg, 0.06044194816773739, team(user_224_breakfast, honey_vanilla_almond_cake)
neg, 0.06044194816773739, team(user_492_dinner, peekaboo_sugar)
neg, 0.06044194816773739, team(user_156_snacks, 2_ingredient_avocado_egg_salad)
neg, 0.06044194816773739, team(user_164_breakfast, peekaboo_sugar)
neg, 0.06044194816773739, team(user_213_brunch, caramel_nut_tart)
neg, 0.06044194816773739, team(user_196_lunch, caramel_nut_tart)
neg, 0.06044194816773739, team(user_432_brunch, veggie_power_bowl)
neg, 0.06044194816773739, team(user_56_lunch, cadbury_creme_egg_rolls)
neg, 0.06044194816773739, team(user_2_snacks, how_to_make_chinese_egg_tarts)
neg, 0.06044194816773739, team(user_264_snacks, egg_drop_chicken_noodle_soup)
neg, 0.06044194816773739, team(user_17_brunch, pumpkin_soup)
neg, 0.06044194816773739, team(user_152_snacks, egg_in_an_avocado_hole)
neg, 0.06044194816773739, team(user_329_snacks, big_mac)
neg, 0.06044194816773739, team(user_159_lunch, bacon_and_egg_pie)
neg, 0.06044194816773739, team(user_59_snacks, bean_burrito_copycat)
neg, 0.06044194816773739, team(user_82_snacks, egg_in_an_avocado_hole)
neg, 0.06044194816773739, team(user_166_snacks, chocolate_peanut_butter)
neg, 0.06044194816773739, team(user_329_snacks, cheesy_bean_rice_burrito)
neg, 0.06044194816773739, team(user_441_snacks, delicious_chocolate_bark_recipe)
neg, 0.06044194816773739, team(user_127_brunch, mini_egg_pie)
neg, 0.06044194816773739, team(user_347_lunch, apple_pie)
neg, 0.06044194816773739, team(user_343_snacks, egg_bundles)
neg, 0.06044194816773739, team(user_77_brunch, bacon_candy)
neg, 0.06044194816773739, team(user_312_breakfast, caramel_nut_tart)
neg, 0.06044194816773739, team(user_166_snacks, quesadilla_copycat)
neg, 0.06044194816773739, team(user_336_breakfast, cheesy_gordita_crunch_copycat)
neg, 0.06044194816773739, team(user_16_brunch, apple_pie)
neg, 0.06044194816773739, team(user_336_breakfast, how_to_make_chinese_egg_tarts)
neg, 0.06044194816773739, team(user_104_brunch, honey_vanilla_almond_cake)
neg, 0.06044194816773739, team(user_441_snacks, cheesy_bean_rice_burrito)
neg, 0.06044194816773739, team(user_71_lunch, german_rhubarb_cake_with_meringue_topping_omas_rhabarberkuchen_mit_baiser)
neg, 0.06044194816773739, team(user_403_snacks, mini_egg_pie)
neg, 0.06044194816773739, team(user_64_lunch, nacho_bell_grande_beef)
neg, 0.06044194816773739, team(user_152_snacks, egg_mcmuffin)
neg, 0.06044194816773739, team(user_336_breakfast, mcdonalds_bacon_ranch_mccrispy)
neg, 0.06044194816773739, team(user_234_lunch, apple_pie)
neg, 0.06044194816773739, team(user_57_snacks, 2_ingredient_avocado_egg_salad)
neg, 0.06044194816773739, team(user_271_lunch, chocolate_peanut_butter)
neg, 0.06044194816773739, team(user_374_breakfast, peekaboo_sugar_eggs)
neg, 0.06044194816773739, team(user_102_snacks, big_mac)
neg, 0.06044194816773739, team(user_450_snacks, sweet_tea)
neg, 0.06044194816773739, team(user_220_breakfast, chocolate_peanut_butter)
neg, 0.06044194816773739, team(user_418_breakfast, german_rhubarb_cake_with_meringue_topping_omas_rhabarberkuchen_mit_baiser)
neg, 0.06044194816773739, team(user_158_snacks, quarter_pounder)
neg, 0.06044194816773739, team(user_159_lunch, nacho_bell_grande_beef)
neg, 0.06044194816773739, team(user_259_lunch, cadbury_creme_egg_rolls)
neg, 0.06044194816773739, team(user_295_snacks, egg_in_an_avocado_hole)
neg, 0.06044194816773739, team(user_184_snacks, bunny_egg_salad)
neg, 0.06044194816773739, team(user_156_snacks, egg_mcmuffin)
neg, 0.06044194816773739, team(user_410_snacks, chocolate_peanut_butter)
neg, 0.06044194816773739, team(user_156_snacks, blt_quarter_punder)
neg, 0.06044194816773739, team(user_370_brunch, deviled_eggs_with_smoked_salmon_and_capers)
neg, 0.06044194816773739, team(user_371_brunch, deviled_eggs_with_smoked_salmon_and_capers)
neg, 0.06044194816773739, team(user_293_breakfast, bacon_candy)
neg, 0.06044194816773739, team(user_2_snacks, chocolate_peanut_butter)
neg, 0.06044194816773739, team(user_331_brunch, peekaboo_sugar_eggs)
neg, 0.06044194816773739, team(user_234_lunch, how_to_make_chinese_egg_tarts)
neg, 0.06044194816773739, team(user_82_snacks, sweet_tea)
neg, 0.06044194816773739, team(user_486_lunch, dinosaur_inspired_by_mikeasaurus)
neg, 0.06044194816773739, team(user_291_snacks, big_mac)
neg, 0.06044194816773739, team(user_202_brunch, bunny_egg_salad)
neg, 0.06044194816773739, team(user_271_lunch, bacon_candy)
neg, 0.06044194816773739, team(user_74_brunch, quesadilla_copycat)
neg, 0.06044194816773739, team(user_475_snacks, mcgriddle)
neg, 0.06044194816773739, team(user_314_snacks, bacon_asparagus_and_egg_bake)
neg, 0.06044194816773739, team(user_217_breakfast, cheesy_gordita_crunch_copycat)
neg, 0.06044194816773739, team(user_138_brunch, how_to_make_chinese_egg_tarts)
neg, 0.06044194816773739, team(user_432_brunch, black_bean_chalupa_copycat)
neg, 0.06044194816773739, team(user_168_brunch, how_to_make_chinese_egg_tarts)
neg, 0.06044194816773739, team(user_329_snacks, 2_ingredient_avocado_egg_salad)
neg, 0.06044194816773739, team(user_159_lunch, my_scotch_eggs)
neg, 0.06044194816773739, team(user_119_brunch, how_to_make_egg_salad)
neg, 0.06044194816773739, team(user_475_snacks, big_mac)
neg, 0.06044194816773739, team(user_14_lunch, peekaboo_sugar_eggs)
neg, 0.06044194816773739, team(user_196_lunch, peekaboo_sugar)
neg, 0.06044194816773739, team(user_410_snacks, bacon_and_egg_pie)
neg, 0.06044194816773739, team(user_264_snacks, veggie_power_bowl)
neg, 0.06044194816773739, team(user_343_snacks, caramel_nut_tart)
neg, 0.06044194816773739, team(user_343_snacks, peekaboo_sugar_eggs)
neg, 0.06044194816773739, team(user_159_lunch, how_to_make_egg_omelettes)
neg, 0.06044194816773739, team(user_271_lunch, how_to_make_chinese_egg_tarts)
neg, 0.06044194816773739, team(user_17_brunch, baklava)
neg, 0.06044194816773739, team(user_45_breakfast, how_to_make_egg_salad)
neg, 0.06044194816773739, team(user_152_snacks, bakedfriedpan_fried_scotch_egg)
neg, 0.06044194816773739, team(user_56_lunch, bacon_candy)
neg, 0.06044194816773739, team(user_114_snacks, supremely_spicy_scrambled_eggs)
neg, 0.06044194816773739, team(user_166_snacks, crunchwrap_supreme_copycat)
neg, 0.06044194816773739, team(user_16_brunch, cheesy_bean_rice_burrito)
neg, 0.06044194816773739, team(user_165_snacks, mcdonalds_bacon_ranch_mccrispy)
neg, 0.06044194816773739, team(user_184_snacks, quesadilla_copycat)
neg, 0.06044194816773739, team(user_138_brunch, caramel_nut_tart)
neg, 0.06044194816773739, team(user_165_snacks, eggs_and_bacon_the_perfect_quick_paleo_meal)
neg, 0.06044194816773739, team(user_119_brunch, bacon_candy)
neg, 0.06044194816773739, team(user_196_lunch, apple_pie)
neg, 0.06044194816773739, team(user_441_snacks, eggs_and_bacon_the_perfect_quick_paleo_meal)
neg, 0.06044194816773739, team(user_302_lunch, delicious_chocolate_bark_recipe)
neg, 0.06044194816773739, team(user_97_breakfast, quesadilla_copycat)
neg, 0.06044194816773739, team(user_283_brunch, bean_burrito_copycat)
neg, 0.06044194816773739, team(user_427_brunch, soft_taco_beef)
neg, 0.06044194816773739, team(user_264_snacks, egg_filled_bread_roll)
neg, 0.06044194816773739, team(user_417_snacks, 2_ingredient_avocado_egg_salad)
neg, 0.06044194816773739, team(user_16_brunch, black_bean_chalupa_copycat)
neg, 0.06044194816773739, team(user_56_lunch, baklava)
neg, 0.06044194816773739, team(user_259_lunch, apple_pie)
neg, 0.06044194816773739, team(user_415_dinner, german_rhubarb_cake_with_meringue_topping_omas_rhabarberkuchen_mit_baiser)
neg, 0.06044194816773739, team(user_83_lunch, how_to_make_chinese_egg_tarts)
neg, 0.06044194816773739, team(user_97_breakfast, cheesy_gordita_crunch_copycat)
neg, 0.06044194816773739, team(user_417_snacks, cranberry_juice)
neg, 0.06044194816773739, team(user_312_breakfast, chocolate_peanut_butter)
neg, 0.06044194816773739, team(user_438_snacks, crunchwrap_supreme_copycat)
neg, 0.06044194816773739, team(user_184_snacks, bakedfriedpan_fried_scotch_egg)
neg, 0.06044194816773739, team(user_374_breakfast, 2_ingredient_avocado_egg_salad)
neg, 0.06044194816773739, team(user_166_snacks, caramel_nut_tart)
neg, 0.06044194816773739, team(user_297_breakfast, how_to_make_egg_salad)
neg, 0.06044194816773739, team(user_271_lunch, baklava)
neg, 0.06044194816773739, team(user_138_brunch, peekaboo_sugar)
neg, 0.06044194816773739, team(user_293_breakfast, how_to_make_egg_salad)
neg, 0.06044194816773739, team(user_77_brunch, bunny_egg_salad)
neg, 0.06044194816773739, team(user_418_breakfast, apple_pie)
neg, 0.06044194816773739, team(user_329_snacks, how_to_make_egg_omelettes)
neg, 0.06044194816773739, team(user_347_lunch, soft_taco_beef)
neg, 0.06044194816773739, team(user_226_lunch, peekaboo_sugar)
neg, 0.06044194816773739, team(user_165_snacks, egg_mcmuffin)
neg, 0.06044194816773739, team(user_296_lunch, apple_pie)
neg, 0.06044194816773739, team(user_16_brunch, quesadilla_copycat)
neg, 0.06044194816773739, team(user_82_snacks, my_scotch_eggs)
neg, 0.06044194816773739, team(user_292_brunch, bean_burrito_copycat)
neg, 0.06044194816773739, team(user_184_snacks, lite_fried_okra)
neg, 0.06044194816773739, team(user_289_snacks, quarter_pounder)
neg, 0.06044194816773739, team(user_226_lunch, baklava)
neg, 0.06044194816773739, team(user_60_snacks, apple_pie)
neg, 0.06044194816773739, team(user_468_snacks, cheesy_gordita_crunch_copycat)
neg, 0.06044194816773739, team(user_422_lunch, honey_vanilla_almond_cake)
neg, 0.06044194816773739, team(user_166_snacks, big_mac)
neg, 0.06044194816773739, team(user_462_breakfast, big_mac)
neg, 0.06044194816773739, team(user_119_brunch, bunny_egg_salad)
neg, 0.06044194816773739, team(user_241_brunch, pumpkin_soup)
neg, 0.06044194816773739, team(user_468_snacks, ginger_ale)
neg, 0.06044194816773739, team(user_114_snacks, mcdonalds_bacon_ranch_mccrispy)
neg, 0.06044194816773739, team(user_367_breakfast, black_bean_chalupa_copycat)
neg, 0.06044194816773739, team(user_403_snacks, breakfast_burrito)
neg, 0.06044194816773739, team(user_383_brunch, peekaboo_sugar_eggs)
neg, 0.06044194816773739, team(user_57_snacks, bacon_and_egg_pie)
neg, 0.06044194816773739, team(user_283_brunch, honey_vanilla_almond_cake)
neg, 0.06044194816773739, team(user_238_snacks, bacon_asparagus_and_egg_bake)
neg, 0.06044194816773739, team(user_418_breakfast, how_to_make_chinese_egg_tarts)
neg, 0.06044194816773739, team(user_462_breakfast, baklava)
neg, 0.06044194816773739, team(user_417_snacks, bakedfriedpan_fried_scotch_egg)
neg, 0.06044194816773739, team(user_472_snacks, egg_filled_bread_roll)
neg, 0.06044194816773739, team(user_328_brunch, peekaboo_sugar)
neg, 0.06044194816773739, team(user_256_brunch, how_to_make_chinese_egg_tarts)
neg, 0.06044194816773739, team(user_64_lunch, dinosaur_inspired_by_mikeasaurus)
neg, 0.06044194816773739, team(user_102_snacks, egg_bundles)
neg, 0.06044194816773739, team(user_312_breakfast, deviled_egg_salad)
neg, 0.06044194816773739, team(user_136_breakfast, peekaboo_sugar_eggs)
neg, 0.06044194816773739, team(user_478_lunch, bacon_asparagus_and_egg_bake)
neg, 0.06044194816773739, team(user_374_breakfast, mini_egg_pie)
neg, 0.06044194816773739, team(user_256_brunch, peekaboo_sugar_eggs)
neg, 0.06044194816773739, team(user_312_breakfast, quesadilla_copycat)
neg, 0.06044194816773739, team(user_127_brunch, cadbury_creme_egg_rolls)
neg, 0.06044194816773739, team(user_251_lunch, how_to_make_egg_omelettes)
neg, 0.06044194816773739, team(user_189_breakfast, baklava)
neg, 0.06044194816773739, team(user_224_breakfast, deviled_eggs_with_smoked_salmon_and_capers)
neg, 0.06044194816773739, team(user_276_brunch, cheesy_gordita_crunch_copycat)
neg, 0.06044194816773739, team(user_370_brunch, peekaboo_sugar)
neg, 0.06044194816773739, team(user_417_snacks, crunchy_taco)
neg, 0.06044194816773739, team(user_178_brunch, bean_burrito_copycat)
neg, 0.06044194816773739, team(user_451_lunch, how_to_make_chinese_egg_tarts)
neg, 0.06044194816773739, team(user_251_lunch, cadbury_creme_egg_rolls)
neg, 0.06044194816773739, team(user_403_snacks, cadbury_creme_egg_rolls)
neg, 0.06044194816773739, team(user_468_snacks, chai_latte)
neg, 0.06044194816773739, team(user_374_breakfast, how_to_make_chinese_egg_tarts)
neg, 0.06044194816773739, team(user_447_brunch, how_to_make_chinese_egg_tarts)
neg, 0.06044194816773739, team(user_131_snacks, crunchy_taco)
neg, 0.06044194816773739, team(user_241_brunch, apple_pie)
neg, 0.06044194816773739, team(user_102_snacks, quarter_pounder)
neg, 0.06044194816773739, team(user_431_brunch, cadbury_creme_egg_rolls)
neg, 0.06044194816773739, team(user_417_snacks, soft_taco_beef)
neg, 0.06044194816773739, team(user_370_brunch, deviled_egg_salad)
neg, 0.06044194816773739, team(user_431_brunch, cheesy_bean_rice_burrito)
neg, 0.06044194816773739, team(user_213_brunch, nacho_bell_grande_beef)
neg, 0.06044194816773739, team(user_198_brunch, apple_pie)
neg, 0.06044194816773739, team(user_241_brunch, quesadilla_copycat)
neg, 0.06044194816773739, team(user_165_snacks, 2_ingredient_avocado_egg_salad)
neg, 0.06044194816773739, team(user_296_lunch, lite_fried_okra)
neg, 0.06044194816773739, team(user_371_brunch, black_bean_chalupa_copycat)
neg, 0.06044194816773739, team(user_314_snacks, soft_taco_beef)
neg, 0.06044194816773739, team(user_82_snacks, cheesy_bean_rice_burrito)
neg, 0.06044194816773739, team(user_202_brunch, apple_pie)
neg, 0.06044194816773739, team(user_74_brunch, nacho_bell_grande_beef)
neg, 0.06044194816773739, team(user_198_brunch, cheesy_gordita_crunch_copycat)
neg, 0.06044194816773739, team(user_114_snacks, bean_burrito_copycat)
neg, 0.06044194816773739, team(user_371_brunch, big_mac)
neg, 0.06044194816773739, team(user_329_snacks, bacon_asparagus_and_egg_bake)
neg, 0.06044194816773739, team(user_431_brunch, baklava)
neg, 0.06044194816773739, team(user_347_lunch, lite_fried_okra)
neg, 0.06044194816773739, team(user_138_brunch, lite_fried_okra)
neg, 0.06044194816773739, team(user_334_breakfast, chocolate_peanut_butter)
neg, 0.06044194816773739, team(user_383_brunch, cadbury_creme_egg_rolls)
neg, 0.06044194816773739, team(user_202_brunch, chocolate_peanut_butter)
neg, 0.06044194816773739, team(user_184_snacks, bacon_candy)
neg, 0.06044194816773739, team(user_253_dinner, cadbury_creme_egg_rolls)
neg, 0.06044194816773739, team(user_372_dinner, honey_vanilla_almond_cake)
neg, 0.06044194816773739, team(user_37_brunch, how_to_make_egg_salad)
neg, 0.06044194816773739, team(user_104_brunch, nacho_bell_grande_beef)
neg, 0.06044194816773739, team(user_475_snacks, quarter_pounder)
neg, 0.06044194816773739, team(user_264_snacks, supremely_spicy_scrambled_eggs)
neg, 0.06044194816773739, team(user_336_breakfast, nacho_bell_grande_beef)
neg, 0.06044194816773739, team(user_271_lunch, deviled_egg_salad)
neg, 0.06044194816773739, team(user_2_snacks, quesadilla_copycat)
neg, 0.06044194816773739, team(user_285_dinner, honey_vanilla_almond_cake)
neg, 0.06044194816773739, team(user_367_breakfast, peekaboo_sugar)
neg, 0.06044194816773739, team(user_435_lunch, dinosaur_inspired_by_mikeasaurus)
neg, 0.06044194816773739, team(user_462_breakfast, pumpkin_soup)
neg, 0.06044194816773739, team(user_450_snacks, hot_tea)
neg, 0.06044194816773739, team(user_468_snacks, black_bean_chalupa_copycat)
neg, 0.06044194816773739, team(user_370_brunch, cadbury_creme_egg_rolls)
neg, 0.06044194816773739, team(user_16_brunch, veggie_power_bowl)
neg, 0.06044194816773739, team(user_347_lunch, how_to_make_egg_omelettes)
neg, 0.06044194816773739, team(user_374_breakfast, caramel_nut_tart)
neg, 0.06044194816773739, team(user_438_snacks, bunny_egg_salad)
neg, 0.06044194816773739, team(user_450_snacks, egg_mcmuffin)
neg, 0.06044194816773739, team(user_417_snacks, egg_bundles)
neg, 0.06044194816773739, team(user_347_lunch, cadbury_creme_egg_rolls)
neg, 0.06044194816773739, team(user_292_brunch, veggie_power_bowl)
neg, 0.06044194816773739, team(user_60_snacks, delicious_chocolate_bark_recipe)
neg, 0.06044194816773739, team(user_319_dinner, peekaboo_sugar)
neg, 0.06044194816773739, team(user_298_lunch, baklava)
neg, 0.06044194816773739, team(user_276_brunch, quarter_pounder)
neg, 0.06044194816773739, team(user_292_brunch, big_mac)
neg, 0.06044194816773739, team(user_241_brunch, mcdonalds_bacon_ranch_mccrispy)
neg, 0.06044194816773739, team(user_438_snacks, cheesy_bean_rice_burrito)
neg, 0.06044194816773739, team(user_289_snacks, eggs_and_bacon_the_perfect_quick_paleo_meal)
neg, 0.06044194816773739, team(user_57_snacks, egg_mcmuffin)
neg, 0.06044194816773739, team(user_403_snacks, how_to_make_chinese_egg_tarts)
neg, 0.06044194816773739, team(user_74_brunch, pumpkin_soup)
neg, 0.06044194816773739, team(user_427_brunch, german_rhubarb_cake_with_meringue_topping_omas_rhabarberkuchen_mit_baiser)
neg, 0.06044194816773739, team(user_114_snacks, lite_fried_okra)
neg, 0.06044194816773739, team(user_102_snacks, black_bean_chalupa_copycat)
neg, 0.06044194816773739, team(user_371_brunch, lite_fried_okra)
neg, 0.06044194816773739, team(user_104_brunch, cheesy_gordita_crunch_copycat)
neg, 0.06044194816773739, team(user_259_lunch, delicious_chocolate_bark_recipe)
neg, 0.06044194816773739, team(user_77_brunch, lite_fried_okra)
neg, 0.06044194816773739, team(user_261_breakfast, baklava)
neg, 0.06044194816773739, team(user_2_snacks, cadbury_creme_egg_rolls)
neg, 0.06044194816773739, team(user_32_brunch, 2_ingredient_avocado_egg_salad)
neg, 0.06044194816773739, team(user_203_brunch, honey_vanilla_almond_cake)
neg, 0.06044194816773739, team(user_356_breakfast, dinosaur_inspired_by_mikeasaurus)
neg, 0.06044194816773739, team(user_8_lunch, 2_ingredient_avocado_egg_salad)
neg, 0.06044194816773739, team(user_74_brunch, delicious_chocolate_bark_recipe)
neg, 0.06044194816773739, team(user_180_lunch, how_to_make_chinese_egg_tarts)
neg, 0.06044194816773739, team(user_32_brunch, how_to_make_egg_salad)
neg, 0.06044194816773739, team(user_32_brunch, peekaboo_sugar_eggs)
neg, 0.06044194816773739, team(user_254_breakfast, bacon_candy)
neg, 0.06044194816773739, team(user_336_breakfast, quesadilla_copycat)
neg, 0.06044194816773739, team(user_262_dinner, chocolate_peanut_butter)
neg, 0.06044194816773739, team(user_486_lunch, egg_mcmuffin)
neg, 0.06044194816773739, team(user_475_snacks, chai_latte)
neg, 0.06044194816773739, team(user_119_brunch, deviled_eggs_with_smoked_salmon_and_capers)
neg, 0.06044194816773739, team(user_283_brunch, how_to_make_chinese_egg_tarts)
neg, 0.06044194816773739, team(user_316_breakfast, chocolate_peanut_butter)
neg, 0.06044194816773739, team(user_289_snacks, egg_filled_bread_roll)
neg, 0.06044194816773739, team(user_184_snacks, black_bean_chalupa_copycat)
neg, 0.06044194816773739, team(user_475_snacks, crunchy_taco)
neg, 0.06044194816773739, team(user_166_snacks, cheesy_bean_rice_burrito)
neg, 0.06044194816773739, team(user_168_brunch, mini_egg_pie)
neg, 0.06044194816773739, team(user_298_lunch, german_rhubarb_cake_with_meringue_topping_omas_rhabarberkuchen_mit_baiser)
neg, 0.06044194816773739, team(user_189_breakfast, 2_ingredient_avocado_egg_salad)
neg, 0.06044194816773739, team(user_254_breakfast, delicious_chocolate_bark_recipe)
neg, 0.06044194816773739, team(user_238_snacks, eggs_and_bacon_the_perfect_quick_paleo_meal)
neg, 0.06044194816773739, team(user_57_snacks, cappuccino)
neg, 0.06044194816773739, team(user_64_lunch, delicious_chocolate_bark_recipe)
neg, 0.06044194816773739, team(user_45_breakfast, baklava)
neg, 0.06044194816773739, team(user_180_lunch, cadbury_creme_egg_rolls)
neg, 0.06044194816773739, team(user_403_snacks, crunchwrap_supreme_copycat)
neg, 0.06044194816773739, team(user_296_lunch, deviled_eggs_with_smoked_salmon_and_capers)
neg, 0.06044194816773739, team(user_126_brunch, how_to_make_egg_salad)
neg, 0.06044194816773739, team(user_82_snacks, quesadilla_copycat)
neg, 0.06044194816773739, team(user_472_snacks, maple_oatmeal)
neg, 0.06044194816773739, team(user_301_snacks, egg_filled_bread_roll)
neg, 0.06044194816773739, team(user_189_breakfast, crunchwrap_supreme_copycat)
neg, 0.06044194816773739, team(user_367_breakfast, crunchy_taco)
neg, 0.06044194816773739, team(user_367_breakfast, big_mac)
neg, 0.06044194816773739, team(user_213_brunch, crunchy_taco)
neg, 0.06044194816773739, team(user_82_snacks, hot_tea)
neg, 0.06044194816773739, team(user_472_snacks, quarter_pounder)
neg, 0.06044194816773739, team(user_347_lunch, german_rhubarb_cake_with_meringue_topping_omas_rhabarberkuchen_mit_baiser)
neg, 0.06044194816773739, team(user_293_breakfast, how_to_make_chinese_egg_tarts)
neg, 0.06044194816773739, team(user_184_snacks, cheesy_gordita_crunch_copycat)
neg, 0.06044194816773739, team(user_383_brunch, bunny_egg_salad)
neg, 0.06044194816773739, team(user_15_brunch, mcdonalds_bacon_ranch_mccrispy)
neg, 0.06044194816773739, team(user_403_snacks, cheesy_bean_rice_burrito)
neg, 0.06044194816773739, team(user_276_brunch, peekaboo_sugar)
neg, 0.06044194816773739, team(user_292_brunch, honey_vanilla_almond_cake)
neg, 0.06044194816773739, team(user_417_snacks, deviled_egg_salad)
neg, 0.06044194816773739, team(user_74_brunch, crunchy_taco)
neg, 0.06044194816773739, team(user_64_lunch, my_scotch_eggs)
neg, 0.06044194816773739, team(user_60_snacks, bacon_candy)
neg, 0.06044194816773739, team(user_217_breakfast, soft_taco_beef)
neg, 0.06044194816773739, team(user_297_breakfast, chocolate_peanut_butter)
neg, 0.06044194816773739, team(user_251_lunch, dinosaur_inspired_by_mikeasaurus)
neg, 0.06044194816773739, team(user_312_breakfast, german_rhubarb_cake_with_meringue_topping_omas_rhabarberkuchen_mit_baiser)
neg, 0.06044194816773739, team(user_468_snacks, 2_ingredient_avocado_egg_salad)
neg, 0.06044194816773739, team(user_283_brunch, 2_ingredient_avocado_egg_salad)
neg, 0.06044194816773739, team(user_11_lunch, apple_pie)
neg, 0.06044194816773739, team(user_189_breakfast, quesadilla_copycat)
neg, 0.06044194816773739, team(user_422_lunch, mini_egg_pie)
neg, 0.06044194816773739, team(user_226_lunch, apple_pie)
neg, 0.06044194816773739, team(user_468_snacks, hot_tea)
neg, 0.06044194816773739, team(user_59_snacks, eggs_and_bacon_the_perfect_quick_paleo_meal)
neg, 0.06044194816773739, team(user_56_lunch, apple_pie)
neg, 0.06044194816773739, team(user_60_snacks, breakfast_burrito)
neg, 0.06044194816773739, team(user_256_brunch, deviled_egg_salad)
neg, 0.06044194816773739, team(user_343_snacks, bacon_candy)
neg, 0.06044194816773739, team(user_5_breakfast, deviled_eggs_with_smoked_salmon_and_capers)
neg, 0.06044194816773739, team(user_158_snacks, nacho_bell_grande_beef)
neg, 0.06044194816773739, team(user_441_snacks, bean_burrito_copycat)
neg, 0.06044194816773739, team(user_60_snacks, pumpkin_soup)
neg, 0.06044194816773739, team(user_450_snacks, maple_oatmeal)
neg, 0.06044194816773739, team(user_289_snacks, egg_drop_chicken_noodle_soup)
neg, 0.06044194816773739, team(user_159_lunch, cadbury_creme_egg_rolls)
neg, 0.06044194816773739, team(user_347_lunch, mcdonalds_bacon_ranch_mccrispy)
neg, 0.06044194816773739, team(user_184_snacks, quarter_pounder)
neg, 0.06044194816773739, team(user_226_lunch, peekaboo_sugar_eggs)
neg, 0.06044194816773739, team(user_60_snacks, bean_burrito_copycat)
neg, 0.06044194816773739, team(user_64_lunch, caramel_nut_tart)
neg, 0.06044194816773739, team(user_203_brunch, peekaboo_sugar)
neg, 0.06044194816773739, team(user_451_lunch, german_rhubarb_cake_with_meringue_topping_omas_rhabarberkuchen_mit_baiser)
neg, 0.06044194816773739, team(user_329_snacks, bunny_egg_salad)
neg, 0.06044194816773739, team(user_59_snacks, egg_in_an_avocado_hole)
neg, 0.06044194816773739, team(user_220_breakfast, deviled_egg_salad)
neg, 0.06044194816773739, team(user_60_snacks, cheesy_gordita_crunch_copycat)
neg, 0.06044194816773739, team(user_435_lunch, honey_vanilla_almond_cake)
neg, 0.06044194816773739, team(user_478_lunch, honey_vanilla_almond_cake)
neg, 0.06044194816773739, team(user_14_lunch, how_to_make_chinese_egg_tarts)
neg, 0.06044194816773739, team(user_31_lunch, peekaboo_sugar)
neg, 0.06044194816773739, team(user_184_snacks, honey_vanilla_almond_cake)
neg, 0.06044194816773739, team(user_241_brunch, crunchy_taco)
neg, 0.06044194816773739, team(user_215_dinner, caramel_nut_tart)
neg, 0.06044194816773739, team(user_336_breakfast, deviled_egg_salad)
neg, 0.06044194816773739, team(user_423_brunch, chocolate_peanut_butter)
neg, 0.06044194816773739, team(user_486_lunch, my_scotch_eggs)
neg, 0.06044194816773739, team(user_360_lunch, bacon_candy)
neg, 0.06044194816773739, team(user_32_brunch, quarter_pounder)
neg, 0.06044194816773739, team(user_312_breakfast, mcdonalds_bacon_ranch_mccrispy)
neg, 0.06044194816773739, team(user_410_snacks, caramel_nut_tart)
neg, 0.06044194816773739, team(user_319_dinner, honey_vanilla_almond_cake)
neg, 0.06044194816773739, team(user_2_snacks, bunny_egg_salad)
neg, 0.06044194816773739, team(user_217_breakfast, apple_pie)
neg, 0.06044194816773739, team(user_184_snacks, how_to_make_egg_omelettes)
neg, 0.06044194816773739, team(user_162_dinner, peekaboo_sugar_eggs)
neg, 0.06044194816773739, team(user_410_snacks, quarter_pounder)
neg, 0.06044194816773739, team(user_367_breakfast, baklava)
neg, 0.06044194816773739, team(user_478_lunch, cheesy_gordita_crunch_copycat)
neg, 0.06044194816773739, team(user_119_brunch, dinosaur_inspired_by_mikeasaurus)
neg, 0.06044194816773739, team(user_336_breakfast, how_to_make_egg_salad)
neg, 0.06044194816773739, team(user_291_snacks, egg_mcmuffin)
neg, 0.06044194816773739, team(user_64_lunch, lite_fried_okra)
neg, 0.06044194816773739, team(user_202_brunch, 2_ingredient_avocado_egg_salad)
neg, 0.06044194816773739, team(user_417_snacks, bacon_asparagus_and_egg_bake)
neg, 0.06044194816773739, team(user_166_snacks, bacon_candy)
neg, 0.06044194816773739, team(user_59_snacks, mcdonalds_bacon_ranch_mccrispy)
neg, 0.06044194816773739, team(user_302_lunch, mini_egg_pie)
neg, 0.06044194816773739, team(user_298_lunch, apple_pie)
neg, 0.06044194816773739, team(user_468_snacks, bakedfriedpan_fried_scotch_egg)
neg, 0.06044194816773739, team(user_431_brunch, soft_taco_beef)
neg, 0.06044194816773739, team(user_2_snacks, blt_quarter_punder)
neg, 0.06044194816773739, team(user_184_snacks, pumpkin_soup)
neg, 0.06044194816773739, team(user_475_snacks, soft_taco_beef)
neg, 0.06044194816773739, team(user_77_brunch, how_to_make_chinese_egg_tarts)
neg, 0.06044194816773739, team(user_213_brunch, how_to_make_egg_salad)
neg, 0.06044194816773739, team(user_97_breakfast, soft_taco_beef)
neg, 0.06044194816773739, team(user_35_breakfast, egg_drop_chicken_noodle_soup)
neg, 0.06044194816773739, team(user_254_breakfast, honey_vanilla_almond_cake)
neg, 0.06044194816773739, team(user_8_lunch, german_rhubarb_cake_with_meringue_topping_omas_rhabarberkuchen_mit_baiser)
neg, 0.06044194816773739, team(user_422_lunch, peekaboo_sugar_eggs)
neg, 0.06044194816773739, team(user_271_lunch, honey_vanilla_almond_cake)
neg, 0.06044194816773739, team(user_468_snacks, cheesy_bean_rice_burrito)
neg, 0.06044194816773739, team(user_403_snacks, egg_bundles)
neg, 0.06044194816773739, team(user_478_lunch, cheesy_bean_rice_burrito)
neg, 0.06044194816773739, team(user_74_brunch, cheesy_bean_rice_burrito)
neg, 0.06044194816773739, team(user_136_breakfast, how_to_make_chinese_egg_tarts)
neg, 0.06044194816773739, team(user_241_brunch, nacho_bell_grande_beef)
neg, 0.06044194816773739, team(user_156_snacks, my_scotch_eggs)
neg, 0.06044194816773739, team(user_441_snacks, veggie_power_bowl)
neg, 0.06044194816773739, team(user_297_breakfast, baklava)
neg, 0.06044194816773739, team(user_357_lunch, honey_vanilla_almond_cake)
neg, 0.06044194816773739, team(user_158_snacks, mcdonalds_bacon_ranch_mccrispy)
neg, 0.06044194816773739, team(user_427_brunch, crunchwrap_supreme_copycat)
neg, 0.06044194816773739, team(user_261_breakfast, bacon_candy)
neg, 0.06044194816773739, team(user_153_dinner, delicious_chocolate_bark_recipe)
neg, 0.06044194816773739, team(user_64_lunch, quesadilla_copycat)
neg, 0.06044194816773739, team(user_334_breakfast, peekaboo_sugar_eggs)
neg, 0.06044194816773739, team(user_475_snacks, bunny_egg_salad)
neg, 0.06044194816773739, team(user_422_lunch, apple_pie)
neg, 0.06044194816773739, team(user_97_breakfast, bean_burrito_copycat)
neg, 0.06044194816773739, team(user_403_snacks, nacho_bell_grande_beef)
neg, 0.06044194816773739, team(user_164_breakfast, dinosaur_inspired_by_mikeasaurus)
neg, 0.06044194816773739, team(user_264_snacks, 2_ingredient_avocado_egg_salad)
neg, 0.06044194816773739, team(user_238_snacks, cheesy_gordita_crunch_copycat)
neg, 0.06044194816773739, team(user_97_breakfast, mcdonalds_bacon_ranch_mccrispy)
neg, 0.06044194816773739, team(user_383_brunch, delicious_chocolate_bark_recipe)
neg, 0.06044194816773739, team(user_472_snacks, mcgriddle)
neg, 0.06044194816773739, team(user_15_brunch, crunchwrap_supreme_copycat)
neg, 0.06044194816773739, team(user_302_lunch, how_to_make_egg_salad)
neg, 0.06044194816773739, team(user_37_brunch, cheesy_gordita_crunch_copycat)
neg, 0.06044194816773739, team(user_97_breakfast, chocolate_peanut_butter)
neg, 0.06044194816773739, team(user_423_brunch, 2_ingredient_avocado_egg_salad)
neg, 0.06044194816773739, team(user_331_brunch, german_rhubarb_cake_with_meringue_topping_omas_rhabarberkuchen_mit_baiser)
neg, 0.06044194816773739, team(user_102_snacks, veggie_power_bowl)
neg, 0.06044194816773739, team(user_180_lunch, peekaboo_sugar_eggs)
neg, 0.06044194816773739, team(user_35_breakfast, blt_quarter_punder)
neg, 0.06044194816773739, team(user_215_dinner, delicious_chocolate_bark_recipe)
neg, 0.06044194816773739, team(user_383_brunch, mini_egg_pie)
neg, 0.06044194816773739, team(user_60_snacks, peekaboo_sugar)
neg, 0.06044194816773739, team(user_360_lunch, delicious_chocolate_bark_recipe)
neg, 0.06044194816773739, team(user_283_brunch, big_mac)
neg, 0.06044194816773739, team(user_213_brunch, egg_drop_chicken_noodle_soup)
neg, 0.06044194816773739, team(user_74_brunch, peekaboo_sugar)
neg, 0.06044194816773739, team(user_158_snacks, bunny_egg_salad)
neg, 0.06044194816773739, team(user_138_brunch, chocolate_peanut_butter)
neg, 0.06044194816773739, team(user_240_breakfast, black_bean_chalupa_copycat)
neg, 0.06044194816773739, team(user_184_snacks, maple_oatmeal)
neg, 0.06044194816773739, team(user_159_lunch, mcdonalds_bacon_ranch_mccrispy)
neg, 0.06044194816773739, team(user_35_breakfast, pumpkin_soup)
neg, 0.06044194816773739, team(user_478_lunch, supremely_spicy_scrambled_eggs)
neg, 0.06044194816773739, team(user_343_snacks, how_to_make_egg_salad)
neg, 0.06044194816773739, team(user_156_snacks, bacon_and_egg_pie)
neg, 0.06044194816773739, team(user_241_brunch, how_to_make_chinese_egg_tarts)
neg, 0.06044194816773739, team(user_296_lunch, cadbury_creme_egg_rolls)
neg, 0.06044194816773739, team(user_468_snacks, cola)
neg, 0.06044194816773739, team(user_59_snacks, bunny_egg_salad)
neg, 0.06044194816773739, team(user_301_snacks, maple_oatmeal)
neg, 0.06044194816773739, team(user_343_snacks, cheesy_bean_rice_burrito)
neg, 0.06044194816773739, team(user_241_brunch, lite_fried_okra)
neg, 0.06044194816773739, team(user_202_brunch, dinosaur_inspired_by_mikeasaurus)
neg, 0.06044194816773739, team(user_220_breakfast, honey_vanilla_almond_cake)
neg, 0.06044194816773739, team(user_59_snacks, quarter_pounder)
neg, 0.06044194816773739, team(user_441_snacks, german_rhubarb_cake_with_meringue_topping_omas_rhabarberkuchen_mit_baiser)
neg, 0.06044194816773739, team(user_131_snacks, bakedfriedpan_fried_scotch_egg)
neg, 0.06044194816773739, team(user_45_breakfast, deviled_eggs_with_smoked_salmon_and_capers)
neg, 0.06044194816773739, team(user_168_brunch, bunny_egg_salad)
neg, 0.06044194816773739, team(user_159_lunch, big_mac)
neg, 0.06044194816773739, team(user_114_snacks, deviled_egg_salad)
neg, 0.06044194816773739, team(user_83_lunch, delicious_chocolate_bark_recipe)
neg, 0.06044194816773739, team(user_432_brunch, deviled_egg_salad)
neg, 0.06044194816773739, team(user_450_snacks, egg_filled_bread_roll)
neg, 0.06044194816773739, team(user_423_brunch, how_to_make_egg_salad)
neg, 0.06044194816773739, team(user_164_breakfast, apple_pie)
neg, 0.06044194816773739, team(user_166_snacks, eggs_and_bacon_the_perfect_quick_paleo_meal)
neg, 0.06044194816773739, team(user_152_snacks, 2_ingredient_avocado_egg_salad)
neg, 0.06044194816773739, team(user_178_brunch, bunny_egg_salad)
neg, 0.06044194816773739, team(user_170_breakfast, delicious_chocolate_bark_recipe)
neg, 0.06044194816773739, team(user_478_lunch, mcdonalds_bacon_ranch_mccrispy)
neg, 0.06044194816773739, team(user_301_snacks, quarter_pounder)
neg, 0.06044194816773739, team(user_114_snacks, 2_ingredient_avocado_egg_salad)
neg, 0.06044194816773739, team(user_37_brunch, caramel_nut_tart)
neg, 0.06044194816773739, team(user_241_brunch, deviled_eggs_with_smoked_salmon_and_capers)
neg, 0.06044194816773739, team(user_226_lunch, how_to_make_chinese_egg_tarts)
neg, 0.06044194816773739, team(user_114_snacks, deviled_eggs_with_smoked_salmon_and_capers)
neg, 0.06044194816773739, team(user_478_lunch, dinosaur_inspired_by_mikeasaurus)
neg, 0.06044194816773739, team(user_241_brunch, bean_burrito_copycat)
neg, 0.06044194816773739, team(user_261_breakfast, peekaboo_sugar)
neg, 0.06044194816773739, team(user_220_breakfast, german_rhubarb_cake_with_meringue_topping_omas_rhabarberkuchen_mit_baiser)
neg, 0.06044194816773739, team(user_314_snacks, supremely_spicy_scrambled_eggs)
neg, 0.06044194816773739, team(user_17_brunch, german_rhubarb_cake_with_meringue_topping_omas_rhabarberkuchen_mit_baiser)
neg, 0.06044194816773739, team(user_441_snacks, maple_oatmeal)
neg, 0.06044194816773739, team(user_427_brunch, chocolate_peanut_butter)
neg, 0.06044194816773739, team(user_131_snacks, cheesy_bean_rice_burrito)
neg, 0.06044194816773739, team(user_417_snacks, nacho_bell_grande_beef)
neg, 0.06044194816773739, team(user_17_brunch, chocolate_peanut_butter)
neg, 0.06044194816773739, team(user_334_breakfast, 2_ingredient_avocado_egg_salad)
neg, 0.06044194816773739, team(user_30_breakfast, bacon_candy)
neg, 0.06044194816773739, team(user_102_snacks, bunny_egg_salad)
neg, 0.06044194816773739, team(user_71_lunch, cadbury_creme_egg_rolls)
neg, 0.06044194816773739, team(user_11_lunch, how_to_make_chinese_egg_tarts)
neg, 0.06044194816773739, team(user_152_snacks, bunny_egg_salad)
neg, 0.06044194816773739, team(user_119_brunch, caramel_nut_tart)
neg, 0.06044194816773739, team(user_184_snacks, egg_in_an_avocado_hole)
neg, 0.06044194816773739, team(user_314_snacks, egg_filled_bread_roll)
neg, 0.06044194816773739, team(user_343_snacks, supremely_spicy_scrambled_eggs)
neg, 0.06044194816773739, team(user_202_brunch, peekaboo_sugar)
neg, 0.06044194816773739, team(user_371_brunch, peekaboo_sugar_eggs)
neg, 0.06044194816773739, team(user_475_snacks, almond_milk)
neg, 0.06044194816773739, team(user_217_breakfast, cadbury_creme_egg_rolls)
neg, 0.06044194816773739, team(user_131_snacks, how_to_make_egg_salad)
neg, 0.06044194816773739, team(user_217_breakfast, quarter_pounder)
neg, 0.06044194816773739, team(user_462_breakfast, apple_pie)
neg, 0.06044194816773739, team(user_208_breakfast, cheesy_gordita_crunch_copycat)
neg, 0.06044194816773739, team(user_64_lunch, egg_bundles)
neg, 0.06044194816773739, team(user_475_snacks, lite_fried_okra)
neg, 0.06044194816773739, team(user_427_brunch, cheesy_gordita_crunch_copycat)
neg, 0.06044194816773739, team(user_441_snacks, mcgriddle)
neg, 0.06044194816773739, team(user_56_lunch, how_to_make_chinese_egg_tarts)
neg, 0.06044194816773739, team(user_165_snacks, how_to_make_egg_omelettes)
neg, 0.06044194816773739, team(user_478_lunch, bakedfriedpan_fried_scotch_egg)
neg, 0.06044194816773739, team(user_283_brunch, deviled_egg_salad)
neg, 0.06044194816773739, team(user_415_dinner, peekaboo_sugar)
neg, 0.06044194816773739, team(user_82_snacks, pepsi)
neg, 0.06044194816773739, team(user_104_brunch, veggie_power_bowl)
neg, 0.06044194816773739, team(user_159_lunch, egg_mcmuffin)
neg, 0.06044194816773739, team(user_302_lunch, 2_ingredient_avocado_egg_salad)
neg, 0.06044194816773739, team(user_291_snacks, my_scotch_eggs)
neg, 0.06044194816773739, team(user_82_snacks, tea)
neg, 0.06044194816773739, team(user_374_breakfast, honey_vanilla_almond_cake)
neg, 0.06044194816773739, team(user_472_snacks, cheesy_bean_rice_burrito)
neg, 0.06044194816773739, team(user_59_snacks, egg_filled_bread_roll)
neg, 0.06044194816773739, team(user_82_snacks, maple_oatmeal)
neg, 0.06044194816773739, team(user_403_snacks, egg_mcmuffin)
neg, 0.06044194816773739, team(user_166_snacks, 2_ingredient_avocado_egg_salad)
neg, 0.06044194816773739, team(user_251_lunch, big_mac)
neg, 0.06044194816773739, team(user_158_snacks, deviled_egg_salad)
neg, 0.06044194816773739, team(user_468_snacks, lite_fried_okra)
neg, 0.06044194816773739, team(user_423_brunch, apple_pie)
neg, 0.06044194816773739, team(user_184_snacks, nacho_bell_grande_beef)
neg, 0.06044194816773739, team(user_403_snacks, deviled_egg_salad)
neg, 0.06044194816773739, team(user_131_snacks, breakfast_burrito)
neg, 0.06044194816773739, team(user_166_snacks, quarter_pounder)
neg, 0.06044194816773739, team(user_114_snacks, nacho_bell_grande_beef)
neg, 0.06044194816773739, team(user_486_lunch, big_mac)
neg, 0.06044194816773739, team(user_170_breakfast, mcdonalds_bacon_ranch_mccrispy)
neg, 0.06044194816773739, team(user_312_breakfast, peekaboo_sugar_eggs)
neg, 0.06044194816773739, team(user_198_brunch, honey_vanilla_almond_cake)
neg, 0.06044194816773739, team(user_276_brunch, nacho_bell_grande_beef)
neg, 0.06044194816773739, team(user_438_snacks, how_to_make_egg_salad)
neg, 0.06044194816773739, team(user_166_snacks, crunchy_taco)
neg, 0.06044194816773739, team(user_431_brunch, delicious_chocolate_bark_recipe)
neg, 0.06044194816773739, team(user_82_snacks, almond_milk)
neg, 0.06044194816773739, team(user_367_breakfast, cheesy_gordita_crunch_copycat)
neg, 0.06044194816773739, team(user_152_snacks, soft_taco_beef)
neg, 0.06044194816773739, team(user_77_brunch, chocolate_peanut_butter)
neg, 0.06044194816773739, team(user_291_snacks, crunchy_taco)
neg, 0.06044194816773739, team(user_241_brunch, big_mac)
neg, 0.06044194816773739, team(user_60_snacks, blt_quarter_punder)
neg, 0.06044194816773739, team(user_390_dinner, baklava)
neg, 0.06044194816773739, team(user_158_snacks, egg_in_an_avocado_hole)
neg, 0.06044194816773739, team(user_212_brunch, 2_ingredient_avocado_egg_salad)
neg, 0.06044194816773739, team(user_37_brunch, baklava)
neg, 0.06044194816773739, team(user_166_snacks, egg_in_an_avocado_hole)
neg, 0.06044194816773739, team(user_301_snacks, 2_ingredient_avocado_egg_salad)
neg, 0.06044194816773739, team(user_64_lunch, mcgriddle)
neg, 0.06044194816773739, team(user_317_lunch, apple_pie)
neg, 0.06044194816773739, team(user_104_brunch, apple_pie)
neg, 0.06044194816773739, team(user_251_lunch, how_to_make_chinese_egg_tarts)
neg, 0.06044194816773739, team(user_312_breakfast, crunchwrap_supreme_copycat)
neg, 0.06044194816773739, team(user_475_snacks, how_to_make_egg_salad)
neg, 0.06044194816773739, team(user_203_brunch, german_rhubarb_cake_with_meringue_topping_omas_rhabarberkuchen_mit_baiser)
neg, 0.06044194816773739, team(user_317_lunch, bacon_candy)
neg, 0.06044194816773739, team(user_468_snacks, deviled_egg_salad)
neg, 0.06044194816773739, team(user_57_snacks, sprite)
neg, 0.06044194816773739, team(user_403_snacks, bakedfriedpan_fried_scotch_egg)
neg, 0.06044194816773739, team(user_331_brunch, deviled_eggs_with_smoked_salmon_and_capers)
neg, 0.06044194816773739, team(user_30_breakfast, german_rhubarb_cake_with_meringue_topping_omas_rhabarberkuchen_mit_baiser)
neg, 0.06044194816773739, team(user_334_breakfast, honey_vanilla_almond_cake)
neg, 0.06044194816773739, team(user_60_snacks, crunchwrap_supreme_copycat)
neg, 0.06044194816773739, team(user_289_snacks, veggie_power_bowl)
neg, 0.06044194816773739, team(user_297_breakfast, bunny_egg_salad)
neg, 0.06044194816773739, team(user_371_brunch, nacho_bell_grande_beef)
neg, 0.06044194816773739, team(user_127_brunch, bacon_candy)
neg, 0.06044194816773739, team(user_178_brunch, egg_drop_chicken_noodle_soup)
neg, 0.06044194816773739, team(user_30_breakfast, how_to_make_egg_salad)
neg, 0.06044194816773739, team(user_224_breakfast, dinosaur_inspired_by_mikeasaurus)
neg, 0.06044194816773739, team(user_152_snacks, how_to_make_egg_salad)
neg, 0.06044194816773739, team(user_312_breakfast, dinosaur_inspired_by_mikeasaurus)
neg, 0.06044194816773739, team(user_126_brunch, apple_pie)
neg, 0.06044194816773739, team(user_297_breakfast, dinosaur_inspired_by_mikeasaurus)
neg, 0.06044194816773739, team(user_468_snacks, nacho_bell_grande_beef)
neg, 0.06044194816773739, team(user_289_snacks, lite_fried_okra)
neg, 0.06044194816773739, team(user_370_brunch, 2_ingredient_avocado_egg_salad)
neg, 0.06044194816773739, team(user_234_lunch, baklava)
neg, 0.06044194816773739, team(user_478_lunch, big_mac)
neg, 0.06044194816773739, team(user_259_lunch, peekaboo_sugar)
neg, 0.06044194816773739, team(user_283_brunch, cheesy_bean_rice_burrito)
neg, 0.06044194816773739, team(user_2_snacks, mcgriddle)
neg, 0.06044194816773739, team(user_164_breakfast, german_rhubarb_cake_with_meringue_topping_omas_rhabarberkuchen_mit_baiser)
neg, 0.06044194816773739, team(user_168_brunch, 2_ingredient_avocado_egg_salad)
neg, 0.06044194816773739, team(user_292_brunch, cheesy_gordita_crunch_copycat)
neg, 0.06044194816773739, team(user_164_breakfast, baklava)
neg, 0.06044194816773739, team(user_253_dinner, mini_egg_pie)
neg, 0.06044194816773739, team(user_264_snacks, blt_quarter_punder)
neg, 0.06044194816773739, team(user_297_breakfast, deviled_eggs_with_smoked_salmon_and_capers)
neg, 0.06044194816773739, team(user_374_breakfast, dinosaur_inspired_by_mikeasaurus)
neg, 0.06044194816773739, team(user_170_breakfast, soft_taco_beef)
neg, 0.06044194816773739, team(user_264_snacks, egg_in_an_avocado_hole)
neg, 0.06044194816773739, team(user_292_brunch, crunchwrap_supreme_copycat)
neg, 0.06044194816773739, team(user_292_brunch, apple_pie)
neg, 0.06044194816773739, team(user_131_snacks, blt_quarter_punder)
neg, 0.06044194816773739, team(user_136_breakfast, mcdonalds_bacon_ranch_mccrispy)
neg, 0.06044194816773739, team(user_35_breakfast, cadbury_creme_egg_rolls)
neg, 0.06044194816773739, team(user_208_breakfast, crunchy_taco)
neg, 0.06044194816773739, team(user_11_lunch, baklava)
neg, 0.06044194816773739, team(user_131_snacks, egg_bundles)
neg, 0.06044194816773739, team(user_329_snacks, crunchwrap_supreme_copycat)
neg, 0.06044194816773739, team(user_97_breakfast, crunchwrap_supreme_copycat)
neg, 0.06044194816773739, team(user_472_snacks, bean_burrito_copycat)
neg, 0.06044194816773739, team(user_202_brunch, how_to_make_egg_salad)
neg, 0.06044194816773739, team(user_347_lunch, egg_filled_bread_roll)
neg, 0.06044194816773739, team(user_16_brunch, peekaboo_sugar_eggs)
neg, 0.06044194816773739, team(user_114_snacks, quesadilla_copycat)
neg, 0.06044194816773739, team(user_104_brunch, cadbury_creme_egg_rolls)
neg, 0.06044194816773739, team(user_361_dinner, peekaboo_sugar)
neg, 0.06044194816773739, team(user_468_snacks, egg_bundles)
neg, 0.06044194816773739, team(user_156_snacks, egg_drop_chicken_noodle_soup)
neg, 0.06044194816773739, team(user_159_lunch, egg_in_an_avocado_hole)
neg, 0.06044194816773739, team(user_450_snacks, cranberry_juice)
neg, 0.06044194816773739, team(user_264_snacks, how_to_make_egg_salad)
neg, 0.06044194816773739, team(user_289_snacks, bakedfriedpan_fried_scotch_egg)
neg, 0.06044194816773739, team(user_432_brunch, crunchy_taco)
neg, 0.06044194816773739, team(user_431_brunch, egg_drop_chicken_noodle_soup)
neg, 0.06044194816773739, team(user_74_brunch, honey_vanilla_almond_cake)
neg, 0.06044194816773739, team(user_331_brunch, honey_vanilla_almond_cake)
neg, 0.06044194816773739, team(user_403_snacks, blt_quarter_punder)
neg, 0.06044194816773739, team(user_468_snacks, egg_mcmuffin)
neg, 0.06044194816773739, team(user_153_dinner, baklava)
neg, 0.06044194816773739, team(user_343_snacks, bacon_and_egg_pie)
neg, 0.06044194816773739, team(user_301_snacks, bunny_egg_salad)
neg, 0.06044194816773739, team(user_312_breakfast, pumpkin_soup)
neg, 0.06044194816773739, team(user_2_snacks, apple_pie)
neg, 0.06044194816773739, team(user_478_lunch, bean_burrito_copycat)
neg, 0.06044194816773739, team(user_45_breakfast, mini_egg_pie)
neg, 0.06044194816773739, team(user_486_lunch, german_rhubarb_cake_with_meringue_topping_omas_rhabarberkuchen_mit_baiser)
neg, 0.06044194816773739, team(user_485_lunch, chocolate_peanut_butter)
neg, 0.06044194816773739, team(user_60_snacks, egg_mcmuffin)
neg, 0.06044194816773739, team(user_64_lunch, bakedfriedpan_fried_scotch_egg)
neg, 0.06044194816773739, team(user_485_lunch, how_to_make_chinese_egg_tarts)
neg, 0.06044194816773739, team(user_472_snacks, blt_quarter_punder)
neg, 0.06044194816773739, team(user_5_breakfast, chocolate_peanut_butter)
neg, 0.06044194816773739, team(user_432_brunch, apple_pie)
neg, 0.06044194816773739, team(user_184_snacks, peekaboo_sugar_eggs)
neg, 0.06044194816773739, team(user_297_breakfast, lite_fried_okra)
neg, 0.06044194816773739, team(user_468_snacks, breakfast_burrito)
neg, 0.06044194816773739, team(user_152_snacks, my_scotch_eggs)
neg, 0.06044194816773739, team(user_32_brunch, german_rhubarb_cake_with_meringue_topping_omas_rhabarberkuchen_mit_baiser)
neg, 0.06044194816773739, team(user_347_lunch, dinosaur_inspired_by_mikeasaurus)
neg, 0.06044194816773739, team(user_208_breakfast, cadbury_creme_egg_rolls)
neg, 0.06044194816773739, team(user_159_lunch, apple_pie)
neg, 0.06044194816773739, team(user_403_snacks, chocolate_peanut_butter)
neg, 0.06044194816773739, team(user_312_breakfast, crunchy_taco)
neg, 0.06044194816773739, team(user_251_lunch, mcdonalds_bacon_ranch_mccrispy)
neg, 0.06044194816773739, team(user_60_snacks, baklava)
neg, 0.06044194816773739, team(user_271_lunch, deviled_eggs_with_smoked_salmon_and_capers)
neg, 0.06044194816773739, team(user_357_lunch, deviled_eggs_with_smoked_salmon_and_capers)
neg, 0.06044194816773739, team(user_441_snacks, lite_fried_okra)
neg, 0.06044194816773739, team(user_212_brunch, bacon_candy)
neg, 0.06044194816773739, team(user_168_brunch, baklava)
neg, 0.06044194816773739, team(user_403_snacks, bunny_egg_salad)
neg, 0.06044194816773739, team(user_2_snacks, peekaboo_sugar_eggs)
neg, 0.06044194816773739, team(user_102_snacks, egg_drop_chicken_noodle_soup)
neg, 0.06044194816773739, team(user_77_brunch, peekaboo_sugar)
neg, 0.06044194816773739, team(user_450_snacks, iced_tea)
neg, 0.06044194816773739, team(user_164_breakfast, deviled_egg_salad)
neg, 0.06044194816773739, team(user_261_breakfast, caramel_nut_tart)
neg, 0.06044194816773739, team(user_131_snacks, egg_filled_bread_roll)
neg, 0.06044194816773739, team(user_57_snacks, milk)
neg, 0.06044194816773739, team(user_343_snacks, maple_oatmeal)
neg, 0.06044194816773739, team(user_97_breakfast, peekaboo_sugar)
neg, 0.06044194816773739, team(user_119_brunch, deviled_egg_salad)
neg, 0.06044194816773739, team(user_77_brunch, cadbury_creme_egg_rolls)
neg, 0.06044194816773739, team(user_450_snacks, quesadilla_copycat)
neg, 0.06044194816773739, team(user_450_snacks, coffee)
neg, 0.06044194816773739, team(user_234_lunch, delicious_chocolate_bark_recipe)
neg, 0.06044194816773739, team(user_64_lunch, peekaboo_sugar_eggs)
neg, 0.06044194816773739, team(user_259_lunch, peekaboo_sugar_eggs)
neg, 0.06044194816773739, team(user_492_dinner, honey_vanilla_almond_cake)
neg, 0.06044194816773739, team(user_165_snacks, maple_oatmeal)
neg, 0.06044194816773739, team(user_189_breakfast, pumpkin_soup)
neg, 0.06044194816773739, team(user_423_brunch, dinosaur_inspired_by_mikeasaurus)
neg, 0.06044194816773739, team(user_184_snacks, mini_egg_pie)
neg, 0.06044194816773739, team(user_478_lunch, my_scotch_eggs)
neg, 0.06044194816773739, team(user_360_lunch, peekaboo_sugar_eggs)
neg, 0.06044194816773739, team(user_410_snacks, bunny_egg_salad)
neg, 0.06044194816773739, team(user_208_breakfast, crunchwrap_supreme_copycat)
neg, 0.06044194816773739, team(user_60_snacks, honey_vanilla_almond_cake)
neg, 0.06044194816773739, team(user_253_dinner, german_rhubarb_cake_with_meringue_topping_omas_rhabarberkuchen_mit_baiser)
neg, 0.06044194816773739, team(user_32_brunch, nacho_bell_grande_beef)
neg, 0.06044194816773739, team(user_198_brunch, soft_taco_beef)
neg, 0.06044194816773739, team(user_220_breakfast, dinosaur_inspired_by_mikeasaurus)
neg, 0.06044194816773739, team(user_196_lunch, peekaboo_sugar_eggs)
neg, 0.06044194816773739, team(user_32_brunch, big_mac)
neg, 0.06044194816773739, team(user_468_snacks, quesadilla_copycat)
neg, 0.06044194816773739, team(user_2_snacks, egg_filled_bread_roll)
neg, 0.06044194816773739, team(user_158_snacks, egg_mcmuffin)
neg, 0.06044194816773739, team(user_450_snacks, soft_taco_beef)
neg, 0.06044194816773739, team(user_8_lunch, cadbury_creme_egg_rolls)
neg, 0.06044194816773739, team(user_468_snacks, blt_quarter_punder)
neg, 0.06044194816773739, team(user_478_lunch, crunchy_taco)
neg, 0.06044194816773739, team(user_410_snacks, how_to_make_egg_omelettes)
neg, 0.06044194816773739, team(user_8_lunch, lite_fried_okra)
neg, 0.06044194816773739, team(user_35_breakfast, peekaboo_sugar_eggs)
neg, 0.06044194816773739, team(user_208_breakfast, soft_taco_beef)
neg, 0.06044194816773739, team(user_367_breakfast, honey_vanilla_almond_cake)
neg, 0.06044194816773739, team(user_475_snacks, apple_juice)
neg, 0.06044194816773739, team(user_17_brunch, honey_vanilla_almond_cake)
neg, 0.06044194816773739, team(user_291_snacks, crunchwrap_supreme_copycat)
neg, 0.06044194816773739, team(user_475_snacks, green_tea)
neg, 0.06044194816773739, team(user_291_snacks, breakfast_burrito)
neg, 0.06044194816773739, team(user_312_breakfast, bacon_candy)
neg, 0.06044194816773739, team(user_152_snacks, big_mac)
neg, 0.06044194816773739, team(user_253_dinner, how_to_make_chinese_egg_tarts)
neg, 0.06044194816773739, team(user_32_brunch, quesadilla_copycat)
neg, 0.06044194816773739, team(user_417_snacks, orange_juice)
neg, 0.06044194816773739, team(user_410_snacks, crunchwrap_supreme_copycat)
neg, 0.06044194816773739, team(user_156_snacks, cheesy_bean_rice_burrito)
neg, 0.06044194816773739, team(user_178_brunch, cheesy_gordita_crunch_copycat)
neg, 0.06044194816773739, team(user_451_lunch, peekaboo_sugar)
neg, 0.06044194816773739, team(user_45_breakfast, 2_ingredient_avocado_egg_salad)
neg, 0.06044194816773739, team(user_37_brunch, peekaboo_sugar_eggs)
neg, 0.06044194816773739, team(user_60_snacks, bakedfriedpan_fried_scotch_egg)
neg, 0.06044194816773739, team(user_97_breakfast, big_mac)
neg, 0.06044194816773739, team(user_8_lunch, baklava)
neg, 0.06044194816773739, team(user_450_snacks, bean_burrito_copycat)
neg, 0.06044194816773739, team(user_374_breakfast, bunny_egg_salad)
neg, 0.06044194816773739, team(user_377_brunch, caramel_nut_tart)
neg, 0.06044194816773739, team(user_283_brunch, bunny_egg_salad)
neg, 0.06044194816773739, team(user_403_snacks, supremely_spicy_scrambled_eggs)
neg, 0.06044194816773739, team(user_74_brunch, apple_pie)
neg, 0.06044194816773739, team(user_438_snacks, bacon_and_egg_pie)
neg, 0.06044194816773739, team(user_64_lunch, how_to_make_egg_omelettes)
neg, 0.06044194816773739, team(user_418_breakfast, deviled_eggs_with_smoked_salmon_and_capers)
neg, 0.06044194816773739, team(user_164_breakfast, mini_egg_pie)
neg, 0.06044194816773739, team(user_276_brunch, soft_taco_beef)
neg, 0.06044194816773739, team(user_2_snacks, nacho_bell_grande_beef)
neg, 0.06044194816773739, team(user_57_snacks, bunny_egg_salad)
neg, 0.06044194816773739, team(user_213_brunch, mcdonalds_bacon_ranch_mccrispy)
neg, 0.06044194816773739, team(user_136_breakfast, cheesy_gordita_crunch_copycat)
neg, 0.06044194816773739, team(user_17_brunch, quesadilla_copycat)
neg, 0.06044194816773739, team(user_170_breakfast, honey_vanilla_almond_cake)
neg, 0.06044194816773739, team(user_417_snacks, my_scotch_eggs)
neg, 0.06044194816773739, team(user_2_snacks, peekaboo_sugar)
neg, 0.06044194816773739, team(user_486_lunch, caramel_nut_tart)
neg, 0.06044194816773739, team(user_238_snacks, supremely_spicy_scrambled_eggs)
neg, 0.06044194816773739, team(user_478_lunch, quarter_pounder)
neg, 0.06044194816773739, team(user_159_lunch, how_to_make_chinese_egg_tarts)
neg, 0.06044194816773739, team(user_126_brunch, deviled_eggs_with_smoked_salmon_and_capers)
neg, 0.06044194816773739, team(user_418_breakfast, cadbury_creme_egg_rolls)
neg, 0.06044194816773739, team(user_475_snacks, breakfast_burrito)
neg, 0.06044194816773739, team(user_184_snacks, eggs_and_bacon_the_perfect_quick_paleo_meal)
neg, 0.06044194816773739, team(user_432_brunch, cheesy_bean_rice_burrito)
neg, 0.06044194816773739, team(user_371_brunch, apple_pie)
neg, 0.06044194816773739, team(user_251_lunch, egg_bundles)
neg, 0.06044194816773739, team(user_170_breakfast, black_bean_chalupa_copycat)
neg, 0.06044194816773739, team(user_165_snacks, black_bean_chalupa_copycat)
neg, 0.06044194816773739, team(user_356_breakfast, cadbury_creme_egg_rolls)
neg, 0.06044194816773739, team(user_254_breakfast, peekaboo_sugar)
neg, 0.06044194816773739, team(user_198_brunch, caramel_nut_tart)
neg, 0.06044194816773739, team(user_5_breakfast, caramel_nut_tart)
neg, 0.06044194816773739, team(user_162_dinner, chocolate_peanut_butter)
neg, 0.06044194816773739, team(user_486_lunch, crunchy_taco)
neg, 0.06044194816773739, team(user_295_snacks, egg_bundles)
neg, 0.06044194816773739, team(user_334_breakfast, caramel_nut_tart)
neg, 0.06044194816773739, team(user_312_breakfast, veggie_power_bowl)
neg, 0.06044194816773739, team(user_104_brunch, delicious_chocolate_bark_recipe)
neg, 0.06044194816773739, team(user_178_brunch, apple_pie)
neg, 0.06044194816773739, team(user_2_snacks, lite_fried_okra)
neg, 0.06044194816773739, team(user_198_brunch, baklava)
neg, 0.06044194816773739, team(user_475_snacks, ginger_ale)
neg, 0.06044194816773739, team(user_220_breakfast, lite_fried_okra)
neg, 0.06044194816773739, team(user_329_snacks, pumpkin_soup)

